user_id,journey_type,source_country,onboarding_channel,traveller_type,device,date,trip_days,onboarding_status,onboarding_duration_sec,kyc_verification_status,kyc_verification_duration_sec,wallet_funding_status,wallet_funding_duration_sec,payment_p2m_status,payment_p2m_duration_sec,authentication_status,authentication_duration_sec,exit_refund_status,exit_refund_duration_sec,final_outcome,drop_stage,drop_reason_category,drop_reason_detail,total_time_minutes,cohort_week,attempt_number,is_repeat,attempt_id
IN-00001,inbound,UK,Authorized Issuer App,Business Traveller,iOS,2026-05-15,7,drop_user_abandon,51.7,not_reached,,not_reached,,not_reached,,not_reached,,not_reached,,dropped,onboarding,user_abandon,Did not discover product before/during trip,51.7,2026-W20,1,False,IN-00001-A1
IN-00002,inbound,UAE,Authorized Issuer App,Tourist,iOS,2026-05-12,7,success,12.3,drop_business_decline,60.5,not_reached,,not_reached,,not_reached,,not_reached,,dropped,kyc_verification,business_decline,Visa-type not supported / manual review reject,72.8,2026-W20,1,False,IN-00002-A1
IN-00003,inbound,USA,Hotel Partner Onboarding,Student,Android,2026-07-02,3,success,24.9,drop_user_abandon,20.2,not_reached,,not_reached,,not_reached,,not_reached,,dropped,kyc_verification,user_abandon,Gave up after repeated scan failures,45.1,2026-W27,1,False,IN-00003-A1
IN-00004,inbound,USA,Airport Kiosk,Tourist,Android,2026-05-10,21,success,45.2,success,17.6,success,4.3,success,12.8,success,1.8,success,16.9,converted,,,,98.6,2026-W19,1,False,IN-00004-A1
IN-00005,inbound,Australia,Authorized Issuer App,Tourist,iOS,2026-07-25,7,success,18.8,success,17.0,success,10.6,success,4.5,success,6.4,success,51.6,converted,,,,108.9,2026-W30,1,False,IN-00005-A1
IN-00006,inbound,UAE,Authorized Issuer App,Tourist,iOS,2026-06-07,5,success,25.8,success,8.4,success,21.1,success,7.5,success,8.5,drop_business_decline,107.4,dropped,exit_refund,business_decline,FEMA refund rule required manual review,178.7,2026-W23,1,False,IN-00006-A1
IN-00007,inbound,USA,Airport Kiosk,Tourist,iOS,2026-05-18,5,success,35.0,drop_technical_fail,93.0,not_reached,,not_reached,,not_reached,,not_reached,,dropped,kyc_verification,technical_fail,Passport OCR failed to parse non-standard format,128.0,2026-W21,1,False,IN-00007-A1
IN-00008,inbound,Mauritius,Authorized Issuer App,NRI,Android,2026-07-26,3,drop_business_decline,25.1,not_reached,,not_reached,,not_reached,,not_reached,,not_reached,,dropped,onboarding,business_decline,Source country not in eligible pilot list,25.1,2026-W30,1,False,IN-00008-A1
IN-00009,inbound,Nepal,Authorized Issuer App,Tourist,iOS,2026-07-20,3,success,14.5,success,8.6,success,59.3,success,10.0,success,8.3,success,34.7,converted,,,,135.4,2026-W30,1,False,IN-00009-A1
IN-00010,inbound,Nepal,Airport Kiosk,NRI,Android,2026-07-29,5,success,28.0,success,72.9,success,46.0,success,2.0,success,4.4,success,56.7,converted,,,,210.0,2026-W31,1,False,IN-00010-A1
IN-00011,inbound,UK,Airport Kiosk,NRI,Android,2026-05-02,10,success,4.9,success,41.0,drop_business_decline,18.4,not_reached,,not_reached,,not_reached,,dropped,wallet_funding,business_decline,Funding source not permitted under PPI norms,64.3,2026-W18,1,False,IN-00011-A1
IN-00012,inbound,Bhutan,Airport Kiosk,Student,iOS,2026-06-03,5,drop_business_decline,49.9,not_reached,,not_reached,,not_reached,,not_reached,,not_reached,,dropped,onboarding,business_decline,Source country not in eligible pilot list,49.9,2026-W23,1,False,IN-00012-A1
IN-00013,inbound,UAE,Authorized Issuer App,Tourist,Android,2026-05-12,10,drop_user_abandon,67.6,not_reached,,not_reached,,not_reached,,not_reached,,not_reached,,dropped,onboarding,user_abandon,Did not discover product before/during trip,67.6,2026-W20,1,False,IN-00013-A1
IN-00014,inbound,Nepal,Airport Kiosk,Business Traveller,iOS,2026-07-09,5,success,31.9,success,12.4,success,47.8,success,9.7,success,9.5,success,12.4,converted,,,,123.7,2026-W28,1,False,IN-00014-A1
IN-00015,inbound,UAE,Authorized Issuer App,Tourist,Android,2026-06-23,5,success,18.0,success,67.8,success,18.0,success,7.0,success,31.1,success,9.8,converted,,,,151.7,2026-W26,1,False,IN-00015-A1
IN-00016,inbound,Bhutan,Airport Kiosk,NRI,iOS,2026-07-07,5,drop_user_abandon,22.9,not_reached,,not_reached,,not_reached,,not_reached,,not_reached,,dropped,onboarding,user_abandon,Did not discover product before/during trip,22.9,2026-W28,1,False,IN-00016-A1
IN-00017,inbound,UAE,Airport Kiosk,Tourist,Android,2026-06-02,14,success,42.7,success,21.4,drop_business_decline,3.7,not_reached,,not_reached,,not_reached,,dropped,wallet_funding,business_decline,Funding source not permitted under PPI norms,67.8,2026-W23,1,False,IN-00017-A1
IN-00018,inbound,UAE,Hotel Partner Onboarding,Tourist,Android,2026-06-21,7,success,10.6,success,12.9,success,44.7,success,11.8,success,9.1,success,41.5,converted,,,,130.6,2026-W25,1,False,IN-00018-A1
IN-00019,inbound,Bhutan,Hotel Partner Onboarding,Business Traveller,Android,2026-07-21,7,drop_technical_fail,21.4,not_reached,,not_reached,,not_reached,,not_reached,,not_reached,,dropped,onboarding,technical_fail,International OTP delivery failure,21.4,2026-W30,1,False,IN-00019-A1
IN-00020,inbound,Mauritius,Airport Kiosk,Tourist,iOS,2026-06-14,5,drop_technical_fail,95.8,not_reached,,not_reached,,not_reached,,not_reached,,not_reached,,dropped,onboarding,technical_fail,International OTP delivery failure,95.8,2026-W24,1,False,IN-00020-A1
IN-00021,inbound,UK,Airport Kiosk,Tourist,Android,2026-07-08,7,success,19.2,success,10.5,success,14.3,success,1.7,success,9.1,success,11.4,converted,,,,66.2,2026-W28,1,False,IN-00021-A1
IN-00022,inbound,UAE,Authorized Issuer App,Tourist,iOS,2026-06-30,3,success,14.7,drop_user_abandon,13.1,not_reached,,not_reached,,not_reached,,not_reached,,dropped,kyc_verification,user_abandon,Gave up after repeated scan failures,27.8,2026-W27,1,False,IN-00022-A1
IN-00023,inbound,Singapore,Authorized Issuer App,Business Traveller,iOS,2026-07-27,5,drop_business_decline,26.5,not_reached,,not_reached,,not_reached,,not_reached,,not_reached,,dropped,onboarding,business_decline,Source country not in eligible pilot list,26.5,2026-W31,1,False,IN-00023-A1
IN-00024,inbound,Australia,Authorized Issuer App,NRI,Android,2026-07-01,3,drop_user_abandon,33.8,not_reached,,not_reached,,not_reached,,not_reached,,not_reached,,dropped,onboarding,user_abandon,Did not discover product before/during trip,33.8,2026-W27,1,False,IN-00024-A1
IN-00025,inbound,UK,Airport Kiosk,Tourist,iOS,2026-06-17,21,success,47.0,success,9.1,success,23.2,success,8.8,success,7.0,success,34.8,converted,,,,129.9,2026-W25,1,False,IN-00025-A1
IN-00026,inbound,Sri Lanka,Airport Kiosk,Tourist,iOS,2026-07-09,7,drop_user_abandon,8.8,not_reached,,not_reached,,not_reached,,not_reached,,not_reached,,dropped,onboarding,user_abandon,Did not discover product before/during trip,8.8,2026-W28,1,False,IN-00026-A1
IN-00027,inbound,Australia,Hotel Partner Onboarding,Tourist,Android,2026-05-14,21,drop_user_abandon,28.1,not_reached,,not_reached,,not_reached,,not_reached,,not_reached,,dropped,onboarding,user_abandon,Did not discover product before/during trip,28.1,2026-W20,1,False,IN-00027-A1
IN-00028,inbound,Australia,Authorized Issuer App,NRI,iOS,2026-05-21,7,success,25.7,success,11.2,success,23.7,success,13.0,success,4.1,success,40.5,converted,,,,118.2,2026-W21,1,False,IN-00028-A1
IN-00029,inbound,Sri Lanka,Authorized Issuer App,Business Traveller,iOS,2026-07-09,10,drop_user_abandon,42.9,not_reached,,not_reached,,not_reached,,not_reached,,not_reached,,dropped,onboarding,user_abandon,Did not discover product before/during trip,42.9,2026-W28,1,False,IN-00029-A1
IN-00030,inbound,Mauritius,Hotel Partner Onboarding,NRI,Android,2026-06-06,5,drop_business_decline,11.6,not_reached,,not_reached,,not_reached,,not_reached,,not_reached,,dropped,onboarding,business_decline,Source country not in eligible pilot list,11.6,2026-W23,1,False,IN-00030-A1
IN-00031,inbound,UAE,Authorized Issuer App,Tourist,iOS,2026-06-06,5,success,6.5,drop_business_decline,52.3,not_reached,,not_reached,,not_reached,,not_reached,,dropped,kyc_verification,business_decline,Visa-type not supported / manual review reject,58.8,2026-W23,1,False,IN-00031-A1
IN-00032,inbound,Bhutan,Hotel Partner Onboarding,Tourist,iOS,2026-06-15,14,success,34.9,success,54.8,success,27.0,success,6.9,success,5.1,success,118.3,converted,,,,247.0,2026-W25,1,False,IN-00032-A1
IN-00033,inbound,USA,Airport Kiosk,Tourist,Android,2026-07-25,3,success,66.9,success,10.7,success,32.1,success,4.0,success,7.6,success,15.6,converted,,,,136.9,2026-W30,1,False,IN-00033-A1
IN-00034,inbound,Mauritius,Airport Kiosk,Business Traveller,Android,2026-05-28,7,success,19.7,success,39.9,drop_user_abandon,10.8,not_reached,,not_reached,,not_reached,,dropped,wallet_funding,user_abandon,Minimum load amount too high to trial,70.4,2026-W22,1,False,IN-00034-A1
IN-00035,inbound,Australia,Authorized Issuer App,Tourist,Android,2026-05-26,5,success,3.9,success,111.7,success,43.4,success,10.7,success,13.9,success,15.9,converted,,,,199.5,2026-W22,1,False,IN-00035-A1
IN-00036,inbound,Sri Lanka,Authorized Issuer App,Tourist,Android,2026-07-08,5,drop_user_abandon,43.1,not_reached,,not_reached,,not_reached,,not_reached,,not_reached,,dropped,onboarding,user_abandon,Did not discover product before/during trip,43.1,2026-W28,1,False,IN-00036-A1
IN-00037,inbound,Australia,Authorized Issuer App,Tourist,Android,2026-05-21,5,drop_technical_fail,27.2,not_reached,,not_reached,,not_reached,,not_reached,,not_reached,,dropped,onboarding,technical_fail,International OTP delivery failure,27.2,2026-W21,1,False,IN-00037-A1
IN-00038,inbound,Singapore,Authorized Issuer App,NRI,iOS,2026-07-15,10,drop_user_abandon,19.6,not_reached,,not_reached,,not_reached,,not_reached,,not_reached,,dropped,onboarding,user_abandon,Did not discover product before/during trip,19.6,2026-W29,1,False,IN-00038-A1
IN-00039,inbound,Sri Lanka,Airport Kiosk,Tourist,Android,2026-07-01,14,success,55.9,success,34.5,success,37.5,success,4.6,success,18.1,success,58.9,converted,,,,209.5,2026-W27,1,False,IN-00039-A1
IN-00040,inbound,Sri Lanka,Airport Kiosk,Tourist,iOS,2026-07-01,5,drop_user_abandon,62.9,not_reached,,not_reached,,not_reached,,not_reached,,not_reached,,dropped,onboarding,user_abandon,Did not discover product before/during trip,62.9,2026-W27,1,False,IN-00040-A1
IN-00041,inbound,UK,Airport Kiosk,Tourist,Android,2026-05-04,7,success,32.0,drop_user_abandon,12.0,not_reached,,not_reached,,not_reached,,not_reached,,dropped,kyc_verification,user_abandon,Gave up after repeated scan failures,44.0,2026-W19,1,False,IN-00041-A1
IN-00042,inbound,France,Authorized Issuer App,NRI,iOS,2026-06-11,3,success,12.6,success,50.0,success,20.8,success,1.6,success,3.0,success,32.3,converted,,,,120.3,2026-W24,1,False,IN-00042-A1
IN-00043,inbound,UAE,Authorized Issuer App,Tourist,Android,2026-07-14,3,drop_technical_fail,3.7,not_reached,,not_reached,,not_reached,,not_reached,,not_reached,,dropped,onboarding,technical_fail,International OTP delivery failure,3.7,2026-W29,1,False,IN-00043-A1
IN-00044,inbound,UK,Airport Kiosk,Tourist,Android,2026-05-21,5,success,66.3,success,39.0,success,5.9,success,2.0,success,3.4,success,17.8,converted,,,,134.4,2026-W21,1,False,IN-00044-A1
IN-00045,inbound,Nepal,Authorized Issuer App,NRI,iOS,2026-06-30,14,drop_technical_fail,11.1,not_reached,,not_reached,,not_reached,,not_reached,,not_reached,,dropped,onboarding,technical_fail,International OTP delivery failure,11.1,2026-W27,1,False,IN-00045-A1
IN-00046,inbound,Australia,Airport Kiosk,Tourist,Android,2026-06-02,7,drop_business_decline,37.4,not_reached,,not_reached,,not_reached,,not_reached,,not_reached,,dropped,onboarding,business_decline,Source country not in eligible pilot list,37.4,2026-W23,1,False,IN-00046-A1
IN-00047,inbound,UK,Authorized Issuer App,NRI,Android,2026-07-05,5,drop_technical_fail,56.5,not_reached,,not_reached,,not_reached,,not_reached,,not_reached,,dropped,onboarding,technical_fail,International OTP delivery failure,56.5,2026-W27,1,False,IN-00047-A1
IN-00048,inbound,Sri Lanka,Hotel Partner Onboarding,Business Traveller,Android,2026-07-02,10,success,16.8,success,106.1,success,13.0,success,3.3,success,9.0,success,63.6,converted,,,,211.8,2026-W27,1,False,IN-00048-A1
IN-00049,inbound,Sri Lanka,Airport Kiosk,Student,iOS,2026-05-08,10,drop_user_abandon,13.5,not_reached,,not_reached,,not_reached,,not_reached,,not_reached,,dropped,onboarding,user_abandon,Did not discover product before/during trip,13.5,2026-W19,1,False,IN-00049-A1
IN-00050,inbound,Bhutan,Hotel Partner Onboarding,Tourist,iOS,2026-06-06,21,success,72.1,success,41.6,success,15.2,success,4.5,success,5.2,success,25.5,converted,,,,164.1,2026-W23,1,False,IN-00050-A1
IN-00051,inbound,Singapore,Airport Kiosk,Tourist,Android,2026-06-05,7,success,44.7,drop_business_decline,25.2,not_reached,,not_reached,,not_reached,,not_reached,,dropped,kyc_verification,business_decline,Visa-type not supported / manual review reject,69.9,2026-W23,1,False,IN-00051-A1
IN-00052,inbound,Nepal,Authorized Issuer App,Business Traveller,iOS,2026-07-17,5,success,22.5,drop_user_abandon,33.8,not_reached,,not_reached,,not_reached,,not_reached,,dropped,kyc_verification,user_abandon,Gave up after repeated scan failures,56.3,2026-W29,1,False,IN-00052-A1
IN-00053,inbound,Australia,Airport Kiosk,Student,Android,2026-06-29,3,drop_technical_fail,21.6,not_reached,,not_reached,,not_reached,,not_reached,,not_reached,,dropped,onboarding,technical_fail,International OTP delivery failure,21.6,2026-W27,1,False,IN-00053-A1
IN-00054,inbound,Nepal,Authorized Issuer App,Tourist,iOS,2026-06-28,5,success,29.4,success,17.7,success,10.2,success,6.4,success,6.9,drop_technical_fail,78.8,dropped,exit_refund,technical_fail,Refund automation failed to trigger on trip-end,149.4,2026-W26,1,False,IN-00054-A1
IN-00055,inbound,USA,Airport Kiosk,Tourist,iOS,2026-06-06,3,success,18.5,success,51.4,drop_user_abandon,15.5,not_reached,,not_reached,,not_reached,,dropped,wallet_funding,user_abandon,Minimum load amount too high to trial,85.4,2026-W23,1,False,IN-00055-A1
IN-00056,inbound,UK,Airport Kiosk,Business Traveller,iOS,2026-05-03,5,success,67.0,success,28.5,success,12.8,success,9.4,success,9.8,success,8.7,converted,,,,136.2,2026-W18,1,False,IN-00056-A1
IN-00057,inbound,Nepal,Airport Kiosk,Tourist,Android,2026-05-28,14,drop_business_decline,44.2,not_reached,,not_reached,,not_reached,,not_reached,,not_reached,,dropped,onboarding,business_decline,Source country not in eligible pilot list,44.2,2026-W22,1,False,IN-00057-A1
IN-00058,inbound,USA,Authorized Issuer App,Business Traveller,Android,2026-07-03,5,success,56.3,success,28.1,success,10.7,success,18.5,success,23.0,success,75.9,converted,,,,212.5,2026-W27,1,False,IN-00058-A1
IN-00059,inbound,USA,Authorized Issuer App,NRI,Android,2026-05-02,21,drop_user_abandon,59.9,not_reached,,not_reached,,not_reached,,not_reached,,not_reached,,dropped,onboarding,user_abandon,Did not discover product before/during trip,59.9,2026-W18,1,False,IN-00059-A1
IN-00060,inbound,Mauritius,Authorized Issuer App,Student,Android,2026-05-02,3,success,22.3,success,58.2,success,24.9,success,4.2,success,13.1,success,4.4,converted,,,,127.1,2026-W18,1,False,IN-00060-A1
IN-00061,inbound,USA,Authorized Issuer App,Tourist,Android,2026-07-03,7,success,18.9,drop_business_decline,34.5,not_reached,,not_reached,,not_reached,,not_reached,,dropped,kyc_verification,business_decline,Visa-type not supported / manual review reject,53.4,2026-W27,1,False,IN-00061-A1
IN-00062,inbound,UAE,Airport Kiosk,Tourist,Android,2026-05-18,10,drop_business_decline,17.4,not_reached,,not_reached,,not_reached,,not_reached,,not_reached,,dropped,onboarding,business_decline,Source country not in eligible pilot list,17.4,2026-W21,1,False,IN-00062-A1
IN-00063,inbound,UK,Hotel Partner Onboarding,NRI,iOS,2026-06-27,5,drop_user_abandon,31.3,not_reached,,not_reached,,not_reached,,not_reached,,not_reached,,dropped,onboarding,user_abandon,Did not discover product before/during trip,31.3,2026-W26,1,False,IN-00063-A1
IN-00064,inbound,Mauritius,Airport Kiosk,Tourist,Android,2026-05-04,14,drop_technical_fail,18.8,not_reached,,not_reached,,not_reached,,not_reached,,not_reached,,dropped,onboarding,technical_fail,International OTP delivery failure,18.8,2026-W19,1,False,IN-00064-A1
IN-00065,inbound,Singapore,Authorized Issuer App,Tourist,Android,2026-05-23,10,success,54.8,success,57.3,drop_technical_fail,12.5,not_reached,,not_reached,,not_reached,,dropped,wallet_funding,technical_fail,International card declined by issuer (cross-border block),124.6,2026-W21,1,False,IN-00065-A1
IN-00066,inbound,Mauritius,Authorized Issuer App,Tourist,iOS,2026-07-18,5,drop_business_decline,34.1,not_reached,,not_reached,,not_reached,,not_reached,,not_reached,,dropped,onboarding,business_decline,Source country not in eligible pilot list,34.1,2026-W29,1,False,IN-00066-A1
IN-00067,inbound,Mauritius,Authorized Issuer App,Business Traveller,iOS,2026-07-05,3,success,42.5,success,30.8,success,19.4,success,13.6,success,3.4,success,5.7,converted,,,,115.4,2026-W27,1,False,IN-00067-A1
IN-00068,inbound,UAE,Hotel Partner Onboarding,Tourist,Android,2026-06-06,7,drop_technical_fail,44.0,not_reached,,not_reached,,not_reached,,not_reached,,not_reached,,dropped,onboarding,technical_fail,International OTP delivery failure,44.0,2026-W23,1,False,IN-00068-A1
IN-00069,inbound,Australia,Authorized Issuer App,Student,Android,2026-06-09,14,drop_business_decline,8.3,not_reached,,not_reached,,not_reached,,not_reached,,not_reached,,dropped,onboarding,business_decline,Source country not in eligible pilot list,8.3,2026-W24,1,False,IN-00069-A1
IN-00070,inbound,UK,Authorized Issuer App,Tourist,iOS,2026-05-18,10,success,67.8,success,11.6,success,42.0,success,5.4,success,1.4,success,11.8,converted,,,,140.0,2026-W21,1,False,IN-00070-A1
IN-00071,inbound,Nepal,Authorized Issuer App,Tourist,iOS,2026-07-13,7,success,10.0,success,104.5,success,51.2,success,13.9,success,15.2,success,71.5,converted,,,,266.3,2026-W29,1,False,IN-00071-A1
IN-00072,inbound,Sri Lanka,Authorized Issuer App,Tourist,Android,2026-07-28,7,drop_business_decline,28.9,not_reached,,not_reached,,not_reached,,not_reached,,not_reached,,dropped,onboarding,business_decline,Source country not in eligible pilot list,28.9,2026-W31,1,False,IN-00072-A1
IN-00073,inbound,Sri Lanka,Hotel Partner Onboarding,NRI,iOS,2026-07-10,5,drop_business_decline,51.7,not_reached,,not_reached,,not_reached,,not_reached,,not_reached,,dropped,onboarding,business_decline,Source country not in eligible pilot list,51.7,2026-W28,1,False,IN-00073-A1
IN-00074,inbound,UK,Airport Kiosk,NRI,Android,2026-06-24,10,success,46.6,success,54.5,success,13.1,drop_user_abandon,2.1,not_reached,,not_reached,,dropped,payment_p2m,user_abandon,"App not localized, hesitated at checkout",116.3,2026-W26,1,False,IN-00074-A1
IN-00075,inbound,UAE,Authorized Issuer App,Tourist,Android,2026-05-06,3,success,1.1,drop_user_abandon,93.6,not_reached,,not_reached,,not_reached,,not_reached,,dropped,kyc_verification,user_abandon,Gave up after repeated scan failures,94.7,2026-W19,1,False,IN-00075-A1
IN-00076,inbound,Bhutan,Airport Kiosk,Tourist,Android,2026-06-11,5,drop_technical_fail,48.4,not_reached,,not_reached,,not_reached,,not_reached,,not_reached,,dropped,onboarding,technical_fail,International OTP delivery failure,48.4,2026-W24,1,False,IN-00076-A1
IN-00077,inbound,France,Authorized Issuer App,NRI,Android,2026-07-21,5,success,7.5,success,31.2,success,33.3,success,10.9,success,2.8,drop_technical_fail,10.8,dropped,exit_refund,technical_fail,Refund automation failed to trigger on trip-end,96.5,2026-W30,1,False,IN-00077-A1
IN-00078,inbound,UK,Authorized Issuer App,Tourist,Android,2026-07-07,7,success,2.2,success,78.7,success,6.8,success,0.2,success,10.1,success,6.0,converted,,,,104.0,2026-W28,1,False,IN-00078-A1
IN-00079,inbound,Bhutan,Airport Kiosk,Tourist,Android,2026-06-04,10,drop_business_decline,123.8,not_reached,,not_reached,,not_reached,,not_reached,,not_reached,,dropped,onboarding,business_decline,Source country not in eligible pilot list,123.8,2026-W23,1,False,IN-00079-A1
IN-00080,inbound,Singapore,Hotel Partner Onboarding,Tourist,Android,2026-05-01,3,drop_business_decline,66.1,not_reached,,not_reached,,not_reached,,not_reached,,not_reached,,dropped,onboarding,business_decline,Source country not in eligible pilot list,66.1,2026-W18,1,False,IN-00080-A1
IN-00081,inbound,Bhutan,Authorized Issuer App,Tourist,iOS,2026-07-10,7,drop_technical_fail,93.2,not_reached,,not_reached,,not_reached,,not_reached,,not_reached,,dropped,onboarding,technical_fail,International OTP delivery failure,93.2,2026-W28,1,False,IN-00081-A1
IN-00082,inbound,UK,Authorized Issuer App,Business Traveller,iOS,2026-05-01,7,success,25.7,success,73.9,success,4.1,success,5.2,success,3.5,drop_technical_fail,25.9,dropped,exit_refund,technical_fail,Refund automation failed to trigger on trip-end,138.3,2026-W18,1,False,IN-00082-A1
IN-00083,inbound,France,Airport Kiosk,NRI,iOS,2026-07-28,5,drop_technical_fail,35.2,not_reached,,not_reached,,not_reached,,not_reached,,not_reached,,dropped,onboarding,technical_fail,International OTP delivery failure,35.2,2026-W31,1,False,IN-00083-A1
IN-00084,inbound,Australia,Hotel Partner Onboarding,Tourist,iOS,2026-07-23,7,drop_business_decline,34.2,not_reached,,not_reached,,not_reached,,not_reached,,not_reached,,dropped,onboarding,business_decline,Source country not in eligible pilot list,34.2,2026-W30,1,False,IN-00084-A1
IN-00085,inbound,Singapore,Airport Kiosk,Student,iOS,2026-05-05,21,success,44.6,success,68.9,success,6.3,success,4.7,success,8.0,drop_technical_fail,38.7,dropped,exit_refund,technical_fail,Refund automation failed to trigger on trip-end,171.2,2026-W19,1,False,IN-00085-A1
IN-00086,inbound,Bhutan,Authorized Issuer App,Tourist,iOS,2026-06-08,7,drop_user_abandon,15.8,not_reached,,not_reached,,not_reached,,not_reached,,not_reached,,dropped,onboarding,user_abandon,Did not discover product before/during trip,15.8,2026-W24,1,False,IN-00086-A1
IN-00087,inbound,Australia,Airport Kiosk,NRI,Android,2026-06-27,7,success,13.0,success,45.4,success,19.0,success,14.9,success,19.1,success,14.7,converted,,,,126.1,2026-W26,1,False,IN-00087-A1
IN-00088,inbound,Singapore,Authorized Issuer App,Tourist,iOS,2026-07-14,5,success,24.4,success,35.8,success,26.3,success,6.1,success,1.4,success,4.7,converted,,,,98.7,2026-W29,1,False,IN-00088-A1
IN-00089,inbound,Nepal,Airport Kiosk,Tourist,Android,2026-06-24,7,success,26.9,success,45.5,success,18.1,success,19.6,success,22.9,success,42.3,converted,,,,175.3,2026-W26,1,False,IN-00089-A1
IN-00090,inbound,UK,Authorized Issuer App,Student,Android,2026-06-07,7,drop_business_decline,16.4,not_reached,,not_reached,,not_reached,,not_reached,,not_reached,,dropped,onboarding,business_decline,Source country not in eligible pilot list,16.4,2026-W23,1,False,IN-00090-A1
IN-00091,inbound,UAE,Authorized Issuer App,Business Traveller,iOS,2026-05-12,10,drop_user_abandon,51.3,not_reached,,not_reached,,not_reached,,not_reached,,not_reached,,dropped,onboarding,user_abandon,Did not discover product before/during trip,51.3,2026-W20,1,False,IN-00091-A1
IN-00092,inbound,UAE,Authorized Issuer App,NRI,iOS,2026-07-10,7,success,15.9,success,33.6,success,4.4,success,3.2,success,7.8,success,23.8,converted,,,,88.7,2026-W28,1,False,IN-00092-A1
IN-00093,inbound,France,Authorized Issuer App,Business Traveller,Android,2026-05-19,7,drop_business_decline,56.2,not_reached,,not_reached,,not_reached,,not_reached,,not_reached,,dropped,onboarding,business_decline,Source country not in eligible pilot list,56.2,2026-W21,1,False,IN-00093-A1
IN-00094,inbound,USA,Authorized Issuer App,Tourist,iOS,2026-05-18,5,drop_technical_fail,29.3,not_reached,,not_reached,,not_reached,,not_reached,,not_reached,,dropped,onboarding,technical_fail,International OTP delivery failure,29.3,2026-W21,1,False,IN-00094-A1
IN-00095,inbound,Singapore,Hotel Partner Onboarding,NRI,Android,2026-06-20,10,success,34.3,success,33.5,success,14.6,success,13.0,drop_user_abandon,9.8,not_reached,,dropped,authentication,user_abandon,PIN format mismatch with home-market expectations,105.2,2026-W25,1,False,IN-00095-A1
IN-00096,inbound,USA,Airport Kiosk,Student,Android,2026-07-29,7,drop_user_abandon,40.4,not_reached,,not_reached,,not_reached,,not_reached,,not_reached,,dropped,onboarding,user_abandon,Did not discover product before/during trip,40.4,2026-W31,1,False,IN-00096-A1
IN-00097,inbound,Australia,Airport Kiosk,Tourist,Android,2026-05-09,21,drop_business_decline,25.8,not_reached,,not_reached,,not_reached,,not_reached,,not_reached,,dropped,onboarding,business_decline,Source country not in eligible pilot list,25.8,2026-W19,1,False,IN-00097-A1
IN-00098,inbound,Bhutan,Hotel Partner Onboarding,Tourist,iOS,2026-05-11,10,success,23.6,drop_user_abandon,45.8,not_reached,,not_reached,,not_reached,,not_reached,,dropped,kyc_verification,user_abandon,Gave up after repeated scan failures,69.4,2026-W20,1,False,IN-00098-A1
IN-00099,inbound,France,Hotel Partner Onboarding,NRI,Android,2026-07-25,5,success,4.0,success,32.2,success,16.6,success,1.5,success,13.0,success,13.3,converted,,,,80.6,2026-W30,1,False,IN-00099-A1
IN-00100,inbound,Mauritius,Authorized Issuer App,Tourist,Android,2026-07-19,14,success,22.6,success,9.7,success,6.7,success,9.6,success,15.8,success,4.1,converted,,,,68.5,2026-W29,1,False,IN-00100-A1
IN-00101,inbound,USA,Hotel Partner Onboarding,Student,Android,2026-05-08,7,success,28.2,success,37.5,drop_technical_fail,2.1,not_reached,,not_reached,,not_reached,,dropped,wallet_funding,technical_fail,International card declined by issuer (cross-border block),67.8,2026-W19,1,False,IN-00101-A1
IN-00102,inbound,Singapore,Airport Kiosk,Tourist,Android,2026-05-26,7,drop_technical_fail,16.9,not_reached,,not_reached,,not_reached,,not_reached,,not_reached,,dropped,onboarding,technical_fail,International OTP delivery failure,16.9,2026-W22,1,False,IN-00102-A1
IN-00103,inbound,Nepal,Authorized Issuer App,NRI,iOS,2026-05-06,5,drop_technical_fail,18.3,not_reached,,not_reached,,not_reached,,not_reached,,not_reached,,dropped,onboarding,technical_fail,International OTP delivery failure,18.3,2026-W19,1,False,IN-00103-A1
IN-00104,inbound,Singapore,Authorized Issuer App,Tourist,iOS,2026-07-07,7,success,15.5,success,3.4,success,40.6,success,14.1,success,11.5,success,16.9,converted,,,,102.0,2026-W28,1,False,IN-00104-A1
IN-00105,inbound,UAE,Authorized Issuer App,Tourist,Android,2026-07-12,10,success,27.2,success,40.6,drop_user_abandon,15.8,not_reached,,not_reached,,not_reached,,dropped,wallet_funding,user_abandon,Minimum load amount too high to trial,83.6,2026-W28,1,False,IN-00105-A1
IN-00106,inbound,Nepal,Authorized Issuer App,Student,iOS,2026-07-28,7,success,10.6,success,95.2,success,10.7,drop_technical_fail,1.3,not_reached,,not_reached,,dropped,payment_p2m,technical_fail,"Merchant unfamiliar with foreign-linked UPI, hesitated/declined",117.8,2026-W31,1,False,IN-00106-A1
IN-00107,inbound,Bhutan,Airport Kiosk,Tourist,iOS,2026-06-10,10,drop_technical_fail,89.0,not_reached,,not_reached,,not_reached,,not_reached,,not_reached,,dropped,onboarding,technical_fail,International OTP delivery failure,89.0,2026-W24,1,False,IN-00107-A1
IN-00108,inbound,UK,Airport Kiosk,NRI,iOS,2026-06-28,7,success,12.2,drop_business_decline,56.7,not_reached,,not_reached,,not_reached,,not_reached,,dropped,kyc_verification,business_decline,Visa-type not supported / manual review reject,68.9,2026-W26,1,False,IN-00108-A1
IN-00109,inbound,France,Authorized Issuer App,Tourist,Android,2026-05-06,10,drop_technical_fail,17.8,not_reached,,not_reached,,not_reached,,not_reached,,not_reached,,dropped,onboarding,technical_fail,International OTP delivery failure,17.8,2026-W19,1,False,IN-00109-A1
IN-00110,inbound,UAE,Hotel Partner Onboarding,Tourist,Android,2026-07-17,14,success,49.6,success,8.3,success,20.0,success,4.1,success,7.9,success,71.9,converted,,,,161.8,2026-W29,1,False,IN-00110-A1
IN-00111,inbound,Singapore,Authorized Issuer App,Tourist,iOS,2026-06-06,5,success,27.5,drop_technical_fail,106.9,not_reached,,not_reached,,not_reached,,not_reached,,dropped,kyc_verification,technical_fail,Passport OCR failed to parse non-standard format,134.4,2026-W23,1,False,IN-00111-A1
IN-00112,inbound,France,Airport Kiosk,NRI,Android,2026-07-21,5,success,14.1,success,24.3,drop_user_abandon,13.5,not_reached,,not_reached,,not_reached,,dropped,wallet_funding,user_abandon,Minimum load amount too high to trial,51.9,2026-W30,1,False,IN-00112-A1
IN-00113,inbound,UK,Authorized Issuer App,Student,iOS,2026-05-12,7,drop_technical_fail,32.9,not_reached,,not_reached,,not_reached,,not_reached,,not_reached,,dropped,onboarding,technical_fail,International OTP delivery failure,32.9,2026-W20,1,False,IN-00113-A1
IN-00114,inbound,Bhutan,Airport Kiosk,Tourist,Android,2026-06-27,10,success,9.6,success,10.7,success,31.9,success,8.1,success,3.8,success,20.6,converted,,,,84.7,2026-W26,1,False,IN-00114-A1
IN-00115,inbound,UAE,Authorized Issuer App,Tourist,Android,2026-05-12,7,drop_technical_fail,35.1,not_reached,,not_reached,,not_reached,,not_reached,,not_reached,,dropped,onboarding,technical_fail,International OTP delivery failure,35.1,2026-W20,1,False,IN-00115-A1
IN-00116,inbound,Australia,Hotel Partner Onboarding,Tourist,iOS,2026-07-20,14,success,29.8,success,3.7,success,15.2,success,11.2,success,10.0,success,59.2,converted,,,,129.1,2026-W30,1,False,IN-00116-A1
IN-00117,inbound,Nepal,Authorized Issuer App,Tourist,iOS,2026-07-06,3,success,17.0,drop_user_abandon,18.6,not_reached,,not_reached,,not_reached,,not_reached,,dropped,kyc_verification,user_abandon,Gave up after repeated scan failures,35.6,2026-W28,1,False,IN-00117-A1
IN-00118,inbound,Sri Lanka,Airport Kiosk,Tourist,iOS,2026-06-09,5,success,20.3,success,52.6,success,2.0,success,16.2,success,27.3,success,11.7,converted,,,,130.1,2026-W24,1,False,IN-00118-A1
IN-00119,inbound,USA,Authorized Issuer App,Tourist,Android,2026-05-30,5,success,26.1,drop_business_decline,18.2,not_reached,,not_reached,,not_reached,,not_reached,,dropped,kyc_verification,business_decline,Visa-type not supported / manual review reject,44.3,2026-W22,1,False,IN-00119-A1
IN-00120,inbound,Bhutan,Authorized Issuer App,Business Traveller,iOS,2026-05-01,14,success,4.4,success,59.9,success,18.1,success,17.8,success,8.7,success,52.0,converted,,,,160.9,2026-W18,1,False,IN-00120-A1
IN-00121,inbound,France,Airport Kiosk,Tourist,iOS,2026-06-23,5,drop_technical_fail,15.8,not_reached,,not_reached,,not_reached,,not_reached,,not_reached,,dropped,onboarding,technical_fail,International OTP delivery failure,15.8,2026-W26,1,False,IN-00121-A1
IN-00122,inbound,UK,Airport Kiosk,Tourist,iOS,2026-06-24,5,success,81.5,success,37.9,success,16.6,success,3.0,success,7.5,drop_user_abandon,18.7,dropped,exit_refund,user_abandon,Did not complete self-service wallet closure,165.2,2026-W26,1,False,IN-00122-A1
IN-00123,inbound,UK,Airport Kiosk,Tourist,Android,2026-06-29,10,drop_business_decline,37.2,not_reached,,not_reached,,not_reached,,not_reached,,not_reached,,dropped,onboarding,business_decline,Source country not in eligible pilot list,37.2,2026-W27,1,False,IN-00123-A1
IN-00124,inbound,USA,Airport Kiosk,NRI,Android,2026-06-01,14,drop_user_abandon,17.0,not_reached,,not_reached,,not_reached,,not_reached,,not_reached,,dropped,onboarding,user_abandon,Did not discover product before/during trip,17.0,2026-W23,1,False,IN-00124-A1
IN-00125,inbound,UAE,Authorized Issuer App,Tourist,Android,2026-07-22,14,success,15.8,drop_technical_fail,64.5,not_reached,,not_reached,,not_reached,,not_reached,,dropped,kyc_verification,technical_fail,Passport OCR failed to parse non-standard format,80.3,2026-W30,1,False,IN-00125-A1
IN-00126,inbound,USA,Airport Kiosk,NRI,Android,2026-06-25,10,drop_technical_fail,34.2,not_reached,,not_reached,,not_reached,,not_reached,,not_reached,,dropped,onboarding,technical_fail,International OTP delivery failure,34.2,2026-W26,1,False,IN-00126-A1
IN-00127,inbound,Mauritius,Airport Kiosk,NRI,iOS,2026-07-17,5,success,13.0,success,74.3,success,26.0,drop_technical_fail,11.2,not_reached,,not_reached,,dropped,payment_p2m,technical_fail,"Merchant unfamiliar with foreign-linked UPI, hesitated/declined",124.5,2026-W29,1,False,IN-00127-A1
IN-00128,inbound,Bhutan,Authorized Issuer App,Tourist,iOS,2026-06-06,5,drop_technical_fail,37.0,not_reached,,not_reached,,not_reached,,not_reached,,not_reached,,dropped,onboarding,technical_fail,International OTP delivery failure,37.0,2026-W23,1,False,IN-00128-A1
IN-00129,inbound,UAE,Authorized Issuer App,NRI,iOS,2026-05-25,5,drop_user_abandon,7.9,not_reached,,not_reached,,not_reached,,not_reached,,not_reached,,dropped,onboarding,user_abandon,Did not discover product before/during trip,7.9,2026-W22,1,False,IN-00129-A1
IN-00130,inbound,UAE,Hotel Partner Onboarding,Tourist,iOS,2026-05-18,3,drop_technical_fail,12.2,not_reached,,not_reached,,not_reached,,not_reached,,not_reached,,dropped,onboarding,technical_fail,International OTP delivery failure,12.2,2026-W21,1,False,IN-00130-A1
IN-00131,inbound,UK,Authorized Issuer App,NRI,Android,2026-07-01,7,success,103.0,success,10.7,success,3.9,success,5.5,success,21.5,success,4.1,converted,,,,148.7,2026-W27,1,False,IN-00131-A1
IN-00132,inbound,UK,Airport Kiosk,Tourist,Android,2026-07-15,3,drop_business_decline,41.8,not_reached,,not_reached,,not_reached,,not_reached,,not_reached,,dropped,onboarding,business_decline,Source country not in eligible pilot list,41.8,2026-W29,1,False,IN-00132-A1
IN-00133,inbound,Australia,Hotel Partner Onboarding,Business Traveller,Android,2026-06-20,5,success,0.2,success,63.4,success,0.7,success,18.0,success,14.6,success,10.5,converted,,,,107.4,2026-W25,1,False,IN-00133-A1
IN-00134,inbound,UK,Airport Kiosk,NRI,Android,2026-05-02,5,drop_user_abandon,82.2,not_reached,,not_reached,,not_reached,,not_reached,,not_reached,,dropped,onboarding,user_abandon,Did not discover product before/during trip,82.2,2026-W18,1,False,IN-00134-A1
IN-00135,inbound,Nepal,Airport Kiosk,NRI,Android,2026-07-11,5,success,3.7,success,28.5,drop_technical_fail,25.4,not_reached,,not_reached,,not_reached,,dropped,wallet_funding,technical_fail,International card declined by issuer (cross-border block),57.6,2026-W28,1,False,IN-00135-A1
IN-00136,inbound,Bhutan,Authorized Issuer App,Tourist,iOS,2026-06-18,14,success,18.3,success,6.3,success,3.0,success,11.5,success,8.0,success,8.6,converted,,,,55.7,2026-W25,1,False,IN-00136-A1
IN-00137,inbound,Australia,Airport Kiosk,Tourist,iOS,2026-06-12,14,success,18.2,success,23.0,drop_business_decline,4.3,not_reached,,not_reached,,not_reached,,dropped,wallet_funding,business_decline,Funding source not permitted under PPI norms,45.5,2026-W24,1,False,IN-00137-A1
IN-00138,inbound,Sri Lanka,Hotel Partner Onboarding,Tourist,iOS,2026-06-17,5,drop_user_abandon,37.0,not_reached,,not_reached,,not_reached,,not_reached,,not_reached,,dropped,onboarding,user_abandon,Did not discover product before/during trip,37.0,2026-W25,1,False,IN-00138-A1
IN-00139,inbound,Bhutan,Authorized Issuer App,Tourist,Android,2026-06-28,21,drop_user_abandon,15.6,not_reached,,not_reached,,not_reached,,not_reached,,not_reached,,dropped,onboarding,user_abandon,Did not discover product before/during trip,15.6,2026-W26,1,False,IN-00139-A1
IN-00140,inbound,Mauritius,Airport Kiosk,Tourist,iOS,2026-07-14,3,success,28.0,success,48.5,success,22.6,success,9.9,success,17.9,success,3.1,converted,,,,130.0,2026-W29,1,False,IN-00140-A1
IN-00141,inbound,Mauritius,Hotel Partner Onboarding,Tourist,Android,2026-05-30,14,success,5.3,success,13.0,success,20.6,success,12.9,success,9.7,success,8.5,converted,,,,70.0,2026-W22,1,False,IN-00141-A1
IN-00142,inbound,USA,Authorized Issuer App,NRI,Android,2026-05-19,3,success,57.3,success,24.3,success,23.1,success,1.6,success,32.1,success,13.0,converted,,,,151.4,2026-W21,1,False,IN-00142-A1
IN-00143,inbound,France,Authorized Issuer App,Tourist,iOS,2026-05-29,5,success,5.5,drop_technical_fail,46.8,not_reached,,not_reached,,not_reached,,not_reached,,dropped,kyc_verification,technical_fail,Passport OCR failed to parse non-standard format,52.3,2026-W22,1,False,IN-00143-A1
IN-00144,inbound,Singapore,Authorized Issuer App,Tourist,iOS,2026-07-26,5,drop_user_abandon,7.1,not_reached,,not_reached,,not_reached,,not_reached,,not_reached,,dropped,onboarding,user_abandon,Did not discover product before/during trip,7.1,2026-W30,1,False,IN-00144-A1
IN-00145,inbound,France,Authorized Issuer App,Business Traveller,iOS,2026-05-25,5,success,21.9,success,67.3,success,26.3,success,1.3,drop_business_decline,16.0,not_reached,,dropped,authentication,business_decline,Risk engine blocked as anomalous,132.8,2026-W22,1,False,IN-00145-A1
IN-00146,inbound,Sri Lanka,Hotel Partner Onboarding,NRI,iOS,2026-05-21,7,drop_technical_fail,52.4,not_reached,,not_reached,,not_reached,,not_reached,,not_reached,,dropped,onboarding,technical_fail,International OTP delivery failure,52.4,2026-W21,1,False,IN-00146-A1
IN-00147,inbound,France,Airport Kiosk,Tourist,Android,2026-05-19,7,success,9.8,success,14.0,success,31.5,success,13.9,success,1.5,success,17.7,converted,,,,88.4,2026-W21,1,False,IN-00147-A1
IN-00148,inbound,France,Authorized Issuer App,Tourist,Android,2026-06-17,10,success,10.0,success,26.5,success,43.7,success,14.4,success,13.4,success,16.4,converted,,,,124.4,2026-W25,1,False,IN-00148-A1
IN-00149,inbound,Mauritius,Authorized Issuer App,Tourist,iOS,2026-05-29,7,success,15.8,drop_business_decline,26.3,not_reached,,not_reached,,not_reached,,not_reached,,dropped,kyc_verification,business_decline,Visa-type not supported / manual review reject,42.1,2026-W22,1,False,IN-00149-A1
IN-00150,inbound,UK,Authorized Issuer App,Tourist,Android,2026-06-16,5,drop_business_decline,4.9,not_reached,,not_reached,,not_reached,,not_reached,,not_reached,,dropped,onboarding,business_decline,Source country not in eligible pilot list,4.9,2026-W25,1,False,IN-00150-A1
IN-00151,inbound,USA,Airport Kiosk,Tourist,iOS,2026-06-01,7,success,93.6,drop_user_abandon,68.6,not_reached,,not_reached,,not_reached,,not_reached,,dropped,kyc_verification,user_abandon,Gave up after repeated scan failures,162.2,2026-W23,1,False,IN-00151-A1
IN-00152,inbound,Singapore,Airport Kiosk,Business Traveller,iOS,2026-05-26,3,success,25.4,success,16.5,success,24.2,drop_user_abandon,11.3,not_reached,,not_reached,,dropped,payment_p2m,user_abandon,"App not localized, hesitated at checkout",77.4,2026-W22,1,False,IN-00152-A1
IN-00153,inbound,Australia,Hotel Partner Onboarding,NRI,Android,2026-06-19,3,drop_technical_fail,27.7,not_reached,,not_reached,,not_reached,,not_reached,,not_reached,,dropped,onboarding,technical_fail,International OTP delivery failure,27.7,2026-W25,1,False,IN-00153-A1
IN-00154,inbound,France,Authorized Issuer App,Student,iOS,2026-05-08,5,success,5.4,drop_business_decline,36.8,not_reached,,not_reached,,not_reached,,not_reached,,dropped,kyc_verification,business_decline,Visa-type not supported / manual review reject,42.2,2026-W19,1,False,IN-00154-A1
IN-00155,inbound,Mauritius,Airport Kiosk,Tourist,Android,2026-06-22,5,success,22.5,drop_user_abandon,57.7,not_reached,,not_reached,,not_reached,,not_reached,,dropped,kyc_verification,user_abandon,Gave up after repeated scan failures,80.2,2026-W26,1,False,IN-00155-A1
IN-00156,inbound,Singapore,Hotel Partner Onboarding,NRI,iOS,2026-05-04,10,drop_user_abandon,4.3,not_reached,,not_reached,,not_reached,,not_reached,,not_reached,,dropped,onboarding,user_abandon,Did not discover product before/during trip,4.3,2026-W19,1,False,IN-00156-A1
IN-00157,inbound,Australia,Authorized Issuer App,Business Traveller,Android,2026-07-25,7,success,9.4,success,15.5,success,11.1,success,3.4,success,7.4,success,5.8,converted,,,,52.6,2026-W30,1,False,IN-00157-A1
IN-00158,inbound,Mauritius,Authorized Issuer App,Tourist,iOS,2026-07-11,5,success,43.8,success,45.9,success,18.3,success,14.9,success,10.9,success,141.2,converted,,,,275.0,2026-W28,1,False,IN-00158-A1
IN-00159,inbound,Australia,Authorized Issuer App,Student,iOS,2026-05-18,7,drop_technical_fail,50.9,not_reached,,not_reached,,not_reached,,not_reached,,not_reached,,dropped,onboarding,technical_fail,International OTP delivery failure,50.9,2026-W21,1,False,IN-00159-A1
IN-00160,inbound,UK,Hotel Partner Onboarding,Business Traveller,iOS,2026-07-24,7,success,44.7,success,14.1,success,17.2,success,8.0,drop_user_abandon,20.9,not_reached,,dropped,authentication,user_abandon,PIN format mismatch with home-market expectations,104.9,2026-W30,1,False,IN-00160-A1
IN-00161,inbound,Australia,Authorized Issuer App,Tourist,Android,2026-05-02,7,success,52.0,success,22.3,success,15.7,success,40.7,drop_user_abandon,14.7,not_reached,,dropped,authentication,user_abandon,PIN format mismatch with home-market expectations,145.4,2026-W18,1,False,IN-00161-A1
IN-00162,inbound,UK,Authorized Issuer App,Student,iOS,2026-07-25,3,drop_technical_fail,77.1,not_reached,,not_reached,,not_reached,,not_reached,,not_reached,,dropped,onboarding,technical_fail,International OTP delivery failure,77.1,2026-W30,1,False,IN-00162-A1
IN-00163,inbound,Australia,Authorized Issuer App,Business Traveller,iOS,2026-05-25,5,success,21.9,success,22.4,drop_user_abandon,23.3,not_reached,,not_reached,,not_reached,,dropped,wallet_funding,user_abandon,Minimum load amount too high to trial,67.6,2026-W22,1,False,IN-00163-A1
IN-00164,inbound,Bhutan,Airport Kiosk,Business Traveller,Android,2026-07-25,7,success,7.7,success,83.3,success,33.5,success,9.7,success,17.0,success,27.3,converted,,,,178.5,2026-W30,1,False,IN-00164-A1
IN-00165,inbound,Singapore,Airport Kiosk,Student,iOS,2026-07-27,7,drop_user_abandon,13.4,not_reached,,not_reached,,not_reached,,not_reached,,not_reached,,dropped,onboarding,user_abandon,Did not discover product before/during trip,13.4,2026-W31,1,False,IN-00165-A1
IN-00166,inbound,Bhutan,Airport Kiosk,NRI,iOS,2026-07-18,10,success,44.0,success,50.2,success,22.8,success,11.5,success,6.6,success,64.7,converted,,,,199.8,2026-W29,1,False,IN-00166-A1
IN-00167,inbound,USA,Hotel Partner Onboarding,Student,iOS,2026-06-23,3,success,18.9,drop_business_decline,23.7,not_reached,,not_reached,,not_reached,,not_reached,,dropped,kyc_verification,business_decline,Visa-type not supported / manual review reject,42.6,2026-W26,1,False,IN-00167-A1
IN-00168,inbound,Nepal,Authorized Issuer App,Tourist,Android,2026-06-05,5,success,49.7,success,50.8,success,8.3,success,19.4,success,7.5,drop_business_decline,21.1,dropped,exit_refund,business_decline,FEMA refund rule required manual review,156.8,2026-W23,1,False,IN-00168-A1
IN-00169,inbound,UAE,Authorized Issuer App,Student,Android,2026-05-03,3,drop_business_decline,12.0,not_reached,,not_reached,,not_reached,,not_reached,,not_reached,,dropped,onboarding,business_decline,Source country not in eligible pilot list,12.0,2026-W18,1,False,IN-00169-A1
IN-00170,inbound,Nepal,Hotel Partner Onboarding,Tourist,iOS,2026-05-25,5,drop_technical_fail,52.4,not_reached,,not_reached,,not_reached,,not_reached,,not_reached,,dropped,onboarding,technical_fail,International OTP delivery failure,52.4,2026-W22,1,False,IN-00170-A1
IN-00171,inbound,France,Authorized Issuer App,Tourist,Android,2026-06-21,10,drop_user_abandon,20.4,not_reached,,not_reached,,not_reached,,not_reached,,not_reached,,dropped,onboarding,user_abandon,Did not discover product before/during trip,20.4,2026-W25,1,False,IN-00171-A1
IN-00172,inbound,USA,Airport Kiosk,Business Traveller,Android,2026-06-06,7,success,16.8,drop_user_abandon,28.9,not_reached,,not_reached,,not_reached,,not_reached,,dropped,kyc_verification,user_abandon,Gave up after repeated scan failures,45.7,2026-W23,1,False,IN-00172-A1
IN-00173,inbound,Sri Lanka,Hotel Partner Onboarding,NRI,Android,2026-05-06,10,success,4.3,success,27.9,success,33.8,success,4.2,success,3.2,drop_technical_fail,27.2,dropped,exit_refund,technical_fail,Refund automation failed to trigger on trip-end,100.6,2026-W19,1,False,IN-00173-A1
IN-00174,inbound,UK,Airport Kiosk,NRI,iOS,2026-05-01,7,success,30.7,success,9.1,success,56.8,success,4.7,success,11.3,drop_business_decline,25.6,dropped,exit_refund,business_decline,FEMA refund rule required manual review,138.2,2026-W18,1,False,IN-00174-A1
IN-00175,inbound,Australia,Authorized Issuer App,Business Traveller,iOS,2026-05-28,21,success,43.8,drop_user_abandon,26.8,not_reached,,not_reached,,not_reached,,not_reached,,dropped,kyc_verification,user_abandon,Gave up after repeated scan failures,70.6,2026-W22,1,False,IN-00175-A1
IN-00176,inbound,Bhutan,Authorized Issuer App,Business Traveller,Android,2026-06-24,5,drop_technical_fail,27.7,not_reached,,not_reached,,not_reached,,not_reached,,not_reached,,dropped,onboarding,technical_fail,International OTP delivery failure,27.7,2026-W26,1,False,IN-00176-A1
IN-00177,inbound,Singapore,Airport Kiosk,NRI,iOS,2026-06-13,10,success,78.4,success,12.1,success,6.7,success,13.0,success,10.0,success,4.5,converted,,,,124.7,2026-W24,1,False,IN-00177-A1
IN-00178,inbound,Nepal,Hotel Partner Onboarding,NRI,Android,2026-07-13,10,drop_user_abandon,12.6,not_reached,,not_reached,,not_reached,,not_reached,,not_reached,,dropped,onboarding,user_abandon,Did not discover product before/during trip,12.6,2026-W29,1,False,IN-00178-A1
IN-00179,inbound,Bhutan,Airport Kiosk,Tourist,iOS,2026-06-05,10,drop_business_decline,20.7,not_reached,,not_reached,,not_reached,,not_reached,,not_reached,,dropped,onboarding,business_decline,Source country not in eligible pilot list,20.7,2026-W23,1,False,IN-00179-A1
IN-00180,inbound,UK,Airport Kiosk,NRI,iOS,2026-06-30,7,drop_business_decline,16.4,not_reached,,not_reached,,not_reached,,not_reached,,not_reached,,dropped,onboarding,business_decline,Source country not in eligible pilot list,16.4,2026-W27,1,False,IN-00180-A1
IN-00181,inbound,France,Authorized Issuer App,Tourist,iOS,2026-07-02,7,drop_user_abandon,31.1,not_reached,,not_reached,,not_reached,,not_reached,,not_reached,,dropped,onboarding,user_abandon,Did not discover product before/during trip,31.1,2026-W27,1,False,IN-00181-A1
IN-00182,inbound,UAE,Airport Kiosk,Tourist,Android,2026-05-16,21,drop_user_abandon,15.9,not_reached,,not_reached,,not_reached,,not_reached,,not_reached,,dropped,onboarding,user_abandon,Did not discover product before/during trip,15.9,2026-W20,1,False,IN-00182-A1
IN-00183,inbound,Bhutan,Hotel Partner Onboarding,Tourist,Android,2026-05-28,21,success,53.7,success,45.5,drop_business_decline,14.4,not_reached,,not_reached,,not_reached,,dropped,wallet_funding,business_decline,Funding source not permitted under PPI norms,113.6,2026-W22,1,False,IN-00183-A1
IN-00184,inbound,Nepal,Authorized Issuer App,Tourist,Android,2026-07-13,10,success,20.4,success,53.7,success,35.1,success,5.3,success,4.9,success,31.7,converted,,,,151.1,2026-W29,1,False,IN-00184-A1
IN-00185,inbound,Nepal,Authorized Issuer App,Business Traveller,iOS,2026-05-23,3,success,35.0,success,8.2,success,35.7,success,0.8,success,21.8,success,26.5,converted,,,,128.0,2026-W21,1,False,IN-00185-A1
IN-00186,inbound,Mauritius,Hotel Partner Onboarding,Business Traveller,Android,2026-05-16,21,success,10.2,success,13.0,success,24.7,success,6.4,success,6.3,success,18.6,converted,,,,79.2,2026-W20,1,False,IN-00186-A1
IN-00187,inbound,Sri Lanka,Airport Kiosk,NRI,iOS,2026-05-10,5,success,8.5,success,18.0,success,3.9,success,12.2,success,15.2,success,81.7,converted,,,,139.5,2026-W19,1,False,IN-00187-A1
IN-00188,inbound,Singapore,Airport Kiosk,NRI,iOS,2026-07-04,7,success,35.9,drop_business_decline,18.7,not_reached,,not_reached,,not_reached,,not_reached,,dropped,kyc_verification,business_decline,Visa-type not supported / manual review reject,54.6,2026-W27,1,False,IN-00188-A1
IN-00189,inbound,Bhutan,Authorized Issuer App,Tourist,Android,2026-05-13,10,drop_technical_fail,18.6,not_reached,,not_reached,,not_reached,,not_reached,,not_reached,,dropped,onboarding,technical_fail,International OTP delivery failure,18.6,2026-W20,1,False,IN-00189-A1
IN-00190,inbound,Singapore,Authorized Issuer App,Tourist,Android,2026-07-01,10,success,4.2,success,48.2,success,7.4,success,5.1,drop_business_decline,19.1,not_reached,,dropped,authentication,business_decline,Risk engine blocked as anomalous,84.0,2026-W27,1,False,IN-00190-A1
IN-00191,inbound,France,Airport Kiosk,Business Traveller,Android,2026-05-22,10,drop_business_decline,35.4,not_reached,,not_reached,,not_reached,,not_reached,,not_reached,,dropped,onboarding,business_decline,Source country not in eligible pilot list,35.4,2026-W21,1,False,IN-00191-A1
IN-00192,inbound,UAE,Hotel Partner Onboarding,Tourist,Android,2026-06-16,5,success,45.3,success,77.3,success,20.7,success,4.9,success,0.6,success,24.3,converted,,,,173.1,2026-W25,1,False,IN-00192-A1
IN-00193,inbound,Australia,Authorized Issuer App,NRI,iOS,2026-07-23,10,drop_technical_fail,7.5,not_reached,,not_reached,,not_reached,,not_reached,,not_reached,,dropped,onboarding,technical_fail,International OTP delivery failure,7.5,2026-W30,1,False,IN-00193-A1
IN-00194,inbound,Sri Lanka,Hotel Partner Onboarding,Tourist,Android,2026-07-16,10,success,13.9,success,55.1,success,18.0,success,7.9,success,7.3,success,50.0,converted,,,,152.2,2026-W29,1,False,IN-00194-A1
IN-00195,inbound,Sri Lanka,Hotel Partner Onboarding,Tourist,Android,2026-06-08,21,drop_business_decline,14.9,not_reached,,not_reached,,not_reached,,not_reached,,not_reached,,dropped,onboarding,business_decline,Source country not in eligible pilot list,14.9,2026-W24,1,False,IN-00195-A1
IN-00196,inbound,USA,Authorized Issuer App,Student,Android,2026-05-19,10,drop_technical_fail,80.2,not_reached,,not_reached,,not_reached,,not_reached,,not_reached,,dropped,onboarding,technical_fail,International OTP delivery failure,80.2,2026-W21,1,False,IN-00196-A1
IN-00197,inbound,Nepal,Authorized Issuer App,Student,Android,2026-07-25,21,drop_user_abandon,37.2,not_reached,,not_reached,,not_reached,,not_reached,,not_reached,,dropped,onboarding,user_abandon,Did not discover product before/during trip,37.2,2026-W30,1,False,IN-00197-A1
IN-00198,inbound,Nepal,Hotel Partner Onboarding,NRI,Android,2026-06-16,7,drop_technical_fail,36.6,not_reached,,not_reached,,not_reached,,not_reached,,not_reached,,dropped,onboarding,technical_fail,International OTP delivery failure,36.6,2026-W25,1,False,IN-00198-A1
IN-00199,inbound,Sri Lanka,Airport Kiosk,Tourist,Android,2026-06-09,7,success,17.5,success,11.9,success,68.1,success,9.3,success,3.3,success,36.3,converted,,,,146.4,2026-W24,1,False,IN-00199-A1
IN-00200,inbound,Nepal,Airport Kiosk,Business Traveller,iOS,2026-07-11,3,drop_business_decline,19.0,not_reached,,not_reached,,not_reached,,not_reached,,not_reached,,dropped,onboarding,business_decline,Source country not in eligible pilot list,19.0,2026-W28,1,False,IN-00200-A1
IN-00201,inbound,UAE,Authorized Issuer App,Business Traveller,iOS,2026-07-19,5,drop_business_decline,10.7,not_reached,,not_reached,,not_reached,,not_reached,,not_reached,,dropped,onboarding,business_decline,Source country not in eligible pilot list,10.7,2026-W29,1,False,IN-00201-A1
IN-00202,inbound,France,Airport Kiosk,NRI,Android,2026-06-06,21,drop_business_decline,47.4,not_reached,,not_reached,,not_reached,,not_reached,,not_reached,,dropped,onboarding,business_decline,Source country not in eligible pilot list,47.4,2026-W23,1,False,IN-00202-A1
IN-00203,inbound,Nepal,Hotel Partner Onboarding,Tourist,iOS,2026-05-02,5,success,47.7,drop_user_abandon,47.8,not_reached,,not_reached,,not_reached,,not_reached,,dropped,kyc_verification,user_abandon,Gave up after repeated scan failures,95.5,2026-W18,1,False,IN-00203-A1
IN-00204,inbound,France,Authorized Issuer App,Business Traveller,iOS,2026-05-27,10,success,80.3,drop_technical_fail,57.2,not_reached,,not_reached,,not_reached,,not_reached,,dropped,kyc_verification,technical_fail,Passport OCR failed to parse non-standard format,137.5,2026-W22,1,False,IN-00204-A1
IN-00205,inbound,Bhutan,Airport Kiosk,Tourist,iOS,2026-05-23,7,success,9.8,success,20.9,success,11.3,success,6.2,success,12.0,success,113.3,converted,,,,173.5,2026-W21,1,False,IN-00205-A1
IN-00206,inbound,Singapore,Airport Kiosk,Student,Android,2026-07-18,3,success,87.0,success,48.7,success,10.2,success,3.7,success,8.3,success,52.4,converted,,,,210.3,2026-W29,1,False,IN-00206-A1
IN-00207,inbound,Sri Lanka,Airport Kiosk,Tourist,iOS,2026-06-30,3,drop_user_abandon,8.9,not_reached,,not_reached,,not_reached,,not_reached,,not_reached,,dropped,onboarding,user_abandon,Did not discover product before/during trip,8.9,2026-W27,1,False,IN-00207-A1
IN-00208,inbound,Singapore,Authorized Issuer App,Tourist,Android,2026-05-06,5,success,7.3,success,53.1,success,19.5,success,18.6,drop_technical_fail,16.7,not_reached,,dropped,authentication,technical_fail,PIN reset failed - no Indian mobile number for OTP,115.2,2026-W19,1,False,IN-00208-A1
IN-00209,inbound,UAE,Airport Kiosk,Business Traveller,Android,2026-05-21,5,success,3.5,drop_user_abandon,93.1,not_reached,,not_reached,,not_reached,,not_reached,,dropped,kyc_verification,user_abandon,Gave up after repeated scan failures,96.6,2026-W21,1,False,IN-00209-A1
IN-00210,inbound,France,Airport Kiosk,Tourist,Android,2026-06-01,3,success,16.0,success,83.6,success,18.5,success,17.6,drop_business_decline,10.1,not_reached,,dropped,authentication,business_decline,Risk engine blocked as anomalous,145.8,2026-W23,1,False,IN-00210-A1
IN-00211,inbound,UK,Airport Kiosk,NRI,Android,2026-05-24,14,drop_user_abandon,52.8,not_reached,,not_reached,,not_reached,,not_reached,,not_reached,,dropped,onboarding,user_abandon,Did not discover product before/during trip,52.8,2026-W21,1,False,IN-00211-A1
IN-00212,inbound,Mauritius,Authorized Issuer App,Business Traveller,Android,2026-05-31,10,drop_business_decline,8.1,not_reached,,not_reached,,not_reached,,not_reached,,not_reached,,dropped,onboarding,business_decline,Source country not in eligible pilot list,8.1,2026-W22,1,False,IN-00212-A1
IN-00213,inbound,Bhutan,Authorized Issuer App,Student,iOS,2026-06-08,5,success,10.4,success,42.9,success,18.9,success,4.2,success,1.7,success,42.9,converted,,,,121.0,2026-W24,1,False,IN-00213-A1
IN-00214,inbound,Mauritius,Airport Kiosk,NRI,Android,2026-07-06,3,success,25.8,drop_business_decline,35.3,not_reached,,not_reached,,not_reached,,not_reached,,dropped,kyc_verification,business_decline,Visa-type not supported / manual review reject,61.1,2026-W28,1,False,IN-00214-A1
IN-00215,inbound,Bhutan,Airport Kiosk,Tourist,Android,2026-07-24,14,success,27.0,success,28.8,success,46.7,success,3.4,success,5.5,success,80.1,converted,,,,191.5,2026-W30,1,False,IN-00215-A1
IN-00216,inbound,UAE,Authorized Issuer App,Tourist,iOS,2026-07-05,3,drop_business_decline,22.5,not_reached,,not_reached,,not_reached,,not_reached,,not_reached,,dropped,onboarding,business_decline,Source country not in eligible pilot list,22.5,2026-W27,1,False,IN-00216-A1
IN-00217,inbound,Australia,Authorized Issuer App,Tourist,Android,2026-07-13,5,success,10.4,success,7.4,success,24.4,success,6.9,success,5.9,success,35.3,converted,,,,90.3,2026-W29,1,False,IN-00217-A1
IN-00218,inbound,Sri Lanka,Airport Kiosk,Tourist,Android,2026-07-01,5,drop_business_decline,11.8,not_reached,,not_reached,,not_reached,,not_reached,,not_reached,,dropped,onboarding,business_decline,Source country not in eligible pilot list,11.8,2026-W27,1,False,IN-00218-A1
IN-00219,inbound,UK,Airport Kiosk,Tourist,Android,2026-07-17,3,drop_user_abandon,25.5,not_reached,,not_reached,,not_reached,,not_reached,,not_reached,,dropped,onboarding,user_abandon,Did not discover product before/during trip,25.5,2026-W29,1,False,IN-00219-A1
IN-00220,inbound,Sri Lanka,Airport Kiosk,Student,iOS,2026-07-17,7,success,65.9,success,57.9,success,42.8,success,7.6,drop_user_abandon,12.6,not_reached,,dropped,authentication,user_abandon,PIN format mismatch with home-market expectations,186.8,2026-W29,1,False,IN-00220-A1
IN-00221,inbound,Bhutan,Authorized Issuer App,Tourist,iOS,2026-06-21,5,success,6.5,success,71.6,success,18.4,success,11.4,success,56.6,success,40.5,converted,,,,205.0,2026-W25,1,False,IN-00221-A1
IN-00222,inbound,UAE,Hotel Partner Onboarding,Student,iOS,2026-07-23,7,success,68.3,success,143.1,success,35.0,success,5.9,success,25.7,success,68.3,converted,,,,346.3,2026-W30,1,False,IN-00222-A1
IN-00223,inbound,Australia,Authorized Issuer App,Tourist,Android,2026-05-04,5,success,29.6,success,89.6,drop_user_abandon,9.8,not_reached,,not_reached,,not_reached,,dropped,wallet_funding,user_abandon,Minimum load amount too high to trial,129.0,2026-W19,1,False,IN-00223-A1
IN-00224,inbound,Sri Lanka,Airport Kiosk,Business Traveller,iOS,2026-07-23,10,success,46.2,drop_technical_fail,15.7,not_reached,,not_reached,,not_reached,,not_reached,,dropped,kyc_verification,technical_fail,Passport OCR failed to parse non-standard format,61.9,2026-W30,1,False,IN-00224-A1
IN-00225,inbound,Mauritius,Airport Kiosk,NRI,Android,2026-05-30,5,success,19.5,success,44.5,success,23.5,success,1.8,success,7.5,success,23.9,converted,,,,120.7,2026-W22,1,False,IN-00225-A1
IN-00226,inbound,Sri Lanka,Authorized Issuer App,NRI,Android,2026-05-27,7,success,13.0,success,8.6,success,34.7,drop_technical_fail,1.7,not_reached,,not_reached,,dropped,payment_p2m,technical_fail,"Merchant unfamiliar with foreign-linked UPI, hesitated/declined",58.0,2026-W22,1,False,IN-00226-A1
IN-00227,inbound,Bhutan,Hotel Partner Onboarding,NRI,Android,2026-07-13,10,success,11.1,drop_business_decline,27.4,not_reached,,not_reached,,not_reached,,not_reached,,dropped,kyc_verification,business_decline,Visa-type not supported / manual review reject,38.5,2026-W29,1,False,IN-00227-A1
IN-00228,inbound,Mauritius,Airport Kiosk,Tourist,iOS,2026-05-14,7,drop_business_decline,5.9,not_reached,,not_reached,,not_reached,,not_reached,,not_reached,,dropped,onboarding,business_decline,Source country not in eligible pilot list,5.9,2026-W20,1,False,IN-00228-A1
IN-00229,inbound,USA,Hotel Partner Onboarding,Tourist,Android,2026-07-07,5,success,32.0,success,31.0,success,8.6,success,5.0,success,22.5,drop_business_decline,28.9,dropped,exit_refund,business_decline,FEMA refund rule required manual review,128.0,2026-W28,1,False,IN-00229-A1
IN-00230,inbound,France,Authorized Issuer App,Tourist,iOS,2026-05-05,7,success,8.7,success,8.4,success,32.7,success,31.9,success,2.2,success,13.2,converted,,,,97.1,2026-W19,1,False,IN-00230-A1
IN-00231,inbound,Bhutan,Authorized Issuer App,Student,iOS,2026-06-12,10,success,34.9,success,7.5,success,1.2,success,6.5,success,1.5,success,8.0,converted,,,,59.6,2026-W24,1,False,IN-00231-A1
IN-00232,inbound,USA,Hotel Partner Onboarding,Tourist,Android,2026-05-28,7,success,26.2,drop_business_decline,72.8,not_reached,,not_reached,,not_reached,,not_reached,,dropped,kyc_verification,business_decline,Visa-type not supported / manual review reject,99.0,2026-W22,1,False,IN-00232-A1
IN-00233,inbound,Nepal,Authorized Issuer App,Tourist,iOS,2026-06-21,3,drop_user_abandon,57.0,not_reached,,not_reached,,not_reached,,not_reached,,not_reached,,dropped,onboarding,user_abandon,Did not discover product before/during trip,57.0,2026-W25,1,False,IN-00233-A1
IN-00234,inbound,Bhutan,Authorized Issuer App,NRI,iOS,2026-07-09,3,drop_user_abandon,5.0,not_reached,,not_reached,,not_reached,,not_reached,,not_reached,,dropped,onboarding,user_abandon,Did not discover product before/during trip,5.0,2026-W28,1,False,IN-00234-A1
IN-00235,inbound,Nepal,Airport Kiosk,Business Traveller,iOS,2026-06-14,10,success,22.7,success,58.3,success,13.6,success,3.5,success,20.2,success,5.8,converted,,,,124.1,2026-W24,1,False,IN-00235-A1
IN-00236,inbound,Australia,Hotel Partner Onboarding,Tourist,Android,2026-06-23,5,success,12.6,success,58.5,success,0.5,success,6.2,success,19.3,success,17.6,converted,,,,114.7,2026-W26,1,False,IN-00236-A1
IN-00237,inbound,Australia,Authorized Issuer App,Business Traveller,iOS,2026-05-30,10,success,3.8,success,103.1,success,12.7,success,4.8,success,18.6,success,5.7,converted,,,,148.7,2026-W22,1,False,IN-00237-A1
IN-00238,inbound,Bhutan,Authorized Issuer App,Tourist,Android,2026-05-10,3,success,27.0,success,15.0,success,14.1,success,3.6,success,16.0,success,9.7,converted,,,,85.4,2026-W19,1,False,IN-00238-A1
IN-00239,inbound,Singapore,Authorized Issuer App,NRI,Android,2026-05-29,5,success,8.7,success,11.1,drop_technical_fail,4.8,not_reached,,not_reached,,not_reached,,dropped,wallet_funding,technical_fail,International card declined by issuer (cross-border block),24.6,2026-W22,1,False,IN-00239-A1
IN-00240,inbound,France,Authorized Issuer App,NRI,Android,2026-06-03,5,success,36.1,success,8.9,success,8.3,success,9.3,success,4.6,success,42.1,converted,,,,109.3,2026-W23,1,False,IN-00240-A1
IN-00241,inbound,Nepal,Authorized Issuer App,Business Traveller,Android,2026-06-20,7,success,19.2,success,6.2,drop_business_decline,17.8,not_reached,,not_reached,,not_reached,,dropped,wallet_funding,business_decline,Funding source not permitted under PPI norms,43.2,2026-W25,1,False,IN-00241-A1
IN-00242,inbound,Australia,Authorized Issuer App,Business Traveller,iOS,2026-06-06,10,drop_user_abandon,12.0,not_reached,,not_reached,,not_reached,,not_reached,,not_reached,,dropped,onboarding,user_abandon,Did not discover product before/during trip,12.0,2026-W23,1,False,IN-00242-A1
IN-00243,inbound,Nepal,Authorized Issuer App,Tourist,iOS,2026-05-17,5,success,11.5,success,54.7,success,11.9,success,19.3,success,17.4,success,2.0,converted,,,,116.8,2026-W20,1,False,IN-00243-A1
IN-00244,inbound,Singapore,Airport Kiosk,Tourist,iOS,2026-07-16,5,drop_business_decline,15.5,not_reached,,not_reached,,not_reached,,not_reached,,not_reached,,dropped,onboarding,business_decline,Source country not in eligible pilot list,15.5,2026-W29,1,False,IN-00244-A1
IN-00245,inbound,UAE,Authorized Issuer App,NRI,Android,2026-05-09,3,success,63.6,success,10.7,success,3.6,success,10.6,success,1.0,success,20.5,converted,,,,110.0,2026-W19,1,False,IN-00245-A1
IN-00246,inbound,France,Authorized Issuer App,Student,Android,2026-05-27,5,success,27.4,success,12.5,success,23.1,success,10.8,success,18.2,success,19.8,converted,,,,111.8,2026-W22,1,False,IN-00246-A1
IN-00247,inbound,France,Authorized Issuer App,Tourist,Android,2026-06-23,5,success,35.6,success,44.1,success,29.1,success,10.5,success,11.5,success,13.8,converted,,,,144.6,2026-W26,1,False,IN-00247-A1
IN-00248,inbound,Singapore,Authorized Issuer App,NRI,iOS,2026-05-17,5,drop_user_abandon,52.4,not_reached,,not_reached,,not_reached,,not_reached,,not_reached,,dropped,onboarding,user_abandon,Did not discover product before/during trip,52.4,2026-W20,1,False,IN-00248-A1
IN-00249,inbound,UK,Airport Kiosk,Tourist,iOS,2026-07-19,10,drop_technical_fail,38.0,not_reached,,not_reached,,not_reached,,not_reached,,not_reached,,dropped,onboarding,technical_fail,International OTP delivery failure,38.0,2026-W29,1,False,IN-00249-A1
IN-00250,inbound,Bhutan,Authorized Issuer App,Tourist,iOS,2026-06-24,21,success,56.7,success,49.3,success,28.0,success,6.5,success,2.9,success,21.5,converted,,,,164.9,2026-W26,1,False,IN-00250-A1
IN-00251,inbound,Australia,Authorized Issuer App,Tourist,Android,2026-05-19,14,success,37.7,success,39.1,success,23.2,success,6.6,success,7.1,success,13.4,converted,,,,127.1,2026-W21,1,False,IN-00251-A1
IN-00252,inbound,Singapore,Airport Kiosk,Tourist,Android,2026-05-22,7,drop_business_decline,42.4,not_reached,,not_reached,,not_reached,,not_reached,,not_reached,,dropped,onboarding,business_decline,Source country not in eligible pilot list,42.4,2026-W21,1,False,IN-00252-A1
IN-00253,inbound,UK,Authorized Issuer App,Tourist,iOS,2026-07-15,5,success,7.6,success,36.0,success,9.4,success,5.5,success,16.0,success,97.1,converted,,,,171.6,2026-W29,1,False,IN-00253-A1
IN-00254,inbound,Singapore,Authorized Issuer App,Tourist,Android,2026-05-12,7,drop_user_abandon,17.5,not_reached,,not_reached,,not_reached,,not_reached,,not_reached,,dropped,onboarding,user_abandon,Did not discover product before/during trip,17.5,2026-W20,1,False,IN-00254-A1
IN-00255,inbound,UK,Airport Kiosk,Tourist,iOS,2026-05-31,3,success,9.7,success,11.5,success,12.5,success,18.3,success,1.4,success,41.0,converted,,,,94.4,2026-W22,1,False,IN-00255-A1
IN-00256,inbound,Nepal,Authorized Issuer App,NRI,iOS,2026-06-09,10,success,6.4,success,48.7,success,8.7,success,9.7,success,3.9,success,108.1,converted,,,,185.5,2026-W24,1,False,IN-00256-A1
IN-00257,inbound,UK,Authorized Issuer App,Tourist,Android,2026-05-17,7,success,44.3,success,29.9,success,18.6,success,9.7,success,10.5,success,18.7,converted,,,,131.7,2026-W20,1,False,IN-00257-A1
IN-00258,inbound,Singapore,Authorized Issuer App,Tourist,iOS,2026-05-30,5,success,13.3,success,33.2,success,10.1,success,13.6,success,4.8,success,22.3,converted,,,,97.3,2026-W22,1,False,IN-00258-A1
IN-00259,inbound,Nepal,Authorized Issuer App,Tourist,iOS,2026-07-17,3,success,83.3,success,10.8,drop_user_abandon,6.9,not_reached,,not_reached,,not_reached,,dropped,wallet_funding,user_abandon,Minimum load amount too high to trial,101.0,2026-W29,1,False,IN-00259-A1
IN-00260,inbound,USA,Hotel Partner Onboarding,Business Traveller,Android,2026-06-30,3,drop_business_decline,15.2,not_reached,,not_reached,,not_reached,,not_reached,,not_reached,,dropped,onboarding,business_decline,Source country not in eligible pilot list,15.2,2026-W27,1,False,IN-00260-A1
IN-00261,inbound,France,Hotel Partner Onboarding,Student,iOS,2026-05-05,5,success,69.4,success,43.2,drop_business_decline,3.6,not_reached,,not_reached,,not_reached,,dropped,wallet_funding,business_decline,Funding source not permitted under PPI norms,116.2,2026-W19,1,False,IN-00261-A1
IN-00262,inbound,Nepal,Airport Kiosk,NRI,iOS,2026-05-13,5,drop_user_abandon,23.3,not_reached,,not_reached,,not_reached,,not_reached,,not_reached,,dropped,onboarding,user_abandon,Did not discover product before/during trip,23.3,2026-W20,1,False,IN-00262-A1
IN-00263,inbound,Bhutan,Authorized Issuer App,Tourist,iOS,2026-07-05,14,success,10.3,success,29.9,success,15.5,success,5.0,success,3.5,success,31.3,converted,,,,95.5,2026-W27,1,False,IN-00263-A1
IN-00264,inbound,UAE,Authorized Issuer App,Business Traveller,Android,2026-07-06,7,success,4.3,success,15.6,success,12.9,drop_technical_fail,14.4,not_reached,,not_reached,,dropped,payment_p2m,technical_fail,"Merchant unfamiliar with foreign-linked UPI, hesitated/declined",47.2,2026-W28,1,False,IN-00264-A1
IN-00265,inbound,Singapore,Authorized Issuer App,Student,iOS,2026-05-20,10,drop_user_abandon,30.1,not_reached,,not_reached,,not_reached,,not_reached,,not_reached,,dropped,onboarding,user_abandon,Did not discover product before/during trip,30.1,2026-W21,1,False,IN-00265-A1
IN-00266,inbound,Bhutan,Airport Kiosk,NRI,Android,2026-05-14,5,success,31.8,success,31.6,drop_business_decline,5.7,not_reached,,not_reached,,not_reached,,dropped,wallet_funding,business_decline,Funding source not permitted under PPI norms,69.1,2026-W20,1,False,IN-00266-A1
IN-00267,inbound,France,Authorized Issuer App,NRI,iOS,2026-07-28,10,success,16.5,success,47.1,success,15.4,success,1.7,success,7.9,success,78.0,converted,,,,166.6,2026-W31,1,False,IN-00267-A1
IN-00268,inbound,Sri Lanka,Authorized Issuer App,Tourist,iOS,2026-05-03,5,success,14.0,success,18.6,success,18.2,success,1.5,success,18.6,success,61.0,converted,,,,131.9,2026-W18,1,False,IN-00268-A1
IN-00269,inbound,Nepal,Airport Kiosk,Business Traveller,iOS,2026-06-10,10,success,46.0,success,8.5,success,14.2,success,31.4,drop_technical_fail,11.9,not_reached,,dropped,authentication,technical_fail,PIN reset failed - no Indian mobile number for OTP,112.0,2026-W24,1,False,IN-00269-A1
IN-00270,inbound,Singapore,Hotel Partner Onboarding,Tourist,iOS,2026-06-16,21,success,11.9,success,35.2,success,35.1,success,10.6,success,7.6,success,24.4,converted,,,,124.8,2026-W25,1,False,IN-00270-A1
IN-00271,inbound,Bhutan,Airport Kiosk,Tourist,Android,2026-06-04,5,drop_user_abandon,23.4,not_reached,,not_reached,,not_reached,,not_reached,,not_reached,,dropped,onboarding,user_abandon,Did not discover product before/during trip,23.4,2026-W23,1,False,IN-00271-A1
IN-00272,inbound,Bhutan,Authorized Issuer App,Student,Android,2026-05-15,7,success,22.4,success,14.0,success,10.4,success,1.4,success,11.6,success,43.9,converted,,,,103.7,2026-W20,1,False,IN-00272-A1
IN-00273,inbound,Sri Lanka,Airport Kiosk,Tourist,iOS,2026-06-28,7,drop_technical_fail,38.2,not_reached,,not_reached,,not_reached,,not_reached,,not_reached,,dropped,onboarding,technical_fail,International OTP delivery failure,38.2,2026-W26,1,False,IN-00273-A1
IN-00274,inbound,UK,Hotel Partner Onboarding,NRI,Android,2026-07-22,21,drop_user_abandon,17.1,not_reached,,not_reached,,not_reached,,not_reached,,not_reached,,dropped,onboarding,user_abandon,Did not discover product before/during trip,17.1,2026-W30,1,False,IN-00274-A1
IN-00275,inbound,Nepal,Hotel Partner Onboarding,Business Traveller,iOS,2026-05-30,10,success,39.8,success,37.6,success,22.8,success,4.1,success,1.6,success,81.0,converted,,,,186.9,2026-W22,1,False,IN-00275-A1
IN-00276,inbound,Nepal,Authorized Issuer App,Tourist,Android,2026-05-05,14,success,19.6,success,58.2,success,20.6,success,3.6,success,10.5,success,34.4,converted,,,,146.9,2026-W19,1,False,IN-00276-A1
IN-00277,inbound,Singapore,Airport Kiosk,NRI,iOS,2026-06-19,7,drop_user_abandon,21.1,not_reached,,not_reached,,not_reached,,not_reached,,not_reached,,dropped,onboarding,user_abandon,Did not discover product before/during trip,21.1,2026-W25,1,False,IN-00277-A1
IN-00278,inbound,Australia,Airport Kiosk,Tourist,Android,2026-05-04,7,drop_user_abandon,9.0,not_reached,,not_reached,,not_reached,,not_reached,,not_reached,,dropped,onboarding,user_abandon,Did not discover product before/during trip,9.0,2026-W19,1,False,IN-00278-A1
IN-00279,inbound,UK,Airport Kiosk,Business Traveller,iOS,2026-06-27,14,success,37.0,success,62.4,success,27.0,success,7.1,success,12.1,success,38.0,converted,,,,183.6,2026-W26,1,False,IN-00279-A1
IN-00280,inbound,UK,Authorized Issuer App,Tourist,iOS,2026-06-01,5,success,3.6,success,156.4,success,20.5,success,15.9,success,8.1,success,67.0,converted,,,,271.5,2026-W23,1,False,IN-00280-A1
IN-00281,inbound,Sri Lanka,Authorized Issuer App,NRI,Android,2026-06-28,14,success,13.9,success,46.5,success,42.2,success,23.8,success,7.1,success,24.9,converted,,,,158.4,2026-W26,1,False,IN-00281-A1
IN-00282,inbound,France,Airport Kiosk,Tourist,iOS,2026-05-28,5,drop_business_decline,17.0,not_reached,,not_reached,,not_reached,,not_reached,,not_reached,,dropped,onboarding,business_decline,Source country not in eligible pilot list,17.0,2026-W22,1,False,IN-00282-A1
IN-00283,inbound,Australia,Authorized Issuer App,Tourist,Android,2026-05-30,7,drop_technical_fail,24.3,not_reached,,not_reached,,not_reached,,not_reached,,not_reached,,dropped,onboarding,technical_fail,International OTP delivery failure,24.3,2026-W22,1,False,IN-00283-A1
IN-00284,inbound,Nepal,Authorized Issuer App,Tourist,Android,2026-05-18,5,success,32.8,success,46.4,success,8.6,success,13.9,success,11.8,drop_user_abandon,24.1,dropped,exit_refund,user_abandon,Did not complete self-service wallet closure,137.6,2026-W21,1,False,IN-00284-A1
IN-00285,inbound,Australia,Hotel Partner Onboarding,Tourist,iOS,2026-07-26,5,success,29.3,success,16.8,success,14.1,success,9.1,success,2.6,success,2.1,converted,,,,74.0,2026-W30,1,False,IN-00285-A1
IN-00286,inbound,Mauritius,Authorized Issuer App,Business Traveller,iOS,2026-06-19,7,success,58.6,success,11.9,success,18.5,success,3.0,success,11.9,success,55.7,converted,,,,159.6,2026-W25,1,False,IN-00286-A1
IN-00287,inbound,Mauritius,Airport Kiosk,Business Traveller,iOS,2026-05-12,5,success,60.4,success,7.9,success,44.5,success,3.3,success,23.9,success,52.9,converted,,,,192.9,2026-W20,1,False,IN-00287-A1
IN-00288,inbound,Mauritius,Airport Kiosk,Tourist,iOS,2026-06-28,5,success,25.9,drop_technical_fail,26.6,not_reached,,not_reached,,not_reached,,not_reached,,dropped,kyc_verification,technical_fail,Passport OCR failed to parse non-standard format,52.5,2026-W26,1,False,IN-00288-A1
IN-00289,inbound,France,Authorized Issuer App,Tourist,Android,2026-07-22,3,success,27.4,success,23.0,success,6.4,success,9.2,success,1.0,success,13.1,converted,,,,80.1,2026-W30,1,False,IN-00289-A1
IN-00290,inbound,Bhutan,Authorized Issuer App,NRI,iOS,2026-07-02,10,success,44.2,success,49.2,success,16.6,success,19.1,success,5.9,success,13.9,converted,,,,148.9,2026-W27,1,False,IN-00290-A1
IN-00291,inbound,USA,Authorized Issuer App,Tourist,iOS,2026-06-10,5,success,18.5,success,34.0,drop_business_decline,21.4,not_reached,,not_reached,,not_reached,,dropped,wallet_funding,business_decline,Funding source not permitted under PPI norms,73.9,2026-W24,1,False,IN-00291-A1
IN-00292,inbound,UK,Authorized Issuer App,Tourist,Android,2026-05-28,5,drop_technical_fail,58.6,not_reached,,not_reached,,not_reached,,not_reached,,not_reached,,dropped,onboarding,technical_fail,International OTP delivery failure,58.6,2026-W22,1,False,IN-00292-A1
IN-00293,inbound,Singapore,Authorized Issuer App,Tourist,iOS,2026-07-28,10,drop_technical_fail,26.1,not_reached,,not_reached,,not_reached,,not_reached,,not_reached,,dropped,onboarding,technical_fail,International OTP delivery failure,26.1,2026-W31,1,False,IN-00293-A1
IN-00294,inbound,Bhutan,Authorized Issuer App,Tourist,iOS,2026-06-24,5,success,14.3,success,33.0,success,9.0,success,10.9,success,7.0,success,89.1,converted,,,,163.3,2026-W26,1,False,IN-00294-A1
IN-00295,inbound,Mauritius,Authorized Issuer App,Tourist,iOS,2026-06-08,14,drop_business_decline,14.1,not_reached,,not_reached,,not_reached,,not_reached,,not_reached,,dropped,onboarding,business_decline,Source country not in eligible pilot list,14.1,2026-W24,1,False,IN-00295-A1
IN-00296,inbound,Bhutan,Authorized Issuer App,Student,Android,2026-05-19,10,success,25.2,success,16.3,success,20.1,success,10.5,success,17.2,success,25.9,converted,,,,115.2,2026-W21,1,False,IN-00296-A1
IN-00297,inbound,Mauritius,Authorized Issuer App,Tourist,iOS,2026-07-10,7,success,47.0,success,23.2,success,13.4,success,5.7,success,13.3,success,34.5,converted,,,,137.1,2026-W28,1,False,IN-00297-A1
IN-00298,inbound,Australia,Airport Kiosk,NRI,Android,2026-05-01,5,drop_technical_fail,9.3,not_reached,,not_reached,,not_reached,,not_reached,,not_reached,,dropped,onboarding,technical_fail,International OTP delivery failure,9.3,2026-W18,1,False,IN-00298-A1
IN-00299,inbound,USA,Airport Kiosk,NRI,iOS,2026-07-25,5,success,48.2,success,27.7,drop_business_decline,18.9,not_reached,,not_reached,,not_reached,,dropped,wallet_funding,business_decline,Funding source not permitted under PPI norms,94.8,2026-W30,1,False,IN-00299-A1
IN-00300,inbound,UK,Airport Kiosk,Tourist,iOS,2026-07-14,7,drop_user_abandon,41.5,not_reached,,not_reached,,not_reached,,not_reached,,not_reached,,dropped,onboarding,user_abandon,Did not discover product before/during trip,41.5,2026-W29,1,False,IN-00300-A1
IN-00301,inbound,Australia,Airport Kiosk,Tourist,iOS,2026-05-13,5,success,26.8,success,6.5,success,15.4,success,4.6,success,5.5,success,10.7,converted,,,,69.5,2026-W20,1,False,IN-00301-A1
IN-00302,inbound,France,Airport Kiosk,Tourist,iOS,2026-05-15,5,drop_business_decline,26.9,not_reached,,not_reached,,not_reached,,not_reached,,not_reached,,dropped,onboarding,business_decline,Source country not in eligible pilot list,26.9,2026-W20,1,False,IN-00302-A1
IN-00303,inbound,USA,Authorized Issuer App,NRI,Android,2026-06-23,5,success,21.7,success,50.6,success,10.4,success,2.1,drop_user_abandon,16.3,not_reached,,dropped,authentication,user_abandon,PIN format mismatch with home-market expectations,101.1,2026-W26,1,False,IN-00303-A1
IN-00304,inbound,France,Authorized Issuer App,Business Traveller,Android,2026-05-31,5,success,12.3,drop_technical_fail,14.6,not_reached,,not_reached,,not_reached,,not_reached,,dropped,kyc_verification,technical_fail,Passport OCR failed to parse non-standard format,26.9,2026-W22,1,False,IN-00304-A1
IN-00305,inbound,UK,Hotel Partner Onboarding,Tourist,iOS,2026-06-20,14,drop_user_abandon,121.3,not_reached,,not_reached,,not_reached,,not_reached,,not_reached,,dropped,onboarding,user_abandon,Did not discover product before/during trip,121.3,2026-W25,1,False,IN-00305-A1
IN-00306,inbound,Nepal,Authorized Issuer App,Business Traveller,iOS,2026-06-04,7,drop_user_abandon,56.6,not_reached,,not_reached,,not_reached,,not_reached,,not_reached,,dropped,onboarding,user_abandon,Did not discover product before/during trip,56.6,2026-W23,1,False,IN-00306-A1
IN-00307,inbound,Singapore,Airport Kiosk,NRI,Android,2026-06-20,5,drop_technical_fail,16.4,not_reached,,not_reached,,not_reached,,not_reached,,not_reached,,dropped,onboarding,technical_fail,International OTP delivery failure,16.4,2026-W25,1,False,IN-00307-A1
IN-00308,inbound,Bhutan,Airport Kiosk,Tourist,Android,2026-05-05,10,success,7.7,success,124.3,success,20.3,success,5.8,success,9.8,success,63.1,converted,,,,231.0,2026-W19,1,False,IN-00308-A1
IN-00309,inbound,USA,Hotel Partner Onboarding,NRI,Android,2026-06-27,3,drop_user_abandon,75.1,not_reached,,not_reached,,not_reached,,not_reached,,not_reached,,dropped,onboarding,user_abandon,Did not discover product before/during trip,75.1,2026-W26,1,False,IN-00309-A1
IN-00310,inbound,Australia,Hotel Partner Onboarding,Tourist,iOS,2026-05-08,3,success,41.6,drop_user_abandon,12.1,not_reached,,not_reached,,not_reached,,not_reached,,dropped,kyc_verification,user_abandon,Gave up after repeated scan failures,53.7,2026-W19,1,False,IN-00310-A1
IN-00311,inbound,Australia,Airport Kiosk,Tourist,Android,2026-06-17,7,drop_business_decline,51.6,not_reached,,not_reached,,not_reached,,not_reached,,not_reached,,dropped,onboarding,business_decline,Source country not in eligible pilot list,51.6,2026-W25,1,False,IN-00311-A1
IN-00312,inbound,Singapore,Authorized Issuer App,Tourist,Android,2026-07-06,3,success,36.1,drop_user_abandon,61.0,not_reached,,not_reached,,not_reached,,not_reached,,dropped,kyc_verification,user_abandon,Gave up after repeated scan failures,97.1,2026-W28,1,False,IN-00312-A1
IN-00313,inbound,USA,Authorized Issuer App,Tourist,iOS,2026-07-29,5,success,15.6,drop_business_decline,49.0,not_reached,,not_reached,,not_reached,,not_reached,,dropped,kyc_verification,business_decline,Visa-type not supported / manual review reject,64.6,2026-W31,1,False,IN-00313-A1
IN-00314,inbound,Bhutan,Hotel Partner Onboarding,Tourist,Android,2026-07-26,7,success,14.3,success,70.2,success,13.1,success,10.1,success,13.6,success,24.5,converted,,,,145.8,2026-W30,1,False,IN-00314-A1
IN-00315,inbound,Australia,Authorized Issuer App,Tourist,iOS,2026-05-19,10,success,56.3,success,123.8,success,12.9,success,3.1,success,8.7,success,162.1,converted,,,,366.9,2026-W21,1,False,IN-00315-A1
IN-00316,inbound,Singapore,Authorized Issuer App,Business Traveller,iOS,2026-07-10,14,drop_user_abandon,6.9,not_reached,,not_reached,,not_reached,,not_reached,,not_reached,,dropped,onboarding,user_abandon,Did not discover product before/during trip,6.9,2026-W28,1,False,IN-00316-A1
IN-00317,inbound,Nepal,Authorized Issuer App,Tourist,Android,2026-05-02,14,success,46.4,drop_business_decline,18.4,not_reached,,not_reached,,not_reached,,not_reached,,dropped,kyc_verification,business_decline,Visa-type not supported / manual review reject,64.8,2026-W18,1,False,IN-00317-A1
IN-00318,inbound,Nepal,Hotel Partner Onboarding,Tourist,Android,2026-07-04,3,drop_business_decline,37.3,not_reached,,not_reached,,not_reached,,not_reached,,not_reached,,dropped,onboarding,business_decline,Source country not in eligible pilot list,37.3,2026-W27,1,False,IN-00318-A1
IN-00319,inbound,Sri Lanka,Authorized Issuer App,NRI,Android,2026-06-23,10,drop_technical_fail,33.2,not_reached,,not_reached,,not_reached,,not_reached,,not_reached,,dropped,onboarding,technical_fail,International OTP delivery failure,33.2,2026-W26,1,False,IN-00319-A1
IN-00320,inbound,UK,Authorized Issuer App,Tourist,iOS,2026-05-06,7,drop_technical_fail,21.0,not_reached,,not_reached,,not_reached,,not_reached,,not_reached,,dropped,onboarding,technical_fail,International OTP delivery failure,21.0,2026-W19,1,False,IN-00320-A1
IN-00321,inbound,France,Authorized Issuer App,Tourist,iOS,2026-05-25,5,success,8.8,drop_user_abandon,50.4,not_reached,,not_reached,,not_reached,,not_reached,,dropped,kyc_verification,user_abandon,Gave up after repeated scan failures,59.2,2026-W22,1,False,IN-00321-A1
IN-00322,inbound,France,Hotel Partner Onboarding,Business Traveller,Android,2026-07-21,10,drop_technical_fail,68.4,not_reached,,not_reached,,not_reached,,not_reached,,not_reached,,dropped,onboarding,technical_fail,International OTP delivery failure,68.4,2026-W30,1,False,IN-00322-A1
IN-00323,inbound,Mauritius,Airport Kiosk,Tourist,Android,2026-06-22,3,success,12.4,success,46.8,success,14.2,success,1.5,success,8.2,drop_business_decline,40.7,dropped,exit_refund,business_decline,FEMA refund rule required manual review,123.8,2026-W26,1,False,IN-00323-A1
IN-00324,inbound,USA,Authorized Issuer App,Tourist,Android,2026-05-15,10,success,23.1,drop_technical_fail,20.5,not_reached,,not_reached,,not_reached,,not_reached,,dropped,kyc_verification,technical_fail,Passport OCR failed to parse non-standard format,43.6,2026-W20,1,False,IN-00324-A1
IN-00325,inbound,UAE,Authorized Issuer App,Tourist,Android,2026-07-03,7,success,23.4,success,37.8,success,5.2,success,33.9,success,4.5,success,20.1,converted,,,,124.9,2026-W27,1,False,IN-00325-A1
IN-00326,inbound,Singapore,Airport Kiosk,Tourist,Android,2026-06-12,5,success,24.3,success,26.5,success,3.5,success,25.3,success,23.6,success,22.9,converted,,,,126.1,2026-W24,1,False,IN-00326-A1
IN-00327,inbound,Singapore,Authorized Issuer App,Tourist,Android,2026-05-14,3,success,21.2,success,19.9,drop_technical_fail,27.8,not_reached,,not_reached,,not_reached,,dropped,wallet_funding,technical_fail,International card declined by issuer (cross-border block),68.9,2026-W20,1,False,IN-00327-A1
IN-00328,inbound,Bhutan,Hotel Partner Onboarding,Tourist,iOS,2026-05-01,3,success,95.1,drop_user_abandon,73.3,not_reached,,not_reached,,not_reached,,not_reached,,dropped,kyc_verification,user_abandon,Gave up after repeated scan failures,168.4,2026-W18,1,False,IN-00328-A1
IN-00329,inbound,Australia,Hotel Partner Onboarding,Tourist,Android,2026-07-05,5,drop_technical_fail,40.5,not_reached,,not_reached,,not_reached,,not_reached,,not_reached,,dropped,onboarding,technical_fail,International OTP delivery failure,40.5,2026-W27,1,False,IN-00329-A1
IN-00330,inbound,UK,Airport Kiosk,Business Traveller,iOS,2026-06-19,10,success,23.5,success,23.0,success,15.4,success,5.9,success,24.4,success,14.8,converted,,,,107.0,2026-W25,1,False,IN-00330-A1
IN-00331,inbound,UK,Airport Kiosk,Tourist,Android,2026-06-14,7,drop_business_decline,15.5,not_reached,,not_reached,,not_reached,,not_reached,,not_reached,,dropped,onboarding,business_decline,Source country not in eligible pilot list,15.5,2026-W24,1,False,IN-00331-A1
IN-00332,inbound,Bhutan,Authorized Issuer App,Tourist,iOS,2026-05-17,14,success,5.3,success,8.9,success,2.4,success,12.4,success,5.3,success,28.8,converted,,,,63.1,2026-W20,1,False,IN-00332-A1
IN-00333,inbound,Sri Lanka,Authorized Issuer App,Tourist,iOS,2026-07-07,5,success,4.9,success,37.7,drop_user_abandon,36.7,not_reached,,not_reached,,not_reached,,dropped,wallet_funding,user_abandon,Minimum load amount too high to trial,79.3,2026-W28,1,False,IN-00333-A1
IN-00334,inbound,France,Hotel Partner Onboarding,Tourist,Android,2026-07-02,10,success,14.5,success,12.9,success,57.7,success,11.2,success,10.0,success,36.8,converted,,,,143.1,2026-W27,1,False,IN-00334-A1
IN-00335,inbound,USA,Hotel Partner Onboarding,Tourist,Android,2026-05-10,5,success,68.6,success,46.8,success,9.0,success,21.2,success,8.1,success,18.9,converted,,,,172.6,2026-W19,1,False,IN-00335-A1
IN-00336,inbound,Nepal,Authorized Issuer App,Tourist,Android,2026-06-20,7,drop_business_decline,42.9,not_reached,,not_reached,,not_reached,,not_reached,,not_reached,,dropped,onboarding,business_decline,Source country not in eligible pilot list,42.9,2026-W25,1,False,IN-00336-A1
IN-00337,inbound,Bhutan,Authorized Issuer App,Business Traveller,Android,2026-06-14,14,success,9.9,success,20.4,success,12.2,success,4.0,success,4.0,success,20.4,converted,,,,70.9,2026-W24,1,False,IN-00337-A1
IN-00338,inbound,Australia,Airport Kiosk,NRI,Android,2026-05-19,3,success,22.0,drop_user_abandon,61.4,not_reached,,not_reached,,not_reached,,not_reached,,dropped,kyc_verification,user_abandon,Gave up after repeated scan failures,83.4,2026-W21,1,False,IN-00338-A1
IN-00339,inbound,Mauritius,Airport Kiosk,Business Traveller,Android,2026-06-15,5,drop_technical_fail,32.0,not_reached,,not_reached,,not_reached,,not_reached,,not_reached,,dropped,onboarding,technical_fail,International OTP delivery failure,32.0,2026-W25,1,False,IN-00339-A1
IN-00340,inbound,France,Airport Kiosk,Business Traveller,Android,2026-07-02,5,success,9.2,success,29.7,success,11.3,success,9.8,success,14.9,drop_technical_fail,27.7,dropped,exit_refund,technical_fail,Refund automation failed to trigger on trip-end,102.6,2026-W27,1,False,IN-00340-A1
IN-00341,inbound,UAE,Hotel Partner Onboarding,Tourist,iOS,2026-06-29,14,drop_technical_fail,22.0,not_reached,,not_reached,,not_reached,,not_reached,,not_reached,,dropped,onboarding,technical_fail,International OTP delivery failure,22.0,2026-W27,1,False,IN-00341-A1
IN-00342,inbound,UK,Airport Kiosk,Tourist,Android,2026-06-28,7,success,28.6,success,42.5,drop_technical_fail,36.2,not_reached,,not_reached,,not_reached,,dropped,wallet_funding,technical_fail,International card declined by issuer (cross-border block),107.3,2026-W26,1,False,IN-00342-A1
IN-00343,inbound,Australia,Airport Kiosk,Tourist,Android,2026-07-07,10,success,46.1,success,67.0,success,27.7,success,10.4,success,3.1,success,16.0,converted,,,,170.3,2026-W28,1,False,IN-00343-A1
IN-00344,inbound,Nepal,Airport Kiosk,Tourist,Android,2026-05-27,7,success,8.5,success,23.8,success,11.9,success,10.2,success,4.9,success,94.2,converted,,,,153.5,2026-W22,1,False,IN-00344-A1
IN-00345,inbound,UK,Authorized Issuer App,Tourist,Android,2026-06-09,3,success,22.9,drop_user_abandon,34.7,not_reached,,not_reached,,not_reached,,not_reached,,dropped,kyc_verification,user_abandon,Gave up after repeated scan failures,57.6,2026-W24,1,False,IN-00345-A1
IN-00346,inbound,Mauritius,Airport Kiosk,NRI,iOS,2026-06-06,3,success,32.9,drop_business_decline,28.3,not_reached,,not_reached,,not_reached,,not_reached,,dropped,kyc_verification,business_decline,Visa-type not supported / manual review reject,61.2,2026-W23,1,False,IN-00346-A1
IN-00347,inbound,Bhutan,Authorized Issuer App,Business Traveller,Android,2026-06-01,5,success,30.9,success,20.3,drop_user_abandon,13.2,not_reached,,not_reached,,not_reached,,dropped,wallet_funding,user_abandon,Minimum load amount too high to trial,64.4,2026-W23,1,False,IN-00347-A1
IN-00348,inbound,Nepal,Airport Kiosk,Tourist,iOS,2026-07-09,3,success,83.0,success,82.7,success,29.5,success,12.2,success,13.1,success,20.5,converted,,,,241.0,2026-W28,1,False,IN-00348-A1
IN-00349,inbound,Australia,Hotel Partner Onboarding,Tourist,Android,2026-05-27,7,success,37.2,success,14.9,drop_user_abandon,7.8,not_reached,,not_reached,,not_reached,,dropped,wallet_funding,user_abandon,Minimum load amount too high to trial,59.9,2026-W22,1,False,IN-00349-A1
IN-00350,inbound,Australia,Hotel Partner Onboarding,Tourist,Android,2026-06-15,10,success,7.5,success,58.6,success,22.2,drop_business_decline,8.2,not_reached,,not_reached,,dropped,payment_p2m,business_decline,Merchant category not enabled,96.5,2026-W25,1,False,IN-00350-A1
IN-00351,inbound,France,Authorized Issuer App,NRI,Android,2026-05-06,7,success,35.4,drop_technical_fail,10.2,not_reached,,not_reached,,not_reached,,not_reached,,dropped,kyc_verification,technical_fail,Passport OCR failed to parse non-standard format,45.6,2026-W19,1,False,IN-00351-A1
IN-00352,inbound,UAE,Authorized Issuer App,NRI,Android,2026-05-26,3,success,99.3,success,28.8,success,16.9,success,17.6,success,23.1,success,25.2,converted,,,,210.9,2026-W22,1,False,IN-00352-A1
IN-00353,inbound,Sri Lanka,Authorized Issuer App,Business Traveller,Android,2026-07-25,7,drop_user_abandon,50.1,not_reached,,not_reached,,not_reached,,not_reached,,not_reached,,dropped,onboarding,user_abandon,Did not discover product before/during trip,50.1,2026-W30,1,False,IN-00353-A1
IN-00354,inbound,Nepal,Authorized Issuer App,NRI,Android,2026-07-14,5,success,19.4,drop_business_decline,21.1,not_reached,,not_reached,,not_reached,,not_reached,,dropped,kyc_verification,business_decline,Visa-type not supported / manual review reject,40.5,2026-W29,1,False,IN-00354-A1
IN-00355,inbound,USA,Airport Kiosk,NRI,Android,2026-06-05,5,drop_business_decline,7.6,not_reached,,not_reached,,not_reached,,not_reached,,not_reached,,dropped,onboarding,business_decline,Source country not in eligible pilot list,7.6,2026-W23,1,False,IN-00355-A1
IN-00356,inbound,UK,Authorized Issuer App,Tourist,iOS,2026-07-07,5,success,38.2,success,14.9,success,15.1,success,29.1,success,16.4,success,35.1,converted,,,,148.8,2026-W28,1,False,IN-00356-A1
IN-00357,inbound,UAE,Authorized Issuer App,Student,Android,2026-06-11,14,success,65.7,success,79.6,drop_technical_fail,33.3,not_reached,,not_reached,,not_reached,,dropped,wallet_funding,technical_fail,International card declined by issuer (cross-border block),178.6,2026-W24,1,False,IN-00357-A1
IN-00358,inbound,USA,Airport Kiosk,Business Traveller,Android,2026-05-28,14,success,31.1,drop_business_decline,8.7,not_reached,,not_reached,,not_reached,,not_reached,,dropped,kyc_verification,business_decline,Visa-type not supported / manual review reject,39.8,2026-W22,1,False,IN-00358-A1
IN-00359,inbound,Sri Lanka,Authorized Issuer App,Tourist,iOS,2026-05-07,10,success,17.1,drop_user_abandon,62.7,not_reached,,not_reached,,not_reached,,not_reached,,dropped,kyc_verification,user_abandon,Gave up after repeated scan failures,79.8,2026-W19,1,False,IN-00359-A1
IN-00360,inbound,Australia,Authorized Issuer App,Tourist,iOS,2026-07-14,21,drop_technical_fail,36.7,not_reached,,not_reached,,not_reached,,not_reached,,not_reached,,dropped,onboarding,technical_fail,International OTP delivery failure,36.7,2026-W29,1,False,IN-00360-A1
IN-00361,inbound,UK,Authorized Issuer App,NRI,Android,2026-05-25,21,success,37.2,success,40.8,success,75.6,success,5.4,success,17.4,success,10.4,converted,,,,186.8,2026-W22,1,False,IN-00361-A1
IN-00362,inbound,Nepal,Hotel Partner Onboarding,Tourist,Android,2026-05-02,14,success,2.4,drop_user_abandon,33.1,not_reached,,not_reached,,not_reached,,not_reached,,dropped,kyc_verification,user_abandon,Gave up after repeated scan failures,35.5,2026-W18,1,False,IN-00362-A1
IN-00363,inbound,Australia,Airport Kiosk,NRI,iOS,2026-06-25,10,drop_technical_fail,13.2,not_reached,,not_reached,,not_reached,,not_reached,,not_reached,,dropped,onboarding,technical_fail,International OTP delivery failure,13.2,2026-W26,1,False,IN-00363-A1
IN-00364,inbound,Mauritius,Airport Kiosk,Business Traveller,Android,2026-07-04,5,drop_technical_fail,44.4,not_reached,,not_reached,,not_reached,,not_reached,,not_reached,,dropped,onboarding,technical_fail,International OTP delivery failure,44.4,2026-W27,1,False,IN-00364-A1
IN-00365,inbound,Bhutan,Airport Kiosk,Tourist,Android,2026-05-28,3,success,7.4,success,112.1,success,15.2,success,4.8,success,10.6,success,84.0,converted,,,,234.1,2026-W22,1,False,IN-00365-A1
IN-00366,inbound,Mauritius,Authorized Issuer App,Tourist,iOS,2026-05-06,14,success,21.0,success,10.2,success,16.3,success,16.1,drop_technical_fail,1.7,not_reached,,dropped,authentication,technical_fail,PIN reset failed - no Indian mobile number for OTP,65.3,2026-W19,1,False,IN-00366-A1
IN-00367,inbound,USA,Airport Kiosk,Tourist,Android,2026-06-18,3,drop_business_decline,4.4,not_reached,,not_reached,,not_reached,,not_reached,,not_reached,,dropped,onboarding,business_decline,Source country not in eligible pilot list,4.4,2026-W25,1,False,IN-00367-A1
IN-00368,inbound,Nepal,Airport Kiosk,Tourist,Android,2026-07-20,10,success,12.0,success,49.3,success,29.2,success,39.4,success,13.3,success,44.6,converted,,,,187.8,2026-W30,1,False,IN-00368-A1
IN-00369,inbound,UAE,Airport Kiosk,NRI,iOS,2026-06-16,7,success,19.1,success,2.5,success,6.9,success,1.3,success,8.4,success,17.2,converted,,,,55.4,2026-W25,1,False,IN-00369-A1
IN-00370,inbound,UK,Authorized Issuer App,Business Traveller,iOS,2026-06-30,5,drop_technical_fail,23.2,not_reached,,not_reached,,not_reached,,not_reached,,not_reached,,dropped,onboarding,technical_fail,International OTP delivery failure,23.2,2026-W27,1,False,IN-00370-A1
IN-00371,inbound,Sri Lanka,Authorized Issuer App,NRI,iOS,2026-06-23,14,drop_business_decline,57.6,not_reached,,not_reached,,not_reached,,not_reached,,not_reached,,dropped,onboarding,business_decline,Source country not in eligible pilot list,57.6,2026-W26,1,False,IN-00371-A1
IN-00372,inbound,Nepal,Authorized Issuer App,Tourist,iOS,2026-07-10,5,drop_user_abandon,34.9,not_reached,,not_reached,,not_reached,,not_reached,,not_reached,,dropped,onboarding,user_abandon,Did not discover product before/during trip,34.9,2026-W28,1,False,IN-00372-A1
IN-00373,inbound,Bhutan,Authorized Issuer App,Tourist,Android,2026-05-18,5,success,37.9,success,33.9,success,31.5,success,10.1,success,5.2,success,7.1,converted,,,,125.7,2026-W21,1,False,IN-00373-A1
IN-00374,inbound,USA,Authorized Issuer App,Tourist,iOS,2026-07-28,10,success,70.0,success,55.0,success,14.5,success,5.8,success,23.5,success,15.5,converted,,,,184.3,2026-W31,1,False,IN-00374-A1
IN-00375,inbound,Sri Lanka,Airport Kiosk,Tourist,Android,2026-06-23,7,drop_business_decline,48.1,not_reached,,not_reached,,not_reached,,not_reached,,not_reached,,dropped,onboarding,business_decline,Source country not in eligible pilot list,48.1,2026-W26,1,False,IN-00375-A1
IN-00376,inbound,Sri Lanka,Authorized Issuer App,Tourist,iOS,2026-07-07,10,success,19.0,drop_user_abandon,24.6,not_reached,,not_reached,,not_reached,,not_reached,,dropped,kyc_verification,user_abandon,Gave up after repeated scan failures,43.6,2026-W28,1,False,IN-00376-A1
IN-00377,inbound,Singapore,Authorized Issuer App,Tourist,iOS,2026-05-09,7,success,73.8,success,10.5,success,11.3,success,8.7,success,14.0,success,82.7,converted,,,,201.0,2026-W19,1,False,IN-00377-A1
IN-00378,inbound,Australia,Hotel Partner Onboarding,Tourist,Android,2026-05-19,7,success,74.8,success,42.6,success,78.8,success,14.3,success,20.1,drop_user_abandon,5.8,dropped,exit_refund,user_abandon,Did not complete self-service wallet closure,236.4,2026-W21,1,False,IN-00378-A1
IN-00379,inbound,Mauritius,Hotel Partner Onboarding,Tourist,Android,2026-06-22,5,drop_user_abandon,95.5,not_reached,,not_reached,,not_reached,,not_reached,,not_reached,,dropped,onboarding,user_abandon,Did not discover product before/during trip,95.5,2026-W26,1,False,IN-00379-A1
IN-00380,inbound,Mauritius,Authorized Issuer App,Tourist,Android,2026-05-18,7,drop_business_decline,20.7,not_reached,,not_reached,,not_reached,,not_reached,,not_reached,,dropped,onboarding,business_decline,Source country not in eligible pilot list,20.7,2026-W21,1,False,IN-00380-A1
IN-00381,inbound,Singapore,Hotel Partner Onboarding,Business Traveller,iOS,2026-06-26,5,drop_technical_fail,28.0,not_reached,,not_reached,,not_reached,,not_reached,,not_reached,,dropped,onboarding,technical_fail,International OTP delivery failure,28.0,2026-W26,1,False,IN-00381-A1
IN-00382,inbound,Mauritius,Authorized Issuer App,Tourist,iOS,2026-06-05,7,success,15.7,success,14.9,success,6.1,success,8.7,success,5.1,success,30.9,converted,,,,81.4,2026-W23,1,False,IN-00382-A1
IN-00383,inbound,Sri Lanka,Authorized Issuer App,Tourist,Android,2026-07-29,5,drop_business_decline,73.0,not_reached,,not_reached,,not_reached,,not_reached,,not_reached,,dropped,onboarding,business_decline,Source country not in eligible pilot list,73.0,2026-W31,1,False,IN-00383-A1
IN-00384,inbound,Nepal,Authorized Issuer App,Tourist,iOS,2026-06-09,14,success,69.2,success,24.2,success,4.8,drop_user_abandon,18.8,not_reached,,not_reached,,dropped,payment_p2m,user_abandon,"App not localized, hesitated at checkout",117.0,2026-W24,1,False,IN-00384-A1
IN-00385,inbound,Singapore,Hotel Partner Onboarding,Business Traveller,iOS,2026-07-10,7,success,20.8,success,17.7,drop_user_abandon,7.4,not_reached,,not_reached,,not_reached,,dropped,wallet_funding,user_abandon,Minimum load amount too high to trial,45.9,2026-W28,1,False,IN-00385-A1
IN-00386,inbound,Australia,Authorized Issuer App,NRI,Android,2026-05-22,10,success,21.8,success,16.7,drop_business_decline,3.8,not_reached,,not_reached,,not_reached,,dropped,wallet_funding,business_decline,Funding source not permitted under PPI norms,42.3,2026-W21,1,False,IN-00386-A1
IN-00387,inbound,Australia,Airport Kiosk,Business Traveller,iOS,2026-06-23,21,success,22.2,success,71.2,success,33.6,success,1.1,success,25.0,success,37.8,converted,,,,190.9,2026-W26,1,False,IN-00387-A1
IN-00388,inbound,France,Hotel Partner Onboarding,Student,iOS,2026-07-18,14,success,42.2,drop_user_abandon,28.9,not_reached,,not_reached,,not_reached,,not_reached,,dropped,kyc_verification,user_abandon,Gave up after repeated scan failures,71.1,2026-W29,1,False,IN-00388-A1
IN-00389,inbound,USA,Authorized Issuer App,Business Traveller,iOS,2026-05-08,10,success,17.3,success,107.3,success,16.0,success,2.1,success,4.2,success,16.0,converted,,,,162.9,2026-W19,1,False,IN-00389-A1
IN-00390,inbound,USA,Hotel Partner Onboarding,NRI,iOS,2026-07-28,5,drop_business_decline,13.0,not_reached,,not_reached,,not_reached,,not_reached,,not_reached,,dropped,onboarding,business_decline,Source country not in eligible pilot list,13.0,2026-W31,1,False,IN-00390-A1
IN-00391,inbound,Singapore,Airport Kiosk,Business Traveller,iOS,2026-05-05,10,success,58.3,success,13.2,success,34.8,success,1.9,drop_technical_fail,10.6,not_reached,,dropped,authentication,technical_fail,PIN reset failed - no Indian mobile number for OTP,118.8,2026-W19,1,False,IN-00391-A1
IN-00392,inbound,Bhutan,Authorized Issuer App,NRI,Android,2026-05-04,7,success,22.7,success,76.7,success,22.1,success,10.3,success,23.1,success,44.4,converted,,,,199.3,2026-W19,1,False,IN-00392-A1
IN-00393,inbound,Nepal,Authorized Issuer App,Tourist,Android,2026-05-27,5,drop_business_decline,20.2,not_reached,,not_reached,,not_reached,,not_reached,,not_reached,,dropped,onboarding,business_decline,Source country not in eligible pilot list,20.2,2026-W22,1,False,IN-00393-A1
IN-00394,inbound,France,Hotel Partner Onboarding,Student,iOS,2026-05-22,5,drop_user_abandon,49.5,not_reached,,not_reached,,not_reached,,not_reached,,not_reached,,dropped,onboarding,user_abandon,Did not discover product before/during trip,49.5,2026-W21,1,False,IN-00394-A1
IN-00395,inbound,Sri Lanka,Hotel Partner Onboarding,Tourist,Android,2026-06-10,7,success,82.0,success,26.9,success,12.8,success,11.1,success,12.6,success,44.7,converted,,,,190.1,2026-W24,1,False,IN-00395-A1
IN-00396,inbound,USA,Authorized Issuer App,NRI,Android,2026-06-11,21,success,36.1,success,26.8,success,14.2,success,6.6,success,21.4,success,37.7,converted,,,,142.8,2026-W24,1,False,IN-00396-A1
IN-00397,inbound,Nepal,Authorized Issuer App,Business Traveller,iOS,2026-07-28,7,success,90.6,success,65.4,success,8.2,success,7.7,success,26.6,success,19.2,converted,,,,217.7,2026-W31,1,False,IN-00397-A1
IN-00398,inbound,Australia,Airport Kiosk,Tourist,iOS,2026-06-06,5,drop_technical_fail,19.6,not_reached,,not_reached,,not_reached,,not_reached,,not_reached,,dropped,onboarding,technical_fail,International OTP delivery failure,19.6,2026-W23,1,False,IN-00398-A1
IN-00399,inbound,USA,Authorized Issuer App,Business Traveller,Android,2026-06-09,10,drop_user_abandon,20.1,not_reached,,not_reached,,not_reached,,not_reached,,not_reached,,dropped,onboarding,user_abandon,Did not discover product before/during trip,20.1,2026-W24,1,False,IN-00399-A1
IN-00400,inbound,Bhutan,Airport Kiosk,Tourist,iOS,2026-05-20,7,drop_technical_fail,22.9,not_reached,,not_reached,,not_reached,,not_reached,,not_reached,,dropped,onboarding,technical_fail,International OTP delivery failure,22.9,2026-W21,1,False,IN-00400-A1
IN-00401,inbound,Mauritius,Hotel Partner Onboarding,Tourist,Android,2026-07-08,10,success,17.3,success,48.4,success,40.6,success,21.2,drop_business_decline,7.8,not_reached,,dropped,authentication,business_decline,Risk engine blocked as anomalous,135.3,2026-W28,1,False,IN-00401-A1
IN-00402,inbound,UAE,Airport Kiosk,Business Traveller,Android,2026-07-13,5,drop_business_decline,49.4,not_reached,,not_reached,,not_reached,,not_reached,,not_reached,,dropped,onboarding,business_decline,Source country not in eligible pilot list,49.4,2026-W29,1,False,IN-00402-A1
IN-00403,inbound,France,Hotel Partner Onboarding,NRI,iOS,2026-06-10,3,success,31.4,success,55.7,success,18.9,success,27.7,drop_business_decline,19.8,not_reached,,dropped,authentication,business_decline,Risk engine blocked as anomalous,153.5,2026-W24,1,False,IN-00403-A1
IN-00404,inbound,France,Authorized Issuer App,Business Traveller,Android,2026-05-26,5,success,11.7,drop_user_abandon,84.6,not_reached,,not_reached,,not_reached,,not_reached,,dropped,kyc_verification,user_abandon,Gave up after repeated scan failures,96.3,2026-W22,1,False,IN-00404-A1
IN-00405,inbound,USA,Hotel Partner Onboarding,Business Traveller,iOS,2026-06-18,21,success,42.8,success,30.1,success,41.8,success,10.8,success,3.5,success,27.6,converted,,,,156.6,2026-W25,1,False,IN-00405-A1
IN-00406,inbound,UK,Hotel Partner Onboarding,Tourist,iOS,2026-06-23,3,success,87.8,drop_user_abandon,53.0,not_reached,,not_reached,,not_reached,,not_reached,,dropped,kyc_verification,user_abandon,Gave up after repeated scan failures,140.8,2026-W26,1,False,IN-00406-A1
IN-00407,inbound,USA,Hotel Partner Onboarding,Tourist,Android,2026-05-20,7,success,40.5,drop_business_decline,13.1,not_reached,,not_reached,,not_reached,,not_reached,,dropped,kyc_verification,business_decline,Visa-type not supported / manual review reject,53.6,2026-W21,1,False,IN-00407-A1
IN-00408,inbound,France,Authorized Issuer App,NRI,iOS,2026-05-08,7,success,33.5,success,78.4,success,11.9,success,2.1,success,8.2,success,20.7,converted,,,,154.8,2026-W19,1,False,IN-00408-A1
IN-00409,inbound,Australia,Authorized Issuer App,NRI,Android,2026-05-31,7,success,30.7,success,28.9,drop_user_abandon,19.1,not_reached,,not_reached,,not_reached,,dropped,wallet_funding,user_abandon,Minimum load amount too high to trial,78.7,2026-W22,1,False,IN-00409-A1
IN-00410,inbound,Nepal,Airport Kiosk,Student,iOS,2026-06-17,21,success,10.5,success,64.8,success,11.3,success,11.9,success,19.9,success,51.5,converted,,,,169.9,2026-W25,1,False,IN-00410-A1
IN-00411,inbound,Singapore,Airport Kiosk,NRI,iOS,2026-05-08,7,success,4.1,success,27.9,success,4.0,success,5.3,success,5.5,success,31.9,converted,,,,78.7,2026-W19,1,False,IN-00411-A1
IN-00412,inbound,France,Authorized Issuer App,Tourist,Android,2026-07-14,10,drop_business_decline,23.0,not_reached,,not_reached,,not_reached,,not_reached,,not_reached,,dropped,onboarding,business_decline,Source country not in eligible pilot list,23.0,2026-W29,1,False,IN-00412-A1
IN-00413,inbound,Mauritius,Authorized Issuer App,NRI,Android,2026-06-26,3,success,31.5,success,2.4,success,10.2,success,6.4,success,1.0,success,24.3,converted,,,,75.8,2026-W26,1,False,IN-00413-A1
IN-00414,inbound,Australia,Authorized Issuer App,Business Traveller,iOS,2026-05-31,3,drop_business_decline,17.8,not_reached,,not_reached,,not_reached,,not_reached,,not_reached,,dropped,onboarding,business_decline,Source country not in eligible pilot list,17.8,2026-W22,1,False,IN-00414-A1
IN-00415,inbound,UK,Authorized Issuer App,Tourist,iOS,2026-05-11,5,success,4.2,success,7.8,success,8.1,success,1.4,success,7.6,success,46.0,converted,,,,75.1,2026-W20,1,False,IN-00415-A1
IN-00416,inbound,Singapore,Authorized Issuer App,Tourist,iOS,2026-07-23,3,success,33.6,success,42.0,success,12.4,success,12.7,success,8.6,success,38.0,converted,,,,147.3,2026-W30,1,False,IN-00416-A1
IN-00417,inbound,Sri Lanka,Authorized Issuer App,Tourist,iOS,2026-07-14,3,drop_user_abandon,27.5,not_reached,,not_reached,,not_reached,,not_reached,,not_reached,,dropped,onboarding,user_abandon,Did not discover product before/during trip,27.5,2026-W29,1,False,IN-00417-A1
IN-00418,inbound,France,Hotel Partner Onboarding,Tourist,Android,2026-06-27,14,success,12.0,drop_user_abandon,113.7,not_reached,,not_reached,,not_reached,,not_reached,,dropped,kyc_verification,user_abandon,Gave up after repeated scan failures,125.7,2026-W26,1,False,IN-00418-A1
IN-00419,inbound,Bhutan,Airport Kiosk,NRI,iOS,2026-05-31,21,drop_business_decline,22.4,not_reached,,not_reached,,not_reached,,not_reached,,not_reached,,dropped,onboarding,business_decline,Source country not in eligible pilot list,22.4,2026-W22,1,False,IN-00419-A1
IN-00420,inbound,Singapore,Authorized Issuer App,Tourist,Android,2026-06-24,7,success,35.3,drop_user_abandon,19.2,not_reached,,not_reached,,not_reached,,not_reached,,dropped,kyc_verification,user_abandon,Gave up after repeated scan failures,54.5,2026-W26,1,False,IN-00420-A1
IN-00421,inbound,Australia,Hotel Partner Onboarding,Tourist,Android,2026-05-11,3,success,32.3,success,59.1,drop_technical_fail,13.9,not_reached,,not_reached,,not_reached,,dropped,wallet_funding,technical_fail,International card declined by issuer (cross-border block),105.3,2026-W20,1,False,IN-00421-A1
IN-00422,inbound,USA,Authorized Issuer App,Business Traveller,Android,2026-07-27,7,success,33.6,success,17.0,success,9.1,success,10.8,success,8.6,drop_user_abandon,8.3,dropped,exit_refund,user_abandon,Did not complete self-service wallet closure,87.4,2026-W31,1,False,IN-00422-A1
IN-00423,inbound,Bhutan,Authorized Issuer App,NRI,Android,2026-05-08,21,drop_user_abandon,46.1,not_reached,,not_reached,,not_reached,,not_reached,,not_reached,,dropped,onboarding,user_abandon,Did not discover product before/during trip,46.1,2026-W19,1,False,IN-00423-A1
IN-00424,inbound,Singapore,Authorized Issuer App,Tourist,iOS,2026-05-21,3,success,17.5,success,58.1,success,24.6,success,9.0,drop_user_abandon,27.2,not_reached,,dropped,authentication,user_abandon,PIN format mismatch with home-market expectations,136.4,2026-W21,1,False,IN-00424-A1
IN-00425,inbound,Australia,Airport Kiosk,NRI,Android,2026-07-19,7,drop_user_abandon,78.3,not_reached,,not_reached,,not_reached,,not_reached,,not_reached,,dropped,onboarding,user_abandon,Did not discover product before/during trip,78.3,2026-W29,1,False,IN-00425-A1
IN-00426,inbound,UK,Hotel Partner Onboarding,Business Traveller,iOS,2026-06-20,5,success,22.9,success,40.9,success,5.1,success,11.1,success,2.5,drop_business_decline,44.0,dropped,exit_refund,business_decline,FEMA refund rule required manual review,126.5,2026-W25,1,False,IN-00426-A1
IN-00427,inbound,Nepal,Authorized Issuer App,Tourist,Android,2026-07-12,10,drop_user_abandon,16.3,not_reached,,not_reached,,not_reached,,not_reached,,not_reached,,dropped,onboarding,user_abandon,Did not discover product before/during trip,16.3,2026-W28,1,False,IN-00427-A1
IN-00428,inbound,Australia,Authorized Issuer App,Tourist,iOS,2026-07-06,7,drop_user_abandon,33.6,not_reached,,not_reached,,not_reached,,not_reached,,not_reached,,dropped,onboarding,user_abandon,Did not discover product before/during trip,33.6,2026-W28,1,False,IN-00428-A1
IN-00429,inbound,Singapore,Hotel Partner Onboarding,Tourist,iOS,2026-06-02,10,success,84.5,success,5.3,drop_business_decline,31.0,not_reached,,not_reached,,not_reached,,dropped,wallet_funding,business_decline,Funding source not permitted under PPI norms,120.8,2026-W23,1,False,IN-00429-A1
IN-00430,inbound,Mauritius,Authorized Issuer App,Tourist,iOS,2026-05-23,7,success,71.2,drop_technical_fail,6.8,not_reached,,not_reached,,not_reached,,not_reached,,dropped,kyc_verification,technical_fail,Passport OCR failed to parse non-standard format,78.0,2026-W21,1,False,IN-00430-A1
IN-00431,inbound,France,Airport Kiosk,Tourist,Android,2026-06-23,3,drop_business_decline,13.7,not_reached,,not_reached,,not_reached,,not_reached,,not_reached,,dropped,onboarding,business_decline,Source country not in eligible pilot list,13.7,2026-W26,1,False,IN-00431-A1
IN-00432,inbound,Mauritius,Hotel Partner Onboarding,Business Traveller,iOS,2026-06-27,10,success,38.7,success,41.3,drop_technical_fail,43.5,not_reached,,not_reached,,not_reached,,dropped,wallet_funding,technical_fail,International card declined by issuer (cross-border block),123.5,2026-W26,1,False,IN-00432-A1
IN-00433,inbound,USA,Authorized Issuer App,NRI,Android,2026-06-29,7,success,42.1,success,31.4,success,6.3,success,16.7,success,21.4,success,18.8,converted,,,,136.7,2026-W27,1,False,IN-00433-A1
IN-00434,inbound,Mauritius,Authorized Issuer App,Tourist,Android,2026-06-19,5,drop_business_decline,92.2,not_reached,,not_reached,,not_reached,,not_reached,,not_reached,,dropped,onboarding,business_decline,Source country not in eligible pilot list,92.2,2026-W25,1,False,IN-00434-A1
IN-00435,inbound,Bhutan,Authorized Issuer App,Tourist,iOS,2026-07-06,7,drop_business_decline,3.6,not_reached,,not_reached,,not_reached,,not_reached,,not_reached,,dropped,onboarding,business_decline,Source country not in eligible pilot list,3.6,2026-W28,1,False,IN-00435-A1
IN-00436,inbound,Bhutan,Authorized Issuer App,Tourist,iOS,2026-07-12,5,drop_technical_fail,6.6,not_reached,,not_reached,,not_reached,,not_reached,,not_reached,,dropped,onboarding,technical_fail,International OTP delivery failure,6.6,2026-W28,1,False,IN-00436-A1
IN-00437,inbound,Mauritius,Authorized Issuer App,Student,iOS,2026-07-09,5,success,11.0,success,38.2,drop_technical_fail,5.4,not_reached,,not_reached,,not_reached,,dropped,wallet_funding,technical_fail,International card declined by issuer (cross-border block),54.6,2026-W28,1,False,IN-00437-A1
IN-00438,inbound,USA,Hotel Partner Onboarding,Tourist,Android,2026-07-20,7,success,90.0,drop_user_abandon,36.8,not_reached,,not_reached,,not_reached,,not_reached,,dropped,kyc_verification,user_abandon,Gave up after repeated scan failures,126.8,2026-W30,1,False,IN-00438-A1
IN-00439,inbound,Bhutan,Airport Kiosk,NRI,Android,2026-05-29,5,drop_technical_fail,40.7,not_reached,,not_reached,,not_reached,,not_reached,,not_reached,,dropped,onboarding,technical_fail,International OTP delivery failure,40.7,2026-W22,1,False,IN-00439-A1
IN-00440,inbound,USA,Hotel Partner Onboarding,Tourist,iOS,2026-07-16,7,drop_technical_fail,11.4,not_reached,,not_reached,,not_reached,,not_reached,,not_reached,,dropped,onboarding,technical_fail,International OTP delivery failure,11.4,2026-W29,1,False,IN-00440-A1
IN-00441,inbound,France,Hotel Partner Onboarding,Tourist,iOS,2026-07-17,10,drop_technical_fail,21.7,not_reached,,not_reached,,not_reached,,not_reached,,not_reached,,dropped,onboarding,technical_fail,International OTP delivery failure,21.7,2026-W29,1,False,IN-00441-A1
IN-00442,inbound,France,Authorized Issuer App,Tourist,Android,2026-05-16,7,success,36.0,success,110.2,success,18.5,success,4.7,success,9.3,success,33.1,converted,,,,211.8,2026-W20,1,False,IN-00442-A1
IN-00443,inbound,Mauritius,Authorized Issuer App,Tourist,Android,2026-06-13,5,drop_technical_fail,75.2,not_reached,,not_reached,,not_reached,,not_reached,,not_reached,,dropped,onboarding,technical_fail,International OTP delivery failure,75.2,2026-W24,1,False,IN-00443-A1
IN-00444,inbound,Mauritius,Airport Kiosk,Tourist,iOS,2026-07-16,7,drop_technical_fail,46.9,not_reached,,not_reached,,not_reached,,not_reached,,not_reached,,dropped,onboarding,technical_fail,International OTP delivery failure,46.9,2026-W29,1,False,IN-00444-A1
IN-00445,inbound,Mauritius,Authorized Issuer App,NRI,Android,2026-07-29,3,success,44.8,success,49.5,success,4.0,success,0.8,success,7.0,success,128.4,converted,,,,234.5,2026-W31,1,False,IN-00445-A1
IN-00446,inbound,Nepal,Airport Kiosk,Tourist,Android,2026-05-28,5,success,18.2,success,31.8,success,10.0,success,14.4,success,8.8,success,26.4,converted,,,,109.6,2026-W22,1,False,IN-00446-A1
IN-00447,inbound,Sri Lanka,Authorized Issuer App,Tourist,Android,2026-07-08,10,success,46.6,success,136.6,success,30.2,success,5.6,success,5.6,success,42.6,converted,,,,267.2,2026-W28,1,False,IN-00447-A1
IN-00448,inbound,Bhutan,Airport Kiosk,NRI,iOS,2026-05-28,7,drop_user_abandon,27.0,not_reached,,not_reached,,not_reached,,not_reached,,not_reached,,dropped,onboarding,user_abandon,Did not discover product before/during trip,27.0,2026-W22,1,False,IN-00448-A1
IN-00449,inbound,Singapore,Authorized Issuer App,Tourist,Android,2026-06-25,10,success,13.2,success,24.8,success,26.2,success,15.5,success,13.6,success,93.3,converted,,,,186.6,2026-W26,1,False,IN-00449-A1
IN-00450,inbound,Nepal,Authorized Issuer App,Tourist,iOS,2026-05-03,5,success,49.9,success,22.0,success,52.2,success,9.1,success,5.0,success,39.9,converted,,,,178.1,2026-W18,1,False,IN-00450-A1
IN-00451,inbound,France,Airport Kiosk,Tourist,Android,2026-07-18,3,drop_business_decline,30.1,not_reached,,not_reached,,not_reached,,not_reached,,not_reached,,dropped,onboarding,business_decline,Source country not in eligible pilot list,30.1,2026-W29,1,False,IN-00451-A1
IN-00452,inbound,Bhutan,Authorized Issuer App,Business Traveller,iOS,2026-05-19,10,success,17.4,success,12.9,drop_business_decline,9.9,not_reached,,not_reached,,not_reached,,dropped,wallet_funding,business_decline,Funding source not permitted under PPI norms,40.2,2026-W21,1,False,IN-00452-A1
IN-00453,inbound,France,Hotel Partner Onboarding,NRI,iOS,2026-07-05,10,drop_user_abandon,3.3,not_reached,,not_reached,,not_reached,,not_reached,,not_reached,,dropped,onboarding,user_abandon,Did not discover product before/during trip,3.3,2026-W27,1,False,IN-00453-A1
IN-00454,inbound,Mauritius,Hotel Partner Onboarding,Tourist,Android,2026-06-16,10,drop_technical_fail,38.5,not_reached,,not_reached,,not_reached,,not_reached,,not_reached,,dropped,onboarding,technical_fail,International OTP delivery failure,38.5,2026-W25,1,False,IN-00454-A1
IN-00455,inbound,Australia,Hotel Partner Onboarding,Tourist,Android,2026-05-28,5,drop_business_decline,77.4,not_reached,,not_reached,,not_reached,,not_reached,,not_reached,,dropped,onboarding,business_decline,Source country not in eligible pilot list,77.4,2026-W22,1,False,IN-00455-A1
IN-00456,inbound,UK,Hotel Partner Onboarding,Tourist,Android,2026-07-11,5,drop_user_abandon,21.8,not_reached,,not_reached,,not_reached,,not_reached,,not_reached,,dropped,onboarding,user_abandon,Did not discover product before/during trip,21.8,2026-W28,1,False,IN-00456-A1
IN-00457,inbound,Australia,Authorized Issuer App,Business Traveller,Android,2026-07-20,5,drop_user_abandon,34.7,not_reached,,not_reached,,not_reached,,not_reached,,not_reached,,dropped,onboarding,user_abandon,Did not discover product before/during trip,34.7,2026-W30,1,False,IN-00457-A1
IN-00458,inbound,Sri Lanka,Hotel Partner Onboarding,NRI,Android,2026-06-30,10,success,28.2,success,14.8,success,3.0,success,5.8,success,21.0,success,36.1,converted,,,,108.9,2026-W27,1,False,IN-00458-A1
IN-00459,inbound,France,Airport Kiosk,NRI,iOS,2026-06-09,10,success,45.0,drop_business_decline,16.7,not_reached,,not_reached,,not_reached,,not_reached,,dropped,kyc_verification,business_decline,Visa-type not supported / manual review reject,61.7,2026-W24,1,False,IN-00459-A1
IN-00460,inbound,Australia,Airport Kiosk,Tourist,iOS,2026-07-19,7,success,24.6,drop_business_decline,54.3,not_reached,,not_reached,,not_reached,,not_reached,,dropped,kyc_verification,business_decline,Visa-type not supported / manual review reject,78.9,2026-W29,1,False,IN-00460-A1
IN-00461,inbound,France,Airport Kiosk,Business Traveller,Android,2026-07-15,7,drop_technical_fail,4.1,not_reached,,not_reached,,not_reached,,not_reached,,not_reached,,dropped,onboarding,technical_fail,International OTP delivery failure,4.1,2026-W29,1,False,IN-00461-A1
IN-00462,inbound,Bhutan,Airport Kiosk,Tourist,Android,2026-06-26,5,drop_business_decline,45.7,not_reached,,not_reached,,not_reached,,not_reached,,not_reached,,dropped,onboarding,business_decline,Source country not in eligible pilot list,45.7,2026-W26,1,False,IN-00462-A1
IN-00463,inbound,Singapore,Authorized Issuer App,Tourist,Android,2026-06-10,7,success,32.9,drop_technical_fail,96.8,not_reached,,not_reached,,not_reached,,not_reached,,dropped,kyc_verification,technical_fail,Passport OCR failed to parse non-standard format,129.7,2026-W24,1,False,IN-00463-A1
IN-00464,inbound,Sri Lanka,Airport Kiosk,NRI,Android,2026-07-14,10,success,9.3,success,104.6,success,6.6,drop_business_decline,9.7,not_reached,,not_reached,,dropped,payment_p2m,business_decline,Merchant category not enabled,130.2,2026-W29,1,False,IN-00464-A1
IN-00465,inbound,Nepal,Airport Kiosk,Student,Android,2026-05-28,5,drop_technical_fail,31.2,not_reached,,not_reached,,not_reached,,not_reached,,not_reached,,dropped,onboarding,technical_fail,International OTP delivery failure,31.2,2026-W22,1,False,IN-00465-A1
IN-00466,inbound,Nepal,Authorized Issuer App,Business Traveller,Android,2026-06-14,5,success,16.1,drop_technical_fail,33.5,not_reached,,not_reached,,not_reached,,not_reached,,dropped,kyc_verification,technical_fail,Passport OCR failed to parse non-standard format,49.6,2026-W24,1,False,IN-00466-A1
IN-00467,inbound,Nepal,Airport Kiosk,Tourist,iOS,2026-06-05,7,drop_technical_fail,48.5,not_reached,,not_reached,,not_reached,,not_reached,,not_reached,,dropped,onboarding,technical_fail,International OTP delivery failure,48.5,2026-W23,1,False,IN-00467-A1
IN-00468,inbound,France,Airport Kiosk,Student,iOS,2026-06-02,5,drop_user_abandon,48.9,not_reached,,not_reached,,not_reached,,not_reached,,not_reached,,dropped,onboarding,user_abandon,Did not discover product before/during trip,48.9,2026-W23,1,False,IN-00468-A1
IN-00469,inbound,Mauritius,Airport Kiosk,NRI,iOS,2026-05-06,5,drop_user_abandon,22.5,not_reached,,not_reached,,not_reached,,not_reached,,not_reached,,dropped,onboarding,user_abandon,Did not discover product before/during trip,22.5,2026-W19,1,False,IN-00469-A1
IN-00470,inbound,Mauritius,Authorized Issuer App,Tourist,Android,2026-05-23,5,success,34.1,success,47.4,success,5.5,success,10.1,success,2.2,success,19.2,converted,,,,118.5,2026-W21,1,False,IN-00470-A1
IN-00471,inbound,UK,Authorized Issuer App,Tourist,iOS,2026-07-28,5,success,65.4,success,19.8,success,5.0,success,36.8,success,25.1,success,13.3,converted,,,,165.4,2026-W31,1,False,IN-00471-A1
IN-00472,inbound,Sri Lanka,Authorized Issuer App,Tourist,iOS,2026-07-07,10,success,14.7,success,33.3,success,19.8,success,9.9,success,12.7,success,27.5,converted,,,,117.9,2026-W28,1,False,IN-00472-A1
IN-00473,inbound,France,Airport Kiosk,Student,iOS,2026-06-15,7,drop_business_decline,40.3,not_reached,,not_reached,,not_reached,,not_reached,,not_reached,,dropped,onboarding,business_decline,Source country not in eligible pilot list,40.3,2026-W25,1,False,IN-00473-A1
IN-00474,inbound,Mauritius,Airport Kiosk,Student,iOS,2026-05-06,10,success,42.0,success,24.5,success,29.7,success,17.1,success,4.3,success,33.1,converted,,,,150.7,2026-W19,1,False,IN-00474-A1
IN-00475,inbound,Australia,Airport Kiosk,Tourist,Android,2026-07-29,3,success,25.3,success,71.1,success,11.3,drop_technical_fail,4.4,not_reached,,not_reached,,dropped,payment_p2m,technical_fail,"Merchant unfamiliar with foreign-linked UPI, hesitated/declined",112.1,2026-W31,1,False,IN-00475-A1
IN-00476,inbound,Bhutan,Hotel Partner Onboarding,Tourist,Android,2026-07-25,14,success,17.1,success,80.7,success,21.7,success,23.0,drop_business_decline,14.4,not_reached,,dropped,authentication,business_decline,Risk engine blocked as anomalous,156.9,2026-W30,1,False,IN-00476-A1
IN-00477,inbound,USA,Airport Kiosk,NRI,Android,2026-05-06,7,success,48.4,success,6.7,success,19.2,success,3.7,success,6.1,success,22.4,converted,,,,106.5,2026-W19,1,False,IN-00477-A1
IN-00478,inbound,Mauritius,Authorized Issuer App,Tourist,iOS,2026-06-12,3,success,8.0,success,15.8,success,11.5,success,1.6,success,2.7,success,15.2,converted,,,,54.8,2026-W24,1,False,IN-00478-A1
IN-00479,inbound,Sri Lanka,Authorized Issuer App,Tourist,Android,2026-07-29,5,drop_user_abandon,14.8,not_reached,,not_reached,,not_reached,,not_reached,,not_reached,,dropped,onboarding,user_abandon,Did not discover product before/during trip,14.8,2026-W31,1,False,IN-00479-A1
IN-00480,inbound,Bhutan,Authorized Issuer App,Business Traveller,iOS,2026-06-12,14,drop_technical_fail,43.4,not_reached,,not_reached,,not_reached,,not_reached,,not_reached,,dropped,onboarding,technical_fail,International OTP delivery failure,43.4,2026-W24,1,False,IN-00480-A1
IN-00481,inbound,USA,Hotel Partner Onboarding,Tourist,iOS,2026-06-29,10,success,42.5,success,107.7,success,22.5,success,4.2,success,29.1,success,32.1,converted,,,,238.1,2026-W27,1,False,IN-00481-A1
IN-00482,inbound,UK,Authorized Issuer App,Tourist,iOS,2026-05-08,5,drop_business_decline,21.0,not_reached,,not_reached,,not_reached,,not_reached,,not_reached,,dropped,onboarding,business_decline,Source country not in eligible pilot list,21.0,2026-W19,1,False,IN-00482-A1
IN-00483,inbound,Singapore,Airport Kiosk,NRI,iOS,2026-06-04,14,success,12.7,success,74.8,success,87.1,success,15.2,success,10.2,success,18.6,converted,,,,218.6,2026-W23,1,False,IN-00483-A1
IN-00484,inbound,France,Authorized Issuer App,Business Traveller,iOS,2026-06-15,3,drop_business_decline,17.4,not_reached,,not_reached,,not_reached,,not_reached,,not_reached,,dropped,onboarding,business_decline,Source country not in eligible pilot list,17.4,2026-W25,1,False,IN-00484-A1
IN-00485,inbound,Australia,Hotel Partner Onboarding,Tourist,Android,2026-06-12,7,drop_technical_fail,58.8,not_reached,,not_reached,,not_reached,,not_reached,,not_reached,,dropped,onboarding,technical_fail,International OTP delivery failure,58.8,2026-W24,1,False,IN-00485-A1
IN-00486,inbound,Australia,Authorized Issuer App,Tourist,iOS,2026-07-24,5,success,6.9,success,89.3,drop_business_decline,7.5,not_reached,,not_reached,,not_reached,,dropped,wallet_funding,business_decline,Funding source not permitted under PPI norms,103.7,2026-W30,1,False,IN-00486-A1
IN-00487,inbound,Australia,Authorized Issuer App,Tourist,Android,2026-07-18,10,success,33.3,drop_user_abandon,17.2,not_reached,,not_reached,,not_reached,,not_reached,,dropped,kyc_verification,user_abandon,Gave up after repeated scan failures,50.5,2026-W29,1,False,IN-00487-A1
IN-00488,inbound,USA,Airport Kiosk,Tourist,Android,2026-05-04,7,drop_technical_fail,23.6,not_reached,,not_reached,,not_reached,,not_reached,,not_reached,,dropped,onboarding,technical_fail,International OTP delivery failure,23.6,2026-W19,1,False,IN-00488-A1
IN-00489,inbound,Nepal,Airport Kiosk,Business Traveller,Android,2026-06-28,3,success,5.0,success,54.9,success,38.6,success,13.9,success,19.9,success,26.8,converted,,,,159.1,2026-W26,1,False,IN-00489-A1
IN-00490,inbound,UK,Airport Kiosk,NRI,iOS,2026-06-13,21,success,33.9,success,69.1,success,45.8,success,3.5,success,18.1,success,29.1,converted,,,,199.5,2026-W24,1,False,IN-00490-A1
IN-00491,inbound,France,Authorized Issuer App,Tourist,iOS,2026-06-01,5,drop_technical_fail,38.7,not_reached,,not_reached,,not_reached,,not_reached,,not_reached,,dropped,onboarding,technical_fail,International OTP delivery failure,38.7,2026-W23,1,False,IN-00491-A1
IN-00492,inbound,Australia,Authorized Issuer App,Tourist,Android,2026-07-25,3,success,9.7,success,21.9,success,2.8,success,1.6,success,9.7,success,18.4,converted,,,,64.1,2026-W30,1,False,IN-00492-A1
IN-00493,inbound,Sri Lanka,Airport Kiosk,Tourist,iOS,2026-07-18,3,drop_technical_fail,60.4,not_reached,,not_reached,,not_reached,,not_reached,,not_reached,,dropped,onboarding,technical_fail,International OTP delivery failure,60.4,2026-W29,1,False,IN-00493-A1
IN-00494,inbound,Bhutan,Authorized Issuer App,Tourist,Android,2026-06-30,21,success,25.3,success,52.3,success,41.4,success,1.1,success,10.0,success,31.6,converted,,,,161.7,2026-W27,1,False,IN-00494-A1
IN-00495,inbound,USA,Authorized Issuer App,Tourist,Android,2026-05-28,7,success,15.9,success,43.5,success,8.2,success,10.1,success,2.4,success,22.5,converted,,,,102.6,2026-W22,1,False,IN-00495-A1
IN-00496,inbound,France,Airport Kiosk,NRI,iOS,2026-07-15,5,success,29.8,success,28.2,success,31.0,success,5.3,success,12.0,drop_business_decline,30.9,dropped,exit_refund,business_decline,FEMA refund rule required manual review,137.2,2026-W29,1,False,IN-00496-A1
IN-00497,inbound,USA,Airport Kiosk,Tourist,Android,2026-07-04,3,success,4.9,drop_technical_fail,29.5,not_reached,,not_reached,,not_reached,,not_reached,,dropped,kyc_verification,technical_fail,Passport OCR failed to parse non-standard format,34.4,2026-W27,1,False,IN-00497-A1
IN-00498,inbound,Bhutan,Authorized Issuer App,Tourist,iOS,2026-05-19,14,success,39.8,success,45.1,success,9.6,success,6.5,success,22.4,success,67.7,converted,,,,191.1,2026-W21,1,False,IN-00498-A1
IN-00499,inbound,Bhutan,Airport Kiosk,NRI,Android,2026-05-22,5,drop_user_abandon,19.6,not_reached,,not_reached,,not_reached,,not_reached,,not_reached,,dropped,onboarding,user_abandon,Did not discover product before/during trip,19.6,2026-W21,1,False,IN-00499-A1
IN-00500,inbound,Mauritius,Authorized Issuer App,Tourist,Android,2026-07-05,10,success,33.3,success,30.8,success,22.0,success,9.2,drop_user_abandon,10.5,not_reached,,dropped,authentication,user_abandon,PIN format mismatch with home-market expectations,105.8,2026-W27,1,False,IN-00500-A1
IN-00002,inbound,UAE,Authorized Issuer App,Tourist,iOS,2026-05-17,7,success,12.3,success,60.5,success,,success,,success,,success,,converted,,,,65.0,2026-W20,2,True,IN-00002-A2
IN-00006,inbound,UAE,Authorized Issuer App,Tourist,iOS,2026-06-10,5,success,25.8,success,8.4,success,21.1,success,7.5,success,8.5,success,107.4,converted,,,,196.4,2026-W24,2,True,IN-00006-A2
IN-00011,inbound,UK,Airport Kiosk,NRI,Android,2026-05-05,10,success,4.9,success,41.0,success,18.4,success,,success,,success,,converted,,,,129.5,2026-W19,2,True,IN-00011-A2
IN-00013,inbound,UAE,Authorized Issuer App,Tourist,Android,2026-05-16,10,success,67.6,success,,success,,success,,success,,success,,converted,,,,100.2,2026-W20,2,True,IN-00013-A2
IN-00016,inbound,Bhutan,Airport Kiosk,NRI,iOS,2026-07-13,5,success,22.9,success,,success,,success,,success,,success,,converted,,,,95.4,2026-W29,2,True,IN-00016-A2
IN-00019,inbound,Bhutan,Hotel Partner Onboarding,Business Traveller,Android,2026-07-26,7,success,21.4,success,,success,,success,,success,,success,,converted,,,,168.2,2026-W30,2,True,IN-00019-A2
IN-00022,inbound,UAE,Authorized Issuer App,Tourist,iOS,2026-07-02,3,success,14.7,success,13.1,success,,success,,success,,success,,converted,,,,147.2,2026-W27,2,True,IN-00022-A2
IN-00023,inbound,Singapore,Authorized Issuer App,Business Traveller,iOS,2026-07-29,5,success,26.5,success,,success,,drop_business_decline,,not_reached,,not_reached,,dropped,payment_p2m,business_decline,Merchant category not enabled,94.7,2026-W31,2,True,IN-00023-A2
IN-00026,inbound,Sri Lanka,Airport Kiosk,Tourist,iOS,2026-07-15,7,drop_user_abandon,8.8,not_reached,,not_reached,,not_reached,,not_reached,,not_reached,,dropped,onboarding,user_abandon,Did not discover product before/during trip,78.6,2026-W29,2,True,IN-00026-A2
IN-00029,inbound,Sri Lanka,Authorized Issuer App,Business Traveller,iOS,2026-07-14,10,success,42.9,success,,success,,success,,success,,success,,converted,,,,97.3,2026-W29,2,True,IN-00029-A2
IN-00030,inbound,Mauritius,Hotel Partner Onboarding,NRI,Android,2026-06-10,5,drop_business_decline,11.6,not_reached,,not_reached,,not_reached,,not_reached,,not_reached,,dropped,onboarding,business_decline,Source country not in eligible pilot list,2.2,2026-W24,2,True,IN-00030-A2
IN-00038,inbound,Singapore,Authorized Issuer App,NRI,iOS,2026-07-20,10,success,19.6,success,,success,,success,,success,,success,,converted,,,,99.4,2026-W30,2,True,IN-00038-A2
IN-00049,inbound,Sri Lanka,Airport Kiosk,Student,iOS,2026-05-09,10,success,13.5,drop_user_abandon,,not_reached,,not_reached,,not_reached,,not_reached,,dropped,kyc_verification,user_abandon,Gave up after repeated scan failures,117.3,2026-W19,2,True,IN-00049-A2
IN-00053,inbound,Australia,Airport Kiosk,Student,Android,2026-07-05,3,success,21.6,success,,success,,success,,success,,success,,converted,,,,122.4,2026-W27,2,True,IN-00053-A2
IN-00059,inbound,USA,Authorized Issuer App,NRI,Android,2026-05-07,21,success,59.9,success,,success,,success,,success,,success,,converted,,,,136.1,2026-W19,2,True,IN-00059-A2
IN-00061,inbound,USA,Authorized Issuer App,Tourist,Android,2026-07-09,7,success,18.9,success,34.5,success,,success,,success,,success,,converted,,,,127.2,2026-W28,2,True,IN-00061-A2
IN-00064,inbound,Mauritius,Airport Kiosk,Tourist,Android,2026-05-08,14,drop_business_decline,18.8,not_reached,,not_reached,,not_reached,,not_reached,,not_reached,,dropped,onboarding,business_decline,Source country not in eligible pilot list,63.5,2026-W19,2,True,IN-00064-A2
IN-00069,inbound,Australia,Authorized Issuer App,Student,Android,2026-06-13,14,success,8.3,success,,success,,success,,success,,success,,converted,,,,143.4,2026-W24,2,True,IN-00069-A2
IN-00079,inbound,Bhutan,Airport Kiosk,Tourist,Android,2026-06-07,10,success,123.8,success,,success,,success,,success,,success,,converted,,,,116.3,2026-W23,2,True,IN-00079-A2
IN-00081,inbound,Bhutan,Authorized Issuer App,Tourist,iOS,2026-07-13,7,drop_business_decline,93.2,not_reached,,not_reached,,not_reached,,not_reached,,not_reached,,dropped,onboarding,business_decline,Source country not in eligible pilot list,22.3,2026-W29,2,True,IN-00081-A2
IN-00082,inbound,UK,Authorized Issuer App,Business Traveller,iOS,2026-05-03,7,drop_business_decline,25.7,not_reached,73.9,not_reached,4.1,not_reached,5.2,not_reached,3.5,not_reached,25.9,dropped,onboarding,business_decline,Source country not in eligible pilot list,32.9,2026-W18,2,True,IN-00082-A2
IN-00086,inbound,Bhutan,Authorized Issuer App,Tourist,iOS,2026-06-12,7,drop_technical_fail,15.8,not_reached,,not_reached,,not_reached,,not_reached,,not_reached,,dropped,onboarding,technical_fail,International OTP delivery failure,9.3,2026-W24,2,True,IN-00086-A2
IN-00098,inbound,Bhutan,Hotel Partner Onboarding,Tourist,iOS,2026-05-13,10,success,23.6,success,45.8,success,,success,,success,,success,,converted,,,,221.3,2026-W20,2,True,IN-00098-A2
IN-00101,inbound,USA,Hotel Partner Onboarding,Student,Android,2026-05-12,7,success,28.2,success,37.5,success,2.1,success,,success,,success,,converted,,,,72.4,2026-W20,2,True,IN-00101-A2
IN-00102,inbound,Singapore,Airport Kiosk,Tourist,Android,2026-05-29,7,drop_user_abandon,16.9,not_reached,,not_reached,,not_reached,,not_reached,,not_reached,,dropped,onboarding,user_abandon,Did not discover product before/during trip,23.6,2026-W22,2,True,IN-00102-A2
IN-00103,inbound,Nepal,Authorized Issuer App,NRI,iOS,2026-05-11,5,success,18.3,success,,success,,success,,success,,success,,converted,,,,206.4,2026-W20,2,True,IN-00103-A2
IN-00105,inbound,UAE,Authorized Issuer App,Tourist,Android,2026-07-14,10,success,27.2,success,40.6,success,15.8,success,,success,,success,,converted,,,,96.7,2026-W29,2,True,IN-00105-A2
IN-00106,inbound,Nepal,Authorized Issuer App,Student,iOS,2026-07-30,7,success,10.6,success,95.2,success,10.7,success,1.3,success,,success,,converted,,,,120.4,2026-W31,2,True,IN-00106-A2
IN-00107,inbound,Bhutan,Airport Kiosk,Tourist,iOS,2026-06-13,10,drop_user_abandon,89.0,not_reached,,not_reached,,not_reached,,not_reached,,not_reached,,dropped,onboarding,user_abandon,Did not discover product before/during trip,81.6,2026-W24,2,True,IN-00107-A2
IN-00113,inbound,UK,Authorized Issuer App,Student,iOS,2026-05-13,7,success,32.9,success,,success,,success,,success,,success,,converted,,,,203.4,2026-W20,2,True,IN-00113-A2
IN-00117,inbound,Nepal,Authorized Issuer App,Tourist,iOS,2026-07-09,3,success,17.0,success,18.6,success,,success,,success,,success,,converted,,,,146.7,2026-W28,2,True,IN-00117-A2
IN-00122,inbound,UK,Airport Kiosk,Tourist,iOS,2026-06-25,5,drop_business_decline,81.5,not_reached,37.9,not_reached,16.6,not_reached,3.0,not_reached,7.5,not_reached,18.7,dropped,onboarding,business_decline,Source country not in eligible pilot list,29.8,2026-W26,2,True,IN-00122-A2
IN-00125,inbound,UAE,Authorized Issuer App,Tourist,Android,2026-07-26,14,success,15.8,success,64.5,success,,success,,success,,success,,converted,,,,78.1,2026-W30,2,True,IN-00125-A2
IN-00132,inbound,UK,Airport Kiosk,Tourist,Android,2026-07-21,3,drop_business_decline,41.8,not_reached,,not_reached,,not_reached,,not_reached,,not_reached,,dropped,onboarding,business_decline,Source country not in eligible pilot list,35.2,2026-W30,2,True,IN-00132-A2
IN-00135,inbound,Nepal,Airport Kiosk,NRI,Android,2026-07-13,5,success,3.7,success,28.5,success,25.4,success,,success,,success,,converted,,,,63.0,2026-W29,2,True,IN-00135-A2
IN-00139,inbound,Bhutan,Authorized Issuer App,Tourist,Android,2026-07-01,21,drop_business_decline,15.6,not_reached,,not_reached,,not_reached,,not_reached,,not_reached,,dropped,onboarding,business_decline,Source country not in eligible pilot list,28.2,2026-W27,2,True,IN-00139-A2
IN-00149,inbound,Mauritius,Authorized Issuer App,Tourist,iOS,2026-06-01,7,success,15.8,success,26.3,success,,success,,success,,success,,converted,,,,193.8,2026-W23,2,True,IN-00149-A2
IN-00153,inbound,Australia,Hotel Partner Onboarding,NRI,Android,2026-06-21,3,drop_technical_fail,27.7,not_reached,,not_reached,,not_reached,,not_reached,,not_reached,,dropped,onboarding,technical_fail,International OTP delivery failure,3.3,2026-W25,2,True,IN-00153-A2
IN-00154,inbound,France,Authorized Issuer App,Student,iOS,2026-05-09,5,success,5.4,success,36.8,success,,success,,success,,success,,converted,,,,202.8,2026-W19,2,True,IN-00154-A2
IN-00155,inbound,Mauritius,Airport Kiosk,Tourist,Android,2026-06-24,5,success,22.5,success,57.7,success,,success,,success,,success,,converted,,,,167.2,2026-W26,2,True,IN-00155-A2
IN-00159,inbound,Australia,Authorized Issuer App,Student,iOS,2026-05-19,7,success,50.9,success,,success,,success,,success,,success,,converted,,,,88.8,2026-W21,2,True,IN-00159-A2
IN-00160,inbound,UK,Hotel Partner Onboarding,Business Traveller,iOS,2026-07-29,7,success,44.7,success,14.1,success,17.2,drop_user_abandon,8.0,not_reached,20.9,not_reached,,dropped,payment_p2m,user_abandon,"App not localized, hesitated at checkout",69.0,2026-W31,2,True,IN-00160-A2
IN-00163,inbound,Australia,Authorized Issuer App,Business Traveller,iOS,2026-05-29,5,success,21.9,success,22.4,success,23.3,success,,success,,success,,converted,,,,97.6,2026-W22,2,True,IN-00163-A2
IN-00165,inbound,Singapore,Airport Kiosk,Student,iOS,2026-07-31,7,drop_business_decline,13.4,not_reached,,not_reached,,not_reached,,not_reached,,not_reached,,dropped,onboarding,business_decline,Source country not in eligible pilot list,16.7,2026-W31,2,True,IN-00165-A2
IN-00167,inbound,USA,Hotel Partner Onboarding,Student,iOS,2026-06-28,3,success,18.9,success,23.7,drop_technical_fail,,not_reached,,not_reached,,not_reached,,dropped,wallet_funding,technical_fail,International card declined by issuer (cross-border block),93.0,2026-W26,2,True,IN-00167-A2
IN-00170,inbound,Nepal,Hotel Partner Onboarding,Tourist,iOS,2026-05-30,5,success,52.4,success,,success,,success,,success,,success,,converted,,,,183.9,2026-W22,2,True,IN-00170-A2
IN-00173,inbound,Sri Lanka,Hotel Partner Onboarding,NRI,Android,2026-05-09,10,success,4.3,success,27.9,success,33.8,success,4.2,success,3.2,success,27.2,converted,,,,159.6,2026-W19,2,True,IN-00173-A2
IN-00175,inbound,Australia,Authorized Issuer App,Business Traveller,iOS,2026-05-29,21,success,43.8,success,26.8,success,,success,,success,,success,,converted,,,,149.8,2026-W22,2,True,IN-00175-A2
IN-00182,inbound,UAE,Airport Kiosk,Tourist,Android,2026-05-21,21,success,15.9,success,,success,,success,,success,,success,,converted,,,,108.0,2026-W21,2,True,IN-00182-A2
IN-00183,inbound,Bhutan,Hotel Partner Onboarding,Tourist,Android,2026-06-02,21,success,53.7,success,45.5,success,14.4,success,,success,,success,,converted,,,,188.6,2026-W23,2,True,IN-00183-A2
IN-00189,inbound,Bhutan,Authorized Issuer App,Tourist,Android,2026-05-16,10,drop_user_abandon,18.6,not_reached,,not_reached,,not_reached,,not_reached,,not_reached,,dropped,onboarding,user_abandon,Did not discover product before/during trip,6.9,2026-W20,2,True,IN-00189-A2
IN-00198,inbound,Nepal,Hotel Partner Onboarding,NRI,Android,2026-06-20,7,success,36.6,success,,success,,success,,success,,success,,converted,,,,203.1,2026-W25,2,True,IN-00198-A2
IN-00203,inbound,Nepal,Hotel Partner Onboarding,Tourist,iOS,2026-05-05,5,success,47.7,success,47.8,success,,success,,success,,success,,converted,,,,102.7,2026-W19,2,True,IN-00203-A2
IN-00211,inbound,UK,Airport Kiosk,NRI,Android,2026-05-29,14,success,52.8,success,,success,,success,,success,,success,,converted,,,,175.0,2026-W22,2,True,IN-00211-A2
IN-00212,inbound,Mauritius,Authorized Issuer App,Business Traveller,Android,2026-06-05,10,success,8.1,success,,success,,success,,success,,success,,converted,,,,122.6,2026-W23,2,True,IN-00212-A2
IN-00232,inbound,USA,Hotel Partner Onboarding,Tourist,Android,2026-05-29,7,success,26.2,success,72.8,success,,success,,success,,success,,converted,,,,143.7,2026-W22,2,True,IN-00232-A2
IN-00239,inbound,Singapore,Authorized Issuer App,NRI,Android,2026-05-31,5,success,8.7,success,11.1,success,4.8,success,,success,,success,,converted,,,,199.0,2026-W22,2,True,IN-00239-A2
IN-00248,inbound,Singapore,Authorized Issuer App,NRI,iOS,2026-05-19,5,drop_user_abandon,52.4,not_reached,,not_reached,,not_reached,,not_reached,,not_reached,,dropped,onboarding,user_abandon,Did not discover product before/during trip,44.4,2026-W21,2,True,IN-00248-A2
IN-00252,inbound,Singapore,Airport Kiosk,Tourist,Android,2026-05-26,7,success,42.4,success,,success,,success,,success,,success,,converted,,,,155.5,2026-W22,2,True,IN-00252-A2
IN-00254,inbound,Singapore,Authorized Issuer App,Tourist,Android,2026-05-13,7,success,17.5,success,,success,,success,,success,,drop_business_decline,,dropped,exit_refund,business_decline,FEMA refund rule required manual review,116.4,2026-W20,2,True,IN-00254-A2
IN-00265,inbound,Singapore,Authorized Issuer App,Student,iOS,2026-05-22,10,success,30.1,success,,success,,success,,success,,success,,converted,,,,280.8,2026-W21,2,True,IN-00265-A2
IN-00266,inbound,Bhutan,Airport Kiosk,NRI,Android,2026-05-16,5,drop_user_abandon,31.8,not_reached,31.6,not_reached,5.7,not_reached,,not_reached,,not_reached,,dropped,onboarding,user_abandon,Did not discover product before/during trip,36.3,2026-W20,2,True,IN-00266-A2
IN-00269,inbound,Nepal,Airport Kiosk,Business Traveller,iOS,2026-06-15,10,drop_technical_fail,46.0,not_reached,8.5,not_reached,14.2,not_reached,31.4,not_reached,11.9,not_reached,,dropped,onboarding,technical_fail,International OTP delivery failure,40.1,2026-W25,2,True,IN-00269-A2
IN-00271,inbound,Bhutan,Airport Kiosk,Tourist,Android,2026-06-05,5,success,23.4,success,,success,,success,,success,,success,,converted,,,,260.6,2026-W23,2,True,IN-00271-A2
IN-00283,inbound,Australia,Authorized Issuer App,Tourist,Android,2026-06-04,7,success,24.3,success,,success,,success,,success,,success,,converted,,,,91.0,2026-W23,2,True,IN-00283-A2
IN-00288,inbound,Mauritius,Airport Kiosk,Tourist,iOS,2026-06-29,5,success,25.9,success,26.6,success,,success,,success,,success,,converted,,,,87.2,2026-W27,2,True,IN-00288-A2
IN-00295,inbound,Mauritius,Authorized Issuer App,Tourist,iOS,2026-06-10,14,success,14.1,success,,success,,success,,success,,success,,converted,,,,171.9,2026-W24,2,True,IN-00295-A2
IN-00299,inbound,USA,Airport Kiosk,NRI,iOS,2026-07-26,5,success,48.2,success,27.7,success,18.9,success,,success,,success,,converted,,,,112.7,2026-W30,2,True,IN-00299-A2
IN-00306,inbound,Nepal,Authorized Issuer App,Business Traveller,iOS,2026-06-05,7,success,56.6,success,,success,,success,,success,,success,,converted,,,,165.7,2026-W23,2,True,IN-00306-A2
IN-00309,inbound,USA,Hotel Partner Onboarding,NRI,Android,2026-06-28,3,drop_technical_fail,75.1,not_reached,,not_reached,,not_reached,,not_reached,,not_reached,,dropped,onboarding,technical_fail,International OTP delivery failure,20.0,2026-W26,2,True,IN-00309-A2
IN-00310,inbound,Australia,Hotel Partner Onboarding,Tourist,iOS,2026-05-12,3,success,41.6,success,12.1,success,,success,,success,,success,,converted,,,,158.8,2026-W20,2,True,IN-00310-A2
IN-00311,inbound,Australia,Airport Kiosk,Tourist,Android,2026-06-19,7,success,51.6,success,,success,,success,,success,,success,,converted,,,,132.8,2026-W25,2,True,IN-00311-A2
IN-00316,inbound,Singapore,Authorized Issuer App,Business Traveller,iOS,2026-07-11,14,success,6.9,success,,success,,success,,success,,success,,converted,,,,137.2,2026-W28,2,True,IN-00316-A2
IN-00317,inbound,Nepal,Authorized Issuer App,Tourist,Android,2026-05-05,14,success,46.4,success,18.4,success,,success,,success,,success,,converted,,,,231.3,2026-W19,2,True,IN-00317-A2
IN-00323,inbound,Mauritius,Airport Kiosk,Tourist,Android,2026-06-28,3,success,12.4,success,46.8,success,14.2,success,1.5,drop_user_abandon,8.2,not_reached,40.7,dropped,authentication,user_abandon,PIN format mismatch with home-market expectations,177.2,2026-W26,2,True,IN-00323-A2
IN-00331,inbound,UK,Airport Kiosk,Tourist,Android,2026-06-17,7,success,15.5,success,,success,,success,,success,,success,,converted,,,,116.6,2026-W25,2,True,IN-00331-A2
IN-00333,inbound,Sri Lanka,Authorized Issuer App,Tourist,iOS,2026-07-12,5,success,4.9,success,37.7,success,36.7,success,,success,,success,,converted,,,,210.6,2026-W28,2,True,IN-00333-A2
IN-00338,inbound,Australia,Airport Kiosk,NRI,Android,2026-05-22,3,success,22.0,success,61.4,success,,success,,success,,success,,converted,,,,116.0,2026-W21,2,True,IN-00338-A2
IN-00346,inbound,Mauritius,Airport Kiosk,NRI,iOS,2026-06-12,3,success,32.9,success,28.3,success,,success,,success,,success,,converted,,,,219.3,2026-W24,2,True,IN-00346-A2
IN-00353,inbound,Sri Lanka,Authorized Issuer App,Business Traveller,Android,2026-07-27,7,success,50.1,success,,success,,success,,success,,success,,converted,,,,89.1,2026-W31,2,True,IN-00353-A2
IN-00355,inbound,USA,Airport Kiosk,NRI,Android,2026-06-07,5,success,7.6,success,,success,,success,,success,,success,,converted,,,,78.1,2026-W23,2,True,IN-00355-A2
IN-00358,inbound,USA,Airport Kiosk,Business Traveller,Android,2026-05-30,14,success,31.1,success,8.7,success,,success,,success,,success,,converted,,,,93.2,2026-W22,2,True,IN-00358-A2
IN-00362,inbound,Nepal,Hotel Partner Onboarding,Tourist,Android,2026-05-03,14,success,2.4,success,33.1,drop_technical_fail,,not_reached,,not_reached,,not_reached,,dropped,wallet_funding,technical_fail,International card declined by issuer (cross-border block),184.9,2026-W18,2,True,IN-00362-A2
IN-00363,inbound,Australia,Airport Kiosk,NRI,iOS,2026-07-01,10,success,13.2,success,,success,,success,,success,,success,,converted,,,,254.4,2026-W27,2,True,IN-00363-A2
IN-00371,inbound,Sri Lanka,Authorized Issuer App,NRI,iOS,2026-06-27,14,drop_user_abandon,57.6,not_reached,,not_reached,,not_reached,,not_reached,,not_reached,,dropped,onboarding,user_abandon,Did not discover product before/during trip,35.5,2026-W26,2,True,IN-00371-A2
IN-00375,inbound,Sri Lanka,Airport Kiosk,Tourist,Android,2026-06-26,7,drop_technical_fail,48.1,not_reached,,not_reached,,not_reached,,not_reached,,not_reached,,dropped,onboarding,technical_fail,International OTP delivery failure,41.8,2026-W26,2,True,IN-00375-A2
IN-00378,inbound,Australia,Hotel Partner Onboarding,Tourist,Android,2026-05-23,7,drop_user_abandon,74.8,not_reached,42.6,not_reached,78.8,not_reached,14.3,not_reached,20.1,not_reached,5.8,dropped,onboarding,user_abandon,Did not discover product before/during trip,41.0,2026-W21,2,True,IN-00378-A2
IN-00379,inbound,Mauritius,Hotel Partner Onboarding,Tourist,Android,2026-06-23,5,success,95.5,success,,success,,success,,success,,success,,converted,,,,113.7,2026-W26,2,True,IN-00379-A2
IN-00386,inbound,Australia,Authorized Issuer App,NRI,Android,2026-05-24,10,success,21.8,success,16.7,success,3.8,success,,success,,success,,converted,,,,119.1,2026-W21,2,True,IN-00386-A2
IN-00388,inbound,France,Hotel Partner Onboarding,Student,iOS,2026-07-21,14,drop_business_decline,42.2,not_reached,28.9,not_reached,,not_reached,,not_reached,,not_reached,,dropped,onboarding,business_decline,Source country not in eligible pilot list,34.8,2026-W30,2,True,IN-00388-A2
IN-00391,inbound,Singapore,Airport Kiosk,Business Traveller,iOS,2026-05-09,10,success,58.3,success,13.2,success,34.8,success,1.9,success,10.6,success,,converted,,,,236.1,2026-W19,2,True,IN-00391-A2
IN-00394,inbound,France,Hotel Partner Onboarding,Student,iOS,2026-05-26,5,drop_user_abandon,49.5,not_reached,,not_reached,,not_reached,,not_reached,,not_reached,,dropped,onboarding,user_abandon,Did not discover product before/during trip,38.7,2026-W22,2,True,IN-00394-A2
IN-00400,inbound,Bhutan,Airport Kiosk,Tourist,iOS,2026-05-24,7,drop_business_decline,22.9,not_reached,,not_reached,,not_reached,,not_reached,,not_reached,,dropped,onboarding,business_decline,Source country not in eligible pilot list,24.4,2026-W21,2,True,IN-00400-A2
IN-00401,inbound,Mauritius,Hotel Partner Onboarding,Tourist,Android,2026-07-11,10,success,17.3,success,48.4,success,40.6,success,21.2,success,7.8,success,,converted,,,,91.1,2026-W28,2,True,IN-00401-A2
IN-00402,inbound,UAE,Airport Kiosk,Business Traveller,Android,2026-07-18,5,success,49.4,success,,success,,success,,success,,success,,converted,,,,147.3,2026-W29,2,True,IN-00402-A2
IN-00404,inbound,France,Authorized Issuer App,Business Traveller,Android,2026-06-01,5,success,11.7,success,84.6,success,,success,,success,,success,,converted,,,,110.3,2026-W23,2,True,IN-00404-A2
IN-00409,inbound,Australia,Authorized Issuer App,NRI,Android,2026-06-02,7,success,30.7,success,28.9,success,19.1,success,,success,,success,,converted,,,,191.4,2026-W23,2,True,IN-00409-A2
IN-00414,inbound,Australia,Authorized Issuer App,Business Traveller,iOS,2026-06-01,3,success,17.8,success,,success,,success,,success,,success,,converted,,,,166.0,2026-W23,2,True,IN-00414-A2
IN-00417,inbound,Sri Lanka,Authorized Issuer App,Tourist,iOS,2026-07-16,3,success,27.5,success,,success,,success,,success,,success,,converted,,,,171.3,2026-W29,2,True,IN-00417-A2
IN-00430,inbound,Mauritius,Authorized Issuer App,Tourist,iOS,2026-05-28,7,success,71.2,success,6.8,success,,success,,success,,success,,converted,,,,139.8,2026-W22,2,True,IN-00430-A2
IN-00435,inbound,Bhutan,Authorized Issuer App,Tourist,iOS,2026-07-08,7,success,3.6,success,,success,,success,,success,,success,,converted,,,,137.2,2026-W28,2,True,IN-00435-A2
IN-00436,inbound,Bhutan,Authorized Issuer App,Tourist,iOS,2026-07-16,5,drop_business_decline,6.6,not_reached,,not_reached,,not_reached,,not_reached,,not_reached,,dropped,onboarding,business_decline,Source country not in eligible pilot list,34.7,2026-W29,2,True,IN-00436-A2
IN-00444,inbound,Mauritius,Airport Kiosk,Tourist,iOS,2026-07-21,7,drop_technical_fail,46.9,not_reached,,not_reached,,not_reached,,not_reached,,not_reached,,dropped,onboarding,technical_fail,International OTP delivery failure,68.0,2026-W30,2,True,IN-00444-A2
IN-00448,inbound,Bhutan,Airport Kiosk,NRI,iOS,2026-05-30,7,drop_business_decline,27.0,not_reached,,not_reached,,not_reached,,not_reached,,not_reached,,dropped,onboarding,business_decline,Source country not in eligible pilot list,58.3,2026-W22,2,True,IN-00448-A2
IN-00451,inbound,France,Airport Kiosk,Tourist,Android,2026-07-22,3,success,30.1,success,,success,,success,,success,,drop_technical_fail,,dropped,exit_refund,technical_fail,Refund automation failed to trigger on trip-end,137.4,2026-W30,2,True,IN-00451-A2
IN-00455,inbound,Australia,Hotel Partner Onboarding,Tourist,Android,2026-05-31,5,success,77.4,success,,success,,success,,success,,success,,converted,,,,86.2,2026-W22,2,True,IN-00455-A2
IN-00456,inbound,UK,Hotel Partner Onboarding,Tourist,Android,2026-07-16,5,success,21.8,success,,success,,success,,success,,success,,converted,,,,77.1,2026-W29,2,True,IN-00456-A2
IN-00457,inbound,Australia,Authorized Issuer App,Business Traveller,Android,2026-07-23,5,drop_business_decline,34.7,not_reached,,not_reached,,not_reached,,not_reached,,not_reached,,dropped,onboarding,business_decline,Source country not in eligible pilot list,24.2,2026-W30,2,True,IN-00457-A2
IN-00459,inbound,France,Airport Kiosk,NRI,iOS,2026-06-10,10,success,45.0,success,16.7,success,,success,,success,,success,,converted,,,,125.3,2026-W24,2,True,IN-00459-A2
IN-00460,inbound,Australia,Airport Kiosk,Tourist,iOS,2026-07-20,7,success,24.6,success,54.3,success,,success,,success,,success,,converted,,,,167.6,2026-W30,2,True,IN-00460-A2
IN-00463,inbound,Singapore,Authorized Issuer App,Tourist,Android,2026-06-11,7,success,32.9,success,96.8,success,,success,,success,,success,,converted,,,,95.3,2026-W24,2,True,IN-00463-A2
IN-00464,inbound,Sri Lanka,Airport Kiosk,NRI,Android,2026-07-18,10,drop_business_decline,9.3,not_reached,104.6,not_reached,6.6,not_reached,9.7,not_reached,,not_reached,,dropped,onboarding,business_decline,Source country not in eligible pilot list,18.5,2026-W29,2,True,IN-00464-A2
IN-00465,inbound,Nepal,Airport Kiosk,Student,Android,2026-05-29,5,success,31.2,success,,success,,success,,success,,success,,converted,,,,125.3,2026-W22,2,True,IN-00465-A2
IN-00466,inbound,Nepal,Authorized Issuer App,Business Traveller,Android,2026-06-17,5,success,16.1,success,33.5,success,,success,,success,,success,,converted,,,,140.7,2026-W25,2,True,IN-00466-A2
IN-00485,inbound,Australia,Hotel Partner Onboarding,Tourist,Android,2026-06-14,7,drop_business_decline,58.8,not_reached,,not_reached,,not_reached,,not_reached,,not_reached,,dropped,onboarding,business_decline,Source country not in eligible pilot list,7.7,2026-W24,2,True,IN-00485-A2
IN-00486,inbound,Australia,Authorized Issuer App,Tourist,iOS,2026-07-26,5,drop_technical_fail,6.9,not_reached,89.3,not_reached,7.5,not_reached,,not_reached,,not_reached,,dropped,onboarding,technical_fail,International OTP delivery failure,22.5,2026-W30,2,True,IN-00486-A2
IN-00491,inbound,France,Authorized Issuer App,Tourist,iOS,2026-06-07,5,success,38.7,success,,success,,success,,success,,success,,converted,,,,243.9,2026-W23,2,True,IN-00491-A2
IN-00499,inbound,Bhutan,Airport Kiosk,NRI,Android,2026-05-27,5,success,19.6,success,,success,,success,,success,,success,,converted,,,,119.9,2026-W22,2,True,IN-00499-A2
