user_id,journey_type,corridor,partner_app,channel,device,date,amount_inr,onboarding_eligibility_status,onboarding_eligibility_duration_sec,beneficiary_merchant_discovery_status,beneficiary_merchant_discovery_duration_sec,quote_fx_acceptance_status,quote_fx_acceptance_duration_sec,authentication_status,authentication_duration_sec,payment_settlement_status,payment_settlement_duration_sec,final_outcome,drop_stage,drop_reason_category,drop_reason_detail,total_time_minutes,cohort_week,attempt_number,is_repeat,attempt_id
OUT-00001,outbound,India-UAE,Paytm,P2M-QR,iOS,2026-05-08,2500.0,drop_business_decline,14.7,not_reached,,not_reached,,not_reached,,not_reached,,dropped,onboarding_eligibility,business_decline,FEMA/residency eligibility check failed,14.7,2026-W19,1,False,OUT-00001-A1
OUT-00002,outbound,India-Nepal,GPay,P2M-QR,Android,2026-05-17,10000.0,success,18.8,success,8.5,success,14.4,drop_business_decline,8.9,not_reached,,dropped,authentication,business_decline,Risk engine false-positive block,50.6,2026-W20,1,False,OUT-00002-A1
OUT-00003,outbound,India-Bhutan,GPay,P2M-QR,Android,2026-06-19,10000.0,success,9.6,success,31.1,success,8.0,success,16.9,success,22.2,converted,,,,87.8,2026-W25,1,False,OUT-00003-A1
OUT-00004,outbound,India-Singapore,BHIM,P2M-QR,Android,2026-07-12,10000.0,success,21.6,success,31.5,drop_technical_fail,11.3,not_reached,,not_reached,,dropped,quote_fx_acceptance,technical_fail,Quote latency / rate refresh timeout,64.4,2026-W28,1,False,OUT-00004-A1
OUT-00005,outbound,India-UAE,PhonePe,P2M-QR,Android,2026-05-11,10000.0,success,15.1,success,35.0,success,30.4,success,3.5,success,16.7,converted,,,,100.7,2026-W20,1,False,OUT-00005-A1
OUT-00006,outbound,India-UAE,BHIM,P2P-Linkage,Android,2026-06-06,25000.0,success,9.9,success,28.5,success,23.7,success,9.3,success,2.7,converted,,,,74.1,2026-W23,1,False,OUT-00006-A1
OUT-00007,outbound,India-France,PhonePe,P2P-Linkage,iOS,2026-05-11,10000.0,success,31.8,success,8.7,success,12.7,success,13.8,success,3.7,converted,,,,70.7,2026-W20,1,False,OUT-00007-A1
OUT-00008,outbound,India-Nepal,Paytm,P2M-QR,Android,2026-05-13,10000.0,success,15.3,success,35.9,success,5.5,success,7.3,success,12.6,converted,,,,76.6,2026-W20,1,False,OUT-00008-A1
OUT-00009,outbound,India-Sri Lanka,BHIM,P2P-Linkage,Android,2026-06-13,5000.0,success,18.1,success,24.4,success,9.9,success,11.3,success,2.7,converted,,,,66.4,2026-W24,1,False,OUT-00009-A1
OUT-00010,outbound,India-UAE,PhonePe,P2M-QR,iOS,2026-07-24,2500.0,success,4.5,success,74.4,drop_business_decline,7.5,not_reached,,not_reached,,dropped,quote_fx_acceptance,business_decline,Amount exceeds corridor limit,86.4,2026-W30,1,False,OUT-00010-A1
OUT-00011,outbound,India-Sri Lanka,PhonePe,P2M-QR,Android,2026-07-29,2500.0,success,15.2,drop_business_decline,18.2,not_reached,,not_reached,,not_reached,,dropped,beneficiary_merchant_discovery,business_decline,Corridor not live for this merchant category,33.4,2026-W31,1,False,OUT-00011-A1
OUT-00012,outbound,India-Nepal,PhonePe,P2P-Linkage,Android,2026-06-06,2500.0,success,15.3,success,58.0,success,12.2,success,25.3,success,10.9,converted,,,,121.7,2026-W23,1,False,OUT-00012-A1
OUT-00013,outbound,India-France,BHIM,P2M-QR,Android,2026-05-13,2500.0,success,1.4,success,6.4,drop_business_decline,31.5,not_reached,,not_reached,,dropped,quote_fx_acceptance,business_decline,Amount exceeds corridor limit,39.3,2026-W20,1,False,OUT-00013-A1
OUT-00014,outbound,India-UAE,BHIM,P2P-Linkage,Android,2026-05-12,5000.0,success,19.7,success,11.0,success,19.1,success,11.9,success,7.1,converted,,,,68.8,2026-W20,1,False,OUT-00014-A1
OUT-00015,outbound,India-Nepal,BHIM,P2P-Linkage,Android,2026-06-29,25000.0,success,1.2,success,12.9,success,15.5,success,37.2,success,48.1,converted,,,,114.9,2026-W27,1,False,OUT-00015-A1
OUT-00016,outbound,India-UAE,Bank-Native App,P2M-QR,Android,2026-05-06,25000.0,success,11.0,success,14.7,success,13.8,success,6.3,success,16.9,converted,,,,62.7,2026-W19,1,False,OUT-00016-A1
OUT-00017,outbound,India-Mauritius,BHIM,P2P-Linkage,iOS,2026-06-18,2500.0,success,48.7,success,10.4,success,6.0,success,14.2,success,20.9,converted,,,,100.2,2026-W25,1,False,OUT-00017-A1
OUT-00018,outbound,India-UAE,PhonePe,P2P-Linkage,Android,2026-07-12,25000.0,success,10.9,success,0.8,success,20.8,success,12.8,success,27.4,converted,,,,72.7,2026-W28,1,False,OUT-00018-A1
OUT-00019,outbound,India-Nepal,PhonePe,P2M-QR,Android,2026-07-11,50000.0,success,29.6,success,27.6,success,17.5,success,3.4,success,15.8,converted,,,,93.9,2026-W28,1,False,OUT-00019-A1
OUT-00020,outbound,India-Mauritius,Paytm,P2M-QR,Android,2026-05-09,50000.0,success,4.5,success,31.6,drop_technical_fail,17.1,not_reached,,not_reached,,dropped,quote_fx_acceptance,technical_fail,Quote latency / rate refresh timeout,53.2,2026-W19,1,False,OUT-00020-A1
OUT-00021,outbound,India-UAE,BHIM,P2M-QR,Android,2026-06-25,10000.0,success,16.7,success,56.9,drop_business_decline,25.5,not_reached,,not_reached,,dropped,quote_fx_acceptance,business_decline,Amount exceeds corridor limit,99.1,2026-W26,1,False,OUT-00021-A1
OUT-00022,outbound,India-UAE,BHIM,P2M-QR,iOS,2026-06-29,10000.0,success,15.9,success,9.4,success,22.1,success,9.1,success,7.3,converted,,,,63.8,2026-W27,1,False,OUT-00022-A1
OUT-00023,outbound,India-Sri Lanka,BHIM,P2M-QR,iOS,2026-05-01,100000.0,success,54.7,success,56.6,success,39.9,success,2.0,success,22.0,converted,,,,175.2,2026-W18,1,False,OUT-00023-A1
OUT-00024,outbound,India-Bhutan,BHIM,P2P-Linkage,iOS,2026-05-10,5000.0,success,7.6,success,23.8,success,14.5,success,7.2,success,13.7,converted,,,,66.8,2026-W19,1,False,OUT-00024-A1
OUT-00025,outbound,India-Bhutan,Paytm,P2P-Linkage,Android,2026-05-26,2500.0,success,10.6,success,48.4,success,41.0,success,6.1,success,11.2,converted,,,,117.3,2026-W22,1,False,OUT-00025-A1
OUT-00026,outbound,India-Bhutan,BHIM,P2M-QR,Android,2026-07-28,10000.0,success,12.0,success,12.0,drop_technical_fail,9.6,not_reached,,not_reached,,dropped,quote_fx_acceptance,technical_fail,Quote latency / rate refresh timeout,33.6,2026-W31,1,False,OUT-00026-A1
OUT-00027,outbound,India-Sri Lanka,Bank-Native App,P2M-QR,iOS,2026-06-21,5000.0,success,27.7,drop_business_decline,26.5,not_reached,,not_reached,,not_reached,,dropped,beneficiary_merchant_discovery,business_decline,Corridor not live for this merchant category,54.2,2026-W25,1,False,OUT-00027-A1
OUT-00028,outbound,India-France,Bank-Native App,P2M-QR,Android,2026-06-12,5000.0,success,6.4,success,25.3,success,1.7,success,7.9,success,6.4,converted,,,,47.7,2026-W24,1,False,OUT-00028-A1
OUT-00029,outbound,India-Sri Lanka,Paytm,P2M-QR,Android,2026-06-25,25000.0,success,4.7,success,23.7,drop_technical_fail,25.3,not_reached,,not_reached,,dropped,quote_fx_acceptance,technical_fail,Quote latency / rate refresh timeout,53.7,2026-W26,1,False,OUT-00029-A1
OUT-00030,outbound,India-Bhutan,BHIM,P2P-Linkage,Android,2026-06-16,5000.0,success,21.5,success,15.9,success,31.9,success,1.1,success,28.0,converted,,,,98.4,2026-W25,1,False,OUT-00030-A1
OUT-00031,outbound,India-Bhutan,Paytm,P2M-QR,iOS,2026-05-11,100000.0,success,8.3,success,15.7,success,29.1,success,5.6,drop_business_decline,6.3,dropped,payment_settlement,business_decline,Local PSP rejected settlement,65.0,2026-W20,1,False,OUT-00031-A1
OUT-00032,outbound,India-Mauritius,Paytm,P2M-QR,Android,2026-05-13,2500.0,success,16.2,success,8.7,success,3.5,success,21.8,success,2.7,converted,,,,52.9,2026-W20,1,False,OUT-00032-A1
OUT-00033,outbound,India-Bhutan,Paytm,P2M-QR,Android,2026-07-11,2500.0,success,22.0,success,29.9,drop_business_decline,15.6,not_reached,,not_reached,,dropped,quote_fx_acceptance,business_decline,Amount exceeds corridor limit,67.5,2026-W28,1,False,OUT-00033-A1
OUT-00034,outbound,India-France,BHIM,P2P-Linkage,Android,2026-06-22,10000.0,success,12.6,success,10.3,success,14.7,success,11.5,success,18.3,converted,,,,67.4,2026-W26,1,False,OUT-00034-A1
OUT-00035,outbound,India-Nepal,BHIM,P2P-Linkage,Android,2026-06-27,5000.0,success,17.5,drop_technical_fail,15.8,not_reached,,not_reached,,not_reached,,dropped,beneficiary_merchant_discovery,technical_fail,Merchant QR/scheme not bridged to NIPL,33.3,2026-W26,1,False,OUT-00035-A1
OUT-00036,outbound,India-UAE,BHIM,P2M-QR,Android,2026-07-05,10000.0,drop_business_decline,4.3,not_reached,,not_reached,,not_reached,,not_reached,,dropped,onboarding_eligibility,business_decline,FEMA/residency eligibility check failed,4.3,2026-W27,1,False,OUT-00036-A1
OUT-00037,outbound,India-Bhutan,Bank-Native App,P2M-QR,Android,2026-07-07,2500.0,success,8.6,success,3.2,drop_user_abandon,39.1,not_reached,,not_reached,,dropped,quote_fx_acceptance,user_abandon,Rate/fee looked unclear or too high,50.9,2026-W28,1,False,OUT-00037-A1
OUT-00038,outbound,India-Bhutan,PhonePe,P2P-Linkage,Android,2026-07-23,5000.0,success,5.2,success,27.7,drop_business_decline,27.7,not_reached,,not_reached,,dropped,quote_fx_acceptance,business_decline,Amount exceeds corridor limit,60.6,2026-W30,1,False,OUT-00038-A1
OUT-00039,outbound,India-Singapore,GPay,P2P-Linkage,Android,2026-06-25,10000.0,success,18.8,drop_user_abandon,49.4,not_reached,,not_reached,,not_reached,,dropped,beneficiary_merchant_discovery,user_abandon,"Incorrect PayNow ID / typo, gave up",68.2,2026-W26,1,False,OUT-00039-A1
OUT-00040,outbound,India-Bhutan,BHIM,P2P-Linkage,Android,2026-06-01,10000.0,success,10.6,success,30.4,success,27.4,success,7.6,success,2.5,converted,,,,78.5,2026-W23,1,False,OUT-00040-A1
OUT-00041,outbound,India-Nepal,Bank-Native App,P2M-QR,Android,2026-05-10,2500.0,success,16.9,success,45.3,drop_user_abandon,16.4,not_reached,,not_reached,,dropped,quote_fx_acceptance,user_abandon,Rate/fee looked unclear or too high,78.6,2026-W19,1,False,OUT-00041-A1
OUT-00042,outbound,India-Mauritius,PhonePe,P2P-Linkage,Android,2026-06-20,50000.0,success,16.3,success,35.9,drop_technical_fail,22.1,not_reached,,not_reached,,dropped,quote_fx_acceptance,technical_fail,Quote latency / rate refresh timeout,74.3,2026-W25,1,False,OUT-00042-A1
OUT-00043,outbound,India-Singapore,Paytm,P2P-Linkage,Android,2026-07-17,100000.0,success,9.3,success,53.4,drop_user_abandon,21.1,not_reached,,not_reached,,dropped,quote_fx_acceptance,user_abandon,Rate/fee looked unclear or too high,83.8,2026-W29,1,False,OUT-00043-A1
OUT-00044,outbound,India-UAE,GPay,P2P-Linkage,Android,2026-05-27,2500.0,success,5.9,success,16.4,success,34.2,success,15.0,success,14.8,converted,,,,86.3,2026-W22,1,False,OUT-00044-A1
OUT-00045,outbound,India-UAE,BHIM,P2M-QR,Android,2026-07-17,5000.0,success,21.7,success,18.5,success,3.8,success,12.4,success,5.4,converted,,,,61.8,2026-W29,1,False,OUT-00045-A1
OUT-00046,outbound,India-Singapore,GPay,P2M-QR,Android,2026-05-02,2500.0,success,23.5,success,39.9,success,2.3,success,31.4,success,6.8,converted,,,,103.9,2026-W18,1,False,OUT-00046-A1
OUT-00047,outbound,India-Mauritius,PhonePe,P2M-QR,Android,2026-07-22,100000.0,success,5.9,drop_user_abandon,27.7,not_reached,,not_reached,,not_reached,,dropped,beneficiary_merchant_discovery,user_abandon,"Incorrect PayNow ID / typo, gave up",33.6,2026-W30,1,False,OUT-00047-A1
OUT-00048,outbound,India-France,Paytm,P2M-QR,Android,2026-05-29,5000.0,success,8.4,success,60.5,drop_business_decline,40.9,not_reached,,not_reached,,dropped,quote_fx_acceptance,business_decline,Amount exceeds corridor limit,109.8,2026-W22,1,False,OUT-00048-A1
OUT-00049,outbound,India-Singapore,Paytm,P2M-QR,Android,2026-07-02,100000.0,success,12.5,success,20.2,drop_technical_fail,14.2,not_reached,,not_reached,,dropped,quote_fx_acceptance,technical_fail,Quote latency / rate refresh timeout,46.9,2026-W27,1,False,OUT-00049-A1
OUT-00050,outbound,India-Singapore,Paytm,P2M-QR,Android,2026-05-05,10000.0,success,12.1,success,40.5,success,6.2,success,23.7,success,4.7,converted,,,,87.2,2026-W19,1,False,OUT-00050-A1
OUT-00051,outbound,India-Mauritius,BHIM,P2M-QR,iOS,2026-06-02,5000.0,success,16.8,success,24.5,success,43.0,drop_user_abandon,3.4,not_reached,,dropped,authentication,user_abandon,Abandoned at step-up authentication,87.7,2026-W23,1,False,OUT-00051-A1
OUT-00052,outbound,India-Mauritius,Paytm,P2P-Linkage,Android,2026-06-07,25000.0,success,17.9,success,14.7,drop_user_abandon,12.8,not_reached,,not_reached,,dropped,quote_fx_acceptance,user_abandon,Rate/fee looked unclear or too high,45.4,2026-W23,1,False,OUT-00052-A1
OUT-00053,outbound,India-Nepal,Paytm,P2M-QR,iOS,2026-07-28,25000.0,success,14.7,success,36.3,success,12.4,success,10.2,success,19.3,converted,,,,92.9,2026-W31,1,False,OUT-00053-A1
OUT-00054,outbound,India-France,GPay,P2P-Linkage,Android,2026-05-31,2500.0,success,14.2,success,5.6,success,16.1,success,16.7,success,1.8,converted,,,,54.4,2026-W22,1,False,OUT-00054-A1
OUT-00055,outbound,India-UAE,PhonePe,P2P-Linkage,iOS,2026-07-09,100000.0,drop_business_decline,4.5,not_reached,,not_reached,,not_reached,,not_reached,,dropped,onboarding_eligibility,business_decline,FEMA/residency eligibility check failed,4.5,2026-W28,1,False,OUT-00055-A1
OUT-00056,outbound,India-France,GPay,P2M-QR,Android,2026-06-08,25000.0,success,8.4,success,15.5,success,7.8,success,13.3,success,42.1,converted,,,,87.1,2026-W24,1,False,OUT-00056-A1
OUT-00057,outbound,India-UAE,BHIM,P2P-Linkage,Android,2026-05-11,5000.0,success,7.0,success,11.8,drop_business_decline,42.9,not_reached,,not_reached,,dropped,quote_fx_acceptance,business_decline,Amount exceeds corridor limit,61.7,2026-W20,1,False,OUT-00057-A1
OUT-00058,outbound,India-Singapore,PhonePe,P2M-QR,iOS,2026-05-23,50000.0,success,11.7,success,27.1,success,16.7,success,29.0,success,5.2,converted,,,,89.7,2026-W21,1,False,OUT-00058-A1
OUT-00059,outbound,India-Mauritius,GPay,P2M-QR,iOS,2026-05-01,10000.0,success,16.6,success,27.8,success,9.1,success,39.4,success,42.7,converted,,,,135.6,2026-W18,1,False,OUT-00059-A1
OUT-00060,outbound,India-France,BHIM,P2M-QR,Android,2026-06-09,100000.0,success,7.0,success,15.9,success,26.0,success,21.2,success,20.8,converted,,,,90.9,2026-W24,1,False,OUT-00060-A1
OUT-00061,outbound,India-Nepal,PhonePe,P2M-QR,Android,2026-07-28,2500.0,success,17.1,drop_business_decline,15.7,not_reached,,not_reached,,not_reached,,dropped,beneficiary_merchant_discovery,business_decline,Corridor not live for this merchant category,32.8,2026-W31,1,False,OUT-00061-A1
OUT-00062,outbound,India-Singapore,PhonePe,P2P-Linkage,Android,2026-07-06,5000.0,success,22.9,drop_business_decline,35.7,not_reached,,not_reached,,not_reached,,dropped,beneficiary_merchant_discovery,business_decline,Corridor not live for this merchant category,58.6,2026-W28,1,False,OUT-00062-A1
OUT-00063,outbound,India-France,PhonePe,P2M-QR,Android,2026-05-24,2500.0,success,9.8,success,6.3,drop_technical_fail,3.1,not_reached,,not_reached,,dropped,quote_fx_acceptance,technical_fail,Quote latency / rate refresh timeout,19.2,2026-W21,1,False,OUT-00063-A1
OUT-00064,outbound,India-Mauritius,Paytm,P2M-QR,Android,2026-07-08,5000.0,success,16.9,success,1.7,drop_technical_fail,34.1,not_reached,,not_reached,,dropped,quote_fx_acceptance,technical_fail,Quote latency / rate refresh timeout,52.7,2026-W28,1,False,OUT-00064-A1
OUT-00065,outbound,India-Nepal,PhonePe,P2M-QR,Android,2026-06-18,50000.0,success,8.4,drop_user_abandon,8.6,not_reached,,not_reached,,not_reached,,dropped,beneficiary_merchant_discovery,user_abandon,"Incorrect PayNow ID / typo, gave up",17.0,2026-W25,1,False,OUT-00065-A1
OUT-00066,outbound,India-Sri Lanka,BHIM,P2M-QR,Android,2026-07-12,50000.0,drop_technical_fail,5.7,not_reached,,not_reached,,not_reached,,not_reached,,dropped,onboarding_eligibility,technical_fail,Bank not enabled for corridor,5.7,2026-W28,1,False,OUT-00066-A1
OUT-00067,outbound,India-UAE,Paytm,P2P-Linkage,iOS,2026-05-10,5000.0,success,14.9,success,27.7,success,11.4,success,9.5,success,38.8,converted,,,,102.3,2026-W19,1,False,OUT-00067-A1
OUT-00068,outbound,India-Nepal,Paytm,P2M-QR,Android,2026-07-09,100000.0,success,15.8,success,12.2,success,14.8,success,10.9,success,3.3,converted,,,,57.0,2026-W28,1,False,OUT-00068-A1
OUT-00069,outbound,India-Singapore,BHIM,P2M-QR,Android,2026-05-27,10000.0,drop_business_decline,30.4,not_reached,,not_reached,,not_reached,,not_reached,,dropped,onboarding_eligibility,business_decline,FEMA/residency eligibility check failed,30.4,2026-W22,1,False,OUT-00069-A1
OUT-00070,outbound,India-Sri Lanka,Paytm,P2P-Linkage,Android,2026-05-27,5000.0,success,19.5,success,5.5,success,30.0,success,3.5,success,15.9,converted,,,,74.4,2026-W22,1,False,OUT-00070-A1
OUT-00071,outbound,India-Nepal,PhonePe,P2M-QR,Android,2026-05-14,2500.0,success,7.0,success,16.1,success,13.7,success,8.1,success,13.2,converted,,,,58.1,2026-W20,1,False,OUT-00071-A1
OUT-00072,outbound,India-Sri Lanka,PhonePe,P2P-Linkage,Android,2026-06-18,5000.0,success,1.5,success,32.7,success,33.6,success,19.5,success,24.7,converted,,,,112.0,2026-W25,1,False,OUT-00072-A1
OUT-00073,outbound,India-Bhutan,GPay,P2P-Linkage,iOS,2026-07-18,2500.0,success,9.9,success,8.3,drop_user_abandon,52.4,not_reached,,not_reached,,dropped,quote_fx_acceptance,user_abandon,Rate/fee looked unclear or too high,70.6,2026-W29,1,False,OUT-00073-A1
OUT-00074,outbound,India-UAE,Bank-Native App,P2M-QR,Android,2026-06-24,5000.0,success,2.7,success,26.2,success,30.3,success,9.9,success,19.7,converted,,,,88.8,2026-W26,1,False,OUT-00074-A1
OUT-00075,outbound,India-Bhutan,Bank-Native App,P2M-QR,Android,2026-07-15,2500.0,success,45.6,success,53.0,success,11.1,success,5.8,success,6.9,converted,,,,122.4,2026-W29,1,False,OUT-00075-A1
OUT-00076,outbound,India-Mauritius,PhonePe,P2M-QR,Android,2026-05-24,50000.0,drop_technical_fail,0.4,not_reached,,not_reached,,not_reached,,not_reached,,dropped,onboarding_eligibility,technical_fail,Bank not enabled for corridor,0.4,2026-W21,1,False,OUT-00076-A1
OUT-00077,outbound,India-UAE,BHIM,P2M-QR,iOS,2026-06-25,25000.0,success,18.0,success,29.3,drop_business_decline,25.0,not_reached,,not_reached,,dropped,quote_fx_acceptance,business_decline,Amount exceeds corridor limit,72.3,2026-W26,1,False,OUT-00077-A1
OUT-00078,outbound,India-Singapore,Bank-Native App,P2M-QR,Android,2026-07-28,100000.0,success,17.0,success,30.2,success,39.2,success,6.4,success,10.7,converted,,,,103.5,2026-W31,1,False,OUT-00078-A1
OUT-00079,outbound,India-Bhutan,PhonePe,P2M-QR,Android,2026-07-27,5000.0,success,7.2,success,19.4,success,33.2,success,6.9,success,7.2,converted,,,,73.9,2026-W31,1,False,OUT-00079-A1
OUT-00080,outbound,India-Nepal,GPay,P2M-QR,Android,2026-06-23,50000.0,success,17.6,success,12.1,success,14.0,success,1.1,success,18.1,converted,,,,62.9,2026-W26,1,False,OUT-00080-A1
OUT-00081,outbound,India-Mauritius,Bank-Native App,P2M-QR,Android,2026-05-06,2500.0,success,1.2,drop_technical_fail,4.2,not_reached,,not_reached,,not_reached,,dropped,beneficiary_merchant_discovery,technical_fail,Merchant QR/scheme not bridged to NIPL,5.4,2026-W19,1,False,OUT-00081-A1
OUT-00082,outbound,India-Bhutan,GPay,P2M-QR,iOS,2026-06-22,2500.0,success,22.7,drop_user_abandon,8.2,not_reached,,not_reached,,not_reached,,dropped,beneficiary_merchant_discovery,user_abandon,"Incorrect PayNow ID / typo, gave up",30.9,2026-W26,1,False,OUT-00082-A1
OUT-00083,outbound,India-Mauritius,PhonePe,P2M-QR,Android,2026-07-19,25000.0,success,20.1,success,26.4,drop_business_decline,8.7,not_reached,,not_reached,,dropped,quote_fx_acceptance,business_decline,Amount exceeds corridor limit,55.2,2026-W29,1,False,OUT-00083-A1
OUT-00084,outbound,India-UAE,PhonePe,P2M-QR,Android,2026-06-22,10000.0,success,12.1,success,7.5,success,22.6,success,16.0,success,7.5,converted,,,,65.7,2026-W26,1,False,OUT-00084-A1
OUT-00085,outbound,India-Nepal,PhonePe,P2M-QR,iOS,2026-05-04,100000.0,success,7.1,drop_business_decline,16.3,not_reached,,not_reached,,not_reached,,dropped,beneficiary_merchant_discovery,business_decline,Corridor not live for this merchant category,23.4,2026-W19,1,False,OUT-00085-A1
OUT-00086,outbound,India-Bhutan,Bank-Native App,P2M-QR,iOS,2026-05-11,2500.0,success,8.8,success,14.7,drop_user_abandon,30.5,not_reached,,not_reached,,dropped,quote_fx_acceptance,user_abandon,Rate/fee looked unclear or too high,54.0,2026-W20,1,False,OUT-00086-A1
OUT-00087,outbound,India-France,GPay,P2M-QR,iOS,2026-07-26,25000.0,success,23.9,drop_technical_fail,19.6,not_reached,,not_reached,,not_reached,,dropped,beneficiary_merchant_discovery,technical_fail,Merchant QR/scheme not bridged to NIPL,43.5,2026-W30,1,False,OUT-00087-A1
OUT-00088,outbound,India-Nepal,PhonePe,P2P-Linkage,iOS,2026-06-18,25000.0,success,10.3,success,21.5,success,21.4,drop_technical_fail,26.4,not_reached,,dropped,authentication,technical_fail,OTP/PIN step-up failure,79.6,2026-W25,1,False,OUT-00088-A1
OUT-00089,outbound,India-Singapore,Bank-Native App,P2P-Linkage,Android,2026-05-19,10000.0,success,3.4,success,17.0,success,27.3,success,9.9,success,58.7,converted,,,,116.3,2026-W21,1,False,OUT-00089-A1
OUT-00090,outbound,India-Sri Lanka,Bank-Native App,P2M-QR,Android,2026-06-12,5000.0,drop_technical_fail,13.6,not_reached,,not_reached,,not_reached,,not_reached,,dropped,onboarding_eligibility,technical_fail,Bank not enabled for corridor,13.6,2026-W24,1,False,OUT-00090-A1
OUT-00091,outbound,India-UAE,BHIM,P2M-QR,Android,2026-05-17,10000.0,success,25.3,success,16.1,success,3.2,success,7.0,success,32.2,converted,,,,83.8,2026-W20,1,False,OUT-00091-A1
OUT-00092,outbound,India-Sri Lanka,Bank-Native App,P2M-QR,Android,2026-05-07,10000.0,success,54.7,drop_business_decline,12.1,not_reached,,not_reached,,not_reached,,dropped,beneficiary_merchant_discovery,business_decline,Corridor not live for this merchant category,66.8,2026-W19,1,False,OUT-00092-A1
OUT-00093,outbound,India-Bhutan,Paytm,P2P-Linkage,Android,2026-06-28,10000.0,success,14.3,success,38.9,success,23.3,success,3.0,success,2.4,converted,,,,81.9,2026-W26,1,False,OUT-00093-A1
OUT-00094,outbound,India-France,GPay,P2M-QR,iOS,2026-05-21,5000.0,success,3.2,success,27.8,drop_business_decline,21.3,not_reached,,not_reached,,dropped,quote_fx_acceptance,business_decline,Amount exceeds corridor limit,52.3,2026-W21,1,False,OUT-00094-A1
OUT-00095,outbound,India-Bhutan,GPay,P2M-QR,Android,2026-07-12,5000.0,success,13.1,success,15.0,drop_technical_fail,5.8,not_reached,,not_reached,,dropped,quote_fx_acceptance,technical_fail,Quote latency / rate refresh timeout,33.9,2026-W28,1,False,OUT-00095-A1
OUT-00096,outbound,India-Singapore,BHIM,P2P-Linkage,Android,2026-05-31,2500.0,success,19.2,success,69.6,success,24.8,success,1.8,success,36.0,converted,,,,151.4,2026-W22,1,False,OUT-00096-A1
OUT-00097,outbound,India-France,GPay,P2P-Linkage,Android,2026-07-18,50000.0,drop_business_decline,9.4,not_reached,,not_reached,,not_reached,,not_reached,,dropped,onboarding_eligibility,business_decline,FEMA/residency eligibility check failed,9.4,2026-W29,1,False,OUT-00097-A1
OUT-00098,outbound,India-UAE,Paytm,P2M-QR,Android,2026-05-02,5000.0,success,26.3,success,8.5,drop_technical_fail,7.3,not_reached,,not_reached,,dropped,quote_fx_acceptance,technical_fail,Quote latency / rate refresh timeout,42.1,2026-W18,1,False,OUT-00098-A1
OUT-00099,outbound,India-Mauritius,GPay,P2M-QR,Android,2026-05-29,10000.0,drop_user_abandon,2.1,not_reached,,not_reached,,not_reached,,not_reached,,dropped,onboarding_eligibility,user_abandon,Did not discover international toggle,2.1,2026-W22,1,False,OUT-00099-A1
OUT-00100,outbound,India-France,PhonePe,P2M-QR,Android,2026-05-16,50000.0,success,3.6,success,34.5,success,12.1,success,3.5,success,5.1,converted,,,,58.8,2026-W20,1,False,OUT-00100-A1
OUT-00101,outbound,India-UAE,BHIM,P2M-QR,Android,2026-07-09,25000.0,success,3.3,success,40.5,success,37.2,success,5.5,success,0.9,converted,,,,87.4,2026-W28,1,False,OUT-00101-A1
OUT-00102,outbound,India-Bhutan,GPay,P2M-QR,Android,2026-05-18,50000.0,success,7.1,success,25.4,success,6.3,success,23.3,success,37.0,converted,,,,99.1,2026-W21,1,False,OUT-00102-A1
OUT-00103,outbound,India-Singapore,Paytm,P2P-Linkage,iOS,2026-06-27,5000.0,success,14.2,success,25.5,success,17.3,success,11.6,success,42.1,converted,,,,110.7,2026-W26,1,False,OUT-00103-A1
OUT-00104,outbound,India-Singapore,Bank-Native App,P2M-QR,Android,2026-07-18,25000.0,success,16.5,success,39.2,success,4.0,success,6.8,success,15.6,converted,,,,82.1,2026-W29,1,False,OUT-00104-A1
OUT-00105,outbound,India-Nepal,BHIM,P2M-QR,iOS,2026-07-26,2500.0,success,9.7,success,26.6,drop_business_decline,18.4,not_reached,,not_reached,,dropped,quote_fx_acceptance,business_decline,Amount exceeds corridor limit,54.7,2026-W30,1,False,OUT-00105-A1
OUT-00106,outbound,India-France,PhonePe,P2M-QR,Android,2026-05-07,2500.0,success,13.4,drop_business_decline,18.6,not_reached,,not_reached,,not_reached,,dropped,beneficiary_merchant_discovery,business_decline,Corridor not live for this merchant category,32.0,2026-W19,1,False,OUT-00106-A1
OUT-00107,outbound,India-Nepal,Bank-Native App,P2M-QR,iOS,2026-05-19,10000.0,success,7.2,success,7.9,success,9.7,success,12.0,success,9.6,converted,,,,46.4,2026-W21,1,False,OUT-00107-A1
OUT-00108,outbound,India-France,BHIM,P2P-Linkage,iOS,2026-05-24,50000.0,success,18.0,success,3.4,drop_user_abandon,11.1,not_reached,,not_reached,,dropped,quote_fx_acceptance,user_abandon,Rate/fee looked unclear or too high,32.5,2026-W21,1,False,OUT-00108-A1
OUT-00109,outbound,India-Bhutan,Bank-Native App,P2M-QR,Android,2026-06-17,10000.0,success,11.7,success,31.7,drop_business_decline,18.4,not_reached,,not_reached,,dropped,quote_fx_acceptance,business_decline,Amount exceeds corridor limit,61.8,2026-W25,1,False,OUT-00109-A1
OUT-00110,outbound,India-France,Bank-Native App,P2M-QR,Android,2026-05-16,2500.0,success,44.7,success,8.7,drop_technical_fail,17.2,not_reached,,not_reached,,dropped,quote_fx_acceptance,technical_fail,Quote latency / rate refresh timeout,70.6,2026-W20,1,False,OUT-00110-A1
OUT-00111,outbound,India-Sri Lanka,BHIM,P2M-QR,Android,2026-06-16,5000.0,success,11.5,success,14.6,drop_user_abandon,4.8,not_reached,,not_reached,,dropped,quote_fx_acceptance,user_abandon,Rate/fee looked unclear or too high,30.9,2026-W25,1,False,OUT-00111-A1
OUT-00112,outbound,India-Bhutan,Bank-Native App,P2P-Linkage,Android,2026-05-07,2500.0,success,7.9,success,42.3,success,66.4,success,3.4,success,5.8,converted,,,,125.8,2026-W19,1,False,OUT-00112-A1
OUT-00113,outbound,India-UAE,BHIM,P2M-QR,Android,2026-05-30,25000.0,success,10.4,success,5.9,success,20.8,success,3.6,success,16.1,converted,,,,56.8,2026-W22,1,False,OUT-00113-A1
OUT-00114,outbound,India-Nepal,BHIM,P2M-QR,Android,2026-07-22,100000.0,success,16.7,success,19.9,drop_technical_fail,2.4,not_reached,,not_reached,,dropped,quote_fx_acceptance,technical_fail,Quote latency / rate refresh timeout,39.0,2026-W30,1,False,OUT-00114-A1
OUT-00115,outbound,India-Nepal,Bank-Native App,P2P-Linkage,Android,2026-05-14,10000.0,success,10.4,success,20.0,drop_business_decline,2.0,not_reached,,not_reached,,dropped,quote_fx_acceptance,business_decline,Amount exceeds corridor limit,32.4,2026-W20,1,False,OUT-00115-A1
OUT-00116,outbound,India-France,PhonePe,P2M-QR,Android,2026-05-23,100000.0,drop_business_decline,19.0,not_reached,,not_reached,,not_reached,,not_reached,,dropped,onboarding_eligibility,business_decline,FEMA/residency eligibility check failed,19.0,2026-W21,1,False,OUT-00116-A1
OUT-00117,outbound,India-Mauritius,BHIM,P2M-QR,Android,2026-07-23,25000.0,success,24.3,drop_business_decline,16.7,not_reached,,not_reached,,not_reached,,dropped,beneficiary_merchant_discovery,business_decline,Corridor not live for this merchant category,41.0,2026-W30,1,False,OUT-00117-A1
OUT-00118,outbound,India-Singapore,GPay,P2M-QR,Android,2026-05-29,10000.0,success,10.8,success,12.2,success,3.8,success,10.3,success,24.1,converted,,,,61.2,2026-W22,1,False,OUT-00118-A1
OUT-00119,outbound,India-Singapore,Paytm,P2M-QR,Android,2026-05-01,10000.0,success,27.3,success,32.0,success,33.7,success,8.5,success,17.9,converted,,,,119.4,2026-W18,1,False,OUT-00119-A1
OUT-00120,outbound,India-UAE,Bank-Native App,P2M-QR,Android,2026-06-29,100000.0,success,22.4,success,3.9,success,11.4,success,12.2,success,3.2,converted,,,,53.1,2026-W27,1,False,OUT-00120-A1
OUT-00121,outbound,India-UAE,GPay,P2M-QR,Android,2026-07-02,2500.0,success,2.9,success,7.5,success,25.7,success,3.4,success,10.2,converted,,,,49.7,2026-W27,1,False,OUT-00121-A1
OUT-00122,outbound,India-Singapore,PhonePe,P2M-QR,Android,2026-07-27,25000.0,success,27.0,success,7.4,drop_user_abandon,35.9,not_reached,,not_reached,,dropped,quote_fx_acceptance,user_abandon,Rate/fee looked unclear or too high,70.3,2026-W31,1,False,OUT-00122-A1
OUT-00123,outbound,India-France,Bank-Native App,P2M-QR,Android,2026-07-27,2500.0,success,9.6,success,5.5,success,5.7,success,3.0,success,1.3,converted,,,,25.1,2026-W31,1,False,OUT-00123-A1
OUT-00124,outbound,India-Nepal,GPay,P2M-QR,Android,2026-05-28,5000.0,success,16.0,success,23.5,success,5.5,success,11.3,success,12.4,converted,,,,68.7,2026-W22,1,False,OUT-00124-A1
OUT-00125,outbound,India-UAE,GPay,P2M-QR,Android,2026-05-05,5000.0,success,11.0,success,59.5,success,2.2,success,14.3,success,15.4,converted,,,,102.4,2026-W19,1,False,OUT-00125-A1
OUT-00126,outbound,India-Singapore,BHIM,P2M-QR,Android,2026-07-08,5000.0,success,17.8,success,39.0,success,20.9,success,38.8,success,20.6,converted,,,,137.1,2026-W28,1,False,OUT-00126-A1
OUT-00127,outbound,India-France,Paytm,P2P-Linkage,Android,2026-05-31,5000.0,success,20.9,drop_technical_fail,32.0,not_reached,,not_reached,,not_reached,,dropped,beneficiary_merchant_discovery,technical_fail,Merchant QR/scheme not bridged to NIPL,52.9,2026-W22,1,False,OUT-00127-A1
OUT-00128,outbound,India-UAE,Paytm,P2M-QR,Android,2026-07-25,2500.0,success,18.9,drop_business_decline,22.1,not_reached,,not_reached,,not_reached,,dropped,beneficiary_merchant_discovery,business_decline,Corridor not live for this merchant category,41.0,2026-W30,1,False,OUT-00128-A1
OUT-00129,outbound,India-Mauritius,GPay,P2M-QR,iOS,2026-06-10,5000.0,success,31.9,success,14.5,success,11.4,success,12.5,success,50.1,converted,,,,120.4,2026-W24,1,False,OUT-00129-A1
OUT-00130,outbound,India-Sri Lanka,PhonePe,P2P-Linkage,Android,2026-05-24,50000.0,success,22.9,success,105.0,success,25.4,success,6.0,drop_technical_fail,45.2,dropped,payment_settlement,technical_fail,Settlement timeout with local PSP,204.5,2026-W21,1,False,OUT-00130-A1
OUT-00131,outbound,India-UAE,BHIM,P2M-QR,Android,2026-06-10,2500.0,success,11.4,success,2.3,success,10.3,success,10.4,success,20.2,converted,,,,54.6,2026-W24,1,False,OUT-00131-A1
OUT-00132,outbound,India-Sri Lanka,PhonePe,P2P-Linkage,iOS,2026-05-19,50000.0,success,9.1,success,23.2,drop_business_decline,29.6,not_reached,,not_reached,,dropped,quote_fx_acceptance,business_decline,Amount exceeds corridor limit,61.9,2026-W21,1,False,OUT-00132-A1
OUT-00133,outbound,India-Bhutan,Paytm,P2P-Linkage,Android,2026-05-28,100000.0,success,2.3,success,16.0,success,6.5,success,13.3,success,17.4,converted,,,,55.5,2026-W22,1,False,OUT-00133-A1
OUT-00134,outbound,India-Bhutan,BHIM,P2P-Linkage,Android,2026-07-17,5000.0,success,13.8,success,19.6,success,10.8,success,10.8,success,19.1,converted,,,,74.1,2026-W29,1,False,OUT-00134-A1
OUT-00135,outbound,India-Mauritius,GPay,P2M-QR,Android,2026-05-13,25000.0,success,12.4,success,26.8,success,7.2,success,11.0,success,7.2,converted,,,,64.6,2026-W20,1,False,OUT-00135-A1
OUT-00136,outbound,India-Singapore,Bank-Native App,P2M-QR,Android,2026-05-11,25000.0,success,8.6,drop_user_abandon,30.4,not_reached,,not_reached,,not_reached,,dropped,beneficiary_merchant_discovery,user_abandon,"Incorrect PayNow ID / typo, gave up",39.0,2026-W20,1,False,OUT-00136-A1
OUT-00137,outbound,India-Singapore,BHIM,P2P-Linkage,Android,2026-07-20,50000.0,success,7.9,success,15.7,drop_technical_fail,17.3,not_reached,,not_reached,,dropped,quote_fx_acceptance,technical_fail,Quote latency / rate refresh timeout,40.9,2026-W30,1,False,OUT-00137-A1
OUT-00138,outbound,India-Sri Lanka,GPay,P2M-QR,Android,2026-05-10,10000.0,success,5.4,drop_user_abandon,18.2,not_reached,,not_reached,,not_reached,,dropped,beneficiary_merchant_discovery,user_abandon,"Incorrect PayNow ID / typo, gave up",23.6,2026-W19,1,False,OUT-00138-A1
OUT-00139,outbound,India-Mauritius,PhonePe,P2M-QR,Android,2026-07-15,5000.0,success,15.2,success,20.2,success,10.6,success,15.5,success,10.3,converted,,,,71.8,2026-W29,1,False,OUT-00139-A1
OUT-00140,outbound,India-UAE,PhonePe,P2M-QR,iOS,2026-05-06,100000.0,success,41.4,success,20.2,drop_business_decline,3.9,not_reached,,not_reached,,dropped,quote_fx_acceptance,business_decline,Amount exceeds corridor limit,65.5,2026-W19,1,False,OUT-00140-A1
OUT-00141,outbound,India-Sri Lanka,BHIM,P2P-Linkage,iOS,2026-07-07,2500.0,success,20.3,success,28.5,success,46.6,success,9.7,success,11.7,converted,,,,116.8,2026-W28,1,False,OUT-00141-A1
OUT-00142,outbound,India-Singapore,Paytm,P2M-QR,Android,2026-06-24,2500.0,success,7.0,success,7.9,success,1.0,success,12.8,success,22.4,converted,,,,51.1,2026-W26,1,False,OUT-00142-A1
OUT-00143,outbound,India-France,Bank-Native App,P2M-QR,Android,2026-05-08,5000.0,success,20.7,success,13.7,success,26.2,success,0.1,success,9.5,converted,,,,70.2,2026-W19,1,False,OUT-00143-A1
OUT-00144,outbound,India-Bhutan,BHIM,P2M-QR,iOS,2026-05-28,5000.0,success,21.9,success,4.1,success,37.5,success,19.0,success,9.8,converted,,,,92.3,2026-W22,1,False,OUT-00144-A1
OUT-00145,outbound,India-UAE,Bank-Native App,P2P-Linkage,Android,2026-05-06,10000.0,success,8.9,success,47.4,drop_technical_fail,20.5,not_reached,,not_reached,,dropped,quote_fx_acceptance,technical_fail,Quote latency / rate refresh timeout,76.8,2026-W19,1,False,OUT-00145-A1
OUT-00146,outbound,India-Mauritius,GPay,P2M-QR,Android,2026-06-29,5000.0,success,10.7,success,43.4,success,24.3,success,11.4,success,3.2,converted,,,,93.0,2026-W27,1,False,OUT-00146-A1
OUT-00147,outbound,India-Nepal,GPay,P2M-QR,iOS,2026-05-16,2500.0,success,24.1,success,2.1,success,7.0,success,26.7,success,23.4,converted,,,,83.3,2026-W20,1,False,OUT-00147-A1
OUT-00148,outbound,India-Mauritius,BHIM,P2P-Linkage,Android,2026-07-20,10000.0,success,30.1,success,8.2,success,75.4,success,7.3,drop_business_decline,5.5,dropped,payment_settlement,business_decline,Local PSP rejected settlement,126.5,2026-W30,1,False,OUT-00148-A1
OUT-00149,outbound,India-Bhutan,Bank-Native App,P2P-Linkage,iOS,2026-05-09,2500.0,success,13.8,success,34.9,success,27.1,success,16.1,success,1.8,converted,,,,93.7,2026-W19,1,False,OUT-00149-A1
OUT-00150,outbound,India-UAE,PhonePe,P2M-QR,Android,2026-07-15,2500.0,success,7.7,success,39.4,drop_user_abandon,7.8,not_reached,,not_reached,,dropped,quote_fx_acceptance,user_abandon,Rate/fee looked unclear or too high,54.9,2026-W29,1,False,OUT-00150-A1
OUT-00151,outbound,India-UAE,PhonePe,P2M-QR,iOS,2026-06-19,2500.0,success,2.3,success,49.2,success,26.0,success,8.0,success,16.2,converted,,,,101.7,2026-W25,1,False,OUT-00151-A1
OUT-00152,outbound,India-Sri Lanka,GPay,P2P-Linkage,Android,2026-06-03,2500.0,success,27.0,success,16.5,success,20.5,drop_business_decline,10.6,not_reached,,dropped,authentication,business_decline,Risk engine false-positive block,74.6,2026-W23,1,False,OUT-00152-A1
OUT-00153,outbound,India-Nepal,Paytm,P2P-Linkage,Android,2026-05-20,2500.0,success,23.0,success,14.4,drop_business_decline,11.9,not_reached,,not_reached,,dropped,quote_fx_acceptance,business_decline,Amount exceeds corridor limit,49.3,2026-W21,1,False,OUT-00153-A1
OUT-00154,outbound,India-Nepal,Paytm,P2M-QR,Android,2026-06-07,2500.0,success,11.8,success,10.2,success,26.8,success,7.0,success,6.7,converted,,,,62.5,2026-W23,1,False,OUT-00154-A1
OUT-00155,outbound,India-Nepal,Paytm,P2M-QR,iOS,2026-06-17,100000.0,success,15.7,success,18.3,success,41.5,success,10.0,success,25.8,converted,,,,111.3,2026-W25,1,False,OUT-00155-A1
OUT-00156,outbound,India-UAE,BHIM,P2M-QR,Android,2026-06-18,100000.0,success,30.5,success,40.0,success,31.6,success,18.8,success,44.9,converted,,,,165.8,2026-W25,1,False,OUT-00156-A1
OUT-00157,outbound,India-UAE,Bank-Native App,P2M-QR,Android,2026-06-27,25000.0,success,2.3,success,16.9,success,27.1,success,20.9,success,22.2,converted,,,,89.4,2026-W26,1,False,OUT-00157-A1
OUT-00158,outbound,India-Bhutan,Paytm,P2M-QR,Android,2026-07-20,5000.0,success,2.6,drop_business_decline,28.4,not_reached,,not_reached,,not_reached,,dropped,beneficiary_merchant_discovery,business_decline,Corridor not live for this merchant category,31.0,2026-W30,1,False,OUT-00158-A1
OUT-00159,outbound,India-Sri Lanka,BHIM,P2P-Linkage,Android,2026-06-11,2500.0,success,2.2,success,18.4,success,22.2,success,18.0,success,19.6,converted,,,,80.4,2026-W24,1,False,OUT-00159-A1
OUT-00160,outbound,India-Mauritius,Bank-Native App,P2M-QR,iOS,2026-07-21,5000.0,success,2.0,success,31.6,drop_user_abandon,15.7,not_reached,,not_reached,,dropped,quote_fx_acceptance,user_abandon,Rate/fee looked unclear or too high,49.3,2026-W30,1,False,OUT-00160-A1
OUT-00161,outbound,India-Singapore,BHIM,P2M-QR,Android,2026-05-23,2500.0,success,12.5,success,39.7,success,21.0,success,37.8,success,3.0,converted,,,,114.0,2026-W21,1,False,OUT-00161-A1
OUT-00162,outbound,India-Bhutan,Bank-Native App,P2M-QR,Android,2026-07-23,2500.0,success,33.9,success,44.4,drop_business_decline,14.3,not_reached,,not_reached,,dropped,quote_fx_acceptance,business_decline,Amount exceeds corridor limit,92.6,2026-W30,1,False,OUT-00162-A1
OUT-00163,outbound,India-Sri Lanka,PhonePe,P2M-QR,Android,2026-06-12,5000.0,success,7.5,success,10.3,success,9.3,success,6.3,success,39.3,converted,,,,72.7,2026-W24,1,False,OUT-00163-A1
OUT-00164,outbound,India-Singapore,PhonePe,P2M-QR,iOS,2026-06-04,50000.0,drop_user_abandon,30.1,not_reached,,not_reached,,not_reached,,not_reached,,dropped,onboarding_eligibility,user_abandon,Did not discover international toggle,30.1,2026-W23,1,False,OUT-00164-A1
OUT-00165,outbound,India-Mauritius,PhonePe,P2P-Linkage,iOS,2026-06-30,5000.0,success,5.7,drop_user_abandon,57.7,not_reached,,not_reached,,not_reached,,dropped,beneficiary_merchant_discovery,user_abandon,"Incorrect PayNow ID / typo, gave up",63.4,2026-W27,1,False,OUT-00165-A1
OUT-00166,outbound,India-Nepal,Paytm,P2P-Linkage,Android,2026-05-28,2500.0,success,6.5,drop_technical_fail,24.4,not_reached,,not_reached,,not_reached,,dropped,beneficiary_merchant_discovery,technical_fail,Merchant QR/scheme not bridged to NIPL,30.9,2026-W22,1,False,OUT-00166-A1
OUT-00167,outbound,India-Nepal,BHIM,P2P-Linkage,Android,2026-06-30,2500.0,success,9.4,success,16.1,success,27.3,success,14.2,success,41.5,converted,,,,108.5,2026-W27,1,False,OUT-00167-A1
OUT-00168,outbound,India-France,Bank-Native App,P2P-Linkage,Android,2026-05-09,25000.0,success,7.4,success,3.3,success,2.2,success,9.5,success,29.0,converted,,,,51.4,2026-W19,1,False,OUT-00168-A1
OUT-00169,outbound,India-Nepal,BHIM,P2M-QR,iOS,2026-06-25,5000.0,success,29.7,success,26.9,success,15.2,success,9.4,success,15.8,converted,,,,97.0,2026-W26,1,False,OUT-00169-A1
OUT-00170,outbound,India-UAE,BHIM,P2M-QR,Android,2026-05-13,10000.0,success,2.2,success,14.8,success,53.5,success,2.9,success,14.7,converted,,,,88.1,2026-W20,1,False,OUT-00170-A1
OUT-00171,outbound,India-Nepal,Paytm,P2P-Linkage,iOS,2026-05-01,2500.0,success,6.5,success,43.9,success,14.6,success,13.3,success,16.4,converted,,,,94.7,2026-W18,1,False,OUT-00171-A1
OUT-00172,outbound,India-Nepal,PhonePe,P2P-Linkage,Android,2026-06-09,10000.0,success,7.4,success,37.2,drop_business_decline,2.5,not_reached,,not_reached,,dropped,quote_fx_acceptance,business_decline,Amount exceeds corridor limit,47.1,2026-W24,1,False,OUT-00172-A1
OUT-00173,outbound,India-Nepal,BHIM,P2P-Linkage,iOS,2026-06-11,10000.0,success,9.4,success,13.6,success,44.6,success,20.7,success,15.1,converted,,,,103.4,2026-W24,1,False,OUT-00173-A1
OUT-00174,outbound,India-Singapore,BHIM,P2P-Linkage,Android,2026-06-18,50000.0,success,28.2,success,30.0,success,9.7,success,18.4,success,16.3,converted,,,,102.6,2026-W25,1,False,OUT-00174-A1
OUT-00175,outbound,India-Bhutan,Bank-Native App,P2M-QR,Android,2026-06-11,2500.0,success,9.9,success,20.1,success,28.9,success,2.2,success,5.9,converted,,,,67.0,2026-W24,1,False,OUT-00175-A1
OUT-00176,outbound,India-Singapore,GPay,P2P-Linkage,Android,2026-06-28,100000.0,success,26.2,success,28.7,drop_user_abandon,19.8,not_reached,,not_reached,,dropped,quote_fx_acceptance,user_abandon,Rate/fee looked unclear or too high,74.7,2026-W26,1,False,OUT-00176-A1
OUT-00177,outbound,India-Nepal,PhonePe,P2M-QR,iOS,2026-06-23,50000.0,success,5.2,success,34.8,success,42.8,success,9.5,success,6.9,converted,,,,99.2,2026-W26,1,False,OUT-00177-A1
OUT-00178,outbound,India-UAE,PhonePe,P2M-QR,Android,2026-07-01,10000.0,success,19.3,drop_business_decline,30.2,not_reached,,not_reached,,not_reached,,dropped,beneficiary_merchant_discovery,business_decline,Corridor not live for this merchant category,49.5,2026-W27,1,False,OUT-00178-A1
OUT-00179,outbound,India-France,Paytm,P2M-QR,Android,2026-05-08,100000.0,success,8.5,success,25.1,drop_business_decline,36.2,not_reached,,not_reached,,dropped,quote_fx_acceptance,business_decline,Amount exceeds corridor limit,69.8,2026-W19,1,False,OUT-00179-A1
OUT-00180,outbound,India-Singapore,GPay,P2M-QR,iOS,2026-07-09,10000.0,success,18.2,success,11.7,drop_technical_fail,5.4,not_reached,,not_reached,,dropped,quote_fx_acceptance,technical_fail,Quote latency / rate refresh timeout,35.3,2026-W28,1,False,OUT-00180-A1
OUT-00181,outbound,India-Singapore,Bank-Native App,P2M-QR,Android,2026-06-18,10000.0,success,8.5,success,43.4,drop_technical_fail,24.7,not_reached,,not_reached,,dropped,quote_fx_acceptance,technical_fail,Quote latency / rate refresh timeout,76.6,2026-W25,1,False,OUT-00181-A1
OUT-00182,outbound,India-Bhutan,Paytm,P2M-QR,Android,2026-07-18,2500.0,success,42.6,success,10.8,success,9.7,success,17.6,success,11.7,converted,,,,92.4,2026-W29,1,False,OUT-00182-A1
OUT-00183,outbound,India-Bhutan,Bank-Native App,P2M-QR,iOS,2026-06-27,2500.0,success,34.1,success,57.8,drop_user_abandon,13.2,not_reached,,not_reached,,dropped,quote_fx_acceptance,user_abandon,Rate/fee looked unclear or too high,105.1,2026-W26,1,False,OUT-00183-A1
OUT-00184,outbound,India-Nepal,Paytm,P2M-QR,Android,2026-07-18,50000.0,success,22.7,success,0.9,success,24.5,success,34.0,success,18.8,converted,,,,100.9,2026-W29,1,False,OUT-00184-A1
OUT-00185,outbound,India-Sri Lanka,PhonePe,P2M-QR,iOS,2026-05-23,25000.0,success,13.0,success,19.5,drop_technical_fail,21.1,not_reached,,not_reached,,dropped,quote_fx_acceptance,technical_fail,Quote latency / rate refresh timeout,53.6,2026-W21,1,False,OUT-00185-A1
OUT-00186,outbound,India-Mauritius,GPay,P2M-QR,iOS,2026-06-11,2500.0,drop_technical_fail,36.5,not_reached,,not_reached,,not_reached,,not_reached,,dropped,onboarding_eligibility,technical_fail,Bank not enabled for corridor,36.5,2026-W24,1,False,OUT-00186-A1
OUT-00187,outbound,India-Bhutan,Paytm,P2M-QR,Android,2026-06-25,2500.0,success,15.8,success,57.3,success,11.2,success,41.1,success,34.7,converted,,,,160.1,2026-W26,1,False,OUT-00187-A1
OUT-00188,outbound,India-Nepal,Paytm,P2P-Linkage,iOS,2026-06-29,10000.0,success,10.7,success,15.0,drop_user_abandon,32.9,not_reached,,not_reached,,dropped,quote_fx_acceptance,user_abandon,Rate/fee looked unclear or too high,58.6,2026-W27,1,False,OUT-00188-A1
OUT-00189,outbound,India-Nepal,BHIM,P2M-QR,iOS,2026-06-05,50000.0,success,4.3,success,10.4,success,10.6,success,4.8,success,22.7,converted,,,,52.8,2026-W23,1,False,OUT-00189-A1
OUT-00190,outbound,India-Mauritius,Paytm,P2M-QR,iOS,2026-06-28,5000.0,success,6.4,success,18.2,drop_user_abandon,19.4,not_reached,,not_reached,,dropped,quote_fx_acceptance,user_abandon,Rate/fee looked unclear or too high,44.0,2026-W26,1,False,OUT-00190-A1
OUT-00191,outbound,India-Singapore,Bank-Native App,P2M-QR,Android,2026-05-30,2500.0,success,6.0,success,7.0,drop_technical_fail,9.4,not_reached,,not_reached,,dropped,quote_fx_acceptance,technical_fail,Quote latency / rate refresh timeout,22.4,2026-W22,1,False,OUT-00191-A1
OUT-00192,outbound,India-Bhutan,BHIM,P2P-Linkage,Android,2026-07-08,25000.0,success,16.2,drop_user_abandon,9.6,not_reached,,not_reached,,not_reached,,dropped,beneficiary_merchant_discovery,user_abandon,"Incorrect PayNow ID / typo, gave up",25.8,2026-W28,1,False,OUT-00192-A1
OUT-00193,outbound,India-Sri Lanka,GPay,P2M-QR,iOS,2026-07-06,2500.0,success,2.3,success,13.6,success,10.8,success,3.4,success,29.3,converted,,,,59.4,2026-W28,1,False,OUT-00193-A1
OUT-00194,outbound,India-UAE,Paytm,P2M-QR,Android,2026-06-18,10000.0,drop_technical_fail,7.6,not_reached,,not_reached,,not_reached,,not_reached,,dropped,onboarding_eligibility,technical_fail,Bank not enabled for corridor,7.6,2026-W25,1,False,OUT-00194-A1
OUT-00195,outbound,India-Nepal,Bank-Native App,P2M-QR,Android,2026-05-12,5000.0,success,13.8,success,5.9,success,37.8,success,12.4,success,13.3,converted,,,,83.2,2026-W20,1,False,OUT-00195-A1
OUT-00196,outbound,India-Mauritius,BHIM,P2M-QR,Android,2026-07-02,10000.0,success,16.0,success,27.1,drop_technical_fail,26.9,not_reached,,not_reached,,dropped,quote_fx_acceptance,technical_fail,Quote latency / rate refresh timeout,70.0,2026-W27,1,False,OUT-00196-A1
OUT-00197,outbound,India-UAE,PhonePe,P2M-QR,Android,2026-05-06,5000.0,success,19.7,success,113.3,success,12.0,success,9.1,success,18.4,converted,,,,172.5,2026-W19,1,False,OUT-00197-A1
OUT-00198,outbound,India-Nepal,GPay,P2M-QR,Android,2026-05-16,2500.0,success,3.2,success,29.7,success,9.7,success,5.9,success,31.1,converted,,,,79.6,2026-W20,1,False,OUT-00198-A1
OUT-00199,outbound,India-Nepal,PhonePe,P2P-Linkage,Android,2026-07-12,100000.0,success,15.2,success,8.3,success,25.1,success,4.2,success,4.1,converted,,,,56.9,2026-W28,1,False,OUT-00199-A1
OUT-00200,outbound,India-Nepal,GPay,P2P-Linkage,iOS,2026-05-30,100000.0,success,11.3,success,12.4,success,35.4,success,14.2,success,9.5,converted,,,,82.8,2026-W22,1,False,OUT-00200-A1
OUT-00201,outbound,India-UAE,GPay,P2M-QR,Android,2026-06-26,5000.0,success,3.8,success,39.9,drop_technical_fail,3.1,not_reached,,not_reached,,dropped,quote_fx_acceptance,technical_fail,Quote latency / rate refresh timeout,46.8,2026-W26,1,False,OUT-00201-A1
OUT-00202,outbound,India-UAE,GPay,P2M-QR,Android,2026-07-24,100000.0,success,20.8,success,53.7,drop_business_decline,11.2,not_reached,,not_reached,,dropped,quote_fx_acceptance,business_decline,Amount exceeds corridor limit,85.7,2026-W30,1,False,OUT-00202-A1
OUT-00203,outbound,India-Sri Lanka,BHIM,P2M-QR,iOS,2026-05-27,2500.0,success,16.2,success,25.7,success,30.7,success,9.7,drop_technical_fail,11.1,dropped,payment_settlement,technical_fail,Settlement timeout with local PSP,93.4,2026-W22,1,False,OUT-00203-A1
OUT-00204,outbound,India-Singapore,BHIM,P2M-QR,Android,2026-06-03,50000.0,success,17.0,success,26.8,success,12.9,success,7.7,success,1.9,converted,,,,66.3,2026-W23,1,False,OUT-00204-A1
OUT-00205,outbound,India-UAE,PhonePe,P2M-QR,Android,2026-06-20,5000.0,success,8.4,success,40.1,success,12.0,success,12.3,success,9.2,converted,,,,82.0,2026-W25,1,False,OUT-00205-A1
OUT-00206,outbound,India-Nepal,GPay,P2M-QR,Android,2026-05-15,2500.0,success,26.2,drop_user_abandon,28.5,not_reached,,not_reached,,not_reached,,dropped,beneficiary_merchant_discovery,user_abandon,"Incorrect PayNow ID / typo, gave up",54.7,2026-W20,1,False,OUT-00206-A1
OUT-00207,outbound,India-Sri Lanka,Bank-Native App,P2P-Linkage,Android,2026-06-19,5000.0,success,28.0,success,11.3,success,3.3,success,17.3,success,22.9,converted,,,,82.8,2026-W25,1,False,OUT-00207-A1
OUT-00208,outbound,India-Bhutan,Bank-Native App,P2M-QR,Android,2026-07-18,2500.0,success,13.9,success,28.6,success,12.6,success,17.4,success,18.2,converted,,,,90.7,2026-W29,1,False,OUT-00208-A1
OUT-00209,outbound,India-Nepal,PhonePe,P2M-QR,iOS,2026-06-17,50000.0,success,6.6,drop_business_decline,11.8,not_reached,,not_reached,,not_reached,,dropped,beneficiary_merchant_discovery,business_decline,Corridor not live for this merchant category,18.4,2026-W25,1,False,OUT-00209-A1
OUT-00210,outbound,India-France,BHIM,P2M-QR,Android,2026-05-30,5000.0,success,19.0,drop_business_decline,15.9,not_reached,,not_reached,,not_reached,,dropped,beneficiary_merchant_discovery,business_decline,Corridor not live for this merchant category,34.9,2026-W22,1,False,OUT-00210-A1
OUT-00211,outbound,India-Bhutan,PhonePe,P2P-Linkage,iOS,2026-05-30,10000.0,success,8.0,success,8.5,success,21.2,success,9.4,success,9.9,converted,,,,57.0,2026-W22,1,False,OUT-00211-A1
OUT-00212,outbound,India-France,PhonePe,P2M-QR,iOS,2026-07-13,5000.0,success,20.6,success,26.8,success,34.3,success,16.6,success,44.0,converted,,,,142.3,2026-W29,1,False,OUT-00212-A1
OUT-00213,outbound,India-Nepal,Paytm,P2M-QR,Android,2026-06-14,50000.0,success,14.7,success,21.0,drop_user_abandon,18.5,not_reached,,not_reached,,dropped,quote_fx_acceptance,user_abandon,Rate/fee looked unclear or too high,54.2,2026-W24,1,False,OUT-00213-A1
OUT-00214,outbound,India-UAE,Paytm,P2M-QR,Android,2026-06-28,5000.0,success,17.7,drop_technical_fail,35.0,not_reached,,not_reached,,not_reached,,dropped,beneficiary_merchant_discovery,technical_fail,Merchant QR/scheme not bridged to NIPL,52.7,2026-W26,1,False,OUT-00214-A1
OUT-00215,outbound,India-Mauritius,BHIM,P2P-Linkage,Android,2026-07-22,2500.0,success,14.4,drop_business_decline,69.1,not_reached,,not_reached,,not_reached,,dropped,beneficiary_merchant_discovery,business_decline,Corridor not live for this merchant category,83.5,2026-W30,1,False,OUT-00215-A1
OUT-00216,outbound,India-Nepal,Bank-Native App,P2M-QR,Android,2026-06-08,25000.0,success,8.5,success,33.0,drop_business_decline,43.6,not_reached,,not_reached,,dropped,quote_fx_acceptance,business_decline,Amount exceeds corridor limit,85.1,2026-W24,1,False,OUT-00216-A1
OUT-00217,outbound,India-Singapore,PhonePe,P2P-Linkage,Android,2026-05-28,50000.0,success,3.8,success,72.0,drop_technical_fail,42.6,not_reached,,not_reached,,dropped,quote_fx_acceptance,technical_fail,Quote latency / rate refresh timeout,118.4,2026-W22,1,False,OUT-00217-A1
OUT-00218,outbound,India-France,GPay,P2M-QR,iOS,2026-06-16,5000.0,drop_user_abandon,1.2,not_reached,,not_reached,,not_reached,,not_reached,,dropped,onboarding_eligibility,user_abandon,Did not discover international toggle,1.2,2026-W25,1,False,OUT-00218-A1
OUT-00219,outbound,India-Sri Lanka,Paytm,P2P-Linkage,Android,2026-06-15,100000.0,success,24.6,drop_business_decline,24.4,not_reached,,not_reached,,not_reached,,dropped,beneficiary_merchant_discovery,business_decline,Corridor not live for this merchant category,49.0,2026-W25,1,False,OUT-00219-A1
OUT-00220,outbound,India-UAE,PhonePe,P2M-QR,Android,2026-05-28,5000.0,success,12.9,success,16.6,success,40.2,success,11.3,success,20.8,converted,,,,101.8,2026-W22,1,False,OUT-00220-A1
OUT-00221,outbound,India-UAE,PhonePe,P2P-Linkage,Android,2026-05-24,100000.0,success,12.1,success,27.7,success,26.7,success,7.8,success,41.6,converted,,,,115.9,2026-W21,1,False,OUT-00221-A1
OUT-00222,outbound,India-UAE,PhonePe,P2M-QR,iOS,2026-05-30,10000.0,success,31.9,success,5.6,success,30.5,success,13.0,success,12.1,converted,,,,93.1,2026-W22,1,False,OUT-00222-A1
OUT-00223,outbound,India-Singapore,GPay,P2P-Linkage,Android,2026-07-09,10000.0,success,27.1,success,16.3,success,25.4,success,10.9,success,37.5,converted,,,,117.2,2026-W28,1,False,OUT-00223-A1
OUT-00224,outbound,India-France,Paytm,P2M-QR,Android,2026-05-27,2500.0,success,23.2,success,19.3,success,21.4,success,2.8,success,15.9,converted,,,,82.6,2026-W22,1,False,OUT-00224-A1
OUT-00225,outbound,India-UAE,BHIM,P2M-QR,Android,2026-07-06,5000.0,success,12.8,success,27.8,drop_technical_fail,11.7,not_reached,,not_reached,,dropped,quote_fx_acceptance,technical_fail,Quote latency / rate refresh timeout,52.3,2026-W28,1,False,OUT-00225-A1
OUT-00226,outbound,India-Bhutan,BHIM,P2M-QR,Android,2026-06-23,100000.0,success,14.1,success,52.5,drop_user_abandon,26.5,not_reached,,not_reached,,dropped,quote_fx_acceptance,user_abandon,Rate/fee looked unclear or too high,93.1,2026-W26,1,False,OUT-00226-A1
OUT-00227,outbound,India-Sri Lanka,GPay,P2M-QR,Android,2026-07-07,2500.0,success,29.8,success,16.2,success,7.7,success,35.3,success,34.2,converted,,,,123.2,2026-W28,1,False,OUT-00227-A1
OUT-00228,outbound,India-Mauritius,BHIM,P2P-Linkage,Android,2026-07-12,10000.0,success,4.0,drop_user_abandon,23.9,not_reached,,not_reached,,not_reached,,dropped,beneficiary_merchant_discovery,user_abandon,"Incorrect PayNow ID / typo, gave up",27.9,2026-W28,1,False,OUT-00228-A1
OUT-00229,outbound,India-Singapore,BHIM,P2P-Linkage,iOS,2026-07-03,50000.0,success,34.1,drop_business_decline,20.8,not_reached,,not_reached,,not_reached,,dropped,beneficiary_merchant_discovery,business_decline,Corridor not live for this merchant category,54.9,2026-W27,1,False,OUT-00229-A1
OUT-00230,outbound,India-Bhutan,Paytm,P2M-QR,Android,2026-06-09,50000.0,success,44.5,success,20.2,success,21.1,success,10.1,success,16.6,converted,,,,112.5,2026-W24,1,False,OUT-00230-A1
OUT-00231,outbound,India-UAE,Bank-Native App,P2M-QR,iOS,2026-06-12,2500.0,success,20.7,success,11.7,success,11.5,success,3.2,success,36.8,converted,,,,83.9,2026-W24,1,False,OUT-00231-A1
OUT-00232,outbound,India-France,Bank-Native App,P2P-Linkage,Android,2026-07-08,25000.0,drop_business_decline,7.3,not_reached,,not_reached,,not_reached,,not_reached,,dropped,onboarding_eligibility,business_decline,FEMA/residency eligibility check failed,7.3,2026-W28,1,False,OUT-00232-A1
OUT-00233,outbound,India-Mauritius,GPay,P2M-QR,Android,2026-07-26,10000.0,success,19.5,success,30.7,drop_technical_fail,23.5,not_reached,,not_reached,,dropped,quote_fx_acceptance,technical_fail,Quote latency / rate refresh timeout,73.7,2026-W30,1,False,OUT-00233-A1
OUT-00234,outbound,India-Singapore,GPay,P2M-QR,Android,2026-05-02,2500.0,success,18.6,success,32.8,success,15.4,success,15.7,success,8.0,converted,,,,90.5,2026-W18,1,False,OUT-00234-A1
OUT-00235,outbound,India-Bhutan,Bank-Native App,P2P-Linkage,Android,2026-05-10,2500.0,success,7.5,success,10.4,success,85.2,success,18.7,success,12.0,converted,,,,133.8,2026-W19,1,False,OUT-00235-A1
OUT-00236,outbound,India-Nepal,BHIM,P2M-QR,Android,2026-05-26,10000.0,success,11.9,success,3.1,success,20.9,success,22.1,success,28.6,converted,,,,86.6,2026-W22,1,False,OUT-00236-A1
OUT-00237,outbound,India-Nepal,GPay,P2M-QR,Android,2026-07-19,5000.0,drop_business_decline,6.0,not_reached,,not_reached,,not_reached,,not_reached,,dropped,onboarding_eligibility,business_decline,FEMA/residency eligibility check failed,6.0,2026-W29,1,False,OUT-00237-A1
OUT-00238,outbound,India-UAE,PhonePe,P2M-QR,Android,2026-05-13,2500.0,success,10.2,drop_user_abandon,13.3,not_reached,,not_reached,,not_reached,,dropped,beneficiary_merchant_discovery,user_abandon,"Incorrect PayNow ID / typo, gave up",23.5,2026-W20,1,False,OUT-00238-A1
OUT-00239,outbound,India-France,Paytm,P2P-Linkage,iOS,2026-07-19,100000.0,success,2.5,drop_user_abandon,19.2,not_reached,,not_reached,,not_reached,,dropped,beneficiary_merchant_discovery,user_abandon,"Incorrect PayNow ID / typo, gave up",21.7,2026-W29,1,False,OUT-00239-A1
OUT-00240,outbound,India-Bhutan,Paytm,P2M-QR,Android,2026-07-15,10000.0,success,15.0,success,24.4,success,13.7,success,5.3,success,41.4,converted,,,,99.8,2026-W29,1,False,OUT-00240-A1
OUT-00241,outbound,India-Mauritius,GPay,P2P-Linkage,Android,2026-06-12,5000.0,success,10.9,success,23.9,drop_technical_fail,8.5,not_reached,,not_reached,,dropped,quote_fx_acceptance,technical_fail,Quote latency / rate refresh timeout,43.3,2026-W24,1,False,OUT-00241-A1
OUT-00242,outbound,India-Nepal,Paytm,P2M-QR,iOS,2026-07-14,10000.0,success,12.4,success,21.4,success,82.9,success,15.3,success,11.3,converted,,,,143.3,2026-W29,1,False,OUT-00242-A1
OUT-00243,outbound,India-France,PhonePe,P2M-QR,iOS,2026-07-17,5000.0,drop_technical_fail,22.2,not_reached,,not_reached,,not_reached,,not_reached,,dropped,onboarding_eligibility,technical_fail,Bank not enabled for corridor,22.2,2026-W29,1,False,OUT-00243-A1
OUT-00244,outbound,India-UAE,GPay,P2M-QR,iOS,2026-05-12,2500.0,success,20.0,success,13.3,success,22.4,success,2.9,success,38.0,converted,,,,96.6,2026-W20,1,False,OUT-00244-A1
OUT-00245,outbound,India-Mauritius,Paytm,P2M-QR,Android,2026-05-19,5000.0,success,10.8,success,5.1,success,26.2,drop_business_decline,12.7,not_reached,,dropped,authentication,business_decline,Risk engine false-positive block,54.8,2026-W21,1,False,OUT-00245-A1
OUT-00246,outbound,India-France,GPay,P2M-QR,Android,2026-05-22,5000.0,success,5.2,success,49.1,success,4.8,success,7.7,success,20.1,converted,,,,86.9,2026-W21,1,False,OUT-00246-A1
OUT-00247,outbound,India-Nepal,GPay,P2M-QR,Android,2026-06-28,5000.0,success,3.4,success,7.7,drop_technical_fail,35.3,not_reached,,not_reached,,dropped,quote_fx_acceptance,technical_fail,Quote latency / rate refresh timeout,46.4,2026-W26,1,False,OUT-00247-A1
OUT-00248,outbound,India-Sri Lanka,Paytm,P2M-QR,iOS,2026-06-05,5000.0,success,10.4,success,33.0,success,39.9,success,9.7,success,14.2,converted,,,,107.2,2026-W23,1,False,OUT-00248-A1
OUT-00249,outbound,India-Nepal,PhonePe,P2M-QR,iOS,2026-05-24,50000.0,success,7.8,success,48.8,drop_user_abandon,13.8,not_reached,,not_reached,,dropped,quote_fx_acceptance,user_abandon,Rate/fee looked unclear or too high,70.4,2026-W21,1,False,OUT-00249-A1
OUT-00250,outbound,India-Mauritius,Paytm,P2M-QR,Android,2026-07-03,2500.0,success,15.9,drop_user_abandon,24.9,not_reached,,not_reached,,not_reached,,dropped,beneficiary_merchant_discovery,user_abandon,"Incorrect PayNow ID / typo, gave up",40.8,2026-W27,1,False,OUT-00250-A1
OUT-00251,outbound,India-Sri Lanka,Paytm,P2M-QR,Android,2026-06-07,5000.0,success,3.6,success,7.2,drop_business_decline,7.5,not_reached,,not_reached,,dropped,quote_fx_acceptance,business_decline,Amount exceeds corridor limit,18.3,2026-W23,1,False,OUT-00251-A1
OUT-00252,outbound,India-Mauritius,PhonePe,P2M-QR,Android,2026-06-18,2500.0,success,11.0,success,24.2,success,65.5,drop_user_abandon,7.7,not_reached,,dropped,authentication,user_abandon,Abandoned at step-up authentication,108.4,2026-W25,1,False,OUT-00252-A1
OUT-00253,outbound,India-Nepal,BHIM,P2P-Linkage,Android,2026-05-28,25000.0,success,15.2,success,39.0,success,19.3,success,2.2,success,8.7,converted,,,,84.4,2026-W22,1,False,OUT-00253-A1
OUT-00254,outbound,India-Sri Lanka,Bank-Native App,P2M-QR,iOS,2026-06-25,10000.0,success,7.2,success,19.7,success,17.9,success,2.5,success,13.2,converted,,,,60.5,2026-W26,1,False,OUT-00254-A1
OUT-00255,outbound,India-Singapore,Paytm,P2M-QR,Android,2026-05-04,5000.0,success,8.5,success,36.6,success,15.4,success,5.8,success,20.4,converted,,,,86.7,2026-W19,1,False,OUT-00255-A1
OUT-00256,outbound,India-France,PhonePe,P2M-QR,Android,2026-07-04,5000.0,success,34.0,success,0.7,drop_technical_fail,10.9,not_reached,,not_reached,,dropped,quote_fx_acceptance,technical_fail,Quote latency / rate refresh timeout,45.6,2026-W27,1,False,OUT-00256-A1
OUT-00257,outbound,India-Nepal,Bank-Native App,P2M-QR,iOS,2026-05-17,2500.0,success,2.3,success,80.1,success,5.6,success,14.9,success,12.6,converted,,,,115.5,2026-W20,1,False,OUT-00257-A1
OUT-00258,outbound,India-Bhutan,GPay,P2M-QR,Android,2026-07-19,2500.0,success,0.7,success,20.5,success,9.7,success,6.0,success,8.2,converted,,,,45.1,2026-W29,1,False,OUT-00258-A1
OUT-00259,outbound,India-UAE,Paytm,P2M-QR,iOS,2026-05-24,2500.0,success,26.7,success,8.4,success,21.6,drop_business_decline,6.0,not_reached,,dropped,authentication,business_decline,Risk engine false-positive block,62.7,2026-W21,1,False,OUT-00259-A1
OUT-00260,outbound,India-France,Paytm,P2M-QR,Android,2026-06-13,50000.0,success,16.5,drop_user_abandon,2.9,not_reached,,not_reached,,not_reached,,dropped,beneficiary_merchant_discovery,user_abandon,"Incorrect PayNow ID / typo, gave up",19.4,2026-W24,1,False,OUT-00260-A1
OUT-00261,outbound,India-Nepal,Paytm,P2M-QR,iOS,2026-05-29,2500.0,success,6.4,success,26.1,success,23.3,drop_technical_fail,14.7,not_reached,,dropped,authentication,technical_fail,OTP/PIN step-up failure,70.5,2026-W22,1,False,OUT-00261-A1
OUT-00262,outbound,India-Bhutan,Bank-Native App,P2M-QR,iOS,2026-07-23,10000.0,success,27.6,success,10.5,success,22.5,success,5.1,success,3.8,converted,,,,69.5,2026-W30,1,False,OUT-00262-A1
OUT-00263,outbound,India-Sri Lanka,Paytm,P2P-Linkage,Android,2026-05-12,50000.0,success,49.4,success,30.3,success,8.0,success,1.1,success,1.7,converted,,,,90.5,2026-W20,1,False,OUT-00263-A1
OUT-00264,outbound,India-Singapore,Bank-Native App,P2M-QR,Android,2026-05-19,10000.0,success,10.1,success,29.9,drop_technical_fail,17.3,not_reached,,not_reached,,dropped,quote_fx_acceptance,technical_fail,Quote latency / rate refresh timeout,57.3,2026-W21,1,False,OUT-00264-A1
OUT-00265,outbound,India-Nepal,Bank-Native App,P2P-Linkage,iOS,2026-07-07,25000.0,success,83.7,success,27.2,drop_user_abandon,9.4,not_reached,,not_reached,,dropped,quote_fx_acceptance,user_abandon,Rate/fee looked unclear or too high,120.3,2026-W28,1,False,OUT-00265-A1
OUT-00266,outbound,India-Mauritius,GPay,P2P-Linkage,Android,2026-07-18,25000.0,success,15.6,success,31.7,success,6.0,success,5.2,success,17.6,converted,,,,76.1,2026-W29,1,False,OUT-00266-A1
OUT-00267,outbound,India-Nepal,BHIM,P2M-QR,Android,2026-05-17,2500.0,success,26.2,success,53.7,success,35.7,success,18.3,success,7.5,converted,,,,141.4,2026-W20,1,False,OUT-00267-A1
OUT-00268,outbound,India-Mauritius,GPay,P2M-QR,Android,2026-07-24,2500.0,success,17.8,success,16.5,success,42.3,drop_user_abandon,6.8,not_reached,,dropped,authentication,user_abandon,Abandoned at step-up authentication,83.4,2026-W30,1,False,OUT-00268-A1
OUT-00269,outbound,India-Bhutan,Paytm,P2M-QR,Android,2026-05-11,10000.0,success,2.8,success,21.2,drop_business_decline,9.5,not_reached,,not_reached,,dropped,quote_fx_acceptance,business_decline,Amount exceeds corridor limit,33.5,2026-W20,1,False,OUT-00269-A1
OUT-00270,outbound,India-Nepal,GPay,P2M-QR,Android,2026-07-21,50000.0,success,13.3,success,25.7,success,17.2,success,12.0,success,23.3,converted,,,,91.5,2026-W30,1,False,OUT-00270-A1
OUT-00271,outbound,India-Sri Lanka,BHIM,P2M-QR,Android,2026-06-25,5000.0,success,14.6,success,41.0,drop_technical_fail,2.7,not_reached,,not_reached,,dropped,quote_fx_acceptance,technical_fail,Quote latency / rate refresh timeout,58.3,2026-W26,1,False,OUT-00271-A1
OUT-00272,outbound,India-Nepal,Bank-Native App,P2M-QR,Android,2026-07-14,5000.0,success,9.0,drop_business_decline,2.1,not_reached,,not_reached,,not_reached,,dropped,beneficiary_merchant_discovery,business_decline,Corridor not live for this merchant category,11.1,2026-W29,1,False,OUT-00272-A1
OUT-00273,outbound,India-France,BHIM,P2M-QR,Android,2026-06-14,25000.0,drop_technical_fail,18.0,not_reached,,not_reached,,not_reached,,not_reached,,dropped,onboarding_eligibility,technical_fail,Bank not enabled for corridor,18.0,2026-W24,1,False,OUT-00273-A1
OUT-00274,outbound,India-Nepal,PhonePe,P2M-QR,Android,2026-05-31,2500.0,success,24.1,success,68.1,success,12.3,drop_business_decline,19.5,not_reached,,dropped,authentication,business_decline,Risk engine false-positive block,124.0,2026-W22,1,False,OUT-00274-A1
OUT-00275,outbound,India-Singapore,GPay,P2M-QR,Android,2026-06-28,10000.0,success,41.3,drop_business_decline,4.5,not_reached,,not_reached,,not_reached,,dropped,beneficiary_merchant_discovery,business_decline,Corridor not live for this merchant category,45.8,2026-W26,1,False,OUT-00275-A1
OUT-00276,outbound,India-Bhutan,Paytm,P2P-Linkage,Android,2026-05-22,25000.0,success,22.3,success,31.0,success,19.1,success,4.4,success,15.8,converted,,,,92.6,2026-W21,1,False,OUT-00276-A1
OUT-00277,outbound,India-Bhutan,Paytm,P2M-QR,Android,2026-06-11,5000.0,success,12.5,success,24.0,success,42.7,success,5.2,success,34.4,converted,,,,118.8,2026-W24,1,False,OUT-00277-A1
OUT-00278,outbound,India-France,Bank-Native App,P2P-Linkage,iOS,2026-07-09,10000.0,success,7.4,success,22.8,drop_technical_fail,3.9,not_reached,,not_reached,,dropped,quote_fx_acceptance,technical_fail,Quote latency / rate refresh timeout,34.1,2026-W28,1,False,OUT-00278-A1
OUT-00279,outbound,India-UAE,GPay,P2P-Linkage,Android,2026-06-29,5000.0,success,9.4,success,8.5,drop_user_abandon,16.2,not_reached,,not_reached,,dropped,quote_fx_acceptance,user_abandon,Rate/fee looked unclear or too high,34.1,2026-W27,1,False,OUT-00279-A1
OUT-00280,outbound,India-Singapore,PhonePe,P2M-QR,Android,2026-05-07,10000.0,success,6.9,success,27.0,drop_business_decline,9.9,not_reached,,not_reached,,dropped,quote_fx_acceptance,business_decline,Amount exceeds corridor limit,43.8,2026-W19,1,False,OUT-00280-A1
OUT-00281,outbound,India-Bhutan,GPay,P2M-QR,iOS,2026-05-15,2500.0,success,26.3,drop_user_abandon,15.5,not_reached,,not_reached,,not_reached,,dropped,beneficiary_merchant_discovery,user_abandon,"Incorrect PayNow ID / typo, gave up",41.8,2026-W20,1,False,OUT-00281-A1
OUT-00282,outbound,India-Bhutan,Bank-Native App,P2P-Linkage,Android,2026-05-18,5000.0,success,19.4,success,34.2,drop_technical_fail,16.1,not_reached,,not_reached,,dropped,quote_fx_acceptance,technical_fail,Quote latency / rate refresh timeout,69.7,2026-W21,1,False,OUT-00282-A1
OUT-00283,outbound,India-Sri Lanka,GPay,P2M-QR,Android,2026-07-19,25000.0,success,10.3,success,10.6,success,4.5,drop_business_decline,12.0,not_reached,,dropped,authentication,business_decline,Risk engine false-positive block,37.4,2026-W29,1,False,OUT-00283-A1
OUT-00284,outbound,India-France,Bank-Native App,P2M-QR,Android,2026-07-17,100000.0,drop_business_decline,22.7,not_reached,,not_reached,,not_reached,,not_reached,,dropped,onboarding_eligibility,business_decline,FEMA/residency eligibility check failed,22.7,2026-W29,1,False,OUT-00284-A1
OUT-00285,outbound,India-Nepal,Bank-Native App,P2M-QR,Android,2026-05-30,10000.0,success,14.3,drop_user_abandon,17.6,not_reached,,not_reached,,not_reached,,dropped,beneficiary_merchant_discovery,user_abandon,"Incorrect PayNow ID / typo, gave up",31.9,2026-W22,1,False,OUT-00285-A1
OUT-00286,outbound,India-UAE,Paytm,P2P-Linkage,Android,2026-06-26,2500.0,success,14.1,success,16.6,success,42.8,success,31.3,success,19.7,converted,,,,124.5,2026-W26,1,False,OUT-00286-A1
OUT-00287,outbound,India-France,PhonePe,P2P-Linkage,iOS,2026-05-18,5000.0,success,5.6,success,22.2,success,9.4,drop_technical_fail,31.1,not_reached,,dropped,authentication,technical_fail,OTP/PIN step-up failure,68.3,2026-W21,1,False,OUT-00287-A1
OUT-00288,outbound,India-Nepal,BHIM,P2M-QR,iOS,2026-07-24,50000.0,success,21.2,success,16.7,success,0.1,success,13.9,success,18.9,converted,,,,70.8,2026-W30,1,False,OUT-00288-A1
OUT-00289,outbound,India-France,BHIM,P2M-QR,Android,2026-07-17,2500.0,success,22.8,success,22.4,success,23.5,success,1.8,success,27.2,converted,,,,97.7,2026-W29,1,False,OUT-00289-A1
OUT-00290,outbound,India-Nepal,BHIM,P2M-QR,Android,2026-06-12,2500.0,success,10.0,success,65.9,success,16.0,success,11.5,success,5.3,converted,,,,108.7,2026-W24,1,False,OUT-00290-A1
OUT-00291,outbound,India-Bhutan,PhonePe,P2M-QR,Android,2026-05-24,5000.0,success,38.9,drop_technical_fail,99.2,not_reached,,not_reached,,not_reached,,dropped,beneficiary_merchant_discovery,technical_fail,Merchant QR/scheme not bridged to NIPL,138.1,2026-W21,1,False,OUT-00291-A1
OUT-00292,outbound,India-UAE,PhonePe,P2M-QR,Android,2026-05-12,2500.0,success,8.5,success,7.9,drop_technical_fail,7.6,not_reached,,not_reached,,dropped,quote_fx_acceptance,technical_fail,Quote latency / rate refresh timeout,24.0,2026-W20,1,False,OUT-00292-A1
OUT-00293,outbound,India-Nepal,GPay,P2M-QR,iOS,2026-06-02,10000.0,success,36.0,drop_user_abandon,19.7,not_reached,,not_reached,,not_reached,,dropped,beneficiary_merchant_discovery,user_abandon,"Incorrect PayNow ID / typo, gave up",55.7,2026-W23,1,False,OUT-00293-A1
OUT-00294,outbound,India-Mauritius,Bank-Native App,P2M-QR,Android,2026-06-15,10000.0,success,26.4,success,22.3,success,17.6,success,2.0,success,8.3,converted,,,,76.6,2026-W25,1,False,OUT-00294-A1
OUT-00295,outbound,India-Mauritius,Bank-Native App,P2M-QR,iOS,2026-07-25,5000.0,success,12.3,success,22.4,drop_business_decline,22.1,not_reached,,not_reached,,dropped,quote_fx_acceptance,business_decline,Amount exceeds corridor limit,56.8,2026-W30,1,False,OUT-00295-A1
OUT-00296,outbound,India-Mauritius,GPay,P2M-QR,iOS,2026-06-20,5000.0,success,7.7,drop_business_decline,4.6,not_reached,,not_reached,,not_reached,,dropped,beneficiary_merchant_discovery,business_decline,Corridor not live for this merchant category,12.3,2026-W25,1,False,OUT-00296-A1
OUT-00297,outbound,India-Bhutan,BHIM,P2M-QR,Android,2026-05-17,10000.0,success,17.4,success,41.8,success,11.1,success,16.7,success,11.3,converted,,,,98.3,2026-W20,1,False,OUT-00297-A1
OUT-00298,outbound,India-Nepal,Bank-Native App,P2P-Linkage,iOS,2026-06-07,10000.0,success,8.2,success,15.0,success,0.4,success,7.5,success,11.6,converted,,,,42.7,2026-W23,1,False,OUT-00298-A1
OUT-00299,outbound,India-Sri Lanka,GPay,P2M-QR,Android,2026-07-07,2500.0,success,9.7,success,37.4,success,13.4,success,9.4,success,25.6,converted,,,,95.5,2026-W28,1,False,OUT-00299-A1
OUT-00300,outbound,India-Bhutan,BHIM,P2M-QR,Android,2026-05-27,10000.0,success,3.3,success,22.7,success,10.6,success,12.5,success,19.7,converted,,,,68.8,2026-W22,1,False,OUT-00300-A1
OUT-00301,outbound,India-UAE,Bank-Native App,P2M-QR,iOS,2026-07-15,100000.0,success,10.1,success,33.2,success,15.8,success,22.8,success,15.8,converted,,,,97.7,2026-W29,1,False,OUT-00301-A1
OUT-00302,outbound,India-France,Bank-Native App,P2P-Linkage,Android,2026-06-21,10000.0,success,12.4,success,25.9,drop_business_decline,11.5,not_reached,,not_reached,,dropped,quote_fx_acceptance,business_decline,Amount exceeds corridor limit,49.8,2026-W25,1,False,OUT-00302-A1
OUT-00303,outbound,India-France,Paytm,P2M-QR,iOS,2026-05-15,5000.0,success,3.8,success,12.4,success,12.2,success,11.4,success,13.4,converted,,,,53.2,2026-W20,1,False,OUT-00303-A1
OUT-00304,outbound,India-France,Bank-Native App,P2M-QR,Android,2026-06-26,10000.0,success,7.7,success,47.2,drop_business_decline,8.2,not_reached,,not_reached,,dropped,quote_fx_acceptance,business_decline,Amount exceeds corridor limit,63.1,2026-W26,1,False,OUT-00304-A1
OUT-00305,outbound,India-Nepal,Bank-Native App,P2M-QR,Android,2026-06-30,2500.0,success,5.4,success,19.3,success,26.2,success,7.7,success,2.4,converted,,,,61.0,2026-W27,1,False,OUT-00305-A1
OUT-00306,outbound,India-Bhutan,GPay,P2M-QR,iOS,2026-06-11,50000.0,success,2.7,success,29.0,success,7.5,success,10.8,success,4.1,converted,,,,54.1,2026-W24,1,False,OUT-00306-A1
OUT-00307,outbound,India-France,PhonePe,P2M-QR,Android,2026-07-29,10000.0,success,8.5,success,16.0,drop_user_abandon,19.8,not_reached,,not_reached,,dropped,quote_fx_acceptance,user_abandon,Rate/fee looked unclear or too high,44.3,2026-W31,1,False,OUT-00307-A1
OUT-00308,outbound,India-Bhutan,BHIM,P2M-QR,Android,2026-05-07,25000.0,success,6.3,success,46.4,drop_technical_fail,17.0,not_reached,,not_reached,,dropped,quote_fx_acceptance,technical_fail,Quote latency / rate refresh timeout,69.7,2026-W19,1,False,OUT-00308-A1
OUT-00309,outbound,India-France,Paytm,P2M-QR,Android,2026-07-05,2500.0,success,6.8,success,7.4,drop_user_abandon,2.8,not_reached,,not_reached,,dropped,quote_fx_acceptance,user_abandon,Rate/fee looked unclear or too high,17.0,2026-W27,1,False,OUT-00309-A1
OUT-00310,outbound,India-Mauritius,Paytm,P2M-QR,Android,2026-05-16,5000.0,success,3.4,drop_technical_fail,25.4,not_reached,,not_reached,,not_reached,,dropped,beneficiary_merchant_discovery,technical_fail,Merchant QR/scheme not bridged to NIPL,28.8,2026-W20,1,False,OUT-00310-A1
OUT-00311,outbound,India-Bhutan,PhonePe,P2M-QR,Android,2026-07-09,25000.0,success,7.6,success,32.9,success,10.8,success,8.8,success,19.5,converted,,,,79.6,2026-W28,1,False,OUT-00311-A1
OUT-00312,outbound,India-UAE,PhonePe,P2M-QR,Android,2026-05-27,10000.0,drop_user_abandon,28.6,not_reached,,not_reached,,not_reached,,not_reached,,dropped,onboarding_eligibility,user_abandon,Did not discover international toggle,28.6,2026-W22,1,False,OUT-00312-A1
OUT-00313,outbound,India-Singapore,GPay,P2M-QR,Android,2026-06-01,10000.0,success,16.1,success,22.0,drop_technical_fail,12.7,not_reached,,not_reached,,dropped,quote_fx_acceptance,technical_fail,Quote latency / rate refresh timeout,50.8,2026-W23,1,False,OUT-00313-A1
OUT-00314,outbound,India-Bhutan,Bank-Native App,P2M-QR,iOS,2026-05-31,10000.0,success,14.9,success,10.9,success,2.9,success,13.6,success,10.0,converted,,,,52.3,2026-W22,1,False,OUT-00314-A1
OUT-00315,outbound,India-France,Paytm,P2P-Linkage,iOS,2026-05-08,50000.0,success,10.1,success,9.1,success,9.2,success,2.0,drop_technical_fail,7.4,dropped,payment_settlement,technical_fail,Settlement timeout with local PSP,37.8,2026-W19,1,False,OUT-00315-A1
OUT-00316,outbound,India-Mauritius,GPay,P2M-QR,Android,2026-06-02,10000.0,success,9.5,drop_business_decline,6.6,not_reached,,not_reached,,not_reached,,dropped,beneficiary_merchant_discovery,business_decline,Corridor not live for this merchant category,16.1,2026-W23,1,False,OUT-00316-A1
OUT-00317,outbound,India-Nepal,PhonePe,P2P-Linkage,Android,2026-05-30,50000.0,success,12.1,success,2.7,success,38.6,success,2.4,success,15.1,converted,,,,70.9,2026-W22,1,False,OUT-00317-A1
OUT-00318,outbound,India-Bhutan,Paytm,P2M-QR,Android,2026-06-28,25000.0,success,5.4,success,40.3,success,35.2,success,9.9,success,15.9,converted,,,,106.7,2026-W26,1,False,OUT-00318-A1
OUT-00319,outbound,India-Singapore,Paytm,P2M-QR,iOS,2026-05-30,10000.0,success,1.2,success,45.5,drop_technical_fail,55.6,not_reached,,not_reached,,dropped,quote_fx_acceptance,technical_fail,Quote latency / rate refresh timeout,102.3,2026-W22,1,False,OUT-00319-A1
OUT-00320,outbound,India-Singapore,PhonePe,P2P-Linkage,Android,2026-07-29,2500.0,success,5.5,success,16.8,success,7.0,success,35.4,success,4.2,converted,,,,68.9,2026-W31,1,False,OUT-00320-A1
OUT-00321,outbound,India-Singapore,Paytm,P2M-QR,Android,2026-05-04,2500.0,success,5.3,success,40.9,success,8.2,success,8.1,success,12.4,converted,,,,74.9,2026-W19,1,False,OUT-00321-A1
OUT-00322,outbound,India-Bhutan,GPay,P2M-QR,Android,2026-06-27,2500.0,success,21.3,success,15.3,success,44.0,success,12.2,success,15.1,converted,,,,107.9,2026-W26,1,False,OUT-00322-A1
OUT-00323,outbound,India-Nepal,Bank-Native App,P2M-QR,Android,2026-06-24,2500.0,success,8.2,drop_business_decline,0.3,not_reached,,not_reached,,not_reached,,dropped,beneficiary_merchant_discovery,business_decline,Corridor not live for this merchant category,8.5,2026-W26,1,False,OUT-00323-A1
OUT-00324,outbound,India-France,Bank-Native App,P2P-Linkage,Android,2026-07-18,100000.0,drop_user_abandon,3.9,not_reached,,not_reached,,not_reached,,not_reached,,dropped,onboarding_eligibility,user_abandon,Did not discover international toggle,3.9,2026-W29,1,False,OUT-00324-A1
OUT-00325,outbound,India-France,Bank-Native App,P2M-QR,iOS,2026-07-08,2500.0,success,19.1,drop_business_decline,19.2,not_reached,,not_reached,,not_reached,,dropped,beneficiary_merchant_discovery,business_decline,Corridor not live for this merchant category,38.3,2026-W28,1,False,OUT-00325-A1
OUT-00326,outbound,India-UAE,GPay,P2M-QR,Android,2026-07-10,10000.0,success,26.8,success,18.6,drop_business_decline,59.9,not_reached,,not_reached,,dropped,quote_fx_acceptance,business_decline,Amount exceeds corridor limit,105.3,2026-W28,1,False,OUT-00326-A1
OUT-00327,outbound,India-UAE,Paytm,P2M-QR,iOS,2026-06-19,5000.0,success,12.7,success,7.5,success,16.6,success,10.8,success,22.6,converted,,,,70.2,2026-W25,1,False,OUT-00327-A1
OUT-00328,outbound,India-Nepal,GPay,P2M-QR,iOS,2026-06-01,2500.0,success,9.0,success,3.8,drop_technical_fail,6.8,not_reached,,not_reached,,dropped,quote_fx_acceptance,technical_fail,Quote latency / rate refresh timeout,19.6,2026-W23,1,False,OUT-00328-A1
OUT-00329,outbound,India-France,PhonePe,P2P-Linkage,iOS,2026-07-04,25000.0,success,7.2,drop_user_abandon,37.1,not_reached,,not_reached,,not_reached,,dropped,beneficiary_merchant_discovery,user_abandon,"Incorrect PayNow ID / typo, gave up",44.3,2026-W27,1,False,OUT-00329-A1
OUT-00330,outbound,India-France,GPay,P2M-QR,iOS,2026-05-12,2500.0,drop_user_abandon,13.8,not_reached,,not_reached,,not_reached,,not_reached,,dropped,onboarding_eligibility,user_abandon,Did not discover international toggle,13.8,2026-W20,1,False,OUT-00330-A1
OUT-00331,outbound,India-Sri Lanka,Paytm,P2P-Linkage,iOS,2026-06-26,5000.0,success,7.9,success,25.7,drop_user_abandon,30.2,not_reached,,not_reached,,dropped,quote_fx_acceptance,user_abandon,Rate/fee looked unclear or too high,63.8,2026-W26,1,False,OUT-00331-A1
OUT-00332,outbound,India-France,Paytm,P2P-Linkage,Android,2026-06-23,100000.0,success,27.5,success,18.5,success,44.0,success,14.3,success,18.0,converted,,,,122.3,2026-W26,1,False,OUT-00332-A1
OUT-00333,outbound,India-Singapore,GPay,P2M-QR,iOS,2026-05-18,10000.0,success,3.0,success,10.5,success,9.9,success,1.4,success,10.4,converted,,,,35.2,2026-W21,1,False,OUT-00333-A1
OUT-00334,outbound,India-Nepal,PhonePe,P2M-QR,Android,2026-06-15,5000.0,success,5.8,success,61.9,drop_business_decline,21.4,not_reached,,not_reached,,dropped,quote_fx_acceptance,business_decline,Amount exceeds corridor limit,89.1,2026-W25,1,False,OUT-00334-A1
OUT-00335,outbound,India-Mauritius,PhonePe,P2M-QR,iOS,2026-05-03,50000.0,success,6.9,drop_technical_fail,44.7,not_reached,,not_reached,,not_reached,,dropped,beneficiary_merchant_discovery,technical_fail,Merchant QR/scheme not bridged to NIPL,51.6,2026-W18,1,False,OUT-00335-A1
OUT-00336,outbound,India-UAE,BHIM,P2M-QR,Android,2026-06-03,2500.0,success,5.3,success,19.6,drop_business_decline,40.4,not_reached,,not_reached,,dropped,quote_fx_acceptance,business_decline,Amount exceeds corridor limit,65.3,2026-W23,1,False,OUT-00336-A1
OUT-00337,outbound,India-Nepal,PhonePe,P2P-Linkage,Android,2026-07-06,5000.0,success,38.2,success,29.3,success,22.4,success,21.2,success,27.9,converted,,,,139.0,2026-W28,1,False,OUT-00337-A1
OUT-00338,outbound,India-Nepal,PhonePe,P2P-Linkage,Android,2026-07-12,10000.0,success,12.5,drop_technical_fail,51.5,not_reached,,not_reached,,not_reached,,dropped,beneficiary_merchant_discovery,technical_fail,Merchant QR/scheme not bridged to NIPL,64.0,2026-W28,1,False,OUT-00338-A1
OUT-00339,outbound,India-UAE,Bank-Native App,P2M-QR,Android,2026-05-19,100000.0,success,13.3,success,19.1,drop_user_abandon,11.0,not_reached,,not_reached,,dropped,quote_fx_acceptance,user_abandon,Rate/fee looked unclear or too high,43.4,2026-W21,1,False,OUT-00339-A1
OUT-00340,outbound,India-Bhutan,BHIM,P2M-QR,Android,2026-05-29,5000.0,success,13.4,success,25.1,success,17.7,success,7.7,success,34.2,converted,,,,98.1,2026-W22,1,False,OUT-00340-A1
OUT-00341,outbound,India-Sri Lanka,BHIM,P2M-QR,Android,2026-06-02,100000.0,success,5.8,success,5.1,success,8.1,drop_technical_fail,13.8,not_reached,,dropped,authentication,technical_fail,OTP/PIN step-up failure,32.8,2026-W23,1,False,OUT-00341-A1
OUT-00342,outbound,India-UAE,Bank-Native App,P2P-Linkage,Android,2026-06-12,10000.0,success,3.8,success,43.8,success,6.2,success,23.7,success,37.0,converted,,,,114.5,2026-W24,1,False,OUT-00342-A1
OUT-00343,outbound,India-Bhutan,Paytm,P2M-QR,Android,2026-06-30,2500.0,success,4.4,drop_user_abandon,33.3,not_reached,,not_reached,,not_reached,,dropped,beneficiary_merchant_discovery,user_abandon,"Incorrect PayNow ID / typo, gave up",37.7,2026-W27,1,False,OUT-00343-A1
OUT-00344,outbound,India-Sri Lanka,PhonePe,P2P-Linkage,Android,2026-05-14,2500.0,success,5.0,success,11.3,drop_business_decline,21.2,not_reached,,not_reached,,dropped,quote_fx_acceptance,business_decline,Amount exceeds corridor limit,37.5,2026-W20,1,False,OUT-00344-A1
OUT-00345,outbound,India-Nepal,PhonePe,P2M-QR,Android,2026-07-17,100000.0,success,2.7,success,22.6,drop_technical_fail,51.2,not_reached,,not_reached,,dropped,quote_fx_acceptance,technical_fail,Quote latency / rate refresh timeout,76.5,2026-W29,1,False,OUT-00345-A1
OUT-00346,outbound,India-Nepal,GPay,P2M-QR,Android,2026-05-27,5000.0,success,20.0,success,17.9,success,29.4,success,19.0,success,21.2,converted,,,,107.5,2026-W22,1,False,OUT-00346-A1
OUT-00347,outbound,India-UAE,GPay,P2M-QR,Android,2026-05-27,2500.0,success,21.5,success,51.0,drop_business_decline,55.4,not_reached,,not_reached,,dropped,quote_fx_acceptance,business_decline,Amount exceeds corridor limit,127.9,2026-W22,1,False,OUT-00347-A1
OUT-00348,outbound,India-Sri Lanka,BHIM,P2M-QR,Android,2026-05-15,2500.0,success,23.2,success,30.6,success,11.1,success,5.3,success,9.8,converted,,,,80.0,2026-W20,1,False,OUT-00348-A1
OUT-00349,outbound,India-Sri Lanka,GPay,P2P-Linkage,iOS,2026-06-05,5000.0,success,31.9,success,14.3,drop_technical_fail,42.7,not_reached,,not_reached,,dropped,quote_fx_acceptance,technical_fail,Quote latency / rate refresh timeout,88.9,2026-W23,1,False,OUT-00349-A1
OUT-00350,outbound,India-France,PhonePe,P2M-QR,iOS,2026-05-26,25000.0,success,3.4,success,16.7,success,25.8,drop_business_decline,13.0,not_reached,,dropped,authentication,business_decline,Risk engine false-positive block,58.9,2026-W22,1,False,OUT-00350-A1
OUT-00351,outbound,India-Sri Lanka,BHIM,P2M-QR,Android,2026-07-18,10000.0,drop_technical_fail,20.6,not_reached,,not_reached,,not_reached,,not_reached,,dropped,onboarding_eligibility,technical_fail,Bank not enabled for corridor,20.6,2026-W29,1,False,OUT-00351-A1
OUT-00352,outbound,India-Bhutan,PhonePe,P2P-Linkage,Android,2026-06-03,2500.0,success,22.2,success,11.7,drop_technical_fail,20.1,not_reached,,not_reached,,dropped,quote_fx_acceptance,technical_fail,Quote latency / rate refresh timeout,54.0,2026-W23,1,False,OUT-00352-A1
OUT-00353,outbound,India-Nepal,BHIM,P2M-QR,Android,2026-07-17,2500.0,success,3.8,success,48.8,drop_business_decline,19.3,not_reached,,not_reached,,dropped,quote_fx_acceptance,business_decline,Amount exceeds corridor limit,71.9,2026-W29,1,False,OUT-00353-A1
OUT-00354,outbound,India-Mauritius,BHIM,P2M-QR,Android,2026-07-15,25000.0,success,9.0,success,26.6,drop_business_decline,6.4,not_reached,,not_reached,,dropped,quote_fx_acceptance,business_decline,Amount exceeds corridor limit,42.0,2026-W29,1,False,OUT-00354-A1
OUT-00355,outbound,India-Bhutan,PhonePe,P2M-QR,iOS,2026-05-06,25000.0,success,15.2,drop_user_abandon,28.0,not_reached,,not_reached,,not_reached,,dropped,beneficiary_merchant_discovery,user_abandon,"Incorrect PayNow ID / typo, gave up",43.2,2026-W19,1,False,OUT-00355-A1
OUT-00356,outbound,India-Mauritius,GPay,P2P-Linkage,Android,2026-07-01,100000.0,success,21.0,success,6.1,drop_user_abandon,19.8,not_reached,,not_reached,,dropped,quote_fx_acceptance,user_abandon,Rate/fee looked unclear or too high,46.9,2026-W27,1,False,OUT-00356-A1
OUT-00357,outbound,India-UAE,GPay,P2P-Linkage,iOS,2026-05-17,100000.0,success,12.3,success,28.3,success,26.8,success,22.9,success,29.4,converted,,,,119.7,2026-W20,1,False,OUT-00357-A1
OUT-00358,outbound,India-Sri Lanka,BHIM,P2M-QR,Android,2026-06-27,25000.0,success,13.2,success,43.7,drop_user_abandon,11.9,not_reached,,not_reached,,dropped,quote_fx_acceptance,user_abandon,Rate/fee looked unclear or too high,68.8,2026-W26,1,False,OUT-00358-A1
OUT-00359,outbound,India-Mauritius,GPay,P2P-Linkage,iOS,2026-05-17,50000.0,success,2.7,drop_user_abandon,5.0,not_reached,,not_reached,,not_reached,,dropped,beneficiary_merchant_discovery,user_abandon,"Incorrect PayNow ID / typo, gave up",7.7,2026-W20,1,False,OUT-00359-A1
OUT-00360,outbound,India-Bhutan,Bank-Native App,P2M-QR,Android,2026-05-16,25000.0,success,15.2,success,16.2,success,15.5,success,5.8,success,19.9,converted,,,,72.6,2026-W20,1,False,OUT-00360-A1
OUT-00361,outbound,India-UAE,Bank-Native App,P2M-QR,Android,2026-06-16,25000.0,success,15.9,success,66.1,success,6.8,success,24.8,success,47.4,converted,,,,161.0,2026-W25,1,False,OUT-00361-A1
OUT-00362,outbound,India-Nepal,Paytm,P2M-QR,Android,2026-07-14,10000.0,success,8.0,success,43.5,success,6.8,success,13.7,success,27.5,converted,,,,99.5,2026-W29,1,False,OUT-00362-A1
OUT-00363,outbound,India-France,Bank-Native App,P2P-Linkage,iOS,2026-07-10,2500.0,success,9.1,success,22.5,success,100.6,success,1.7,success,4.2,converted,,,,138.1,2026-W28,1,False,OUT-00363-A1
OUT-00364,outbound,India-UAE,GPay,P2M-QR,Android,2026-06-20,2500.0,success,21.4,success,34.4,success,26.6,success,1.5,success,13.5,converted,,,,97.4,2026-W25,1,False,OUT-00364-A1
OUT-00365,outbound,India-France,Paytm,P2M-QR,iOS,2026-07-15,10000.0,success,6.4,success,30.1,drop_business_decline,12.6,not_reached,,not_reached,,dropped,quote_fx_acceptance,business_decline,Amount exceeds corridor limit,49.1,2026-W29,1,False,OUT-00365-A1
OUT-00366,outbound,India-Bhutan,Bank-Native App,P2P-Linkage,Android,2026-06-11,10000.0,success,12.8,success,25.3,success,40.0,success,2.2,success,14.4,converted,,,,94.7,2026-W24,1,False,OUT-00366-A1
OUT-00367,outbound,India-Bhutan,PhonePe,P2M-QR,Android,2026-06-15,25000.0,success,9.3,success,26.7,success,19.5,success,6.8,success,32.1,converted,,,,94.4,2026-W25,1,False,OUT-00367-A1
OUT-00368,outbound,India-Bhutan,PhonePe,P2M-QR,Android,2026-07-13,2500.0,success,44.0,success,37.0,success,20.4,success,12.9,success,16.8,converted,,,,131.1,2026-W29,1,False,OUT-00368-A1
OUT-00369,outbound,India-Mauritius,BHIM,P2M-QR,iOS,2026-05-21,25000.0,success,4.8,success,9.9,drop_technical_fail,31.7,not_reached,,not_reached,,dropped,quote_fx_acceptance,technical_fail,Quote latency / rate refresh timeout,46.4,2026-W21,1,False,OUT-00369-A1
OUT-00370,outbound,India-Sri Lanka,Paytm,P2M-QR,Android,2026-05-02,10000.0,success,34.4,success,51.8,success,33.4,success,2.4,success,26.0,converted,,,,148.0,2026-W18,1,False,OUT-00370-A1
OUT-00371,outbound,India-Sri Lanka,Paytm,P2P-Linkage,iOS,2026-06-22,25000.0,success,19.0,success,15.9,drop_business_decline,58.6,not_reached,,not_reached,,dropped,quote_fx_acceptance,business_decline,Amount exceeds corridor limit,93.5,2026-W26,1,False,OUT-00371-A1
OUT-00372,outbound,India-Sri Lanka,Bank-Native App,P2M-QR,Android,2026-05-01,2500.0,success,7.7,drop_business_decline,43.2,not_reached,,not_reached,,not_reached,,dropped,beneficiary_merchant_discovery,business_decline,Corridor not live for this merchant category,50.9,2026-W18,1,False,OUT-00372-A1
OUT-00373,outbound,India-UAE,Paytm,P2P-Linkage,iOS,2026-07-19,2500.0,success,24.9,success,59.8,success,37.2,success,15.2,success,20.9,converted,,,,158.0,2026-W29,1,False,OUT-00373-A1
OUT-00374,outbound,India-Bhutan,Paytm,P2P-Linkage,Android,2026-06-11,5000.0,success,11.0,success,33.3,success,19.4,success,14.7,success,16.7,converted,,,,95.1,2026-W24,1,False,OUT-00374-A1
OUT-00375,outbound,India-France,PhonePe,P2M-QR,Android,2026-05-14,50000.0,success,4.1,success,37.3,success,24.5,success,9.8,success,5.4,converted,,,,81.1,2026-W20,1,False,OUT-00375-A1
OUT-00376,outbound,India-Singapore,GPay,P2M-QR,Android,2026-07-24,25000.0,success,30.4,success,9.2,success,2.5,success,11.0,success,3.7,converted,,,,56.8,2026-W30,1,False,OUT-00376-A1
OUT-00377,outbound,India-UAE,Paytm,P2P-Linkage,iOS,2026-06-08,2500.0,success,30.3,success,21.9,success,19.0,success,23.9,success,9.4,converted,,,,104.5,2026-W24,1,False,OUT-00377-A1
OUT-00378,outbound,India-Singapore,PhonePe,P2M-QR,Android,2026-06-15,2500.0,success,0.6,success,13.4,success,20.0,success,2.4,success,17.5,converted,,,,53.9,2026-W25,1,False,OUT-00378-A1
OUT-00379,outbound,India-Singapore,Paytm,P2P-Linkage,Android,2026-06-28,50000.0,success,19.8,success,17.2,success,27.5,success,4.7,success,3.4,converted,,,,72.6,2026-W26,1,False,OUT-00379-A1
OUT-00380,outbound,India-Singapore,Bank-Native App,P2M-QR,Android,2026-07-06,5000.0,success,3.7,success,11.6,drop_user_abandon,21.6,not_reached,,not_reached,,dropped,quote_fx_acceptance,user_abandon,Rate/fee looked unclear or too high,36.9,2026-W28,1,False,OUT-00380-A1
OUT-00381,outbound,India-Mauritius,PhonePe,P2M-QR,Android,2026-07-27,25000.0,success,6.6,success,19.1,success,28.8,success,6.4,success,8.0,converted,,,,68.9,2026-W31,1,False,OUT-00381-A1
OUT-00382,outbound,India-Nepal,Bank-Native App,P2P-Linkage,Android,2026-06-11,5000.0,success,21.2,success,16.6,success,7.8,success,10.7,success,19.5,converted,,,,75.8,2026-W24,1,False,OUT-00382-A1
OUT-00383,outbound,India-France,Paytm,P2M-QR,Android,2026-06-06,2500.0,success,16.6,success,71.7,success,4.1,success,13.1,success,4.0,converted,,,,109.5,2026-W23,1,False,OUT-00383-A1
OUT-00384,outbound,India-Nepal,Bank-Native App,P2P-Linkage,Android,2026-06-30,10000.0,success,10.2,success,40.3,drop_technical_fail,33.2,not_reached,,not_reached,,dropped,quote_fx_acceptance,technical_fail,Quote latency / rate refresh timeout,83.7,2026-W27,1,False,OUT-00384-A1
OUT-00385,outbound,India-Bhutan,GPay,P2M-QR,Android,2026-05-19,50000.0,success,10.8,success,10.8,success,18.6,success,26.0,success,10.1,converted,,,,76.3,2026-W21,1,False,OUT-00385-A1
OUT-00386,outbound,India-Bhutan,BHIM,P2M-QR,Android,2026-07-13,2500.0,success,23.1,success,27.0,success,19.0,success,16.9,success,38.9,converted,,,,124.9,2026-W29,1,False,OUT-00386-A1
OUT-00387,outbound,India-UAE,Bank-Native App,P2P-Linkage,Android,2026-07-21,25000.0,success,8.7,drop_business_decline,47.3,not_reached,,not_reached,,not_reached,,dropped,beneficiary_merchant_discovery,business_decline,Corridor not live for this merchant category,56.0,2026-W30,1,False,OUT-00387-A1
OUT-00388,outbound,India-Nepal,Paytm,P2M-QR,Android,2026-05-15,10000.0,success,48.8,success,7.9,success,9.7,success,28.4,success,0.5,converted,,,,95.3,2026-W20,1,False,OUT-00388-A1
OUT-00389,outbound,India-Bhutan,Bank-Native App,P2M-QR,Android,2026-06-03,25000.0,success,16.0,success,10.3,success,6.2,success,1.2,success,3.7,converted,,,,37.4,2026-W23,1,False,OUT-00389-A1
OUT-00390,outbound,India-Singapore,GPay,P2M-QR,Android,2026-07-19,10000.0,drop_business_decline,3.8,not_reached,,not_reached,,not_reached,,not_reached,,dropped,onboarding_eligibility,business_decline,FEMA/residency eligibility check failed,3.8,2026-W29,1,False,OUT-00390-A1
OUT-00391,outbound,India-Sri Lanka,Bank-Native App,P2P-Linkage,iOS,2026-07-09,5000.0,success,7.0,success,9.7,success,15.9,success,5.1,success,8.8,converted,,,,46.5,2026-W28,1,False,OUT-00391-A1
OUT-00392,outbound,India-France,Paytm,P2M-QR,Android,2026-06-02,50000.0,success,25.0,drop_technical_fail,15.5,not_reached,,not_reached,,not_reached,,dropped,beneficiary_merchant_discovery,technical_fail,Merchant QR/scheme not bridged to NIPL,40.5,2026-W23,1,False,OUT-00392-A1
OUT-00393,outbound,India-Sri Lanka,GPay,P2P-Linkage,Android,2026-05-13,100000.0,success,12.1,success,18.5,drop_technical_fail,13.8,not_reached,,not_reached,,dropped,quote_fx_acceptance,technical_fail,Quote latency / rate refresh timeout,44.4,2026-W20,1,False,OUT-00393-A1
OUT-00394,outbound,India-UAE,BHIM,P2P-Linkage,Android,2026-05-29,2500.0,success,30.4,drop_technical_fail,9.5,not_reached,,not_reached,,not_reached,,dropped,beneficiary_merchant_discovery,technical_fail,Merchant QR/scheme not bridged to NIPL,39.9,2026-W22,1,False,OUT-00394-A1
OUT-00395,outbound,India-UAE,PhonePe,P2M-QR,iOS,2026-06-17,50000.0,success,15.7,success,20.2,success,10.4,success,5.8,success,20.6,converted,,,,72.7,2026-W25,1,False,OUT-00395-A1
OUT-00396,outbound,India-Nepal,Bank-Native App,P2M-QR,Android,2026-05-13,2500.0,success,77.9,success,33.9,success,76.8,success,12.3,success,6.4,converted,,,,207.3,2026-W20,1,False,OUT-00396-A1
OUT-00397,outbound,India-UAE,PhonePe,P2M-QR,Android,2026-06-09,10000.0,success,1.8,success,39.4,drop_technical_fail,9.0,not_reached,,not_reached,,dropped,quote_fx_acceptance,technical_fail,Quote latency / rate refresh timeout,50.2,2026-W24,1,False,OUT-00397-A1
OUT-00398,outbound,India-UAE,BHIM,P2P-Linkage,Android,2026-07-17,100000.0,success,10.1,drop_business_decline,30.1,not_reached,,not_reached,,not_reached,,dropped,beneficiary_merchant_discovery,business_decline,Corridor not live for this merchant category,40.2,2026-W29,1,False,OUT-00398-A1
OUT-00399,outbound,India-UAE,GPay,P2P-Linkage,Android,2026-06-13,5000.0,success,8.6,success,5.4,success,11.0,drop_technical_fail,9.1,not_reached,,dropped,authentication,technical_fail,OTP/PIN step-up failure,34.1,2026-W24,1,False,OUT-00399-A1
OUT-00400,outbound,India-France,Bank-Native App,P2M-QR,iOS,2026-05-09,5000.0,success,2.6,drop_technical_fail,5.4,not_reached,,not_reached,,not_reached,,dropped,beneficiary_merchant_discovery,technical_fail,Merchant QR/scheme not bridged to NIPL,8.0,2026-W19,1,False,OUT-00400-A1
OUT-00401,outbound,India-Nepal,Bank-Native App,P2P-Linkage,Android,2026-07-20,2500.0,success,29.8,success,31.7,success,8.2,success,27.5,success,25.3,converted,,,,122.5,2026-W30,1,False,OUT-00401-A1
OUT-00402,outbound,India-Mauritius,Bank-Native App,P2M-QR,iOS,2026-05-20,5000.0,success,13.7,success,60.0,success,47.3,success,6.9,success,16.7,converted,,,,144.6,2026-W21,1,False,OUT-00402-A1
OUT-00403,outbound,India-Singapore,Bank-Native App,P2M-QR,Android,2026-05-07,2500.0,success,4.5,success,53.0,success,22.7,success,13.3,success,12.2,converted,,,,105.7,2026-W19,1,False,OUT-00403-A1
OUT-00404,outbound,India-Bhutan,GPay,P2P-Linkage,Android,2026-05-11,10000.0,success,13.6,drop_business_decline,36.0,not_reached,,not_reached,,not_reached,,dropped,beneficiary_merchant_discovery,business_decline,Corridor not live for this merchant category,49.6,2026-W20,1,False,OUT-00404-A1
OUT-00405,outbound,India-Sri Lanka,PhonePe,P2M-QR,Android,2026-06-24,5000.0,success,5.4,drop_technical_fail,8.0,not_reached,,not_reached,,not_reached,,dropped,beneficiary_merchant_discovery,technical_fail,Merchant QR/scheme not bridged to NIPL,13.4,2026-W26,1,False,OUT-00405-A1
OUT-00406,outbound,India-Singapore,PhonePe,P2M-QR,Android,2026-06-13,100000.0,success,15.6,success,39.0,drop_business_decline,3.2,not_reached,,not_reached,,dropped,quote_fx_acceptance,business_decline,Amount exceeds corridor limit,57.8,2026-W24,1,False,OUT-00406-A1
OUT-00407,outbound,India-Singapore,BHIM,P2M-QR,Android,2026-05-09,2500.0,success,15.6,success,34.8,success,18.9,success,10.3,drop_technical_fail,14.9,dropped,payment_settlement,technical_fail,Settlement timeout with local PSP,94.5,2026-W19,1,False,OUT-00407-A1
OUT-00408,outbound,India-Bhutan,Bank-Native App,P2M-QR,iOS,2026-05-23,5000.0,success,7.6,drop_user_abandon,14.7,not_reached,,not_reached,,not_reached,,dropped,beneficiary_merchant_discovery,user_abandon,"Incorrect PayNow ID / typo, gave up",22.3,2026-W21,1,False,OUT-00408-A1
OUT-00409,outbound,India-Singapore,PhonePe,P2M-QR,Android,2026-07-02,50000.0,success,21.6,success,52.1,success,18.9,success,4.6,success,9.5,converted,,,,106.7,2026-W27,1,False,OUT-00409-A1
OUT-00410,outbound,India-Mauritius,Bank-Native App,P2M-QR,Android,2026-06-22,10000.0,success,12.6,success,10.3,success,6.2,success,1.2,success,20.9,converted,,,,51.2,2026-W26,1,False,OUT-00410-A1
OUT-00411,outbound,India-Mauritius,GPay,P2P-Linkage,Android,2026-05-18,5000.0,success,26.1,success,11.6,success,9.3,drop_user_abandon,1.3,not_reached,,dropped,authentication,user_abandon,Abandoned at step-up authentication,48.3,2026-W21,1,False,OUT-00411-A1
OUT-00412,outbound,India-Singapore,PhonePe,P2P-Linkage,iOS,2026-06-01,10000.0,success,27.8,drop_technical_fail,42.3,not_reached,,not_reached,,not_reached,,dropped,beneficiary_merchant_discovery,technical_fail,Merchant QR/scheme not bridged to NIPL,70.1,2026-W23,1,False,OUT-00412-A1
OUT-00413,outbound,India-Singapore,Paytm,P2M-QR,iOS,2026-05-31,10000.0,success,33.9,success,16.6,success,26.5,success,7.0,success,44.4,converted,,,,128.4,2026-W22,1,False,OUT-00413-A1
OUT-00414,outbound,India-France,Bank-Native App,P2M-QR,Android,2026-07-15,5000.0,success,14.0,success,13.8,drop_user_abandon,2.8,not_reached,,not_reached,,dropped,quote_fx_acceptance,user_abandon,Rate/fee looked unclear or too high,30.6,2026-W29,1,False,OUT-00414-A1
OUT-00415,outbound,India-Nepal,BHIM,P2P-Linkage,iOS,2026-06-11,100000.0,success,4.2,success,53.0,success,15.7,success,2.0,success,10.4,converted,,,,85.3,2026-W24,1,False,OUT-00415-A1
OUT-00416,outbound,India-UAE,BHIM,P2P-Linkage,iOS,2026-05-25,5000.0,success,7.7,success,60.2,success,10.0,success,8.9,success,27.8,converted,,,,114.6,2026-W22,1,False,OUT-00416-A1
OUT-00417,outbound,India-UAE,PhonePe,P2M-QR,Android,2026-07-22,10000.0,success,20.9,success,7.5,success,49.2,success,9.8,success,13.4,converted,,,,100.8,2026-W30,1,False,OUT-00417-A1
OUT-00418,outbound,India-Mauritius,PhonePe,P2M-QR,iOS,2026-06-03,10000.0,success,19.3,success,11.5,success,11.5,success,8.7,success,25.5,converted,,,,76.5,2026-W23,1,False,OUT-00418-A1
OUT-00419,outbound,India-Bhutan,Paytm,P2M-QR,Android,2026-05-08,2500.0,success,6.7,success,13.5,success,22.7,success,8.4,success,51.4,converted,,,,102.7,2026-W19,1,False,OUT-00419-A1
OUT-00420,outbound,India-France,BHIM,P2M-QR,iOS,2026-06-25,5000.0,success,23.6,drop_user_abandon,17.4,not_reached,,not_reached,,not_reached,,dropped,beneficiary_merchant_discovery,user_abandon,"Incorrect PayNow ID / typo, gave up",41.0,2026-W26,1,False,OUT-00420-A1
OUT-00421,outbound,India-Mauritius,GPay,P2M-QR,Android,2026-07-05,2500.0,success,9.6,drop_user_abandon,30.4,not_reached,,not_reached,,not_reached,,dropped,beneficiary_merchant_discovery,user_abandon,"Incorrect PayNow ID / typo, gave up",40.0,2026-W27,1,False,OUT-00421-A1
OUT-00422,outbound,India-Sri Lanka,BHIM,P2M-QR,Android,2026-06-06,2500.0,success,35.5,success,27.6,success,11.0,success,6.8,success,7.6,converted,,,,88.5,2026-W23,1,False,OUT-00422-A1
OUT-00423,outbound,India-France,BHIM,P2M-QR,Android,2026-06-07,2500.0,success,23.4,success,14.4,drop_user_abandon,6.9,not_reached,,not_reached,,dropped,quote_fx_acceptance,user_abandon,Rate/fee looked unclear or too high,44.7,2026-W23,1,False,OUT-00423-A1
OUT-00424,outbound,India-Mauritius,BHIM,P2M-QR,Android,2026-06-09,10000.0,success,8.2,success,16.9,drop_user_abandon,31.6,not_reached,,not_reached,,dropped,quote_fx_acceptance,user_abandon,Rate/fee looked unclear or too high,56.7,2026-W24,1,False,OUT-00424-A1
OUT-00425,outbound,India-Bhutan,Paytm,P2M-QR,Android,2026-06-28,25000.0,success,8.1,success,52.6,drop_business_decline,24.4,not_reached,,not_reached,,dropped,quote_fx_acceptance,business_decline,Amount exceeds corridor limit,85.1,2026-W26,1,False,OUT-00425-A1
OUT-00426,outbound,India-UAE,PhonePe,P2M-QR,iOS,2026-05-15,5000.0,success,6.7,success,28.6,drop_business_decline,50.6,not_reached,,not_reached,,dropped,quote_fx_acceptance,business_decline,Amount exceeds corridor limit,85.9,2026-W20,1,False,OUT-00426-A1
OUT-00427,outbound,India-Mauritius,BHIM,P2M-QR,Android,2026-05-05,50000.0,success,43.5,success,5.2,success,17.1,success,20.9,drop_business_decline,4.7,dropped,payment_settlement,business_decline,Local PSP rejected settlement,91.4,2026-W19,1,False,OUT-00427-A1
OUT-00428,outbound,India-France,GPay,P2M-QR,iOS,2026-05-03,5000.0,success,2.2,success,11.8,success,21.7,success,6.6,success,19.9,converted,,,,62.2,2026-W18,1,False,OUT-00428-A1
OUT-00429,outbound,India-Nepal,Paytm,P2P-Linkage,Android,2026-05-23,2500.0,success,21.5,success,10.4,success,21.6,success,3.8,success,9.6,converted,,,,66.9,2026-W21,1,False,OUT-00429-A1
OUT-00430,outbound,India-UAE,PhonePe,P2P-Linkage,Android,2026-07-09,25000.0,success,16.4,success,5.3,drop_business_decline,31.6,not_reached,,not_reached,,dropped,quote_fx_acceptance,business_decline,Amount exceeds corridor limit,53.3,2026-W28,1,False,OUT-00430-A1
OUT-00431,outbound,India-UAE,GPay,P2M-QR,Android,2026-06-18,100000.0,success,41.3,drop_technical_fail,19.1,not_reached,,not_reached,,not_reached,,dropped,beneficiary_merchant_discovery,technical_fail,Merchant QR/scheme not bridged to NIPL,60.4,2026-W25,1,False,OUT-00431-A1
OUT-00432,outbound,India-Nepal,GPay,P2M-QR,iOS,2026-06-15,5000.0,success,43.9,success,14.2,success,48.3,success,9.9,success,15.9,converted,,,,132.2,2026-W25,1,False,OUT-00432-A1
OUT-00433,outbound,India-Mauritius,GPay,P2M-QR,Android,2026-06-29,2500.0,drop_technical_fail,28.0,not_reached,,not_reached,,not_reached,,not_reached,,dropped,onboarding_eligibility,technical_fail,Bank not enabled for corridor,28.0,2026-W27,1,False,OUT-00433-A1
OUT-00434,outbound,India-France,BHIM,P2M-QR,iOS,2026-06-15,2500.0,success,8.9,success,3.5,success,12.2,success,9.1,success,29.8,converted,,,,63.5,2026-W25,1,False,OUT-00434-A1
OUT-00435,outbound,India-Nepal,Bank-Native App,P2M-QR,iOS,2026-05-09,2500.0,success,9.8,success,49.3,drop_user_abandon,8.0,not_reached,,not_reached,,dropped,quote_fx_acceptance,user_abandon,Rate/fee looked unclear or too high,67.1,2026-W19,1,False,OUT-00435-A1
OUT-00436,outbound,India-Mauritius,PhonePe,P2M-QR,iOS,2026-05-16,5000.0,success,21.7,success,9.6,drop_business_decline,12.7,not_reached,,not_reached,,dropped,quote_fx_acceptance,business_decline,Amount exceeds corridor limit,44.0,2026-W20,1,False,OUT-00436-A1
OUT-00437,outbound,India-Singapore,PhonePe,P2M-QR,Android,2026-07-15,5000.0,success,3.7,success,23.4,success,18.2,success,7.0,success,12.9,converted,,,,65.2,2026-W29,1,False,OUT-00437-A1
OUT-00438,outbound,India-France,BHIM,P2M-QR,Android,2026-07-02,5000.0,success,30.0,success,50.0,success,53.8,success,8.5,success,23.4,converted,,,,165.7,2026-W27,1,False,OUT-00438-A1
OUT-00439,outbound,India-Nepal,GPay,P2M-QR,iOS,2026-07-12,5000.0,success,16.7,drop_technical_fail,84.9,not_reached,,not_reached,,not_reached,,dropped,beneficiary_merchant_discovery,technical_fail,Merchant QR/scheme not bridged to NIPL,101.6,2026-W28,1,False,OUT-00439-A1
OUT-00440,outbound,India-France,Paytm,P2M-QR,Android,2026-05-19,25000.0,drop_user_abandon,20.0,not_reached,,not_reached,,not_reached,,not_reached,,dropped,onboarding_eligibility,user_abandon,Did not discover international toggle,20.0,2026-W21,1,False,OUT-00440-A1
OUT-00441,outbound,India-UAE,Paytm,P2P-Linkage,iOS,2026-06-10,2500.0,success,5.0,success,33.8,drop_technical_fail,10.7,not_reached,,not_reached,,dropped,quote_fx_acceptance,technical_fail,Quote latency / rate refresh timeout,49.5,2026-W24,1,False,OUT-00441-A1
OUT-00442,outbound,India-Nepal,GPay,P2M-QR,Android,2026-05-15,10000.0,success,14.1,drop_business_decline,9.1,not_reached,,not_reached,,not_reached,,dropped,beneficiary_merchant_discovery,business_decline,Corridor not live for this merchant category,23.2,2026-W20,1,False,OUT-00442-A1
OUT-00443,outbound,India-Nepal,PhonePe,P2M-QR,iOS,2026-06-03,2500.0,success,11.6,success,14.4,success,9.5,success,5.0,success,34.0,converted,,,,74.5,2026-W23,1,False,OUT-00443-A1
OUT-00444,outbound,India-France,GPay,P2M-QR,Android,2026-06-03,100000.0,success,15.5,success,17.3,success,12.0,success,15.0,success,4.4,converted,,,,64.2,2026-W23,1,False,OUT-00444-A1
OUT-00445,outbound,India-Singapore,GPay,P2M-QR,Android,2026-05-15,2500.0,success,22.3,success,29.2,success,57.1,success,46.9,success,15.3,converted,,,,170.8,2026-W20,1,False,OUT-00445-A1
OUT-00446,outbound,India-Nepal,PhonePe,P2M-QR,Android,2026-07-16,25000.0,success,25.5,drop_business_decline,27.1,not_reached,,not_reached,,not_reached,,dropped,beneficiary_merchant_discovery,business_decline,Corridor not live for this merchant category,52.6,2026-W29,1,False,OUT-00446-A1
OUT-00447,outbound,India-Sri Lanka,Paytm,P2M-QR,iOS,2026-06-18,10000.0,success,10.2,drop_business_decline,45.7,not_reached,,not_reached,,not_reached,,dropped,beneficiary_merchant_discovery,business_decline,Corridor not live for this merchant category,55.9,2026-W25,1,False,OUT-00447-A1
OUT-00448,outbound,India-Mauritius,BHIM,P2M-QR,Android,2026-07-14,10000.0,success,24.0,drop_user_abandon,3.6,not_reached,,not_reached,,not_reached,,dropped,beneficiary_merchant_discovery,user_abandon,"Incorrect PayNow ID / typo, gave up",27.6,2026-W29,1,False,OUT-00448-A1
OUT-00449,outbound,India-Mauritius,PhonePe,P2M-QR,iOS,2026-05-02,25000.0,success,17.7,success,30.2,success,15.0,drop_technical_fail,15.2,not_reached,,dropped,authentication,technical_fail,OTP/PIN step-up failure,78.1,2026-W18,1,False,OUT-00449-A1
OUT-00450,outbound,India-Sri Lanka,Bank-Native App,P2M-QR,Android,2026-05-17,25000.0,success,15.4,success,5.1,success,3.2,success,14.6,success,7.7,converted,,,,46.0,2026-W20,1,False,OUT-00450-A1
OUT-00451,outbound,India-Bhutan,GPay,P2M-QR,Android,2026-06-20,5000.0,success,6.9,success,27.3,success,7.5,success,7.0,success,29.4,converted,,,,78.1,2026-W25,1,False,OUT-00451-A1
OUT-00452,outbound,India-Singapore,GPay,P2M-QR,Android,2026-05-25,50000.0,success,24.2,drop_technical_fail,22.2,not_reached,,not_reached,,not_reached,,dropped,beneficiary_merchant_discovery,technical_fail,Merchant QR/scheme not bridged to NIPL,46.4,2026-W22,1,False,OUT-00452-A1
OUT-00453,outbound,India-UAE,Paytm,P2M-QR,Android,2026-07-21,50000.0,success,21.4,success,62.5,success,12.6,drop_business_decline,25.0,not_reached,,dropped,authentication,business_decline,Risk engine false-positive block,121.5,2026-W30,1,False,OUT-00453-A1
OUT-00454,outbound,India-France,Bank-Native App,P2M-QR,Android,2026-07-03,10000.0,success,16.1,drop_business_decline,11.9,not_reached,,not_reached,,not_reached,,dropped,beneficiary_merchant_discovery,business_decline,Corridor not live for this merchant category,28.0,2026-W27,1,False,OUT-00454-A1
OUT-00455,outbound,India-Singapore,Bank-Native App,P2P-Linkage,iOS,2026-07-10,5000.0,success,7.3,success,17.2,drop_user_abandon,30.2,not_reached,,not_reached,,dropped,quote_fx_acceptance,user_abandon,Rate/fee looked unclear or too high,54.7,2026-W28,1,False,OUT-00455-A1
OUT-00456,outbound,India-France,Paytm,P2P-Linkage,Android,2026-06-04,2500.0,success,7.4,success,7.1,success,7.1,success,7.4,success,23.9,converted,,,,52.9,2026-W23,1,False,OUT-00456-A1
OUT-00457,outbound,India-Singapore,PhonePe,P2M-QR,Android,2026-07-12,100000.0,success,5.8,success,41.4,success,22.1,success,10.3,success,31.7,converted,,,,111.3,2026-W28,1,False,OUT-00457-A1
OUT-00458,outbound,India-UAE,GPay,P2M-QR,iOS,2026-05-26,2500.0,drop_business_decline,18.2,not_reached,,not_reached,,not_reached,,not_reached,,dropped,onboarding_eligibility,business_decline,FEMA/residency eligibility check failed,18.2,2026-W22,1,False,OUT-00458-A1
OUT-00459,outbound,India-Mauritius,Bank-Native App,P2M-QR,iOS,2026-07-14,2500.0,success,10.4,success,50.2,drop_business_decline,37.1,not_reached,,not_reached,,dropped,quote_fx_acceptance,business_decline,Amount exceeds corridor limit,97.7,2026-W29,1,False,OUT-00459-A1
OUT-00460,outbound,India-Singapore,Paytm,P2M-QR,Android,2026-05-05,5000.0,success,20.8,success,30.1,drop_user_abandon,23.3,not_reached,,not_reached,,dropped,quote_fx_acceptance,user_abandon,Rate/fee looked unclear or too high,74.2,2026-W19,1,False,OUT-00460-A1
OUT-00461,outbound,India-Bhutan,Bank-Native App,P2M-QR,Android,2026-05-11,10000.0,success,9.2,success,4.3,drop_business_decline,45.5,not_reached,,not_reached,,dropped,quote_fx_acceptance,business_decline,Amount exceeds corridor limit,59.0,2026-W20,1,False,OUT-00461-A1
OUT-00462,outbound,India-Bhutan,PhonePe,P2M-QR,Android,2026-06-01,10000.0,success,16.3,drop_technical_fail,20.8,not_reached,,not_reached,,not_reached,,dropped,beneficiary_merchant_discovery,technical_fail,Merchant QR/scheme not bridged to NIPL,37.1,2026-W23,1,False,OUT-00462-A1
OUT-00463,outbound,India-Nepal,GPay,P2M-QR,iOS,2026-07-09,5000.0,success,9.3,drop_business_decline,10.7,not_reached,,not_reached,,not_reached,,dropped,beneficiary_merchant_discovery,business_decline,Corridor not live for this merchant category,20.0,2026-W28,1,False,OUT-00463-A1
OUT-00464,outbound,India-Bhutan,Bank-Native App,P2M-QR,Android,2026-05-30,2500.0,success,4.3,success,16.0,drop_technical_fail,43.6,not_reached,,not_reached,,dropped,quote_fx_acceptance,technical_fail,Quote latency / rate refresh timeout,63.9,2026-W22,1,False,OUT-00464-A1
OUT-00465,outbound,India-Sri Lanka,GPay,P2M-QR,Android,2026-06-24,10000.0,success,14.0,success,68.8,success,49.6,success,3.9,success,12.8,converted,,,,149.1,2026-W26,1,False,OUT-00465-A1
OUT-00466,outbound,India-Mauritius,GPay,P2M-QR,Android,2026-05-20,2500.0,success,33.1,drop_user_abandon,20.9,not_reached,,not_reached,,not_reached,,dropped,beneficiary_merchant_discovery,user_abandon,"Incorrect PayNow ID / typo, gave up",54.0,2026-W21,1,False,OUT-00466-A1
OUT-00467,outbound,India-Nepal,Bank-Native App,P2M-QR,Android,2026-05-23,10000.0,success,9.6,success,19.4,success,23.4,success,16.3,success,6.9,converted,,,,75.6,2026-W21,1,False,OUT-00467-A1
OUT-00468,outbound,India-Mauritius,Bank-Native App,P2M-QR,Android,2026-07-22,5000.0,success,12.6,success,14.0,drop_technical_fail,27.4,not_reached,,not_reached,,dropped,quote_fx_acceptance,technical_fail,Quote latency / rate refresh timeout,54.0,2026-W30,1,False,OUT-00468-A1
OUT-00469,outbound,India-France,GPay,P2P-Linkage,iOS,2026-05-01,2500.0,success,3.7,drop_user_abandon,30.2,not_reached,,not_reached,,not_reached,,dropped,beneficiary_merchant_discovery,user_abandon,"Incorrect PayNow ID / typo, gave up",33.9,2026-W18,1,False,OUT-00469-A1
OUT-00470,outbound,India-Nepal,Bank-Native App,P2M-QR,iOS,2026-06-03,10000.0,success,1.8,success,24.0,drop_technical_fail,11.3,not_reached,,not_reached,,dropped,quote_fx_acceptance,technical_fail,Quote latency / rate refresh timeout,37.1,2026-W23,1,False,OUT-00470-A1
OUT-00471,outbound,India-Mauritius,GPay,P2M-QR,Android,2026-07-28,50000.0,drop_user_abandon,15.7,not_reached,,not_reached,,not_reached,,not_reached,,dropped,onboarding_eligibility,user_abandon,Did not discover international toggle,15.7,2026-W31,1,False,OUT-00471-A1
OUT-00472,outbound,India-France,Paytm,P2P-Linkage,iOS,2026-07-20,10000.0,success,11.7,success,49.1,drop_user_abandon,6.9,not_reached,,not_reached,,dropped,quote_fx_acceptance,user_abandon,Rate/fee looked unclear or too high,67.7,2026-W30,1,False,OUT-00472-A1
OUT-00473,outbound,India-UAE,Paytm,P2M-QR,Android,2026-05-13,50000.0,success,19.5,success,42.1,success,36.0,success,3.6,success,11.5,converted,,,,112.7,2026-W20,1,False,OUT-00473-A1
OUT-00474,outbound,India-UAE,PhonePe,P2M-QR,iOS,2026-05-08,2500.0,success,27.4,success,4.1,success,30.0,success,11.6,success,8.8,converted,,,,81.9,2026-W19,1,False,OUT-00474-A1
OUT-00475,outbound,India-Singapore,Bank-Native App,P2P-Linkage,Android,2026-06-28,5000.0,success,25.9,success,0.2,drop_technical_fail,23.4,not_reached,,not_reached,,dropped,quote_fx_acceptance,technical_fail,Quote latency / rate refresh timeout,49.5,2026-W26,1,False,OUT-00475-A1
OUT-00476,outbound,India-Nepal,PhonePe,P2P-Linkage,iOS,2026-05-24,100000.0,drop_user_abandon,5.0,not_reached,,not_reached,,not_reached,,not_reached,,dropped,onboarding_eligibility,user_abandon,Did not discover international toggle,5.0,2026-W21,1,False,OUT-00476-A1
OUT-00477,outbound,India-Bhutan,Paytm,P2P-Linkage,Android,2026-05-03,10000.0,success,8.4,success,23.8,success,8.3,success,19.6,success,16.9,converted,,,,77.0,2026-W18,1,False,OUT-00477-A1
OUT-00478,outbound,India-Mauritius,Paytm,P2M-QR,Android,2026-05-18,5000.0,success,17.6,drop_technical_fail,12.9,not_reached,,not_reached,,not_reached,,dropped,beneficiary_merchant_discovery,technical_fail,Merchant QR/scheme not bridged to NIPL,30.5,2026-W21,1,False,OUT-00478-A1
OUT-00479,outbound,India-Singapore,PhonePe,P2M-QR,Android,2026-05-21,25000.0,success,3.1,success,27.9,success,4.9,success,7.2,success,3.9,converted,,,,47.0,2026-W21,1,False,OUT-00479-A1
OUT-00480,outbound,India-Bhutan,GPay,P2M-QR,iOS,2026-07-14,5000.0,success,21.7,success,34.1,drop_business_decline,45.3,not_reached,,not_reached,,dropped,quote_fx_acceptance,business_decline,Amount exceeds corridor limit,101.1,2026-W29,1,False,OUT-00480-A1
OUT-00481,outbound,India-Sri Lanka,GPay,P2P-Linkage,iOS,2026-05-26,5000.0,drop_technical_fail,3.2,not_reached,,not_reached,,not_reached,,not_reached,,dropped,onboarding_eligibility,technical_fail,Bank not enabled for corridor,3.2,2026-W22,1,False,OUT-00481-A1
OUT-00482,outbound,India-Mauritius,BHIM,P2M-QR,Android,2026-05-11,10000.0,success,18.6,success,18.5,drop_business_decline,16.4,not_reached,,not_reached,,dropped,quote_fx_acceptance,business_decline,Amount exceeds corridor limit,53.5,2026-W20,1,False,OUT-00482-A1
OUT-00483,outbound,India-Sri Lanka,BHIM,P2M-QR,Android,2026-05-05,100000.0,success,5.6,drop_technical_fail,8.5,not_reached,,not_reached,,not_reached,,dropped,beneficiary_merchant_discovery,technical_fail,Merchant QR/scheme not bridged to NIPL,14.1,2026-W19,1,False,OUT-00483-A1
OUT-00484,outbound,India-Bhutan,PhonePe,P2M-QR,Android,2026-05-27,5000.0,drop_business_decline,9.7,not_reached,,not_reached,,not_reached,,not_reached,,dropped,onboarding_eligibility,business_decline,FEMA/residency eligibility check failed,9.7,2026-W22,1,False,OUT-00484-A1
OUT-00485,outbound,India-Nepal,Bank-Native App,P2M-QR,Android,2026-05-22,2500.0,success,11.7,success,19.7,success,37.0,success,5.6,success,12.2,converted,,,,86.2,2026-W21,1,False,OUT-00485-A1
OUT-00486,outbound,India-France,Bank-Native App,P2M-QR,Android,2026-07-17,25000.0,success,16.8,success,15.7,success,12.2,success,9.7,success,10.7,converted,,,,65.1,2026-W29,1,False,OUT-00486-A1
OUT-00487,outbound,India-Sri Lanka,BHIM,P2M-QR,iOS,2026-07-12,10000.0,success,30.4,success,17.9,drop_user_abandon,3.7,not_reached,,not_reached,,dropped,quote_fx_acceptance,user_abandon,Rate/fee looked unclear or too high,52.0,2026-W28,1,False,OUT-00487-A1
OUT-00488,outbound,India-Singapore,Paytm,P2M-QR,Android,2026-05-07,5000.0,success,15.9,success,11.8,success,34.7,success,19.0,success,34.4,converted,,,,115.8,2026-W19,1,False,OUT-00488-A1
OUT-00489,outbound,India-Mauritius,GPay,P2M-QR,Android,2026-05-09,5000.0,success,7.9,success,15.9,success,2.3,success,12.0,drop_business_decline,7.6,dropped,payment_settlement,business_decline,Local PSP rejected settlement,45.7,2026-W19,1,False,OUT-00489-A1
OUT-00490,outbound,India-Nepal,GPay,P2M-QR,iOS,2026-05-08,5000.0,success,29.6,success,13.1,success,13.1,success,30.7,success,6.8,converted,,,,93.3,2026-W19,1,False,OUT-00490-A1
OUT-00491,outbound,India-UAE,Paytm,P2P-Linkage,Android,2026-06-26,100000.0,success,31.9,success,22.8,drop_business_decline,12.9,not_reached,,not_reached,,dropped,quote_fx_acceptance,business_decline,Amount exceeds corridor limit,67.6,2026-W26,1,False,OUT-00491-A1
OUT-00492,outbound,India-Mauritius,BHIM,P2P-Linkage,Android,2026-05-05,10000.0,success,5.7,drop_business_decline,8.4,not_reached,,not_reached,,not_reached,,dropped,beneficiary_merchant_discovery,business_decline,Corridor not live for this merchant category,14.1,2026-W19,1,False,OUT-00492-A1
OUT-00493,outbound,India-Nepal,PhonePe,P2M-QR,Android,2026-05-01,10000.0,success,18.4,success,36.4,success,5.7,success,23.9,success,14.8,converted,,,,99.2,2026-W18,1,False,OUT-00493-A1
OUT-00494,outbound,India-UAE,BHIM,P2M-QR,iOS,2026-07-27,10000.0,success,5.7,success,51.0,success,4.1,success,22.9,success,31.0,converted,,,,114.7,2026-W31,1,False,OUT-00494-A1
OUT-00495,outbound,India-Sri Lanka,BHIM,P2M-QR,Android,2026-07-16,10000.0,success,16.3,success,16.6,drop_business_decline,14.0,not_reached,,not_reached,,dropped,quote_fx_acceptance,business_decline,Amount exceeds corridor limit,46.9,2026-W29,1,False,OUT-00495-A1
OUT-00496,outbound,India-France,GPay,P2P-Linkage,iOS,2026-07-20,25000.0,success,29.5,success,9.1,drop_user_abandon,25.0,not_reached,,not_reached,,dropped,quote_fx_acceptance,user_abandon,Rate/fee looked unclear or too high,63.6,2026-W30,1,False,OUT-00496-A1
OUT-00497,outbound,India-UAE,BHIM,P2M-QR,iOS,2026-06-13,10000.0,success,14.5,success,8.7,drop_technical_fail,9.8,not_reached,,not_reached,,dropped,quote_fx_acceptance,technical_fail,Quote latency / rate refresh timeout,33.0,2026-W24,1,False,OUT-00497-A1
OUT-00498,outbound,India-Mauritius,BHIM,P2M-QR,Android,2026-07-04,2500.0,success,15.0,success,19.9,success,36.4,success,37.1,success,33.5,converted,,,,141.9,2026-W27,1,False,OUT-00498-A1
OUT-00499,outbound,India-UAE,BHIM,P2M-QR,Android,2026-07-12,2500.0,success,11.5,success,39.7,success,3.8,success,23.1,success,10.9,converted,,,,89.0,2026-W28,1,False,OUT-00499-A1
OUT-00500,outbound,India-France,Bank-Native App,P2P-Linkage,iOS,2026-06-05,25000.0,drop_user_abandon,5.2,not_reached,,not_reached,,not_reached,,not_reached,,dropped,onboarding_eligibility,user_abandon,Did not discover international toggle,5.2,2026-W23,1,False,OUT-00500-A1
OUT-00010,outbound,India-UAE,PhonePe,P2M-QR,iOS,2026-07-25,2500.0,success,4.5,success,74.4,success,7.5,success,,success,,converted,,,,62.5,2026-W30,2,True,OUT-00010-A2
OUT-00013,outbound,India-France,BHIM,P2M-QR,Android,2026-05-15,2500.0,success,1.4,success,6.4,success,31.5,success,,success,,converted,,,,90.5,2026-W20,2,True,OUT-00013-A2
OUT-00020,outbound,India-Mauritius,Paytm,P2M-QR,Android,2026-05-15,50000.0,success,4.5,success,31.6,success,17.1,success,,success,,converted,,,,34.5,2026-W20,2,True,OUT-00020-A2
OUT-00035,outbound,India-Nepal,BHIM,P2P-Linkage,Android,2026-07-03,5000.0,success,17.5,success,15.8,success,,success,,success,,converted,,,,99.0,2026-W27,2,True,OUT-00035-A2
OUT-00036,outbound,India-UAE,BHIM,P2M-QR,Android,2026-07-09,10000.0,success,4.3,success,,success,,success,,success,,converted,,,,79.7,2026-W28,2,True,OUT-00036-A2
OUT-00037,outbound,India-Bhutan,Bank-Native App,P2M-QR,Android,2026-07-09,2500.0,success,8.6,success,3.2,success,39.1,success,,success,,converted,,,,122.9,2026-W28,2,True,OUT-00037-A2
OUT-00038,outbound,India-Bhutan,PhonePe,P2P-Linkage,Android,2026-07-26,5000.0,success,5.2,success,27.7,success,27.7,success,,success,,converted,,,,43.4,2026-W30,2,True,OUT-00038-A2
OUT-00039,outbound,India-Singapore,GPay,P2P-Linkage,Android,2026-07-01,10000.0,success,18.8,success,49.4,drop_business_decline,,not_reached,,not_reached,,dropped,quote_fx_acceptance,business_decline,Amount exceeds corridor limit,26.6,2026-W27,2,True,OUT-00039-A2
OUT-00051,outbound,India-Mauritius,BHIM,P2M-QR,iOS,2026-06-08,5000.0,success,16.8,success,24.5,success,43.0,success,3.4,success,,converted,,,,50.9,2026-W24,2,True,OUT-00051-A2
OUT-00052,outbound,India-Mauritius,Paytm,P2P-Linkage,Android,2026-06-12,25000.0,success,17.9,success,14.7,success,12.8,success,,success,,converted,,,,35.2,2026-W24,2,True,OUT-00052-A2
OUT-00064,outbound,India-Mauritius,Paytm,P2M-QR,Android,2026-07-12,5000.0,success,16.9,success,1.7,success,34.1,success,,success,,converted,,,,84.5,2026-W28,2,True,OUT-00064-A2
OUT-00069,outbound,India-Singapore,BHIM,P2M-QR,Android,2026-06-01,10000.0,success,30.4,success,,success,,success,,success,,converted,,,,55.6,2026-W23,2,True,OUT-00069-A2
OUT-00076,outbound,India-Mauritius,PhonePe,P2M-QR,Android,2026-05-28,50000.0,success,0.4,success,,drop_technical_fail,,not_reached,,not_reached,,dropped,quote_fx_acceptance,technical_fail,Quote latency / rate refresh timeout,47.5,2026-W22,2,True,OUT-00076-A2
OUT-00082,outbound,India-Bhutan,GPay,P2M-QR,iOS,2026-06-27,2500.0,success,22.7,success,8.2,success,,success,,success,,converted,,,,100.6,2026-W26,2,True,OUT-00082-A2
OUT-00086,outbound,India-Bhutan,Bank-Native App,P2M-QR,iOS,2026-05-16,2500.0,success,8.8,success,14.7,success,30.5,success,,success,,converted,,,,62.1,2026-W20,2,True,OUT-00086-A2
OUT-00090,outbound,India-Sri Lanka,Bank-Native App,P2M-QR,Android,2026-06-14,5000.0,success,13.6,success,,success,,success,,success,,converted,,,,118.7,2026-W24,2,True,OUT-00090-A2
OUT-00097,outbound,India-France,GPay,P2P-Linkage,Android,2026-07-24,50000.0,success,9.4,drop_technical_fail,,not_reached,,not_reached,,not_reached,,dropped,beneficiary_merchant_discovery,technical_fail,Merchant QR/scheme not bridged to NIPL,48.7,2026-W30,2,True,OUT-00097-A2
OUT-00106,outbound,India-France,PhonePe,P2M-QR,Android,2026-05-13,2500.0,success,13.4,success,18.6,drop_business_decline,,not_reached,,not_reached,,dropped,quote_fx_acceptance,business_decline,Amount exceeds corridor limit,72.2,2026-W20,2,True,OUT-00106-A2
OUT-00116,outbound,India-France,PhonePe,P2M-QR,Android,2026-05-24,100000.0,drop_business_decline,19.0,not_reached,,not_reached,,not_reached,,not_reached,,dropped,onboarding_eligibility,business_decline,FEMA/residency eligibility check failed,11.0,2026-W21,2,True,OUT-00116-A2
OUT-00127,outbound,India-France,Paytm,P2P-Linkage,Android,2026-06-03,5000.0,drop_technical_fail,20.9,not_reached,32.0,not_reached,,not_reached,,not_reached,,dropped,onboarding_eligibility,technical_fail,Bank not enabled for corridor,10.3,2026-W23,2,True,OUT-00127-A2
OUT-00132,outbound,India-Sri Lanka,PhonePe,P2P-Linkage,iOS,2026-05-22,50000.0,success,9.1,success,23.2,success,29.6,success,,success,,converted,,,,153.5,2026-W21,2,True,OUT-00132-A2
OUT-00136,outbound,India-Singapore,Bank-Native App,P2M-QR,Android,2026-05-17,25000.0,success,8.6,success,30.4,success,,success,,success,,converted,,,,83.9,2026-W20,2,True,OUT-00136-A2
OUT-00145,outbound,India-UAE,Bank-Native App,P2P-Linkage,Android,2026-05-08,10000.0,success,8.9,success,47.4,success,20.5,success,,success,,converted,,,,80.5,2026-W19,2,True,OUT-00145-A2
OUT-00165,outbound,India-Mauritius,PhonePe,P2P-Linkage,iOS,2026-07-01,5000.0,success,5.7,success,57.7,drop_technical_fail,,not_reached,,not_reached,,dropped,quote_fx_acceptance,technical_fail,Quote latency / rate refresh timeout,32.2,2026-W27,2,True,OUT-00165-A2
OUT-00178,outbound,India-UAE,PhonePe,P2M-QR,Android,2026-07-02,10000.0,success,19.3,success,30.2,success,,success,,success,,converted,,,,67.7,2026-W27,2,True,OUT-00178-A2
OUT-00179,outbound,India-France,Paytm,P2M-QR,Android,2026-05-12,100000.0,success,8.5,success,25.1,success,36.2,success,,success,,converted,,,,90.0,2026-W20,2,True,OUT-00179-A2
OUT-00180,outbound,India-Singapore,GPay,P2M-QR,iOS,2026-07-15,10000.0,success,18.2,success,11.7,success,5.4,success,,success,,converted,,,,76.1,2026-W29,2,True,OUT-00180-A2
OUT-00191,outbound,India-Singapore,Bank-Native App,P2M-QR,Android,2026-05-31,2500.0,success,6.0,success,7.0,success,9.4,success,,success,,converted,,,,53.4,2026-W22,2,True,OUT-00191-A2
OUT-00192,outbound,India-Bhutan,BHIM,P2P-Linkage,Android,2026-07-13,25000.0,success,16.2,success,9.6,success,,success,,success,,converted,,,,54.9,2026-W29,2,True,OUT-00192-A2
OUT-00196,outbound,India-Mauritius,BHIM,P2M-QR,Android,2026-07-06,10000.0,success,16.0,success,27.1,success,26.9,success,,success,,converted,,,,79.7,2026-W28,2,True,OUT-00196-A2
OUT-00201,outbound,India-UAE,GPay,P2M-QR,Android,2026-06-29,5000.0,success,3.8,success,39.9,success,3.1,success,,success,,converted,,,,83.1,2026-W27,2,True,OUT-00201-A2
OUT-00209,outbound,India-Nepal,PhonePe,P2M-QR,iOS,2026-06-18,50000.0,success,6.6,success,11.8,success,,success,,success,,converted,,,,48.9,2026-W25,2,True,OUT-00209-A2
OUT-00210,outbound,India-France,BHIM,P2M-QR,Android,2026-05-31,5000.0,success,19.0,drop_user_abandon,15.9,not_reached,,not_reached,,not_reached,,dropped,beneficiary_merchant_discovery,user_abandon,"Incorrect PayNow ID / typo, gave up",25.5,2026-W22,2,True,OUT-00210-A2
OUT-00214,outbound,India-UAE,Paytm,P2M-QR,Android,2026-06-29,5000.0,success,17.7,success,35.0,success,,success,,success,,converted,,,,94.3,2026-W27,2,True,OUT-00214-A2
OUT-00217,outbound,India-Singapore,PhonePe,P2P-Linkage,Android,2026-05-29,50000.0,success,3.8,success,72.0,success,42.6,success,,success,,converted,,,,89.5,2026-W22,2,True,OUT-00217-A2
OUT-00228,outbound,India-Mauritius,BHIM,P2P-Linkage,Android,2026-07-18,10000.0,success,4.0,success,23.9,success,,success,,success,,converted,,,,94.1,2026-W29,2,True,OUT-00228-A2
OUT-00233,outbound,India-Mauritius,GPay,P2M-QR,Android,2026-07-28,10000.0,success,19.5,success,30.7,success,23.5,success,,success,,converted,,,,124.3,2026-W31,2,True,OUT-00233-A2
OUT-00241,outbound,India-Mauritius,GPay,P2P-Linkage,Android,2026-06-14,5000.0,success,10.9,success,23.9,success,8.5,success,,success,,converted,,,,93.1,2026-W24,2,True,OUT-00241-A2
OUT-00245,outbound,India-Mauritius,Paytm,P2M-QR,Android,2026-05-23,5000.0,success,10.8,success,5.1,success,26.2,success,12.7,success,,converted,,,,77.8,2026-W21,2,True,OUT-00245-A2
OUT-00247,outbound,India-Nepal,GPay,P2M-QR,Android,2026-06-30,5000.0,success,3.4,success,7.7,success,35.3,success,,success,,converted,,,,112.0,2026-W27,2,True,OUT-00247-A2
OUT-00250,outbound,India-Mauritius,Paytm,P2M-QR,Android,2026-07-05,2500.0,success,15.9,success,24.9,success,,success,,success,,converted,,,,63.5,2026-W27,2,True,OUT-00250-A2
OUT-00252,outbound,India-Mauritius,PhonePe,P2M-QR,Android,2026-06-19,2500.0,success,11.0,success,24.2,success,65.5,success,7.7,success,,converted,,,,127.3,2026-W25,2,True,OUT-00252-A2
OUT-00259,outbound,India-UAE,Paytm,P2M-QR,iOS,2026-05-28,2500.0,success,26.7,success,8.4,success,21.6,success,6.0,success,,converted,,,,42.4,2026-W22,2,True,OUT-00259-A2
OUT-00260,outbound,India-France,Paytm,P2M-QR,Android,2026-06-15,50000.0,success,16.5,success,2.9,success,,success,,success,,converted,,,,85.9,2026-W25,2,True,OUT-00260-A2
OUT-00264,outbound,India-Singapore,Bank-Native App,P2M-QR,Android,2026-05-22,10000.0,success,10.1,success,29.9,success,17.3,success,,success,,converted,,,,74.8,2026-W21,2,True,OUT-00264-A2
OUT-00265,outbound,India-Nepal,Bank-Native App,P2P-Linkage,iOS,2026-07-08,25000.0,success,83.7,success,27.2,drop_business_decline,9.4,not_reached,,not_reached,,dropped,quote_fx_acceptance,business_decline,Amount exceeds corridor limit,71.8,2026-W28,2,True,OUT-00265-A2
OUT-00269,outbound,India-Bhutan,Paytm,P2M-QR,Android,2026-05-13,10000.0,success,2.8,success,21.2,success,9.5,success,,drop_technical_fail,,dropped,payment_settlement,technical_fail,Settlement timeout with local PSP,87.7,2026-W20,2,True,OUT-00269-A2
OUT-00283,outbound,India-Sri Lanka,GPay,P2M-QR,Android,2026-07-25,25000.0,success,10.3,success,10.6,success,4.5,success,12.0,success,,converted,,,,62.6,2026-W30,2,True,OUT-00283-A2
OUT-00287,outbound,India-France,PhonePe,P2P-Linkage,iOS,2026-05-21,5000.0,success,5.6,success,22.2,success,9.4,success,31.1,success,,converted,,,,80.4,2026-W21,2,True,OUT-00287-A2
OUT-00291,outbound,India-Bhutan,PhonePe,P2M-QR,Android,2026-05-28,5000.0,success,38.9,success,99.2,success,,success,,success,,converted,,,,59.5,2026-W22,2,True,OUT-00291-A2
OUT-00292,outbound,India-UAE,PhonePe,P2M-QR,Android,2026-05-16,2500.0,success,8.5,success,7.9,drop_technical_fail,7.6,not_reached,,not_reached,,dropped,quote_fx_acceptance,technical_fail,Quote latency / rate refresh timeout,37.7,2026-W20,2,True,OUT-00292-A2
OUT-00293,outbound,India-Nepal,GPay,P2M-QR,iOS,2026-06-08,10000.0,success,36.0,success,19.7,success,,success,,success,,converted,,,,106.9,2026-W24,2,True,OUT-00293-A2
OUT-00295,outbound,India-Mauritius,Bank-Native App,P2M-QR,iOS,2026-07-27,5000.0,success,12.3,success,22.4,success,22.1,success,,success,,converted,,,,101.3,2026-W31,2,True,OUT-00295-A2
OUT-00296,outbound,India-Mauritius,GPay,P2M-QR,iOS,2026-06-22,5000.0,success,7.7,success,4.6,success,,success,,success,,converted,,,,151.9,2026-W26,2,True,OUT-00296-A2
OUT-00307,outbound,India-France,PhonePe,P2M-QR,Android,2026-08-04,10000.0,success,8.5,success,16.0,success,19.8,success,,success,,converted,,,,51.6,2026-W32,2,True,OUT-00307-A2
OUT-00309,outbound,India-France,Paytm,P2M-QR,Android,2026-07-08,2500.0,success,6.8,success,7.4,success,2.8,success,,success,,converted,,,,101.9,2026-W28,2,True,OUT-00309-A2
OUT-00310,outbound,India-Mauritius,Paytm,P2M-QR,Android,2026-05-21,5000.0,success,3.4,drop_user_abandon,25.4,not_reached,,not_reached,,not_reached,,dropped,beneficiary_merchant_discovery,user_abandon,"Incorrect PayNow ID / typo, gave up",73.5,2026-W21,2,True,OUT-00310-A2
OUT-00312,outbound,India-UAE,PhonePe,P2M-QR,Android,2026-06-02,10000.0,success,28.6,success,,success,,success,,success,,converted,,,,91.3,2026-W23,2,True,OUT-00312-A2
OUT-00319,outbound,India-Singapore,Paytm,P2M-QR,iOS,2026-06-01,10000.0,success,1.2,success,45.5,success,55.6,success,,success,,converted,,,,82.1,2026-W23,2,True,OUT-00319-A2
OUT-00323,outbound,India-Nepal,Bank-Native App,P2M-QR,Android,2026-06-30,2500.0,success,8.2,success,0.3,success,,success,,success,,converted,,,,90.5,2026-W27,2,True,OUT-00323-A2
OUT-00328,outbound,India-Nepal,GPay,P2M-QR,iOS,2026-06-07,2500.0,drop_technical_fail,9.0,not_reached,3.8,not_reached,6.8,not_reached,,not_reached,,dropped,onboarding_eligibility,technical_fail,Bank not enabled for corridor,17.6,2026-W23,2,True,OUT-00328-A2
OUT-00330,outbound,India-France,GPay,P2M-QR,iOS,2026-05-17,2500.0,success,13.8,success,,drop_technical_fail,,not_reached,,not_reached,,dropped,quote_fx_acceptance,technical_fail,Quote latency / rate refresh timeout,37.2,2026-W20,2,True,OUT-00330-A2
OUT-00331,outbound,India-Sri Lanka,Paytm,P2P-Linkage,iOS,2026-06-28,5000.0,success,7.9,success,25.7,success,30.2,success,,success,,converted,,,,114.0,2026-W26,2,True,OUT-00331-A2
OUT-00334,outbound,India-Nepal,PhonePe,P2M-QR,Android,2026-06-19,5000.0,success,5.8,success,61.9,success,21.4,success,,success,,converted,,,,75.7,2026-W25,2,True,OUT-00334-A2
OUT-00336,outbound,India-UAE,BHIM,P2M-QR,Android,2026-06-09,2500.0,success,5.3,success,19.6,success,40.4,success,,success,,converted,,,,109.8,2026-W24,2,True,OUT-00336-A2
OUT-00339,outbound,India-UAE,Bank-Native App,P2M-QR,Android,2026-05-22,100000.0,success,13.3,success,19.1,success,11.0,success,,success,,converted,,,,121.1,2026-W21,2,True,OUT-00339-A2
OUT-00343,outbound,India-Bhutan,Paytm,P2M-QR,Android,2026-07-02,2500.0,success,4.4,success,33.3,success,,success,,success,,converted,,,,84.9,2026-W27,2,True,OUT-00343-A2
OUT-00351,outbound,India-Sri Lanka,BHIM,P2M-QR,Android,2026-07-24,10000.0,success,20.6,success,,success,,success,,success,,converted,,,,70.0,2026-W30,2,True,OUT-00351-A2
OUT-00356,outbound,India-Mauritius,GPay,P2P-Linkage,Android,2026-07-02,100000.0,success,21.0,success,6.1,success,19.8,success,,success,,converted,,,,125.9,2026-W27,2,True,OUT-00356-A2
OUT-00359,outbound,India-Mauritius,GPay,P2P-Linkage,iOS,2026-05-18,50000.0,success,2.7,success,5.0,success,,success,,success,,converted,,,,57.9,2026-W21,2,True,OUT-00359-A2
OUT-00369,outbound,India-Mauritius,BHIM,P2M-QR,iOS,2026-05-22,25000.0,success,4.8,success,9.9,success,31.7,success,,success,,converted,,,,59.1,2026-W21,2,True,OUT-00369-A2
OUT-00387,outbound,India-UAE,Bank-Native App,P2P-Linkage,Android,2026-07-23,25000.0,success,8.7,drop_business_decline,47.3,not_reached,,not_reached,,not_reached,,dropped,beneficiary_merchant_discovery,business_decline,Corridor not live for this merchant category,17.3,2026-W30,2,True,OUT-00387-A2
OUT-00390,outbound,India-Singapore,GPay,P2M-QR,Android,2026-07-25,10000.0,drop_business_decline,3.8,not_reached,,not_reached,,not_reached,,not_reached,,dropped,onboarding_eligibility,business_decline,FEMA/residency eligibility check failed,8.2,2026-W30,2,True,OUT-00390-A2
OUT-00392,outbound,India-France,Paytm,P2M-QR,Android,2026-06-04,50000.0,success,25.0,success,15.5,success,,success,,success,,converted,,,,64.5,2026-W23,2,True,OUT-00392-A2
OUT-00393,outbound,India-Sri Lanka,GPay,P2P-Linkage,Android,2026-05-17,100000.0,success,12.1,success,18.5,success,13.8,success,,success,,converted,,,,85.2,2026-W20,2,True,OUT-00393-A2
OUT-00394,outbound,India-UAE,BHIM,P2P-Linkage,Android,2026-05-31,2500.0,success,30.4,success,9.5,success,,success,,success,,converted,,,,61.5,2026-W22,2,True,OUT-00394-A2
OUT-00397,outbound,India-UAE,PhonePe,P2M-QR,Android,2026-06-12,10000.0,success,1.8,success,39.4,success,9.0,success,,success,,converted,,,,33.3,2026-W24,2,True,OUT-00397-A2
OUT-00400,outbound,India-France,Bank-Native App,P2M-QR,iOS,2026-05-12,5000.0,success,2.6,success,5.4,success,,success,,success,,converted,,,,106.4,2026-W20,2,True,OUT-00400-A2
OUT-00405,outbound,India-Sri Lanka,PhonePe,P2M-QR,Android,2026-06-29,5000.0,success,5.4,success,8.0,drop_business_decline,,not_reached,,not_reached,,dropped,quote_fx_acceptance,business_decline,Amount exceeds corridor limit,83.4,2026-W27,2,True,OUT-00405-A2
OUT-00407,outbound,India-Singapore,BHIM,P2M-QR,Android,2026-05-13,2500.0,success,15.6,success,34.8,success,18.9,success,10.3,success,14.9,converted,,,,101.2,2026-W20,2,True,OUT-00407-A2
OUT-00408,outbound,India-Bhutan,Bank-Native App,P2M-QR,iOS,2026-05-28,5000.0,success,7.6,success,14.7,success,,success,,success,,converted,,,,112.3,2026-W22,2,True,OUT-00408-A2
OUT-00421,outbound,India-Mauritius,GPay,P2M-QR,Android,2026-07-07,2500.0,success,9.6,success,30.4,drop_user_abandon,,not_reached,,not_reached,,dropped,quote_fx_acceptance,user_abandon,Rate/fee looked unclear or too high,43.8,2026-W28,2,True,OUT-00421-A2
OUT-00427,outbound,India-Mauritius,BHIM,P2M-QR,Android,2026-05-09,50000.0,success,43.5,success,5.2,success,17.1,success,20.9,success,4.7,converted,,,,63.3,2026-W19,2,True,OUT-00427-A2
OUT-00430,outbound,India-UAE,PhonePe,P2P-Linkage,Android,2026-07-12,25000.0,success,16.4,success,5.3,success,31.6,success,,success,,converted,,,,90.5,2026-W28,2,True,OUT-00430-A2
OUT-00435,outbound,India-Nepal,Bank-Native App,P2M-QR,iOS,2026-05-11,2500.0,success,9.8,success,49.3,success,8.0,success,,success,,converted,,,,116.8,2026-W20,2,True,OUT-00435-A2
OUT-00447,outbound,India-Sri Lanka,Paytm,P2M-QR,iOS,2026-06-20,10000.0,success,10.2,success,45.7,success,,success,,success,,converted,,,,117.5,2026-W25,2,True,OUT-00447-A2
OUT-00455,outbound,India-Singapore,Bank-Native App,P2P-Linkage,iOS,2026-07-16,5000.0,success,7.3,success,17.2,success,30.2,success,,success,,converted,,,,53.2,2026-W29,2,True,OUT-00455-A2
OUT-00461,outbound,India-Bhutan,Bank-Native App,P2M-QR,Android,2026-05-15,10000.0,success,9.2,success,4.3,success,45.5,success,,success,,converted,,,,112.1,2026-W20,2,True,OUT-00461-A2
OUT-00468,outbound,India-Mauritius,Bank-Native App,P2M-QR,Android,2026-07-23,5000.0,success,12.6,drop_technical_fail,14.0,not_reached,27.4,not_reached,,not_reached,,dropped,beneficiary_merchant_discovery,technical_fail,Merchant QR/scheme not bridged to NIPL,34.7,2026-W30,2,True,OUT-00468-A2
OUT-00469,outbound,India-France,GPay,P2P-Linkage,iOS,2026-05-03,2500.0,success,3.7,success,30.2,success,,success,,drop_business_decline,,dropped,payment_settlement,business_decline,Local PSP rejected settlement,68.2,2026-W18,2,True,OUT-00469-A2
OUT-00472,outbound,India-France,Paytm,P2P-Linkage,iOS,2026-07-26,10000.0,success,11.7,success,49.1,success,6.9,success,,success,,converted,,,,104.1,2026-W30,2,True,OUT-00472-A2
OUT-00478,outbound,India-Mauritius,Paytm,P2M-QR,Android,2026-05-21,5000.0,success,17.6,success,12.9,success,,success,,success,,converted,,,,116.5,2026-W21,2,True,OUT-00478-A2
OUT-00487,outbound,India-Sri Lanka,BHIM,P2M-QR,iOS,2026-07-16,10000.0,success,30.4,success,17.9,success,3.7,success,,success,,converted,,,,79.5,2026-W29,2,True,OUT-00487-A2
OUT-00491,outbound,India-UAE,Paytm,P2P-Linkage,Android,2026-06-29,100000.0,success,31.9,success,22.8,drop_user_abandon,12.9,not_reached,,not_reached,,dropped,quote_fx_acceptance,user_abandon,Rate/fee looked unclear or too high,34.0,2026-W27,2,True,OUT-00491-A2
OUT-00492,outbound,India-Mauritius,BHIM,P2P-Linkage,Android,2026-05-09,10000.0,success,5.7,success,8.4,success,,success,,success,,converted,,,,120.1,2026-W19,2,True,OUT-00492-A2
OUT-00496,outbound,India-France,GPay,P2P-Linkage,iOS,2026-07-21,25000.0,success,29.5,success,9.1,success,25.0,success,,success,,converted,,,,159.6,2026-W30,2,True,OUT-00496-A2
