user_id,cohort_id_true,entity_type,home_country,psp_id,issuer_id,issuer_intl_live,psp_intl_supported,intl_toggle_status,first_seen_date,risk_tier,fx_elasticity_true,nudge_receptivity_true,baseline_propensity_true,tau_true,consent_profiling,consent_location,consent_marketing,direction
U_68ce2f7215,O-1,RESIDENT,IN,GPAY,ISSUER_10,True,True,ON,2026-07-05,STD,0.711,0.241,0.366,-0.031,True,True,False,OUT
U_fa624bccc8,O-3,RESIDENT,IN,PHONEPE,ISSUER_01,False,True,OFF,2026-03-16,STD,0.444,0.211,0.21,0.084,True,True,False,OUT
U_448f13a86a,O-1,RESIDENT,IN,PHONEPE,ISSUER_08,True,True,ON,2025-06-25,STD,0.28,0.201,0.074,0.133,True,True,True,OUT
U_78c5a8b724,O-3,RESIDENT,IN,BHIM,ISSUER_05,True,True,ON,2025-05-28,STD,0.309,0.169,0.319,-0.051,True,False,True,OUT
U_8cb2a84baa,O-4,RESIDENT,IN,PHONEPE,ISSUER_04,True,True,ON,2025-08-04,STD,0.362,0.089,0.221,0.218,True,True,False,OUT
U_afac4a04f8,O-6,RESIDENT,IN,BHIM,ISSUER_10,False,False,OFF,2024-09-30,STD,0.14,0.255,0.095,0.139,True,True,True,OUT
U_10a11fd7b7,O-3,RESIDENT,IN,PHONEPE,ISSUER_01,True,True,OFF,2025-12-26,STD,0.4,0.182,0.252,-0.005,True,True,False,OUT
U_2ccd4647bb,O-2,RESIDENT,IN,GPAY,ISSUER_11,True,True,OFF,2024-10-19,STD,0.155,-0.054,0.668,-0.15,False,True,True,OUT
U_a92b3e924e,O-1,RESIDENT,IN,PHONEPE,ISSUER_08,False,True,ON,2024-08-21,STD,0.613,0.315,0.12,-0.15,False,True,False,OUT
U_dc69a9ed14,O-5,RESIDENT,IN,PHONEPE,ISSUER_11,True,True,OFF,2025-09-27,STD,0.694,-0.034,0.333,-0.131,True,True,True,OUT
U_9726b72637,O-6,RESIDENT,IN,PHONEPE,ISSUER_06,False,False,OFF,2026-07-11,STD,0.478,0.015,0.244,0.035,True,False,False,OUT
U_f5f444dc64,O-2,RESIDENT,IN,PHONEPE,ISSUER_07,True,True,ON,2025-05-17,STD,0.762,0.418,0.371,0.014,False,False,False,OUT
U_25425d85db,O-6,RESIDENT,IN,BHIM,ISSUER_01,False,True,OFF,2025-10-13,STD,0.274,0.275,0.181,-0.15,True,False,False,OUT
U_f4c9a503e4,O-2,RESIDENT,IN,PHONEPE,ISSUER_11,True,True,OFF,2025-01-21,STD,0.483,-0.005,0.32,-0.15,True,True,False,OUT
U_3c847d9274,O-2,RESIDENT,IN,BHIM,ISSUER_04,True,True,ON,2026-04-01,STD,0.874,0.298,0.325,-0.017,True,True,False,OUT
U_1a2965c880,O-4,RESIDENT,IN,BHIM,ISSUER_07,True,True,ON,2024-11-26,ELEVATED,0.49,0.006,0.267,0.415,True,False,True,OUT
U_29c3498d97,O-5,RESIDENT,IN,BHIM,ISSUER_09,True,True,OFF,2025-06-05,STD,0.466,0.2,0.024,-0.037,True,False,True,OUT
U_10b6b121e9,O-5,RESIDENT,IN,PHONEPE,ISSUER_05,True,True,ON,2025-06-22,STD,0.319,-0.164,0.314,-0.145,True,True,False,OUT
U_fd04329b52,O-2,RESIDENT,IN,GPAY,ISSUER_07,True,True,ON,2025-01-20,STD,0.719,-0.026,0.375,-0.15,True,False,True,OUT
U_1e33acf6f2,O-1,RESIDENT,IN,BHIM,ISSUER_10,True,True,ON,2025-08-07,STD,0.398,0.39,0.415,-0.055,False,True,False,OUT
U_9f0c0e15b9,O-6,RESIDENT,IN,BHIM,ISSUER_04,True,False,OFF,2025-01-13,STD,0.509,0.282,0.272,0.007,False,False,False,OUT
U_9f1a8645df,O-6,RESIDENT,IN,PHONEPE,ISSUER_01,False,False,OFF,2025-07-31,STD,0.921,-0.022,0.872,-0.15,True,True,True,OUT
U_f6568ebeb6,O-4,RESIDENT,IN,GPAY,ISSUER_12,True,True,OFF,2025-12-28,STD,0.17,0.119,0.161,-0.047,True,True,False,OUT
U_8f0591f34a,O-6,RESIDENT,IN,GPAY,ISSUER_10,True,True,OFF,2026-02-27,STD,0.391,0.135,0.324,-0.15,True,True,False,OUT
U_90f28c5ac2,O-2,RESIDENT,IN,BHIM,ISSUER_01,False,True,ON,2025-07-16,STD,0.3,0.393,0.066,-0.045,True,False,False,OUT
U_f69d6990da,O-1,RESIDENT,IN,PHONEPE,ISSUER_09,True,True,ON,2025-12-07,STD,0.155,0.059,0.044,-0.015,True,False,True,OUT
U_fc82457e3d,O-2,RESIDENT,IN,PHONEPE,ISSUER_09,True,True,OFF,2025-03-10,ELEVATED,0.299,0.175,0.125,-0.12,False,True,False,OUT
U_6862766015,O-2,RESIDENT,IN,BHIM,ISSUER_10,True,True,OFF,2024-11-15,STD,0.768,-0.075,0.295,0.098,True,True,True,OUT
U_b8fdcc0e10,O-6,RESIDENT,IN,BHIM,ISSUER_11,False,False,OFF,2025-07-16,STD,0.581,0.114,0.264,0.139,False,True,True,OUT
U_0b23ae4d04,O-4,RESIDENT,IN,PHONEPE,ISSUER_02,True,True,ON,2025-03-02,STD,0.835,0.001,0.27,0.025,True,False,True,OUT
U_9666c92b9f,O-5,RESIDENT,IN,BHIM,ISSUER_11,True,True,OFF,2025-10-21,STD,0.465,-0.084,0.624,0.033,True,True,False,OUT
U_c36c23baca,O-5,RESIDENT,IN,BHIM,ISSUER_03,True,True,ON,2026-04-29,STD,0.627,0.147,0.221,-0.134,True,True,True,OUT
U_cd32fe4df2,O-1,RESIDENT,IN,PHONEPE,ISSUER_01,True,True,ON,2025-02-28,STD,0.671,-0.188,0.656,-0.094,True,False,False,OUT
U_c23ac7f498,O-1,RESIDENT,IN,PHONEPE,ISSUER_07,False,True,ON,2025-10-03,ELEVATED,0.524,0.248,0.172,0.022,True,True,False,OUT
U_cc67657053,O-5,RESIDENT,IN,PHONEPE,ISSUER_11,True,True,ON,2025-12-11,STD,0.243,0.067,0.285,-0.076,True,True,True,OUT
U_058c3338a3,O-4,RESIDENT,IN,GPAY,ISSUER_09,True,True,ON,2025-08-10,STD,0.894,-0.059,0.367,-0.128,False,True,False,OUT
U_935241c0df,O-6,RESIDENT,IN,GPAY,ISSUER_06,True,False,OFF,2026-05-19,STD,0.323,0.515,0.296,-0.098,True,True,True,OUT
U_84a218dfc3,O-2,RESIDENT,IN,GPAY,ISSUER_04,True,False,ON,2024-11-04,STD,0.326,0.147,0.133,0.026,True,True,False,OUT
U_1b83bdc328,O-2,RESIDENT,IN,PHONEPE,ISSUER_02,True,True,OFF,2025-10-06,STD,0.156,-0.113,0.496,-0.15,True,True,False,OUT
U_020f53a751,O-2,RESIDENT,IN,GPAY,ISSUER_02,True,True,OFF,2026-04-23,STD,0.764,0.194,0.067,-0.075,True,True,True,OUT
U_9c19236920,O-2,RESIDENT,IN,GPAY,ISSUER_08,True,True,OFF,2026-02-17,STD,0.375,0.223,0.361,-0.15,True,True,True,OUT
U_6248293760,O-1,RESIDENT,IN,GPAY,ISSUER_08,True,True,ON,2026-06-11,STD,0.386,-0.21,0.574,0.061,True,True,False,OUT
U_5f136b9a20,O-4,RESIDENT,IN,PHONEPE,ISSUER_11,True,False,OFF,2026-05-23,STD,0.399,-0.021,0.548,0.045,True,True,False,OUT
U_bcd2fc48f7,O-5,RESIDENT,IN,PHONEPE,ISSUER_06,True,True,OFF,2026-04-10,STD,0.315,0.153,0.083,0.106,True,False,False,OUT
U_0ab2159f49,O-1,RESIDENT,IN,GPAY,ISSUER_05,True,False,ON,2026-04-06,STD,0.256,0.164,0.272,-0.052,True,False,True,OUT
U_e5e6a9ad66,O-3,RESIDENT,IN,PHONEPE,ISSUER_03,True,True,OFF,2025-06-20,STD,0.199,0.07,0.415,-0.15,True,False,True,OUT
U_72dfd2ad1f,O-2,RESIDENT,IN,GPAY,ISSUER_08,False,True,OFF,2024-08-21,STD,0.809,0.175,0.374,0.067,True,True,False,OUT
U_1191b974e5,O-2,RESIDENT,IN,GPAY,ISSUER_05,True,False,OFF,2024-09-19,STD,0.17,-0.154,0.121,0.058,True,True,True,OUT
U_b5ea9ad86c,O-2,RESIDENT,IN,PHONEPE,ISSUER_09,True,True,OFF,2025-09-01,STD,0.615,-0.128,0.616,-0.15,True,True,True,OUT
U_1fb68f15a4,O-6,RESIDENT,IN,BHIM,ISSUER_05,False,True,OFF,2025-02-11,STD,0.387,-0.049,0.466,0.079,False,False,True,OUT
U_91f38ae6dc,O-6,RESIDENT,IN,GPAY,ISSUER_03,False,False,OFF,2025-05-08,ELEVATED,0.353,0.348,0.402,-0.088,True,True,True,OUT
U_1ac216b11d,O-1,RESIDENT,IN,PHONEPE,ISSUER_03,True,True,ON,2025-06-13,STD,0.716,-0.329,0.724,-0.15,True,False,True,OUT
U_00954c33be,O-1,RESIDENT,IN,GPAY,ISSUER_11,True,True,ON,2024-12-25,STD,0.584,0.6,0.168,0.014,True,True,False,OUT
U_baad3c2af9,O-2,RESIDENT,IN,BHIM,ISSUER_07,True,True,OFF,2025-03-24,STD,0.784,-0.221,0.681,-0.009,True,False,True,OUT
U_aee726623f,O-3,RESIDENT,IN,GPAY,ISSUER_01,True,True,ON,2026-04-22,STD,0.341,-0.23,0.558,-0.142,False,False,False,OUT
U_fa1f14aaf9,O-2,RESIDENT,IN,PHONEPE,ISSUER_05,True,True,ON,2026-02-18,STD,0.713,0.093,0.361,-0.098,True,True,True,OUT
U_ad71a24056,O-2,RESIDENT,IN,BHIM,ISSUER_12,True,True,OFF,2025-08-31,STD,0.555,0.107,0.079,-0.015,False,True,True,OUT
U_76a74bc049,O-1,RESIDENT,IN,PHONEPE,ISSUER_05,True,True,ON,2024-08-14,STD,0.748,0.114,0.055,0.211,True,False,True,OUT
U_7c3b9ba5a0,O-4,RESIDENT,IN,PHONEPE,ISSUER_12,True,True,ON,2026-04-27,STD,0.381,0.237,0.14,0.075,True,True,False,OUT
U_630ad5817c,O-5,RESIDENT,IN,BHIM,ISSUER_08,True,True,ON,2026-04-05,STD,0.55,-0.312,0.173,-0.118,True,True,True,OUT
U_9f3826157b,O-6,RESIDENT,IN,GPAY,ISSUER_03,False,False,OFF,2025-04-17,STD,0.5,-0.031,0.362,0.014,True,True,True,OUT
U_c1be4b15e7,O-1,RESIDENT,IN,PHONEPE,ISSUER_12,True,True,ON,2025-08-22,STD,0.554,-0.025,0.209,0.06,True,True,False,OUT
U_d906067867,O-5,RESIDENT,IN,GPAY,ISSUER_11,True,True,ON,2024-12-10,STD,0.386,0.096,0.185,-0.059,True,True,True,OUT
U_d0132a21e8,O-6,RESIDENT,IN,PHONEPE,ISSUER_03,True,False,OFF,2024-11-24,STD,0.319,-0.019,0.212,-0.15,False,True,False,OUT
U_47156a783e,O-1,RESIDENT,IN,PHONEPE,ISSUER_10,True,True,ON,2024-12-27,STD,0.204,0.101,0.146,0.027,True,True,False,OUT
U_28a245e63b,O-2,RESIDENT,IN,BHIM,ISSUER_09,True,True,OFF,2026-05-09,STD,0.552,0.252,0.115,0.164,True,True,True,OUT
U_31b29bb935,O-2,RESIDENT,IN,PHONEPE,ISSUER_01,True,True,OFF,2026-02-17,STD,0.727,0.46,0.397,-0.055,True,True,False,OUT
U_d458aa6986,O-3,RESIDENT,IN,GPAY,ISSUER_03,True,True,OFF,2025-08-20,STD,0.193,0.158,0.26,0.042,True,True,False,OUT
U_06a14c7227,O-5,RESIDENT,IN,GPAY,ISSUER_09,True,True,OFF,2025-06-06,STD,0.169,0.081,0.228,0.088,True,True,True,OUT
U_45962350af,O-1,RESIDENT,IN,BHIM,ISSUER_07,False,True,ON,2025-10-14,STD,0.964,0.279,0.403,0.0,True,True,False,OUT
U_95ea64c9a5,O-3,RESIDENT,IN,GPAY,ISSUER_05,True,True,ON,2026-06-24,STD,0.119,0.011,0.363,-0.15,False,True,True,OUT
U_cae74bf010,O-4,RESIDENT,IN,PHONEPE,ISSUER_03,True,True,OFF,2024-08-17,STD,0.805,-0.174,0.254,0.075,True,True,True,OUT
U_e95b5f7b2a,O-3,RESIDENT,IN,PHONEPE,ISSUER_02,True,True,OFF,2024-12-01,STD,0.325,0.275,0.351,0.092,False,True,False,OUT
U_3244b30a06,O-2,RESIDENT,IN,PHONEPE,ISSUER_09,True,True,ON,2025-12-19,STD,0.173,0.358,0.335,-0.049,True,False,True,OUT
U_5dc7f0fae1,O-3,RESIDENT,IN,PHONEPE,ISSUER_12,True,True,ON,2026-07-06,STD,0.213,0.222,0.28,-0.048,True,True,False,OUT
U_d507c95bd3,O-2,RESIDENT,IN,GPAY,ISSUER_03,True,True,OFF,2026-05-06,STD,0.429,0.303,0.14,0.052,True,False,False,OUT
U_d962412ca8,O-5,RESIDENT,IN,GPAY,ISSUER_09,True,True,OFF,2025-11-07,STD,0.817,-0.225,0.148,0.152,True,False,True,OUT
U_756bffb3e0,O-4,RESIDENT,IN,PHONEPE,ISSUER_05,True,True,ON,2025-03-12,STD,0.773,0.001,0.295,0.142,False,True,True,OUT
U_0759548b57,O-2,RESIDENT,IN,BHIM,ISSUER_06,True,True,OFF,2026-05-05,STD,0.273,0.061,0.162,-0.094,True,True,True,OUT
U_3004b8c7ce,O-1,RESIDENT,IN,PHONEPE,ISSUER_11,True,True,ON,2025-05-19,STD,0.605,0.221,0.443,-0.15,True,True,True,OUT
U_f18af2ad07,O-5,RESIDENT,IN,BHIM,ISSUER_07,True,True,ON,2025-03-19,STD,0.688,0.006,0.117,0.236,True,True,True,OUT
U_5b16691df9,O-6,RESIDENT,IN,GPAY,ISSUER_03,True,False,OFF,2026-02-16,STD,0.671,0.121,0.272,0.203,True,True,True,OUT
U_6b76b4b20a,O-2,RESIDENT,IN,BHIM,ISSUER_07,True,True,ON,2025-09-17,STD,0.601,0.052,0.23,-0.069,True,False,False,OUT
U_6d38254a8b,O-1,RESIDENT,IN,PHONEPE,ISSUER_01,True,True,ON,2026-05-15,STD,0.409,0.202,0.194,-0.044,False,False,False,OUT
U_1b1b297d94,O-3,RESIDENT,IN,GPAY,ISSUER_12,True,True,OFF,2025-06-17,STD,0.414,-0.078,0.121,0.035,True,True,False,OUT
U_050eef1a3f,O-3,RESIDENT,IN,PHONEPE,ISSUER_11,True,True,ON,2025-05-26,STD,0.067,0.332,0.396,-0.15,True,True,True,OUT
U_01f2255829,O-4,RESIDENT,IN,PHONEPE,ISSUER_04,True,True,OFF,2025-12-30,STD,0.741,0.099,0.242,0.238,True,True,True,OUT
U_dc5519ea39,O-4,RESIDENT,IN,BHIM,ISSUER_04,True,True,OFF,2025-02-02,STD,0.423,0.003,0.473,-0.15,True,True,True,OUT
U_499759255d,O-6,RESIDENT,IN,PHONEPE,ISSUER_09,False,False,OFF,2026-06-28,STD,0.423,-0.081,0.715,-0.15,True,True,False,OUT
U_e6d85cc260,O-2,RESIDENT,IN,PHONEPE,ISSUER_07,True,True,ON,2024-10-27,STD,0.749,-0.287,0.639,0.123,True,True,False,OUT
U_f8dbb91bd5,O-3,RESIDENT,IN,PHONEPE,ISSUER_02,True,True,ON,2025-07-20,ELEVATED,0.198,0.254,0.033,-0.009,True,True,True,OUT
U_ea1d02d0d5,O-6,RESIDENT,IN,BHIM,ISSUER_04,False,True,OFF,2024-10-16,STD,0.605,0.367,0.431,-0.049,True,True,True,OUT
U_f9280aaecf,O-1,RESIDENT,IN,BHIM,ISSUER_03,False,True,ON,2024-12-21,STD,0.719,0.034,0.431,-0.15,True,True,True,OUT
U_ffe0756d52,O-3,RESIDENT,IN,GPAY,ISSUER_08,True,True,OFF,2026-01-22,STD,0.987,0.148,0.364,-0.127,False,False,True,OUT
U_d4c3b2f4bb,O-6,RESIDENT,IN,GPAY,ISSUER_01,False,True,OFF,2025-03-28,STD,0.906,-0.313,0.376,0.126,True,True,False,OUT
U_d29e5df416,O-1,RESIDENT,IN,BHIM,ISSUER_04,True,True,ON,2025-09-13,STD,0.431,-0.016,0.569,-0.083,False,True,False,OUT
U_8e5d247893,O-2,RESIDENT,IN,BHIM,ISSUER_04,True,True,OFF,2025-06-25,STD,0.286,0.277,0.164,-0.15,True,True,False,OUT
U_fcb8cfba9a,O-1,RESIDENT,IN,GPAY,ISSUER_12,True,True,ON,2025-10-18,STD,0.067,0.004,0.126,0.041,True,True,False,OUT
U_7b500afd68,O-5,RESIDENT,IN,BHIM,ISSUER_11,True,True,OFF,2025-12-04,STD,0.426,0.134,0.372,-0.04,False,True,False,OUT
U_20f969819b,O-6,RESIDENT,IN,BHIM,ISSUER_05,False,True,OFF,2026-04-29,STD,0.26,0.297,0.323,-0.15,True,False,False,OUT
U_bd6a74499c,O-6,RESIDENT,IN,PHONEPE,ISSUER_01,False,False,OFF,2024-12-28,STD,0.561,0.035,0.216,-0.096,True,True,True,OUT
U_61b2151edc,O-6,RESIDENT,IN,GPAY,ISSUER_09,False,False,OFF,2025-04-08,STD,0.398,-0.4,0.358,0.004,True,True,False,OUT
U_4286180589,O-2,RESIDENT,IN,BHIM,ISSUER_04,True,True,ON,2025-01-21,STD,0.373,0.021,0.261,0.042,True,False,True,OUT
U_6042b14386,O-6,RESIDENT,IN,GPAY,ISSUER_10,True,True,OFF,2024-10-01,STD,0.495,0.017,0.154,0.301,False,True,True,OUT
U_561670e3e7,O-5,RESIDENT,IN,GPAY,ISSUER_02,True,True,ON,2025-12-06,STD,0.355,-0.147,0.606,-0.15,True,True,True,OUT
U_9d795f656f,O-1,RESIDENT,IN,GPAY,ISSUER_05,True,True,ON,2024-12-06,STD,0.716,-0.021,0.467,-0.057,False,True,False,OUT
U_d4f0a6e51a,O-5,RESIDENT,IN,GPAY,ISSUER_02,True,True,OFF,2025-05-05,STD,0.437,0.32,0.107,-0.03,True,True,True,OUT
U_73576cd1bf,O-2,RESIDENT,IN,BHIM,ISSUER_12,True,True,OFF,2026-01-11,STD,0.66,0.044,0.165,0.085,True,True,False,OUT
U_520ea4082d,O-1,RESIDENT,IN,BHIM,ISSUER_11,True,True,ON,2026-07-23,STD,0.743,0.063,0.118,0.31,True,True,False,OUT
U_cbb4dcf4c0,O-3,RESIDENT,IN,GPAY,ISSUER_02,True,True,OFF,2025-04-05,STD,0.295,0.526,0.012,-0.132,True,True,False,OUT
U_9155ca0773,O-4,RESIDENT,IN,GPAY,ISSUER_05,True,True,OFF,2026-01-10,STD,0.582,0.071,0.282,0.177,True,False,True,OUT
U_2ad34a3bf3,O-4,RESIDENT,IN,PHONEPE,ISSUER_09,True,True,ON,2024-09-18,STD,0.721,-0.004,0.409,0.196,True,True,True,OUT
U_87fe12d322,O-2,RESIDENT,IN,GPAY,ISSUER_02,True,True,OFF,2025-08-17,STD,0.267,-0.194,0.594,-0.025,True,True,True,OUT
U_76e4d2dc7b,O-4,RESIDENT,IN,GPAY,ISSUER_06,True,True,OFF,2024-12-27,STD,0.557,0.496,0.149,0.441,True,True,False,OUT
U_a8d3ffd489,O-1,RESIDENT,IN,GPAY,ISSUER_10,True,True,ON,2025-03-22,STD,0.345,0.56,0.195,0.203,True,True,False,OUT
U_d583d3b6cf,O-1,RESIDENT,IN,PHONEPE,ISSUER_08,True,True,ON,2025-05-30,ELEVATED,0.195,0.258,0.255,0.014,True,True,False,OUT
U_076a8ec27b,O-2,RESIDENT,IN,PHONEPE,ISSUER_01,True,True,OFF,2025-09-26,STD,0.68,-0.019,0.874,-0.15,True,False,False,OUT
U_b822ba1d21,O-2,RESIDENT,IN,PHONEPE,ISSUER_06,True,True,OFF,2024-11-07,STD,0.868,-0.227,0.317,0.027,False,False,False,OUT
U_34a2d8055f,O-6,RESIDENT,IN,PHONEPE,ISSUER_06,True,True,OFF,2024-08-11,STD,0.552,0.05,0.201,0.26,True,True,False,OUT
U_2ff56230f6,O-2,RESIDENT,IN,BHIM,ISSUER_05,True,True,OFF,2025-10-27,STD,0.581,0.101,0.258,-0.009,False,True,True,OUT
U_49b44ddc0b,O-6,RESIDENT,IN,GPAY,ISSUER_03,False,False,OFF,2026-06-26,STD,0.489,0.175,0.299,-0.144,True,True,True,OUT
U_52decfd3e5,O-6,RESIDENT,IN,PHONEPE,ISSUER_01,False,False,OFF,2025-02-17,STD,0.209,0.061,0.334,-0.032,False,False,False,OUT
U_1c30f113f4,O-6,RESIDENT,IN,GPAY,ISSUER_11,False,False,OFF,2025-09-29,STD,0.387,0.091,0.236,-0.002,False,True,True,OUT
U_3c32f77fb5,O-2,RESIDENT,IN,GPAY,ISSUER_07,True,True,ON,2025-08-30,ELEVATED,0.279,0.274,0.102,0.194,True,True,False,OUT
U_2693468689,O-1,RESIDENT,IN,BHIM,ISSUER_10,True,True,ON,2025-04-21,STD,0.262,0.133,0.124,-0.047,True,True,True,OUT
U_5c97893a22,O-5,RESIDENT,IN,BHIM,ISSUER_03,True,True,OFF,2026-04-10,STD,0.662,0.074,0.302,0.192,True,False,True,OUT
U_ff64ceb27f,O-3,RESIDENT,IN,GPAY,ISSUER_10,True,False,ON,2026-06-18,STD,0.029,0.382,0.119,0.041,True,False,True,OUT
U_dd0173036f,O-1,RESIDENT,IN,GPAY,ISSUER_03,True,True,ON,2025-01-24,STD,0.151,0.162,0.269,0.128,True,True,False,OUT
U_18646cffa8,O-6,RESIDENT,IN,BHIM,ISSUER_07,False,False,OFF,2026-01-26,STD,0.548,0.258,0.216,-0.15,True,True,True,OUT
U_ce9f57ea4f,O-6,RESIDENT,IN,BHIM,ISSUER_11,True,False,OFF,2025-02-01,STD,0.871,0.286,0.273,0.049,True,True,True,OUT
U_fd1c0e327f,O-1,RESIDENT,IN,BHIM,ISSUER_10,True,True,ON,2025-02-07,STD,0.629,-0.332,0.303,0.14,True,False,False,OUT
U_bbbd41cfcb,O-6,RESIDENT,IN,PHONEPE,ISSUER_02,False,True,OFF,2024-12-27,STD,0.059,0.029,0.286,0.117,True,False,True,OUT
U_2883c57cce,O-2,RESIDENT,IN,GPAY,ISSUER_04,True,True,ON,2025-05-10,STD,0.679,0.45,0.209,-0.057,True,True,False,OUT
U_99bf7c8fd7,O-3,RESIDENT,IN,GPAY,ISSUER_09,True,True,ON,2024-09-17,STD,0.823,0.192,0.326,-0.041,True,True,True,OUT
U_09f2bbe992,O-1,RESIDENT,IN,BHIM,ISSUER_12,True,True,ON,2025-02-18,STD,0.518,0.263,0.093,0.039,True,True,False,OUT
U_7ab1be4a05,O-2,RESIDENT,IN,BHIM,ISSUER_07,True,True,ON,2026-04-11,STD,0.263,0.597,0.39,0.06,True,True,True,OUT
U_7ff947099e,O-3,RESIDENT,IN,GPAY,ISSUER_09,True,True,ON,2024-12-31,STD,0.467,0.237,0.228,-0.096,True,True,True,OUT
U_7183f0f61c,O-5,RESIDENT,IN,BHIM,ISSUER_01,True,True,ON,2025-05-05,STD,0.594,0.217,0.246,-0.004,True,False,True,OUT
U_ffa0e2c7e7,O-5,RESIDENT,IN,GPAY,ISSUER_10,True,True,OFF,2024-09-11,STD,0.582,0.224,0.41,0.044,True,True,False,OUT
U_11e8cbe40a,O-3,RESIDENT,IN,PHONEPE,ISSUER_09,True,True,ON,2025-06-24,STD,0.396,0.318,0.234,0.2,True,False,True,OUT
U_77739dbd32,O-5,RESIDENT,IN,PHONEPE,ISSUER_11,True,False,ON,2024-08-14,STD,0.329,0.316,0.161,-0.15,True,True,True,OUT
U_6bfce08443,O-3,RESIDENT,IN,BHIM,ISSUER_04,True,True,OFF,2026-02-22,STD,0.108,-0.009,0.679,-0.15,True,True,False,OUT
U_9248823a7d,O-5,RESIDENT,IN,BHIM,ISSUER_01,True,True,OFF,2025-02-25,STD,0.617,-0.4,0.437,0.047,True,True,True,OUT
U_1c6d69d8b5,O-6,RESIDENT,IN,BHIM,ISSUER_02,False,True,OFF,2025-02-20,STD,0.719,0.017,0.255,0.073,True,True,False,OUT
U_96eed4a1a2,O-3,RESIDENT,IN,PHONEPE,ISSUER_02,False,True,ON,2025-10-03,STD,0.482,0.567,0.174,0.129,True,True,False,OUT
U_5744d3e8be,O-3,RESIDENT,IN,GPAY,ISSUER_02,True,True,OFF,2026-07-11,STD,0.112,0.055,0.027,0.081,False,True,True,OUT
U_3760d7b3ef,O-5,RESIDENT,IN,GPAY,ISSUER_10,False,False,ON,2026-07-27,STD,0.428,0.374,0.238,0.226,True,False,False,OUT
U_dfb4594836,O-1,RESIDENT,IN,PHONEPE,ISSUER_04,False,False,ON,2024-09-02,STD,0.553,0.38,0.014,-0.046,False,True,True,OUT
U_4279a192c5,O-1,RESIDENT,IN,PHONEPE,ISSUER_01,True,True,ON,2025-12-11,STD,0.339,0.236,0.499,-0.034,True,True,False,OUT
U_f657c6dcb1,O-5,RESIDENT,IN,PHONEPE,ISSUER_07,True,True,ON,2024-08-19,STD,0.75,0.009,0.399,0.053,True,True,True,OUT
U_27a829d547,O-1,RESIDENT,IN,PHONEPE,ISSUER_06,True,True,ON,2024-08-15,STD,0.584,-0.013,0.421,-0.049,True,True,True,OUT
U_650c4c1180,O-1,RESIDENT,IN,BHIM,ISSUER_11,True,True,ON,2024-10-24,STD,0.363,0.116,0.382,0.065,True,False,True,OUT
U_655fc54a13,O-5,RESIDENT,IN,PHONEPE,ISSUER_02,True,True,OFF,2025-02-13,STD,0.597,-0.166,0.303,0.082,True,True,True,OUT
U_daced4479f,O-1,RESIDENT,IN,GPAY,ISSUER_09,True,True,ON,2024-11-09,STD,0.094,-0.015,0.604,0.005,True,True,False,OUT
U_26739ba4b3,O-4,RESIDENT,IN,BHIM,ISSUER_10,True,True,ON,2025-11-06,STD,0.432,0.273,0.409,0.059,True,True,False,OUT
U_6597c759c9,O-2,RESIDENT,IN,GPAY,ISSUER_05,True,True,ON,2024-09-27,STD,0.38,0.071,0.11,-0.061,True,False,True,OUT
U_ad11a86cfa,O-2,RESIDENT,IN,GPAY,ISSUER_05,True,True,OFF,2025-03-18,RESTRICTED,0.132,-0.113,0.695,-0.136,False,True,True,OUT
U_15cd16d551,O-2,RESIDENT,IN,BHIM,ISSUER_07,True,True,ON,2024-11-07,STD,0.278,-0.106,0.472,0.013,True,False,False,OUT
U_024c5f6337,O-6,RESIDENT,IN,PHONEPE,ISSUER_03,True,False,OFF,2025-05-01,STD,0.75,0.363,0.214,0.116,True,False,True,OUT
U_aaef02e513,O-2,RESIDENT,IN,PHONEPE,ISSUER_05,True,False,OFF,2026-04-15,STD,0.804,0.027,0.298,0.139,True,False,False,OUT
U_08e486c071,O-2,RESIDENT,IN,PHONEPE,ISSUER_11,True,True,ON,2025-07-16,STD,0.759,-0.013,0.441,-0.094,True,False,False,OUT
U_ee84f99872,O-5,RESIDENT,IN,PHONEPE,ISSUER_08,True,True,OFF,2025-07-05,STD,0.431,0.135,0.279,0.093,True,False,True,OUT
U_494c350aaf,O-1,RESIDENT,IN,PHONEPE,ISSUER_01,True,True,ON,2026-02-22,ELEVATED,0.678,-0.205,0.945,-0.15,True,False,False,OUT
U_be0745d681,O-5,RESIDENT,IN,PHONEPE,ISSUER_10,True,True,OFF,2026-06-27,STD,0.481,0.217,0.056,0.079,True,True,False,OUT
U_ebc0178046,O-6,RESIDENT,IN,BHIM,ISSUER_07,False,False,OFF,2026-07-07,STD,0.065,-0.023,0.668,-0.15,True,True,False,OUT
U_87deaf9f48,O-2,RESIDENT,IN,GPAY,ISSUER_01,True,True,OFF,2025-07-10,STD,0.372,0.364,0.266,-0.089,True,False,True,OUT
U_961d2b241c,O-2,RESIDENT,IN,GPAY,ISSUER_04,True,True,OFF,2025-10-31,ELEVATED,0.608,-0.093,0.375,-0.007,True,False,False,OUT
U_8110382c31,O-2,RESIDENT,IN,BHIM,ISSUER_03,True,True,OFF,2024-11-25,STD,0.13,0.031,0.219,-0.15,False,True,True,OUT
U_8d039812e2,O-3,RESIDENT,IN,PHONEPE,ISSUER_12,True,True,ON,2025-05-13,STD,0.397,-0.135,0.95,-0.15,True,True,False,OUT
U_ac2df7bb76,O-2,RESIDENT,IN,BHIM,ISSUER_01,True,True,ON,2026-02-27,STD,0.603,-0.211,0.138,0.009,True,False,True,OUT
U_937832af66,O-1,RESIDENT,IN,BHIM,ISSUER_12,True,True,ON,2025-02-22,STD,0.679,0.412,0.227,0.068,True,True,True,OUT
U_08f409165d,O-5,RESIDENT,IN,PHONEPE,ISSUER_04,True,False,OFF,2024-11-22,STD,0.869,0.137,0.408,-0.15,True,True,False,OUT
U_15217cf805,O-2,RESIDENT,IN,PHONEPE,ISSUER_05,True,True,ON,2026-01-07,STD,0.17,0.246,0.161,0.204,True,True,True,OUT
U_a888f3775d,O-2,RESIDENT,IN,GPAY,ISSUER_08,True,True,OFF,2026-04-29,STD,0.074,0.256,0.397,-0.116,True,True,False,OUT
U_4c1ade7a07,O-1,RESIDENT,IN,PHONEPE,ISSUER_05,False,True,ON,2024-12-18,STD,0.414,0.302,0.105,0.056,True,False,True,OUT
U_12147192e7,O-2,RESIDENT,IN,GPAY,ISSUER_09,True,True,OFF,2025-12-11,STD,0.327,-0.035,0.343,0.103,True,True,False,OUT
U_52faf88166,O-6,RESIDENT,IN,GPAY,ISSUER_06,True,True,OFF,2025-05-14,STD,0.446,0.09,0.264,-0.126,True,True,False,OUT
U_5fc500ad74,O-5,RESIDENT,IN,PHONEPE,ISSUER_12,True,True,OFF,2025-10-30,STD,0.34,0.169,0.126,0.117,False,True,False,OUT
U_1f1542620d,O-2,RESIDENT,IN,BHIM,ISSUER_06,True,True,OFF,2025-05-27,STD,0.796,-0.035,0.63,-0.14,True,True,False,OUT
U_8181334afa,O-2,RESIDENT,IN,BHIM,ISSUER_01,True,True,OFF,2025-10-12,STD,0.254,0.11,0.435,-0.111,True,True,False,OUT
U_f5cb81f51e,O-1,RESIDENT,IN,GPAY,ISSUER_03,True,True,ON,2024-11-14,STD,0.138,0.128,0.314,0.159,True,False,True,OUT
U_56da22a179,O-5,RESIDENT,IN,PHONEPE,ISSUER_06,True,True,ON,2024-12-13,STD,0.718,0.174,0.188,-0.094,True,False,True,OUT
U_46eba05f62,O-5,RESIDENT,IN,BHIM,ISSUER_11,True,False,OFF,2025-09-10,ELEVATED,0.329,0.542,0.281,0.046,True,True,True,OUT
U_2870971475,O-1,RESIDENT,IN,PHONEPE,ISSUER_11,True,True,ON,2026-06-03,STD,0.326,0.35,0.158,-0.065,True,True,True,OUT
U_e53511da3f,O-2,RESIDENT,IN,PHONEPE,ISSUER_07,True,False,OFF,2025-05-07,STD,0.769,-0.025,0.229,-0.011,True,True,True,OUT
U_af90d526c3,O-2,RESIDENT,IN,PHONEPE,ISSUER_08,True,True,OFF,2025-09-04,STD,0.678,0.061,0.399,0.229,False,True,True,OUT
U_e7735de837,O-3,RESIDENT,IN,BHIM,ISSUER_11,True,True,OFF,2025-05-26,STD,0.754,0.425,0.391,-0.099,True,True,False,OUT
U_f356cd73cf,O-1,RESIDENT,IN,GPAY,ISSUER_11,True,True,ON,2025-03-25,STD,0.704,0.09,0.44,-0.107,True,False,True,OUT
U_afd4d4ad0c,O-6,RESIDENT,IN,PHONEPE,ISSUER_01,False,False,OFF,2026-03-13,STD,0.222,0.111,0.361,0.024,True,True,False,OUT
U_bd0fa24bd1,O-2,RESIDENT,IN,BHIM,ISSUER_04,True,False,OFF,2024-08-27,STD,0.449,-0.218,0.318,-0.008,True,True,True,OUT
U_cfef73537c,O-2,RESIDENT,IN,BHIM,ISSUER_03,True,True,OFF,2024-12-19,STD,0.597,0.043,0.423,-0.072,True,False,False,OUT
U_ec68892aa2,O-5,RESIDENT,IN,BHIM,ISSUER_10,True,True,ON,2025-01-27,STD,0.313,0.343,0.382,-0.061,False,True,True,OUT
U_d3dc3d00a6,O-2,RESIDENT,IN,BHIM,ISSUER_09,True,True,ON,2025-09-24,STD,0.564,0.6,0.432,-0.034,True,True,True,OUT
U_f3b489c3c2,O-6,RESIDENT,IN,GPAY,ISSUER_03,False,True,OFF,2025-11-02,STD,0.155,0.084,0.407,-0.15,True,True,True,OUT
U_06b386d31a,O-3,RESIDENT,IN,GPAY,ISSUER_11,True,True,ON,2025-01-12,STD,0.227,0.069,0.485,-0.063,True,True,True,OUT
U_1f9329919b,O-2,RESIDENT,IN,PHONEPE,ISSUER_06,True,True,ON,2025-08-15,STD,0.131,-0.187,0.452,0.035,False,False,True,OUT
U_4a27c44fa1,O-4,RESIDENT,IN,GPAY,ISSUER_09,True,True,OFF,2025-09-23,STD,0.302,-0.071,0.822,-0.088,True,False,False,OUT
U_c5d7190208,O-3,RESIDENT,IN,PHONEPE,ISSUER_06,True,True,ON,2026-04-27,STD,0.206,0.427,0.331,0.035,False,True,True,OUT
U_2bb7bbcf88,O-5,RESIDENT,IN,GPAY,ISSUER_10,True,True,ON,2025-12-24,STD,0.735,0.111,0.312,-0.1,True,False,True,OUT
U_e0d44f63fd,O-6,RESIDENT,IN,PHONEPE,ISSUER_11,True,False,OFF,2025-06-08,STD,0.222,0.258,0.306,0.137,True,True,True,OUT
U_5477f7bc90,O-1,RESIDENT,IN,BHIM,ISSUER_01,True,True,ON,2025-03-19,STD,0.433,0.243,0.175,-0.06,True,True,True,OUT
U_5d0b8cdcb2,O-1,RESIDENT,IN,PHONEPE,ISSUER_01,False,True,ON,2025-08-31,STD,0.946,0.278,0.363,0.052,True,False,True,OUT
U_4d62f7c425,O-1,RESIDENT,IN,PHONEPE,ISSUER_12,True,False,ON,2026-04-09,STD,0.16,-0.213,0.712,-0.15,False,False,False,OUT
U_4c50324d66,O-5,RESIDENT,IN,PHONEPE,ISSUER_04,True,True,OFF,2026-04-21,STD,0.641,0.082,0.301,0.064,True,False,True,OUT
U_9d0bb748d9,O-6,RESIDENT,IN,PHONEPE,ISSUER_10,False,False,OFF,2026-01-07,STD,0.374,0.187,0.079,0.251,True,True,False,OUT
U_99c3768377,O-2,RESIDENT,IN,BHIM,ISSUER_07,True,True,ON,2025-02-19,STD,0.27,0.068,0.328,-0.15,True,False,False,OUT
U_b250db4ce1,O-6,RESIDENT,IN,GPAY,ISSUER_11,False,False,OFF,2025-07-21,STD,0.235,0.095,0.174,0.159,True,True,False,OUT
U_e88d598ede,O-2,RESIDENT,IN,BHIM,ISSUER_11,True,True,ON,2026-03-15,STD,0.73,-0.178,0.655,-0.15,True,True,True,OUT
U_9cdc2ddd7f,O-2,RESIDENT,IN,GPAY,ISSUER_12,True,True,ON,2024-10-08,STD,0.324,0.19,0.086,0.242,True,True,False,OUT
U_855e425040,O-5,RESIDENT,IN,GPAY,ISSUER_10,True,True,OFF,2026-06-10,STD,0.599,0.065,0.032,0.077,True,True,False,OUT
U_dab9e438bc,O-5,RESIDENT,IN,GPAY,ISSUER_09,True,True,ON,2024-10-21,STD,0.478,-0.166,0.333,-0.15,True,True,True,OUT
U_1f1ba2efc6,O-2,RESIDENT,IN,PHONEPE,ISSUER_05,True,True,ON,2024-09-27,STD,0.248,-0.104,0.513,-0.073,True,False,True,OUT
U_dbc46eb083,O-2,RESIDENT,IN,BHIM,ISSUER_05,True,True,OFF,2024-12-14,STD,0.487,0.185,0.502,-0.123,True,True,True,OUT
U_c95b10be3f,O-6,RESIDENT,IN,PHONEPE,ISSUER_01,False,False,OFF,2024-10-11,STD,0.52,0.292,0.47,-0.116,True,True,True,OUT
U_432ab61c5a,O-2,RESIDENT,IN,PHONEPE,ISSUER_03,True,True,OFF,2026-04-18,STD,0.493,0.23,0.255,0.248,True,True,False,OUT
U_ed2fb93df1,O-4,RESIDENT,IN,GPAY,ISSUER_07,True,True,OFF,2026-07-01,STD,0.731,-0.065,0.276,0.116,True,True,False,OUT
U_06d8e7a3cf,O-4,RESIDENT,IN,PHONEPE,ISSUER_09,True,True,OFF,2026-07-03,STD,0.644,0.125,0.355,0.065,True,True,False,OUT
U_720a91d3d5,O-4,RESIDENT,IN,BHIM,ISSUER_05,True,True,ON,2026-07-26,STD,0.414,0.087,0.381,0.199,True,True,True,OUT
U_bd61a31b35,O-1,RESIDENT,IN,GPAY,ISSUER_06,True,True,ON,2024-11-30,STD,0.122,0.151,0.102,0.052,True,True,False,OUT
U_e47646f74a,O-2,RESIDENT,IN,GPAY,ISSUER_07,True,True,ON,2026-02-27,STD,0.758,0.336,0.194,0.112,True,False,True,OUT
U_6797478266,O-2,RESIDENT,IN,PHONEPE,ISSUER_09,True,True,OFF,2025-02-17,STD,0.7,0.136,0.152,-0.15,False,False,False,OUT
U_d564518593,O-3,RESIDENT,IN,BHIM,ISSUER_07,True,True,OFF,2026-06-07,STD,0.643,0.066,0.057,0.15,False,False,True,OUT
U_07bf341506,O-4,RESIDENT,IN,BHIM,ISSUER_09,True,True,ON,2024-08-24,STD,0.133,-0.104,0.694,-0.15,False,True,False,OUT
U_51984d440b,O-6,RESIDENT,IN,BHIM,ISSUER_11,False,True,OFF,2026-02-17,STD,0.21,0.406,0.048,0.076,True,True,False,OUT
U_3aa4c0312d,O-3,RESIDENT,IN,GPAY,ISSUER_03,True,True,OFF,2025-08-13,STD,0.065,0.431,0.345,0.093,True,True,False,OUT
U_fb0f1b2af4,O-1,RESIDENT,IN,PHONEPE,ISSUER_07,False,True,ON,2025-02-08,STD,0.134,0.49,0.057,0.197,True,True,True,OUT
U_bdee1b8856,O-5,RESIDENT,IN,BHIM,ISSUER_11,True,True,ON,2025-09-06,STD,0.653,0.42,0.291,-0.092,True,True,True,OUT
U_1f7de5d6de,O-6,RESIDENT,IN,GPAY,ISSUER_07,True,False,OFF,2024-09-23,STD,0.506,0.6,0.212,0.044,False,True,True,OUT
U_64e7012e54,O-4,RESIDENT,IN,GPAY,ISSUER_07,True,True,OFF,2025-08-07,STD,0.484,0.057,0.136,-0.15,True,False,False,OUT
U_4df758dd99,O-6,RESIDENT,IN,BHIM,ISSUER_04,True,False,OFF,2025-03-16,STD,0.424,0.516,0.202,-0.047,True,True,False,OUT
U_a99aabaf35,O-1,RESIDENT,IN,BHIM,ISSUER_01,True,True,ON,2024-08-21,STD,0.686,0.178,0.293,-0.067,False,True,False,OUT
U_8e34caaa05,O-6,RESIDENT,IN,PHONEPE,ISSUER_12,False,False,OFF,2026-02-22,STD,0.671,-0.039,0.35,-0.039,True,True,True,OUT
U_91e8d0de7d,O-5,RESIDENT,IN,PHONEPE,ISSUER_01,True,True,OFF,2026-06-01,STD,0.683,0.241,0.171,0.141,True,True,True,OUT
U_52196cd84d,O-2,RESIDENT,IN,BHIM,ISSUER_07,True,True,OFF,2024-12-11,STD,0.477,-0.209,0.95,-0.15,True,True,True,OUT
U_488c2537bb,O-6,RESIDENT,IN,PHONEPE,ISSUER_09,False,False,OFF,2025-08-08,STD,0.238,0.065,0.13,0.124,True,True,False,OUT
U_b300a38659,O-2,RESIDENT,IN,PHONEPE,ISSUER_07,True,True,ON,2024-10-16,STD,0.742,0.134,0.171,0.098,True,True,True,OUT
U_42ef358db9,O-2,RESIDENT,IN,BHIM,ISSUER_10,True,True,ON,2026-02-07,STD,0.678,0.087,0.126,-0.132,True,True,False,OUT
U_3b9b37e556,O-2,RESIDENT,IN,BHIM,ISSUER_01,True,True,ON,2026-01-13,STD,0.131,0.221,0.337,-0.022,True,False,True,OUT
U_a2622cc617,O-2,RESIDENT,IN,GPAY,ISSUER_05,True,True,OFF,2025-04-19,STD,0.627,0.53,0.284,0.026,True,True,False,OUT
U_ab1548a0c2,O-1,RESIDENT,IN,GPAY,ISSUER_06,True,True,ON,2026-05-01,STD,0.559,0.031,0.279,0.129,True,True,True,OUT
U_2bf7472e6b,O-2,RESIDENT,IN,GPAY,ISSUER_01,False,True,OFF,2025-12-11,STD,0.327,0.137,0.21,0.039,True,False,True,OUT
U_20edecf4bf,O-1,RESIDENT,IN,GPAY,ISSUER_05,True,True,ON,2026-04-01,STD,0.918,0.03,0.456,-0.108,False,True,False,OUT
U_1481952029,O-1,RESIDENT,IN,GPAY,ISSUER_10,True,True,ON,2025-07-17,STD,0.269,0.323,0.366,-0.15,True,True,True,OUT
U_9905a0f105,O-3,RESIDENT,IN,PHONEPE,ISSUER_05,True,True,OFF,2026-06-17,STD,0.48,0.136,0.302,0.077,False,True,False,OUT
U_828b02176f,O-6,RESIDENT,IN,BHIM,ISSUER_02,False,False,OFF,2026-04-12,STD,0.297,0.158,0.192,0.094,True,True,True,OUT
U_b2542f5af0,O-6,RESIDENT,IN,BHIM,ISSUER_11,False,True,OFF,2025-06-30,STD,0.66,-0.171,0.518,-0.134,True,True,False,OUT
U_7eb9e0a6cc,O-2,RESIDENT,IN,BHIM,ISSUER_06,True,True,OFF,2025-08-23,STD,0.407,0.218,0.283,-0.007,False,True,False,OUT
U_894f4ea38c,O-4,RESIDENT,IN,BHIM,ISSUER_09,True,True,ON,2026-02-26,STD,0.24,0.022,0.03,0.07,True,False,True,OUT
U_41229b92f0,O-2,RESIDENT,IN,PHONEPE,ISSUER_11,True,True,OFF,2026-07-17,STD,0.678,0.191,0.188,0.026,False,False,True,OUT
U_a8487f3219,O-3,RESIDENT,IN,PHONEPE,ISSUER_12,True,True,OFF,2025-01-23,STD,0.883,-0.162,0.411,-0.014,True,True,True,OUT
U_5e7e08c634,O-2,RESIDENT,IN,PHONEPE,ISSUER_08,True,True,OFF,2026-07-01,STD,0.328,0.287,0.331,-0.046,True,False,False,OUT
U_9110ffdc11,O-3,RESIDENT,IN,GPAY,ISSUER_06,True,False,OFF,2026-07-04,STD,0.514,0.208,0.233,0.155,True,False,False,OUT
U_8ed35dfba0,O-6,RESIDENT,IN,PHONEPE,ISSUER_06,True,False,OFF,2024-10-01,STD,0.724,0.1,0.32,-0.058,True,True,True,OUT
U_9b9f83c205,O-1,RESIDENT,IN,PHONEPE,ISSUER_02,True,True,ON,2025-06-24,STD,0.326,-0.017,0.184,0.09,True,True,True,OUT
U_3e90496ced,O-1,RESIDENT,IN,BHIM,ISSUER_05,True,True,ON,2026-04-26,STD,0.903,0.256,0.095,-0.06,True,True,True,OUT
U_3b18907b57,O-1,RESIDENT,IN,BHIM,ISSUER_03,True,True,ON,2025-02-19,STD,0.269,-0.094,0.126,0.055,True,True,True,OUT
U_567c72e269,O-1,RESIDENT,IN,BHIM,ISSUER_12,True,True,ON,2025-03-13,STD,0.674,0.309,0.229,-0.15,True,True,True,OUT
U_67a09c98bd,O-2,RESIDENT,IN,GPAY,ISSUER_11,True,True,OFF,2026-07-17,STD,0.57,0.165,0.104,-0.129,True,False,True,OUT
U_b124a99754,O-1,RESIDENT,IN,PHONEPE,ISSUER_10,True,True,ON,2025-06-19,STD,0.632,-0.03,0.425,-0.131,True,True,False,OUT
U_ef4ede212f,O-3,RESIDENT,IN,BHIM,ISSUER_01,False,True,OFF,2024-09-21,STD,0.649,-0.041,0.589,0.016,True,True,True,OUT
U_222998993b,O-5,RESIDENT,IN,PHONEPE,ISSUER_11,True,True,OFF,2025-03-07,STD,0.902,0.25,0.29,-0.077,True,False,False,OUT
U_120331c51c,O-2,RESIDENT,IN,BHIM,ISSUER_12,True,True,ON,2024-10-06,STD,0.374,0.204,0.228,0.14,True,True,False,OUT
U_bc497d631f,O-1,RESIDENT,IN,PHONEPE,ISSUER_09,True,False,ON,2026-06-13,STD,0.688,0.065,0.219,-0.15,True,False,True,OUT
U_674e1b98e5,O-2,RESIDENT,IN,PHONEPE,ISSUER_12,True,True,ON,2026-05-22,STD,0.803,-0.314,0.559,-0.109,True,True,True,OUT
U_e7d8a23438,O-6,RESIDENT,IN,BHIM,ISSUER_08,False,False,OFF,2026-03-15,STD,0.145,-0.006,0.713,0.124,False,False,False,OUT
U_01761d8855,O-1,RESIDENT,IN,BHIM,ISSUER_03,True,True,ON,2025-07-20,STD,0.073,0.301,0.268,-0.124,True,True,True,OUT
U_3933bfa6e8,O-3,RESIDENT,IN,PHONEPE,ISSUER_05,True,True,OFF,2025-08-01,STD,0.273,-0.169,0.295,-0.15,True,True,False,OUT
U_c531d9c630,O-2,RESIDENT,IN,PHONEPE,ISSUER_01,True,True,OFF,2026-05-06,STD,0.781,-0.022,0.799,-0.069,True,False,True,OUT
U_abac7b9e69,O-2,RESIDENT,IN,BHIM,ISSUER_05,True,True,ON,2024-10-09,STD,0.524,0.453,0.155,-0.078,True,True,True,OUT
U_dbd845c551,O-5,RESIDENT,IN,GPAY,ISSUER_10,True,True,OFF,2025-01-26,STD,0.876,0.187,0.185,-0.014,True,False,True,OUT
U_717c026747,O-2,RESIDENT,IN,BHIM,ISSUER_01,True,True,OFF,2025-10-09,STD,0.866,0.149,0.131,0.156,True,False,False,OUT
U_47cbcc223f,O-5,RESIDENT,IN,GPAY,ISSUER_04,True,True,OFF,2026-01-23,STD,0.403,0.178,0.266,0.043,True,True,True,OUT
U_ae40a61c3f,O-1,RESIDENT,IN,BHIM,ISSUER_11,True,True,ON,2025-10-20,STD,0.657,-0.097,0.802,-0.15,True,False,True,OUT
U_dd7a0d4cda,O-3,RESIDENT,IN,BHIM,ISSUER_08,True,True,OFF,2025-09-03,STD,0.383,0.134,0.02,0.034,True,True,True,OUT
U_bb3269b89b,O-1,RESIDENT,IN,BHIM,ISSUER_03,False,True,ON,2026-04-02,STD,0.223,0.13,0.19,0.219,True,True,True,OUT
U_a2b4d18f11,O-4,RESIDENT,IN,BHIM,ISSUER_11,True,True,ON,2025-11-19,STD,0.689,0.211,0.238,-0.075,False,True,True,OUT
U_56d1067654,O-4,RESIDENT,IN,GPAY,ISSUER_11,True,True,ON,2024-11-19,STD,0.759,0.252,0.219,0.113,True,False,False,OUT
U_531e34d00e,O-2,RESIDENT,IN,BHIM,ISSUER_01,True,True,ON,2024-12-22,STD,0.574,0.324,0.21,0.209,True,True,False,OUT
U_60f78c4202,O-5,RESIDENT,IN,GPAY,ISSUER_09,True,True,ON,2025-04-23,STD,0.973,0.244,0.16,0.036,True,True,False,OUT
U_522b2501ef,O-5,RESIDENT,IN,BHIM,ISSUER_11,True,True,OFF,2025-03-25,STD,0.728,-0.103,0.729,0.027,True,False,False,OUT
U_1a76b430dc,O-5,RESIDENT,IN,PHONEPE,ISSUER_11,True,True,OFF,2024-11-13,STD,0.724,-0.064,0.575,0.159,True,False,True,OUT
U_cdaeabd9c0,O-2,RESIDENT,IN,GPAY,ISSUER_08,True,False,OFF,2025-02-02,STD,0.272,0.313,0.271,-0.041,True,False,False,OUT
U_1de7faa2b3,O-1,RESIDENT,IN,BHIM,ISSUER_06,True,True,ON,2025-01-18,STD,0.596,0.193,0.019,0.162,True,False,True,OUT
U_c797c00993,O-2,RESIDENT,IN,PHONEPE,ISSUER_09,True,True,OFF,2024-08-30,ELEVATED,0.134,0.13,0.164,0.152,True,True,False,OUT
U_1b20a448cf,O-5,RESIDENT,IN,BHIM,ISSUER_03,True,True,OFF,2025-12-02,STD,0.408,0.102,0.14,0.223,False,True,True,OUT
U_a24ed6f6d8,O-5,RESIDENT,IN,GPAY,ISSUER_08,True,False,ON,2025-07-06,STD,0.725,0.101,0.142,0.285,True,True,False,OUT
U_7574418b1d,O-2,RESIDENT,IN,BHIM,ISSUER_07,True,True,OFF,2026-06-18,STD,0.38,-0.262,0.485,-0.1,True,True,True,OUT
U_29185108f4,O-3,RESIDENT,IN,PHONEPE,ISSUER_05,True,True,ON,2025-03-09,STD,0.62,0.262,0.132,0.041,True,False,True,OUT
U_30cd5a5a5c,O-2,RESIDENT,IN,BHIM,ISSUER_10,True,True,ON,2025-01-04,STD,0.292,0.6,0.237,0.186,False,False,True,OUT
U_f74804270c,O-3,RESIDENT,IN,GPAY,ISSUER_09,True,True,ON,2025-06-24,STD,0.707,-0.017,0.445,-0.059,True,False,True,OUT
U_9239873cce,O-2,RESIDENT,IN,BHIM,ISSUER_02,False,True,OFF,2024-10-20,STD,0.922,0.09,0.458,0.06,True,False,False,OUT
U_dca703199f,O-1,RESIDENT,IN,GPAY,ISSUER_06,True,True,ON,2025-12-20,STD,0.444,0.093,0.346,-0.144,True,True,True,OUT
U_c1660d84cb,O-3,RESIDENT,IN,GPAY,ISSUER_09,True,True,OFF,2026-05-30,STD,0.299,0.104,0.331,0.144,True,True,True,OUT
U_fc8bca1da5,O-3,RESIDENT,IN,PHONEPE,ISSUER_09,True,True,OFF,2026-07-22,STD,0.492,0.019,0.216,0.219,True,True,False,OUT
U_2a198224e0,O-1,RESIDENT,IN,PHONEPE,ISSUER_04,True,True,ON,2025-07-27,STD,0.155,0.13,0.143,-0.15,True,True,True,OUT
U_8857d3b469,O-2,RESIDENT,IN,BHIM,ISSUER_10,True,True,OFF,2025-03-13,STD,0.548,-0.075,0.502,-0.15,True,True,True,OUT
U_5adf640d9e,O-2,RESIDENT,IN,GPAY,ISSUER_12,True,True,ON,2024-08-15,STD,0.881,-0.19,0.392,0.1,True,True,False,OUT
U_9cb2797c15,O-3,RESIDENT,IN,GPAY,ISSUER_09,True,True,ON,2025-12-15,STD,0.695,0.232,0.216,-0.024,True,False,True,OUT
U_e3bec5de11,O-3,RESIDENT,IN,BHIM,ISSUER_12,True,True,OFF,2025-10-29,STD,0.871,0.144,0.312,0.052,False,False,True,OUT
U_7b9ccedc71,O-3,RESIDENT,IN,GPAY,ISSUER_04,True,True,ON,2024-11-13,STD,0.409,-0.049,0.391,-0.15,True,False,True,OUT
U_2fb9300a77,O-5,RESIDENT,IN,BHIM,ISSUER_08,False,True,ON,2025-04-15,STD,0.612,-0.073,0.505,-0.113,True,False,True,OUT
U_cfa5fb24a3,O-5,RESIDENT,IN,GPAY,ISSUER_07,True,True,ON,2025-06-07,STD,0.713,-0.08,0.713,-0.15,False,False,True,OUT
U_f4313ebb6a,O-2,RESIDENT,IN,BHIM,ISSUER_01,True,True,ON,2025-12-07,STD,0.571,0.05,0.158,-0.006,True,True,True,OUT
U_7e4a52b460,O-5,RESIDENT,IN,BHIM,ISSUER_05,True,True,OFF,2024-12-10,STD,0.897,-0.129,0.322,0.213,True,True,False,OUT
U_dba4b5cc1f,O-1,RESIDENT,IN,PHONEPE,ISSUER_02,True,True,ON,2025-05-07,STD,0.763,0.002,0.228,-0.147,True,True,True,OUT
U_d141b760d1,O-2,RESIDENT,IN,GPAY,ISSUER_09,True,True,OFF,2025-08-29,STD,0.6,-0.134,0.187,0.116,True,True,True,OUT
U_5e497c9015,O-5,RESIDENT,IN,GPAY,ISSUER_03,True,False,OFF,2026-04-02,STD,0.557,0.116,0.236,-0.15,True,True,True,OUT
U_1339265dbc,O-5,RESIDENT,IN,BHIM,ISSUER_11,True,True,OFF,2026-03-29,STD,0.283,0.007,0.174,0.037,True,True,True,OUT
U_2831d20432,O-5,RESIDENT,IN,GPAY,ISSUER_05,True,True,ON,2025-02-07,STD,0.329,-0.064,0.773,-0.15,True,True,False,OUT
U_461c89df95,O-6,RESIDENT,IN,PHONEPE,ISSUER_09,True,False,OFF,2024-12-25,STD,0.52,0.423,0.142,0.32,True,True,False,OUT
U_f533e22207,O-1,RESIDENT,IN,PHONEPE,ISSUER_12,True,True,ON,2026-01-15,STD,0.62,0.252,0.042,-0.15,False,False,True,OUT
U_8b2a13c2e4,O-6,RESIDENT,IN,GPAY,ISSUER_11,True,False,OFF,2025-06-24,STD,0.585,0.513,0.321,0.069,True,True,False,OUT
U_bd91bdf1eb,O-5,RESIDENT,IN,PHONEPE,ISSUER_04,True,True,ON,2026-03-27,STD,0.628,-0.127,0.505,-0.049,True,True,True,OUT
U_1742e28700,O-6,RESIDENT,IN,GPAY,ISSUER_08,True,False,OFF,2025-05-10,STD,0.611,-0.18,0.463,-0.15,False,False,True,OUT
U_56dc0b439c,O-1,RESIDENT,IN,PHONEPE,ISSUER_04,True,True,ON,2026-04-17,STD,0.562,0.215,0.129,-0.017,True,True,False,OUT
U_44c00061ff,O-3,RESIDENT,IN,GPAY,ISSUER_10,True,True,OFF,2025-08-30,STD,0.134,0.224,0.214,-0.056,True,True,False,OUT
U_3d455b7b53,O-1,RESIDENT,IN,GPAY,ISSUER_04,True,True,ON,2026-06-03,STD,0.339,0.386,0.423,-0.104,False,True,False,OUT
U_4875e928d9,O-1,RESIDENT,IN,PHONEPE,ISSUER_12,True,False,ON,2025-01-21,STD,0.319,0.331,0.099,0.015,True,True,True,OUT
U_fe10b582b8,O-5,RESIDENT,IN,GPAY,ISSUER_03,True,True,ON,2025-02-23,STD,0.277,0.39,0.126,0.109,True,True,True,OUT
U_04b13c4c4a,O-2,RESIDENT,IN,PHONEPE,ISSUER_09,True,True,OFF,2026-04-08,STD,0.695,-0.098,0.428,-0.102,True,False,False,OUT
U_ea60e9168e,O-5,RESIDENT,IN,PHONEPE,ISSUER_03,True,True,OFF,2025-11-13,STD,0.768,0.142,0.175,-0.073,True,False,False,OUT
U_ca1598cfe1,O-2,RESIDENT,IN,GPAY,ISSUER_11,True,False,ON,2025-09-18,STD,0.196,0.322,0.099,-0.093,True,True,False,OUT
U_ae37c5d8cf,O-1,RESIDENT,IN,PHONEPE,ISSUER_07,True,True,ON,2024-10-24,STD,0.812,0.405,0.451,-0.08,False,True,False,OUT
U_061aa18b6d,O-1,RESIDENT,IN,GPAY,ISSUER_03,True,True,ON,2026-03-04,STD,0.405,0.072,0.404,0.037,True,False,True,OUT
U_ceae7eef9a,O-3,RESIDENT,IN,PHONEPE,ISSUER_11,True,True,ON,2026-06-26,STD,0.424,-0.249,0.43,0.025,True,True,False,OUT
U_3847795879,O-5,RESIDENT,IN,BHIM,ISSUER_03,True,True,OFF,2025-07-19,STD,0.184,0.339,0.316,0.21,True,True,True,OUT
U_c1a6b29ed6,O-1,RESIDENT,IN,PHONEPE,ISSUER_10,True,True,ON,2026-05-13,STD,0.548,-0.056,0.175,0.153,True,True,False,OUT
U_74e8fdffac,O-2,RESIDENT,IN,GPAY,ISSUER_08,False,True,ON,2026-01-18,STD,0.406,-0.332,0.388,0.06,True,False,False,OUT
U_47245d0369,O-3,RESIDENT,IN,PHONEPE,ISSUER_01,True,False,ON,2025-02-20,STD,0.698,-0.327,0.432,0.184,True,True,True,OUT
U_c84125ec03,O-1,RESIDENT,IN,PHONEPE,ISSUER_11,True,True,ON,2026-06-12,STD,0.532,0.144,0.329,-0.033,True,True,False,OUT
U_c3a0b3a700,O-1,RESIDENT,IN,PHONEPE,ISSUER_09,True,True,ON,2025-12-16,STD,0.729,-0.005,0.603,-0.12,True,True,True,OUT
U_c2b785a3c8,O-2,RESIDENT,IN,PHONEPE,ISSUER_08,True,True,OFF,2024-11-10,STD,0.723,-0.027,0.47,-0.15,True,True,True,OUT
U_c17aafe450,O-1,RESIDENT,IN,PHONEPE,ISSUER_03,True,True,ON,2025-12-26,STD,0.557,-0.092,0.594,0.088,True,True,True,OUT
U_b533f5c1b6,O-1,RESIDENT,IN,GPAY,ISSUER_04,False,True,ON,2025-04-10,STD,0.239,0.246,0.221,-0.086,True,True,False,OUT
U_ad6c58eb7c,O-1,RESIDENT,IN,BHIM,ISSUER_09,True,True,ON,2026-03-30,STD,0.724,0.39,0.245,-0.082,False,True,True,OUT
U_8a0df22cd1,O-1,RESIDENT,IN,BHIM,ISSUER_02,True,True,ON,2026-04-12,STD,0.286,0.01,0.146,0.044,True,True,True,OUT
U_870c5b76f1,O-1,RESIDENT,IN,BHIM,ISSUER_11,True,True,ON,2026-01-17,STD,0.549,0.175,0.37,0.212,True,True,False,OUT
U_2369fb107a,O-6,RESIDENT,IN,BHIM,ISSUER_10,False,True,OFF,2025-06-08,STD,0.564,0.234,0.255,0.002,False,False,True,OUT
U_eef28fdee6,O-5,RESIDENT,IN,BHIM,ISSUER_02,True,False,OFF,2025-02-01,STD,0.614,0.136,0.275,0.041,True,True,False,OUT
U_bec0b60379,O-1,RESIDENT,IN,BHIM,ISSUER_11,True,True,ON,2025-01-27,STD,0.592,0.16,0.33,0.041,True,True,False,OUT
U_9d375eefaa,O-4,RESIDENT,IN,BHIM,ISSUER_01,True,True,ON,2026-01-07,STD,0.426,0.017,0.076,0.003,False,True,False,OUT
U_01470a1f5a,O-6,RESIDENT,IN,BHIM,ISSUER_09,False,True,OFF,2025-03-18,STD,0.66,0.224,0.23,-0.146,True,True,True,OUT
U_660e8577fb,O-2,RESIDENT,IN,GPAY,ISSUER_01,True,True,ON,2026-02-19,STD,0.347,0.317,0.134,-0.05,True,False,True,OUT
U_c0ea74a57a,O-1,RESIDENT,IN,BHIM,ISSUER_12,True,True,ON,2024-11-08,STD,0.583,0.013,0.356,-0.15,True,True,True,OUT
U_5371316866,O-3,RESIDENT,IN,PHONEPE,ISSUER_12,True,True,OFF,2024-09-19,STD,0.521,0.333,0.241,-0.15,False,True,True,OUT
U_b49dc867fa,O-6,RESIDENT,IN,PHONEPE,ISSUER_07,True,False,OFF,2025-07-29,STD,0.803,0.149,0.087,0.027,True,False,False,OUT
U_c9372b460a,O-1,RESIDENT,IN,GPAY,ISSUER_12,True,True,ON,2025-01-20,STD,0.116,0.097,0.092,0.223,True,True,False,OUT
U_3adef1cbcb,O-6,RESIDENT,IN,BHIM,ISSUER_07,False,False,OFF,2024-09-06,STD,0.749,0.354,0.4,-0.15,True,True,True,OUT
U_8b4c59baab,O-5,RESIDENT,IN,BHIM,ISSUER_02,True,True,OFF,2025-12-31,STD,0.582,0.032,0.434,0.093,True,True,False,OUT
U_d2bad7d3cc,O-2,RESIDENT,IN,PHONEPE,ISSUER_08,True,True,ON,2025-03-20,STD,0.679,0.159,0.451,-0.15,True,True,True,OUT
U_b1d4c8cb85,O-6,RESIDENT,IN,GPAY,ISSUER_10,False,True,OFF,2024-10-24,STD,0.441,-0.259,0.126,0.014,True,False,True,OUT
U_788d9886cd,O-1,RESIDENT,IN,BHIM,ISSUER_08,True,True,ON,2025-12-17,STD,0.346,0.49,0.136,0.305,False,True,False,OUT
U_a10ff721bb,O-6,RESIDENT,IN,BHIM,ISSUER_10,True,False,OFF,2025-04-12,STD,0.828,0.179,0.474,-0.115,True,True,False,OUT
U_5d90dbadf5,O-2,RESIDENT,IN,GPAY,ISSUER_09,True,True,OFF,2026-03-12,ELEVATED,0.893,0.135,0.169,0.158,False,True,False,OUT
U_1b9f744189,O-2,RESIDENT,IN,BHIM,ISSUER_04,True,True,OFF,2025-04-21,STD,0.614,0.2,0.085,-0.148,True,False,False,OUT
U_1a68a1360d,O-3,RESIDENT,IN,BHIM,ISSUER_10,True,True,OFF,2025-12-24,STD,0.657,0.007,0.189,0.178,True,False,True,OUT
U_a8aafb231b,O-4,RESIDENT,IN,PHONEPE,ISSUER_06,True,True,OFF,2025-08-13,STD,0.279,-0.081,0.591,0.025,True,True,True,OUT
U_fd2d47f34c,O-3,RESIDENT,IN,PHONEPE,ISSUER_07,True,True,ON,2025-09-07,STD,0.403,0.399,0.551,-0.12,True,False,False,OUT
U_199b97172c,O-3,RESIDENT,IN,PHONEPE,ISSUER_03,True,True,ON,2025-05-01,STD,0.342,0.445,0.132,0.132,True,False,False,OUT
U_9689e4bdaa,O-2,RESIDENT,IN,BHIM,ISSUER_09,True,False,ON,2025-03-16,STD,0.382,-0.085,0.523,0.042,True,True,True,OUT
U_d8224f9a0f,O-5,RESIDENT,IN,GPAY,ISSUER_05,True,True,ON,2026-03-26,STD,0.503,-0.01,0.514,0.039,True,True,True,OUT
U_8322428d03,O-2,RESIDENT,IN,BHIM,ISSUER_04,True,True,ON,2025-01-07,STD,0.67,0.512,0.151,0.058,True,False,False,OUT
U_193c65bdda,O-4,RESIDENT,IN,GPAY,ISSUER_06,True,True,ON,2025-06-18,STD,0.845,0.135,0.136,0.028,False,True,True,OUT
U_222b94f21e,O-1,RESIDENT,IN,GPAY,ISSUER_05,True,True,ON,2024-08-20,STD,0.691,-0.021,0.894,-0.15,True,True,True,OUT
U_6c91572fec,O-1,RESIDENT,IN,GPAY,ISSUER_01,True,True,ON,2026-06-13,STD,0.283,0.199,0.061,0.128,False,True,True,OUT
U_cd443325dd,O-1,RESIDENT,IN,PHONEPE,ISSUER_01,True,True,ON,2025-12-25,STD,0.419,-0.063,0.529,-0.15,True,True,True,OUT
U_2b5f7c2477,O-1,RESIDENT,IN,GPAY,ISSUER_12,True,True,ON,2025-11-16,STD,0.182,0.36,0.091,-0.115,True,False,True,OUT
U_133388d3cc,O-1,RESIDENT,IN,PHONEPE,ISSUER_11,True,True,ON,2025-04-06,STD,0.686,0.23,0.208,0.209,True,True,True,OUT
U_41baa068ec,O-5,RESIDENT,IN,PHONEPE,ISSUER_09,True,True,OFF,2024-10-18,STD,0.801,-0.193,0.234,0.009,False,True,False,OUT
U_fca994155e,O-2,RESIDENT,IN,PHONEPE,ISSUER_01,True,False,ON,2025-10-14,STD,0.409,0.098,0.107,-0.108,True,True,False,OUT
U_40f81fc8f5,O-3,RESIDENT,IN,GPAY,ISSUER_07,True,True,ON,2025-04-13,STD,0.74,0.411,0.278,0.1,True,True,True,OUT
U_19ae21c9c8,O-5,RESIDENT,IN,PHONEPE,ISSUER_12,True,True,OFF,2024-08-15,STD,0.74,0.179,0.344,0.02,True,True,True,OUT
U_ebbe9d2b6e,O-1,RESIDENT,IN,BHIM,ISSUER_10,True,True,ON,2026-06-01,STD,0.967,0.095,0.241,0.07,True,False,True,OUT
U_cce224e3cc,O-1,RESIDENT,IN,GPAY,ISSUER_08,True,True,ON,2025-12-01,STD,0.688,0.187,0.261,-0.15,True,True,False,OUT
U_a74ba73d98,O-5,RESIDENT,IN,PHONEPE,ISSUER_05,False,True,ON,2024-12-11,STD,0.601,0.485,0.314,-0.034,True,False,True,OUT
U_f8a228bcd9,O-1,RESIDENT,IN,GPAY,ISSUER_04,True,True,ON,2025-10-27,STD,0.555,0.383,0.296,0.021,True,True,False,OUT
U_8d6366ac86,O-5,RESIDENT,IN,PHONEPE,ISSUER_01,True,True,ON,2026-02-13,STD,0.3,0.299,0.462,-0.15,True,False,True,OUT
U_c99afdda76,O-2,RESIDENT,IN,PHONEPE,ISSUER_09,True,False,ON,2025-09-02,ELEVATED,0.572,-0.4,0.351,0.082,True,True,True,OUT
U_123470cebe,O-2,RESIDENT,IN,GPAY,ISSUER_04,True,True,ON,2024-11-12,STD,0.182,-0.175,0.217,0.019,True,True,True,OUT
U_5b82e8c5fd,O-1,RESIDENT,IN,BHIM,ISSUER_10,True,True,ON,2025-01-10,STD,0.545,0.46,0.324,0.115,True,True,False,OUT
U_e9dd576ac6,O-5,RESIDENT,IN,BHIM,ISSUER_05,True,True,OFF,2024-12-10,STD,0.231,-0.328,0.157,0.088,False,False,True,OUT
U_9b3b9d6663,O-6,RESIDENT,IN,GPAY,ISSUER_04,False,True,OFF,2025-06-13,STD,0.316,0.016,0.282,-0.019,True,True,False,OUT
U_12fee39790,O-2,RESIDENT,IN,PHONEPE,ISSUER_07,True,True,ON,2024-11-20,STD,0.872,0.4,0.373,-0.116,True,False,True,OUT
U_0e0e1561fa,O-5,RESIDENT,IN,PHONEPE,ISSUER_08,True,True,OFF,2024-12-11,STD,0.483,0.083,0.333,-0.085,True,True,True,OUT
U_15b3676063,O-2,RESIDENT,IN,BHIM,ISSUER_12,True,True,ON,2025-04-23,STD,0.058,0.282,0.259,0.111,True,True,True,OUT
U_9620a54795,O-2,RESIDENT,IN,GPAY,ISSUER_07,True,True,OFF,2025-08-26,ELEVATED,0.315,0.045,0.167,0.049,False,True,True,OUT
U_f7c200b332,O-1,RESIDENT,IN,GPAY,ISSUER_02,True,True,ON,2026-03-22,STD,0.532,0.266,0.249,0.031,True,True,True,OUT
U_e70fb754c1,O-2,RESIDENT,IN,GPAY,ISSUER_05,True,True,OFF,2026-02-13,STD,0.354,0.2,0.085,0.078,True,False,True,OUT
U_a7ed6be9ea,O-3,RESIDENT,IN,GPAY,ISSUER_07,True,True,OFF,2025-02-23,STD,0.578,0.164,0.301,-0.007,True,True,True,OUT
U_0b07939a8a,O-1,RESIDENT,IN,PHONEPE,ISSUER_01,True,True,ON,2024-11-07,STD,0.576,-0.292,0.68,-0.15,True,True,False,OUT
U_505a1c7624,O-4,RESIDENT,IN,BHIM,ISSUER_08,True,True,ON,2026-03-21,STD,0.312,0.276,0.059,0.071,False,False,True,OUT
U_0555b92a13,O-2,RESIDENT,IN,GPAY,ISSUER_08,True,True,ON,2025-03-06,STD,0.273,0.213,0.356,0.019,True,False,False,OUT
U_864eb394e2,O-4,RESIDENT,IN,GPAY,ISSUER_11,True,True,ON,2024-11-10,STD,0.806,0.141,0.126,-0.15,True,True,True,OUT
U_0a1f0196af,O-6,RESIDENT,IN,BHIM,ISSUER_06,False,True,OFF,2026-06-30,STD,0.361,0.282,0.063,-0.099,False,True,False,OUT
U_7626638bb5,O-1,RESIDENT,IN,PHONEPE,ISSUER_08,True,True,ON,2025-06-19,STD,0.412,0.325,0.383,-0.103,True,False,False,OUT
U_17b1555803,O-1,RESIDENT,IN,PHONEPE,ISSUER_10,True,True,ON,2025-10-02,STD,0.364,0.124,0.145,0.229,True,False,True,OUT
U_bf40d4d5a5,O-1,RESIDENT,IN,GPAY,ISSUER_04,True,True,ON,2025-01-27,STD,0.384,0.218,0.12,-0.01,False,True,True,OUT
U_0a73be271e,O-1,RESIDENT,IN,BHIM,ISSUER_08,True,True,ON,2026-06-22,STD,0.863,-0.262,0.786,-0.128,True,True,False,OUT
U_498bb90ef4,O-5,RESIDENT,IN,GPAY,ISSUER_03,True,True,OFF,2025-05-23,STD,0.319,-0.061,0.263,0.185,True,False,False,OUT
U_3f9c0b6825,O-4,RESIDENT,IN,GPAY,ISSUER_02,True,False,OFF,2026-07-08,STD,0.234,0.171,0.157,-0.021,True,True,False,OUT
U_c9a39edcc9,O-5,RESIDENT,IN,BHIM,ISSUER_04,True,True,ON,2024-10-30,STD,0.174,-0.126,0.203,0.094,True,True,False,OUT
U_65146315fc,O-3,RESIDENT,IN,PHONEPE,ISSUER_05,True,True,ON,2025-04-12,STD,0.603,0.158,0.145,0.065,True,True,False,OUT
U_386807f002,O-1,RESIDENT,IN,GPAY,ISSUER_08,True,True,ON,2025-03-22,STD,0.242,0.207,0.113,-0.034,True,True,True,OUT
U_89f6d7ad73,O-2,RESIDENT,IN,BHIM,ISSUER_10,True,True,OFF,2026-07-01,STD,0.507,-0.286,0.312,0.096,False,True,True,OUT
U_264be099a7,O-2,RESIDENT,IN,BHIM,ISSUER_11,True,True,OFF,2025-11-10,STD,0.34,-0.003,0.045,0.342,True,False,False,OUT
U_af235335cd,O-1,RESIDENT,IN,PHONEPE,ISSUER_04,True,True,ON,2025-07-05,STD,0.534,-0.098,0.295,-0.025,True,False,False,OUT
U_9f8ab68525,O-2,RESIDENT,IN,BHIM,ISSUER_11,True,True,ON,2026-06-20,STD,0.411,0.05,0.353,0.071,True,False,False,OUT
U_5eee65a61e,O-1,RESIDENT,IN,BHIM,ISSUER_12,True,True,ON,2025-10-05,STD,0.085,0.391,0.116,0.221,True,True,True,OUT
U_9e17bff7bc,O-3,RESIDENT,IN,PHONEPE,ISSUER_06,True,True,ON,2024-08-14,STD,0.381,-0.064,0.04,0.179,True,False,True,OUT
U_1c9e35b8b0,O-3,RESIDENT,IN,GPAY,ISSUER_09,True,True,ON,2026-02-09,STD,0.594,0.103,0.101,0.284,True,False,True,OUT
U_735721a965,O-3,RESIDENT,IN,PHONEPE,ISSUER_08,True,True,ON,2025-10-11,STD,0.93,0.234,0.196,0.064,True,False,False,OUT
U_24959f8de0,O-6,RESIDENT,IN,GPAY,ISSUER_10,True,True,OFF,2026-04-04,STD,0.225,0.161,0.316,-0.047,True,True,True,OUT
U_34f75339bf,O-5,RESIDENT,IN,PHONEPE,ISSUER_02,True,True,ON,2025-01-22,STD,0.099,-0.158,0.224,0.082,True,False,True,OUT
U_24ceb06579,O-3,RESIDENT,IN,BHIM,ISSUER_09,True,True,ON,2024-08-17,STD,0.578,0.232,0.17,-0.057,True,True,True,OUT
U_a0c1af29b2,O-6,RESIDENT,IN,BHIM,ISSUER_12,False,True,OFF,2025-09-05,STD,0.52,0.188,0.448,-0.117,True,False,True,OUT
U_7c358270e9,O-1,RESIDENT,IN,PHONEPE,ISSUER_03,True,True,ON,2026-06-06,STD,0.318,0.315,0.289,-0.089,True,True,True,OUT
U_c6d7f574df,O-6,RESIDENT,IN,BHIM,ISSUER_05,True,True,OFF,2025-08-29,ELEVATED,0.595,0.141,0.111,0.013,True,True,True,OUT
U_f0cd833bbf,O-2,RESIDENT,IN,GPAY,ISSUER_06,True,True,ON,2026-01-26,STD,0.487,0.167,0.313,-0.15,True,True,True,OUT
U_081bcf5917,O-4,RESIDENT,IN,PHONEPE,ISSUER_02,True,False,ON,2025-10-23,STD,0.16,0.13,0.158,-0.006,True,True,False,OUT
U_6429f34d25,O-2,RESIDENT,IN,BHIM,ISSUER_07,True,True,OFF,2025-06-26,STD,0.866,-0.063,0.229,0.02,True,True,False,OUT
U_80a5ac40c8,O-1,RESIDENT,IN,PHONEPE,ISSUER_07,True,False,ON,2024-10-24,STD,0.073,-0.104,0.307,0.038,False,True,True,OUT
U_664eb7d126,O-3,RESIDENT,IN,BHIM,ISSUER_08,False,True,OFF,2026-05-12,STD,0.546,0.34,0.015,-0.111,True,True,False,OUT
U_2ad01f4c8c,O-1,RESIDENT,IN,BHIM,ISSUER_12,False,True,ON,2025-11-10,STD,0.4,0.073,0.239,0.12,False,True,False,OUT
U_ed3535d91f,O-5,RESIDENT,IN,GPAY,ISSUER_04,True,True,OFF,2025-02-26,STD,0.469,0.065,0.178,-0.15,True,True,True,OUT
U_315a8b83a6,O-3,RESIDENT,IN,GPAY,ISSUER_07,True,True,ON,2026-02-22,STD,0.238,0.038,0.43,-0.127,True,True,True,OUT
U_33f081fdfd,O-2,RESIDENT,IN,BHIM,ISSUER_09,False,True,OFF,2025-09-30,STD,0.25,-0.155,0.95,-0.15,True,True,True,OUT
U_6a086a3ebd,O-2,RESIDENT,IN,PHONEPE,ISSUER_10,True,True,ON,2024-09-17,STD,0.668,0.339,0.051,0.242,True,False,False,OUT
U_66e0bc18f2,O-5,RESIDENT,IN,GPAY,ISSUER_03,True,True,OFF,2026-01-09,STD,0.139,0.408,0.244,-0.126,True,True,False,OUT
U_efcd7b8b0d,O-1,RESIDENT,IN,BHIM,ISSUER_02,True,False,ON,2025-02-13,STD,0.914,-0.233,0.573,-0.096,False,False,True,OUT
U_3fbd9e4444,O-1,RESIDENT,IN,BHIM,ISSUER_08,True,True,ON,2025-05-09,STD,0.534,0.228,0.206,-0.15,True,False,True,OUT
U_bc4fc5ebe1,O-1,RESIDENT,IN,BHIM,ISSUER_03,False,True,ON,2026-03-21,STD,0.456,0.159,0.069,0.009,True,True,False,OUT
U_ad4427ea90,O-5,RESIDENT,IN,GPAY,ISSUER_05,True,True,ON,2026-07-04,STD,0.361,0.205,0.317,-0.15,True,True,True,OUT
U_8af33d18d3,O-2,RESIDENT,IN,GPAY,ISSUER_08,True,False,ON,2026-03-19,STD,0.282,0.253,0.244,-0.055,False,True,True,OUT
U_7d57d43ced,O-2,RESIDENT,IN,GPAY,ISSUER_04,True,True,ON,2025-05-06,STD,0.222,-0.333,0.696,-0.054,True,True,True,OUT
U_cba9d2c3db,O-2,RESIDENT,IN,BHIM,ISSUER_04,True,True,OFF,2024-09-17,STD,0.511,0.09,0.192,-0.041,True,True,True,OUT
U_4849f61d94,O-1,RESIDENT,IN,BHIM,ISSUER_09,True,True,ON,2026-05-05,STD,0.456,0.311,0.231,0.066,True,True,True,OUT
U_34a05cef14,O-1,RESIDENT,IN,GPAY,ISSUER_12,True,False,ON,2025-08-27,STD,0.274,-0.073,0.099,-0.001,True,True,False,OUT
U_18d410a810,O-1,RESIDENT,IN,BHIM,ISSUER_03,True,True,ON,2026-06-15,STD,0.525,0.077,0.122,0.076,True,False,False,OUT
U_5c21bc24de,O-3,RESIDENT,IN,BHIM,ISSUER_09,True,True,ON,2026-05-04,STD,0.576,0.165,0.326,0.023,True,True,False,OUT
U_19ef60d005,O-2,RESIDENT,IN,BHIM,ISSUER_05,True,True,OFF,2026-06-12,STD,0.338,0.237,0.288,-0.042,True,True,True,OUT
U_202f3ffa58,O-4,RESIDENT,IN,BHIM,ISSUER_01,True,True,ON,2025-04-06,ELEVATED,0.103,-0.023,0.715,-0.037,True,True,True,OUT
U_b653ee2bdf,O-6,RESIDENT,IN,PHONEPE,ISSUER_09,False,False,OFF,2025-06-14,STD,0.528,-0.037,0.41,-0.034,True,True,False,OUT
U_7fae3f3651,O-2,RESIDENT,IN,PHONEPE,ISSUER_01,True,True,ON,2026-04-14,STD,0.466,0.451,0.55,-0.15,True,True,False,OUT
U_a16a7c187d,O-1,RESIDENT,IN,GPAY,ISSUER_06,True,True,ON,2026-06-30,STD,0.733,-0.269,0.735,-0.003,True,True,True,OUT
U_2b5bb52ba3,O-1,RESIDENT,IN,PHONEPE,ISSUER_05,True,True,ON,2025-02-26,STD,0.867,0.338,0.203,0.004,True,True,True,OUT
U_3ae5c00b59,O-5,RESIDENT,IN,GPAY,ISSUER_04,True,True,OFF,2024-09-15,STD,0.485,-0.014,0.863,-0.15,True,True,True,OUT
U_3c425b399a,O-2,RESIDENT,IN,GPAY,ISSUER_11,True,False,ON,2026-01-17,STD,0.729,0.011,0.164,0.043,True,True,True,OUT
U_1f28249ee9,O-2,RESIDENT,IN,BHIM,ISSUER_05,True,True,ON,2026-01-01,STD,0.325,0.016,0.099,0.251,True,False,True,OUT
U_3d75613782,O-3,RESIDENT,IN,PHONEPE,ISSUER_09,True,True,ON,2026-05-30,STD,0.453,0.153,0.21,-0.057,True,True,False,OUT
U_f055d8185a,O-6,RESIDENT,IN,PHONEPE,ISSUER_06,False,True,OFF,2025-09-03,STD,0.733,0.141,0.35,-0.15,True,False,True,OUT
U_897e5d3639,O-3,RESIDENT,IN,PHONEPE,ISSUER_05,True,True,ON,2025-07-25,STD,0.432,0.22,0.408,-0.15,True,False,True,OUT
U_b797f3d8b1,O-4,RESIDENT,IN,GPAY,ISSUER_07,True,True,OFF,2025-10-29,STD,0.972,-0.234,0.538,0.01,True,False,False,OUT
U_178ad0ddfe,O-3,RESIDENT,IN,PHONEPE,ISSUER_10,True,True,OFF,2024-10-26,STD,0.977,0.076,0.312,-0.081,True,False,True,OUT
U_4e4fd5afd2,O-4,RESIDENT,IN,PHONEPE,ISSUER_06,False,True,ON,2025-08-17,STD,0.515,0.067,0.343,0.006,True,True,True,OUT
U_333b326852,O-4,RESIDENT,IN,BHIM,ISSUER_10,True,True,OFF,2025-07-23,STD,0.728,0.172,0.299,-0.098,False,True,False,OUT
U_d9a2a89fe3,O-3,RESIDENT,IN,PHONEPE,ISSUER_04,True,False,ON,2024-08-11,STD,0.218,0.377,0.281,-0.141,False,True,True,OUT
U_a6b4958d47,O-2,RESIDENT,IN,PHONEPE,ISSUER_09,True,False,OFF,2025-07-21,STD,0.094,-0.151,0.352,-0.025,True,True,False,OUT
U_208ffa9c54,O-5,RESIDENT,IN,PHONEPE,ISSUER_10,True,True,OFF,2024-12-03,STD,0.74,-0.099,0.532,-0.102,False,True,True,OUT
U_f6e9a34b63,O-2,RESIDENT,IN,GPAY,ISSUER_09,True,True,ON,2025-12-19,STD,0.334,-0.099,0.95,-0.15,True,False,True,OUT
U_8974a91529,O-2,RESIDENT,IN,BHIM,ISSUER_11,True,True,OFF,2025-09-06,STD,0.457,0.432,0.396,0.013,True,True,False,OUT
U_f961712c97,O-3,RESIDENT,IN,BHIM,ISSUER_08,True,True,OFF,2025-09-28,STD,0.402,-0.239,0.563,-0.15,True,True,True,OUT
U_d1f06cdfed,O-2,RESIDENT,IN,GPAY,ISSUER_03,True,True,ON,2024-08-22,STD,0.248,-0.02,0.467,0.002,True,False,True,OUT
U_730b42db6c,O-1,RESIDENT,IN,GPAY,ISSUER_01,True,True,ON,2025-01-31,STD,0.466,-0.024,0.247,0.02,True,False,True,OUT
U_919fc055f9,O-2,RESIDENT,IN,BHIM,ISSUER_06,True,True,OFF,2025-09-30,STD,0.646,-0.184,0.449,-0.01,True,True,False,OUT
U_caf65c70e8,O-4,RESIDENT,IN,PHONEPE,ISSUER_08,True,True,ON,2026-02-20,STD,0.252,-0.113,0.137,0.091,True,True,True,OUT
U_39b2aa10ae,O-5,RESIDENT,IN,PHONEPE,ISSUER_11,True,False,ON,2026-02-25,STD,0.61,0.233,0.235,-0.02,True,True,False,OUT
U_b937280e59,O-1,RESIDENT,IN,GPAY,ISSUER_09,True,True,ON,2024-11-27,STD,0.665,-0.016,0.593,-0.056,True,True,True,OUT
U_7689ce31c4,O-3,RESIDENT,IN,PHONEPE,ISSUER_12,True,False,OFF,2026-06-07,STD,0.77,0.127,0.203,-0.117,True,False,False,OUT
U_9afa4b0a9d,O-2,RESIDENT,IN,GPAY,ISSUER_06,True,True,OFF,2025-02-04,STD,0.554,-0.064,0.798,-0.15,True,False,False,OUT
U_6de7fcab2f,O-1,RESIDENT,IN,PHONEPE,ISSUER_12,True,True,ON,2026-07-20,STD,0.067,0.025,0.306,-0.1,True,True,True,OUT
U_55fc891e48,O-2,RESIDENT,IN,BHIM,ISSUER_11,True,False,ON,2026-01-19,STD,0.257,0.135,0.148,0.025,True,False,False,OUT
U_6098c63c37,O-1,RESIDENT,IN,GPAY,ISSUER_01,True,True,ON,2026-05-12,STD,0.286,-0.165,0.239,0.048,True,True,False,OUT
U_085b1edbe5,O-1,RESIDENT,IN,BHIM,ISSUER_11,True,False,ON,2025-05-16,STD,0.083,0.241,0.233,0.079,True,False,True,OUT
U_cac3615852,O-5,RESIDENT,IN,BHIM,ISSUER_07,True,True,OFF,2024-12-01,STD,0.439,0.167,0.435,0.07,True,True,False,OUT
U_408b99b443,O-3,RESIDENT,IN,BHIM,ISSUER_12,True,False,OFF,2025-04-24,STD,0.646,0.087,0.213,-0.033,True,True,True,OUT
U_86c135d8c5,O-6,RESIDENT,IN,GPAY,ISSUER_04,False,False,OFF,2024-08-16,STD,0.272,0.6,0.268,0.029,True,False,True,OUT
U_10241fdea7,O-3,RESIDENT,IN,GPAY,ISSUER_04,True,True,ON,2024-11-23,STD,0.625,-0.339,0.467,-0.15,True,True,False,OUT
U_9bad06305f,O-1,RESIDENT,IN,PHONEPE,ISSUER_08,True,True,ON,2026-03-21,STD,0.538,0.261,0.171,0.067,True,True,False,OUT
U_879fedf377,O-1,RESIDENT,IN,PHONEPE,ISSUER_07,True,True,ON,2025-06-09,STD,0.875,-0.248,0.236,-0.007,False,True,True,OUT
U_57a4fd365c,O-4,RESIDENT,IN,GPAY,ISSUER_07,True,False,ON,2026-02-27,STD,0.844,0.087,0.247,0.165,True,True,False,OUT
U_5c45224133,O-2,RESIDENT,IN,BHIM,ISSUER_11,True,False,OFF,2024-10-31,STD,0.451,0.191,0.259,-0.15,False,True,False,OUT
U_1de2d6e5cb,O-6,RESIDENT,IN,GPAY,ISSUER_08,False,False,OFF,2025-01-23,STD,0.422,-0.208,0.34,-0.037,True,False,False,OUT
U_56955c76eb,O-5,RESIDENT,IN,GPAY,ISSUER_05,True,True,OFF,2025-05-17,STD,0.238,0.016,0.119,-0.031,True,True,False,OUT
U_92b3f648ab,O-6,RESIDENT,IN,BHIM,ISSUER_10,False,False,OFF,2025-02-16,STD,0.526,0.347,0.31,-0.023,True,True,True,OUT
U_ebcab49547,O-1,RESIDENT,IN,PHONEPE,ISSUER_10,True,True,ON,2026-01-08,STD,0.418,0.098,0.036,-0.15,True,True,True,OUT
U_5937994911,O-4,RESIDENT,IN,PHONEPE,ISSUER_12,True,True,ON,2026-07-25,STD,0.135,-0.294,0.768,-0.127,True,True,True,OUT
U_f5c009d3a5,O-5,RESIDENT,IN,PHONEPE,ISSUER_06,True,True,OFF,2025-06-28,STD,0.641,-0.255,0.355,0.057,True,False,True,OUT
U_cec5002ca0,O-2,RESIDENT,IN,GPAY,ISSUER_04,True,True,ON,2024-10-16,STD,0.519,0.287,0.344,-0.147,True,False,True,OUT
U_1a228e8e19,O-1,RESIDENT,IN,PHONEPE,ISSUER_01,True,True,ON,2025-07-20,STD,0.558,0.011,0.16,0.202,True,False,True,OUT
U_9316e90c2f,O-5,RESIDENT,IN,BHIM,ISSUER_07,True,True,OFF,2026-01-21,STD,0.703,0.071,0.2,-0.086,True,False,True,OUT
U_3092e4751c,O-1,RESIDENT,IN,PHONEPE,ISSUER_05,False,True,ON,2025-02-06,STD,0.388,-0.078,0.36,-0.136,True,False,True,OUT
U_378af55291,O-1,RESIDENT,IN,GPAY,ISSUER_02,True,True,ON,2024-10-22,STD,0.257,0.027,0.144,-0.029,True,False,True,OUT
U_c636364515,O-1,RESIDENT,IN,GPAY,ISSUER_11,True,True,ON,2025-06-03,STD,0.517,-0.037,0.322,0.071,True,True,True,OUT
U_74674bc1b5,O-6,RESIDENT,IN,PHONEPE,ISSUER_10,False,False,OFF,2026-07-28,STD,0.473,-0.159,0.785,-0.15,True,False,True,OUT
U_034cf4ce6f,O-2,RESIDENT,IN,GPAY,ISSUER_05,True,False,OFF,2024-11-20,STD,0.244,0.1,0.317,-0.039,True,False,True,OUT
U_d0c44c7c56,O-3,RESIDENT,IN,GPAY,ISSUER_02,True,True,ON,2026-06-10,STD,0.696,0.351,0.242,-0.131,True,False,True,OUT
U_836ff7df75,O-4,RESIDENT,IN,BHIM,ISSUER_10,True,True,ON,2025-09-01,STD,0.828,0.166,0.415,0.018,True,False,False,OUT
U_1d4dfdaa00,O-1,RESIDENT,IN,BHIM,ISSUER_12,True,True,ON,2025-12-20,STD,0.356,-0.072,0.702,0.008,False,True,False,OUT
U_5c58757fe0,O-6,RESIDENT,IN,GPAY,ISSUER_06,False,False,OFF,2026-07-17,STD,0.699,0.01,0.158,0.071,True,True,True,OUT
U_1569f41384,O-6,RESIDENT,IN,GPAY,ISSUER_04,True,True,OFF,2024-12-06,STD,0.893,-0.155,0.847,-0.15,True,True,False,OUT
U_1350b0ad8d,O-3,RESIDENT,IN,PHONEPE,ISSUER_07,True,True,ON,2025-11-15,STD,0.215,0.287,0.35,-0.014,True,True,False,OUT
U_701c7b723f,O-4,RESIDENT,IN,BHIM,ISSUER_04,True,True,OFF,2024-09-28,STD,0.782,0.126,0.394,-0.143,False,True,True,OUT
U_222b6db881,O-3,RESIDENT,IN,PHONEPE,ISSUER_10,True,True,OFF,2025-11-24,STD,0.61,0.24,0.356,-0.01,True,False,False,OUT
U_9797cd0ebb,O-1,RESIDENT,IN,PHONEPE,ISSUER_11,True,True,ON,2024-09-24,STD,0.288,0.065,0.413,-0.121,True,False,False,OUT
U_b0fc02770c,O-1,RESIDENT,IN,PHONEPE,ISSUER_10,True,True,ON,2026-07-24,STD,0.215,0.094,0.462,-0.106,True,False,True,OUT
U_e258667ec0,O-4,RESIDENT,IN,BHIM,ISSUER_03,True,True,OFF,2026-01-27,STD,0.496,0.146,0.137,0.034,False,False,True,OUT
U_4fd9030ccf,O-1,RESIDENT,IN,GPAY,ISSUER_07,True,True,ON,2025-07-28,STD,0.094,0.182,0.257,-0.041,True,True,True,OUT
U_f195920899,O-1,RESIDENT,IN,PHONEPE,ISSUER_03,True,True,ON,2025-11-28,STD,0.249,0.109,0.369,-0.109,True,True,False,OUT
U_820f908f99,O-2,RESIDENT,IN,PHONEPE,ISSUER_05,False,True,ON,2026-06-04,STD,0.306,-0.213,0.354,-0.15,True,True,True,OUT
U_92af56135c,O-3,RESIDENT,IN,PHONEPE,ISSUER_08,True,True,ON,2026-02-12,STD,0.19,0.221,0.118,0.225,True,False,False,OUT
U_3f5ca42636,O-1,RESIDENT,IN,BHIM,ISSUER_06,True,True,ON,2025-12-11,STD,0.146,-0.041,0.889,-0.15,True,False,False,OUT
U_9aebda942d,O-2,RESIDENT,IN,BHIM,ISSUER_05,False,True,ON,2025-09-09,STD,0.204,-0.244,0.555,-0.072,True,False,True,OUT
U_a3dae6ff79,O-6,RESIDENT,IN,PHONEPE,ISSUER_04,False,True,OFF,2026-07-29,STD,0.316,0.065,0.359,0.069,True,True,True,OUT
U_381e766226,O-1,RESIDENT,IN,GPAY,ISSUER_04,True,True,ON,2025-01-16,STD,0.858,0.195,0.176,0.053,True,False,True,OUT
U_db66e0e055,O-5,RESIDENT,IN,PHONEPE,ISSUER_12,True,True,ON,2025-01-11,STD,0.31,-0.098,0.489,-0.15,True,True,False,OUT
U_8302090bf3,O-3,RESIDENT,IN,BHIM,ISSUER_06,True,True,OFF,2026-03-28,STD,0.317,0.217,0.208,-0.131,True,True,False,OUT
U_ac33b0c510,O-2,RESIDENT,IN,BHIM,ISSUER_10,True,True,ON,2026-03-16,STD,0.514,0.033,0.183,0.127,True,False,False,OUT
U_e24705cd33,O-3,RESIDENT,IN,BHIM,ISSUER_10,True,True,OFF,2025-06-09,STD,0.292,0.186,0.178,0.039,True,False,True,OUT
U_2734c35f16,O-2,RESIDENT,IN,BHIM,ISSUER_07,True,True,ON,2024-12-08,STD,0.361,0.266,0.253,0.068,True,False,True,OUT
U_c94fce112a,O-2,RESIDENT,IN,BHIM,ISSUER_04,True,True,ON,2026-07-16,ELEVATED,0.291,-0.236,0.548,-0.15,True,True,False,OUT
U_d295327092,O-2,RESIDENT,IN,GPAY,ISSUER_06,True,True,OFF,2026-04-28,STD,0.199,-0.003,0.686,-0.15,True,True,False,OUT
U_238e0ee2f9,O-5,RESIDENT,IN,PHONEPE,ISSUER_04,False,True,ON,2026-07-15,STD,0.33,0.115,0.186,0.142,True,False,True,OUT
U_94f5b27a60,O-1,RESIDENT,IN,PHONEPE,ISSUER_04,False,True,ON,2025-10-19,STD,0.528,-0.089,0.519,-0.15,True,True,True,OUT
U_ee4f334a33,O-6,RESIDENT,IN,PHONEPE,ISSUER_12,True,True,OFF,2024-10-05,STD,0.628,-0.04,0.077,-0.086,True,True,True,OUT
U_b7c64c6a3d,O-2,RESIDENT,IN,GPAY,ISSUER_05,True,True,OFF,2025-03-27,STD,0.812,0.082,0.349,-0.108,True,True,True,OUT
U_368b061c02,O-3,RESIDENT,IN,PHONEPE,ISSUER_01,False,True,OFF,2025-04-12,STD,0.902,0.347,0.119,-0.15,True,True,False,OUT
U_1bad3547c5,O-1,RESIDENT,IN,GPAY,ISSUER_11,False,True,ON,2025-08-22,STD,0.336,0.561,0.074,0.116,True,True,False,OUT
U_d808080272,O-6,RESIDENT,IN,PHONEPE,ISSUER_11,False,True,OFF,2025-01-04,STD,0.199,0.046,0.421,-0.15,True,False,False,OUT
U_73a600e68c,O-6,RESIDENT,IN,GPAY,ISSUER_05,False,False,OFF,2025-08-05,STD,0.624,0.449,0.472,0.056,False,True,True,OUT
U_fed46ff521,O-2,RESIDENT,IN,PHONEPE,ISSUER_05,True,True,OFF,2025-01-29,STD,0.701,-0.144,0.12,0.124,False,True,True,OUT
U_f28fc944e7,O-6,RESIDENT,IN,BHIM,ISSUER_09,False,False,OFF,2025-02-20,ELEVATED,0.281,0.097,0.259,-0.006,True,True,False,OUT
U_d40f3f0ad8,O-1,RESIDENT,IN,BHIM,ISSUER_08,False,True,ON,2024-09-14,ELEVATED,0.09,-0.086,0.755,0.016,True,True,True,OUT
U_1567fa5e23,O-3,RESIDENT,IN,GPAY,ISSUER_11,True,True,OFF,2025-01-15,STD,0.384,-0.131,0.708,-0.116,True,True,False,OUT
U_058d70b201,O-2,RESIDENT,IN,PHONEPE,ISSUER_04,True,True,OFF,2025-08-04,STD,0.53,0.374,0.162,0.028,True,False,True,OUT
U_368bcdce44,O-2,RESIDENT,IN,GPAY,ISSUER_07,True,True,ON,2024-08-28,STD,0.232,0.387,0.413,0.085,True,False,True,OUT
U_b86731aa1f,O-1,RESIDENT,IN,GPAY,ISSUER_07,True,True,ON,2025-03-13,STD,0.748,0.152,0.138,-0.037,True,False,False,OUT
U_dffa5f0d2d,O-1,RESIDENT,IN,PHONEPE,ISSUER_10,True,True,ON,2025-12-31,STD,0.244,0.1,0.111,0.227,True,True,True,OUT
U_69b85afd6e,O-2,RESIDENT,IN,PHONEPE,ISSUER_04,True,False,OFF,2026-03-27,STD,0.234,0.268,0.095,0.142,False,True,True,OUT
U_79a99877f8,O-2,RESIDENT,IN,BHIM,ISSUER_06,True,True,OFF,2025-11-27,STD,0.301,0.253,0.197,-0.001,True,True,True,OUT
U_a24cb34912,O-3,RESIDENT,IN,BHIM,ISSUER_08,True,True,ON,2025-03-03,STD,0.667,-0.002,0.223,0.003,True,True,False,OUT
U_d27de55665,O-5,RESIDENT,IN,PHONEPE,ISSUER_07,True,True,ON,2024-09-12,STD,0.121,-0.02,0.218,0.055,True,True,True,OUT
U_07a99cc25b,O-5,RESIDENT,IN,GPAY,ISSUER_05,True,True,OFF,2025-02-08,STD,0.697,0.169,0.105,0.052,True,False,False,OUT
U_7bda63e8a8,O-1,RESIDENT,IN,PHONEPE,ISSUER_08,True,True,ON,2026-04-05,STD,0.712,0.107,0.201,0.051,True,False,False,OUT
U_70cb62131a,O-5,RESIDENT,IN,PHONEPE,ISSUER_11,False,True,OFF,2024-09-06,STD,0.53,0.009,0.084,0.082,True,True,False,OUT
U_d11db97bd7,O-6,RESIDENT,IN,GPAY,ISSUER_04,False,False,OFF,2025-09-07,STD,0.347,0.06,0.043,0.167,True,True,True,OUT
U_3fc862abae,O-5,RESIDENT,IN,PHONEPE,ISSUER_06,True,True,OFF,2025-01-12,STD,0.588,-0.128,0.482,0.081,True,True,True,OUT
U_13c9e83b7a,O-2,RESIDENT,IN,GPAY,ISSUER_04,True,True,ON,2025-12-02,STD,0.654,-0.015,0.209,0.252,True,False,False,OUT
U_2c682039ba,O-2,RESIDENT,IN,BHIM,ISSUER_01,True,True,OFF,2025-12-19,STD,0.022,-0.073,0.718,-0.019,True,True,False,OUT
U_2df4062c6f,O-2,RESIDENT,IN,BHIM,ISSUER_07,True,True,ON,2025-05-10,STD,0.276,0.185,0.325,0.01,True,True,False,OUT
U_d79b24cb4b,O-5,RESIDENT,IN,BHIM,ISSUER_06,True,True,ON,2026-01-17,STD,0.371,-0.139,0.287,-0.144,True,True,True,OUT
U_ad68971b2d,O-6,RESIDENT,IN,GPAY,ISSUER_09,False,True,OFF,2024-12-28,STD,0.232,0.067,0.171,-0.045,True,True,False,OUT
U_b3ba125b73,O-6,RESIDENT,IN,PHONEPE,ISSUER_03,False,False,OFF,2025-06-05,STD,0.424,0.241,0.155,0.126,True,True,True,OUT
U_dc0aafba00,O-4,RESIDENT,IN,BHIM,ISSUER_04,True,True,OFF,2026-03-12,STD,0.471,0.117,0.114,0.051,True,True,True,OUT
U_3007f7e92f,O-6,RESIDENT,IN,GPAY,ISSUER_01,False,True,OFF,2025-02-08,STD,0.19,0.412,0.172,0.077,True,False,False,OUT
U_9c9577de0b,O-3,RESIDENT,IN,PHONEPE,ISSUER_01,True,True,OFF,2024-11-09,STD,0.628,-0.305,0.217,-0.048,True,True,True,OUT
U_3d0f390748,O-1,RESIDENT,IN,GPAY,ISSUER_01,True,True,ON,2024-11-09,STD,0.739,0.347,0.13,0.11,False,True,True,OUT
U_1375f16b7e,O-1,RESIDENT,IN,BHIM,ISSUER_07,True,False,ON,2025-08-04,STD,0.754,0.149,0.34,0.166,False,True,True,OUT
U_5a418c00c9,O-1,RESIDENT,IN,GPAY,ISSUER_06,True,True,ON,2025-04-08,STD,0.325,0.228,0.279,-0.014,True,False,False,OUT
U_392796c5e5,O-6,RESIDENT,IN,PHONEPE,ISSUER_02,True,True,OFF,2025-01-12,STD,0.082,0.27,0.369,-0.036,True,True,True,OUT
U_fe2d26c461,O-2,RESIDENT,IN,BHIM,ISSUER_06,True,False,OFF,2025-11-08,STD,0.581,0.052,0.244,0.117,True,True,False,OUT
U_de7832e47b,O-1,RESIDENT,IN,BHIM,ISSUER_07,True,True,ON,2025-06-03,STD,0.64,-0.089,0.307,-0.079,True,False,False,OUT
U_fcf723917c,O-3,RESIDENT,IN,BHIM,ISSUER_12,True,False,OFF,2025-03-16,STD,0.687,0.298,0.257,0.191,False,True,True,OUT
U_39b2c74f68,O-4,RESIDENT,IN,PHONEPE,ISSUER_07,True,True,ON,2025-06-21,STD,0.539,0.315,0.31,-0.134,False,False,False,OUT
U_9c99488119,O-1,RESIDENT,IN,BHIM,ISSUER_05,False,True,ON,2025-06-15,STD,0.318,0.299,0.31,-0.15,True,False,True,OUT
U_1ab3dd611a,O-2,RESIDENT,IN,PHONEPE,ISSUER_07,True,True,OFF,2026-04-09,STD,0.539,0.047,0.099,0.16,True,True,False,OUT
U_8e92d26eb5,O-3,RESIDENT,IN,BHIM,ISSUER_08,False,True,ON,2025-01-29,STD,0.315,-0.172,0.551,0.006,False,True,True,OUT
U_ff3607bb6e,O-1,RESIDENT,IN,BHIM,ISSUER_05,True,True,ON,2026-03-20,STD,0.223,0.263,0.254,-0.028,True,True,True,OUT
U_5992624c6f,O-6,RESIDENT,IN,GPAY,ISSUER_12,False,False,OFF,2025-03-15,STD,0.35,0.214,0.066,0.095,True,True,True,OUT
U_d3b64f683e,O-1,RESIDENT,IN,BHIM,ISSUER_07,True,True,ON,2025-01-20,STD,0.562,0.298,0.165,0.161,True,True,True,OUT
U_6a4d5dafd5,O-3,RESIDENT,IN,BHIM,ISSUER_05,True,False,OFF,2024-12-14,STD,0.214,0.191,0.083,-0.15,True,True,False,OUT
U_f68ecb3f4e,O-1,RESIDENT,IN,BHIM,ISSUER_12,True,True,ON,2024-10-03,STD,0.394,0.166,0.363,0.01,True,True,False,OUT
U_f1e6571c86,O-4,RESIDENT,IN,GPAY,ISSUER_03,True,True,OFF,2025-02-01,STD,0.107,0.294,0.267,-0.007,True,True,False,OUT
U_2f33265b5d,O-4,RESIDENT,IN,GPAY,ISSUER_10,True,True,OFF,2025-11-04,STD,0.654,-0.145,0.38,0.217,True,True,True,OUT
U_645a290ddc,O-1,RESIDENT,IN,BHIM,ISSUER_07,True,True,ON,2025-06-25,STD,0.263,0.317,0.231,-0.05,True,True,True,OUT
U_900a406f2e,O-5,RESIDENT,IN,BHIM,ISSUER_11,True,True,OFF,2026-05-19,STD,0.313,0.152,0.385,0.025,True,True,False,OUT
U_02f9bdee94,O-2,RESIDENT,IN,GPAY,ISSUER_12,True,True,OFF,2025-03-06,STD,0.29,0.122,0.319,0.069,False,False,True,OUT
U_168253b449,O-2,RESIDENT,IN,BHIM,ISSUER_10,True,True,OFF,2025-09-01,STD,0.41,0.141,0.223,0.074,True,False,False,OUT
U_cc8a98382c,O-1,RESIDENT,IN,BHIM,ISSUER_12,True,True,ON,2026-02-27,STD,0.255,0.432,0.18,0.141,True,True,False,OUT
U_dfbd3877f3,O-1,RESIDENT,IN,BHIM,ISSUER_06,True,True,ON,2025-01-16,STD,0.043,-0.19,0.726,0.049,False,False,True,OUT
U_a621a224f2,O-1,RESIDENT,IN,PHONEPE,ISSUER_11,True,True,ON,2024-10-18,STD,0.781,-0.16,0.771,-0.15,False,True,True,OUT
U_2f3fff93ac,O-1,RESIDENT,IN,GPAY,ISSUER_12,True,True,ON,2025-02-05,STD,0.301,0.158,0.247,0.187,False,True,True,OUT
U_5bb5602f9e,O-1,RESIDENT,IN,PHONEPE,ISSUER_04,False,True,ON,2026-02-08,STD,0.493,0.242,0.294,0.154,False,False,True,OUT
U_1af2b565ff,O-1,RESIDENT,IN,PHONEPE,ISSUER_12,True,False,ON,2026-05-09,STD,0.491,-0.103,0.757,-0.15,True,True,True,OUT
U_79d09e3745,O-1,RESIDENT,IN,PHONEPE,ISSUER_03,True,True,ON,2024-11-15,STD,0.343,0.471,0.45,0.058,True,False,False,OUT
U_daa1888d1c,O-4,RESIDENT,IN,BHIM,ISSUER_05,True,True,OFF,2024-09-10,STD,0.462,-0.019,0.173,0.004,True,True,True,OUT
U_455d9aa1d6,O-2,RESIDENT,IN,GPAY,ISSUER_04,True,True,OFF,2025-11-02,STD,0.338,0.022,0.293,-0.15,True,True,True,OUT
U_da5a658f4a,O-6,RESIDENT,IN,GPAY,ISSUER_05,False,False,OFF,2026-01-10,STD,0.648,0.305,0.124,0.096,True,True,False,OUT
U_8ca815c38d,O-5,RESIDENT,IN,PHONEPE,ISSUER_07,True,True,OFF,2024-08-12,STD,0.197,-0.025,0.829,-0.15,True,True,True,OUT
U_989e811f69,O-1,RESIDENT,IN,BHIM,ISSUER_08,True,True,ON,2025-12-11,STD,0.298,0.049,0.23,-0.144,True,True,True,OUT
U_be6203aed3,O-1,RESIDENT,IN,GPAY,ISSUER_09,True,True,ON,2026-04-10,STD,0.602,0.545,0.496,-0.018,True,True,True,OUT
U_3207c3b17b,O-6,RESIDENT,IN,GPAY,ISSUER_03,False,False,OFF,2025-03-14,STD,0.71,0.6,0.453,-0.15,True,True,True,OUT
U_057a19a68e,O-2,RESIDENT,IN,GPAY,ISSUER_06,True,True,OFF,2026-07-04,STD,0.564,0.189,0.294,0.16,True,False,False,OUT
U_520253c34e,O-3,RESIDENT,IN,PHONEPE,ISSUER_06,True,True,OFF,2026-02-01,STD,0.336,-0.227,0.051,0.013,True,False,True,OUT
U_2dbd866fb1,O-4,RESIDENT,IN,PHONEPE,ISSUER_09,False,True,OFF,2024-11-16,STD,0.59,0.239,0.456,-0.124,True,False,False,OUT
U_4d4d7eb32f,O-1,RESIDENT,IN,BHIM,ISSUER_09,False,True,ON,2025-12-19,STD,0.663,-0.199,0.48,0.054,True,True,True,OUT
U_e238dcd0b2,O-3,RESIDENT,IN,PHONEPE,ISSUER_06,True,True,ON,2025-08-29,STD,0.653,0.223,0.426,-0.081,True,True,True,OUT
U_0ccecec6e6,O-1,RESIDENT,IN,BHIM,ISSUER_11,True,True,ON,2026-02-04,STD,0.122,0.233,0.164,-0.031,False,True,True,OUT
U_310943af4d,O-1,RESIDENT,IN,BHIM,ISSUER_04,True,True,ON,2026-02-22,STD,0.82,-0.07,0.675,-0.138,False,True,False,OUT
U_749f97d87d,O-6,RESIDENT,IN,BHIM,ISSUER_03,False,False,OFF,2025-06-24,STD,0.713,0.103,0.331,0.067,True,True,True,OUT
U_8b4c661471,O-1,RESIDENT,IN,BHIM,ISSUER_10,True,True,ON,2026-02-09,STD,0.515,0.157,0.247,0.068,True,True,False,OUT
U_05b589f874,O-6,RESIDENT,IN,PHONEPE,ISSUER_11,False,False,OFF,2026-01-06,STD,0.243,0.027,0.319,0.073,True,False,False,OUT
U_54791ca3a3,O-1,RESIDENT,IN,PHONEPE,ISSUER_08,False,True,ON,2026-01-24,STD,0.598,0.208,0.271,0.055,True,False,True,OUT
U_87a1e110de,O-1,RESIDENT,IN,GPAY,ISSUER_06,True,True,ON,2025-02-06,STD,0.364,0.276,0.025,-0.112,True,True,False,OUT
U_83ed6a5f4d,O-6,RESIDENT,IN,PHONEPE,ISSUER_07,True,False,OFF,2025-03-06,STD,0.551,0.415,0.155,0.107,True,True,False,OUT
U_71e19b88cf,O-1,RESIDENT,IN,GPAY,ISSUER_05,True,True,ON,2026-01-26,STD,0.329,0.297,0.016,0.186,True,True,True,OUT
U_3c38e1c851,O-3,RESIDENT,IN,BHIM,ISSUER_01,True,True,ON,2025-03-23,STD,0.61,0.051,0.495,0.01,True,False,True,OUT
U_454dae053b,O-1,RESIDENT,IN,GPAY,ISSUER_04,True,True,ON,2024-08-11,STD,0.781,-0.056,0.064,0.129,False,True,True,OUT
U_3ab1f160d5,O-3,RESIDENT,IN,GPAY,ISSUER_04,True,True,OFF,2025-06-10,STD,0.677,-0.185,0.428,-0.068,True,False,True,OUT
U_62414e6f52,O-6,RESIDENT,IN,PHONEPE,ISSUER_08,False,False,OFF,2024-09-13,STD,0.77,0.296,0.075,-0.15,True,True,True,OUT
U_c487728125,O-5,RESIDENT,IN,BHIM,ISSUER_11,True,True,ON,2026-01-02,STD,0.352,0.024,0.089,-0.15,True,True,True,OUT
U_0e20e2737a,O-1,RESIDENT,IN,BHIM,ISSUER_02,True,True,ON,2026-02-14,STD,0.623,0.059,0.118,-0.019,True,False,True,OUT
U_631bbabc8b,O-1,RESIDENT,IN,BHIM,ISSUER_11,True,True,ON,2025-07-26,STD,0.449,-0.096,0.568,-0.046,True,True,True,OUT
U_4db4566c7b,O-5,RESIDENT,IN,BHIM,ISSUER_03,True,True,ON,2024-09-20,STD,0.249,0.155,0.264,-0.039,True,False,True,OUT
U_3144f5b38c,O-3,RESIDENT,IN,BHIM,ISSUER_10,True,True,ON,2026-06-19,STD,0.372,0.0,0.175,0.015,True,True,True,OUT
U_426c08efa5,O-1,RESIDENT,IN,BHIM,ISSUER_01,True,True,ON,2026-04-10,STD,0.454,0.488,0.095,-0.019,True,True,True,OUT
U_ddb1545a2a,O-3,RESIDENT,IN,GPAY,ISSUER_09,False,True,OFF,2025-08-09,STD,0.203,0.194,0.285,0.145,True,True,True,OUT
U_831282eb56,O-5,RESIDENT,IN,GPAY,ISSUER_03,True,True,OFF,2025-03-06,STD,0.35,-0.043,0.198,0.147,True,True,True,OUT
U_b352f9acdc,O-3,RESIDENT,IN,PHONEPE,ISSUER_01,True,True,ON,2026-05-26,STD,0.747,0.141,0.093,0.063,False,True,False,OUT
U_0c9b693daa,O-2,RESIDENT,IN,BHIM,ISSUER_10,True,True,OFF,2026-02-02,STD,0.358,0.092,0.208,-0.006,True,False,True,OUT
U_f7035a542e,O-2,RESIDENT,IN,GPAY,ISSUER_01,True,True,ON,2024-11-05,STD,0.162,0.04,0.185,-0.085,True,False,False,OUT
U_e7f2f891a8,O-2,RESIDENT,IN,PHONEPE,ISSUER_11,True,True,ON,2024-11-02,STD,0.196,0.238,0.152,-0.007,False,True,True,OUT
U_b10358831f,O-4,RESIDENT,IN,BHIM,ISSUER_12,True,False,ON,2025-09-02,STD,0.432,0.405,0.297,0.01,True,True,False,OUT
U_7c3cd53a47,O-1,RESIDENT,IN,BHIM,ISSUER_12,True,True,ON,2025-11-22,STD,0.03,-0.059,0.039,0.296,True,True,False,OUT
U_660efe8e66,O-1,RESIDENT,IN,GPAY,ISSUER_03,True,True,ON,2026-01-26,STD,0.736,0.185,0.152,-0.091,False,False,True,OUT
U_236fad8267,O-6,RESIDENT,IN,BHIM,ISSUER_08,False,False,OFF,2026-06-29,STD,0.669,0.514,0.043,0.175,True,False,True,OUT
U_91a4344f21,O-4,RESIDENT,IN,BHIM,ISSUER_06,True,True,ON,2026-02-03,STD,0.481,0.155,0.121,0.31,True,True,False,OUT
U_e95eafe005,O-4,RESIDENT,IN,PHONEPE,ISSUER_02,True,True,OFF,2024-11-28,STD,0.286,0.136,0.016,-0.082,True,True,False,OUT
U_004499e1e2,O-6,RESIDENT,IN,BHIM,ISSUER_08,False,False,OFF,2026-05-20,STD,0.344,-0.046,0.268,-0.004,True,True,True,OUT
U_b18ba74f7b,O-6,RESIDENT,IN,PHONEPE,ISSUER_02,False,False,OFF,2026-01-01,STD,0.339,-0.037,0.365,0.016,True,True,True,OUT
U_1a2c33fa3b,O-2,RESIDENT,IN,PHONEPE,ISSUER_01,True,True,OFF,2025-04-24,STD,0.727,0.082,0.144,0.092,False,True,False,OUT
U_4cc7f8bb14,O-6,RESIDENT,IN,GPAY,ISSUER_01,False,True,OFF,2024-10-11,STD,0.3,0.324,0.179,-0.06,True,True,True,OUT
U_8796b22989,O-3,RESIDENT,IN,PHONEPE,ISSUER_09,True,True,OFF,2025-03-29,STD,0.805,0.243,0.178,0.223,True,True,True,OUT
U_c3dd216b65,O-1,RESIDENT,IN,BHIM,ISSUER_12,True,True,ON,2024-08-16,STD,0.579,0.02,0.332,0.089,True,True,False,OUT
U_c1b6af6357,O-2,RESIDENT,IN,GPAY,ISSUER_07,False,True,OFF,2025-07-24,STD,0.739,0.427,0.459,-0.15,False,False,False,OUT
U_2f413d402d,O-2,RESIDENT,IN,BHIM,ISSUER_08,False,True,ON,2025-10-04,STD,0.064,-0.073,0.594,0.337,True,False,False,OUT
U_9fa788b43d,O-1,RESIDENT,IN,BHIM,ISSUER_10,True,True,ON,2025-06-29,STD,0.55,0.263,0.41,0.322,True,True,True,OUT
U_3be3e76024,O-1,RESIDENT,IN,GPAY,ISSUER_02,False,True,ON,2025-11-29,STD,0.44,-0.083,0.356,0.0,True,True,False,OUT
U_5eb251497f,O-3,RESIDENT,IN,PHONEPE,ISSUER_03,True,True,ON,2024-08-12,STD,0.534,-0.061,0.378,0.039,False,True,True,OUT
U_f23f45e565,O-5,RESIDENT,IN,BHIM,ISSUER_08,True,False,ON,2025-07-20,STD,0.592,0.046,0.279,0.013,True,False,True,OUT
U_93498afb61,O-6,RESIDENT,IN,BHIM,ISSUER_08,False,False,OFF,2025-12-27,STD,0.503,0.013,0.105,0.122,True,True,True,OUT
U_fee2729a64,O-1,RESIDENT,IN,PHONEPE,ISSUER_06,True,False,ON,2025-05-06,STD,0.332,-0.084,0.183,0.182,True,True,True,OUT
U_5b5d589bb6,O-4,RESIDENT,IN,BHIM,ISSUER_10,True,True,OFF,2025-08-09,ELEVATED,0.886,0.455,0.106,0.143,True,True,False,OUT
U_ef8c0d2131,O-1,RESIDENT,IN,GPAY,ISSUER_08,True,True,ON,2025-07-28,STD,0.253,0.113,0.396,-0.015,True,True,False,OUT
U_b6be840665,O-2,RESIDENT,IN,PHONEPE,ISSUER_03,True,True,OFF,2026-01-12,STD,0.714,0.264,0.304,-0.131,True,False,False,OUT
U_77757fc378,O-1,RESIDENT,IN,BHIM,ISSUER_06,True,True,ON,2025-02-13,STD,0.515,0.088,0.353,0.001,True,False,True,OUT
U_2ab1365d4b,O-6,RESIDENT,IN,PHONEPE,ISSUER_08,False,False,OFF,2026-02-15,STD,0.399,0.259,0.391,-0.015,True,True,True,OUT
U_5bb0a4fc44,O-6,RESIDENT,IN,GPAY,ISSUER_10,False,True,OFF,2026-03-23,STD,0.439,0.213,0.356,-0.011,True,False,False,OUT
U_6aed79a75d,O-3,RESIDENT,IN,BHIM,ISSUER_12,True,True,ON,2025-04-08,STD,0.102,-0.237,0.76,-0.149,True,True,True,OUT
U_4ebbde0f92,O-6,RESIDENT,IN,GPAY,ISSUER_08,False,True,OFF,2026-07-04,STD,0.13,0.294,0.1,0.243,False,False,True,OUT
U_433265f3f2,O-3,RESIDENT,IN,GPAY,ISSUER_01,True,True,ON,2025-12-25,STD,0.243,0.285,0.123,-0.117,True,False,True,OUT
U_0d23d217b2,O-3,RESIDENT,IN,PHONEPE,ISSUER_05,True,True,OFF,2024-08-20,STD,0.451,-0.282,0.455,-0.121,True,True,False,OUT
U_f2e6e8552f,O-2,RESIDENT,IN,PHONEPE,ISSUER_05,True,True,OFF,2025-07-29,STD,0.898,0.341,0.357,0.015,True,True,False,OUT
U_94ed8d5ecb,O-3,RESIDENT,IN,BHIM,ISSUER_07,True,True,OFF,2024-11-16,STD,0.37,0.028,0.108,0.24,False,False,True,OUT
U_255c087fcb,O-1,RESIDENT,IN,BHIM,ISSUER_03,True,True,ON,2025-09-17,STD,0.545,0.259,0.283,-0.15,True,False,False,OUT
U_942b1c28e4,O-1,RESIDENT,IN,BHIM,ISSUER_01,True,True,ON,2025-09-24,STD,0.25,-0.198,0.323,0.164,True,True,False,OUT
U_e04b3a445b,O-1,RESIDENT,IN,BHIM,ISSUER_11,True,True,ON,2026-01-12,STD,0.024,-0.127,0.094,0.056,True,True,True,OUT
U_d8e6a73522,O-2,RESIDENT,IN,GPAY,ISSUER_06,True,True,ON,2025-01-27,STD,0.441,-0.193,0.628,-0.15,True,True,True,OUT
U_b9191260b5,O-5,RESIDENT,IN,BHIM,ISSUER_06,True,True,ON,2026-03-29,STD,0.862,-0.113,0.658,-0.085,False,True,False,OUT
U_53c234e391,O-2,RESIDENT,IN,BHIM,ISSUER_08,True,True,ON,2025-06-02,STD,0.362,0.016,0.036,0.067,True,False,True,OUT
U_1365a75f33,O-3,RESIDENT,IN,PHONEPE,ISSUER_10,True,True,OFF,2025-01-26,STD,0.572,0.175,0.202,0.012,True,True,True,OUT
U_feda5971a6,O-4,RESIDENT,IN,PHONEPE,ISSUER_05,False,True,ON,2025-11-16,STD,0.499,-0.015,0.453,-0.145,True,True,True,OUT
U_53a4d16946,O-2,RESIDENT,IN,PHONEPE,ISSUER_12,True,True,ON,2025-04-22,STD,0.353,0.26,0.181,0.028,True,True,False,OUT
U_d7a6b48ded,O-2,RESIDENT,IN,PHONEPE,ISSUER_04,True,True,OFF,2025-02-24,STD,0.359,0.17,0.329,-0.075,False,True,True,OUT
U_a045f12119,O-1,RESIDENT,IN,PHONEPE,ISSUER_12,True,True,ON,2025-08-08,STD,0.708,0.192,0.243,-0.005,True,False,False,OUT
U_42e44d6986,O-3,RESIDENT,IN,GPAY,ISSUER_08,True,True,ON,2025-04-01,STD,0.351,0.144,0.097,0.289,True,True,False,OUT
U_a1abdf296e,O-6,RESIDENT,IN,GPAY,ISSUER_10,False,False,OFF,2025-04-13,STD,0.583,0.118,0.432,-0.126,True,True,True,OUT
U_5e500e4ff9,O-6,RESIDENT,IN,GPAY,ISSUER_10,False,False,OFF,2026-02-26,STD,0.416,0.298,0.28,0.065,True,True,False,OUT
U_9ec348399e,O-5,RESIDENT,IN,BHIM,ISSUER_05,True,True,ON,2026-04-08,RESTRICTED,0.548,0.104,0.522,-0.04,True,True,False,OUT
U_5a1c18cbde,O-6,RESIDENT,IN,BHIM,ISSUER_11,True,False,OFF,2024-11-19,STD,0.502,0.303,0.214,0.052,True,True,True,OUT
U_7906cab0cb,O-6,RESIDENT,IN,PHONEPE,ISSUER_08,False,True,OFF,2025-05-04,STD,0.81,0.142,0.244,-0.018,True,True,False,OUT
U_584aa16bfb,O-1,RESIDENT,IN,GPAY,ISSUER_05,True,True,ON,2025-07-21,STD,0.093,0.281,0.284,0.041,True,True,False,OUT
U_7dce38e2d9,O-3,RESIDENT,IN,GPAY,ISSUER_11,True,True,OFF,2025-06-07,STD,0.411,0.176,0.25,-0.026,False,True,False,OUT
U_5e70392af7,O-1,RESIDENT,IN,GPAY,ISSUER_11,True,True,ON,2026-05-07,STD,0.638,0.157,0.095,0.101,True,False,True,OUT
U_535174cc59,O-3,RESIDENT,IN,BHIM,ISSUER_04,True,True,ON,2024-12-14,STD,0.42,0.339,0.285,0.205,False,True,False,OUT
U_ad7cdee362,O-1,RESIDENT,IN,BHIM,ISSUER_03,False,True,ON,2025-12-14,STD,0.488,-0.13,0.644,-0.15,True,True,False,OUT
U_703cd021a8,O-4,RESIDENT,IN,BHIM,ISSUER_12,True,True,ON,2026-02-17,STD,0.422,0.057,0.363,-0.085,True,True,True,OUT
U_51df161ce3,O-6,RESIDENT,IN,PHONEPE,ISSUER_12,False,False,OFF,2025-03-08,STD,0.77,0.101,0.248,-0.129,True,True,True,OUT
U_a163b7b23e,O-2,RESIDENT,IN,BHIM,ISSUER_05,True,True,OFF,2025-03-01,STD,0.447,0.127,0.065,0.057,True,False,True,OUT
U_43141e5089,O-5,RESIDENT,IN,GPAY,ISSUER_12,True,True,ON,2026-01-01,STD,0.302,0.187,0.185,-0.049,True,True,True,OUT
U_b09023e646,O-1,RESIDENT,IN,PHONEPE,ISSUER_04,True,True,ON,2026-06-05,STD,0.703,0.158,0.482,-0.046,True,True,True,OUT
U_d39f1602de,O-4,RESIDENT,IN,GPAY,ISSUER_02,True,False,ON,2025-05-22,STD,0.318,0.215,0.344,0.139,True,True,False,OUT
U_e59341e720,O-1,RESIDENT,IN,PHONEPE,ISSUER_03,True,False,ON,2025-05-01,STD,0.488,0.055,0.241,-0.05,True,True,False,OUT
U_8dbebba9d5,O-2,RESIDENT,IN,PHONEPE,ISSUER_10,True,True,ON,2025-05-28,STD,0.698,-0.115,0.108,-0.026,True,True,True,OUT
U_f2675d3802,O-4,RESIDENT,IN,GPAY,ISSUER_11,True,True,ON,2025-07-06,STD,0.255,-0.131,0.56,-0.059,False,True,True,OUT
U_b49b178a2e,O-6,RESIDENT,IN,GPAY,ISSUER_12,False,False,OFF,2024-08-17,STD,0.238,0.29,0.199,0.213,True,False,False,OUT
U_857ecc8adb,O-2,RESIDENT,IN,BHIM,ISSUER_12,True,True,ON,2025-06-15,STD,0.488,0.202,0.118,-0.15,True,False,True,OUT
U_5260bc1436,O-1,RESIDENT,IN,PHONEPE,ISSUER_12,True,True,ON,2026-05-11,STD,0.695,-0.084,0.616,-0.054,True,True,False,OUT
U_8b1a865457,O-4,RESIDENT,IN,GPAY,ISSUER_12,True,True,OFF,2024-11-24,STD,0.419,0.368,0.361,-0.066,True,True,True,OUT
U_91ec18b6a9,O-2,RESIDENT,IN,BHIM,ISSUER_06,True,True,OFF,2025-06-30,STD,0.574,0.058,0.126,0.099,False,True,True,OUT
U_ff88e7d70f,O-3,RESIDENT,IN,BHIM,ISSUER_07,True,True,ON,2026-04-24,STD,0.564,-0.285,0.19,0.246,True,False,True,OUT
U_e01275b4fc,O-2,RESIDENT,IN,GPAY,ISSUER_01,True,True,OFF,2026-04-04,STD,0.807,-0.121,0.787,-0.15,False,False,True,OUT
U_3e47a594d3,O-1,RESIDENT,IN,PHONEPE,ISSUER_02,True,False,ON,2025-08-12,STD,0.632,0.094,0.116,0.011,True,False,True,OUT
U_15e21d25f8,O-3,RESIDENT,IN,BHIM,ISSUER_05,True,True,ON,2026-04-16,STD,0.413,-0.232,0.276,-0.15,False,True,True,OUT
U_324a5a76b4,O-4,RESIDENT,IN,GPAY,ISSUER_08,True,True,ON,2025-02-27,STD,0.254,0.112,0.299,0.031,True,False,True,OUT
U_8642e96fbe,O-1,RESIDENT,IN,GPAY,ISSUER_01,False,True,ON,2026-03-26,STD,0.943,0.098,0.09,-0.087,True,True,True,OUT
U_e458cf97b6,O-2,RESIDENT,IN,GPAY,ISSUER_04,True,True,OFF,2024-12-04,STD,0.387,0.03,0.1,0.038,True,False,True,OUT
U_2b4d39aa3b,O-1,RESIDENT,IN,PHONEPE,ISSUER_10,True,False,ON,2026-01-04,ELEVATED,0.443,0.218,0.314,-0.086,True,True,False,OUT
U_153d57e475,O-4,RESIDENT,IN,GPAY,ISSUER_12,True,True,OFF,2025-04-11,STD,0.461,0.073,0.352,-0.113,True,True,True,OUT
U_b9f2d65f44,O-2,RESIDENT,IN,PHONEPE,ISSUER_10,True,True,ON,2026-03-13,STD,0.92,0.208,0.355,0.062,True,True,False,OUT
U_0d72734c25,O-1,RESIDENT,IN,GPAY,ISSUER_01,True,True,ON,2025-06-19,STD,0.151,-0.058,0.491,-0.113,True,True,False,OUT
U_84b5349da6,O-1,RESIDENT,IN,BHIM,ISSUER_07,True,True,ON,2025-09-17,STD,0.497,0.377,0.102,0.196,True,True,True,OUT
U_0d8e7ba0f2,O-2,RESIDENT,IN,BHIM,ISSUER_05,True,True,OFF,2025-06-03,STD,0.488,0.278,0.302,0.119,False,True,True,OUT
U_e75c766d17,O-6,RESIDENT,IN,BHIM,ISSUER_09,True,False,OFF,2024-09-22,STD,0.268,-0.128,0.648,0.105,False,True,True,OUT
U_a95b569826,O-6,RESIDENT,IN,PHONEPE,ISSUER_02,False,True,OFF,2024-09-07,STD,0.917,0.02,0.18,-0.057,True,False,True,OUT
U_4c7094b08a,O-1,RESIDENT,IN,BHIM,ISSUER_06,True,True,ON,2025-03-05,STD,0.486,0.081,0.262,-0.001,True,False,False,OUT
U_480222bde6,O-5,RESIDENT,IN,PHONEPE,ISSUER_03,True,True,OFF,2026-05-06,STD,0.367,0.041,0.034,0.013,True,False,False,OUT
U_55b8a59740,O-6,RESIDENT,IN,BHIM,ISSUER_09,False,False,OFF,2024-08-26,STD,0.923,0.472,0.163,-0.087,True,True,False,OUT
U_f641bc8ef9,O-3,RESIDENT,IN,GPAY,ISSUER_04,True,True,OFF,2025-01-27,STD,0.094,0.084,0.038,0.078,False,True,False,OUT
U_3139a5e2c1,O-4,RESIDENT,IN,GPAY,ISSUER_04,True,True,OFF,2026-04-23,STD,0.794,0.187,0.318,0.017,True,False,True,OUT
U_8227a3fac4,O-1,RESIDENT,IN,GPAY,ISSUER_10,True,True,ON,2025-06-09,STD,0.502,0.146,0.201,-0.032,False,False,False,OUT
U_efff671473,O-1,RESIDENT,IN,BHIM,ISSUER_10,True,True,ON,2026-05-25,STD,0.622,0.05,0.071,0.13,False,True,False,OUT
U_9f6b2382cb,O-1,RESIDENT,IN,PHONEPE,ISSUER_09,True,True,ON,2026-06-14,STD,0.297,0.257,0.177,0.021,True,False,True,OUT
U_334b8f515a,O-2,RESIDENT,IN,GPAY,ISSUER_11,True,True,OFF,2025-07-22,STD,0.855,0.288,0.19,-0.042,True,True,True,OUT
U_e5f580b685,O-6,RESIDENT,IN,BHIM,ISSUER_02,False,False,OFF,2024-10-14,STD,0.368,0.377,0.368,-0.036,True,True,False,OUT
U_3503ee0236,O-1,RESIDENT,IN,PHONEPE,ISSUER_05,True,True,ON,2026-06-10,STD,0.51,-0.052,0.089,0.207,True,True,False,OUT
U_fd97da0a34,O-6,RESIDENT,IN,GPAY,ISSUER_03,False,False,OFF,2025-03-26,STD,0.613,0.273,0.043,0.321,True,True,False,OUT
U_3d3cce5774,O-1,RESIDENT,IN,PHONEPE,ISSUER_10,True,True,ON,2026-06-05,STD,0.881,0.188,0.187,0.088,True,True,True,OUT
U_a833d7da86,O-6,RESIDENT,IN,BHIM,ISSUER_05,False,False,OFF,2026-07-30,STD,0.318,0.137,0.407,0.055,True,False,False,OUT
U_6fda31d05a,O-5,RESIDENT,IN,BHIM,ISSUER_10,True,True,ON,2024-10-20,STD,0.532,0.263,0.404,-0.15,True,True,False,OUT
U_e3b4a7da18,O-2,RESIDENT,IN,GPAY,ISSUER_11,True,True,ON,2024-11-30,STD,0.567,0.289,0.19,0.081,False,False,True,OUT
U_4f4f99ed22,O-6,RESIDENT,IN,BHIM,ISSUER_05,False,False,OFF,2024-09-28,STD,0.505,-0.013,0.177,0.166,True,True,False,OUT
U_6c7aef1f55,O-3,RESIDENT,IN,GPAY,ISSUER_10,True,True,OFF,2025-10-27,STD,0.773,0.186,0.115,-0.021,True,False,True,OUT
U_301a767753,O-2,RESIDENT,IN,PHONEPE,ISSUER_03,False,True,OFF,2025-08-12,STD,0.221,-0.1,0.269,0.01,True,True,False,OUT
U_705b2eac86,O-5,RESIDENT,IN,GPAY,ISSUER_01,True,True,OFF,2025-03-26,STD,0.441,0.256,0.405,-0.08,False,True,False,OUT
U_27f676c3ba,O-4,RESIDENT,IN,PHONEPE,ISSUER_12,True,True,ON,2026-05-18,STD,0.341,0.152,0.236,0.278,True,False,True,OUT
U_66d0d7e4e6,O-1,RESIDENT,IN,PHONEPE,ISSUER_11,True,True,ON,2025-11-17,STD,0.112,0.245,0.409,-0.15,True,False,True,OUT
U_8451a000e5,O-4,RESIDENT,IN,PHONEPE,ISSUER_03,True,True,ON,2026-06-23,STD,0.365,0.141,0.498,-0.15,True,False,True,OUT
U_1702306ccc,O-4,RESIDENT,IN,BHIM,ISSUER_11,True,True,OFF,2025-09-12,STD,0.626,-0.094,0.05,0.236,True,False,False,OUT
U_e100b12f38,O-1,RESIDENT,IN,BHIM,ISSUER_10,True,True,ON,2024-12-08,STD,0.809,0.229,0.354,0.065,True,False,True,OUT
U_8c13fc1cef,O-2,RESIDENT,IN,PHONEPE,ISSUER_04,True,True,OFF,2026-01-19,STD,0.68,0.44,0.287,-0.122,True,True,False,OUT
U_e0b711bd04,O-2,RESIDENT,IN,BHIM,ISSUER_11,True,True,OFF,2026-04-20,STD,0.257,0.037,0.28,0.028,True,True,True,OUT
U_39d5451b3d,O-2,RESIDENT,IN,PHONEPE,ISSUER_11,True,True,ON,2024-12-24,STD,0.3,0.144,0.113,0.143,True,False,True,OUT
U_dc514b536b,O-5,RESIDENT,IN,GPAY,ISSUER_06,True,True,OFF,2026-06-03,STD,0.316,-0.058,0.364,-0.127,True,True,False,OUT
U_0d061c7dbd,O-1,RESIDENT,IN,PHONEPE,ISSUER_12,True,True,ON,2025-08-11,STD,0.302,-0.141,0.285,0.018,True,True,True,OUT
U_654b597ada,O-4,RESIDENT,IN,PHONEPE,ISSUER_08,True,True,ON,2025-05-02,STD,0.352,0.014,0.363,0.018,True,True,True,OUT
U_45154d1764,O-5,RESIDENT,IN,PHONEPE,ISSUER_10,True,True,OFF,2025-03-15,STD,0.202,0.115,0.134,-0.049,True,True,False,OUT
U_13a02520dd,O-3,RESIDENT,IN,BHIM,ISSUER_09,True,True,OFF,2025-09-01,STD,0.413,0.208,0.194,0.018,True,True,False,OUT
U_b2f531e347,O-5,RESIDENT,IN,BHIM,ISSUER_12,True,True,ON,2024-12-30,STD,0.469,0.333,0.144,-0.052,True,False,True,OUT
U_d84aab2a71,O-3,RESIDENT,IN,BHIM,ISSUER_08,True,True,ON,2025-02-10,STD,0.633,0.039,0.055,0.166,True,True,True,OUT
U_bcc9442ca4,O-4,RESIDENT,IN,BHIM,ISSUER_06,True,True,ON,2025-10-19,STD,0.298,0.13,0.291,-0.023,True,True,False,OUT
U_49ed15f699,O-3,RESIDENT,IN,BHIM,ISSUER_09,True,True,OFF,2026-04-03,STD,0.738,0.248,0.222,-0.026,True,True,True,OUT
U_149ac766bf,O-6,RESIDENT,IN,BHIM,ISSUER_12,False,True,OFF,2026-04-07,STD,0.474,0.178,0.345,0.097,True,True,False,OUT
U_6c6a3c7548,O-1,RESIDENT,IN,PHONEPE,ISSUER_11,True,True,ON,2026-04-05,STD,0.433,-0.015,0.618,0.132,True,True,True,OUT
U_d65879baeb,O-1,RESIDENT,IN,PHONEPE,ISSUER_05,True,True,ON,2026-06-19,STD,0.707,0.418,0.114,0.076,True,True,False,OUT
U_03536591b8,O-1,RESIDENT,IN,BHIM,ISSUER_03,True,True,ON,2026-05-30,STD,0.731,0.105,0.212,-0.086,True,True,True,OUT
U_9bed31dbbb,O-2,RESIDENT,IN,BHIM,ISSUER_03,True,True,OFF,2024-10-24,STD,0.22,0.333,0.172,0.044,True,True,False,OUT
U_f021ad7378,O-1,RESIDENT,IN,PHONEPE,ISSUER_05,True,True,ON,2024-08-14,STD,0.151,0.439,0.302,0.018,True,True,True,OUT
U_aa369eecd1,O-2,RESIDENT,IN,GPAY,ISSUER_10,True,True,ON,2025-03-16,STD,0.825,-0.005,0.631,-0.118,False,False,False,OUT
U_025bd886d9,O-2,RESIDENT,IN,GPAY,ISSUER_05,True,True,OFF,2026-02-18,STD,0.155,0.094,0.222,0.157,False,False,False,OUT
U_ea0c98d162,O-1,RESIDENT,IN,PHONEPE,ISSUER_12,True,True,ON,2025-06-30,STD,0.174,0.169,0.249,0.206,True,True,True,OUT
U_6161224721,O-1,RESIDENT,IN,PHONEPE,ISSUER_02,True,True,ON,2024-12-01,STD,0.622,0.371,0.037,0.028,False,True,True,OUT
U_0cbea08984,O-5,RESIDENT,IN,PHONEPE,ISSUER_04,True,True,OFF,2025-01-18,STD,0.385,0.493,0.126,0.219,True,True,False,OUT
U_2b116cc474,O-6,RESIDENT,IN,PHONEPE,ISSUER_12,False,False,OFF,2025-08-19,STD,0.57,0.052,0.12,0.144,True,False,True,OUT
U_b9d11f4acc,O-6,RESIDENT,IN,BHIM,ISSUER_03,False,False,OFF,2024-12-19,STD,0.282,-0.053,0.622,-0.125,False,False,True,OUT
U_6e4ff5d99b,O-2,RESIDENT,IN,PHONEPE,ISSUER_07,True,True,ON,2025-12-20,STD,0.178,0.063,0.248,0.209,True,True,True,OUT
U_12827fd9bb,O-1,RESIDENT,IN,PHONEPE,ISSUER_01,False,True,ON,2025-02-17,STD,0.468,0.166,0.113,0.079,True,False,False,OUT
U_b37f2101f3,O-6,RESIDENT,IN,PHONEPE,ISSUER_02,False,False,OFF,2025-06-28,STD,0.374,-0.071,0.757,-0.15,True,True,True,OUT
U_ae6c05d18a,O-6,RESIDENT,IN,PHONEPE,ISSUER_11,False,False,OFF,2025-11-20,STD,0.607,0.278,0.285,0.048,True,True,True,OUT
U_df44bc69d1,O-5,RESIDENT,IN,PHONEPE,ISSUER_01,True,True,ON,2025-02-22,STD,0.324,0.383,0.123,0.126,True,False,False,OUT
U_ccbe52784d,O-6,RESIDENT,IN,GPAY,ISSUER_01,False,False,OFF,2025-08-06,STD,0.665,0.401,0.205,0.015,True,True,False,OUT
U_dfb22380c1,O-2,RESIDENT,IN,GPAY,ISSUER_01,True,True,OFF,2024-08-21,STD,0.761,-0.107,0.741,-0.15,False,True,False,OUT
U_5e87d8ef44,O-3,RESIDENT,IN,BHIM,ISSUER_10,True,True,ON,2025-08-01,STD,0.284,-0.222,0.153,-0.15,True,True,True,OUT
U_d4b005e6de,O-6,RESIDENT,IN,BHIM,ISSUER_12,False,True,OFF,2025-04-22,STD,0.741,0.261,0.287,-0.007,True,False,False,OUT
U_bfc14b28ac,O-5,RESIDENT,IN,BHIM,ISSUER_04,True,True,OFF,2024-09-29,STD,0.783,0.225,0.427,-0.043,False,False,True,OUT
U_58f479c4be,O-6,RESIDENT,IN,PHONEPE,ISSUER_11,False,True,OFF,2025-04-18,STD,0.365,0.188,0.064,0.325,True,False,True,OUT
U_5a74201374,O-2,RESIDENT,IN,PHONEPE,ISSUER_08,True,False,OFF,2026-01-02,STD,0.382,0.209,0.507,-0.133,True,True,True,OUT
U_ce966df800,O-2,RESIDENT,IN,GPAY,ISSUER_11,True,False,ON,2025-11-18,STD,0.749,0.179,0.264,-0.002,False,True,True,OUT
U_04199d1e68,O-4,RESIDENT,IN,GPAY,ISSUER_04,True,True,ON,2025-01-07,STD,0.71,0.005,0.143,0.144,True,False,False,OUT
U_97040cc49f,O-2,RESIDENT,IN,PHONEPE,ISSUER_07,True,True,ON,2025-08-06,STD,0.211,0.097,0.203,-0.05,False,False,False,OUT
U_443440c0a8,O-3,RESIDENT,IN,GPAY,ISSUER_02,True,True,ON,2025-11-13,STD,0.321,0.205,0.308,-0.049,True,True,True,OUT
U_15c510800f,O-1,RESIDENT,IN,GPAY,ISSUER_03,False,True,ON,2025-08-10,STD,0.304,-0.161,0.112,0.108,False,True,True,OUT
U_69e6a8bbae,O-3,RESIDENT,IN,GPAY,ISSUER_12,True,True,OFF,2026-02-17,STD,0.712,0.182,0.26,-0.053,True,True,False,OUT
U_c728fdf3a1,O-2,RESIDENT,IN,PHONEPE,ISSUER_01,True,True,ON,2024-12-07,STD,0.697,-0.168,0.452,-0.02,True,True,True,OUT
U_a46b351c55,O-5,RESIDENT,IN,BHIM,ISSUER_01,True,True,OFF,2024-10-26,STD,0.82,0.266,0.321,-0.031,False,True,True,OUT
U_d460964852,O-3,RESIDENT,IN,GPAY,ISSUER_06,False,False,OFF,2025-08-24,STD,0.254,0.174,0.122,-0.038,True,True,True,OUT
U_306ba7b1a4,O-3,RESIDENT,IN,GPAY,ISSUER_01,True,True,OFF,2025-09-05,STD,0.522,0.159,0.172,0.289,True,False,True,OUT
U_919414679d,O-3,RESIDENT,IN,GPAY,ISSUER_05,True,True,OFF,2026-05-18,STD,0.52,0.523,0.108,0.061,False,False,True,OUT
U_7a764c2b77,O-2,RESIDENT,IN,PHONEPE,ISSUER_09,True,True,OFF,2026-02-02,STD,0.31,0.077,0.19,-0.028,True,True,False,OUT
U_02edd46ca4,O-6,RESIDENT,IN,BHIM,ISSUER_07,False,True,OFF,2026-03-02,STD,0.298,-0.159,0.29,-0.126,True,True,True,OUT
U_c2aee41b84,O-1,RESIDENT,IN,BHIM,ISSUER_09,False,True,ON,2024-12-30,STD,0.58,-0.246,0.402,0.05,True,True,True,OUT
U_e750a43c01,O-2,RESIDENT,IN,GPAY,ISSUER_09,True,True,OFF,2026-04-21,STD,0.169,-0.008,0.598,-0.082,True,True,False,OUT
U_105875c160,O-2,RESIDENT,IN,PHONEPE,ISSUER_12,True,True,ON,2025-10-22,STD,0.708,-0.304,0.279,0.185,True,True,True,OUT
U_c05aaf27a9,O-2,RESIDENT,IN,PHONEPE,ISSUER_12,True,True,OFF,2026-01-10,STD,0.353,0.086,0.212,0.12,True,True,True,OUT
U_19e0b7d281,O-2,RESIDENT,IN,PHONEPE,ISSUER_10,True,True,OFF,2026-02-26,STD,0.512,0.03,0.124,-0.096,True,True,False,OUT
U_700c2e3e47,O-5,RESIDENT,IN,GPAY,ISSUER_02,True,True,ON,2026-04-01,STD,0.3,0.212,0.305,0.018,False,False,True,OUT
U_f89ed6713c,O-5,RESIDENT,IN,PHONEPE,ISSUER_09,True,True,ON,2026-07-23,STD,0.381,0.574,0.084,-0.017,True,True,False,OUT
U_039f0a339a,O-1,RESIDENT,IN,GPAY,ISSUER_08,True,True,ON,2025-09-08,ELEVATED,0.674,0.079,0.141,-0.038,True,True,False,OUT
U_4491383c93,O-1,RESIDENT,IN,PHONEPE,ISSUER_04,True,True,ON,2024-09-25,STD,0.639,0.116,0.15,-0.15,True,True,False,OUT
U_bbd84c105b,O-2,RESIDENT,IN,BHIM,ISSUER_11,True,True,OFF,2025-07-05,STD,0.529,-0.047,0.315,-0.04,False,True,True,OUT
U_0c49bd9016,O-6,RESIDENT,IN,BHIM,ISSUER_11,False,True,OFF,2025-08-21,STD,0.668,0.418,0.145,0.236,True,True,False,OUT
U_2b65830a24,O-3,RESIDENT,IN,PHONEPE,ISSUER_11,True,True,OFF,2025-04-13,STD,0.63,0.263,0.256,-0.063,True,False,True,OUT
U_1431dfe950,O-1,RESIDENT,IN,BHIM,ISSUER_08,False,True,ON,2024-12-01,STD,0.827,0.111,0.251,-0.038,False,True,True,OUT
U_e990c580c0,O-1,RESIDENT,IN,PHONEPE,ISSUER_06,True,True,ON,2025-12-08,STD,0.353,0.081,0.083,0.166,True,False,True,OUT
U_e3aa658f74,O-1,RESIDENT,IN,GPAY,ISSUER_07,True,False,ON,2025-08-14,STD,0.389,0.018,0.224,0.25,True,True,True,OUT
U_4eb14e7283,O-3,RESIDENT,IN,BHIM,ISSUER_09,True,True,OFF,2026-05-25,STD,0.231,0.204,0.292,-0.015,True,True,False,OUT
U_f742ad86d9,O-3,RESIDENT,IN,BHIM,ISSUER_05,True,True,ON,2025-02-24,STD,0.108,-0.2,0.95,-0.15,False,False,False,OUT
U_2fb1fe32cc,O-6,RESIDENT,IN,BHIM,ISSUER_07,True,False,OFF,2024-10-19,STD,0.36,0.178,0.017,0.018,True,False,True,OUT
U_fc8cfe20d4,O-5,RESIDENT,IN,GPAY,ISSUER_01,False,True,ON,2024-09-02,STD,0.748,0.053,0.34,-0.033,False,True,True,OUT
U_8f6fcdaf97,O-2,RESIDENT,IN,BHIM,ISSUER_01,True,True,ON,2024-12-22,ELEVATED,0.297,0.014,0.389,0.204,True,True,True,OUT
U_14be458aef,O-4,RESIDENT,IN,GPAY,ISSUER_02,True,True,OFF,2026-04-23,STD,0.407,0.061,0.247,0.206,False,False,True,OUT
U_4f11820fbb,O-5,RESIDENT,IN,BHIM,ISSUER_11,True,True,OFF,2026-02-24,STD,0.435,0.374,0.1,0.059,True,False,False,OUT
U_c4b06b3208,O-1,RESIDENT,IN,GPAY,ISSUER_05,False,True,ON,2025-02-03,STD,0.443,-0.016,0.931,-0.15,False,True,True,OUT
U_7834943727,O-1,RESIDENT,IN,BHIM,ISSUER_08,True,True,ON,2025-12-21,STD,0.106,0.308,0.068,0.052,True,True,True,OUT
U_6fca14045f,O-5,RESIDENT,IN,GPAY,ISSUER_05,True,True,ON,2025-08-14,STD,0.598,-0.278,0.737,-0.097,True,True,True,OUT
U_12e6254281,O-4,RESIDENT,IN,BHIM,ISSUER_02,True,True,OFF,2025-01-20,STD,0.134,0.046,0.316,-0.111,True,True,True,OUT
U_b9924fa548,O-3,RESIDENT,IN,BHIM,ISSUER_11,True,True,OFF,2025-10-10,STD,0.514,0.016,0.111,0.04,True,False,True,OUT
U_2d47c90688,O-2,RESIDENT,IN,GPAY,ISSUER_05,True,True,ON,2025-06-10,STD,0.223,0.077,0.392,-0.15,True,True,False,OUT
U_116a6906ed,O-5,RESIDENT,IN,PHONEPE,ISSUER_01,True,True,ON,2026-03-31,STD,0.722,0.259,0.377,-0.133,True,False,False,OUT
U_148e3e78bc,O-1,RESIDENT,IN,GPAY,ISSUER_08,True,True,ON,2024-10-20,STD,0.594,0.288,0.332,-0.116,True,True,False,OUT
U_7efa3fa598,O-6,RESIDENT,IN,PHONEPE,ISSUER_01,False,True,OFF,2026-05-16,STD,0.506,0.19,0.505,-0.044,True,True,True,OUT
U_f8e3a48683,O-4,RESIDENT,IN,PHONEPE,ISSUER_04,True,True,OFF,2026-04-08,STD,0.783,0.175,0.233,0.174,False,True,False,OUT
U_b63fe67fad,O-4,RESIDENT,IN,BHIM,ISSUER_09,True,True,OFF,2025-08-17,STD,0.25,0.371,0.178,0.21,True,True,True,OUT
U_e264faa0d0,O-2,RESIDENT,IN,GPAY,ISSUER_03,False,True,ON,2025-12-14,STD,0.5,-0.054,0.35,-0.094,True,False,True,OUT
U_4f5c0ea731,O-2,RESIDENT,IN,GPAY,ISSUER_03,True,True,OFF,2025-12-24,STD,0.89,0.223,0.193,0.231,True,True,True,OUT
U_e79eae633e,O-3,RESIDENT,IN,PHONEPE,ISSUER_12,True,True,ON,2026-02-21,STD,0.189,0.13,0.191,-0.15,False,True,False,OUT
U_2498b6f12b,O-1,RESIDENT,IN,GPAY,ISSUER_07,False,True,ON,2025-11-14,STD,0.36,0.19,0.347,-0.019,True,False,False,OUT
U_441e65c011,O-4,RESIDENT,IN,PHONEPE,ISSUER_10,True,True,ON,2025-03-29,STD,0.124,-0.016,0.169,-0.012,True,True,False,OUT
U_49f9ab78ac,O-6,RESIDENT,IN,PHONEPE,ISSUER_03,False,True,OFF,2025-09-30,STD,0.735,0.247,0.2,-0.097,True,True,True,OUT
U_c387d427ac,O-5,RESIDENT,IN,BHIM,ISSUER_12,True,True,ON,2026-07-10,STD,0.428,0.001,0.297,0.202,True,True,False,OUT
U_38c24b9c78,O-5,RESIDENT,IN,PHONEPE,ISSUER_04,True,True,ON,2026-04-03,STD,0.829,0.078,0.264,-0.048,True,True,True,OUT
U_c45a8427c4,O-5,RESIDENT,IN,BHIM,ISSUER_08,True,True,OFF,2024-12-04,STD,0.631,-0.169,0.209,0.024,True,True,False,OUT
U_023fa3d40d,O-3,RESIDENT,IN,GPAY,ISSUER_03,True,True,ON,2025-07-23,STD,0.354,0.302,0.212,-0.029,True,True,True,OUT
U_98db661b4a,O-1,RESIDENT,IN,GPAY,ISSUER_04,True,True,ON,2025-12-08,STD,0.621,0.081,0.271,-0.09,False,True,False,OUT
U_3faaa57054,O-1,RESIDENT,IN,PHONEPE,ISSUER_06,True,True,ON,2025-07-18,STD,0.592,0.6,0.125,-0.15,True,True,False,OUT
U_442951d4ea,O-1,RESIDENT,IN,PHONEPE,ISSUER_08,False,True,ON,2025-07-11,STD,0.291,0.416,0.172,0.051,True,True,True,OUT
U_1033bb3fe6,O-6,RESIDENT,IN,BHIM,ISSUER_06,False,False,OFF,2024-10-17,STD,0.044,0.132,0.203,-0.021,True,True,True,OUT
U_560ccfee38,O-6,RESIDENT,IN,GPAY,ISSUER_03,False,False,OFF,2026-02-03,STD,0.213,0.196,0.236,0.035,True,True,False,OUT
U_f30d6f00a6,O-3,RESIDENT,IN,GPAY,ISSUER_01,True,True,OFF,2025-01-21,STD,0.292,0.239,0.227,-0.001,False,True,True,OUT
U_a872a10c15,O-4,RESIDENT,IN,PHONEPE,ISSUER_04,True,True,OFF,2026-01-05,STD,0.866,0.171,0.437,0.052,True,True,True,OUT
U_4cebf6a169,O-5,RESIDENT,IN,PHONEPE,ISSUER_08,True,True,OFF,2024-12-10,STD,0.635,0.149,0.413,-0.01,True,False,True,OUT
U_a97fb359cd,O-2,RESIDENT,IN,GPAY,ISSUER_12,True,False,OFF,2025-07-18,STD,0.804,-0.081,0.158,0.094,False,True,False,OUT
U_27519fc33a,O-1,RESIDENT,IN,GPAY,ISSUER_04,True,True,ON,2024-09-05,STD,0.472,0.031,0.396,-0.04,False,False,True,OUT
U_384c0559e4,O-1,RESIDENT,IN,BHIM,ISSUER_05,True,True,ON,2024-12-22,STD,0.432,-0.27,0.165,-0.026,True,True,False,OUT
U_d4c4515d4a,O-1,RESIDENT,IN,GPAY,ISSUER_09,True,True,ON,2024-09-04,STD,0.814,0.048,0.185,0.062,True,True,False,OUT
U_89a50a786a,O-1,RESIDENT,IN,GPAY,ISSUER_10,True,False,ON,2025-01-05,STD,0.247,0.181,0.039,0.079,True,True,False,OUT
U_104fdaac08,O-1,RESIDENT,IN,GPAY,ISSUER_10,True,True,ON,2025-07-19,STD,0.435,0.323,0.467,-0.15,True,False,True,OUT
U_8988921ac6,O-5,RESIDENT,IN,PHONEPE,ISSUER_08,True,True,OFF,2025-06-27,STD,0.743,0.046,0.289,-0.15,True,False,True,OUT
U_e542558196,O-4,RESIDENT,IN,BHIM,ISSUER_03,True,True,OFF,2026-04-15,STD,0.397,0.299,0.308,-0.112,True,False,False,OUT
U_f34833f115,O-2,RESIDENT,IN,PHONEPE,ISSUER_11,True,True,OFF,2025-05-16,STD,0.621,0.124,0.468,-0.15,True,False,True,OUT
U_2eebed665a,O-1,RESIDENT,IN,GPAY,ISSUER_08,True,True,ON,2024-11-26,STD,0.25,0.216,0.357,-0.058,False,True,True,OUT
U_c41a853c2e,O-1,RESIDENT,IN,PHONEPE,ISSUER_10,True,True,ON,2026-05-18,STD,0.705,0.142,0.14,-0.15,False,False,True,OUT
U_5565c317ab,O-2,RESIDENT,IN,BHIM,ISSUER_04,True,True,OFF,2025-11-14,STD,0.156,0.025,0.173,0.193,True,True,True,OUT
U_7004c876bf,O-1,RESIDENT,IN,BHIM,ISSUER_12,True,True,ON,2025-01-24,STD,0.589,0.014,0.194,-0.135,True,False,False,OUT
U_7aebd9bedd,O-6,RESIDENT,IN,BHIM,ISSUER_03,False,False,OFF,2026-02-01,STD,0.229,0.087,0.401,0.01,True,False,True,OUT
U_1e24353d4b,O-6,RESIDENT,IN,BHIM,ISSUER_11,False,True,OFF,2026-06-14,STD,0.212,-0.125,0.454,-0.15,True,True,True,OUT
U_7e7b88ad62,O-1,RESIDENT,IN,GPAY,ISSUER_04,False,True,ON,2026-07-06,STD,0.492,-0.07,0.486,0.006,False,False,False,OUT
U_1435fde162,O-1,RESIDENT,IN,BHIM,ISSUER_08,True,True,ON,2024-10-07,STD,0.326,-0.08,0.692,0.042,True,True,True,OUT
U_6348c1a0c7,O-4,RESIDENT,IN,BHIM,ISSUER_12,True,True,ON,2024-11-28,STD,0.642,0.188,0.209,0.058,False,True,True,OUT
U_2b1a0f1952,O-6,RESIDENT,IN,PHONEPE,ISSUER_02,True,False,OFF,2024-09-03,STD,0.191,-0.106,0.669,-0.15,True,True,True,OUT
U_58b103d20d,O-1,RESIDENT,IN,BHIM,ISSUER_09,True,True,ON,2025-11-25,STD,0.277,0.246,0.126,-0.085,False,True,True,OUT
U_eb27a5e334,O-1,RESIDENT,IN,BHIM,ISSUER_04,False,True,ON,2025-06-19,STD,0.52,-0.308,0.766,-0.15,True,False,True,OUT
U_639aa0d69f,O-4,RESIDENT,IN,BHIM,ISSUER_09,True,True,ON,2026-07-13,STD,0.312,-0.04,0.395,0.107,True,True,False,OUT
U_c45c941c8a,O-1,RESIDENT,IN,GPAY,ISSUER_12,True,True,ON,2026-06-27,STD,0.353,0.389,0.182,-0.079,True,False,False,OUT
U_0a91318d23,O-2,RESIDENT,IN,GPAY,ISSUER_02,False,True,OFF,2025-05-09,STD,0.375,0.2,0.221,-0.073,True,True,True,OUT
U_d692d547d3,O-2,RESIDENT,IN,BHIM,ISSUER_10,False,True,OFF,2026-06-21,STD,0.94,-0.078,0.753,-0.15,False,True,False,OUT
U_37faa02718,O-3,RESIDENT,IN,GPAY,ISSUER_12,True,True,OFF,2025-12-30,STD,0.38,0.392,0.111,0.15,False,True,False,OUT
U_4c225603e5,O-6,RESIDENT,IN,GPAY,ISSUER_11,True,False,OFF,2024-11-26,STD,0.457,-0.001,0.74,-0.15,True,False,False,OUT
U_6c7c9d6458,O-1,RESIDENT,IN,BHIM,ISSUER_12,True,True,ON,2026-03-22,STD,0.469,0.207,0.215,0.005,True,False,True,OUT
U_1ef335ac39,O-5,RESIDENT,IN,BHIM,ISSUER_12,True,True,ON,2025-01-11,STD,0.341,-0.016,0.293,-0.021,True,True,True,OUT
U_4b421dc615,O-1,RESIDENT,IN,PHONEPE,ISSUER_05,False,True,ON,2025-12-22,STD,0.263,-0.087,0.219,0.144,True,True,False,OUT
U_48770ad083,O-5,RESIDENT,IN,BHIM,ISSUER_01,True,True,ON,2026-06-10,ELEVATED,0.713,0.146,0.272,0.002,True,True,True,OUT
U_027a0ad29e,O-4,RESIDENT,IN,BHIM,ISSUER_03,False,True,ON,2025-02-14,STD,0.199,0.54,0.132,-0.057,True,False,False,OUT
U_c8b756d00e,O-2,RESIDENT,IN,GPAY,ISSUER_11,True,True,OFF,2025-08-21,STD,0.464,0.039,0.322,0.013,True,False,True,OUT
U_ff1b5a459c,O-5,RESIDENT,IN,BHIM,ISSUER_07,True,True,ON,2025-05-26,STD,0.039,0.422,0.293,0.215,True,False,True,OUT
U_f5b6972ae3,O-2,RESIDENT,IN,GPAY,ISSUER_09,True,True,ON,2025-04-17,STD,0.214,0.219,0.325,-0.04,True,False,True,OUT
U_d4db480bb6,O-3,RESIDENT,IN,GPAY,ISSUER_06,True,True,ON,2025-05-09,STD,0.545,0.434,0.316,-0.124,True,False,False,OUT
U_bfbbcb446a,O-1,RESIDENT,IN,GPAY,ISSUER_04,True,True,ON,2024-12-07,STD,0.528,0.394,0.293,0.02,False,True,False,OUT
U_822b625c54,O-5,RESIDENT,IN,GPAY,ISSUER_08,True,True,ON,2024-09-22,STD,0.674,-0.02,0.526,-0.15,True,True,True,OUT
U_7623e13323,O-1,RESIDENT,IN,GPAY,ISSUER_04,True,True,ON,2024-11-19,STD,0.515,0.014,0.294,-0.058,True,True,True,OUT
U_62708ffa90,O-5,RESIDENT,IN,GPAY,ISSUER_07,True,True,OFF,2025-04-21,STD,0.173,0.162,0.207,-0.078,True,False,False,OUT
U_24a7e87434,O-1,RESIDENT,IN,BHIM,ISSUER_06,True,False,ON,2024-10-04,STD,0.509,0.202,0.367,0.071,True,True,True,OUT
U_e2f26a9210,O-5,RESIDENT,IN,GPAY,ISSUER_12,True,True,OFF,2024-12-02,STD,0.459,0.173,0.178,0.007,True,True,False,OUT
U_445fc4eada,O-2,RESIDENT,IN,PHONEPE,ISSUER_04,True,True,OFF,2026-07-29,STD,0.786,0.331,0.263,0.006,True,True,False,OUT
U_85c504e220,O-1,RESIDENT,IN,GPAY,ISSUER_02,True,True,ON,2026-07-01,STD,0.457,0.334,0.354,-0.15,True,True,False,OUT
U_5c968b9b9c,O-4,RESIDENT,IN,GPAY,ISSUER_11,True,True,OFF,2026-01-15,STD,0.245,0.241,0.263,-0.061,True,True,False,OUT
U_180da51489,O-6,RESIDENT,IN,GPAY,ISSUER_04,False,False,OFF,2024-12-08,STD,0.631,-0.09,0.415,0.126,True,True,True,OUT
U_6c58c7106c,O-1,RESIDENT,IN,GPAY,ISSUER_08,True,True,ON,2025-07-07,STD,0.135,0.221,0.374,0.105,True,True,True,OUT
U_d1ad6a6a3d,O-2,RESIDENT,IN,PHONEPE,ISSUER_08,True,True,ON,2024-09-27,STD,0.373,0.223,0.171,0.099,True,True,False,OUT
U_250198efca,O-2,RESIDENT,IN,BHIM,ISSUER_06,True,False,OFF,2025-10-22,STD,0.811,0.001,0.258,0.124,False,False,True,OUT
U_2142e786b7,O-2,RESIDENT,IN,GPAY,ISSUER_03,True,True,OFF,2024-08-17,STD,0.558,0.258,0.088,-0.091,True,False,False,OUT
U_a18ca3a08b,O-3,RESIDENT,IN,PHONEPE,ISSUER_04,True,True,ON,2025-05-28,STD,0.879,-0.051,0.34,-0.052,True,True,True,OUT
U_cf7fccc5f8,O-1,RESIDENT,IN,BHIM,ISSUER_06,True,True,ON,2026-03-18,STD,0.357,-0.131,0.391,-0.15,True,True,True,OUT
U_349f9851e2,O-1,RESIDENT,IN,PHONEPE,ISSUER_02,True,True,ON,2024-08-31,STD,0.809,0.067,0.213,-0.011,True,False,True,OUT
U_d5cb437aea,O-2,RESIDENT,IN,BHIM,ISSUER_04,True,True,ON,2026-06-23,STD,0.689,0.234,0.36,0.033,True,False,False,OUT
U_a828d2c2d8,O-3,RESIDENT,IN,GPAY,ISSUER_03,True,True,OFF,2024-09-03,ELEVATED,0.497,0.183,0.222,0.18,True,False,False,OUT
U_b918bfb1f9,O-2,RESIDENT,IN,GPAY,ISSUER_08,True,True,ON,2026-02-27,STD,0.622,0.276,0.279,-0.043,True,True,False,OUT
U_31cb086cd3,O-1,RESIDENT,IN,GPAY,ISSUER_03,True,True,ON,2025-09-30,STD,0.404,0.004,0.355,-0.15,True,False,False,OUT
U_19840344a9,O-6,RESIDENT,IN,PHONEPE,ISSUER_08,False,True,OFF,2025-03-26,STD,0.601,0.15,0.178,-0.15,True,True,True,OUT
U_8f07508fa8,O-1,RESIDENT,IN,PHONEPE,ISSUER_02,True,True,ON,2025-10-05,STD,0.23,-0.016,0.334,0.117,True,True,True,OUT
U_6b59c7e50a,O-1,RESIDENT,IN,GPAY,ISSUER_04,True,True,ON,2026-07-13,STD,0.521,0.05,0.329,-0.127,True,False,False,OUT
U_f70ffdaecd,O-6,RESIDENT,IN,PHONEPE,ISSUER_01,False,False,OFF,2025-10-31,STD,0.447,0.6,0.12,0.029,True,True,True,OUT
U_c4dfefb0f1,O-1,RESIDENT,IN,PHONEPE,ISSUER_01,True,True,ON,2026-02-17,STD,0.741,0.263,0.134,-0.096,True,False,True,OUT
U_39e7cc0b99,O-2,RESIDENT,IN,PHONEPE,ISSUER_09,True,True,OFF,2025-04-07,STD,0.85,-0.063,0.863,-0.138,True,False,False,OUT
U_2be2b8a6b5,O-2,RESIDENT,IN,GPAY,ISSUER_10,False,False,OFF,2025-05-05,STD,0.831,0.321,0.035,-0.049,True,True,False,OUT
U_4184a34fc8,O-5,RESIDENT,IN,BHIM,ISSUER_04,True,True,ON,2025-03-14,STD,0.18,-0.02,0.283,0.012,True,True,True,OUT
U_716e9988c6,O-1,RESIDENT,IN,PHONEPE,ISSUER_11,True,True,ON,2025-10-04,STD,0.804,-0.018,0.6,0.158,True,True,True,OUT
U_6157e01e73,O-6,RESIDENT,IN,BHIM,ISSUER_08,True,False,OFF,2026-03-08,STD,0.654,0.118,0.124,0.094,False,True,False,OUT
U_4c375282b2,O-6,RESIDENT,IN,GPAY,ISSUER_01,False,True,OFF,2025-01-16,STD,0.376,0.205,0.073,0.149,True,True,False,OUT
U_a5600428a9,O-6,RESIDENT,IN,BHIM,ISSUER_01,False,True,OFF,2025-07-17,STD,0.108,0.182,0.488,-0.003,True,True,False,OUT
U_cbb8e7503a,O-6,RESIDENT,IN,BHIM,ISSUER_09,False,False,OFF,2025-09-25,STD,0.701,0.312,0.174,0.118,True,True,False,OUT
U_a3aa1c6915,O-1,RESIDENT,IN,PHONEPE,ISSUER_02,True,True,ON,2024-10-01,STD,0.587,0.48,0.269,-0.15,True,True,False,OUT
U_3c9d3a42c4,O-4,RESIDENT,IN,GPAY,ISSUER_05,True,True,ON,2025-03-11,STD,0.214,0.089,0.135,0.162,True,False,False,OUT
U_d9a215e09c,O-3,RESIDENT,IN,BHIM,ISSUER_12,True,True,ON,2026-04-08,STD,0.561,-0.058,0.181,0.036,True,True,True,OUT
U_13b640ed39,O-6,RESIDENT,IN,GPAY,ISSUER_03,False,False,OFF,2025-03-26,STD,0.399,0.335,0.453,-0.15,True,False,True,OUT
U_0a676af359,O-1,RESIDENT,IN,GPAY,ISSUER_10,True,True,ON,2025-09-10,STD,0.443,-0.17,0.422,0.011,True,True,True,OUT
U_9c86c3752c,O-3,RESIDENT,IN,PHONEPE,ISSUER_02,True,True,ON,2026-07-07,STD,0.955,0.042,0.282,0.131,True,True,True,OUT
U_27a07fb104,O-1,RESIDENT,IN,PHONEPE,ISSUER_11,True,True,ON,2026-07-05,STD,0.406,0.344,0.454,0.166,True,True,False,OUT
U_48384fba35,O-1,RESIDENT,IN,GPAY,ISSUER_10,True,True,ON,2025-05-15,STD,0.867,-0.138,0.587,-0.027,False,False,True,OUT
U_237777994e,O-1,RESIDENT,IN,PHONEPE,ISSUER_03,False,True,ON,2024-12-14,ELEVATED,0.272,0.223,0.337,-0.032,True,False,False,OUT
U_82ea2178f8,O-3,RESIDENT,IN,GPAY,ISSUER_06,True,True,ON,2025-01-21,STD,0.546,-0.099,0.564,-0.15,True,True,True,OUT
U_8828027063,O-2,RESIDENT,IN,PHONEPE,ISSUER_08,True,True,OFF,2025-11-24,STD,0.226,0.364,0.362,0.042,True,True,False,OUT
U_38290ebf1c,O-1,RESIDENT,IN,BHIM,ISSUER_10,True,True,ON,2025-07-22,STD,0.596,-0.226,0.362,0.078,True,True,True,OUT
U_c89f3e461e,O-5,RESIDENT,IN,GPAY,ISSUER_03,False,True,ON,2026-05-27,STD,0.88,-0.016,0.681,-0.085,True,True,False,OUT
U_8877b1c72d,O-3,RESIDENT,IN,BHIM,ISSUER_07,True,False,ON,2025-11-15,STD,0.656,0.064,0.372,-0.064,True,True,True,OUT
U_8cde76e6db,O-6,RESIDENT,IN,GPAY,ISSUER_01,False,False,OFF,2025-10-08,STD,0.309,0.288,0.102,-0.07,True,False,True,OUT
U_a218e70e96,O-2,RESIDENT,IN,PHONEPE,ISSUER_02,True,True,ON,2025-01-09,STD,0.787,0.304,0.269,-0.094,True,True,False,OUT
U_74d78534af,O-1,RESIDENT,IN,BHIM,ISSUER_07,True,True,ON,2025-07-21,STD,0.331,0.173,0.146,0.129,True,True,True,OUT
U_749464cf89,O-6,RESIDENT,IN,GPAY,ISSUER_04,False,True,OFF,2025-01-11,STD,0.914,0.214,0.19,0.028,True,False,False,OUT
U_7a00e87599,O-2,RESIDENT,IN,PHONEPE,ISSUER_06,True,True,OFF,2026-05-13,STD,0.705,0.234,0.213,0.082,True,True,True,OUT
U_c619010bbb,O-5,RESIDENT,IN,PHONEPE,ISSUER_09,False,True,OFF,2025-09-08,STD,0.819,-0.206,0.729,-0.15,True,False,False,OUT
U_eb0c2ab2d9,O-6,RESIDENT,IN,GPAY,ISSUER_07,True,True,OFF,2025-05-25,STD,0.77,0.119,0.115,0.262,True,False,True,OUT
U_cd00df53f9,O-4,RESIDENT,IN,BHIM,ISSUER_11,False,True,OFF,2024-10-02,STD,0.903,-0.001,0.665,-0.105,True,True,True,OUT
U_09814cb859,O-2,RESIDENT,IN,GPAY,ISSUER_12,True,True,ON,2025-05-02,STD,0.717,-0.19,0.325,-0.099,True,True,False,OUT
U_42f3a641dc,O-5,RESIDENT,IN,PHONEPE,ISSUER_07,True,True,OFF,2024-12-26,STD,0.679,0.216,0.065,0.249,True,False,False,OUT
U_401493d96b,O-5,RESIDENT,IN,PHONEPE,ISSUER_09,True,True,OFF,2025-06-16,STD,0.354,0.507,0.078,0.113,True,True,True,OUT
U_ba27192e4b,O-6,RESIDENT,IN,PHONEPE,ISSUER_11,False,True,OFF,2025-05-21,STD,0.251,0.207,0.238,0.108,True,True,True,OUT
U_18d3b89e74,O-1,RESIDENT,IN,PHONEPE,ISSUER_07,True,True,ON,2025-12-12,STD,0.622,0.02,0.362,-0.069,True,True,True,OUT
U_1f0a295b6a,O-5,RESIDENT,IN,GPAY,ISSUER_06,True,False,OFF,2025-06-28,STD,0.276,0.104,0.478,-0.003,True,True,False,OUT
U_5285b752dc,O-3,RESIDENT,IN,BHIM,ISSUER_12,True,True,OFF,2025-02-22,ELEVATED,0.792,0.187,0.127,0.168,True,True,False,OUT
U_df8fb36b94,O-1,RESIDENT,IN,PHONEPE,ISSUER_12,True,True,ON,2024-11-27,STD,0.448,0.157,0.281,0.057,True,True,True,OUT
U_fa7e2dc803,O-1,RESIDENT,IN,BHIM,ISSUER_04,True,True,ON,2025-09-15,STD,0.717,0.083,0.169,0.184,True,False,False,OUT
U_3e18952ef5,O-5,RESIDENT,IN,BHIM,ISSUER_07,True,True,ON,2024-12-03,STD,0.256,0.019,0.429,0.013,False,True,True,OUT
U_71c2f3a23b,O-1,RESIDENT,IN,BHIM,ISSUER_08,True,True,ON,2026-06-30,STD,0.244,0.291,0.128,0.049,True,True,True,OUT
U_a1dc0c9d54,O-1,RESIDENT,IN,PHONEPE,ISSUER_07,True,True,ON,2026-02-22,STD,0.572,0.324,0.162,0.187,True,True,True,OUT
U_9825c38b7f,O-2,RESIDENT,IN,PHONEPE,ISSUER_11,True,True,OFF,2024-11-21,STD,0.65,0.269,0.094,0.048,False,False,False,OUT
U_a5fd4730af,O-3,RESIDENT,IN,GPAY,ISSUER_12,True,True,OFF,2024-12-22,STD,0.771,-0.227,0.699,-0.113,False,False,True,OUT
U_f3f93b9eec,O-5,RESIDENT,IN,BHIM,ISSUER_02,True,True,ON,2026-05-07,STD,0.929,0.239,0.263,-0.025,True,True,True,OUT
U_27eead3e5b,O-2,RESIDENT,IN,PHONEPE,ISSUER_09,True,True,OFF,2026-01-02,STD,0.099,-0.045,0.243,0.094,True,True,True,OUT
U_cd083bdd4c,O-2,RESIDENT,IN,PHONEPE,ISSUER_03,True,True,OFF,2025-11-18,STD,0.457,0.065,0.239,0.081,False,True,False,OUT
U_2dc15df4ba,O-5,RESIDENT,IN,PHONEPE,ISSUER_09,True,True,ON,2025-07-04,STD,0.957,0.425,0.326,0.184,True,True,False,OUT
U_eb48adbf62,O-4,RESIDENT,IN,PHONEPE,ISSUER_11,True,True,OFF,2024-09-05,STD,0.292,0.106,0.415,-0.071,True,False,True,OUT
U_f04e84a6bd,O-6,RESIDENT,IN,GPAY,ISSUER_06,False,True,OFF,2025-05-29,STD,0.76,0.189,0.068,0.179,True,True,True,OUT
U_89a0803d1a,O-2,RESIDENT,IN,GPAY,ISSUER_06,True,True,OFF,2024-12-21,STD,0.702,0.248,0.246,0.022,False,False,True,OUT
U_3160986695,O-3,RESIDENT,IN,BHIM,ISSUER_07,True,False,OFF,2024-11-02,STD,0.691,0.158,0.129,0.105,True,False,True,OUT
U_844fd8b97b,O-6,RESIDENT,IN,PHONEPE,ISSUER_06,False,False,OFF,2024-12-04,STD,0.241,-0.052,0.369,-0.118,True,False,True,OUT
U_adc8e8f5be,O-6,RESIDENT,IN,BHIM,ISSUER_05,False,False,OFF,2026-06-25,ELEVATED,0.338,0.064,0.318,-0.017,True,True,False,OUT
U_96bf316e63,O-6,RESIDENT,IN,GPAY,ISSUER_12,False,False,OFF,2024-12-12,STD,0.293,0.21,0.168,-0.032,True,False,True,OUT
U_becf7aa099,O-1,RESIDENT,IN,BHIM,ISSUER_12,True,True,ON,2025-11-23,STD,0.813,0.189,0.34,-0.022,True,False,True,OUT
U_7b3d57eff9,O-6,RESIDENT,IN,PHONEPE,ISSUER_10,True,False,OFF,2025-04-16,ELEVATED,0.269,-0.23,0.272,-0.113,True,True,False,OUT
U_eaf26d7b8e,O-1,RESIDENT,IN,PHONEPE,ISSUER_12,True,True,ON,2026-05-28,STD,0.807,0.261,0.233,-0.029,True,False,True,OUT
U_60b369f8a4,O-6,RESIDENT,IN,GPAY,ISSUER_01,True,True,OFF,2025-05-15,STD,0.489,0.095,0.183,-0.145,True,True,False,OUT
U_9bf2cad14f,O-5,RESIDENT,IN,BHIM,ISSUER_11,False,True,ON,2025-05-26,STD,0.633,-0.113,0.202,-0.025,True,True,False,OUT
U_84a5b290c2,O-2,RESIDENT,IN,PHONEPE,ISSUER_08,True,True,ON,2024-12-23,STD,0.584,-0.148,0.319,-0.004,True,False,False,OUT
U_c93f820229,O-1,RESIDENT,IN,BHIM,ISSUER_07,True,True,ON,2026-04-10,STD,0.495,0.104,0.364,-0.057,True,False,False,OUT
U_54d9615ff2,O-4,RESIDENT,IN,GPAY,ISSUER_01,True,True,OFF,2024-10-01,STD,0.798,0.201,0.186,0.016,True,False,True,OUT
U_8a487c04c5,O-6,RESIDENT,IN,PHONEPE,ISSUER_08,False,False,OFF,2026-04-01,STD,0.538,0.23,0.064,0.228,True,True,False,OUT
U_91af56b1ae,O-3,RESIDENT,IN,BHIM,ISSUER_05,False,True,OFF,2025-09-16,STD,0.181,0.238,0.255,0.146,True,True,True,OUT
U_f26d5ccf4a,O-6,RESIDENT,IN,BHIM,ISSUER_08,False,False,OFF,2025-12-12,STD,0.416,0.132,0.2,0.156,True,True,False,OUT
U_506d3c2837,O-2,RESIDENT,IN,GPAY,ISSUER_10,True,True,ON,2025-04-06,STD,0.083,0.138,0.379,0.075,True,True,True,OUT
U_1f68f213d5,O-2,RESIDENT,IN,GPAY,ISSUER_09,True,True,ON,2024-12-31,STD,0.621,0.23,0.386,-0.15,True,False,False,OUT
U_012e1521de,O-2,RESIDENT,IN,BHIM,ISSUER_12,True,True,ON,2025-10-28,STD,0.589,0.101,0.162,-0.15,True,False,True,OUT
U_96866010e9,O-2,RESIDENT,IN,GPAY,ISSUER_08,True,True,OFF,2025-02-28,STD,0.724,0.201,0.126,0.032,True,True,False,OUT
U_39bf6a5d44,O-2,RESIDENT,IN,BHIM,ISSUER_05,True,False,OFF,2026-01-06,STD,0.497,0.488,0.2,-0.15,True,False,False,OUT
U_a9f85a72ee,O-4,RESIDENT,IN,PHONEPE,ISSUER_06,True,True,ON,2025-11-28,STD,0.321,-0.313,0.67,-0.15,True,False,True,OUT
U_c298d26b93,O-1,RESIDENT,IN,BHIM,ISSUER_03,True,True,ON,2025-10-17,STD,0.3,0.137,0.107,-0.021,True,True,True,OUT
U_938ffe8cb9,O-1,RESIDENT,IN,GPAY,ISSUER_03,True,True,ON,2025-10-20,STD,0.63,0.404,0.227,-0.057,False,True,True,OUT
U_d7fe64d40f,O-4,RESIDENT,IN,PHONEPE,ISSUER_12,True,True,ON,2025-04-05,STD,0.42,0.177,0.303,-0.031,False,False,False,OUT
U_0028fd4728,O-5,RESIDENT,IN,BHIM,ISSUER_09,True,True,OFF,2024-08-17,STD,0.481,0.223,0.391,0.138,False,False,True,OUT
U_cc71eede2f,O-2,RESIDENT,IN,GPAY,ISSUER_06,True,True,OFF,2024-11-05,STD,0.449,0.026,0.129,-0.021,True,True,True,OUT
U_c8a10c6814,O-1,RESIDENT,IN,GPAY,ISSUER_11,True,False,ON,2025-07-19,STD,0.545,-0.061,0.331,-0.129,True,True,False,OUT
U_b9b7a91813,O-4,RESIDENT,IN,GPAY,ISSUER_01,True,True,OFF,2024-09-17,STD,0.824,0.029,0.047,0.087,True,True,True,OUT
U_37a8c29449,O-6,RESIDENT,IN,PHONEPE,ISSUER_04,False,True,OFF,2025-12-22,STD,0.422,-0.129,0.161,0.095,False,True,True,OUT
U_24a00d7183,O-5,RESIDENT,IN,GPAY,ISSUER_07,True,True,ON,2026-07-02,STD,0.384,0.054,0.117,-0.051,True,True,True,OUT
U_8a4feefb13,O-1,RESIDENT,IN,GPAY,ISSUER_08,True,True,ON,2025-07-14,STD,0.804,-0.07,0.352,-0.024,True,True,False,OUT
U_59538aeddb,O-1,RESIDENT,IN,PHONEPE,ISSUER_02,True,True,ON,2026-04-09,STD,0.227,0.306,0.261,0.113,True,False,False,OUT
U_4f8027c206,O-4,RESIDENT,IN,BHIM,ISSUER_06,True,True,ON,2025-03-04,STD,0.506,0.327,0.184,0.02,True,True,True,OUT
U_af932e6b7d,O-1,RESIDENT,IN,GPAY,ISSUER_03,True,True,ON,2026-01-17,STD,0.594,0.348,0.39,-0.125,True,True,False,OUT
U_dde27e3a7a,O-2,RESIDENT,IN,GPAY,ISSUER_08,False,True,ON,2024-12-12,ELEVATED,0.225,0.0,0.297,0.025,False,True,True,OUT
U_8bbb010780,O-2,RESIDENT,IN,PHONEPE,ISSUER_06,True,True,ON,2026-02-22,STD,0.178,-0.05,0.752,-0.15,True,True,False,OUT
U_1f4f512d77,O-6,RESIDENT,IN,GPAY,ISSUER_11,True,True,OFF,2025-10-03,STD,0.14,-0.262,0.599,-0.15,True,False,True,OUT
U_90c61b4f80,O-6,RESIDENT,IN,GPAY,ISSUER_04,False,False,OFF,2025-01-21,STD,0.533,-0.249,0.294,0.121,True,True,True,OUT
U_f51320a069,O-2,RESIDENT,IN,PHONEPE,ISSUER_03,True,True,ON,2024-09-06,STD,0.866,-0.1,0.459,-0.141,True,False,False,OUT
U_6a312d3498,O-6,RESIDENT,IN,GPAY,ISSUER_06,True,False,OFF,2025-12-28,STD,0.413,-0.052,0.127,0.073,True,True,False,OUT
U_e431ff523b,O-3,RESIDENT,IN,BHIM,ISSUER_04,True,True,ON,2026-01-10,STD,0.35,0.098,0.138,0.237,True,True,True,OUT
U_3c36988d5c,O-6,RESIDENT,IN,PHONEPE,ISSUER_11,True,False,OFF,2025-11-25,STD,0.246,0.128,0.206,-0.044,True,True,False,OUT
U_55f09e07ca,O-1,RESIDENT,IN,PHONEPE,ISSUER_03,True,True,ON,2025-06-09,STD,0.639,-0.1,0.731,-0.138,True,True,True,OUT
U_5c121c2a72,O-1,RESIDENT,IN,BHIM,ISSUER_02,True,True,ON,2025-04-10,STD,0.564,0.073,0.049,-0.054,True,True,True,OUT
U_22c6172405,O-3,RESIDENT,IN,PHONEPE,ISSUER_05,True,True,ON,2024-12-07,STD,0.665,-0.273,0.268,0.185,True,True,True,OUT
U_d086885426,O-2,RESIDENT,IN,PHONEPE,ISSUER_03,True,True,OFF,2025-03-12,STD,0.304,0.162,0.271,-0.131,True,True,False,OUT
U_fbeb8d0125,O-6,RESIDENT,IN,PHONEPE,ISSUER_06,False,False,OFF,2025-04-28,STD,0.803,0.125,0.138,0.195,True,True,False,OUT
U_a74e42fd6b,O-1,RESIDENT,IN,GPAY,ISSUER_09,False,True,ON,2025-10-19,STD,0.692,-0.049,0.841,-0.081,True,True,False,OUT
U_a01c0f9846,O-2,RESIDENT,IN,BHIM,ISSUER_02,True,True,OFF,2025-08-11,STD,0.325,0.6,0.168,-0.045,True,True,False,OUT
U_55e19a1777,O-3,RESIDENT,IN,PHONEPE,ISSUER_12,True,True,ON,2026-06-06,STD,0.223,-0.138,0.286,0.119,True,False,False,OUT
U_b55341a675,O-4,RESIDENT,IN,PHONEPE,ISSUER_08,True,True,ON,2025-02-08,STD,0.714,0.512,0.456,-0.15,True,False,True,OUT
U_f5bf9c03b5,O-2,RESIDENT,IN,PHONEPE,ISSUER_02,True,True,OFF,2025-08-13,STD,0.86,-0.043,0.691,-0.15,False,True,False,OUT
U_f496d3a316,O-3,RESIDENT,IN,PHONEPE,ISSUER_05,True,True,OFF,2024-12-19,STD,0.58,-0.172,0.485,-0.15,True,True,False,OUT
U_e6459ab3c7,O-6,RESIDENT,IN,BHIM,ISSUER_09,True,False,OFF,2026-05-05,STD,0.529,0.255,0.229,0.043,True,False,False,OUT
U_1a67de70f1,O-5,RESIDENT,IN,GPAY,ISSUER_02,True,True,ON,2026-02-01,STD,0.607,0.247,0.33,0.05,True,True,False,OUT
U_be6a77ea35,O-4,RESIDENT,IN,PHONEPE,ISSUER_06,True,True,ON,2025-09-24,STD,0.167,0.098,0.194,0.073,True,True,True,OUT
U_07866ced6c,O-1,RESIDENT,IN,BHIM,ISSUER_12,True,False,ON,2026-02-10,STD,0.769,0.071,0.343,0.141,True,True,False,OUT
U_a0755ec651,O-6,RESIDENT,IN,PHONEPE,ISSUER_05,False,False,OFF,2025-11-01,STD,0.787,-0.047,0.322,-0.15,True,False,False,OUT
U_cafba09e76,O-1,RESIDENT,IN,GPAY,ISSUER_06,True,True,ON,2025-02-26,STD,0.52,0.527,0.442,-0.078,True,False,True,OUT
U_773afee3d8,O-5,RESIDENT,IN,PHONEPE,ISSUER_08,True,True,OFF,2025-02-01,STD,0.655,0.088,0.093,0.031,True,True,True,OUT
U_1c7f1a60cd,O-6,RESIDENT,IN,BHIM,ISSUER_02,True,False,OFF,2025-02-02,STD,0.302,0.0,0.165,0.003,True,True,True,OUT
U_94ea97d148,O-6,RESIDENT,IN,BHIM,ISSUER_11,True,False,OFF,2025-04-30,STD,0.465,0.426,0.388,-0.076,True,True,False,OUT
U_4da705844b,O-5,RESIDENT,IN,BHIM,ISSUER_04,False,True,OFF,2025-08-24,STD,0.518,-0.4,0.251,0.2,True,True,False,OUT
U_86166a2e22,O-2,RESIDENT,IN,BHIM,ISSUER_05,True,True,OFF,2025-12-15,STD,0.858,0.3,0.064,0.309,True,True,True,OUT
U_c80490d1d2,O-2,RESIDENT,IN,GPAY,ISSUER_03,True,True,OFF,2026-01-13,STD,0.508,0.268,0.377,0.022,True,True,True,OUT
U_9a370dcccc,O-1,RESIDENT,IN,PHONEPE,ISSUER_05,False,True,ON,2024-12-09,STD,0.367,0.074,0.17,0.25,True,True,True,OUT
U_93d457ec10,O-3,RESIDENT,IN,GPAY,ISSUER_06,False,True,OFF,2025-08-31,STD,0.419,0.535,0.144,-0.121,True,True,False,OUT
U_7bd6c10d42,O-3,RESIDENT,IN,BHIM,ISSUER_02,True,True,OFF,2026-04-07,STD,0.76,0.175,0.055,0.101,True,False,True,OUT
U_57fa77df57,O-1,RESIDENT,IN,GPAY,ISSUER_01,True,True,ON,2024-11-14,STD,0.713,-0.029,0.646,-0.007,True,True,True,OUT
U_bb6ca7c006,O-4,RESIDENT,IN,PHONEPE,ISSUER_03,True,True,ON,2024-09-19,STD,0.676,-0.115,0.25,-0.084,True,False,True,OUT
U_2d1c6575c8,O-5,RESIDENT,IN,PHONEPE,ISSUER_06,True,False,ON,2026-02-13,STD,0.488,0.16,0.527,-0.15,True,True,False,OUT
U_d93a22dfa3,O-3,RESIDENT,IN,GPAY,ISSUER_03,True,True,ON,2025-02-25,STD,0.143,0.05,0.234,-0.076,True,True,True,OUT
U_a8154e49cf,O-2,RESIDENT,IN,GPAY,ISSUER_07,True,True,OFF,2025-10-22,STD,0.382,0.186,0.086,0.146,True,True,True,OUT
U_15c35dc943,O-1,RESIDENT,IN,GPAY,ISSUER_06,True,True,ON,2024-10-14,STD,0.721,0.053,0.257,-0.088,True,False,False,OUT
U_dd2f15c6af,O-5,RESIDENT,IN,GPAY,ISSUER_08,True,True,OFF,2024-11-04,STD,0.552,-0.053,0.021,-0.075,False,True,True,OUT
U_f45e7c5e0d,O-3,RESIDENT,IN,GPAY,ISSUER_08,True,True,OFF,2026-06-16,STD,0.959,0.15,0.103,0.033,True,True,True,OUT
U_1513c42403,O-3,RESIDENT,IN,BHIM,ISSUER_12,True,True,ON,2024-12-12,STD,0.253,-0.066,0.076,-0.106,True,True,False,OUT
U_cc62daa716,O-5,RESIDENT,IN,PHONEPE,ISSUER_05,True,False,ON,2024-10-13,STD,0.383,0.265,0.47,-0.111,True,True,False,OUT
U_9eb22e28a2,O-2,RESIDENT,IN,PHONEPE,ISSUER_10,False,True,ON,2025-11-26,STD,0.414,0.52,0.478,0.051,True,True,False,OUT
U_d71410e82e,O-1,RESIDENT,IN,PHONEPE,ISSUER_02,True,True,ON,2025-03-26,STD,0.716,-0.04,0.588,-0.15,True,True,False,OUT
U_0b0c623a54,O-3,RESIDENT,IN,PHONEPE,ISSUER_03,True,True,OFF,2026-04-20,STD,0.583,-0.034,0.518,0.054,True,True,False,OUT
U_6eb4af7405,O-1,RESIDENT,IN,PHONEPE,ISSUER_07,True,True,ON,2025-09-07,STD,0.19,-0.078,0.709,0.011,True,True,False,OUT
U_b68d67f3a9,O-4,RESIDENT,IN,GPAY,ISSUER_07,True,True,ON,2024-10-07,STD,0.432,0.031,0.339,0.15,False,False,False,OUT
U_577bfb985d,O-1,RESIDENT,IN,PHONEPE,ISSUER_07,True,False,ON,2024-11-09,STD,0.268,0.026,0.456,-0.084,True,True,False,OUT
U_27f554f40b,O-2,RESIDENT,IN,BHIM,ISSUER_01,True,True,ON,2025-10-01,STD,0.499,0.301,0.022,0.107,True,True,True,OUT
U_29a4f62434,O-1,RESIDENT,IN,PHONEPE,ISSUER_09,True,True,ON,2025-06-19,STD,0.291,-0.058,0.689,-0.15,True,True,True,OUT
U_3a63463506,O-6,RESIDENT,IN,GPAY,ISSUER_01,False,True,OFF,2025-08-21,STD,0.573,-0.4,0.299,-0.105,False,True,False,OUT
U_48c224c00e,O-6,RESIDENT,IN,PHONEPE,ISSUER_02,False,False,OFF,2026-06-17,STD,0.715,0.045,0.243,0.082,True,True,True,OUT
U_3ab180a653,O-2,RESIDENT,IN,GPAY,ISSUER_09,True,True,OFF,2025-10-27,STD,0.452,0.372,0.145,0.008,False,False,False,OUT
U_d7fb0bce9b,O-2,RESIDENT,IN,PHONEPE,ISSUER_03,True,True,OFF,2025-10-21,STD,0.25,-0.014,0.688,-0.052,True,False,False,OUT
U_0b5b431498,O-1,RESIDENT,IN,GPAY,ISSUER_08,True,True,ON,2026-01-26,STD,0.917,-0.142,0.57,-0.15,True,True,False,OUT
U_e72a2d9400,O-6,RESIDENT,IN,GPAY,ISSUER_04,False,False,OFF,2025-12-15,STD,0.804,-0.081,0.404,-0.052,True,True,True,OUT
U_8bd3a19e70,O-1,RESIDENT,IN,BHIM,ISSUER_09,True,True,ON,2025-10-03,STD,0.24,0.335,0.254,-0.15,True,True,True,OUT
U_6a0f6ee993,O-1,RESIDENT,IN,PHONEPE,ISSUER_09,True,True,ON,2025-01-26,STD,0.217,0.366,0.156,0.277,True,True,False,OUT
U_1731b53bc7,O-6,RESIDENT,IN,PHONEPE,ISSUER_12,True,False,OFF,2025-04-19,STD,0.128,0.168,0.188,0.278,True,True,True,OUT
U_c02413d9fd,O-2,RESIDENT,IN,PHONEPE,ISSUER_09,True,True,OFF,2025-12-05,STD,0.585,0.39,0.441,0.151,True,False,True,OUT
U_1929b28139,O-3,RESIDENT,IN,GPAY,ISSUER_12,True,True,ON,2025-05-20,STD,0.247,-0.084,0.425,0.041,True,False,False,OUT
U_2c40b9399d,O-4,RESIDENT,IN,GPAY,ISSUER_04,True,False,OFF,2025-02-14,STD,0.33,0.077,0.168,0.321,True,False,True,OUT
U_72b600c63f,O-2,RESIDENT,IN,PHONEPE,ISSUER_02,True,True,ON,2025-05-03,STD,0.591,-0.287,0.516,-0.015,True,True,True,OUT
U_0a1ab3db75,O-5,RESIDENT,IN,BHIM,ISSUER_04,True,True,OFF,2025-11-16,STD,0.3,0.212,0.312,0.031,True,True,True,OUT
U_f2bf0789fd,O-2,RESIDENT,IN,PHONEPE,ISSUER_02,True,True,ON,2025-12-17,STD,0.721,0.223,0.226,0.016,False,True,False,OUT
U_b35e4e2359,O-3,RESIDENT,IN,PHONEPE,ISSUER_02,True,True,OFF,2025-06-17,STD,0.294,0.164,0.231,0.038,False,True,True,OUT
U_39de14a925,O-6,RESIDENT,IN,GPAY,ISSUER_07,False,False,OFF,2024-12-13,STD,0.191,0.301,0.249,-0.042,False,False,True,OUT
U_332eb1e3b5,O-1,RESIDENT,IN,BHIM,ISSUER_07,True,True,ON,2025-04-24,STD,0.581,0.269,0.311,0.023,True,False,True,OUT
U_11cd4d2a97,O-4,RESIDENT,IN,PHONEPE,ISSUER_04,True,True,ON,2025-03-31,STD,0.562,-0.042,0.717,-0.098,True,False,False,OUT
U_9069b14139,O-1,RESIDENT,IN,PHONEPE,ISSUER_03,True,False,ON,2025-09-27,STD,0.74,0.056,0.157,-0.065,True,False,False,OUT
U_99ed62df4f,O-6,RESIDENT,IN,BHIM,ISSUER_04,True,True,OFF,2024-12-29,STD,0.762,0.078,0.433,0.005,True,False,True,OUT
U_515ab22079,O-1,RESIDENT,IN,PHONEPE,ISSUER_05,True,True,ON,2026-07-30,STD,0.784,0.091,0.215,-0.15,True,True,False,OUT
U_e2cb83f33b,O-6,RESIDENT,IN,GPAY,ISSUER_10,False,True,OFF,2024-11-19,STD,0.06,0.159,0.374,0.274,True,True,True,OUT
U_25497b350c,O-6,RESIDENT,IN,PHONEPE,ISSUER_01,False,False,OFF,2025-04-25,STD,0.363,0.255,0.284,0.052,True,False,False,OUT
U_78785acf1f,O-5,RESIDENT,IN,PHONEPE,ISSUER_08,True,True,ON,2026-06-14,STD,0.344,0.121,0.039,0.225,True,True,False,OUT
U_89c67bfcf5,O-6,RESIDENT,IN,GPAY,ISSUER_03,True,False,OFF,2025-02-10,STD,0.843,-0.059,0.938,-0.15,True,False,False,OUT
U_f3fc43c83a,O-6,RESIDENT,IN,PHONEPE,ISSUER_04,True,False,OFF,2026-01-26,STD,0.414,-0.053,0.684,0.242,True,True,True,OUT
U_67666f82ef,O-1,RESIDENT,IN,PHONEPE,ISSUER_05,True,True,ON,2026-02-24,STD,0.332,0.02,0.258,-0.104,True,True,True,OUT
U_f5f86811c9,O-4,RESIDENT,IN,GPAY,ISSUER_12,True,True,ON,2025-10-25,STD,0.115,0.171,0.321,0.084,False,False,False,OUT
U_b80519f893,O-1,RESIDENT,IN,PHONEPE,ISSUER_08,True,True,ON,2024-11-11,STD,0.237,-0.149,0.635,-0.15,True,True,False,OUT
U_a6c774e717,O-3,RESIDENT,IN,BHIM,ISSUER_06,True,True,ON,2024-11-02,STD,0.545,-0.006,0.245,-0.019,True,False,True,OUT
U_12631491cd,O-2,RESIDENT,IN,BHIM,ISSUER_03,True,True,OFF,2025-10-25,STD,0.711,0.125,0.385,-0.145,True,True,False,OUT
U_3f17a58a24,O-2,RESIDENT,IN,PHONEPE,ISSUER_04,True,True,OFF,2026-02-13,STD,0.755,0.007,0.309,0.026,True,True,False,OUT
U_6739fdd499,O-2,RESIDENT,IN,BHIM,ISSUER_09,True,True,OFF,2025-12-13,STD,0.504,0.019,0.264,0.02,True,True,True,OUT
U_695fbe4ee9,O-1,RESIDENT,IN,BHIM,ISSUER_04,True,True,ON,2025-01-21,STD,0.382,-0.176,0.339,-0.094,False,False,False,OUT
U_4afb794cbc,O-1,RESIDENT,IN,BHIM,ISSUER_01,True,True,ON,2026-05-17,STD,0.372,0.102,0.343,-0.15,True,True,False,OUT
U_ec8bc01040,O-1,RESIDENT,IN,GPAY,ISSUER_12,True,False,ON,2025-10-11,STD,0.743,0.097,0.301,0.196,False,False,True,OUT
U_b9da09a6da,O-2,RESIDENT,IN,BHIM,ISSUER_10,True,True,ON,2025-05-20,STD,0.806,0.103,0.302,-0.024,True,True,True,OUT
U_5962380f57,O-6,RESIDENT,IN,BHIM,ISSUER_12,False,True,OFF,2025-07-14,STD,0.083,0.194,0.517,-0.131,True,True,True,OUT
U_c78d523e04,O-1,RESIDENT,IN,PHONEPE,ISSUER_07,True,True,ON,2024-11-29,STD,0.068,0.165,0.15,-0.15,True,True,False,OUT
U_224eb2cf0a,O-5,RESIDENT,IN,GPAY,ISSUER_10,True,True,OFF,2024-09-13,STD,0.138,0.011,0.193,0.162,True,True,True,OUT
U_9dfce82f44,O-2,RESIDENT,IN,GPAY,ISSUER_07,True,True,ON,2026-04-24,STD,0.427,0.213,0.389,-0.055,True,True,True,OUT
U_1733dbf206,O-1,RESIDENT,IN,GPAY,ISSUER_07,True,True,ON,2025-05-24,STD,0.935,0.6,0.123,0.165,False,False,False,OUT
U_92d65d79d7,O-2,RESIDENT,IN,BHIM,ISSUER_04,True,True,OFF,2026-05-22,STD,0.789,-0.008,0.313,0.072,True,False,False,OUT
U_d7c5d5d84a,O-2,RESIDENT,IN,GPAY,ISSUER_11,True,False,OFF,2025-02-14,STD,0.378,0.202,0.129,0.008,True,False,True,OUT
U_8100293663,O-5,RESIDENT,IN,GPAY,ISSUER_06,True,True,OFF,2026-03-07,STD,0.629,0.167,0.248,0.039,True,False,False,OUT
U_d17786c03d,O-1,RESIDENT,IN,GPAY,ISSUER_11,True,False,ON,2026-05-31,STD,0.565,0.216,0.392,0.085,True,False,False,OUT
U_eb1b2e1543,O-6,RESIDENT,IN,BHIM,ISSUER_03,False,True,OFF,2026-07-11,STD,0.554,0.231,0.116,0.185,True,True,True,OUT
U_fef0c22cfa,O-1,RESIDENT,IN,GPAY,ISSUER_08,True,True,ON,2024-09-16,STD,0.192,0.095,0.426,0.069,True,True,False,OUT
U_c71d0297ae,O-2,RESIDENT,IN,GPAY,ISSUER_07,True,True,OFF,2025-12-26,STD,0.537,0.393,0.15,0.094,True,True,True,OUT
U_46417fe600,O-3,RESIDENT,IN,BHIM,ISSUER_06,False,True,OFF,2026-03-08,STD,0.417,-0.095,0.286,0.162,True,True,False,OUT
U_c86966bcb3,O-1,RESIDENT,IN,GPAY,ISSUER_08,True,True,ON,2024-09-07,STD,0.467,-0.166,0.46,-0.004,True,True,False,OUT
U_093119c5b2,O-2,RESIDENT,IN,BHIM,ISSUER_05,True,True,OFF,2026-04-24,STD,0.675,0.042,0.038,0.049,False,True,False,OUT
U_dd027b8093,O-1,RESIDENT,IN,GPAY,ISSUER_01,True,True,ON,2025-11-30,STD,0.371,0.267,0.2,-0.115,True,False,False,OUT
U_046870db27,O-6,RESIDENT,IN,GPAY,ISSUER_11,True,True,OFF,2026-03-27,STD,0.144,0.238,0.338,0.13,True,False,False,OUT
U_556d55df48,O-2,RESIDENT,IN,GPAY,ISSUER_08,True,True,OFF,2026-02-12,STD,0.554,0.148,0.359,0.053,False,True,False,OUT
U_4e7c23fc45,O-3,RESIDENT,IN,PHONEPE,ISSUER_07,True,True,OFF,2025-12-18,STD,0.347,0.443,0.098,0.073,True,False,True,OUT
U_314323475a,O-3,RESIDENT,IN,PHONEPE,ISSUER_02,True,True,ON,2024-11-30,STD,0.946,0.056,0.063,0.131,True,True,False,OUT
U_1737f4b29a,O-2,RESIDENT,IN,BHIM,ISSUER_08,True,True,OFF,2025-03-10,STD,0.379,0.235,0.242,0.121,True,False,True,OUT
U_3ffa6d11b1,O-6,RESIDENT,IN,PHONEPE,ISSUER_02,True,False,OFF,2026-03-22,STD,0.85,0.155,0.094,-0.006,True,True,False,OUT
U_474eaf94de,O-1,RESIDENT,IN,BHIM,ISSUER_06,True,True,ON,2025-11-29,STD,0.355,-0.166,0.593,-0.122,True,True,False,OUT
U_c6454a7aa1,O-5,RESIDENT,IN,GPAY,ISSUER_02,True,True,ON,2025-02-01,STD,0.48,0.244,0.323,-0.15,True,False,False,OUT
U_8ea172e002,O-6,RESIDENT,IN,GPAY,ISSUER_02,False,True,OFF,2025-03-30,STD,0.722,-0.037,0.514,-0.15,True,True,True,OUT
U_17a01e67e3,O-2,RESIDENT,IN,GPAY,ISSUER_09,True,True,ON,2025-01-05,STD,0.833,0.469,0.15,0.076,False,True,False,OUT
U_be7dd08bc6,O-1,RESIDENT,IN,GPAY,ISSUER_10,True,True,ON,2025-02-22,STD,0.137,-0.4,0.831,-0.15,True,True,True,OUT
U_1129112f37,O-3,RESIDENT,IN,PHONEPE,ISSUER_05,True,True,ON,2025-02-01,STD,0.518,0.031,0.233,0.175,True,True,True,OUT
U_5cf7180966,O-5,RESIDENT,IN,BHIM,ISSUER_12,True,True,ON,2025-03-27,STD,0.739,0.082,0.208,-0.014,True,True,True,OUT
U_f63303998d,O-6,RESIDENT,IN,PHONEPE,ISSUER_11,False,False,OFF,2025-10-26,STD,0.633,0.187,0.146,0.079,True,True,True,OUT
U_c1a5ad2940,O-4,RESIDENT,IN,BHIM,ISSUER_05,True,True,ON,2025-01-21,STD,0.67,0.116,0.347,0.141,True,True,True,OUT
U_83b7a92e49,O-2,RESIDENT,IN,GPAY,ISSUER_01,True,True,ON,2025-06-21,STD,0.17,0.335,0.071,0.071,True,True,True,OUT
U_184e5747a5,O-2,RESIDENT,IN,BHIM,ISSUER_08,True,False,ON,2025-09-02,STD,0.371,0.326,0.256,0.103,False,True,False,OUT
U_6424306bc8,O-5,RESIDENT,IN,PHONEPE,ISSUER_08,True,True,OFF,2025-10-17,STD,0.62,0.187,0.124,-0.008,True,True,True,OUT
U_7616e787de,O-2,RESIDENT,IN,BHIM,ISSUER_01,True,True,ON,2025-09-20,STD,0.73,0.239,0.192,0.005,True,True,False,OUT
U_b7f74810e2,O-5,RESIDENT,IN,BHIM,ISSUER_01,True,True,ON,2025-01-06,STD,0.374,0.115,0.331,-0.057,True,True,False,OUT
U_ba95fbf072,O-6,RESIDENT,IN,BHIM,ISSUER_01,False,False,OFF,2026-03-25,STD,0.31,-0.258,0.235,0.212,True,True,True,OUT
U_c4d67c7189,O-1,RESIDENT,IN,BHIM,ISSUER_01,True,True,ON,2024-11-03,STD,0.682,0.293,0.392,-0.149,True,False,False,OUT
U_a310fe7a60,O-1,RESIDENT,IN,BHIM,ISSUER_02,True,True,ON,2026-03-23,STD,0.537,-0.265,0.416,0.045,False,True,False,OUT
U_0290e3548a,O-2,RESIDENT,IN,PHONEPE,ISSUER_10,True,True,OFF,2026-05-26,STD,0.467,0.038,0.321,0.004,True,True,True,OUT
U_ec62ed490e,O-3,RESIDENT,IN,GPAY,ISSUER_09,True,True,OFF,2024-09-09,STD,0.756,-0.108,0.208,0.051,False,False,False,OUT
U_93f204d45a,O-2,RESIDENT,IN,BHIM,ISSUER_02,True,True,OFF,2025-08-15,STD,0.514,0.049,0.236,0.095,True,True,True,OUT
U_d67bee3804,O-4,RESIDENT,IN,BHIM,ISSUER_08,True,True,ON,2025-02-12,STD,0.303,0.178,0.321,-0.048,True,True,True,OUT
U_c392da2803,O-1,RESIDENT,IN,GPAY,ISSUER_08,True,True,ON,2024-09-04,STD,0.556,0.098,0.183,0.05,False,True,False,OUT
U_03bda01ab9,O-3,RESIDENT,IN,BHIM,ISSUER_01,True,True,ON,2026-04-08,STD,0.445,-0.036,0.506,-0.15,False,False,True,OUT
U_840284db7c,O-2,RESIDENT,IN,BHIM,ISSUER_05,False,True,ON,2026-02-04,STD,0.058,0.172,0.32,0.007,True,True,True,OUT
U_fa108db14a,O-6,RESIDENT,IN,BHIM,ISSUER_10,False,False,OFF,2025-04-28,STD,0.766,-0.132,0.651,-0.15,False,True,True,OUT
U_84f4263fe1,O-4,RESIDENT,IN,PHONEPE,ISSUER_01,True,True,OFF,2025-04-21,STD,0.342,0.136,0.093,0.124,True,True,True,OUT
U_70cf5ace1a,O-5,RESIDENT,IN,GPAY,ISSUER_01,True,True,ON,2026-02-07,STD,0.495,0.087,0.04,0.123,True,True,False,OUT
U_01b00b6efb,O-1,RESIDENT,IN,GPAY,ISSUER_09,True,True,ON,2024-11-16,STD,0.343,0.067,0.386,-0.137,True,False,True,OUT
U_c9d31d20da,O-4,RESIDENT,IN,BHIM,ISSUER_03,True,False,OFF,2025-12-20,STD,0.793,0.514,0.1,-0.09,True,True,True,OUT
U_3ea8cb2ebc,O-3,RESIDENT,IN,BHIM,ISSUER_03,True,True,OFF,2026-04-14,STD,0.204,0.129,0.106,0.068,True,True,True,OUT
U_73a33759b0,O-6,RESIDENT,IN,PHONEPE,ISSUER_11,True,False,OFF,2025-03-23,STD,0.13,0.253,0.097,-0.1,True,True,True,OUT
U_943eead8ad,O-2,RESIDENT,IN,BHIM,ISSUER_07,True,True,ON,2025-04-11,STD,0.369,-0.064,0.461,-0.118,True,True,False,OUT
U_f54848bde3,O-2,RESIDENT,IN,PHONEPE,ISSUER_04,True,True,OFF,2025-10-07,STD,0.168,-0.028,0.735,-0.106,True,True,True,OUT
U_cb84614af6,O-4,RESIDENT,IN,BHIM,ISSUER_04,True,True,OFF,2026-04-22,STD,0.291,-0.047,0.317,-0.042,False,True,True,OUT
U_613988843b,O-6,RESIDENT,IN,BHIM,ISSUER_07,False,False,OFF,2025-05-22,STD,0.95,0.099,0.237,0.083,True,False,True,OUT
U_f7c6de5ccf,O-1,RESIDENT,IN,GPAY,ISSUER_02,True,True,ON,2026-04-03,STD,0.659,0.277,0.266,0.286,True,True,True,OUT
U_fa3205ce0c,O-1,RESIDENT,IN,BHIM,ISSUER_04,True,False,ON,2025-09-22,STD,0.97,0.099,0.166,-0.022,True,True,True,OUT
U_f8154a6d5b,O-2,RESIDENT,IN,BHIM,ISSUER_07,True,True,OFF,2025-03-15,STD,0.575,-0.3,0.18,-0.106,True,False,False,OUT
U_a44197d1e9,O-3,RESIDENT,IN,PHONEPE,ISSUER_07,True,True,ON,2025-02-27,STD,0.536,0.066,0.479,-0.052,True,True,True,OUT
U_7c699ff243,O-5,RESIDENT,IN,BHIM,ISSUER_09,True,True,ON,2026-04-28,STD,0.415,0.071,0.396,0.051,False,True,True,OUT
U_75eafb82d6,O-1,RESIDENT,IN,GPAY,ISSUER_01,False,True,ON,2026-05-12,STD,0.437,-0.019,0.457,-0.15,True,True,False,OUT
U_b28614e405,O-5,RESIDENT,IN,BHIM,ISSUER_09,True,True,OFF,2026-07-08,STD,0.422,-0.028,0.157,-0.133,True,True,True,OUT
U_c9d0dbbbcb,O-6,RESIDENT,IN,PHONEPE,ISSUER_12,False,True,OFF,2025-05-25,STD,0.472,-0.004,0.017,-0.063,True,False,False,OUT
U_9b3270ca6b,O-6,RESIDENT,IN,GPAY,ISSUER_09,False,False,OFF,2026-06-11,STD,0.422,0.228,0.203,0.026,True,False,True,OUT
U_04fbe818cc,O-5,RESIDENT,IN,GPAY,ISSUER_02,True,True,OFF,2025-07-16,STD,0.188,0.062,0.28,-0.041,False,False,False,OUT
U_e54cdce45d,O-2,RESIDENT,IN,GPAY,ISSUER_09,True,True,ON,2026-02-01,STD,0.458,0.197,0.317,0.02,True,True,True,OUT
U_c68aa21539,O-3,RESIDENT,IN,PHONEPE,ISSUER_10,False,True,ON,2024-10-02,STD,0.773,0.275,0.344,-0.038,True,True,False,OUT
U_ad611f108c,O-1,RESIDENT,IN,BHIM,ISSUER_02,True,True,ON,2024-10-05,STD,0.906,-0.013,0.24,-0.144,True,True,False,OUT
U_b7a865f4d5,O-6,RESIDENT,IN,PHONEPE,ISSUER_04,True,False,OFF,2026-05-15,STD,0.314,0.226,0.136,0.102,True,True,False,OUT
U_1127f4eb69,O-2,RESIDENT,IN,PHONEPE,ISSUER_05,True,True,OFF,2025-09-19,STD,0.544,-0.275,0.193,-0.026,True,False,False,OUT
U_70b7bd9a51,O-2,RESIDENT,IN,GPAY,ISSUER_12,True,True,OFF,2025-07-13,RESTRICTED,0.689,0.274,0.2,0.007,True,False,False,OUT
U_e19b019b36,O-2,RESIDENT,IN,GPAY,ISSUER_06,True,True,OFF,2025-06-30,STD,0.729,0.6,0.195,-0.042,True,True,True,OUT
U_a1d10e27de,O-3,RESIDENT,IN,GPAY,ISSUER_01,True,True,ON,2025-01-16,STD,0.454,0.102,0.263,-0.15,True,True,False,OUT
U_2d96cef0ff,O-5,RESIDENT,IN,GPAY,ISSUER_04,True,True,ON,2026-02-02,STD,0.438,-0.229,0.32,-0.009,True,True,False,OUT
U_57377697c4,O-1,RESIDENT,IN,BHIM,ISSUER_08,True,True,ON,2026-01-29,STD,0.186,0.379,0.228,-0.135,True,False,False,OUT
U_917217e134,O-6,RESIDENT,IN,GPAY,ISSUER_03,True,False,OFF,2026-03-30,STD,0.06,0.117,0.062,0.032,True,True,True,OUT
U_01b39d8b19,O-3,RESIDENT,IN,BHIM,ISSUER_06,True,False,OFF,2024-08-22,STD,0.189,0.058,0.067,0.065,True,False,False,OUT
U_3934aca02c,O-4,RESIDENT,IN,PHONEPE,ISSUER_11,False,True,ON,2026-01-12,STD,0.039,0.395,0.255,-0.15,True,False,False,OUT
U_bca8209783,O-2,RESIDENT,IN,PHONEPE,ISSUER_09,False,True,OFF,2024-09-02,STD,0.652,0.305,0.136,0.042,True,True,False,OUT
U_8d2e888a1f,O-5,RESIDENT,IN,PHONEPE,ISSUER_02,True,True,ON,2024-10-31,STD,0.682,0.139,0.099,0.008,True,True,True,OUT
U_f818bec317,O-1,RESIDENT,IN,PHONEPE,ISSUER_04,True,True,ON,2025-06-21,STD,0.21,-0.054,0.148,-0.035,True,True,True,OUT
U_e3db21c4af,O-2,RESIDENT,IN,BHIM,ISSUER_11,True,True,OFF,2026-05-06,STD,0.781,-0.145,0.447,0.021,False,False,True,OUT
U_374a9a9825,O-5,RESIDENT,IN,PHONEPE,ISSUER_02,True,True,OFF,2026-05-13,STD,0.161,-0.206,0.152,0.033,True,True,True,OUT
U_476915349b,O-3,RESIDENT,IN,PHONEPE,ISSUER_01,True,True,OFF,2025-08-12,STD,0.742,0.162,0.107,0.104,True,True,False,OUT
U_bf67c380de,O-3,RESIDENT,IN,GPAY,ISSUER_09,True,False,ON,2025-06-22,STD,0.563,0.012,0.415,0.089,False,False,False,OUT
U_7af6d3bd0c,O-2,RESIDENT,IN,PHONEPE,ISSUER_07,True,False,OFF,2026-02-28,STD,0.604,0.049,0.191,0.101,False,False,False,OUT
U_7496c8d5d4,O-2,RESIDENT,IN,PHONEPE,ISSUER_05,True,True,OFF,2025-02-13,STD,0.734,0.156,0.491,-0.048,True,True,False,OUT
U_6c8c55e96f,O-6,RESIDENT,IN,GPAY,ISSUER_02,False,False,OFF,2025-09-20,STD,0.361,-0.129,0.24,0.032,False,True,False,OUT
U_ee3e70d785,O-3,RESIDENT,IN,BHIM,ISSUER_10,True,True,OFF,2025-07-14,STD,0.566,-0.019,0.505,-0.081,True,True,False,OUT
U_72e5a613b4,O-3,RESIDENT,IN,GPAY,ISSUER_05,True,True,OFF,2025-11-07,STD,0.419,0.335,0.08,0.047,True,True,True,OUT
U_1543c1889d,O-5,RESIDENT,IN,PHONEPE,ISSUER_02,True,True,ON,2026-01-22,STD,0.43,0.395,0.258,0.217,True,False,True,OUT
U_40496fe82b,O-6,RESIDENT,IN,BHIM,ISSUER_01,True,True,OFF,2025-11-25,STD,0.303,0.26,0.026,-0.04,True,True,False,OUT
U_7310a5394b,O-2,RESIDENT,IN,PHONEPE,ISSUER_02,True,True,ON,2024-08-17,STD,0.786,0.177,0.203,0.203,True,True,True,OUT
U_0e039208d4,O-2,RESIDENT,IN,PHONEPE,ISSUER_01,True,True,OFF,2025-12-24,STD,0.506,-0.082,0.803,0.017,True,True,False,OUT
U_5925e5d8cb,O-2,RESIDENT,IN,PHONEPE,ISSUER_04,True,True,OFF,2025-06-22,STD,0.185,0.388,0.175,0.205,True,True,True,OUT
U_90a62b6ccc,O-3,RESIDENT,IN,GPAY,ISSUER_01,True,True,ON,2026-04-10,RESTRICTED,0.34,0.192,0.124,0.045,True,True,False,OUT
U_46889efd38,O-5,RESIDENT,IN,GPAY,ISSUER_10,True,True,ON,2025-05-22,STD,0.803,0.3,0.078,0.077,True,False,False,OUT
U_23877bc927,O-2,RESIDENT,IN,BHIM,ISSUER_11,True,True,OFF,2024-12-09,STD,0.778,0.101,0.025,0.247,True,True,True,OUT
U_094f1a8e42,O-2,RESIDENT,IN,GPAY,ISSUER_07,True,True,ON,2026-05-21,STD,0.171,-0.149,0.411,-0.093,True,True,False,OUT
U_2a738d753a,O-2,RESIDENT,IN,BHIM,ISSUER_01,True,True,OFF,2024-09-05,STD,0.304,0.526,0.199,0.1,True,False,True,OUT
U_97e97707ee,O-3,RESIDENT,IN,PHONEPE,ISSUER_04,True,True,ON,2024-12-20,STD,0.379,0.239,0.214,0.255,True,False,False,OUT
U_41125103c6,O-1,RESIDENT,IN,GPAY,ISSUER_11,True,True,ON,2024-08-23,STD,0.453,0.406,0.154,-0.033,True,True,True,OUT
U_da6e1743da,O-6,RESIDENT,IN,PHONEPE,ISSUER_12,False,False,OFF,2025-04-09,STD,0.241,0.019,0.329,-0.15,True,True,False,OUT
U_60419c5dd0,O-4,RESIDENT,IN,PHONEPE,ISSUER_12,True,False,ON,2026-07-15,STD,0.588,0.202,0.278,0.018,False,True,True,OUT
U_05627e7c30,O-6,RESIDENT,IN,GPAY,ISSUER_05,False,False,OFF,2026-01-27,STD,0.849,0.142,0.198,0.189,True,True,True,OUT
U_a92497d802,O-2,RESIDENT,IN,BHIM,ISSUER_05,False,True,ON,2025-09-24,STD,0.299,-0.148,0.765,-0.15,True,False,False,OUT
U_3215c9b05e,O-6,RESIDENT,IN,PHONEPE,ISSUER_03,False,False,OFF,2024-11-27,STD,0.531,-0.151,0.811,-0.038,True,True,False,OUT
U_d0f8557948,O-6,RESIDENT,IN,BHIM,ISSUER_10,False,False,OFF,2025-09-02,STD,0.523,-0.038,0.921,-0.15,True,True,False,OUT
U_d3eafeb3b1,O-2,RESIDENT,IN,BHIM,ISSUER_07,True,True,ON,2025-02-13,STD,0.606,0.359,0.125,0.025,True,True,False,OUT
U_4db1cca860,O-6,RESIDENT,IN,BHIM,ISSUER_01,False,True,OFF,2026-05-06,STD,0.823,-0.056,0.495,-0.15,True,True,False,OUT
U_0d81eb76ad,O-5,RESIDENT,IN,GPAY,ISSUER_04,True,False,OFF,2025-11-12,STD,0.429,0.361,0.252,0.162,False,True,False,OUT
U_4ef2626adb,O-6,RESIDENT,IN,BHIM,ISSUER_02,False,True,OFF,2026-05-09,STD,0.289,0.051,0.202,0.025,True,True,True,OUT
U_79a8b3cb56,O-2,RESIDENT,IN,BHIM,ISSUER_09,True,True,ON,2026-01-03,STD,0.526,0.122,0.092,0.041,True,True,True,OUT
U_e34946ae4e,O-3,RESIDENT,IN,BHIM,ISSUER_05,True,False,ON,2024-10-16,STD,0.389,0.18,0.177,0.195,True,True,True,OUT
U_3623bd40ec,O-3,RESIDENT,IN,BHIM,ISSUER_08,True,True,OFF,2025-07-17,STD,0.629,0.095,0.158,0.088,True,False,True,OUT
U_9b5ff76dfb,O-2,RESIDENT,IN,BHIM,ISSUER_10,False,True,ON,2025-05-01,STD,0.573,-0.041,0.374,0.023,True,True,True,OUT
U_21a1d26011,O-3,RESIDENT,IN,PHONEPE,ISSUER_06,True,True,ON,2025-10-27,STD,0.838,0.399,0.216,0.163,True,False,True,OUT
U_d2ca9d877d,O-6,RESIDENT,IN,PHONEPE,ISSUER_12,False,False,OFF,2026-05-09,STD,0.428,0.044,0.262,0.049,True,True,False,OUT
U_155b33c8f2,O-4,RESIDENT,IN,GPAY,ISSUER_11,True,True,ON,2025-08-18,STD,0.63,0.102,0.14,0.335,True,False,False,OUT
U_89a5b3ad34,O-6,RESIDENT,IN,BHIM,ISSUER_09,False,False,OFF,2025-11-23,STD,0.768,-0.128,0.673,-0.15,False,False,True,OUT
U_ad9b13c47a,O-4,RESIDENT,IN,PHONEPE,ISSUER_07,True,True,OFF,2025-12-27,STD,0.696,0.336,0.142,0.024,True,True,True,OUT
U_e49c40746d,O-5,RESIDENT,IN,BHIM,ISSUER_06,True,True,ON,2025-08-31,STD,0.322,0.148,0.231,0.084,True,True,False,OUT
U_3111506fe4,O-4,RESIDENT,IN,GPAY,ISSUER_06,True,True,OFF,2026-01-25,STD,0.613,0.111,0.192,-0.022,True,True,True,OUT
U_b188c1ac1b,O-2,RESIDENT,IN,PHONEPE,ISSUER_12,True,True,ON,2026-07-09,STD,0.337,0.008,0.36,0.089,False,True,True,OUT
U_d12688109d,O-2,RESIDENT,IN,GPAY,ISSUER_11,True,True,OFF,2025-11-15,STD,0.529,-0.183,0.3,0.142,True,True,False,OUT
U_75b90887b7,O-1,RESIDENT,IN,GPAY,ISSUER_04,True,True,ON,2024-10-17,STD,0.31,0.498,0.216,-0.06,True,True,True,OUT
U_ef4228f8b2,O-1,RESIDENT,IN,BHIM,ISSUER_03,True,True,ON,2024-12-26,STD,0.423,-0.056,0.611,-0.035,True,True,True,OUT
U_791fab228f,O-1,RESIDENT,IN,BHIM,ISSUER_11,True,True,ON,2025-01-22,STD,0.305,0.1,0.135,0.168,True,False,True,OUT
U_a127108201,O-2,RESIDENT,IN,PHONEPE,ISSUER_03,True,True,ON,2025-01-17,STD,0.166,0.028,0.367,-0.073,True,False,True,OUT
U_c81e82d2e3,O-1,RESIDENT,IN,PHONEPE,ISSUER_07,True,True,ON,2025-06-27,STD,0.763,0.138,0.213,0.056,True,True,True,OUT
U_011152228b,O-4,RESIDENT,IN,PHONEPE,ISSUER_02,True,True,OFF,2025-06-19,STD,0.409,0.412,0.286,-0.029,True,False,True,OUT
U_915c872bef,O-4,RESIDENT,IN,GPAY,ISSUER_09,True,True,OFF,2026-04-02,STD,0.617,-0.02,0.444,-0.134,False,True,False,OUT
U_c85a6ff6c9,O-2,RESIDENT,IN,BHIM,ISSUER_06,True,True,ON,2024-10-18,STD,0.645,0.214,0.249,0.261,True,True,True,OUT
U_3235a1fe1b,O-6,RESIDENT,IN,GPAY,ISSUER_05,False,False,OFF,2026-01-24,STD,0.734,0.002,0.382,-0.15,True,True,True,OUT
U_c288b37f5e,O-2,RESIDENT,IN,BHIM,ISSUER_08,True,False,ON,2025-11-25,STD,0.402,-0.4,0.234,-0.11,True,True,False,OUT
U_b31ea3ea82,O-4,RESIDENT,IN,GPAY,ISSUER_06,False,True,OFF,2026-07-08,STD,0.114,-0.088,0.779,-0.15,False,True,True,OUT
U_7072276cff,O-1,RESIDENT,IN,BHIM,ISSUER_03,True,True,ON,2025-07-08,ELEVATED,0.763,0.249,0.059,0.001,True,True,False,OUT
U_774a7dcdb3,O-2,RESIDENT,IN,BHIM,ISSUER_10,True,True,ON,2025-01-17,STD,0.676,0.571,0.365,-0.15,True,False,True,OUT
U_4ee960c007,O-2,RESIDENT,IN,BHIM,ISSUER_07,True,False,OFF,2025-04-08,STD,0.296,0.442,0.388,0.009,True,True,False,OUT
U_dbde34c871,O-4,RESIDENT,IN,BHIM,ISSUER_01,True,True,ON,2025-11-17,STD,0.441,0.204,0.26,-0.053,True,False,False,OUT
U_2eeb6b238c,O-4,RESIDENT,IN,PHONEPE,ISSUER_03,True,True,OFF,2024-12-21,STD,0.538,0.077,0.319,0.117,True,False,True,OUT
U_46a326cf28,O-1,RESIDENT,IN,PHONEPE,ISSUER_11,True,False,ON,2025-06-13,STD,0.237,0.105,0.11,-0.101,True,True,True,OUT
U_aab06c1bda,O-1,RESIDENT,IN,GPAY,ISSUER_02,True,True,ON,2025-02-06,STD,0.607,0.427,0.165,0.138,False,True,True,OUT
U_1dad3f5725,O-5,RESIDENT,IN,PHONEPE,ISSUER_04,True,True,ON,2025-12-17,STD,0.807,0.138,0.394,-0.119,True,True,False,OUT
U_2955640601,O-2,RESIDENT,IN,PHONEPE,ISSUER_02,True,True,ON,2025-12-04,ELEVATED,0.616,0.039,0.263,-0.15,True,True,True,OUT
U_a71de687e0,O-5,RESIDENT,IN,GPAY,ISSUER_09,True,True,ON,2026-04-04,STD,0.681,0.107,0.087,0.299,True,True,False,OUT
U_1f941f92d9,O-6,RESIDENT,IN,GPAY,ISSUER_12,False,False,OFF,2025-09-25,STD,0.887,0.232,0.281,-0.15,True,True,False,OUT
U_25a232185e,O-2,RESIDENT,IN,PHONEPE,ISSUER_09,True,True,ON,2025-07-11,STD,0.659,-0.088,0.556,-0.15,True,True,True,OUT
U_5e656bf270,O-1,RESIDENT,IN,PHONEPE,ISSUER_10,False,True,ON,2025-04-15,STD,0.148,0.084,0.19,-0.024,True,False,True,OUT
U_b7f501d5c6,O-1,RESIDENT,IN,PHONEPE,ISSUER_09,True,True,ON,2025-02-01,STD,0.22,0.101,0.075,0.103,False,True,True,OUT
U_13bc840067,O-6,RESIDENT,IN,PHONEPE,ISSUER_10,False,False,OFF,2024-12-23,STD,0.385,0.315,0.093,0.116,True,True,True,OUT
U_f20751ed84,O-5,RESIDENT,IN,PHONEPE,ISSUER_07,True,False,OFF,2026-03-25,STD,0.421,0.04,0.363,-0.115,False,False,True,OUT
U_8dd243e349,O-2,RESIDENT,IN,GPAY,ISSUER_08,True,True,OFF,2026-06-03,STD,0.387,0.066,0.222,-0.15,True,True,False,OUT
U_f431b4b375,O-5,RESIDENT,IN,PHONEPE,ISSUER_04,True,True,ON,2025-08-16,STD,0.497,0.14,0.088,0.088,True,True,True,OUT
U_c6a449ee0c,O-6,RESIDENT,IN,GPAY,ISSUER_10,False,False,OFF,2025-01-18,STD,0.667,-0.234,0.287,0.179,False,False,True,OUT
U_a290b01277,O-2,RESIDENT,IN,GPAY,ISSUER_08,True,True,OFF,2025-10-25,STD,0.465,-0.092,0.499,-0.15,True,True,True,OUT
U_1fe57e8e4e,O-2,RESIDENT,IN,GPAY,ISSUER_03,True,True,OFF,2026-04-02,STD,0.664,0.199,0.452,-0.059,True,True,False,OUT
U_cfd3bae9db,O-1,RESIDENT,IN,BHIM,ISSUER_11,True,True,ON,2025-09-14,STD,0.739,0.082,0.19,0.047,False,True,False,OUT
U_9a99f202c2,O-2,RESIDENT,IN,PHONEPE,ISSUER_01,True,True,OFF,2026-04-14,STD,0.327,0.588,0.167,-0.15,False,True,False,OUT
U_cf56144378,O-1,RESIDENT,IN,GPAY,ISSUER_03,True,False,ON,2026-04-01,STD,0.481,0.265,0.2,0.059,True,True,False,OUT
U_ee64f4275f,O-1,RESIDENT,IN,BHIM,ISSUER_06,True,True,ON,2026-06-19,STD,0.455,0.056,0.05,0.154,True,True,False,OUT
U_225434e49f,O-6,RESIDENT,IN,PHONEPE,ISSUER_02,False,False,OFF,2026-04-09,STD,0.247,-0.273,0.029,0.07,True,True,False,OUT
U_d45f720954,O-6,RESIDENT,IN,PHONEPE,ISSUER_12,False,False,OFF,2025-07-08,STD,0.679,0.247,0.322,0.173,True,True,False,OUT
U_9125de3e85,O-6,RESIDENT,IN,PHONEPE,ISSUER_09,False,False,OFF,2025-08-01,STD,0.183,0.051,0.065,0.1,True,False,True,OUT
U_89552a897e,O-4,RESIDENT,IN,GPAY,ISSUER_02,False,True,OFF,2025-04-26,STD,0.282,-0.086,0.374,-0.06,True,False,True,OUT
U_b25fe9a914,O-2,RESIDENT,IN,BHIM,ISSUER_04,True,True,ON,2025-07-05,STD,0.33,0.247,0.155,-0.135,True,True,False,OUT
U_37ceccf988,O-2,RESIDENT,IN,BHIM,ISSUER_04,True,False,OFF,2025-05-10,STD,0.383,0.048,0.311,0.064,True,True,True,OUT
U_76d761d487,O-6,RESIDENT,IN,BHIM,ISSUER_03,False,True,OFF,2026-02-12,STD,0.621,0.131,0.235,0.051,True,True,False,OUT
U_d7aec47e05,O-1,RESIDENT,IN,BHIM,ISSUER_02,False,False,ON,2026-02-11,STD,0.587,0.127,0.313,0.037,False,True,False,OUT
U_739696548b,O-1,RESIDENT,IN,BHIM,ISSUER_11,True,True,ON,2026-06-30,STD,0.346,-0.119,0.55,-0.15,True,False,False,OUT
U_5cafbde047,O-1,RESIDENT,IN,BHIM,ISSUER_03,True,True,ON,2025-08-18,STD,0.582,-0.076,0.21,-0.047,True,True,False,OUT
U_85444a8859,O-3,RESIDENT,IN,BHIM,ISSUER_12,True,True,ON,2026-06-27,STD,0.805,-0.269,0.323,-0.058,True,True,False,OUT
U_b9cdcdd93d,O-2,RESIDENT,IN,PHONEPE,ISSUER_12,True,True,ON,2026-07-30,STD,0.913,-0.037,0.185,0.137,True,False,True,OUT
U_b337dec21f,O-2,RESIDENT,IN,BHIM,ISSUER_04,True,True,ON,2025-11-08,STD,0.695,0.116,0.133,-0.15,True,True,False,OUT
U_19997d80d2,O-1,RESIDENT,IN,BHIM,ISSUER_10,True,True,ON,2025-06-24,STD,0.606,0.309,0.102,-0.023,True,True,True,OUT
U_92037a431f,O-6,RESIDENT,IN,PHONEPE,ISSUER_12,False,False,OFF,2024-11-25,STD,0.364,0.31,0.272,0.155,False,True,False,OUT
U_c4c3b9b6de,O-6,RESIDENT,IN,GPAY,ISSUER_05,False,False,OFF,2025-04-24,STD,0.161,0.122,0.23,-0.15,True,False,True,OUT
U_6c4cceb327,O-2,RESIDENT,IN,PHONEPE,ISSUER_10,False,False,ON,2024-09-18,STD,0.524,0.202,0.32,0.183,False,False,False,OUT
U_6bc9761dbe,O-1,RESIDENT,IN,GPAY,ISSUER_04,True,True,ON,2025-03-05,STD,0.65,-0.011,0.364,-0.092,True,False,False,OUT
U_dade6da5bd,O-1,RESIDENT,IN,GPAY,ISSUER_06,False,True,ON,2025-10-30,STD,0.664,0.09,0.01,0.153,True,True,True,OUT
U_594ad84161,O-1,RESIDENT,IN,PHONEPE,ISSUER_04,True,True,ON,2024-10-17,STD,0.594,-0.279,0.332,0.153,True,False,True,OUT
U_a20b6a12c8,O-6,RESIDENT,IN,GPAY,ISSUER_08,True,True,OFF,2025-04-01,STD,0.299,0.226,0.115,0.005,False,False,True,OUT
U_c2021f7f68,O-3,RESIDENT,IN,GPAY,ISSUER_08,True,True,OFF,2025-01-26,STD,0.361,0.073,0.104,-0.143,False,True,True,OUT
U_10a0d59bb7,O-6,RESIDENT,IN,BHIM,ISSUER_01,False,False,OFF,2025-04-06,STD,0.062,0.473,0.258,0.1,True,True,False,OUT
U_1013a8eb75,O-2,RESIDENT,IN,BHIM,ISSUER_04,True,True,OFF,2026-07-13,STD,0.305,0.155,0.297,-0.15,True,True,True,OUT
U_b8ccae6361,O-4,RESIDENT,IN,PHONEPE,ISSUER_03,True,True,ON,2025-12-31,STD,0.266,0.582,0.312,0.051,True,False,True,OUT
U_225238ec2c,O-6,RESIDENT,IN,GPAY,ISSUER_02,True,False,OFF,2025-10-17,STD,0.756,-0.321,0.549,-0.15,True,True,False,OUT
U_f1df72b7e1,O-1,RESIDENT,IN,GPAY,ISSUER_12,True,True,ON,2025-01-01,STD,0.61,0.272,0.1,-0.03,True,False,True,OUT
U_a48256b752,O-3,RESIDENT,IN,PHONEPE,ISSUER_03,True,True,ON,2025-01-28,ELEVATED,0.642,0.218,0.138,0.218,True,False,True,OUT
U_2634798d3c,O-2,RESIDENT,IN,PHONEPE,ISSUER_01,True,True,ON,2025-11-20,ELEVATED,0.775,-0.325,0.129,-0.026,True,False,False,OUT
U_9b0596712b,O-1,RESIDENT,IN,GPAY,ISSUER_04,True,True,ON,2024-12-15,STD,0.62,0.262,0.13,0.014,False,True,True,OUT
U_181a538446,O-2,RESIDENT,IN,PHONEPE,ISSUER_03,True,True,ON,2024-09-16,STD,0.695,0.442,0.16,-0.009,True,True,True,OUT
U_4a4fd33878,O-3,RESIDENT,IN,BHIM,ISSUER_06,False,True,OFF,2025-08-10,STD,0.656,0.13,0.266,-0.101,True,True,False,OUT
U_e8965148f7,O-5,RESIDENT,IN,BHIM,ISSUER_02,True,True,ON,2025-05-05,STD,0.528,0.011,0.366,0.126,False,True,False,OUT
U_ed250a5597,O-5,RESIDENT,IN,BHIM,ISSUER_01,True,True,ON,2025-09-09,STD,0.353,-0.058,0.609,-0.142,True,True,False,OUT
U_c8fc28d982,O-3,RESIDENT,IN,BHIM,ISSUER_01,True,True,OFF,2025-07-12,STD,0.766,-0.03,0.367,0.055,True,True,True,OUT
U_ec0f0f2a9a,O-1,RESIDENT,IN,BHIM,ISSUER_12,True,True,ON,2025-08-20,STD,0.459,-0.231,0.132,-0.062,True,True,True,OUT
U_ee356f1e6f,O-3,RESIDENT,IN,BHIM,ISSUER_09,True,True,ON,2026-02-13,STD,0.549,0.08,0.093,-0.031,True,True,False,OUT
U_c3d951d599,O-3,RESIDENT,IN,BHIM,ISSUER_02,True,True,ON,2025-06-22,STD,0.586,-0.255,0.327,-0.15,True,False,True,OUT
U_28d057d077,O-1,RESIDENT,IN,BHIM,ISSUER_06,True,True,ON,2025-09-01,STD,0.784,0.542,0.206,0.091,True,True,False,OUT
U_8d07039f21,O-6,RESIDENT,IN,BHIM,ISSUER_05,False,True,OFF,2026-04-18,STD,0.126,-0.137,0.617,-0.023,True,True,False,OUT
U_15498bb097,O-5,RESIDENT,IN,BHIM,ISSUER_12,True,True,OFF,2025-01-15,STD,0.555,0.39,0.222,0.061,True,True,False,OUT
U_16ba5218f2,O-4,RESIDENT,IN,BHIM,ISSUER_10,True,True,ON,2025-01-26,STD,0.468,0.177,0.205,-0.034,True,False,False,OUT
U_c34ca14e21,O-1,RESIDENT,IN,GPAY,ISSUER_01,True,True,ON,2026-04-17,STD,0.805,0.115,0.035,0.03,True,True,False,OUT
U_78ddc62978,O-3,RESIDENT,IN,GPAY,ISSUER_09,True,True,ON,2025-03-04,ELEVATED,0.785,0.283,0.331,0.087,True,True,True,OUT
U_30e23ffb4b,O-2,RESIDENT,IN,GPAY,ISSUER_07,True,True,OFF,2026-04-04,STD,0.116,0.114,0.284,0.125,True,False,False,OUT
U_ad3dd9f267,O-3,RESIDENT,IN,BHIM,ISSUER_03,True,True,ON,2025-03-28,STD,0.173,0.093,0.176,0.034,True,True,False,OUT
U_a2911fe571,O-1,RESIDENT,IN,PHONEPE,ISSUER_11,True,True,ON,2025-09-23,STD,0.247,0.133,0.033,-0.15,True,False,True,OUT
U_52dc9561ca,O-6,RESIDENT,IN,PHONEPE,ISSUER_06,True,False,OFF,2026-01-11,STD,0.798,0.102,0.317,0.28,True,True,False,OUT
U_4d49795550,O-6,RESIDENT,IN,PHONEPE,ISSUER_07,False,False,OFF,2026-01-06,STD,0.431,-0.027,0.153,0.057,False,True,False,OUT
U_4025260e3c,O-1,RESIDENT,IN,PHONEPE,ISSUER_10,True,True,ON,2025-01-09,STD,0.409,0.369,0.161,-0.15,True,False,True,OUT
U_c7ba394d9b,O-2,RESIDENT,IN,GPAY,ISSUER_02,True,True,ON,2025-07-14,STD,0.151,0.489,0.455,-0.15,True,False,True,OUT
U_2bfe7343c5,O-3,RESIDENT,IN,GPAY,ISSUER_06,True,True,ON,2026-02-03,STD,0.542,0.372,0.238,-0.15,True,False,True,OUT
U_36295283a4,O-4,RESIDENT,IN,PHONEPE,ISSUER_10,True,True,ON,2025-05-11,STD,0.35,0.338,0.048,0.227,True,True,True,OUT
U_e4f57df2d4,O-2,RESIDENT,IN,BHIM,ISSUER_08,True,True,OFF,2025-11-24,STD,0.182,-0.051,0.439,0.044,True,True,False,OUT
U_396eca8546,O-2,RESIDENT,IN,PHONEPE,ISSUER_08,True,True,ON,2025-07-04,STD,0.547,0.023,0.188,0.13,False,True,True,OUT
U_f76e7eb2b1,O-2,RESIDENT,IN,PHONEPE,ISSUER_10,True,True,ON,2025-09-23,STD,0.276,-0.07,0.942,-0.109,True,False,True,OUT
U_b7a11e8307,O-4,RESIDENT,IN,GPAY,ISSUER_09,True,True,OFF,2025-01-21,STD,0.691,-0.308,0.293,-0.15,True,True,True,OUT
U_0197b69a8e,O-1,RESIDENT,IN,PHONEPE,ISSUER_09,True,True,ON,2026-07-07,STD,0.464,-0.004,0.46,-0.15,True,False,True,OUT
U_7956a09619,O-5,RESIDENT,IN,GPAY,ISSUER_07,True,True,ON,2025-06-16,STD,0.34,0.279,0.055,0.159,True,True,True,OUT
U_2d9e70ac7f,O-4,RESIDENT,IN,GPAY,ISSUER_09,True,True,ON,2025-07-27,ELEVATED,0.158,0.245,0.036,0.048,False,False,False,OUT
U_06db3285a6,O-2,RESIDENT,IN,BHIM,ISSUER_11,True,True,ON,2026-02-13,STD,0.762,0.396,0.167,-0.022,True,False,False,OUT
U_3c6fc1ee73,O-6,RESIDENT,IN,PHONEPE,ISSUER_06,False,False,OFF,2026-04-26,STD,0.414,-0.168,0.724,-0.098,True,False,True,OUT
U_cbaedd4a2f,O-1,RESIDENT,IN,BHIM,ISSUER_06,True,True,ON,2025-01-30,STD,0.428,0.189,0.21,-0.009,True,True,True,OUT
U_91f4ace612,O-5,RESIDENT,IN,BHIM,ISSUER_06,True,True,ON,2025-05-13,STD,0.363,0.128,0.292,0.186,True,False,True,OUT
U_892091dbc5,O-6,RESIDENT,IN,PHONEPE,ISSUER_07,False,False,OFF,2025-11-01,STD,0.373,0.25,0.257,0.011,True,False,False,OUT
U_7ba138cd18,O-3,RESIDENT,IN,BHIM,ISSUER_12,True,True,OFF,2026-02-01,STD,0.833,0.295,0.332,-0.022,True,False,True,OUT
U_14f746ec31,O-6,RESIDENT,IN,GPAY,ISSUER_09,False,True,OFF,2024-12-21,STD,0.332,0.503,0.111,0.072,True,False,False,OUT
U_bf70ed54ec,O-3,RESIDENT,IN,GPAY,ISSUER_06,True,True,OFF,2025-11-11,STD,0.733,0.213,0.205,0.012,True,False,False,OUT
U_f94043ba4b,O-2,RESIDENT,IN,GPAY,ISSUER_03,True,False,OFF,2026-02-01,STD,0.098,0.136,0.268,-0.071,True,False,True,OUT
U_28df9704d5,O-2,RESIDENT,IN,BHIM,ISSUER_10,True,True,ON,2024-11-06,STD,0.039,0.064,0.154,-0.044,True,False,True,OUT
U_86ed4e76fc,O-5,RESIDENT,IN,PHONEPE,ISSUER_03,True,True,ON,2026-07-28,STD,0.382,0.276,0.383,0.15,True,True,True,OUT
U_2e30e42c7a,O-1,RESIDENT,IN,BHIM,ISSUER_10,True,True,ON,2026-07-30,STD,0.448,0.238,0.257,-0.15,False,True,True,OUT
U_ef018f2804,O-3,RESIDENT,IN,GPAY,ISSUER_03,True,False,ON,2025-08-07,STD,0.233,0.235,0.155,0.081,True,True,False,OUT
U_efdd3d7833,O-3,RESIDENT,IN,PHONEPE,ISSUER_01,True,True,ON,2025-04-06,STD,0.525,0.209,0.224,0.127,True,False,False,OUT
U_5032c19f4d,O-2,RESIDENT,IN,BHIM,ISSUER_02,True,True,OFF,2026-04-26,STD,0.154,-0.068,0.27,0.052,True,True,False,OUT
U_ac8aa0e8d3,O-1,RESIDENT,IN,PHONEPE,ISSUER_10,True,True,ON,2026-02-09,STD,0.633,-0.045,0.598,-0.069,True,False,False,OUT
U_e84bd8e3e2,O-2,RESIDENT,IN,PHONEPE,ISSUER_01,False,True,ON,2025-01-12,STD,0.454,-0.083,0.916,-0.048,False,True,True,OUT
U_899330fe36,O-2,RESIDENT,IN,BHIM,ISSUER_08,True,True,OFF,2025-02-13,STD,0.537,0.07,0.363,0.147,True,True,True,OUT
U_77aa9cc5bd,O-6,RESIDENT,IN,PHONEPE,ISSUER_02,False,False,OFF,2024-10-04,STD,0.354,0.219,0.36,0.137,False,True,True,OUT
U_4468d33999,O-2,RESIDENT,IN,BHIM,ISSUER_08,True,True,ON,2026-05-20,STD,0.517,-0.094,0.914,-0.15,True,True,False,OUT
U_8907a342db,O-5,RESIDENT,IN,PHONEPE,ISSUER_01,True,True,ON,2025-07-31,STD,0.544,-0.045,0.181,-0.116,True,False,False,OUT
U_070570cc86,O-2,RESIDENT,IN,GPAY,ISSUER_09,False,True,ON,2025-05-30,STD,0.549,0.185,0.168,0.238,True,True,True,OUT
U_dd8ffef97f,O-1,RESIDENT,IN,BHIM,ISSUER_07,True,False,ON,2026-04-23,STD,0.816,-0.374,0.177,0.141,False,False,True,OUT
U_b66cae573c,O-1,RESIDENT,IN,PHONEPE,ISSUER_07,True,True,ON,2025-07-18,STD,0.383,0.101,0.257,-0.015,False,False,True,OUT
U_b6cf9c66b6,O-2,RESIDENT,IN,BHIM,ISSUER_12,True,True,ON,2025-04-25,STD,0.199,0.225,0.203,0.099,False,False,True,OUT
U_7f9400870b,O-1,RESIDENT,IN,PHONEPE,ISSUER_10,True,False,ON,2025-09-29,STD,0.507,0.271,0.258,0.048,True,True,False,OUT
U_884f5f88b9,O-2,RESIDENT,IN,BHIM,ISSUER_11,True,False,ON,2026-02-06,ELEVATED,0.59,0.195,0.099,0.151,True,True,True,OUT
U_a6d225ed89,O-1,RESIDENT,IN,PHONEPE,ISSUER_03,True,False,ON,2025-12-15,STD,0.381,0.254,0.31,-0.15,True,True,False,OUT
U_4c7d7c0725,O-2,RESIDENT,IN,BHIM,ISSUER_07,True,True,ON,2025-02-09,STD,0.862,0.242,0.132,0.187,True,True,True,OUT
U_bad1a87ccb,O-5,RESIDENT,IN,PHONEPE,ISSUER_10,True,True,OFF,2025-05-23,STD,0.73,0.256,0.178,-0.014,True,True,False,OUT
U_5d97e662f6,O-1,RESIDENT,IN,PHONEPE,ISSUER_01,True,True,ON,2026-05-23,STD,0.517,0.168,0.418,-0.075,True,True,True,OUT
U_5d42be735c,O-3,RESIDENT,IN,GPAY,ISSUER_08,True,True,ON,2025-06-28,STD,0.397,0.086,0.344,0.121,True,True,True,OUT
U_5db7cd31a7,O-6,RESIDENT,IN,GPAY,ISSUER_09,False,False,OFF,2025-10-01,STD,0.716,0.428,0.198,-0.068,False,True,True,OUT
U_ff4614f196,O-5,RESIDENT,IN,GPAY,ISSUER_07,True,True,ON,2025-12-17,STD,0.672,0.025,0.304,-0.049,True,True,True,OUT
U_8ee7fce5a3,O-6,RESIDENT,IN,PHONEPE,ISSUER_08,True,False,OFF,2024-10-22,STD,0.577,0.289,0.41,0.052,False,True,True,OUT
U_e8ac3f2c1b,O-2,RESIDENT,IN,PHONEPE,ISSUER_05,True,True,ON,2025-07-29,STD,0.781,0.156,0.169,0.229,False,False,True,OUT
U_3958d096d8,O-3,RESIDENT,IN,GPAY,ISSUER_07,True,True,OFF,2025-12-25,STD,0.399,0.146,0.113,-0.034,True,True,True,OUT
U_6fec6dde08,O-6,RESIDENT,IN,PHONEPE,ISSUER_02,True,True,OFF,2025-08-18,ELEVATED,0.353,-0.129,0.439,-0.066,True,False,False,OUT
U_f76f69f275,O-5,RESIDENT,IN,GPAY,ISSUER_03,True,True,OFF,2025-10-11,STD,0.641,0.068,0.432,-0.01,False,False,True,OUT
U_aa4dfe002a,O-2,RESIDENT,IN,PHONEPE,ISSUER_12,True,True,OFF,2026-01-06,STD,0.675,0.193,0.473,-0.055,True,True,False,OUT
U_f94bcc4dd1,O-5,RESIDENT,IN,BHIM,ISSUER_12,True,True,OFF,2025-06-09,STD,0.405,-0.037,0.435,0.005,True,True,True,OUT
U_8924babf36,O-2,RESIDENT,IN,PHONEPE,ISSUER_03,True,True,ON,2024-12-12,STD,0.306,0.043,0.373,0.24,False,True,True,OUT
U_49acd80dc7,O-1,RESIDENT,IN,GPAY,ISSUER_12,True,True,ON,2025-01-19,ELEVATED,0.316,0.178,0.215,0.202,True,False,True,OUT
U_7674c37968,O-1,RESIDENT,IN,GPAY,ISSUER_10,True,True,ON,2025-09-14,STD,0.36,-0.301,0.32,0.054,True,False,True,OUT
U_af4b5b7324,O-1,RESIDENT,IN,GPAY,ISSUER_07,True,True,ON,2025-12-18,STD,0.728,0.091,0.464,-0.112,True,False,False,OUT
U_c172fd0c30,O-1,RESIDENT,IN,PHONEPE,ISSUER_04,True,True,ON,2025-09-27,STD,0.59,0.025,0.166,-0.011,True,False,True,OUT
U_e0f947f69d,O-3,RESIDENT,IN,GPAY,ISSUER_04,True,True,ON,2025-06-23,STD,0.255,0.225,0.094,0.121,True,True,True,OUT
U_444891dc82,O-6,RESIDENT,IN,PHONEPE,ISSUER_01,True,False,OFF,2025-05-03,STD,0.637,0.179,0.084,0.06,True,True,False,OUT
U_7819cb0601,O-5,RESIDENT,IN,GPAY,ISSUER_03,True,True,ON,2024-08-20,STD,0.972,0.19,0.296,0.07,True,False,False,OUT
U_f0cfc146d1,O-1,RESIDENT,IN,PHONEPE,ISSUER_11,True,True,ON,2025-07-06,STD,0.54,0.062,0.46,-0.15,True,False,True,OUT
U_98e055b812,O-1,RESIDENT,IN,GPAY,ISSUER_12,True,True,ON,2024-12-12,STD,0.635,-0.265,0.746,-0.141,True,False,False,OUT
U_49b9b9b9b0,O-1,RESIDENT,IN,GPAY,ISSUER_09,True,True,ON,2026-01-19,STD,0.36,-0.292,0.155,0.146,True,False,True,OUT
U_76cb865e5f,O-1,RESIDENT,IN,GPAY,ISSUER_09,True,True,ON,2025-11-03,STD,0.79,0.262,0.097,-0.077,True,False,False,OUT
U_474929053f,O-5,RESIDENT,IN,BHIM,ISSUER_05,True,False,OFF,2026-07-25,STD,0.53,-0.16,0.394,-0.017,True,False,True,OUT
U_0f9ae87335,O-3,RESIDENT,IN,GPAY,ISSUER_05,True,True,OFF,2025-10-03,STD,0.19,0.328,0.435,-0.129,True,True,False,OUT
U_249b7ee90c,O-6,RESIDENT,IN,BHIM,ISSUER_07,True,False,OFF,2024-12-11,STD,0.582,0.129,0.158,-0.062,True,True,True,OUT
U_d150b8ea3f,O-5,RESIDENT,IN,PHONEPE,ISSUER_05,True,True,ON,2025-09-23,STD,0.427,0.213,0.451,-0.09,True,True,False,OUT
U_8172a2e017,O-2,RESIDENT,IN,BHIM,ISSUER_06,True,True,ON,2024-09-17,STD,0.137,-0.156,0.47,-0.079,True,False,False,OUT
U_1834692e86,O-5,RESIDENT,IN,PHONEPE,ISSUER_08,True,True,ON,2026-01-02,STD,0.696,0.431,0.346,0.017,True,False,True,OUT
U_2cadfa6b1b,O-3,RESIDENT,IN,BHIM,ISSUER_11,True,True,OFF,2025-04-19,STD,0.229,0.544,0.072,0.014,True,True,True,OUT
U_0bf77ba4aa,O-6,RESIDENT,IN,GPAY,ISSUER_06,False,False,OFF,2025-11-12,STD,0.092,-0.116,0.381,-0.04,True,True,False,OUT
U_cd7521e1ca,O-1,RESIDENT,IN,GPAY,ISSUER_06,True,True,ON,2024-10-10,STD,0.38,-0.146,0.12,-0.033,True,False,True,OUT
U_43525af82f,O-2,RESIDENT,IN,BHIM,ISSUER_03,True,True,OFF,2024-10-20,STD,0.502,-0.065,0.387,-0.15,True,False,False,OUT
U_ecd0d9ea58,O-5,RESIDENT,IN,PHONEPE,ISSUER_02,True,True,ON,2026-04-03,STD,0.554,0.079,0.119,0.082,True,False,False,OUT
U_59fb2dde2e,O-2,RESIDENT,IN,GPAY,ISSUER_03,True,True,ON,2025-11-11,STD,0.776,0.316,0.093,-0.013,True,False,False,OUT
U_dc8543ec8b,O-1,RESIDENT,IN,PHONEPE,ISSUER_12,True,True,ON,2024-09-04,STD,0.554,0.147,0.16,0.082,True,True,False,OUT
U_6d5c18da2e,O-3,RESIDENT,IN,GPAY,ISSUER_11,True,True,OFF,2024-11-29,STD,0.204,-0.001,0.562,-0.15,True,True,True,OUT
U_bace6d0ead,O-1,RESIDENT,IN,GPAY,ISSUER_03,True,True,ON,2026-07-28,STD,0.122,0.035,0.247,0.192,True,False,False,OUT
U_4aa574deb6,O-1,RESIDENT,IN,BHIM,ISSUER_06,True,True,ON,2024-12-12,ELEVATED,0.68,0.016,0.328,-0.012,False,True,False,OUT
U_be766593fc,O-1,RESIDENT,IN,BHIM,ISSUER_02,True,True,ON,2026-03-16,STD,0.299,0.359,0.176,-0.026,True,True,True,OUT
U_dcaeaaacf9,O-6,RESIDENT,IN,PHONEPE,ISSUER_09,False,True,OFF,2025-02-25,STD,0.913,-0.044,0.215,-0.078,True,True,True,OUT
U_610a458c97,O-1,RESIDENT,IN,GPAY,ISSUER_05,True,True,ON,2024-11-19,STD,0.487,0.188,0.096,0.038,False,False,False,OUT
U_aecfdf28bd,O-3,RESIDENT,IN,BHIM,ISSUER_10,False,True,ON,2026-03-03,STD,0.614,-0.012,0.564,-0.15,False,True,False,OUT
U_eee914bc93,O-4,RESIDENT,IN,GPAY,ISSUER_10,True,True,OFF,2025-09-20,STD,0.071,0.048,0.096,0.169,True,True,True,OUT
U_74341da6e2,O-5,RESIDENT,IN,PHONEPE,ISSUER_10,True,True,OFF,2024-11-15,STD,0.428,-0.218,0.938,-0.15,True,False,True,OUT
U_a8f21c54ff,O-1,RESIDENT,IN,PHONEPE,ISSUER_01,True,True,ON,2024-11-03,STD,0.193,0.317,0.089,0.03,True,True,False,OUT
U_54f40560e0,O-2,RESIDENT,IN,BHIM,ISSUER_01,True,True,OFF,2025-07-15,STD,0.697,0.133,0.441,-0.15,True,True,True,OUT
U_b92a7f919b,O-5,RESIDENT,IN,PHONEPE,ISSUER_07,True,True,ON,2026-06-28,STD,0.451,0.263,0.145,-0.047,True,True,False,OUT
U_de343f3cf8,O-4,RESIDENT,IN,GPAY,ISSUER_11,True,True,OFF,2025-10-21,STD,0.724,-0.068,0.591,-0.016,True,True,True,OUT
U_51b849ab6b,O-6,RESIDENT,IN,BHIM,ISSUER_08,True,False,OFF,2024-11-30,STD,0.688,-0.003,0.335,0.012,False,True,True,OUT
U_4956358ab4,O-2,RESIDENT,IN,BHIM,ISSUER_12,True,True,ON,2025-04-21,STD,0.264,0.158,0.262,0.188,True,True,True,OUT
U_27c891f2db,O-2,RESIDENT,IN,GPAY,ISSUER_08,True,True,OFF,2025-06-20,STD,0.734,0.147,0.187,0.194,True,True,True,OUT
U_72b75c3875,O-3,RESIDENT,IN,BHIM,ISSUER_05,True,True,ON,2026-04-17,STD,0.783,0.177,0.29,-0.129,True,True,True,OUT
U_1f527325f0,O-5,RESIDENT,IN,BHIM,ISSUER_12,True,True,ON,2026-04-04,STD,0.702,0.139,0.224,-0.069,False,True,False,OUT
U_b7429a5245,O-1,RESIDENT,IN,GPAY,ISSUER_04,True,True,ON,2025-07-25,STD,0.261,0.166,0.41,-0.09,True,False,False,OUT
U_15ecff375f,O-6,RESIDENT,IN,BHIM,ISSUER_06,False,False,OFF,2026-04-17,STD,0.569,0.216,0.123,-0.105,True,False,True,OUT
U_27549c6552,O-6,RESIDENT,IN,PHONEPE,ISSUER_05,False,False,OFF,2025-09-22,STD,0.483,0.094,0.027,0.366,True,True,False,OUT
U_35b29c59fd,O-6,RESIDENT,IN,GPAY,ISSUER_01,False,True,OFF,2026-06-21,STD,0.723,0.274,0.063,0.204,False,True,False,OUT
U_df72488c44,O-1,RESIDENT,IN,BHIM,ISSUER_08,True,True,ON,2025-12-31,STD,0.638,0.178,0.267,0.129,True,True,False,OUT
U_f64d7cd63e,O-6,RESIDENT,IN,BHIM,ISSUER_03,False,False,OFF,2025-06-05,STD,0.147,0.04,0.481,-0.15,True,True,False,OUT
U_bd4cfb9b34,O-1,RESIDENT,IN,PHONEPE,ISSUER_02,True,True,ON,2026-06-02,STD,0.616,0.248,0.18,0.161,False,True,False,OUT
U_a579fd12f5,O-5,RESIDENT,IN,BHIM,ISSUER_02,True,True,OFF,2025-12-24,STD,0.765,-0.263,0.73,-0.15,True,True,False,OUT
U_45d3c63fda,O-2,RESIDENT,IN,PHONEPE,ISSUER_01,True,True,ON,2026-05-26,STD,0.717,0.497,0.415,0.159,True,False,False,OUT
U_3489887181,O-3,RESIDENT,IN,BHIM,ISSUER_09,True,True,ON,2025-03-15,STD,0.557,0.009,0.118,0.006,False,True,True,OUT
U_e6b0eaaee5,O-3,RESIDENT,IN,GPAY,ISSUER_02,True,True,ON,2026-07-23,STD,0.509,0.403,0.374,-0.09,True,True,True,OUT
U_fa712d4105,O-6,RESIDENT,IN,BHIM,ISSUER_01,False,False,OFF,2026-03-02,STD,0.598,0.302,0.284,-0.15,True,True,True,OUT
U_a15a3e173f,O-2,RESIDENT,IN,GPAY,ISSUER_09,True,True,OFF,2025-11-01,STD,0.301,0.031,0.143,-0.05,True,True,False,OUT
U_ce848acc90,O-4,RESIDENT,IN,BHIM,ISSUER_01,True,True,ON,2025-06-07,STD,0.54,0.289,0.312,0.191,True,True,False,OUT
U_a783708d6d,O-1,RESIDENT,IN,BHIM,ISSUER_01,True,True,ON,2025-08-19,STD,0.61,0.184,0.114,0.084,True,False,True,OUT
U_403e77f4be,O-2,RESIDENT,IN,BHIM,ISSUER_04,True,True,ON,2026-05-02,STD,0.65,0.177,0.077,0.226,False,False,False,OUT
U_134221799c,O-5,RESIDENT,IN,GPAY,ISSUER_06,True,True,ON,2025-10-28,STD,0.311,0.374,0.148,-0.028,True,True,False,OUT
U_764847ccdf,O-1,RESIDENT,IN,GPAY,ISSUER_08,True,True,ON,2025-04-20,STD,0.463,0.157,0.295,0.078,True,False,False,OUT
U_38bd2fa35c,O-1,RESIDENT,IN,BHIM,ISSUER_01,True,True,ON,2025-11-28,STD,0.683,0.509,0.378,0.024,True,False,False,OUT
U_e280d9df59,O-1,RESIDENT,IN,BHIM,ISSUER_11,False,True,ON,2025-10-30,STD,0.931,0.003,0.314,0.145,True,True,True,OUT
U_8982b2a75f,O-2,RESIDENT,IN,BHIM,ISSUER_12,False,True,OFF,2026-01-29,STD,0.522,-0.221,0.319,-0.081,False,False,True,OUT
U_10e3174f1a,O-2,RESIDENT,IN,PHONEPE,ISSUER_11,True,True,OFF,2025-07-24,STD,0.657,0.147,0.14,0.032,False,False,True,OUT
U_c1c35dd872,O-2,RESIDENT,IN,BHIM,ISSUER_01,True,True,OFF,2025-10-10,STD,0.41,0.148,0.302,-0.15,True,True,False,OUT
U_1972a64788,O-4,RESIDENT,IN,PHONEPE,ISSUER_10,True,False,ON,2025-04-14,STD,0.823,0.054,0.225,0.057,True,True,True,OUT
U_4262003f70,O-1,RESIDENT,IN,GPAY,ISSUER_03,True,True,ON,2026-07-07,STD,0.724,0.163,0.355,0.023,True,True,True,OUT
U_658a7c610b,O-2,RESIDENT,IN,GPAY,ISSUER_09,True,True,ON,2025-04-10,STD,0.171,0.406,0.205,-0.129,True,False,True,OUT
U_bbeab9a7a7,O-6,RESIDENT,IN,GPAY,ISSUER_07,True,False,OFF,2026-02-14,STD,0.165,0.151,0.204,-0.063,True,True,True,OUT
U_f54af6704f,O-4,RESIDENT,IN,PHONEPE,ISSUER_06,False,True,ON,2026-03-07,STD,0.697,0.287,0.21,-0.15,True,True,False,OUT
U_933a399c05,O-6,RESIDENT,IN,BHIM,ISSUER_10,False,True,OFF,2024-08-22,STD,0.411,-0.205,0.238,0.024,False,True,True,OUT
U_9c6b496eeb,O-5,RESIDENT,IN,BHIM,ISSUER_10,True,True,OFF,2024-12-30,STD,0.314,0.46,0.066,0.235,True,True,False,OUT
U_23cda531ba,O-2,RESIDENT,IN,BHIM,ISSUER_01,True,True,ON,2025-03-03,STD,0.87,-0.269,0.583,-0.15,True,True,True,OUT
U_90c0314c25,O-1,RESIDENT,IN,BHIM,ISSUER_09,True,False,ON,2026-07-10,STD,0.627,-0.13,0.191,-0.15,False,True,True,OUT
U_b46873f139,O-1,RESIDENT,IN,GPAY,ISSUER_11,True,True,ON,2025-06-20,STD,0.817,0.6,0.309,-0.086,True,True,False,OUT
U_58bec1fbfc,O-2,RESIDENT,IN,PHONEPE,ISSUER_05,True,True,ON,2025-11-08,STD,0.516,-0.4,0.593,-0.15,True,False,True,OUT
U_05c0d54b72,O-5,RESIDENT,IN,PHONEPE,ISSUER_09,True,True,ON,2025-06-30,STD,0.61,-0.103,0.675,-0.014,True,False,False,OUT
U_c338a8eb62,O-3,RESIDENT,IN,PHONEPE,ISSUER_12,True,True,OFF,2024-09-11,STD,0.634,-0.004,0.618,-0.15,True,True,False,OUT
U_9a7f957731,O-3,RESIDENT,IN,GPAY,ISSUER_11,True,False,ON,2025-12-02,STD,0.529,0.482,0.44,0.101,True,True,False,OUT
U_17667c7238,O-3,RESIDENT,IN,BHIM,ISSUER_01,True,True,OFF,2025-05-11,STD,0.143,-0.156,0.92,-0.15,True,True,False,OUT
U_b25eae054d,O-3,RESIDENT,IN,PHONEPE,ISSUER_03,True,False,ON,2024-09-17,STD,0.424,0.163,0.296,-0.033,True,True,True,OUT
U_47f8ac8fa0,O-1,RESIDENT,IN,GPAY,ISSUER_08,True,True,ON,2025-08-09,STD,0.327,0.108,0.06,0.284,False,True,True,OUT
U_5454d78e3b,O-6,RESIDENT,IN,GPAY,ISSUER_08,False,False,OFF,2024-09-11,STD,0.585,-0.011,0.291,0.006,True,True,False,OUT
U_d0bbb0defa,O-1,RESIDENT,IN,GPAY,ISSUER_02,True,True,ON,2026-02-13,STD,0.417,0.207,0.049,0.075,True,True,False,OUT
U_f20ef773c6,O-1,RESIDENT,IN,PHONEPE,ISSUER_07,True,True,ON,2024-11-06,STD,0.545,0.18,0.378,-0.03,False,False,True,OUT
U_e5aca03335,O-5,RESIDENT,IN,PHONEPE,ISSUER_03,True,True,OFF,2025-04-29,STD,0.292,-0.085,0.422,0.169,True,True,True,OUT
U_79a2c63968,O-2,RESIDENT,IN,PHONEPE,ISSUER_11,True,True,OFF,2025-02-20,STD,0.44,0.355,0.347,0.124,True,False,False,OUT
U_be4d41c343,O-3,RESIDENT,IN,BHIM,ISSUER_01,True,True,OFF,2025-09-20,STD,0.269,0.366,0.103,0.141,True,True,True,OUT
U_044d96a85b,O-2,RESIDENT,IN,GPAY,ISSUER_12,True,True,OFF,2025-03-06,STD,0.366,-0.028,0.099,0.012,True,False,True,OUT
U_4bb65a2aa3,O-3,RESIDENT,IN,BHIM,ISSUER_08,True,True,ON,2026-04-13,STD,0.561,0.043,0.475,-0.019,True,True,True,OUT
U_7f50edc498,O-3,RESIDENT,IN,BHIM,ISSUER_12,True,True,ON,2026-07-13,STD,0.41,0.109,0.24,-0.076,True,False,True,OUT
U_0aa4d95010,O-2,RESIDENT,IN,GPAY,ISSUER_12,True,True,OFF,2025-11-08,STD,0.593,0.247,0.24,-0.137,True,True,True,OUT
U_1defe2bfb3,O-6,RESIDENT,IN,GPAY,ISSUER_05,True,False,OFF,2025-02-06,STD,0.644,0.182,0.452,0.116,True,True,False,OUT
U_e3e02fc82d,O-1,RESIDENT,IN,GPAY,ISSUER_10,True,True,ON,2024-08-23,STD,0.515,-0.182,0.112,0.142,True,True,True,OUT
U_e930e7ad20,O-1,RESIDENT,IN,GPAY,ISSUER_01,True,False,ON,2025-04-08,STD,0.705,0.037,0.387,0.135,True,True,False,OUT
U_0231f6fec8,O-6,RESIDENT,IN,PHONEPE,ISSUER_07,False,False,OFF,2026-06-03,STD,0.035,0.108,0.163,0.245,True,False,False,OUT
U_02b7581a4c,O-6,RESIDENT,IN,PHONEPE,ISSUER_08,True,True,OFF,2024-10-25,STD,0.812,0.221,0.327,-0.102,True,True,True,OUT
U_0125a64d77,O-3,RESIDENT,IN,GPAY,ISSUER_05,True,True,OFF,2026-07-10,STD,0.781,-0.011,0.313,0.023,False,True,True,OUT
U_2d2e139f57,O-3,RESIDENT,IN,BHIM,ISSUER_07,True,True,OFF,2025-07-26,STD,0.687,0.331,0.29,0.012,True,True,True,OUT
U_b3961197b8,O-2,RESIDENT,IN,PHONEPE,ISSUER_05,True,True,ON,2025-07-27,STD,0.595,0.257,0.024,0.114,True,True,True,OUT
U_b9bf0c2dbf,O-6,RESIDENT,IN,BHIM,ISSUER_11,True,False,OFF,2024-09-11,STD,0.255,0.078,0.075,0.069,True,False,False,OUT
U_822320fcf6,O-1,RESIDENT,IN,BHIM,ISSUER_12,True,True,ON,2025-03-08,STD,0.306,0.177,0.456,0.023,True,False,False,OUT
U_163b9cbc04,O-5,RESIDENT,IN,GPAY,ISSUER_11,True,True,OFF,2025-01-11,STD,0.555,0.259,0.236,0.131,True,True,True,OUT
U_fbef7c027b,O-2,RESIDENT,IN,PHONEPE,ISSUER_12,True,False,ON,2024-12-30,STD,0.335,0.336,0.048,0.203,True,True,False,OUT
U_7efda9e5c7,O-5,RESIDENT,IN,BHIM,ISSUER_11,True,True,OFF,2025-04-29,STD,0.323,0.335,0.064,0.283,True,True,True,OUT
U_1f89894be8,O-2,RESIDENT,IN,BHIM,ISSUER_03,True,True,ON,2026-02-13,STD,0.707,0.411,0.343,0.006,True,True,True,OUT
U_fa2a515b22,O-1,RESIDENT,IN,PHONEPE,ISSUER_02,True,True,ON,2025-06-13,STD,0.472,0.327,0.089,0.017,False,False,False,OUT
U_469ce25b7a,O-3,RESIDENT,IN,BHIM,ISSUER_02,True,True,ON,2026-04-21,STD,0.365,0.012,0.299,0.127,False,False,True,OUT
U_0071aa95d9,O-3,RESIDENT,IN,PHONEPE,ISSUER_08,True,True,OFF,2026-07-19,STD,0.091,0.142,0.166,0.414,True,False,True,OUT
U_0126332ef6,O-2,RESIDENT,IN,BHIM,ISSUER_10,False,True,OFF,2026-01-17,STD,0.302,0.364,0.227,-0.032,True,True,False,OUT
U_c9a500e119,O-1,RESIDENT,IN,PHONEPE,ISSUER_03,True,True,ON,2025-06-04,STD,0.133,0.422,0.533,-0.15,False,False,True,OUT
U_0c157b2ea5,O-4,RESIDENT,IN,GPAY,ISSUER_03,True,True,OFF,2025-07-16,STD,0.584,-0.035,0.32,0.003,True,True,True,OUT
U_0b0c2deee7,O-5,RESIDENT,IN,BHIM,ISSUER_05,False,True,OFF,2025-02-03,STD,0.164,0.175,0.104,0.138,True,True,False,OUT
U_2f5a881400,O-3,RESIDENT,IN,GPAY,ISSUER_01,True,True,OFF,2024-08-28,STD,0.808,0.22,0.232,-0.115,True,False,False,OUT
U_5b5ad9ca11,O-3,RESIDENT,IN,GPAY,ISSUER_01,True,True,ON,2024-12-20,STD,0.321,0.466,0.513,-0.15,False,False,False,OUT
U_64ee2ca020,O-1,RESIDENT,IN,BHIM,ISSUER_08,True,True,ON,2025-08-27,STD,0.766,0.05,0.392,0.101,True,False,True,OUT
U_422a963647,O-6,RESIDENT,IN,BHIM,ISSUER_10,False,False,OFF,2025-09-11,STD,0.223,0.206,0.295,-0.15,True,False,True,OUT
U_08c8cbf36f,O-1,RESIDENT,IN,BHIM,ISSUER_05,True,True,ON,2026-05-21,STD,0.747,0.139,0.17,0.198,True,True,False,OUT
U_341b015324,O-1,RESIDENT,IN,BHIM,ISSUER_02,True,True,ON,2025-07-10,STD,0.371,0.279,0.43,-0.15,False,True,True,OUT
U_1792d95545,O-1,RESIDENT,IN,GPAY,ISSUER_02,True,True,ON,2025-08-31,STD,0.095,0.006,0.283,0.127,True,False,True,OUT
U_a8d2e243d3,O-2,RESIDENT,IN,BHIM,ISSUER_07,True,True,ON,2024-09-24,STD,0.059,0.128,0.238,-0.108,True,False,True,OUT
U_03438d0285,O-1,RESIDENT,IN,GPAY,ISSUER_08,False,True,ON,2025-07-02,STD,0.293,0.29,0.294,0.232,True,True,True,OUT
U_20861856ca,O-5,RESIDENT,IN,GPAY,ISSUER_11,False,True,OFF,2025-10-26,STD,0.275,0.245,0.214,0.083,True,False,False,OUT
U_9ce7755b84,O-4,RESIDENT,IN,BHIM,ISSUER_07,True,True,ON,2024-11-21,STD,0.564,-0.234,0.238,0.146,False,False,False,OUT
U_389f3a9020,O-2,RESIDENT,IN,BHIM,ISSUER_04,True,True,ON,2025-11-20,STD,0.797,-0.044,0.147,0.08,False,True,True,OUT
U_ac3a14c9ae,O-6,RESIDENT,IN,PHONEPE,ISSUER_07,False,False,OFF,2025-05-17,STD,0.495,-0.166,0.797,-0.15,True,False,True,OUT
U_5403880370,O-3,RESIDENT,IN,BHIM,ISSUER_10,True,True,ON,2024-09-18,STD,0.638,0.169,0.319,-0.059,True,True,True,OUT
U_aeb9d506b7,O-2,RESIDENT,IN,PHONEPE,ISSUER_02,True,True,ON,2026-01-16,STD,0.551,0.466,0.184,0.314,True,True,True,OUT
U_e21875842b,O-1,RESIDENT,IN,GPAY,ISSUER_06,True,True,ON,2026-07-25,STD,0.73,0.08,0.165,0.189,True,True,True,OUT
U_f60731d5a6,O-6,RESIDENT,IN,PHONEPE,ISSUER_09,True,True,OFF,2026-03-21,STD,0.242,0.207,0.132,0.184,True,True,False,OUT
U_b1d8dd185a,O-1,RESIDENT,IN,BHIM,ISSUER_03,True,True,ON,2026-02-19,STD,0.493,-0.086,0.64,-0.117,True,False,False,OUT
U_fa917b8953,O-4,RESIDENT,IN,PHONEPE,ISSUER_01,False,True,OFF,2026-01-02,STD,0.431,0.225,0.373,-0.15,False,True,False,OUT
U_ea08d581b1,O-1,RESIDENT,IN,PHONEPE,ISSUER_05,True,True,ON,2025-09-08,STD,0.478,-0.223,0.191,0.156,False,True,False,OUT
U_92cd839504,O-6,RESIDENT,IN,PHONEPE,ISSUER_04,True,True,OFF,2024-10-21,STD,0.222,0.179,0.269,0.144,True,True,True,OUT
U_b161dd7004,O-1,RESIDENT,IN,GPAY,ISSUER_10,True,True,ON,2025-03-06,STD,0.406,0.126,0.355,-0.15,True,True,True,OUT
U_3ce8e6f1f9,O-2,RESIDENT,IN,GPAY,ISSUER_11,False,True,ON,2025-03-08,STD,0.408,-0.13,0.553,0.031,True,True,True,OUT
U_0749c9b75f,O-6,RESIDENT,IN,GPAY,ISSUER_11,False,False,OFF,2025-11-03,STD,0.516,0.04,0.157,0.078,False,True,True,OUT
U_49f2abd25f,O-5,RESIDENT,IN,PHONEPE,ISSUER_01,True,True,ON,2024-10-01,STD,0.746,0.239,0.116,0.002,True,True,False,OUT
U_1871276867,O-6,RESIDENT,IN,PHONEPE,ISSUER_05,True,False,OFF,2025-02-09,STD,0.315,0.256,0.192,0.028,True,True,True,OUT
U_91d96e89f1,O-1,RESIDENT,IN,PHONEPE,ISSUER_02,True,True,ON,2025-10-19,STD,0.596,0.454,0.264,-0.15,True,True,True,OUT
U_1097be5423,O-1,RESIDENT,IN,BHIM,ISSUER_08,True,True,ON,2024-09-07,STD,0.641,0.074,0.209,-0.15,False,True,False,OUT
U_3862c95ba8,O-1,RESIDENT,IN,GPAY,ISSUER_02,True,True,ON,2024-12-17,STD,0.909,0.368,0.389,-0.051,True,False,False,OUT
U_be5b3f9c2e,O-3,RESIDENT,IN,GPAY,ISSUER_07,True,True,OFF,2024-12-08,STD,0.675,0.042,0.09,0.004,True,True,False,OUT
U_81e624d5e0,O-6,RESIDENT,IN,GPAY,ISSUER_08,False,False,OFF,2024-09-26,STD,0.49,0.33,0.219,0.14,True,False,False,OUT
U_05b61523e6,O-6,RESIDENT,IN,GPAY,ISSUER_01,True,True,OFF,2024-08-13,STD,0.618,0.248,0.028,0.122,True,False,True,OUT
U_0ffcb39f3a,O-2,RESIDENT,IN,GPAY,ISSUER_09,True,True,ON,2025-04-29,STD,0.256,-0.178,0.541,-0.06,True,False,False,OUT
U_d2961a02d7,O-2,RESIDENT,IN,PHONEPE,ISSUER_10,True,True,ON,2026-05-14,STD,0.209,0.063,0.375,-0.15,True,True,True,OUT
U_b4a4636d9f,O-5,RESIDENT,IN,PHONEPE,ISSUER_11,True,True,ON,2024-12-01,STD,0.323,0.159,0.024,0.12,True,True,False,OUT
U_2ab1268da3,O-6,RESIDENT,IN,GPAY,ISSUER_09,True,False,OFF,2024-10-09,STD,0.454,0.168,0.183,-0.057,True,True,True,OUT
U_d09c91e9b5,O-1,RESIDENT,IN,GPAY,ISSUER_10,True,True,ON,2026-01-05,STD,0.397,0.144,0.23,0.046,True,False,True,OUT
U_a07b833636,O-1,RESIDENT,IN,PHONEPE,ISSUER_04,False,True,ON,2024-09-24,STD,0.387,0.278,0.223,0.094,True,True,True,OUT
U_9d9ca6a94d,O-3,RESIDENT,IN,BHIM,ISSUER_11,True,True,OFF,2026-06-12,STD,0.469,0.259,0.33,-0.142,True,True,True,OUT
U_43e55815b4,O-2,RESIDENT,IN,PHONEPE,ISSUER_09,False,True,OFF,2026-04-08,STD,0.502,0.304,0.369,-0.07,True,False,True,OUT
U_7a9a5558ff,O-1,RESIDENT,IN,PHONEPE,ISSUER_12,True,False,ON,2026-03-22,STD,0.497,0.187,0.155,0.114,False,False,True,OUT
U_5780799bb4,O-6,RESIDENT,IN,BHIM,ISSUER_07,False,True,OFF,2024-09-11,STD,0.287,0.071,0.158,0.04,True,True,False,OUT
U_1032d243da,O-2,RESIDENT,IN,BHIM,ISSUER_06,True,True,OFF,2025-07-21,STD,0.561,-0.238,0.59,-0.008,True,False,True,OUT
U_4a02a5eeb4,O-2,RESIDENT,IN,GPAY,ISSUER_07,True,True,ON,2025-07-01,STD,0.459,0.16,0.287,0.154,False,True,True,OUT
U_76d0ef2d5b,O-1,RESIDENT,IN,PHONEPE,ISSUER_03,True,True,ON,2025-05-09,STD,0.898,0.093,0.155,-0.145,True,True,False,OUT
U_52c2934331,O-2,RESIDENT,IN,GPAY,ISSUER_11,True,True,OFF,2026-01-29,STD,0.402,0.166,0.046,0.211,True,True,True,OUT
U_122227d187,O-6,RESIDENT,IN,BHIM,ISSUER_09,False,False,OFF,2026-04-09,STD,0.772,0.161,0.289,-0.143,True,False,False,OUT
U_2739d327c9,O-6,RESIDENT,IN,BHIM,ISSUER_06,True,False,OFF,2024-11-14,STD,0.618,0.122,0.482,-0.15,True,True,True,OUT
U_f88c6586de,O-6,RESIDENT,IN,BHIM,ISSUER_05,False,True,OFF,2024-08-20,STD,0.326,-0.216,0.188,-0.048,False,False,False,OUT
U_2b86fa4194,O-6,RESIDENT,IN,BHIM,ISSUER_10,False,True,OFF,2026-01-13,STD,0.914,-0.29,0.328,0.082,False,True,True,OUT
U_3dc47714f1,O-2,RESIDENT,IN,PHONEPE,ISSUER_02,True,True,OFF,2026-03-13,STD,0.566,0.049,0.175,0.084,True,False,True,OUT
U_fa2cf3d7a9,O-4,RESIDENT,IN,PHONEPE,ISSUER_07,True,True,OFF,2026-03-12,STD,0.377,0.106,0.333,0.063,True,False,True,OUT
U_abf8105e9c,O-1,RESIDENT,IN,PHONEPE,ISSUER_06,True,True,ON,2025-08-23,STD,0.509,0.516,0.17,-0.15,True,False,True,OUT
U_03d091250a,O-3,RESIDENT,IN,GPAY,ISSUER_12,True,True,OFF,2026-02-08,STD,0.499,0.188,0.293,0.021,False,True,True,OUT
U_4c61e45f0a,O-1,RESIDENT,IN,BHIM,ISSUER_04,True,True,ON,2025-05-26,STD,0.637,0.205,0.098,0.048,True,True,False,OUT
U_29fa0edd2e,O-3,RESIDENT,IN,GPAY,ISSUER_02,False,True,OFF,2026-04-25,STD,0.551,-0.215,0.157,0.122,True,True,True,OUT
U_c5cc0f7643,O-1,RESIDENT,IN,PHONEPE,ISSUER_02,False,True,ON,2024-09-19,STD,0.899,-0.4,0.337,0.101,True,True,False,OUT
U_e9f0aac0cf,O-3,RESIDENT,IN,BHIM,ISSUER_04,True,True,ON,2025-09-04,STD,0.448,0.035,0.296,-0.15,True,False,True,OUT
U_194c29c158,O-2,RESIDENT,IN,PHONEPE,ISSUER_11,True,True,ON,2025-04-02,STD,0.77,-0.006,0.367,0.1,False,True,True,OUT
U_64e7f66903,O-2,RESIDENT,IN,GPAY,ISSUER_07,True,True,OFF,2024-12-01,STD,0.672,0.042,0.158,0.082,True,True,True,OUT
U_ed40c7399b,O-1,RESIDENT,IN,BHIM,ISSUER_01,True,True,ON,2025-09-22,STD,0.646,0.007,0.389,-0.008,True,True,True,OUT
U_9918f47111,O-6,RESIDENT,IN,GPAY,ISSUER_05,False,True,OFF,2026-01-29,STD,0.319,0.44,0.289,0.104,True,True,True,OUT
U_755ea809c7,O-2,RESIDENT,IN,BHIM,ISSUER_12,True,True,OFF,2026-06-10,STD,0.241,0.459,0.363,-0.15,True,True,True,OUT
U_b696188449,O-5,RESIDENT,IN,BHIM,ISSUER_01,True,True,ON,2025-09-17,STD,0.231,0.063,0.171,0.225,True,True,False,OUT
U_0d7c63170c,O-1,RESIDENT,IN,BHIM,ISSUER_05,True,True,ON,2025-09-08,ELEVATED,0.198,-0.124,0.445,-0.101,True,False,False,OUT
U_8a0e9dc767,O-1,RESIDENT,IN,GPAY,ISSUER_08,True,True,ON,2025-06-04,STD,0.55,-0.199,0.335,0.122,True,True,False,OUT
U_d43062456f,O-6,RESIDENT,IN,PHONEPE,ISSUER_04,True,False,OFF,2025-10-17,STD,0.07,0.325,0.151,0.123,True,True,True,OUT
U_033a0088a5,O-1,RESIDENT,IN,BHIM,ISSUER_11,False,True,ON,2025-05-22,STD,0.82,0.283,0.495,-0.013,False,False,True,OUT
U_f7e7753140,O-4,RESIDENT,IN,GPAY,ISSUER_04,True,True,OFF,2025-03-27,STD,0.143,0.186,0.168,-0.008,True,True,False,OUT
U_26a93fda92,O-5,RESIDENT,IN,GPAY,ISSUER_05,False,True,ON,2025-09-12,STD,0.314,-0.092,0.466,-0.004,True,True,True,OUT
U_0ec1e2b558,O-2,RESIDENT,IN,BHIM,ISSUER_08,True,True,OFF,2025-10-10,STD,0.901,0.308,0.107,0.054,False,False,True,OUT
U_c78e1f854b,O-5,RESIDENT,IN,PHONEPE,ISSUER_07,True,True,ON,2024-12-11,STD,0.32,0.177,0.115,0.068,True,True,True,OUT
U_cd250e0681,O-2,RESIDENT,IN,BHIM,ISSUER_03,True,True,ON,2024-10-03,STD,0.697,0.069,0.163,0.04,False,False,False,OUT
U_79df49e7dc,O-2,RESIDENT,IN,GPAY,ISSUER_03,True,True,ON,2025-05-04,STD,0.265,0.371,0.277,-0.127,False,True,False,OUT
U_6fa303a5bf,O-1,RESIDENT,IN,GPAY,ISSUER_09,True,True,ON,2025-11-30,STD,0.348,0.6,0.246,0.024,True,False,True,OUT
U_07b66aba5d,O-1,RESIDENT,IN,GPAY,ISSUER_11,True,True,ON,2025-10-07,STD,0.521,0.414,0.285,-0.005,True,True,False,OUT
U_793e789eea,O-2,RESIDENT,IN,BHIM,ISSUER_07,True,True,OFF,2024-12-29,STD,0.423,0.596,0.284,-0.011,False,False,False,OUT
U_5e89be1b21,O-1,RESIDENT,IN,PHONEPE,ISSUER_05,True,True,ON,2025-11-14,STD,0.519,0.228,0.151,-0.021,True,True,True,OUT
U_01078f8cdb,O-3,RESIDENT,IN,BHIM,ISSUER_06,False,True,ON,2026-07-17,STD,0.864,0.024,0.161,0.041,True,True,False,OUT
U_eabe88ebfa,O-2,RESIDENT,IN,PHONEPE,ISSUER_01,True,True,ON,2024-12-15,STD,0.829,-0.006,0.582,-0.004,True,False,False,OUT
U_812ebf0a2f,O-5,RESIDENT,IN,PHONEPE,ISSUER_03,True,True,OFF,2025-01-10,RESTRICTED,0.689,-0.188,0.655,-0.15,True,True,True,OUT
U_6ceb8f4256,O-3,RESIDENT,IN,BHIM,ISSUER_07,True,True,ON,2024-10-12,STD,0.061,-0.003,0.248,0.036,True,True,True,OUT
U_16cdad27c5,O-2,RESIDENT,IN,BHIM,ISSUER_06,True,True,ON,2026-04-29,STD,0.376,-0.0,0.322,0.168,True,True,False,OUT
U_c57d857133,O-5,RESIDENT,IN,GPAY,ISSUER_10,True,True,OFF,2025-11-13,STD,0.857,0.101,0.091,0.047,True,True,True,OUT
U_a64ddd2dab,O-1,RESIDENT,IN,PHONEPE,ISSUER_06,False,True,ON,2026-05-19,STD,0.878,-0.025,0.086,0.077,True,True,False,OUT
U_730735da94,O-2,RESIDENT,IN,PHONEPE,ISSUER_07,True,True,OFF,2025-12-17,STD,0.195,0.062,0.199,-0.028,True,True,True,OUT
U_4a96dd95ed,O-2,RESIDENT,IN,PHONEPE,ISSUER_02,True,True,ON,2025-06-17,STD,0.577,0.554,0.361,-0.007,True,True,True,OUT
U_b786186cf3,O-5,RESIDENT,IN,PHONEPE,ISSUER_09,True,True,ON,2024-11-16,STD,0.802,0.176,0.32,0.006,True,False,False,OUT
U_0497f19ed9,O-2,RESIDENT,IN,BHIM,ISSUER_04,True,True,ON,2024-10-28,STD,0.074,-0.003,0.505,-0.15,True,False,True,OUT
U_8adce2673c,O-1,RESIDENT,IN,BHIM,ISSUER_08,True,True,ON,2026-03-06,STD,0.046,0.162,0.145,0.312,True,True,True,OUT
U_17fe6019c9,O-2,RESIDENT,IN,PHONEPE,ISSUER_04,True,True,ON,2025-06-26,STD,0.3,-0.008,0.235,0.15,True,True,False,OUT
U_844e40b6db,O-4,RESIDENT,IN,PHONEPE,ISSUER_01,True,True,OFF,2025-10-05,STD,0.783,0.136,0.061,0.098,True,False,False,OUT
U_18803c0fa7,O-2,RESIDENT,IN,PHONEPE,ISSUER_01,False,True,ON,2025-08-01,STD,0.621,0.232,0.193,0.024,True,True,False,OUT
U_1a8622f6cd,O-2,RESIDENT,IN,BHIM,ISSUER_12,True,True,ON,2025-03-17,STD,0.195,0.229,0.464,-0.093,True,True,True,OUT
U_b93ef73d6c,O-1,RESIDENT,IN,GPAY,ISSUER_08,True,True,ON,2026-04-29,STD,0.526,0.367,0.408,-0.15,True,True,True,OUT
U_2da3294a13,O-2,RESIDENT,IN,BHIM,ISSUER_09,True,True,OFF,2026-06-24,STD,0.294,0.308,0.272,-0.013,False,True,False,OUT
U_da46c371c2,O-4,RESIDENT,IN,PHONEPE,ISSUER_08,True,True,ON,2025-09-07,STD,0.609,0.472,0.061,-0.15,True,True,True,OUT
U_1c087e3b99,O-3,RESIDENT,IN,PHONEPE,ISSUER_09,False,True,ON,2026-06-14,STD,0.302,0.119,0.155,0.015,False,True,False,OUT
U_e435cfdb8c,O-6,RESIDENT,IN,GPAY,ISSUER_03,True,False,OFF,2025-02-28,STD,0.623,-0.149,0.364,-0.018,True,False,False,OUT
U_36e81c775b,O-2,RESIDENT,IN,GPAY,ISSUER_01,True,True,ON,2025-12-27,STD,0.618,-0.169,0.641,-0.15,True,True,False,OUT
U_7588de161a,O-2,RESIDENT,IN,PHONEPE,ISSUER_01,True,True,ON,2026-02-27,STD,0.46,0.327,0.319,0.074,True,True,False,OUT
U_f9e112a47f,O-2,RESIDENT,IN,PHONEPE,ISSUER_11,True,False,OFF,2025-11-21,STD,0.536,-0.182,0.545,-0.023,True,True,False,OUT
U_61f8cf8965,O-4,RESIDENT,IN,GPAY,ISSUER_09,True,True,OFF,2024-09-27,STD,0.349,0.6,0.357,0.093,True,True,True,OUT
U_ead553ef66,O-5,RESIDENT,IN,BHIM,ISSUER_01,True,True,OFF,2025-06-06,STD,0.87,0.545,0.068,0.044,False,True,False,OUT
U_42deda465e,O-6,RESIDENT,IN,GPAY,ISSUER_02,False,False,OFF,2025-04-10,STD,0.894,0.064,0.223,0.103,True,True,False,OUT
U_1ab40d7027,O-6,RESIDENT,IN,GPAY,ISSUER_04,True,True,OFF,2026-03-20,STD,0.287,0.586,0.104,-0.083,True,True,False,OUT
U_5eb9d37eaf,O-6,RESIDENT,IN,BHIM,ISSUER_04,True,False,OFF,2025-10-18,STD,0.399,0.056,0.093,-0.03,True,True,True,OUT
U_0a387663ed,O-2,RESIDENT,IN,BHIM,ISSUER_08,True,True,ON,2025-09-25,STD,0.562,-0.24,0.915,-0.15,True,False,True,OUT
U_31074aa221,O-2,RESIDENT,IN,PHONEPE,ISSUER_02,False,True,OFF,2024-12-21,STD,0.76,-0.007,0.502,-0.15,True,False,True,OUT
U_d97540e820,O-2,RESIDENT,IN,GPAY,ISSUER_11,True,True,ON,2025-05-26,STD,0.593,0.166,0.131,0.034,True,False,True,OUT
U_3cb8132acc,O-2,RESIDENT,IN,PHONEPE,ISSUER_08,True,True,ON,2024-12-07,ELEVATED,0.476,0.372,0.25,0.004,True,False,False,OUT
U_5f113e2674,O-2,RESIDENT,IN,BHIM,ISSUER_07,True,True,ON,2026-03-08,STD,0.032,-0.255,0.383,0.174,True,True,False,OUT
U_196a4e0113,O-3,RESIDENT,IN,GPAY,ISSUER_06,False,False,OFF,2026-06-04,STD,0.802,0.239,0.446,-0.042,True,True,True,OUT
U_55dbdef6da,O-1,RESIDENT,IN,BHIM,ISSUER_01,True,True,ON,2025-10-04,STD,0.553,0.19,0.411,-0.15,False,False,False,OUT
U_4ef6f8ec9e,O-6,RESIDENT,IN,PHONEPE,ISSUER_03,False,True,OFF,2026-07-06,STD,0.649,0.169,0.176,-0.05,False,True,False,OUT
U_aad0806573,O-4,RESIDENT,IN,GPAY,ISSUER_05,True,True,ON,2026-03-05,STD,0.596,-0.145,0.467,-0.001,True,False,False,OUT
U_f79f4822a7,O-2,RESIDENT,IN,BHIM,ISSUER_12,True,True,OFF,2026-06-11,STD,0.718,0.237,0.437,-0.007,True,False,True,OUT
U_7b9e9a8570,O-2,RESIDENT,IN,PHONEPE,ISSUER_02,True,True,ON,2026-05-05,STD,0.027,0.014,0.08,-0.031,True,False,False,OUT
U_7b93c00d29,O-6,RESIDENT,IN,PHONEPE,ISSUER_01,False,False,OFF,2025-12-09,STD,0.31,0.131,0.241,-0.048,True,True,False,OUT
U_7e2ce93833,O-1,RESIDENT,IN,PHONEPE,ISSUER_07,True,True,ON,2026-04-03,STD,0.616,0.136,0.308,0.036,True,True,True,OUT
U_1919f066cd,O-5,RESIDENT,IN,GPAY,ISSUER_09,True,True,ON,2026-04-13,STD,0.095,-0.023,0.533,-0.15,True,True,False,OUT
U_79d993d3f9,O-4,RESIDENT,IN,GPAY,ISSUER_12,True,True,ON,2025-07-25,STD,0.317,0.095,0.253,0.039,True,False,True,OUT
U_dfdb65fc28,O-2,RESIDENT,IN,PHONEPE,ISSUER_05,True,True,ON,2026-05-03,STD,0.251,0.339,0.152,-0.058,True,True,False,OUT
U_b4b4502b32,O-5,RESIDENT,IN,GPAY,ISSUER_05,True,True,OFF,2026-01-09,STD,0.486,0.186,0.132,0.071,True,False,False,OUT
U_8cf9a6068a,O-2,RESIDENT,IN,PHONEPE,ISSUER_11,True,True,OFF,2026-05-25,STD,0.737,0.152,0.298,-0.012,False,True,True,OUT
U_bc831e6198,O-2,RESIDENT,IN,PHONEPE,ISSUER_08,True,True,OFF,2025-06-18,STD,0.335,-0.061,0.628,0.169,True,True,False,OUT
U_fede36792b,O-2,RESIDENT,IN,GPAY,ISSUER_01,True,True,OFF,2024-12-13,STD,0.251,-0.124,0.45,-0.022,True,True,True,OUT
U_a686b328a8,O-3,RESIDENT,IN,GPAY,ISSUER_01,True,True,OFF,2024-11-28,STD,0.869,0.188,0.26,-0.101,True,True,True,OUT
U_b3a06d6d0b,O-2,RESIDENT,IN,BHIM,ISSUER_02,True,True,ON,2024-09-27,STD,0.165,-0.023,0.532,-0.082,True,True,False,OUT
U_872d7894b1,O-1,RESIDENT,IN,BHIM,ISSUER_07,False,False,ON,2024-11-08,STD,0.506,0.195,0.302,-0.078,True,True,True,OUT
U_1b5a2fe88c,O-4,RESIDENT,IN,PHONEPE,ISSUER_06,True,True,ON,2026-03-18,STD,0.712,0.091,0.203,0.053,False,False,False,OUT
U_a594e176f3,O-2,RESIDENT,IN,BHIM,ISSUER_01,True,True,OFF,2026-04-08,STD,0.149,-0.206,0.58,-0.069,False,True,False,OUT
U_a4d2c858ef,O-6,RESIDENT,IN,PHONEPE,ISSUER_02,False,False,OFF,2024-11-30,STD,0.299,-0.105,0.273,-0.065,True,True,False,OUT
U_e9d6634407,O-2,RESIDENT,IN,BHIM,ISSUER_07,True,True,OFF,2026-03-18,STD,0.085,0.268,0.125,0.039,True,True,True,OUT
U_eeb8eb28ab,O-2,RESIDENT,IN,GPAY,ISSUER_03,True,True,ON,2024-10-30,STD,0.648,-0.124,0.449,-0.119,True,True,True,OUT
U_24d04a992e,O-1,RESIDENT,IN,BHIM,ISSUER_10,True,True,ON,2024-11-03,STD,0.568,0.396,0.245,-0.127,True,True,False,OUT
U_d6d7a0b7d4,O-6,RESIDENT,IN,PHONEPE,ISSUER_01,False,False,OFF,2025-02-09,STD,0.485,0.544,0.087,0.096,True,False,False,OUT
U_84e5641734,O-5,RESIDENT,IN,GPAY,ISSUER_05,False,True,ON,2026-01-18,STD,0.504,0.316,0.427,0.041,True,False,False,OUT
U_8cd11b5b5f,O-5,RESIDENT,IN,PHONEPE,ISSUER_07,True,True,ON,2025-03-27,STD,0.133,0.213,0.171,-0.025,True,False,True,OUT
U_43fd9b9f56,O-1,RESIDENT,IN,BHIM,ISSUER_01,True,True,ON,2025-08-15,STD,0.447,0.163,0.31,-0.084,True,True,True,OUT
U_502d3d217e,O-2,RESIDENT,IN,GPAY,ISSUER_08,True,True,OFF,2024-09-13,STD,0.082,0.227,0.146,-0.03,True,True,True,OUT
U_bb60f8990d,O-3,RESIDENT,IN,GPAY,ISSUER_06,True,True,OFF,2024-10-22,STD,0.319,-0.162,0.797,-0.15,True,True,False,OUT
U_d52bf81baa,O-3,RESIDENT,IN,GPAY,ISSUER_05,True,True,OFF,2025-05-22,STD,0.379,-0.064,0.275,0.349,True,True,False,OUT
U_ebcce2af31,O-3,RESIDENT,IN,PHONEPE,ISSUER_09,True,True,ON,2025-06-06,STD,0.29,0.381,0.433,-0.15,False,True,False,OUT
U_3951a1b5db,O-1,RESIDENT,IN,BHIM,ISSUER_08,True,True,ON,2026-06-07,ELEVATED,0.607,0.108,0.1,-0.024,False,True,False,OUT
U_8aa9999430,O-1,RESIDENT,IN,GPAY,ISSUER_06,True,True,ON,2025-07-02,STD,0.76,0.118,0.333,0.055,True,True,True,OUT
U_472e890073,O-5,RESIDENT,IN,GPAY,ISSUER_07,True,True,OFF,2026-06-09,STD,0.505,-0.183,0.549,-0.15,True,True,True,OUT
U_2d51162a0c,O-1,RESIDENT,IN,GPAY,ISSUER_06,False,True,ON,2024-09-15,STD,0.615,0.292,0.147,0.117,True,True,False,OUT
U_bbaef17851,O-3,RESIDENT,IN,BHIM,ISSUER_10,False,False,ON,2025-04-05,STD,0.247,-0.115,0.221,0.072,False,True,False,OUT
U_7650123dec,O-2,RESIDENT,IN,BHIM,ISSUER_11,False,True,OFF,2025-11-28,STD,0.178,-0.009,0.327,0.005,True,False,False,OUT
U_d1f9f9f34b,O-1,RESIDENT,IN,PHONEPE,ISSUER_03,True,True,ON,2025-05-14,STD,0.267,0.148,0.313,0.147,True,True,True,OUT
U_4a84f08782,O-1,RESIDENT,IN,PHONEPE,ISSUER_02,True,True,ON,2025-03-14,STD,0.417,-0.183,0.704,-0.137,True,False,False,OUT
U_42f4d6cbfb,O-5,RESIDENT,IN,BHIM,ISSUER_06,True,True,OFF,2024-10-31,STD,0.946,0.135,0.355,-0.005,True,False,True,OUT
U_ac8d469b1a,O-2,RESIDENT,IN,BHIM,ISSUER_10,True,True,ON,2024-11-20,STD,0.786,0.07,0.101,0.073,True,True,True,OUT
U_fbcf26bf36,O-6,RESIDENT,IN,GPAY,ISSUER_12,False,False,OFF,2025-12-16,STD,0.94,0.02,0.253,0.101,True,False,True,OUT
U_3fd9e5d2e0,O-6,RESIDENT,IN,PHONEPE,ISSUER_06,False,False,OFF,2024-08-16,STD,0.416,-0.091,0.759,-0.15,True,True,False,OUT
U_634d5259aa,O-1,RESIDENT,IN,BHIM,ISSUER_11,True,True,ON,2025-01-20,STD,0.784,0.202,0.043,0.099,True,True,True,OUT
U_b9ce51ed3c,O-5,RESIDENT,IN,GPAY,ISSUER_06,True,True,OFF,2024-08-19,STD,0.425,0.134,0.382,0.004,True,True,True,OUT
U_cb01b75fc9,O-6,RESIDENT,IN,GPAY,ISSUER_10,False,True,OFF,2026-02-01,STD,0.417,-0.022,0.437,0.059,True,True,True,OUT
U_63a967f9ab,O-6,RESIDENT,IN,BHIM,ISSUER_07,True,False,OFF,2025-12-26,STD,0.133,0.049,0.055,-0.005,True,True,True,OUT
U_6fa1592b63,O-1,RESIDENT,IN,BHIM,ISSUER_04,True,True,ON,2026-03-30,STD,0.779,0.6,0.111,0.06,True,True,True,OUT
U_9a35c595ea,O-6,RESIDENT,IN,PHONEPE,ISSUER_01,True,False,OFF,2025-01-10,STD,0.879,0.255,0.265,-0.086,True,True,False,OUT
U_adff6a3157,O-5,RESIDENT,IN,BHIM,ISSUER_10,True,True,ON,2026-02-24,STD,0.715,-0.005,0.566,-0.15,False,False,True,OUT
U_30cdc06d33,O-6,RESIDENT,IN,GPAY,ISSUER_09,False,False,OFF,2024-11-02,STD,0.451,0.339,0.338,0.083,True,True,True,OUT
U_83ae903984,O-6,RESIDENT,IN,BHIM,ISSUER_07,False,True,OFF,2025-01-05,ELEVATED,0.73,-0.001,0.2,-0.117,True,False,False,OUT
U_17efcbce99,O-1,RESIDENT,IN,BHIM,ISSUER_08,True,True,ON,2026-04-13,STD,0.452,0.223,0.26,-0.15,True,False,True,OUT
U_5003ee08b2,O-5,RESIDENT,IN,GPAY,ISSUER_02,True,True,OFF,2024-08-12,STD,0.455,0.231,0.226,0.062,False,False,False,OUT
U_e37fb7a91c,O-1,RESIDENT,IN,BHIM,ISSUER_01,True,True,ON,2024-09-21,STD,0.083,0.469,0.111,0.002,True,True,False,OUT
U_b24d29f31e,O-1,RESIDENT,IN,PHONEPE,ISSUER_03,True,True,ON,2025-10-30,STD,0.274,0.001,0.37,-0.118,True,True,True,OUT
U_65f5c4b0ae,O-2,RESIDENT,IN,PHONEPE,ISSUER_06,True,True,OFF,2025-10-30,STD,0.579,0.186,0.377,-0.133,True,False,True,OUT
U_e2af17b298,O-6,RESIDENT,IN,GPAY,ISSUER_04,True,True,OFF,2025-07-22,STD,0.906,0.084,0.234,-0.131,False,True,False,OUT
U_ef715a7e24,O-5,RESIDENT,IN,PHONEPE,ISSUER_09,True,True,ON,2025-11-24,STD,0.419,0.007,0.353,0.05,True,True,False,OUT
U_fcfed62313,O-1,RESIDENT,IN,GPAY,ISSUER_05,True,True,ON,2025-11-02,STD,0.124,-0.044,0.484,0.197,False,False,True,OUT
U_8b195e9f07,O-2,RESIDENT,IN,BHIM,ISSUER_04,True,True,ON,2025-02-12,STD,0.632,0.173,0.248,0.064,True,True,False,OUT
U_493709c98a,O-2,RESIDENT,IN,GPAY,ISSUER_10,True,True,OFF,2025-04-17,STD,0.383,-0.187,0.488,-0.069,True,True,True,OUT
U_54947433a7,O-6,RESIDENT,IN,PHONEPE,ISSUER_07,False,False,OFF,2024-11-10,STD,0.629,0.26,0.092,-0.086,True,True,True,OUT
U_03302a0242,O-4,RESIDENT,IN,GPAY,ISSUER_04,False,True,ON,2024-10-21,STD,0.607,-0.302,0.84,-0.15,False,False,True,OUT
U_ceee587487,O-6,RESIDENT,IN,BHIM,ISSUER_09,False,False,OFF,2025-07-31,STD,0.159,0.066,0.378,-0.15,True,True,True,OUT
U_f15c00c77b,O-6,RESIDENT,IN,PHONEPE,ISSUER_08,False,False,OFF,2024-11-30,STD,0.431,0.437,0.252,0.079,True,True,False,OUT
U_081b5251a8,O-3,RESIDENT,IN,GPAY,ISSUER_11,True,True,OFF,2026-03-02,STD,0.19,-0.08,0.712,-0.15,True,True,False,OUT
U_da7541595d,O-6,RESIDENT,IN,GPAY,ISSUER_08,True,False,OFF,2025-05-27,STD,0.478,0.057,0.166,-0.01,True,True,True,OUT
U_6e72e9175b,O-5,RESIDENT,IN,PHONEPE,ISSUER_07,True,True,OFF,2025-08-22,STD,0.595,0.333,0.142,0.096,True,True,False,OUT
U_80f84112bf,O-2,RESIDENT,IN,PHONEPE,ISSUER_01,True,True,ON,2025-06-07,STD,0.525,0.387,0.13,-0.104,True,True,False,OUT
U_11aadfeaee,O-2,RESIDENT,IN,GPAY,ISSUER_10,True,True,ON,2025-08-01,STD,0.229,0.223,0.202,-0.006,True,False,True,OUT
U_b2bff9077a,O-4,RESIDENT,IN,GPAY,ISSUER_05,True,True,ON,2026-04-15,STD,0.721,0.177,0.282,-0.047,True,True,True,OUT
U_7b486e83eb,O-3,RESIDENT,IN,PHONEPE,ISSUER_05,True,True,OFF,2024-09-10,STD,0.672,0.113,0.068,0.21,True,True,True,OUT
U_663aa7e0f8,O-1,RESIDENT,IN,PHONEPE,ISSUER_07,True,True,ON,2025-12-06,STD,0.743,-0.068,0.631,-0.083,True,False,True,OUT
U_64ea348713,O-4,RESIDENT,IN,BHIM,ISSUER_11,True,True,OFF,2024-09-13,STD,0.748,0.327,0.127,0.152,True,True,True,OUT
U_46042831ed,O-1,RESIDENT,IN,PHONEPE,ISSUER_10,False,True,ON,2026-05-19,STD,0.769,0.049,0.21,-0.048,True,True,False,OUT
U_27d2742d76,O-5,RESIDENT,IN,GPAY,ISSUER_09,True,True,OFF,2026-01-17,STD,0.362,0.025,0.212,-0.013,True,True,True,OUT
U_1c6f68515e,O-6,RESIDENT,IN,GPAY,ISSUER_07,False,False,OFF,2026-05-27,STD,0.581,0.209,0.331,-0.022,True,True,True,OUT
U_fa00ea457d,O-1,RESIDENT,IN,BHIM,ISSUER_02,True,True,ON,2024-10-21,STD,0.345,0.159,0.145,0.018,True,True,True,OUT
U_8682e3fb96,O-6,RESIDENT,IN,GPAY,ISSUER_06,True,True,OFF,2025-07-06,STD,0.096,0.35,0.283,-0.08,True,True,True,OUT
U_0a550f5cba,O-3,RESIDENT,IN,GPAY,ISSUER_07,True,False,ON,2026-07-26,STD,0.66,0.168,0.343,-0.141,True,True,True,OUT
U_74bb99c7ae,O-6,RESIDENT,IN,GPAY,ISSUER_08,False,True,OFF,2025-02-04,STD,0.674,0.082,0.22,0.115,True,True,False,OUT
U_bc682bf564,O-3,RESIDENT,IN,GPAY,ISSUER_07,True,True,ON,2024-10-31,STD,0.609,-0.131,0.638,0.052,True,True,False,OUT
U_ffe0234565,O-5,RESIDENT,IN,PHONEPE,ISSUER_05,True,True,ON,2025-01-04,STD,0.43,0.096,0.303,-0.015,True,True,False,OUT
U_f91dac1040,O-1,RESIDENT,IN,BHIM,ISSUER_09,True,True,ON,2025-08-26,STD,0.63,0.2,0.281,-0.024,True,True,True,OUT
U_c5dfeee2be,O-5,RESIDENT,IN,PHONEPE,ISSUER_09,True,True,OFF,2026-02-24,STD,0.126,0.52,0.222,-0.003,False,False,True,OUT
U_ee41e66254,O-3,RESIDENT,IN,PHONEPE,ISSUER_08,True,True,OFF,2025-09-01,STD,0.724,0.572,0.404,0.027,True,False,False,OUT
U_693c4de597,O-2,RESIDENT,IN,BHIM,ISSUER_10,False,True,OFF,2026-01-06,STD,0.839,0.244,0.389,0.103,True,True,False,OUT
U_8de27c64ca,O-2,RESIDENT,IN,GPAY,ISSUER_10,True,False,OFF,2025-05-12,STD,0.692,-0.102,0.402,0.042,True,True,True,OUT
U_b655a325fc,O-2,RESIDENT,IN,BHIM,ISSUER_09,True,True,OFF,2024-10-02,STD,0.58,0.44,0.062,0.146,True,True,True,OUT
U_54f8098884,O-2,RESIDENT,IN,BHIM,ISSUER_07,True,True,OFF,2026-03-20,STD,0.367,0.146,0.488,-0.039,False,True,True,OUT
U_48c60c19f2,O-2,RESIDENT,IN,BHIM,ISSUER_12,True,True,OFF,2026-07-25,STD,0.609,0.422,0.16,-0.007,True,False,False,OUT
U_cceff80628,O-6,RESIDENT,IN,PHONEPE,ISSUER_07,False,True,OFF,2025-10-29,STD,0.693,0.333,0.156,0.224,True,True,False,OUT
U_b690d69135,O-2,RESIDENT,IN,GPAY,ISSUER_07,True,True,ON,2024-12-02,STD,0.677,0.227,0.433,0.132,True,False,True,OUT
U_802af0d500,O-2,RESIDENT,IN,BHIM,ISSUER_09,True,True,OFF,2024-09-25,STD,0.31,0.049,0.505,-0.104,True,False,False,OUT
U_e5341eed45,O-6,RESIDENT,IN,BHIM,ISSUER_09,False,True,OFF,2025-10-10,STD,0.538,0.215,0.409,-0.074,False,True,False,OUT
U_1086c1216c,O-6,RESIDENT,IN,BHIM,ISSUER_07,False,False,OFF,2026-05-26,STD,0.41,-0.035,0.04,-0.018,True,True,True,OUT
U_f04b3f7899,O-2,RESIDENT,IN,GPAY,ISSUER_11,True,True,ON,2025-05-07,STD,0.062,0.021,0.252,0.21,True,True,True,OUT
U_a555e8c55f,O-2,RESIDENT,IN,GPAY,ISSUER_06,True,True,OFF,2026-01-02,STD,0.385,-0.069,0.657,-0.061,True,True,False,OUT
U_41bcad906f,O-2,RESIDENT,IN,BHIM,ISSUER_11,True,True,OFF,2025-11-22,STD,0.468,0.15,0.169,-0.041,False,True,False,OUT
U_9e25e98919,O-4,RESIDENT,IN,GPAY,ISSUER_01,True,True,OFF,2025-03-11,STD,0.079,0.219,0.271,-0.039,True,False,False,OUT
U_fc864ea5aa,O-1,RESIDENT,IN,PHONEPE,ISSUER_03,True,True,ON,2026-03-28,STD,0.446,0.316,0.236,0.067,True,True,True,OUT
U_acdbc14a9d,O-3,RESIDENT,IN,PHONEPE,ISSUER_07,True,True,ON,2025-08-02,STD,0.489,-0.056,0.493,0.081,False,False,False,OUT
U_6bc122f740,O-5,RESIDENT,IN,GPAY,ISSUER_10,True,True,OFF,2025-01-18,STD,0.294,-0.192,0.201,-0.017,True,True,False,OUT
U_8032b26c65,O-3,RESIDENT,IN,PHONEPE,ISSUER_12,True,True,OFF,2025-01-22,STD,0.549,-0.019,0.682,-0.15,True,True,False,OUT
U_1a6a2c6321,O-4,RESIDENT,IN,BHIM,ISSUER_12,False,True,OFF,2025-04-13,STD,0.395,0.027,0.342,-0.15,True,True,True,OUT
U_3b6dc84620,O-2,RESIDENT,IN,GPAY,ISSUER_11,True,True,ON,2025-03-03,STD,0.588,-0.096,0.198,0.139,False,True,False,OUT
U_d7107ab5e1,O-6,RESIDENT,IN,PHONEPE,ISSUER_02,False,True,OFF,2025-03-28,STD,0.169,0.383,0.32,-0.025,True,False,True,OUT
U_084bc794cf,O-2,RESIDENT,IN,PHONEPE,ISSUER_07,True,True,ON,2026-07-09,STD,0.218,0.015,0.362,-0.008,True,True,False,OUT
U_2c2a914195,O-1,RESIDENT,IN,GPAY,ISSUER_04,True,True,ON,2026-05-19,STD,0.503,0.214,0.392,-0.004,False,False,True,OUT
U_c29db887b7,O-4,RESIDENT,IN,BHIM,ISSUER_09,True,True,ON,2025-01-14,RESTRICTED,0.336,-0.071,0.708,0.012,True,True,False,OUT
U_5ca10ecf00,O-2,RESIDENT,IN,BHIM,ISSUER_02,False,True,OFF,2024-12-26,STD,0.479,0.189,0.359,-0.041,True,True,False,OUT
U_57a0959804,O-1,RESIDENT,IN,GPAY,ISSUER_12,True,True,ON,2026-02-05,ELEVATED,0.382,0.143,0.038,0.131,True,True,True,OUT
U_b8c0e75756,O-5,RESIDENT,IN,BHIM,ISSUER_03,True,True,ON,2026-07-12,STD,0.579,0.333,0.187,-0.011,False,True,False,OUT
U_18831ea160,O-1,RESIDENT,IN,BHIM,ISSUER_02,True,True,ON,2025-02-07,STD,0.799,-0.085,0.241,-0.126,True,False,False,OUT
U_82eef8f398,O-1,RESIDENT,IN,PHONEPE,ISSUER_10,True,True,ON,2025-08-24,STD,0.325,0.25,0.34,-0.054,True,False,False,OUT
U_bcb16ea13f,O-6,RESIDENT,IN,BHIM,ISSUER_07,False,True,OFF,2025-03-23,STD,0.56,-0.115,0.086,0.051,True,False,True,OUT
U_fe5aa97187,O-4,RESIDENT,IN,BHIM,ISSUER_04,True,True,OFF,2024-09-27,STD,0.581,0.193,0.354,0.02,True,True,False,OUT
U_19f0e36726,O-3,RESIDENT,IN,GPAY,ISSUER_06,True,True,ON,2026-05-05,STD,0.698,0.065,0.495,-0.106,True,True,False,OUT
U_509840b7cf,O-6,RESIDENT,IN,PHONEPE,ISSUER_07,False,True,OFF,2025-03-14,STD,0.041,-0.037,0.78,-0.15,True,False,True,OUT
U_2c9c90b24e,O-2,RESIDENT,IN,BHIM,ISSUER_08,True,True,ON,2026-05-26,STD,0.187,0.473,0.47,-0.101,True,True,False,OUT
U_e95246afdb,O-1,RESIDENT,IN,BHIM,ISSUER_05,True,True,ON,2026-02-14,STD,0.32,0.233,0.236,0.029,True,True,False,OUT
U_5b50489155,O-1,RESIDENT,IN,PHONEPE,ISSUER_05,True,False,ON,2026-05-01,STD,0.769,0.222,0.223,-0.012,False,True,True,OUT
U_817428f505,O-5,RESIDENT,IN,BHIM,ISSUER_01,True,True,ON,2025-11-25,STD,0.788,0.099,0.152,0.172,True,True,True,OUT
U_1fff31de27,O-5,RESIDENT,IN,BHIM,ISSUER_06,True,True,ON,2025-09-27,STD,0.319,-0.341,0.451,-0.15,True,True,True,OUT
U_bdfd22371e,O-6,RESIDENT,IN,BHIM,ISSUER_09,False,False,OFF,2025-02-15,STD,0.11,0.014,0.524,-0.15,True,False,False,OUT
U_e86e50507d,O-1,RESIDENT,IN,BHIM,ISSUER_07,True,True,ON,2025-01-15,STD,0.384,0.27,0.174,0.091,True,True,True,OUT
U_d182279223,O-1,RESIDENT,IN,BHIM,ISSUER_12,True,True,ON,2025-01-11,STD,0.291,-0.076,0.765,-0.143,True,True,False,OUT
U_3f3a256935,O-2,RESIDENT,IN,GPAY,ISSUER_01,True,True,OFF,2026-02-11,STD,0.383,-0.4,0.544,0.001,True,True,False,OUT
U_bfbaf9ffd0,O-6,RESIDENT,IN,GPAY,ISSUER_01,False,False,OFF,2025-12-09,STD,0.582,-0.287,0.479,-0.15,True,True,False,OUT
U_f42e6d0320,O-2,RESIDENT,IN,BHIM,ISSUER_12,True,True,OFF,2025-04-01,STD,0.659,0.258,0.267,-0.013,True,True,False,OUT
U_a0de83992c,O-2,RESIDENT,IN,GPAY,ISSUER_08,True,True,ON,2025-06-04,STD,0.215,0.24,0.129,0.151,True,True,False,OUT
U_4f8a5afe78,O-6,RESIDENT,IN,BHIM,ISSUER_04,True,True,OFF,2025-12-31,STD,0.601,0.088,0.052,0.232,True,True,False,OUT
U_1d7751864e,O-6,RESIDENT,IN,BHIM,ISSUER_06,False,False,OFF,2024-12-26,STD,0.24,0.345,0.185,0.124,True,False,True,OUT
U_5ca7fd62c2,O-2,RESIDENT,IN,GPAY,ISSUER_08,True,True,ON,2026-01-30,STD,0.817,-0.114,0.558,-0.131,True,True,True,OUT
U_359896db41,O-3,RESIDENT,IN,BHIM,ISSUER_12,False,True,OFF,2025-11-03,STD,0.624,0.109,0.231,0.051,False,False,True,OUT
U_5cc70a369a,O-1,RESIDENT,IN,BHIM,ISSUER_03,True,True,ON,2026-02-04,STD,0.718,0.034,0.188,-0.073,True,True,True,OUT
U_14f5bdfe79,O-4,RESIDENT,IN,PHONEPE,ISSUER_11,False,True,ON,2025-01-19,STD,0.538,-0.034,0.458,0.027,True,True,True,OUT
U_b91e00ce63,O-1,RESIDENT,IN,GPAY,ISSUER_01,True,True,ON,2024-12-31,STD,0.509,0.268,0.245,0.082,True,True,False,OUT
U_4bd90e2987,O-6,RESIDENT,IN,GPAY,ISSUER_10,False,False,OFF,2025-06-11,STD,0.777,0.17,0.072,0.02,True,False,True,OUT
U_4ca44bf31f,O-2,RESIDENT,IN,GPAY,ISSUER_10,True,True,ON,2025-07-12,STD,0.285,0.053,0.121,-0.089,True,True,False,OUT
U_816d006605,O-1,RESIDENT,IN,BHIM,ISSUER_11,True,True,ON,2026-02-18,STD,0.246,0.292,0.119,-0.094,True,False,False,OUT
U_dbc3810127,O-4,RESIDENT,IN,PHONEPE,ISSUER_10,True,True,ON,2025-01-09,STD,0.38,-0.38,0.166,-0.036,True,True,True,OUT
U_34af37bb5d,O-1,RESIDENT,IN,BHIM,ISSUER_11,True,True,ON,2025-08-22,STD,0.356,0.131,0.224,0.086,False,True,True,OUT
U_75cb4d08f8,O-2,RESIDENT,IN,BHIM,ISSUER_10,False,True,OFF,2025-02-15,ELEVATED,0.529,0.125,0.115,-0.116,True,True,True,OUT
U_00a6771e64,O-3,RESIDENT,IN,GPAY,ISSUER_07,True,True,OFF,2024-08-30,STD,0.704,0.175,0.138,0.135,True,True,True,OUT
U_f6b62a718b,O-5,RESIDENT,IN,GPAY,ISSUER_02,True,False,ON,2025-03-22,STD,0.528,0.353,0.177,0.022,True,False,False,OUT
U_e5f5cdf921,O-1,RESIDENT,IN,PHONEPE,ISSUER_01,True,True,ON,2025-07-10,STD,0.364,0.044,0.179,0.11,True,True,True,OUT
U_ef6715c574,O-1,RESIDENT,IN,BHIM,ISSUER_04,True,True,ON,2025-12-20,STD,0.58,-0.057,0.268,-0.097,True,True,False,OUT
U_a802290cd2,O-1,RESIDENT,IN,BHIM,ISSUER_01,True,True,ON,2026-07-07,STD,0.078,-0.151,0.555,-0.15,True,True,False,OUT
U_6498884714,O-6,RESIDENT,IN,PHONEPE,ISSUER_06,True,True,OFF,2024-11-28,STD,0.205,-0.256,0.489,0.056,False,True,False,OUT
U_d4fd509767,O-1,RESIDENT,IN,GPAY,ISSUER_07,False,True,ON,2025-01-26,STD,0.183,0.208,0.286,-0.1,True,True,True,OUT
U_3ae02591ac,O-2,RESIDENT,IN,PHONEPE,ISSUER_04,True,True,OFF,2025-12-30,STD,0.286,0.6,0.188,0.044,False,False,False,OUT
U_248b9a6d5c,O-6,RESIDENT,IN,BHIM,ISSUER_02,True,False,OFF,2025-05-12,STD,0.643,0.211,0.147,0.092,True,False,False,OUT
U_1984fe4f7e,O-5,RESIDENT,IN,BHIM,ISSUER_09,False,True,ON,2024-09-22,STD,0.914,0.339,0.079,0.041,True,True,False,OUT
U_a5c85447a4,O-3,RESIDENT,IN,PHONEPE,ISSUER_04,True,True,ON,2025-01-24,STD,0.443,0.263,0.162,0.153,True,True,True,OUT
U_333cc4fceb,O-1,RESIDENT,IN,GPAY,ISSUER_08,True,True,ON,2025-11-09,STD,0.55,0.365,0.223,0.277,True,True,True,OUT
U_2fcf6129d3,O-5,RESIDENT,IN,BHIM,ISSUER_08,True,True,ON,2026-02-09,STD,0.358,0.122,0.253,0.143,False,True,True,OUT
U_6c80e6f7d1,O-2,RESIDENT,IN,BHIM,ISSUER_05,True,True,ON,2025-12-26,STD,0.855,-0.224,0.365,-0.15,True,True,True,OUT
U_aeae7c11d8,O-1,RESIDENT,IN,BHIM,ISSUER_05,True,True,ON,2025-01-02,STD,0.656,-0.172,0.135,-0.083,True,True,True,OUT
U_4e862b9e83,O-1,RESIDENT,IN,PHONEPE,ISSUER_08,True,True,ON,2025-01-12,STD,0.588,-0.004,0.596,0.126,True,True,False,OUT
U_7ce17ba956,O-3,RESIDENT,IN,GPAY,ISSUER_04,True,False,ON,2026-05-12,STD,0.618,-0.069,0.786,-0.15,False,True,False,OUT
U_8fec5a3284,O-5,RESIDENT,IN,BHIM,ISSUER_06,True,True,ON,2024-11-26,STD,0.661,-0.199,0.372,-0.029,True,True,False,OUT
U_5bf59d7476,O-3,RESIDENT,IN,BHIM,ISSUER_05,True,True,ON,2025-03-29,STD,0.822,0.052,0.118,0.063,True,True,True,OUT
U_7336391e7e,O-2,RESIDENT,IN,PHONEPE,ISSUER_07,True,True,OFF,2025-07-14,STD,0.525,0.001,0.161,-0.078,True,True,False,OUT
U_56d8db4026,O-1,RESIDENT,IN,PHONEPE,ISSUER_11,True,True,ON,2024-10-01,STD,0.137,0.205,0.142,-0.098,True,True,True,OUT
U_dfff31a852,O-1,RESIDENT,IN,PHONEPE,ISSUER_04,True,True,ON,2025-01-29,STD,0.205,0.059,0.426,-0.15,True,False,True,OUT
U_e07fe1a5b2,O-6,RESIDENT,IN,PHONEPE,ISSUER_01,False,True,OFF,2025-10-25,STD,0.214,0.436,0.189,-0.12,True,True,True,OUT
U_886c703139,O-3,RESIDENT,IN,PHONEPE,ISSUER_11,True,True,OFF,2024-08-15,STD,0.602,0.085,0.038,0.101,True,True,True,OUT
U_9b847711db,O-1,RESIDENT,IN,PHONEPE,ISSUER_11,True,True,ON,2024-11-07,STD,0.728,-0.061,0.351,0.008,True,True,True,OUT
U_7b77843cf7,O-3,RESIDENT,IN,BHIM,ISSUER_07,True,True,OFF,2024-11-10,STD,0.797,0.061,0.405,-0.15,True,True,True,OUT
U_abddfa6dda,O-2,RESIDENT,IN,BHIM,ISSUER_01,True,True,ON,2026-07-27,STD,0.767,0.489,0.218,0.078,True,True,True,OUT
U_0b31514df2,O-1,RESIDENT,IN,BHIM,ISSUER_04,True,True,ON,2025-04-26,STD,0.812,0.264,0.215,-0.001,True,False,False,OUT
U_b0a15f8e42,O-1,RESIDENT,IN,GPAY,ISSUER_07,True,True,ON,2024-11-16,STD,0.772,0.111,0.098,0.223,True,True,True,OUT
U_032bb7c408,O-6,RESIDENT,IN,GPAY,ISSUER_02,False,False,OFF,2026-01-11,STD,0.255,-0.011,0.494,-0.15,True,True,True,OUT
U_da4569e8af,O-2,RESIDENT,IN,GPAY,ISSUER_01,True,True,OFF,2025-04-19,STD,0.425,0.3,0.178,0.068,True,True,False,OUT
U_d3b8364293,O-2,RESIDENT,IN,BHIM,ISSUER_08,True,True,OFF,2024-09-02,ELEVATED,0.333,0.024,0.307,0.027,True,False,True,OUT
U_67661ea72f,O-5,RESIDENT,IN,GPAY,ISSUER_06,True,True,OFF,2024-11-22,STD,0.848,-0.07,0.703,-0.15,True,True,False,OUT
U_8cfd96f8dc,O-5,RESIDENT,IN,PHONEPE,ISSUER_07,True,True,ON,2024-10-29,STD,0.915,0.006,0.235,0.236,True,True,False,OUT
U_0d67a5d6c5,O-6,RESIDENT,IN,GPAY,ISSUER_08,True,False,OFF,2024-12-29,STD,0.641,0.261,0.306,-0.005,True,True,True,OUT
U_f7e3f2a456,O-2,RESIDENT,IN,BHIM,ISSUER_01,True,True,ON,2025-06-01,STD,0.403,0.205,0.121,0.036,True,True,False,OUT
U_645903384b,O-5,RESIDENT,IN,PHONEPE,ISSUER_03,True,True,OFF,2025-04-15,STD,0.694,0.071,0.367,0.009,False,False,True,OUT
U_77ac5be7a2,O-2,RESIDENT,IN,PHONEPE,ISSUER_03,True,True,ON,2024-09-15,STD,0.43,0.267,0.289,-0.15,True,False,True,OUT
U_dcbc6f58e7,O-3,RESIDENT,IN,BHIM,ISSUER_10,True,True,OFF,2025-02-11,STD,0.257,0.133,0.238,-0.02,True,True,True,OUT
U_ee6e596d6d,O-6,RESIDENT,IN,GPAY,ISSUER_05,False,True,OFF,2025-02-04,STD,0.28,0.408,0.267,0.198,True,True,True,OUT
U_58ffe804e3,O-1,RESIDENT,IN,PHONEPE,ISSUER_11,True,True,ON,2025-07-08,STD,0.493,0.065,0.14,-0.107,True,True,False,OUT
U_baad031153,O-3,RESIDENT,IN,PHONEPE,ISSUER_01,True,True,ON,2026-06-22,STD,0.29,-0.025,0.446,-0.15,True,True,True,OUT
U_f3aa7511f8,O-4,RESIDENT,IN,PHONEPE,ISSUER_10,True,False,ON,2025-02-25,STD,0.339,0.355,0.098,0.32,True,False,True,OUT
U_6503abbb6d,O-6,RESIDENT,IN,GPAY,ISSUER_06,True,False,OFF,2024-11-26,STD,0.52,0.115,0.205,-0.123,True,False,False,OUT
U_a3d024b403,O-1,RESIDENT,IN,PHONEPE,ISSUER_12,False,True,ON,2025-09-15,STD,0.691,0.189,0.208,0.056,True,True,False,OUT
U_284845e2c7,O-1,RESIDENT,IN,PHONEPE,ISSUER_06,True,True,ON,2024-08-28,STD,0.513,0.091,0.141,-0.033,True,False,False,OUT
U_a6d3d5abbf,O-1,RESIDENT,IN,GPAY,ISSUER_02,True,True,ON,2025-12-08,STD,0.859,0.266,0.222,-0.15,True,False,True,OUT
U_a25805685c,O-6,RESIDENT,IN,BHIM,ISSUER_04,True,False,OFF,2025-03-14,STD,0.717,0.182,0.222,-0.064,True,False,False,OUT
U_079969b734,O-2,RESIDENT,IN,GPAY,ISSUER_05,False,True,ON,2026-03-06,STD,0.666,0.231,0.05,-0.043,True,True,False,OUT
U_f4c39024c3,O-1,RESIDENT,IN,PHONEPE,ISSUER_12,True,True,ON,2026-05-13,STD,0.669,0.099,0.442,-0.15,True,False,False,OUT
U_5c15f2d081,O-2,RESIDENT,IN,BHIM,ISSUER_07,True,True,OFF,2025-09-15,STD,0.701,0.132,0.169,-0.074,True,False,False,OUT
U_22336be1f5,O-2,RESIDENT,IN,GPAY,ISSUER_02,True,True,OFF,2024-09-11,STD,0.88,-0.002,0.439,-0.15,True,False,False,OUT
U_25461a2df8,O-5,RESIDENT,IN,PHONEPE,ISSUER_01,True,True,OFF,2026-05-25,STD,0.444,0.255,0.37,-0.15,False,True,False,OUT
U_ca22b980f1,O-3,RESIDENT,IN,GPAY,ISSUER_02,True,True,OFF,2026-07-12,STD,0.658,0.111,0.105,0.181,True,True,False,OUT
U_78a3ad2838,O-6,RESIDENT,IN,PHONEPE,ISSUER_02,True,False,OFF,2026-06-09,STD,0.422,0.11,0.167,-0.006,True,False,True,OUT
U_24f2807ad1,O-5,RESIDENT,IN,GPAY,ISSUER_11,True,True,ON,2025-07-25,STD,0.886,0.195,0.207,-0.017,True,True,True,OUT
U_725ff76207,O-5,RESIDENT,IN,BHIM,ISSUER_08,True,True,ON,2025-12-06,STD,0.18,-0.041,0.112,0.106,False,True,True,OUT
U_b90a6ab21d,O-6,RESIDENT,IN,PHONEPE,ISSUER_03,False,False,OFF,2025-01-18,STD,0.237,0.196,0.139,0.042,False,True,True,OUT
U_fef699b20c,O-5,RESIDENT,IN,BHIM,ISSUER_05,True,True,ON,2026-02-27,ELEVATED,0.261,-0.011,0.834,-0.048,True,True,False,OUT
U_0ad2fa908a,O-3,RESIDENT,IN,GPAY,ISSUER_10,True,True,ON,2026-06-30,STD,0.611,0.036,0.448,-0.15,True,True,True,OUT
U_4fa7d8dc9b,O-1,RESIDENT,IN,BHIM,ISSUER_03,True,True,ON,2025-12-27,STD,0.419,-0.2,0.264,0.061,True,False,True,OUT
U_827c12c5f6,O-2,RESIDENT,IN,BHIM,ISSUER_02,True,True,OFF,2025-09-22,STD,0.711,0.089,0.293,-0.087,True,True,True,OUT
U_8dc3c4745c,O-1,RESIDENT,IN,PHONEPE,ISSUER_12,True,True,ON,2025-07-26,STD,0.711,0.229,0.176,-0.079,True,False,True,OUT
U_66415b0fb0,O-1,RESIDENT,IN,GPAY,ISSUER_06,True,True,ON,2025-10-10,STD,0.22,0.323,0.218,0.061,True,True,True,OUT
U_99c56380a5,O-6,RESIDENT,IN,PHONEPE,ISSUER_01,False,True,OFF,2025-06-13,STD,0.921,0.005,0.163,0.243,True,True,True,OUT
U_e99b58a45a,O-4,RESIDENT,IN,GPAY,ISSUER_09,True,True,OFF,2025-12-10,STD,0.405,-0.351,0.376,0.058,True,False,True,OUT
U_ce83938bef,O-2,RESIDENT,IN,PHONEPE,ISSUER_10,True,False,OFF,2025-03-24,ELEVATED,0.748,0.047,0.293,-0.126,True,True,False,OUT
U_c886537657,O-6,RESIDENT,IN,GPAY,ISSUER_12,False,False,OFF,2024-12-28,STD,0.411,0.076,0.308,0.012,False,True,False,OUT
U_8d031878ec,O-6,RESIDENT,IN,BHIM,ISSUER_12,True,False,OFF,2026-07-01,STD,0.171,-0.193,0.368,0.157,True,True,True,OUT
U_994f52308d,O-1,RESIDENT,IN,GPAY,ISSUER_09,True,False,ON,2026-04-16,STD,0.554,0.131,0.292,-0.15,False,True,False,OUT
U_80bee1ad88,O-1,RESIDENT,IN,GPAY,ISSUER_12,True,True,ON,2025-11-25,STD,0.464,0.19,0.372,0.049,True,True,False,OUT
U_d9e9eca3ef,O-5,RESIDENT,IN,GPAY,ISSUER_11,True,True,ON,2024-11-07,STD,0.665,0.029,0.042,-0.038,True,False,True,OUT
U_6c761c6de2,O-2,RESIDENT,IN,GPAY,ISSUER_11,True,True,OFF,2026-02-14,ELEVATED,0.307,-0.06,0.769,-0.15,True,False,True,OUT
U_f9b3040528,O-5,RESIDENT,IN,PHONEPE,ISSUER_01,False,True,ON,2024-08-14,STD,0.582,0.264,0.185,0.061,True,False,True,OUT
U_92b51ab9dd,O-4,RESIDENT,IN,BHIM,ISSUER_08,True,False,ON,2025-03-08,STD,0.665,0.248,0.231,0.098,False,False,False,OUT
U_89bbf94614,O-5,RESIDENT,IN,BHIM,ISSUER_01,True,True,OFF,2024-09-23,STD,0.513,0.293,0.016,0.051,True,True,True,OUT
U_ac2a212c30,O-4,RESIDENT,IN,GPAY,ISSUER_02,True,True,OFF,2025-09-02,STD,0.746,0.275,0.288,0.022,True,False,True,OUT
U_0d58ff0e0e,O-2,RESIDENT,IN,GPAY,ISSUER_03,True,True,OFF,2024-09-09,STD,0.85,0.347,0.11,0.015,True,True,True,OUT
U_6efa2ca347,O-3,RESIDENT,IN,GPAY,ISSUER_04,True,True,ON,2025-12-31,STD,0.327,-0.101,0.402,0.033,True,True,True,OUT
U_4a9534f806,O-3,RESIDENT,IN,PHONEPE,ISSUER_07,True,True,ON,2026-05-17,STD,0.504,0.098,0.395,0.06,True,True,True,OUT
U_e97643509f,O-6,RESIDENT,IN,BHIM,ISSUER_04,False,False,OFF,2025-09-18,STD,0.674,0.075,0.311,-0.136,True,True,False,OUT
U_f81ff9d676,O-6,RESIDENT,IN,GPAY,ISSUER_11,False,True,OFF,2026-03-12,STD,0.3,-0.117,0.165,0.157,True,True,False,OUT
U_12794637e4,O-2,RESIDENT,IN,BHIM,ISSUER_05,True,True,ON,2025-12-01,STD,0.625,0.396,0.104,0.084,True,True,True,OUT
U_2c0d3d4de5,O-2,RESIDENT,IN,BHIM,ISSUER_11,True,True,ON,2026-02-15,STD,0.46,-0.045,0.763,-0.15,True,False,True,OUT
U_0c8ab9b03b,O-1,RESIDENT,IN,PHONEPE,ISSUER_07,True,True,ON,2025-09-14,STD,0.583,0.004,0.104,-0.111,True,True,True,OUT
U_72d9f1b0be,O-1,RESIDENT,IN,PHONEPE,ISSUER_02,True,True,ON,2024-11-25,STD,0.255,0.273,0.314,0.112,True,True,True,OUT
U_aec4d090c0,O-1,RESIDENT,IN,PHONEPE,ISSUER_05,False,True,ON,2025-09-10,STD,0.097,-0.137,0.378,-0.005,True,True,False,OUT
U_2b92d41313,O-1,RESIDENT,IN,GPAY,ISSUER_09,True,True,ON,2024-09-10,STD,0.203,0.073,0.107,-0.096,True,False,False,OUT
U_023fc5d723,O-1,RESIDENT,IN,GPAY,ISSUER_05,False,True,ON,2025-08-11,STD,0.5,0.35,0.151,-0.105,True,True,True,OUT
U_6dce3544fe,O-4,RESIDENT,IN,BHIM,ISSUER_01,True,True,OFF,2025-11-25,STD,0.852,0.256,0.371,-0.107,True,False,False,OUT
U_1b66a4ffb1,O-2,RESIDENT,IN,PHONEPE,ISSUER_05,True,True,ON,2025-10-04,STD,0.645,0.434,0.06,0.097,True,True,False,OUT
U_67053cc146,O-6,RESIDENT,IN,BHIM,ISSUER_07,False,True,OFF,2025-11-02,STD,0.361,0.397,0.144,-0.027,True,True,False,OUT
U_030a8bac7d,O-1,RESIDENT,IN,PHONEPE,ISSUER_03,True,True,ON,2024-11-30,STD,0.55,0.013,0.197,-0.129,True,False,True,OUT
U_80474edd3a,O-3,RESIDENT,IN,GPAY,ISSUER_05,True,True,ON,2025-08-25,STD,0.149,0.3,0.407,-0.15,True,False,False,OUT
U_60b718b051,O-2,RESIDENT,IN,GPAY,ISSUER_06,False,True,OFF,2025-05-26,STD,0.825,0.011,0.342,-0.101,False,True,False,OUT
U_a14d4d463c,O-6,RESIDENT,IN,GPAY,ISSUER_11,False,True,OFF,2026-05-12,STD,0.386,-0.16,0.318,0.005,True,True,True,OUT
U_08060b13ba,O-6,RESIDENT,IN,PHONEPE,ISSUER_09,False,True,OFF,2024-12-04,STD,0.848,0.195,0.216,0.095,True,True,False,OUT
U_aa659b066a,O-2,RESIDENT,IN,GPAY,ISSUER_10,True,False,ON,2025-09-17,STD,0.727,0.004,0.319,0.006,False,True,False,OUT
U_0e26f07ee6,O-2,RESIDENT,IN,BHIM,ISSUER_05,True,True,ON,2025-11-20,STD,0.503,0.195,0.395,0.144,True,False,True,OUT
U_709b4a0900,O-4,RESIDENT,IN,GPAY,ISSUER_04,True,True,ON,2025-06-10,STD,0.169,0.18,0.275,-0.086,True,True,True,OUT
U_2e062e643d,O-2,RESIDENT,IN,PHONEPE,ISSUER_10,True,True,ON,2026-01-19,STD,0.176,0.098,0.363,-0.15,True,True,True,OUT
U_d6a41f2484,O-2,RESIDENT,IN,PHONEPE,ISSUER_09,False,True,ON,2025-12-06,STD,0.24,-0.358,0.765,-0.15,True,True,True,OUT
U_f54b018dae,O-4,RESIDENT,IN,PHONEPE,ISSUER_01,True,True,ON,2025-05-20,STD,0.315,0.324,0.228,-0.081,True,False,True,OUT
U_612c5b2d58,O-6,RESIDENT,IN,GPAY,ISSUER_07,True,False,OFF,2025-01-12,STD,0.816,0.431,0.154,0.163,True,True,True,OUT
U_2e1faee47e,O-1,RESIDENT,IN,GPAY,ISSUER_09,True,True,ON,2024-11-17,STD,0.569,0.129,0.318,0.179,True,True,True,OUT
U_bc247f4a2e,O-5,RESIDENT,IN,BHIM,ISSUER_08,False,False,ON,2024-10-02,STD,0.406,0.307,0.369,-0.15,True,True,True,OUT
U_284a863d3b,O-2,RESIDENT,IN,PHONEPE,ISSUER_04,False,True,ON,2025-12-31,STD,0.3,0.116,0.208,0.11,True,True,False,OUT
U_b7a8733528,O-2,RESIDENT,IN,PHONEPE,ISSUER_08,True,True,OFF,2026-07-09,STD,0.39,-0.285,0.428,-0.15,True,False,True,OUT
U_04f6795d08,O-2,RESIDENT,IN,BHIM,ISSUER_12,True,True,ON,2025-01-07,STD,0.705,0.469,0.284,-0.0,True,True,True,OUT
U_1e2441f3ab,O-6,RESIDENT,IN,GPAY,ISSUER_07,True,True,OFF,2025-11-17,STD,0.737,-0.283,0.508,-0.138,True,False,True,OUT
U_a75a11c140,O-1,RESIDENT,IN,BHIM,ISSUER_10,True,True,ON,2025-02-17,STD,0.367,-0.275,0.317,-0.02,True,True,False,OUT
U_1bcef5aa11,O-3,RESIDENT,IN,BHIM,ISSUER_01,True,True,OFF,2026-02-06,STD,0.172,-0.081,0.395,-0.011,True,False,True,OUT
U_35e9412c62,O-5,RESIDENT,IN,PHONEPE,ISSUER_08,True,True,OFF,2026-03-08,STD,0.361,0.348,0.201,0.102,True,True,False,OUT
U_4b33647b2f,O-6,RESIDENT,IN,PHONEPE,ISSUER_05,False,True,OFF,2025-01-27,STD,0.204,0.173,0.159,0.141,True,True,True,OUT
U_56fdd9d492,O-2,RESIDENT,IN,GPAY,ISSUER_03,True,True,OFF,2026-03-21,STD,0.388,-0.049,0.559,-0.141,True,False,True,OUT
U_2849c938cc,O-2,RESIDENT,IN,PHONEPE,ISSUER_11,True,True,ON,2026-07-18,STD,0.604,0.506,0.382,-0.038,False,True,True,OUT
U_29b977351d,O-3,RESIDENT,IN,GPAY,ISSUER_04,True,True,OFF,2026-03-30,STD,0.206,0.075,0.26,-0.15,True,True,False,OUT
U_4bb06373d8,O-2,RESIDENT,IN,GPAY,ISSUER_04,True,True,OFF,2025-08-21,STD,0.468,0.205,0.496,-0.012,False,False,True,OUT
U_61d752c20c,O-2,RESIDENT,IN,PHONEPE,ISSUER_02,True,True,OFF,2026-02-20,STD,0.238,-0.049,0.19,0.011,False,True,True,OUT
U_373494ad43,O-1,RESIDENT,IN,PHONEPE,ISSUER_05,True,True,ON,2026-05-17,STD,0.675,-0.034,0.101,-0.142,True,False,False,OUT
U_f6730df41d,O-5,RESIDENT,IN,BHIM,ISSUER_11,True,True,OFF,2026-01-31,STD,0.26,0.128,0.328,-0.011,True,True,True,OUT
U_8c72599d90,O-2,RESIDENT,IN,BHIM,ISSUER_12,True,True,OFF,2024-09-19,STD,0.718,0.334,0.136,0.182,False,True,True,OUT
U_09e5895955,O-3,RESIDENT,IN,PHONEPE,ISSUER_11,True,True,OFF,2024-09-23,STD,0.643,-0.248,0.134,-0.15,False,True,True,OUT
U_60d0f8d3b7,O-3,RESIDENT,IN,BHIM,ISSUER_11,True,True,ON,2026-05-08,STD,0.097,0.124,0.268,0.16,True,True,True,OUT
U_cd40ed5cb7,O-1,RESIDENT,IN,PHONEPE,ISSUER_03,False,True,ON,2026-04-04,STD,0.264,0.099,0.046,0.061,True,True,False,OUT
U_ff83dc3108,O-1,RESIDENT,IN,PHONEPE,ISSUER_01,True,True,ON,2026-02-02,STD,0.214,0.139,0.162,0.006,True,True,True,OUT
U_eb80ab4dbc,O-2,RESIDENT,IN,PHONEPE,ISSUER_01,True,True,OFF,2025-02-15,STD,0.771,0.075,0.143,-0.029,False,False,False,OUT
U_62143dbf6e,O-2,RESIDENT,IN,PHONEPE,ISSUER_07,True,True,ON,2025-05-08,STD,0.307,-0.178,0.302,0.02,True,False,False,OUT
U_c7291dc054,O-4,RESIDENT,IN,BHIM,ISSUER_06,True,False,ON,2024-12-15,STD,0.474,0.6,0.376,-0.145,True,True,True,OUT
U_fbc7373a3c,O-2,RESIDENT,IN,GPAY,ISSUER_11,True,True,ON,2025-03-23,STD,0.212,0.288,0.337,-0.15,False,True,False,OUT
U_0aaf55a5b7,O-6,RESIDENT,IN,PHONEPE,ISSUER_01,False,True,OFF,2025-04-27,STD,0.652,0.113,0.181,0.149,False,True,False,OUT
U_05fff9ca53,O-6,RESIDENT,IN,GPAY,ISSUER_12,True,False,OFF,2026-01-11,STD,0.176,0.265,0.342,0.121,True,True,True,OUT
U_8743f7e8f1,O-1,RESIDENT,IN,GPAY,ISSUER_07,True,True,ON,2025-06-21,STD,0.546,0.199,0.075,-0.024,True,True,True,OUT
U_3e3f25b708,O-5,RESIDENT,IN,PHONEPE,ISSUER_01,True,True,ON,2024-09-01,STD,0.757,-0.055,0.923,-0.15,True,True,True,OUT
U_68787d08f7,O-6,RESIDENT,IN,BHIM,ISSUER_06,False,True,OFF,2025-03-23,STD,0.821,0.098,0.308,-0.017,False,True,True,OUT
U_bb47bbd7fe,O-3,RESIDENT,IN,BHIM,ISSUER_11,True,True,ON,2024-11-02,STD,0.29,0.078,0.159,0.071,True,True,True,OUT
U_e52d3cf455,O-1,RESIDENT,IN,GPAY,ISSUER_09,True,True,ON,2026-05-17,STD,0.218,-0.4,0.48,0.012,True,True,False,OUT
U_3b1725c0a2,O-2,RESIDENT,IN,PHONEPE,ISSUER_10,True,True,ON,2025-03-16,STD,0.833,0.024,0.054,0.098,True,False,False,OUT
U_84562ced49,O-2,RESIDENT,IN,GPAY,ISSUER_02,True,True,ON,2026-07-10,STD,0.078,-0.093,0.408,-0.149,True,True,True,OUT
U_dc3ec57546,O-6,RESIDENT,IN,BHIM,ISSUER_01,True,False,OFF,2026-01-23,STD,0.659,0.548,0.01,0.03,True,False,False,OUT
U_439f81b1e1,O-6,RESIDENT,IN,PHONEPE,ISSUER_10,True,False,OFF,2026-06-28,STD,0.589,0.224,0.218,0.021,True,True,False,OUT
U_a2bb35a633,O-5,RESIDENT,IN,BHIM,ISSUER_01,True,True,ON,2025-08-19,STD,0.164,0.117,0.413,-0.036,True,False,True,OUT
U_a88f684dca,O-6,RESIDENT,IN,GPAY,ISSUER_08,False,False,OFF,2026-04-25,STD,0.669,0.019,0.223,0.285,True,False,False,OUT
U_97eb9d4b16,O-5,RESIDENT,IN,GPAY,ISSUER_07,True,True,ON,2026-04-01,STD,0.241,0.391,0.069,0.114,True,False,True,OUT
U_7fd02b1d74,O-3,RESIDENT,IN,PHONEPE,ISSUER_01,True,True,OFF,2026-01-08,STD,0.367,-0.001,0.219,0.062,False,False,False,OUT
U_7a5765646b,O-2,RESIDENT,IN,GPAY,ISSUER_09,True,True,ON,2026-03-17,STD,0.662,-0.286,0.173,-0.104,True,True,False,OUT
U_f21687462f,O-6,RESIDENT,IN,BHIM,ISSUER_05,False,False,OFF,2025-03-12,STD,0.441,0.015,0.351,0.111,False,True,False,OUT
U_6595ce8172,O-5,RESIDENT,IN,PHONEPE,ISSUER_11,True,True,OFF,2025-01-31,STD,0.239,-0.116,0.439,0.025,True,False,False,OUT
U_820dec68a9,O-3,RESIDENT,IN,GPAY,ISSUER_02,True,True,OFF,2024-11-04,STD,0.146,0.011,0.085,-0.073,True,True,True,OUT
U_e23c048ab5,O-5,RESIDENT,IN,PHONEPE,ISSUER_02,True,False,ON,2025-11-11,STD,0.439,0.013,0.019,0.112,False,True,False,OUT
U_5f0e8e9c6c,O-6,RESIDENT,IN,BHIM,ISSUER_03,True,True,OFF,2025-10-22,STD,0.88,0.021,0.156,0.033,True,True,False,OUT
U_ff83a20c9c,O-3,RESIDENT,IN,PHONEPE,ISSUER_12,True,True,ON,2026-04-05,STD,0.713,0.377,0.247,0.128,True,False,True,OUT
U_29e9941dce,O-6,RESIDENT,IN,GPAY,ISSUER_08,True,False,OFF,2025-07-29,STD,0.36,0.508,0.283,-0.097,True,True,True,OUT
U_f605b5ee40,O-5,RESIDENT,IN,GPAY,ISSUER_10,True,True,ON,2024-09-24,STD,0.569,0.247,0.188,0.116,True,True,False,OUT
U_0722fa1640,O-1,RESIDENT,IN,BHIM,ISSUER_09,False,True,ON,2025-07-21,STD,0.446,0.285,0.27,-0.018,True,False,True,OUT
U_306472ffcc,O-3,RESIDENT,IN,PHONEPE,ISSUER_07,True,True,OFF,2025-11-01,STD,0.853,-0.054,0.458,-0.121,True,False,True,OUT
U_e34a8667e4,O-1,RESIDENT,IN,PHONEPE,ISSUER_06,True,True,ON,2025-08-03,STD,0.515,-0.053,0.885,-0.15,True,True,True,OUT
U_0be7988e2b,O-1,RESIDENT,IN,PHONEPE,ISSUER_03,True,True,ON,2025-12-20,ELEVATED,0.285,0.479,0.244,-0.047,True,True,True,OUT
U_d1644771f6,O-4,RESIDENT,IN,GPAY,ISSUER_01,True,True,ON,2025-04-11,STD,0.505,0.017,0.447,-0.128,True,True,True,OUT
U_fb4f3baefb,O-3,RESIDENT,IN,BHIM,ISSUER_11,True,True,OFF,2025-01-21,STD,0.718,0.373,0.075,0.134,True,True,True,OUT
U_b36e77f42c,O-6,RESIDENT,IN,GPAY,ISSUER_02,False,True,OFF,2026-05-23,STD,0.656,0.062,0.429,-0.047,True,False,True,OUT
U_343086a371,O-4,RESIDENT,IN,GPAY,ISSUER_12,True,True,ON,2025-07-31,STD,0.09,0.35,0.04,-0.043,False,True,False,OUT
U_ce80d779db,O-1,RESIDENT,IN,PHONEPE,ISSUER_01,True,True,ON,2025-06-23,STD,0.673,0.212,0.321,-0.15,True,True,False,OUT
U_d6f1843c2a,O-6,RESIDENT,IN,PHONEPE,ISSUER_06,False,False,OFF,2025-07-29,STD,0.606,-0.006,0.208,-0.043,False,False,True,OUT
U_7b1e10b673,O-1,RESIDENT,IN,GPAY,ISSUER_04,True,True,ON,2025-09-17,STD,0.193,-0.187,0.534,-0.15,True,False,False,OUT
U_3182d9d2b7,O-5,RESIDENT,IN,PHONEPE,ISSUER_09,True,True,OFF,2026-05-26,STD,0.854,0.076,0.382,-0.15,False,True,False,OUT
U_89e901ffbc,O-5,RESIDENT,IN,BHIM,ISSUER_09,True,True,ON,2025-04-08,STD,0.367,0.025,0.165,0.053,False,True,False,OUT
U_371e1afaad,O-1,RESIDENT,IN,GPAY,ISSUER_09,True,True,ON,2025-11-22,STD,0.594,0.064,0.135,0.006,True,True,True,OUT
U_20efec00b5,O-6,RESIDENT,IN,PHONEPE,ISSUER_10,False,True,OFF,2026-02-19,STD,0.311,0.111,0.338,0.283,False,False,True,OUT
U_7d92eb0076,O-1,RESIDENT,IN,GPAY,ISSUER_12,True,True,ON,2024-11-02,STD,0.16,0.156,0.149,-0.143,True,True,True,OUT
U_ff7c09cfbd,O-3,RESIDENT,IN,PHONEPE,ISSUER_12,True,True,OFF,2024-11-06,STD,0.539,0.197,0.426,-0.062,True,False,True,OUT
U_a30725870f,O-3,RESIDENT,IN,BHIM,ISSUER_09,True,True,OFF,2026-06-11,RESTRICTED,0.209,0.147,0.252,0.01,True,False,True,OUT
U_550174208a,O-3,RESIDENT,IN,BHIM,ISSUER_06,True,True,ON,2025-04-17,STD,0.48,0.009,0.214,-0.026,True,True,False,OUT
U_38830c8950,O-2,RESIDENT,IN,GPAY,ISSUER_07,True,True,OFF,2026-02-17,STD,0.252,-0.056,0.343,-0.15,True,False,False,OUT
U_dd364e5d30,O-4,RESIDENT,IN,GPAY,ISSUER_11,True,True,OFF,2026-03-30,STD,0.34,0.118,0.175,-0.15,True,True,False,OUT
U_6cda551966,O-3,RESIDENT,IN,PHONEPE,ISSUER_07,True,True,OFF,2024-08-26,STD,0.67,-0.062,0.108,0.155,True,False,False,OUT
U_511e4719de,O-4,RESIDENT,IN,BHIM,ISSUER_10,True,False,ON,2025-02-14,STD,0.431,0.102,0.291,0.065,False,True,True,OUT
U_75b9be0e40,O-2,RESIDENT,IN,GPAY,ISSUER_04,True,True,OFF,2025-09-10,STD,0.403,-0.011,0.689,-0.15,True,True,True,OUT
U_3e7f53ed4f,O-2,RESIDENT,IN,GPAY,ISSUER_04,True,True,ON,2024-11-26,STD,0.202,0.048,0.157,0.069,False,True,False,OUT
U_eedc345883,O-1,RESIDENT,IN,GPAY,ISSUER_11,True,True,ON,2025-12-13,STD,0.337,-0.013,0.319,0.125,False,True,True,OUT
U_17ee6679a4,O-3,RESIDENT,IN,GPAY,ISSUER_11,True,True,ON,2025-08-04,STD,0.62,0.152,0.175,0.018,True,False,True,OUT
U_a59ca7a52b,O-3,RESIDENT,IN,BHIM,ISSUER_12,False,True,ON,2025-02-20,STD,0.061,-0.269,0.207,-0.15,True,False,True,OUT
U_c1f28ad00d,O-3,RESIDENT,IN,GPAY,ISSUER_06,True,True,ON,2024-12-05,STD,0.666,-0.088,0.056,-0.067,True,True,False,OUT
U_735684f543,O-1,RESIDENT,IN,GPAY,ISSUER_04,True,True,ON,2025-11-06,STD,0.74,0.383,0.281,-0.15,False,True,True,OUT
U_a313e8f8c3,O-1,RESIDENT,IN,PHONEPE,ISSUER_10,True,True,ON,2026-07-26,STD,0.716,0.066,0.405,-0.033,True,True,False,OUT
U_57e2ecb07f,O-1,RESIDENT,IN,PHONEPE,ISSUER_05,True,True,ON,2025-02-01,STD,0.208,-0.279,0.371,-0.142,True,True,True,OUT
U_96c2a6973d,O-3,RESIDENT,IN,BHIM,ISSUER_06,True,True,ON,2026-05-09,STD,0.081,0.175,0.137,-0.008,True,False,True,OUT
U_039898192d,O-1,RESIDENT,IN,GPAY,ISSUER_10,False,True,ON,2025-05-10,STD,0.85,0.07,0.308,0.094,False,True,True,OUT
U_e5cc79b094,O-6,RESIDENT,IN,BHIM,ISSUER_08,True,False,OFF,2025-03-23,STD,0.431,-0.11,0.449,0.1,True,True,True,OUT
U_7abd7df9da,O-4,RESIDENT,IN,BHIM,ISSUER_10,True,True,OFF,2026-05-26,ELEVATED,0.367,-0.119,0.382,-0.006,False,True,True,OUT
U_82e76376b3,O-1,RESIDENT,IN,BHIM,ISSUER_05,False,False,ON,2026-01-09,STD,0.63,-0.059,0.493,-0.15,True,True,False,OUT
U_cbf5a18c80,O-3,RESIDENT,IN,BHIM,ISSUER_11,True,True,OFF,2025-07-05,STD,0.668,0.409,0.399,0.039,True,True,True,OUT
U_6d6248630e,O-3,RESIDENT,IN,GPAY,ISSUER_06,True,True,ON,2026-05-18,STD,0.457,0.048,0.319,-0.04,True,True,True,OUT
U_51db3982ed,O-6,RESIDENT,IN,GPAY,ISSUER_08,False,False,OFF,2026-06-18,ELEVATED,0.36,0.259,0.414,-0.15,True,True,True,OUT
U_174a4e1034,O-2,RESIDENT,IN,BHIM,ISSUER_01,True,True,OFF,2024-11-14,STD,0.837,-0.245,0.867,-0.15,True,False,True,OUT
U_48d31e2451,O-5,RESIDENT,IN,GPAY,ISSUER_03,True,True,ON,2026-01-14,ELEVATED,0.764,0.106,0.442,-0.15,True,True,False,OUT
U_2798236602,O-6,RESIDENT,IN,GPAY,ISSUER_08,False,False,OFF,2025-04-06,STD,0.205,0.328,0.131,-0.101,True,True,True,OUT
U_abc429108a,O-6,RESIDENT,IN,GPAY,ISSUER_03,False,False,OFF,2025-10-16,STD,0.574,0.192,0.325,0.124,True,False,False,OUT
U_83c1092851,O-5,RESIDENT,IN,BHIM,ISSUER_11,True,True,OFF,2025-07-09,STD,0.668,0.177,0.041,0.179,True,True,False,OUT
U_3bf9b160e6,O-4,RESIDENT,IN,BHIM,ISSUER_09,False,False,OFF,2024-12-10,STD,0.257,0.213,0.195,-0.017,True,True,False,OUT
U_4031ba9b57,O-6,RESIDENT,IN,GPAY,ISSUER_12,False,True,OFF,2024-10-16,STD,0.468,-0.035,0.062,0.209,True,True,True,OUT
U_9e149cf32f,O-2,RESIDENT,IN,GPAY,ISSUER_12,True,True,OFF,2026-03-08,STD,0.53,0.218,0.244,0.072,True,True,True,OUT
U_200fe68dda,O-5,RESIDENT,IN,BHIM,ISSUER_12,True,True,OFF,2024-11-07,STD,0.553,0.222,0.371,0.067,True,True,True,OUT
U_b5b98febe0,O-5,RESIDENT,IN,GPAY,ISSUER_10,True,True,ON,2024-09-02,STD,0.596,0.039,0.37,0.04,True,False,True,OUT
U_9c8c917dd6,O-1,RESIDENT,IN,BHIM,ISSUER_12,True,True,ON,2026-07-07,STD,0.489,0.048,0.198,0.015,True,True,True,OUT
U_0531f5c296,O-1,RESIDENT,IN,PHONEPE,ISSUER_01,True,True,ON,2025-07-17,STD,0.197,0.013,0.186,0.037,False,True,True,OUT
U_004d720926,O-2,RESIDENT,IN,PHONEPE,ISSUER_02,True,True,ON,2025-03-16,STD,0.482,0.394,0.344,-0.007,False,True,True,OUT
U_2b59ec4c2a,O-5,RESIDENT,IN,PHONEPE,ISSUER_12,True,True,OFF,2024-10-07,STD,0.96,-0.199,0.169,-0.15,True,True,False,OUT
U_018ad31b34,O-4,RESIDENT,IN,PHONEPE,ISSUER_06,True,True,OFF,2026-01-16,STD,0.457,0.483,0.188,0.113,True,True,False,OUT
U_affead75d2,O-4,RESIDENT,IN,GPAY,ISSUER_05,True,True,OFF,2025-02-24,STD,0.488,0.236,0.226,-0.104,False,False,True,OUT
U_df65300c36,O-2,RESIDENT,IN,BHIM,ISSUER_01,True,True,OFF,2025-02-23,STD,0.857,0.352,0.209,-0.017,False,False,True,OUT
U_20279641cc,O-1,RESIDENT,IN,GPAY,ISSUER_01,True,True,ON,2026-07-30,STD,0.374,0.445,0.219,0.017,True,True,True,OUT
U_e75efd4f3f,O-2,RESIDENT,IN,GPAY,ISSUER_03,True,True,OFF,2024-09-20,STD,0.967,0.2,0.072,0.226,False,False,False,OUT
U_0d8bb55287,O-2,RESIDENT,IN,PHONEPE,ISSUER_08,True,True,ON,2024-12-04,STD,0.53,0.427,0.502,-0.008,False,True,True,OUT
U_b180595b71,O-6,RESIDENT,IN,GPAY,ISSUER_05,False,True,OFF,2024-12-17,STD,0.671,0.234,0.483,0.059,False,False,False,OUT
U_3fa3ffc7d1,O-5,RESIDENT,IN,BHIM,ISSUER_06,True,True,OFF,2025-08-12,STD,0.69,-0.255,0.794,-0.15,False,True,True,OUT
U_b3623ac2df,O-3,RESIDENT,IN,GPAY,ISSUER_07,True,True,OFF,2025-03-14,STD,0.429,0.054,0.191,0.022,True,True,True,OUT
U_420c9d7a2d,O-6,RESIDENT,IN,BHIM,ISSUER_01,False,False,OFF,2025-01-01,STD,0.168,0.388,0.195,-0.067,True,True,False,OUT
U_87b5fbe01c,O-2,RESIDENT,IN,BHIM,ISSUER_06,True,True,OFF,2024-11-20,STD,0.894,-0.1,0.459,-0.15,True,False,True,OUT
U_66e69554d4,O-1,RESIDENT,IN,GPAY,ISSUER_08,True,True,ON,2025-01-15,STD,0.154,0.022,0.105,-0.006,False,True,True,OUT
U_9e46200c5a,O-4,RESIDENT,IN,PHONEPE,ISSUER_10,True,True,OFF,2024-08-21,STD,0.786,0.255,0.138,0.072,True,True,False,OUT
U_31b36a6575,O-1,RESIDENT,IN,BHIM,ISSUER_05,True,True,ON,2025-05-31,STD,0.472,0.25,0.407,-0.067,True,False,True,OUT
U_ce1f5e2eba,O-2,RESIDENT,IN,BHIM,ISSUER_10,True,True,OFF,2025-03-10,STD,0.629,-0.169,0.215,0.054,False,True,False,OUT
U_6297300577,O-6,RESIDENT,IN,BHIM,ISSUER_12,False,False,OFF,2026-04-03,STD,0.554,0.312,0.442,0.018,True,True,False,OUT
U_f0840672c2,O-1,RESIDENT,IN,GPAY,ISSUER_10,True,True,ON,2024-12-15,STD,0.682,0.117,0.198,-0.05,True,False,False,OUT
U_7e5f18c571,O-3,RESIDENT,IN,GPAY,ISSUER_07,True,True,OFF,2025-06-12,STD,0.048,-0.102,0.305,-0.091,False,True,True,OUT
U_c1820f1475,O-1,RESIDENT,IN,GPAY,ISSUER_08,True,True,ON,2026-02-26,STD,0.494,0.389,0.296,-0.083,True,False,True,OUT
U_34fbcd6b0b,O-3,RESIDENT,IN,PHONEPE,ISSUER_04,True,True,ON,2025-07-10,STD,0.554,0.193,0.06,0.104,True,True,False,OUT
U_1bb01fa606,O-5,RESIDENT,IN,GPAY,ISSUER_09,True,True,OFF,2024-10-18,STD,0.568,0.262,0.156,0.162,True,False,True,OUT
U_9af7844e46,O-2,RESIDENT,IN,PHONEPE,ISSUER_08,True,False,OFF,2024-09-08,STD,0.574,0.208,0.122,0.163,True,False,False,OUT
U_c6e9ca9593,O-2,RESIDENT,IN,BHIM,ISSUER_10,True,False,ON,2026-02-09,STD,0.59,-0.157,0.406,-0.088,True,True,True,OUT
U_77c0e1a80b,O-2,RESIDENT,IN,PHONEPE,ISSUER_08,True,True,ON,2025-04-08,STD,0.527,0.279,0.182,0.147,True,True,True,OUT
U_f67941cdcb,O-6,RESIDENT,IN,BHIM,ISSUER_07,False,False,OFF,2026-02-11,STD,0.39,-0.136,0.427,0.005,False,True,True,OUT
U_9076dc5526,O-3,RESIDENT,IN,PHONEPE,ISSUER_11,True,True,ON,2025-01-24,STD,0.576,-0.049,0.782,-0.15,True,True,False,OUT
U_ebbf1744b9,O-2,RESIDENT,IN,BHIM,ISSUER_11,True,True,ON,2025-05-06,STD,0.198,-0.048,0.648,-0.15,False,True,False,OUT
U_1e3e9deff6,O-6,RESIDENT,IN,PHONEPE,ISSUER_05,True,False,OFF,2026-06-08,STD,0.733,0.348,0.12,0.084,False,True,False,OUT
U_58a0f61228,O-1,RESIDENT,IN,PHONEPE,ISSUER_10,True,True,ON,2025-11-14,STD,0.535,0.315,0.271,-0.092,True,False,False,OUT
U_d29f852756,O-3,RESIDENT,IN,BHIM,ISSUER_12,True,True,OFF,2025-12-22,STD,0.828,-0.048,0.23,0.09,True,True,False,OUT
U_95414e21fe,O-5,RESIDENT,IN,PHONEPE,ISSUER_10,True,True,OFF,2026-03-23,STD,0.635,0.269,0.206,-0.044,True,False,False,OUT
U_d46c64177c,O-1,RESIDENT,IN,BHIM,ISSUER_05,True,True,ON,2025-11-10,STD,0.557,-0.162,0.6,-0.15,True,True,False,OUT
U_c899aa7cf2,O-6,RESIDENT,IN,PHONEPE,ISSUER_01,True,True,OFF,2025-09-03,STD,0.634,0.182,0.443,0.037,True,True,False,OUT
U_b29606e416,O-1,RESIDENT,IN,GPAY,ISSUER_12,True,True,ON,2024-10-13,STD,0.468,-0.098,0.684,0.008,True,True,True,OUT
U_0afec746e5,O-3,RESIDENT,IN,GPAY,ISSUER_03,True,True,OFF,2025-03-19,STD,0.671,0.143,0.276,-0.014,False,True,True,OUT
U_601ae3d2bc,O-3,RESIDENT,IN,PHONEPE,ISSUER_02,True,True,OFF,2025-12-02,STD,0.161,0.306,0.309,0.085,True,False,True,OUT
U_2a23becead,O-1,RESIDENT,IN,GPAY,ISSUER_04,True,True,ON,2024-08-30,STD,0.726,0.038,0.345,0.086,True,True,False,OUT
U_123de5b504,O-1,RESIDENT,IN,PHONEPE,ISSUER_10,True,True,ON,2026-01-13,STD,0.58,-0.04,0.115,0.292,True,True,True,OUT
U_c68055d1d1,O-1,RESIDENT,IN,PHONEPE,ISSUER_04,True,True,ON,2026-05-01,STD,0.774,0.015,0.363,0.188,True,True,True,OUT
U_462bce164e,O-6,RESIDENT,IN,BHIM,ISSUER_02,False,True,OFF,2024-11-05,ELEVATED,0.446,0.249,0.404,0.065,True,True,False,OUT
U_7d513ab492,O-2,RESIDENT,IN,GPAY,ISSUER_09,True,True,OFF,2025-12-16,STD,0.27,-0.045,0.146,0.032,False,False,False,OUT
U_240f573fc2,O-5,RESIDENT,IN,BHIM,ISSUER_07,False,True,ON,2026-05-17,STD,0.437,-0.261,0.317,-0.149,True,False,True,OUT
U_2d52105575,O-5,RESIDENT,IN,BHIM,ISSUER_01,True,True,ON,2026-01-01,STD,0.347,0.083,0.117,0.046,True,True,False,OUT
U_08e9a161cd,O-4,RESIDENT,IN,PHONEPE,ISSUER_11,True,True,OFF,2024-10-08,STD,0.443,0.322,0.274,-0.058,True,False,True,OUT
U_6169d52073,O-2,RESIDENT,IN,GPAY,ISSUER_04,False,True,ON,2026-01-17,STD,0.947,0.255,0.084,-0.009,True,False,False,OUT
U_235a1e4eea,O-1,RESIDENT,IN,GPAY,ISSUER_08,False,True,ON,2026-02-20,STD,0.597,-0.093,0.95,-0.15,True,True,False,OUT
U_f33253812e,O-4,RESIDENT,IN,PHONEPE,ISSUER_11,True,False,OFF,2025-03-21,STD,0.605,-0.014,0.642,-0.15,True,False,False,OUT
U_b603c8c587,O-6,RESIDENT,IN,PHONEPE,ISSUER_01,False,False,OFF,2026-07-04,STD,0.37,-0.047,0.197,-0.056,True,True,False,OUT
U_d3e8a55285,O-2,RESIDENT,IN,BHIM,ISSUER_02,True,True,ON,2025-06-03,STD,0.754,0.105,0.364,-0.033,True,False,False,OUT
U_cf12ff486f,O-1,RESIDENT,IN,PHONEPE,ISSUER_11,True,True,ON,2024-11-10,STD,0.679,0.108,0.23,0.111,True,False,False,OUT
U_48e65a8778,O-5,RESIDENT,IN,GPAY,ISSUER_02,True,True,ON,2024-08-26,STD,0.247,0.171,0.1,0.002,False,True,True,OUT
U_f0ef7a65b3,O-6,RESIDENT,IN,PHONEPE,ISSUER_08,True,False,OFF,2025-05-14,STD,0.113,0.055,0.27,-0.133,True,True,False,OUT
U_44481f79e9,O-6,RESIDENT,IN,GPAY,ISSUER_03,True,False,OFF,2025-09-18,STD,0.423,0.6,0.319,-0.15,True,True,True,OUT
U_e16cb5da7b,O-1,RESIDENT,IN,PHONEPE,ISSUER_03,True,True,ON,2025-02-14,STD,0.748,0.127,0.464,-0.15,True,False,True,OUT
U_3f885766d3,O-2,RESIDENT,IN,GPAY,ISSUER_04,True,True,OFF,2026-05-26,STD,0.481,0.099,0.139,0.151,False,True,False,OUT
U_cefd0e69e1,O-3,RESIDENT,IN,GPAY,ISSUER_04,True,True,OFF,2025-05-06,STD,0.713,-0.026,0.291,-0.078,True,True,True,OUT
U_25fcba9208,O-6,RESIDENT,IN,GPAY,ISSUER_11,False,False,OFF,2025-04-04,STD,0.527,0.032,0.14,-0.131,True,True,False,OUT
U_491e73f6be,O-5,RESIDENT,IN,BHIM,ISSUER_07,True,True,OFF,2024-10-28,ELEVATED,0.393,0.31,0.332,-0.04,True,False,False,OUT
U_309a634eae,O-4,RESIDENT,IN,BHIM,ISSUER_06,True,True,OFF,2025-07-30,STD,0.335,0.049,0.31,-0.144,True,False,True,OUT
U_eafa94cb0d,O-2,RESIDENT,IN,PHONEPE,ISSUER_02,True,True,OFF,2026-04-30,STD,0.78,0.169,0.151,0.03,False,False,False,OUT
U_6643a373f8,O-1,RESIDENT,IN,BHIM,ISSUER_04,True,True,ON,2026-05-25,STD,0.569,0.272,0.042,0.031,True,True,True,OUT
U_238787ed69,O-2,RESIDENT,IN,BHIM,ISSUER_07,True,True,OFF,2026-07-30,STD,0.493,-0.157,0.287,0.114,False,True,False,OUT
U_7540c13bd6,O-1,RESIDENT,IN,BHIM,ISSUER_07,True,True,ON,2025-10-28,STD,0.793,0.236,0.232,0.023,True,False,False,OUT
U_aa79e427cf,O-2,RESIDENT,IN,PHONEPE,ISSUER_12,True,True,OFF,2025-10-25,STD,0.455,0.03,0.156,-0.017,True,True,True,OUT
U_16b636524d,O-3,RESIDENT,IN,GPAY,ISSUER_05,True,True,ON,2024-09-21,STD,0.539,-0.085,0.565,0.085,True,True,False,OUT
U_538e585bed,O-6,RESIDENT,IN,GPAY,ISSUER_12,True,False,OFF,2025-02-19,STD,0.496,0.112,0.21,-0.086,True,True,True,OUT
U_3517f524ba,O-2,RESIDENT,IN,BHIM,ISSUER_08,True,True,OFF,2024-09-04,STD,0.652,-0.104,0.336,0.148,False,True,False,OUT
U_ffee9241ed,O-4,RESIDENT,IN,GPAY,ISSUER_05,True,True,OFF,2025-01-15,STD,0.68,-0.244,0.95,-0.15,True,False,True,OUT
U_c19a3b5a75,O-1,RESIDENT,IN,GPAY,ISSUER_02,True,True,ON,2026-07-07,STD,0.583,0.045,0.296,0.188,True,True,False,OUT
U_5f83cc8ebe,O-6,RESIDENT,IN,PHONEPE,ISSUER_11,False,False,OFF,2024-12-23,STD,0.443,-0.013,0.81,-0.134,True,False,False,OUT
U_820e1219bc,O-1,RESIDENT,IN,GPAY,ISSUER_11,True,True,ON,2025-05-11,STD,0.667,0.027,0.118,0.305,True,False,False,OUT
U_3db47ad8fd,O-6,RESIDENT,IN,GPAY,ISSUER_02,False,False,OFF,2025-05-14,STD,0.115,-0.092,0.434,0.135,True,True,True,OUT
U_575e714c3f,O-1,RESIDENT,IN,BHIM,ISSUER_11,True,True,ON,2026-03-11,STD,0.35,0.593,0.123,0.227,True,True,True,OUT
U_93fd732a02,O-1,RESIDENT,IN,GPAY,ISSUER_09,False,True,ON,2025-07-03,STD,0.274,0.028,0.07,0.141,True,True,True,OUT
U_cbe31af3ad,O-5,RESIDENT,IN,PHONEPE,ISSUER_04,True,True,OFF,2025-03-12,STD,0.294,-0.044,0.373,0.069,False,True,True,OUT
U_909014bd06,O-4,RESIDENT,IN,GPAY,ISSUER_11,True,True,ON,2024-12-10,STD,0.65,0.405,0.03,0.102,True,True,True,OUT
U_4b51ded950,O-1,RESIDENT,IN,BHIM,ISSUER_03,True,True,ON,2025-05-01,STD,0.235,0.348,0.106,0.024,True,False,False,OUT
U_3d556632d5,O-2,RESIDENT,IN,BHIM,ISSUER_06,True,True,OFF,2025-08-16,STD,0.323,0.015,0.195,0.023,True,False,True,OUT
U_4a498e36af,O-6,RESIDENT,IN,BHIM,ISSUER_08,False,False,OFF,2026-07-16,STD,0.065,-0.039,0.175,-0.076,True,False,True,OUT
U_e6bee88e4f,O-6,RESIDENT,IN,GPAY,ISSUER_12,False,False,OFF,2025-01-14,STD,0.713,-0.062,0.519,0.022,False,True,True,OUT
U_4cb5c702d6,O-5,RESIDENT,IN,GPAY,ISSUER_09,True,True,OFF,2024-09-02,STD,0.236,0.044,0.286,-0.02,True,False,True,OUT
U_b0f5f7724c,O-1,RESIDENT,IN,PHONEPE,ISSUER_01,True,True,ON,2025-02-07,STD,0.131,0.216,0.147,0.005,True,False,True,OUT
U_b32abc7956,O-1,RESIDENT,IN,PHONEPE,ISSUER_09,True,False,ON,2026-07-04,STD,0.861,0.383,0.142,0.143,False,True,False,OUT
U_a12544660b,O-2,RESIDENT,IN,BHIM,ISSUER_09,True,True,OFF,2025-12-19,STD,0.384,0.464,0.299,-0.112,True,True,False,OUT
U_a477bf27e6,O-1,RESIDENT,IN,GPAY,ISSUER_03,True,True,ON,2024-10-23,STD,0.599,0.104,0.406,-0.125,False,False,False,OUT
U_6982e4e7ae,O-1,RESIDENT,IN,PHONEPE,ISSUER_09,True,True,ON,2025-12-16,STD,0.511,-0.003,0.269,0.031,False,True,True,OUT
U_28d1a6fe62,O-4,RESIDENT,IN,BHIM,ISSUER_09,True,True,OFF,2025-10-11,STD,0.09,0.188,0.124,0.023,True,True,False,OUT
U_1606c916a3,O-2,RESIDENT,IN,GPAY,ISSUER_11,True,True,ON,2026-04-09,STD,0.768,0.084,0.373,-0.034,True,True,True,OUT
U_b018c0c5b3,O-2,RESIDENT,IN,GPAY,ISSUER_06,True,True,OFF,2025-02-09,STD,0.927,-0.261,0.182,-0.15,False,True,True,OUT
U_ffdc6c88bd,O-5,RESIDENT,IN,BHIM,ISSUER_06,True,True,ON,2025-01-28,STD,0.496,-0.23,0.782,-0.15,True,False,True,OUT
U_d228906015,O-6,RESIDENT,IN,PHONEPE,ISSUER_12,False,False,OFF,2025-05-05,STD,0.267,-0.079,0.879,-0.15,True,True,True,OUT
U_42cb0aa6d7,O-6,RESIDENT,IN,PHONEPE,ISSUER_09,True,False,OFF,2025-12-06,STD,0.296,0.331,0.396,-0.033,True,True,False,OUT
U_339a5c1a4f,O-2,RESIDENT,IN,PHONEPE,ISSUER_03,True,True,OFF,2026-02-17,STD,0.794,0.277,0.25,0.07,True,True,False,OUT
U_14beb1d95e,O-6,RESIDENT,IN,GPAY,ISSUER_01,False,False,OFF,2026-06-14,STD,0.24,-0.114,0.183,0.12,True,True,True,OUT
U_63f9fc6134,O-5,RESIDENT,IN,PHONEPE,ISSUER_04,True,True,OFF,2025-05-15,STD,0.424,-0.023,0.231,0.08,True,False,False,OUT
U_93ea693103,O-6,RESIDENT,IN,GPAY,ISSUER_09,False,False,OFF,2024-11-16,STD,0.384,0.241,0.257,0.167,True,False,False,OUT
U_1d2780430f,O-2,RESIDENT,IN,BHIM,ISSUER_04,True,True,OFF,2024-12-24,STD,0.699,0.012,0.349,-0.15,True,False,True,OUT
U_42416557c3,O-4,RESIDENT,IN,PHONEPE,ISSUER_10,True,True,OFF,2025-03-13,STD,0.357,0.336,0.4,0.025,True,False,False,OUT
U_79b801c46b,O-6,RESIDENT,IN,GPAY,ISSUER_07,True,False,OFF,2024-08-18,STD,0.781,-0.024,0.32,0.026,True,True,False,OUT
U_bd5f060bf5,O-2,RESIDENT,IN,PHONEPE,ISSUER_05,True,True,ON,2026-03-21,STD,0.4,-0.316,0.756,-0.15,True,True,False,OUT
U_2ab07fe896,O-2,RESIDENT,IN,BHIM,ISSUER_05,True,False,OFF,2025-03-23,STD,0.546,0.072,0.338,-0.15,True,False,False,OUT
U_22b613d777,O-5,RESIDENT,IN,BHIM,ISSUER_02,True,True,OFF,2024-09-27,STD,0.834,-0.145,0.347,0.02,True,True,True,OUT
U_538d2c8fd3,O-2,RESIDENT,IN,GPAY,ISSUER_07,True,True,OFF,2024-11-14,STD,0.281,0.077,0.131,-0.073,False,True,True,OUT
U_fb29318287,O-1,RESIDENT,IN,GPAY,ISSUER_06,True,True,ON,2025-01-09,STD,0.682,0.594,0.039,0.32,True,False,False,OUT
U_c595868966,O-5,RESIDENT,IN,GPAY,ISSUER_04,True,True,OFF,2024-10-06,STD,0.175,-0.051,0.448,-0.091,True,True,False,OUT
U_b4de38d708,O-3,RESIDENT,IN,PHONEPE,ISSUER_10,True,True,OFF,2025-12-16,STD,0.644,0.177,0.323,0.047,False,True,True,OUT
U_23232adc1f,O-3,RESIDENT,IN,GPAY,ISSUER_01,True,True,OFF,2026-01-31,STD,0.253,-0.184,0.223,0.125,True,True,False,OUT
U_70830d0610,O-1,RESIDENT,IN,GPAY,ISSUER_11,True,True,ON,2025-11-11,STD,0.537,0.319,0.161,-0.12,True,False,False,OUT
U_6fac22a369,O-5,RESIDENT,IN,BHIM,ISSUER_02,True,True,ON,2024-09-25,STD,0.482,0.444,0.239,-0.148,True,False,True,OUT
U_b5b74e801b,O-6,RESIDENT,IN,BHIM,ISSUER_02,False,False,OFF,2025-01-18,STD,0.195,0.13,0.344,0.115,True,False,False,OUT
U_958b1f9e07,O-1,RESIDENT,IN,GPAY,ISSUER_07,True,True,ON,2025-06-01,STD,0.386,0.296,0.185,-0.062,True,True,True,OUT
U_28dce7072e,O-3,RESIDENT,IN,GPAY,ISSUER_10,True,True,OFF,2025-08-07,STD,0.635,0.392,0.365,-0.147,True,True,True,OUT
U_23ef56ae3b,O-1,RESIDENT,IN,PHONEPE,ISSUER_03,True,False,ON,2026-07-29,STD,0.672,0.075,0.251,0.122,False,True,False,OUT
U_0c34465f55,O-1,RESIDENT,IN,PHONEPE,ISSUER_10,True,True,ON,2024-11-18,STD,0.268,0.039,0.157,0.07,False,False,False,OUT
U_f7e3162742,O-2,RESIDENT,IN,PHONEPE,ISSUER_06,True,True,ON,2024-11-14,STD,0.153,0.192,0.181,-0.15,True,True,False,OUT
U_9ca4b40705,O-5,RESIDENT,IN,PHONEPE,ISSUER_02,True,True,OFF,2025-05-11,STD,0.372,0.102,0.395,0.096,True,False,False,OUT
U_6200224b31,O-6,RESIDENT,IN,GPAY,ISSUER_05,False,True,OFF,2026-04-12,STD,0.426,0.532,0.426,0.155,True,False,False,OUT
U_0fb2cd7a43,O-2,RESIDENT,IN,GPAY,ISSUER_07,True,True,OFF,2024-10-14,STD,0.515,0.207,0.22,-0.028,True,False,True,OUT
U_e499d12bb0,O-1,RESIDENT,IN,GPAY,ISSUER_10,True,True,ON,2026-07-06,STD,0.697,0.347,0.196,0.004,False,False,True,OUT
U_3a75f87265,O-2,RESIDENT,IN,BHIM,ISSUER_09,True,True,OFF,2026-03-30,STD,0.378,0.38,0.104,0.07,True,True,True,OUT
U_394094c4ff,O-4,RESIDENT,IN,PHONEPE,ISSUER_11,True,True,OFF,2025-05-31,STD,0.779,-0.038,0.563,0.235,True,True,False,OUT
U_39d2756373,O-2,RESIDENT,IN,PHONEPE,ISSUER_11,True,True,ON,2025-06-24,STD,0.68,-0.067,0.396,-0.064,True,False,True,OUT
U_91cf8971a9,O-2,RESIDENT,IN,BHIM,ISSUER_10,True,True,ON,2024-11-24,STD,0.43,0.363,0.39,-0.043,True,True,True,OUT
U_679c3d3d8d,O-5,RESIDENT,IN,BHIM,ISSUER_09,True,True,ON,2025-05-04,STD,0.28,-0.015,0.776,-0.15,True,True,False,OUT
U_ff93b88822,O-5,RESIDENT,IN,PHONEPE,ISSUER_10,True,True,ON,2024-11-07,STD,0.382,0.034,0.31,-0.107,True,False,False,OUT
U_6ed78892fe,O-6,RESIDENT,IN,BHIM,ISSUER_09,False,True,OFF,2024-09-04,STD,0.506,0.049,0.279,0.239,True,False,False,OUT
U_e15f399d5c,O-2,RESIDENT,IN,PHONEPE,ISSUER_05,True,True,ON,2025-01-01,STD,0.378,0.32,0.202,0.07,True,True,True,OUT
U_2f02303349,O-6,RESIDENT,IN,PHONEPE,ISSUER_08,False,False,OFF,2024-09-17,STD,0.415,0.276,0.124,0.207,True,True,True,OUT
U_ffe2622a2c,O-6,RESIDENT,IN,BHIM,ISSUER_12,False,True,OFF,2025-01-01,STD,0.528,-0.023,0.678,-0.15,True,False,True,OUT
U_4d968bc274,O-4,RESIDENT,IN,GPAY,ISSUER_08,True,True,ON,2024-12-25,STD,0.588,0.385,0.351,0.154,True,False,False,OUT
U_a4b75aa882,O-3,RESIDENT,IN,PHONEPE,ISSUER_05,True,True,ON,2026-06-02,STD,0.723,-0.156,0.598,-0.15,True,True,True,OUT
U_86b91380fc,O-1,RESIDENT,IN,BHIM,ISSUER_12,True,True,ON,2024-10-05,STD,0.289,0.048,0.412,-0.013,True,True,True,OUT
U_7b198558c6,O-2,RESIDENT,IN,GPAY,ISSUER_10,True,True,ON,2026-01-01,STD,0.418,0.121,0.181,-0.001,False,True,True,OUT
U_d4116ce292,O-1,RESIDENT,IN,GPAY,ISSUER_11,True,True,ON,2024-11-13,STD,0.54,0.215,0.088,-0.072,True,True,True,OUT
U_781909a6d0,O-3,RESIDENT,IN,GPAY,ISSUER_01,True,True,ON,2024-09-05,STD,0.121,-0.162,0.394,0.044,True,True,True,OUT
U_e0ec1e9ef5,O-2,RESIDENT,IN,BHIM,ISSUER_10,True,True,ON,2024-09-26,STD,0.511,0.121,0.117,0.009,True,True,True,OUT
U_c09c2cf269,O-6,RESIDENT,IN,GPAY,ISSUER_04,False,False,OFF,2025-06-29,STD,0.606,0.225,0.301,0.009,False,True,True,OUT
U_083070c2e2,O-1,RESIDENT,IN,BHIM,ISSUER_11,True,True,ON,2024-10-11,STD,0.828,0.359,0.128,-0.115,True,True,True,OUT
U_59d69b4964,O-2,RESIDENT,IN,GPAY,ISSUER_06,True,True,OFF,2025-04-21,STD,0.47,-0.049,0.493,-0.101,True,True,True,OUT
U_51d81e7cac,O-5,RESIDENT,IN,BHIM,ISSUER_02,True,True,OFF,2026-05-21,STD,0.451,0.332,0.509,-0.057,True,True,True,OUT
U_d77b4fca02,O-4,RESIDENT,IN,BHIM,ISSUER_08,True,True,OFF,2025-04-10,STD,0.641,-0.11,0.372,-0.084,True,False,True,OUT
U_63f20e7589,O-1,RESIDENT,IN,GPAY,ISSUER_08,False,True,ON,2025-12-10,STD,0.521,0.04,0.402,-0.107,True,True,True,OUT
U_71c75df2fb,O-1,RESIDENT,IN,BHIM,ISSUER_03,True,True,ON,2025-12-27,STD,0.332,-0.248,0.634,-0.15,True,False,False,OUT
U_949cbcf9db,O-3,RESIDENT,IN,GPAY,ISSUER_12,True,True,OFF,2025-08-31,ELEVATED,0.693,0.056,0.279,0.037,True,False,False,OUT
U_dbd7bd122f,O-2,RESIDENT,IN,BHIM,ISSUER_02,True,True,ON,2024-11-29,STD,0.366,-0.01,0.237,0.16,True,False,True,OUT
U_a717ec374a,O-2,RESIDENT,IN,BHIM,ISSUER_12,True,True,ON,2024-11-28,STD,0.804,0.049,0.301,-0.037,True,False,True,OUT
U_d41e44cda2,O-5,RESIDENT,IN,PHONEPE,ISSUER_12,True,True,ON,2025-12-04,STD,0.504,-0.201,0.204,-0.115,True,True,False,OUT
U_50dff8a487,O-4,RESIDENT,IN,BHIM,ISSUER_12,True,True,ON,2026-01-03,STD,0.573,0.332,0.354,-0.144,True,True,True,OUT
U_7b64c41ba4,O-1,RESIDENT,IN,BHIM,ISSUER_11,True,True,ON,2025-04-23,STD,0.451,0.074,0.272,-0.068,True,False,False,OUT
U_d5b116426a,O-2,RESIDENT,IN,GPAY,ISSUER_06,True,True,OFF,2025-03-26,STD,0.593,-0.0,0.515,-0.004,True,True,True,OUT
U_3f7d0d2da8,O-5,RESIDENT,IN,PHONEPE,ISSUER_09,True,True,OFF,2026-02-02,STD,0.687,0.021,0.1,-0.07,False,True,False,OUT
U_9260e0d011,O-2,RESIDENT,IN,BHIM,ISSUER_02,True,True,OFF,2025-02-16,STD,0.467,0.28,0.343,-0.125,True,True,False,OUT
U_eaaafa8044,O-1,RESIDENT,IN,BHIM,ISSUER_08,True,True,ON,2024-12-17,STD,0.409,-0.039,0.162,0.052,True,True,True,OUT
U_f2c61b4c61,O-1,RESIDENT,IN,GPAY,ISSUER_12,True,False,ON,2025-06-30,STD,0.37,0.05,0.105,-0.091,True,True,True,OUT
U_27c63b910c,O-1,RESIDENT,IN,BHIM,ISSUER_09,True,True,ON,2026-02-16,STD,0.287,-0.188,0.792,-0.083,True,True,True,OUT
U_b20be1f3fd,O-3,RESIDENT,IN,PHONEPE,ISSUER_10,True,True,ON,2025-01-30,STD,0.346,-0.03,0.679,0.062,True,True,False,OUT
U_78107847f5,O-3,RESIDENT,IN,GPAY,ISSUER_12,True,True,OFF,2026-03-17,STD,0.263,-0.194,0.623,0.037,True,True,True,OUT
U_0d6f923b03,O-4,RESIDENT,IN,GPAY,ISSUER_02,False,True,OFF,2025-08-29,STD,0.652,0.06,0.32,-0.138,True,False,True,OUT
U_6b2ffae409,O-5,RESIDENT,IN,GPAY,ISSUER_09,True,True,ON,2025-07-11,STD,0.282,0.283,0.299,-0.15,True,True,False,OUT
U_8bdb7e48ec,O-2,RESIDENT,IN,GPAY,ISSUER_11,True,True,ON,2026-01-06,STD,0.665,-0.067,0.328,-0.051,True,False,True,OUT
U_89a6441df3,O-2,RESIDENT,IN,GPAY,ISSUER_11,True,True,ON,2025-09-29,STD,0.676,-0.024,0.493,-0.15,True,False,False,OUT
U_f7427f30f9,O-3,RESIDENT,IN,GPAY,ISSUER_02,True,True,OFF,2026-04-01,STD,0.48,0.42,0.155,0.069,False,True,False,OUT
U_c135d90d4d,O-2,RESIDENT,IN,PHONEPE,ISSUER_10,True,True,OFF,2026-02-05,STD,0.509,-0.138,0.427,0.046,True,True,False,OUT
U_b52910bdc2,O-2,RESIDENT,IN,BHIM,ISSUER_11,True,True,ON,2024-12-14,STD,0.917,0.285,0.274,0.047,True,True,False,OUT
U_20905bb61c,O-2,RESIDENT,IN,GPAY,ISSUER_12,True,True,OFF,2025-06-03,STD,0.429,-0.044,0.744,-0.15,True,True,False,OUT
U_4ab0ba0288,O-3,RESIDENT,IN,GPAY,ISSUER_12,True,True,ON,2025-06-25,STD,0.594,0.258,0.277,0.002,True,True,False,OUT
U_c9aa187473,O-2,RESIDENT,IN,GPAY,ISSUER_02,True,True,ON,2024-08-15,STD,0.527,0.103,0.082,0.246,False,True,True,OUT
U_5defe4d5c5,O-6,RESIDENT,IN,BHIM,ISSUER_08,False,False,OFF,2025-11-11,STD,0.716,0.114,0.171,0.044,True,True,True,OUT
U_42b64d63b0,O-4,RESIDENT,IN,PHONEPE,ISSUER_02,True,True,ON,2025-04-23,STD,0.723,-0.193,0.744,-0.107,True,True,True,OUT
U_1bf3ad1085,O-6,RESIDENT,IN,BHIM,ISSUER_01,False,False,OFF,2024-10-25,STD,0.314,0.184,0.083,-0.131,True,False,False,OUT
U_3b3d1cce66,O-1,RESIDENT,IN,GPAY,ISSUER_04,True,True,ON,2025-01-23,STD,0.753,-0.147,0.294,0.139,True,False,False,OUT
U_2783f9e1ac,O-3,RESIDENT,IN,BHIM,ISSUER_09,True,False,OFF,2025-12-09,STD,0.633,-0.318,0.445,-0.036,True,True,True,OUT
U_40cc000b62,O-2,RESIDENT,IN,BHIM,ISSUER_11,True,True,ON,2025-05-01,STD,0.619,0.024,0.128,0.142,True,True,True,OUT
U_4327709bfe,O-6,RESIDENT,IN,BHIM,ISSUER_03,False,False,OFF,2025-03-06,STD,0.231,-0.075,0.561,-0.15,True,False,False,OUT
U_cd8aca0d0f,O-2,RESIDENT,IN,PHONEPE,ISSUER_04,True,True,ON,2024-08-30,STD,0.633,0.211,0.229,0.09,True,True,True,OUT
U_86223564d3,O-4,RESIDENT,IN,BHIM,ISSUER_10,True,False,ON,2024-10-21,STD,0.748,0.172,0.234,-0.15,True,True,False,OUT
U_788d38bdf8,O-4,RESIDENT,IN,GPAY,ISSUER_11,True,True,OFF,2025-10-04,STD,0.325,0.108,0.069,0.24,True,True,True,OUT
U_5611a851bd,O-1,RESIDENT,IN,PHONEPE,ISSUER_06,True,True,ON,2025-07-09,STD,0.555,0.063,0.264,0.057,False,True,False,OUT
U_16cd001dff,O-2,RESIDENT,IN,BHIM,ISSUER_01,True,True,ON,2025-09-12,STD,0.395,0.272,0.262,0.004,False,True,True,OUT
U_90dfc111df,O-2,RESIDENT,IN,GPAY,ISSUER_07,False,True,ON,2026-02-16,STD,0.609,0.478,0.058,0.027,True,True,True,OUT
U_fcf499a691,O-6,RESIDENT,IN,BHIM,ISSUER_04,False,True,OFF,2026-02-23,STD,0.634,0.134,0.04,-0.065,True,True,False,OUT
U_ef80d2da67,O-2,RESIDENT,IN,PHONEPE,ISSUER_04,True,True,ON,2025-04-29,STD,0.12,0.114,0.268,0.057,True,False,False,OUT
U_6140d775dd,O-5,RESIDENT,IN,GPAY,ISSUER_09,True,True,OFF,2026-06-24,STD,0.941,0.181,0.26,-0.041,True,True,True,OUT
U_46657e7d32,O-6,RESIDENT,IN,PHONEPE,ISSUER_11,False,False,OFF,2025-10-22,STD,0.438,0.144,0.51,-0.117,True,True,False,OUT
U_51347fef36,O-6,RESIDENT,IN,PHONEPE,ISSUER_08,False,False,OFF,2025-02-07,STD,0.424,0.035,0.273,0.035,False,True,True,OUT
U_5815e79fbe,O-2,RESIDENT,IN,GPAY,ISSUER_08,True,True,OFF,2025-08-18,STD,0.596,0.281,0.203,0.009,True,False,False,OUT
U_c8c4c7b479,O-5,RESIDENT,IN,GPAY,ISSUER_02,True,True,ON,2025-11-14,STD,0.714,0.144,0.3,0.142,True,True,True,OUT
U_da785c6bd3,O-1,RESIDENT,IN,BHIM,ISSUER_11,True,False,ON,2026-05-13,STD,0.154,0.192,0.155,-0.115,True,False,False,OUT
U_7f9059c26d,O-1,RESIDENT,IN,BHIM,ISSUER_07,True,True,ON,2026-03-06,STD,0.32,0.16,0.114,0.102,True,False,True,OUT
U_58cb8e164b,O-2,RESIDENT,IN,GPAY,ISSUER_02,True,True,OFF,2026-07-22,STD,0.321,0.312,0.486,-0.064,True,True,True,OUT
U_c0d2c7210d,O-6,RESIDENT,IN,BHIM,ISSUER_04,False,False,OFF,2026-07-29,STD,0.659,-0.156,0.141,0.098,False,True,False,OUT
U_ef328363fb,O-2,RESIDENT,IN,PHONEPE,ISSUER_03,True,True,ON,2026-02-12,STD,0.259,0.094,0.067,-0.11,True,False,True,OUT
U_166a9b5f78,O-3,RESIDENT,IN,GPAY,ISSUER_11,True,True,OFF,2024-12-30,STD,0.274,-0.01,0.842,-0.091,True,True,False,OUT
U_58214b49d8,O-5,RESIDENT,IN,GPAY,ISSUER_04,True,True,OFF,2026-04-21,STD,0.258,0.376,0.26,-0.049,False,False,True,OUT
U_e01650019e,O-6,RESIDENT,IN,PHONEPE,ISSUER_07,False,True,OFF,2025-08-14,STD,0.116,0.036,0.314,0.037,True,True,True,OUT
U_2b6897a9fc,O-5,RESIDENT,IN,BHIM,ISSUER_05,True,True,OFF,2025-05-18,STD,0.552,-0.096,0.562,-0.05,True,True,True,OUT
U_63b473a3a5,O-1,RESIDENT,IN,PHONEPE,ISSUER_04,True,True,ON,2025-04-15,STD,0.359,-0.023,0.752,-0.15,True,False,False,OUT
U_676d213fbd,O-1,RESIDENT,IN,PHONEPE,ISSUER_10,True,True,ON,2024-09-10,STD,0.43,0.153,0.139,-0.005,False,True,False,OUT
U_ff753e22f5,O-2,RESIDENT,IN,PHONEPE,ISSUER_11,False,True,OFF,2026-02-14,STD,0.737,0.163,0.313,-0.15,True,True,False,OUT
U_d8c6d840d4,O-5,RESIDENT,IN,BHIM,ISSUER_09,True,True,OFF,2025-06-19,STD,0.951,-0.059,0.269,0.052,True,True,True,OUT
U_960188568b,O-1,RESIDENT,IN,BHIM,ISSUER_09,True,False,ON,2025-09-24,STD,0.819,0.254,0.149,0.052,True,False,True,OUT
U_bc10e07e52,O-1,RESIDENT,IN,GPAY,ISSUER_11,True,True,ON,2026-02-05,STD,0.235,0.191,0.133,0.272,True,True,False,OUT
U_0378f6fc14,O-6,RESIDENT,IN,PHONEPE,ISSUER_11,False,True,OFF,2026-02-07,STD,0.49,0.229,0.271,0.073,True,True,True,OUT
U_36f168b0ab,O-1,RESIDENT,IN,BHIM,ISSUER_03,False,True,ON,2024-08-30,STD,0.788,-0.011,0.404,-0.054,True,True,True,OUT
U_c039b98021,O-1,RESIDENT,IN,GPAY,ISSUER_01,True,True,ON,2026-01-31,STD,0.45,0.205,0.267,-0.15,True,False,False,OUT
U_f7603b2224,O-1,RESIDENT,IN,GPAY,ISSUER_12,False,True,ON,2026-05-05,STD,0.384,0.001,0.28,-0.001,True,True,False,OUT
U_a3a78c5815,O-2,RESIDENT,IN,BHIM,ISSUER_01,False,True,ON,2025-12-02,STD,0.442,0.336,0.121,-0.054,True,True,False,OUT
U_297a5fc1b5,O-6,RESIDENT,IN,BHIM,ISSUER_05,False,False,OFF,2026-06-25,STD,0.09,-0.237,0.908,-0.15,True,False,True,OUT
U_b728b45ee0,O-4,RESIDENT,IN,PHONEPE,ISSUER_01,True,True,OFF,2026-01-30,STD,0.184,0.27,0.143,-0.15,True,False,False,OUT
U_4ab30b327d,O-1,RESIDENT,IN,BHIM,ISSUER_10,True,True,ON,2024-12-06,STD,0.871,0.316,0.281,-0.066,True,True,False,OUT
U_3b1c31e6d1,O-2,RESIDENT,IN,PHONEPE,ISSUER_06,False,True,OFF,2026-02-25,STD,0.396,0.221,0.27,0.003,True,False,False,OUT
U_8804ee310d,O-6,RESIDENT,IN,GPAY,ISSUER_04,False,False,OFF,2025-04-13,STD,0.261,0.028,0.314,-0.086,False,False,True,OUT
U_1bb63ff437,O-1,RESIDENT,IN,GPAY,ISSUER_03,True,True,ON,2024-09-18,STD,0.243,0.6,0.218,-0.001,False,True,True,OUT
U_f61fe7beea,O-2,RESIDENT,IN,BHIM,ISSUER_07,False,True,OFF,2025-12-12,STD,0.763,-0.15,0.294,0.159,True,False,False,OUT
U_78a1c97a0d,O-5,RESIDENT,IN,GPAY,ISSUER_05,True,True,OFF,2025-09-07,ELEVATED,0.505,0.387,0.471,-0.15,True,True,False,OUT
U_16e6d2bc99,O-2,RESIDENT,IN,GPAY,ISSUER_03,True,True,OFF,2025-05-30,STD,0.099,-0.025,0.635,0.01,True,False,False,OUT
U_2b39d763bf,O-3,RESIDENT,IN,PHONEPE,ISSUER_05,True,True,OFF,2025-09-27,STD,0.644,-0.021,0.644,-0.016,True,False,True,OUT
U_9060356a02,O-3,RESIDENT,IN,BHIM,ISSUER_03,True,False,ON,2025-07-03,STD,0.842,-0.003,0.416,-0.15,False,True,False,OUT
U_d1e994598c,O-6,RESIDENT,IN,GPAY,ISSUER_04,False,True,OFF,2025-09-12,STD,0.971,0.419,0.127,0.163,True,True,True,OUT
U_b18824b2bd,O-6,RESIDENT,IN,BHIM,ISSUER_10,False,True,OFF,2025-06-10,STD,0.241,-0.047,0.657,-0.15,True,True,True,OUT
U_77f0d2978b,O-4,RESIDENT,IN,GPAY,ISSUER_09,False,True,OFF,2026-03-20,STD,0.723,0.031,0.158,0.204,True,True,False,OUT
U_2bc06bb7c0,O-1,RESIDENT,IN,GPAY,ISSUER_04,True,True,ON,2025-05-14,STD,0.707,0.173,0.162,-0.103,True,True,False,OUT
U_87db09aaff,O-4,RESIDENT,IN,BHIM,ISSUER_02,True,True,OFF,2025-08-25,STD,0.377,0.164,0.115,0.157,True,True,False,OUT
U_80b194ae03,O-2,RESIDENT,IN,BHIM,ISSUER_06,True,True,OFF,2026-05-28,STD,0.78,-0.015,0.139,0.0,True,True,True,OUT
U_e3e5093ebb,O-2,RESIDENT,IN,BHIM,ISSUER_08,True,True,OFF,2026-06-30,STD,0.399,0.006,0.19,-0.043,True,True,False,OUT
U_3f38ab3d61,O-6,RESIDENT,IN,BHIM,ISSUER_12,True,True,OFF,2025-10-31,STD,0.564,-0.016,0.756,-0.15,True,True,False,OUT
U_8f6a4f64c9,O-2,RESIDENT,IN,BHIM,ISSUER_11,True,True,OFF,2025-11-06,STD,0.644,0.077,0.529,-0.15,True,True,True,OUT
U_ca87f50397,O-1,RESIDENT,IN,GPAY,ISSUER_10,True,True,ON,2025-01-22,STD,0.741,0.254,0.31,-0.03,False,True,False,OUT
U_e1eaeb3bf2,O-2,RESIDENT,IN,BHIM,ISSUER_03,True,True,OFF,2025-03-25,STD,0.598,0.147,0.1,-0.067,True,True,False,OUT
U_4c416ea606,O-2,RESIDENT,IN,BHIM,ISSUER_08,True,True,ON,2026-06-05,STD,0.755,0.12,0.35,-0.102,True,True,True,OUT
U_fd9a0ec238,O-6,RESIDENT,IN,BHIM,ISSUER_01,False,False,OFF,2026-03-12,STD,0.376,0.142,0.125,-0.02,True,True,False,OUT
U_d1289e967b,O-1,RESIDENT,IN,GPAY,ISSUER_07,True,True,ON,2025-12-28,STD,0.635,0.341,0.143,-0.15,True,True,True,OUT
U_459d087b17,O-6,RESIDENT,IN,PHONEPE,ISSUER_02,False,False,OFF,2025-12-11,STD,0.739,0.317,0.31,-0.077,True,True,True,OUT
U_c814437bdb,O-2,RESIDENT,IN,GPAY,ISSUER_11,True,True,ON,2025-03-28,STD,0.481,0.302,0.215,-0.083,True,True,True,OUT
U_85cf8606f0,O-6,RESIDENT,IN,PHONEPE,ISSUER_02,False,False,OFF,2025-08-18,STD,0.271,0.163,0.374,-0.047,True,False,False,OUT
U_52255a16b3,O-6,RESIDENT,IN,BHIM,ISSUER_10,False,False,OFF,2024-09-14,STD,0.624,0.131,0.102,0.159,True,True,True,OUT
U_ec5a744eba,O-6,RESIDENT,IN,GPAY,ISSUER_11,True,False,OFF,2026-02-24,STD,0.155,0.139,0.298,0.018,True,True,True,OUT
U_016c0152ca,O-5,RESIDENT,IN,GPAY,ISSUER_02,False,True,ON,2026-05-23,STD,0.681,0.063,0.329,0.019,True,False,False,OUT
U_6a902cf999,O-3,RESIDENT,IN,PHONEPE,ISSUER_06,True,True,OFF,2026-06-02,STD,0.757,0.031,0.176,0.03,True,True,True,OUT
U_d184e09dae,O-1,RESIDENT,IN,GPAY,ISSUER_12,True,True,ON,2026-02-07,STD,0.307,0.17,0.106,0.17,True,False,True,OUT
U_82284a4a09,O-4,RESIDENT,IN,BHIM,ISSUER_07,True,True,ON,2025-02-16,STD,0.506,0.101,0.122,0.082,True,False,False,OUT
U_48fec8e63c,O-2,RESIDENT,IN,BHIM,ISSUER_07,True,True,OFF,2025-04-10,STD,0.062,0.064,0.479,0.049,False,True,True,OUT
U_404038976b,O-6,RESIDENT,IN,GPAY,ISSUER_10,False,False,OFF,2025-08-01,STD,0.233,-0.232,0.443,-0.15,True,True,False,OUT
U_15a97eeb5f,O-6,RESIDENT,IN,PHONEPE,ISSUER_09,True,True,OFF,2025-02-17,STD,0.353,0.111,0.029,0.138,True,False,False,OUT
U_d6649b5525,O-5,RESIDENT,IN,GPAY,ISSUER_11,True,True,OFF,2026-07-15,STD,0.495,-0.033,0.495,-0.15,False,True,True,OUT
U_41e40cdb93,O-5,RESIDENT,IN,GPAY,ISSUER_11,True,True,ON,2025-09-16,RESTRICTED,0.891,0.077,0.062,0.202,False,True,False,OUT
U_bfe35659c1,O-2,RESIDENT,IN,GPAY,ISSUER_09,True,True,OFF,2025-05-03,STD,0.371,0.138,0.3,0.051,True,False,True,OUT
U_c3b522b8a9,O-1,RESIDENT,IN,BHIM,ISSUER_08,True,False,ON,2025-06-30,STD,0.583,0.088,0.294,-0.05,True,True,False,OUT
U_bcaf4d37d2,O-5,RESIDENT,IN,BHIM,ISSUER_04,True,True,OFF,2025-06-01,STD,0.45,-0.059,0.137,0.068,True,True,True,OUT
U_163c38e3dc,O-1,RESIDENT,IN,BHIM,ISSUER_02,True,True,ON,2024-12-12,STD,0.475,-0.29,0.445,-0.147,False,True,False,OUT
U_4b827a2c98,O-5,RESIDENT,IN,BHIM,ISSUER_10,False,True,ON,2025-08-04,STD,0.205,-0.236,0.151,-0.019,False,True,True,OUT
U_1d543bb45e,O-4,RESIDENT,IN,PHONEPE,ISSUER_04,True,True,ON,2024-08-22,STD,0.863,0.152,0.186,0.071,True,True,False,OUT
U_1382ef5c24,O-3,RESIDENT,IN,PHONEPE,ISSUER_02,True,True,ON,2026-04-09,STD,0.541,-0.012,0.383,0.139,True,True,False,OUT
U_e00b5ecdae,O-3,RESIDENT,IN,GPAY,ISSUER_05,True,True,OFF,2025-08-31,STD,0.273,0.015,0.244,-0.098,True,True,False,OUT
U_ab92415e42,O-1,RESIDENT,IN,BHIM,ISSUER_10,True,True,ON,2026-06-24,ELEVATED,0.656,0.219,0.42,-0.15,True,True,True,OUT
U_af663804a4,O-1,RESIDENT,IN,BHIM,ISSUER_11,True,True,ON,2025-01-30,STD,0.755,0.306,0.245,-0.066,True,True,True,OUT
U_1786b6d173,O-6,RESIDENT,IN,GPAY,ISSUER_08,False,False,OFF,2024-09-22,STD,0.636,0.103,0.095,-0.15,True,True,False,OUT
U_71e3e35101,O-3,RESIDENT,IN,PHONEPE,ISSUER_06,True,True,ON,2026-01-14,STD,0.759,-0.073,0.277,-0.084,True,True,True,OUT
U_7e619c09db,O-2,RESIDENT,IN,GPAY,ISSUER_05,True,True,ON,2025-04-08,STD,0.724,0.168,0.301,0.073,True,True,False,OUT
U_25a839d9a6,O-2,RESIDENT,IN,GPAY,ISSUER_09,True,True,OFF,2025-09-15,STD,0.213,0.462,0.21,0.256,True,False,False,OUT
U_628ad32474,O-2,RESIDENT,IN,GPAY,ISSUER_06,True,True,OFF,2025-06-17,STD,0.688,0.017,0.276,-0.15,False,False,True,OUT
U_3d36fc019a,O-1,RESIDENT,IN,BHIM,ISSUER_01,True,True,ON,2024-10-08,STD,0.548,-0.101,0.613,-0.15,True,True,False,OUT
U_163ea2c46a,O-3,RESIDENT,IN,BHIM,ISSUER_08,True,True,ON,2024-09-05,STD,0.394,0.143,0.436,-0.039,False,False,True,OUT
U_5cc7e14859,O-6,RESIDENT,IN,PHONEPE,ISSUER_06,False,False,OFF,2026-04-24,STD,0.287,0.497,0.385,-0.033,False,True,True,OUT
U_b4cb460f50,O-3,RESIDENT,IN,GPAY,ISSUER_08,True,True,ON,2024-09-02,STD,0.702,0.196,0.246,-0.15,True,False,False,OUT
U_e4656d965e,O-5,RESIDENT,IN,GPAY,ISSUER_02,True,True,OFF,2025-05-30,STD,0.569,0.48,0.033,0.139,True,True,False,OUT
U_d8c9efb955,O-1,RESIDENT,IN,BHIM,ISSUER_03,True,True,ON,2025-06-21,STD,0.468,0.142,0.314,0.145,True,True,True,OUT
U_441684ed38,O-1,RESIDENT,IN,BHIM,ISSUER_06,True,True,ON,2025-04-19,STD,0.772,0.011,0.049,0.179,True,False,True,OUT
U_21f5ff71ea,O-1,RESIDENT,IN,BHIM,ISSUER_05,False,True,ON,2026-03-24,STD,0.371,0.268,0.298,0.225,True,False,False,OUT
U_9d159ade5b,O-2,RESIDENT,IN,BHIM,ISSUER_09,True,True,ON,2025-06-24,STD,0.756,-0.07,0.448,0.145,True,False,False,OUT
U_956a23b96e,O-1,RESIDENT,IN,GPAY,ISSUER_12,True,True,ON,2025-02-17,STD,0.505,-0.075,0.266,0.064,True,True,False,OUT
U_38eeb76139,O-1,RESIDENT,IN,GPAY,ISSUER_06,True,False,ON,2025-12-28,STD,0.547,0.093,0.197,0.027,False,True,True,OUT
U_ffa7bf3dce,O-4,RESIDENT,IN,GPAY,ISSUER_03,True,True,ON,2025-12-29,STD,0.577,-0.191,0.537,0.056,True,False,False,OUT
U_d449ed86e6,O-6,RESIDENT,IN,BHIM,ISSUER_10,False,False,OFF,2026-06-19,STD,0.45,0.441,0.132,0.163,True,True,True,OUT
U_14b922fb78,O-2,RESIDENT,IN,GPAY,ISSUER_07,True,True,OFF,2025-02-08,STD,0.458,0.248,0.334,0.136,False,True,True,OUT
U_00d2ef0a03,O-1,RESIDENT,IN,BHIM,ISSUER_01,True,True,ON,2025-06-05,STD,0.264,0.191,0.201,0.11,True,False,True,OUT
U_aad982c5b3,O-6,RESIDENT,IN,PHONEPE,ISSUER_12,False,False,OFF,2025-08-29,STD,0.539,0.311,0.067,0.007,True,True,True,OUT
U_8b3379a49e,O-4,RESIDENT,IN,PHONEPE,ISSUER_01,True,True,OFF,2024-12-20,STD,0.859,0.28,0.097,0.06,True,True,False,OUT
U_5de28df11f,O-1,RESIDENT,IN,PHONEPE,ISSUER_11,True,True,ON,2026-03-06,STD,0.94,0.362,0.289,0.171,True,False,True,OUT
U_a311d086f5,O-2,RESIDENT,IN,GPAY,ISSUER_11,True,True,OFF,2025-02-28,STD,0.511,-0.029,0.667,-0.15,True,False,True,OUT
U_fb82944aee,O-3,RESIDENT,IN,BHIM,ISSUER_09,False,False,ON,2026-04-09,STD,0.324,0.26,0.359,0.014,True,False,False,OUT
U_a722a50c16,O-1,RESIDENT,IN,PHONEPE,ISSUER_11,True,True,ON,2024-08-20,STD,0.751,0.07,0.198,0.021,True,False,True,OUT
U_7c509c8d97,O-1,RESIDENT,IN,BHIM,ISSUER_10,True,True,ON,2025-03-27,STD,0.676,0.198,0.22,-0.017,False,True,True,OUT
U_d63c38b46e,O-6,RESIDENT,IN,PHONEPE,ISSUER_09,False,False,OFF,2024-09-13,STD,0.274,0.286,0.071,-0.021,True,False,True,OUT
U_a53a432aee,O-1,RESIDENT,IN,GPAY,ISSUER_08,True,False,ON,2026-03-12,STD,0.672,0.445,0.323,0.095,False,False,True,OUT
U_561af06917,O-1,RESIDENT,IN,PHONEPE,ISSUER_10,False,True,ON,2025-11-22,STD,0.514,-0.059,0.301,-0.048,True,True,True,OUT
U_85936e2b95,O-4,RESIDENT,IN,BHIM,ISSUER_04,True,True,ON,2025-07-13,STD,0.338,-0.031,0.176,0.052,False,True,True,OUT
U_4e675ceebe,O-1,RESIDENT,IN,BHIM,ISSUER_03,False,True,ON,2026-05-15,STD,0.522,0.154,0.134,0.269,True,False,True,OUT
U_5adf4c906a,O-1,RESIDENT,IN,BHIM,ISSUER_10,True,True,ON,2026-04-02,STD,0.378,0.192,0.072,-0.11,True,True,True,OUT
U_8ab907ae30,O-2,RESIDENT,IN,PHONEPE,ISSUER_11,True,True,ON,2024-10-03,STD,0.646,-0.097,0.682,-0.106,True,False,True,OUT
U_d7236b05d9,O-4,RESIDENT,IN,GPAY,ISSUER_11,True,True,OFF,2025-09-29,STD,0.673,0.233,0.23,-0.019,True,True,False,OUT
U_489bfeca20,O-1,RESIDENT,IN,PHONEPE,ISSUER_02,True,True,ON,2025-12-06,STD,0.649,0.289,0.316,-0.012,False,False,True,OUT
U_070687eac6,O-2,RESIDENT,IN,GPAY,ISSUER_08,True,False,ON,2026-04-25,STD,0.247,0.18,0.17,0.128,True,False,False,OUT
U_06afb42f8c,O-1,RESIDENT,IN,PHONEPE,ISSUER_12,True,True,ON,2025-01-15,STD,0.469,0.061,0.109,0.212,True,True,False,OUT
U_810bc4911c,O-5,RESIDENT,IN,PHONEPE,ISSUER_04,True,True,OFF,2026-01-06,STD,0.032,0.342,0.089,0.061,True,True,True,OUT
U_1e3cc7dbb8,O-6,RESIDENT,IN,BHIM,ISSUER_05,True,False,OFF,2025-10-27,STD,0.686,-0.104,0.162,-0.091,True,True,True,OUT
U_8719db29d8,O-6,RESIDENT,IN,GPAY,ISSUER_02,True,False,OFF,2025-07-03,STD,0.957,0.481,0.263,0.198,True,True,True,OUT
U_58959baa69,O-3,RESIDENT,IN,GPAY,ISSUER_02,True,False,ON,2026-04-22,STD,0.347,-0.097,0.63,-0.097,True,True,True,OUT
U_505eb1186d,O-6,RESIDENT,IN,GPAY,ISSUER_05,False,True,OFF,2025-05-02,STD,0.722,-0.157,0.45,-0.15,True,True,False,OUT
U_52f899a766,O-5,RESIDENT,IN,PHONEPE,ISSUER_06,True,True,ON,2025-03-19,STD,0.141,0.226,0.29,-0.15,True,True,False,OUT
U_68ca4a63e5,O-6,RESIDENT,IN,BHIM,ISSUER_05,False,False,OFF,2025-06-26,STD,0.417,0.379,0.071,0.258,True,False,True,OUT
U_e564011e62,O-2,RESIDENT,IN,BHIM,ISSUER_08,True,True,ON,2024-11-26,STD,0.804,-0.037,0.212,0.055,True,True,True,OUT
U_c766e6f623,O-2,RESIDENT,IN,BHIM,ISSUER_12,True,True,ON,2024-09-29,STD,0.503,0.05,0.357,-0.049,False,True,False,OUT
U_88a37ab6c9,O-2,RESIDENT,IN,PHONEPE,ISSUER_02,True,True,OFF,2026-03-07,STD,0.347,0.024,0.331,0.12,True,False,True,OUT
U_bf61b86dc2,O-6,RESIDENT,IN,GPAY,ISSUER_10,False,False,OFF,2025-05-12,STD,0.446,-0.009,0.306,0.109,True,True,True,OUT
U_c8e28105dd,O-1,RESIDENT,IN,BHIM,ISSUER_02,True,True,ON,2026-06-09,STD,0.498,0.57,0.135,-0.046,True,False,False,OUT
U_de86a88bf0,O-3,RESIDENT,IN,PHONEPE,ISSUER_05,True,True,ON,2025-12-15,STD,0.751,-0.247,0.109,-0.079,True,True,False,OUT
U_a17e8d8102,O-1,RESIDENT,IN,BHIM,ISSUER_08,True,True,ON,2026-02-02,STD,0.362,0.045,0.051,0.219,True,True,True,OUT
U_677935a911,O-5,RESIDENT,IN,GPAY,ISSUER_08,True,True,ON,2025-02-05,STD,0.253,0.136,0.249,-0.15,True,False,False,OUT
U_dd06f749a5,O-1,RESIDENT,IN,PHONEPE,ISSUER_07,True,True,ON,2025-06-06,STD,0.872,-0.265,0.95,-0.15,True,False,False,OUT
U_0956ad8a59,O-2,RESIDENT,IN,PHONEPE,ISSUER_07,True,True,OFF,2024-12-29,STD,0.817,-0.042,0.733,-0.15,False,False,True,OUT
U_3ceac1efce,O-6,RESIDENT,IN,PHONEPE,ISSUER_12,True,False,OFF,2026-06-25,STD,0.172,-0.054,0.347,-0.114,True,True,False,OUT
U_8dde4a58cd,O-6,RESIDENT,IN,PHONEPE,ISSUER_09,False,False,OFF,2025-08-01,STD,0.924,0.16,0.411,-0.058,True,True,True,OUT
U_946af7b4aa,O-5,RESIDENT,IN,BHIM,ISSUER_04,True,False,ON,2024-09-04,STD,0.783,0.094,0.116,0.142,True,True,True,OUT
U_e359a27433,O-3,RESIDENT,IN,GPAY,ISSUER_04,True,True,ON,2025-08-06,STD,0.365,0.524,0.105,-0.074,True,True,True,OUT
U_00faf590fc,O-5,RESIDENT,IN,BHIM,ISSUER_09,True,True,ON,2024-08-22,STD,0.41,0.582,0.303,-0.073,True,True,False,OUT
U_5d1031cae0,O-6,RESIDENT,IN,GPAY,ISSUER_01,False,False,OFF,2024-10-03,STD,0.481,0.2,0.237,0.082,True,True,False,OUT
U_3f86692a6b,O-1,RESIDENT,IN,BHIM,ISSUER_05,True,True,ON,2025-02-19,STD,0.288,-0.008,0.541,-0.15,True,True,True,OUT
U_ecd6a74cc1,O-3,RESIDENT,IN,BHIM,ISSUER_01,True,True,ON,2025-02-08,STD,0.499,0.08,0.193,0.051,True,True,False,OUT
U_d29beaa2ea,O-2,RESIDENT,IN,GPAY,ISSUER_11,True,True,OFF,2026-01-28,STD,0.369,0.108,0.081,0.009,True,True,True,OUT
U_36a8a7f0c3,O-4,RESIDENT,IN,PHONEPE,ISSUER_01,True,True,ON,2025-11-09,STD,0.325,0.062,0.432,-0.094,True,True,False,OUT
U_486bd74c4d,O-1,RESIDENT,IN,PHONEPE,ISSUER_03,True,False,ON,2024-09-20,STD,0.78,0.206,0.364,-0.15,False,True,True,OUT
U_46d8048f79,O-2,RESIDENT,IN,GPAY,ISSUER_03,True,True,ON,2025-01-24,STD,0.643,0.005,0.414,-0.018,True,True,True,OUT
U_2b5cdb867f,O-1,RESIDENT,IN,PHONEPE,ISSUER_02,True,True,ON,2026-05-23,STD,0.115,0.097,0.324,-0.069,True,True,True,OUT
U_5da82d2659,O-5,RESIDENT,IN,PHONEPE,ISSUER_01,True,True,ON,2025-09-29,STD,0.338,0.238,0.081,0.096,True,True,False,OUT
U_efb038fea4,O-5,RESIDENT,IN,BHIM,ISSUER_09,True,True,OFF,2026-07-30,STD,0.81,-0.148,0.209,-0.041,True,True,False,OUT
U_e71615dbf2,O-1,RESIDENT,IN,BHIM,ISSUER_11,False,True,ON,2025-11-11,STD,0.43,0.011,0.242,0.181,True,True,False,OUT
U_1a90ddd5f4,O-3,RESIDENT,IN,PHONEPE,ISSUER_07,True,True,OFF,2024-10-20,STD,0.438,-0.119,0.321,-0.023,True,False,False,OUT
U_36a3089752,O-5,RESIDENT,IN,GPAY,ISSUER_02,True,True,OFF,2024-08-26,STD,0.161,0.33,0.302,-0.081,True,True,True,OUT
U_96d51985e5,O-6,RESIDENT,IN,PHONEPE,ISSUER_01,True,True,OFF,2025-12-18,STD,0.493,0.252,0.16,0.048,True,True,False,OUT
U_8a67cf7ce5,O-3,RESIDENT,IN,GPAY,ISSUER_12,True,True,OFF,2025-01-22,STD,0.725,-0.017,0.609,0.003,True,True,True,OUT
U_8af25030bd,O-2,RESIDENT,IN,PHONEPE,ISSUER_10,False,True,ON,2024-10-17,STD,0.161,-0.019,0.255,0.055,True,True,False,OUT
U_a0c4892022,O-6,RESIDENT,IN,PHONEPE,ISSUER_02,False,True,OFF,2026-05-03,STD,0.62,0.108,0.504,-0.078,True,False,True,OUT
U_3a987ddaeb,O-2,RESIDENT,IN,GPAY,ISSUER_05,True,True,OFF,2025-04-10,STD,0.629,-0.182,0.678,-0.15,True,False,True,OUT
U_32f9da7ce8,O-6,RESIDENT,IN,BHIM,ISSUER_09,False,False,OFF,2024-10-26,ELEVATED,0.744,0.056,0.194,0.043,False,False,True,OUT
U_ed50f9b8fc,O-1,RESIDENT,IN,GPAY,ISSUER_04,True,False,ON,2025-10-29,STD,0.455,0.047,0.094,0.127,True,False,True,OUT
U_8442c6206a,O-1,RESIDENT,IN,GPAY,ISSUER_11,True,True,ON,2024-10-16,ELEVATED,0.743,0.345,0.018,0.304,True,False,True,OUT
U_b9ddeb45f4,O-1,RESIDENT,IN,PHONEPE,ISSUER_07,True,True,ON,2025-05-08,STD,0.293,-0.042,0.712,-0.075,False,True,False,OUT
U_629b3ed286,O-2,RESIDENT,IN,PHONEPE,ISSUER_11,True,True,OFF,2026-02-26,STD,0.488,0.005,0.275,0.142,False,False,False,OUT
U_34995d91bb,O-1,RESIDENT,IN,PHONEPE,ISSUER_01,False,False,ON,2025-02-17,STD,0.487,0.2,0.151,0.222,False,True,False,OUT
U_3ba0ca3018,O-1,RESIDENT,IN,GPAY,ISSUER_08,True,True,ON,2025-02-27,STD,0.083,0.315,0.046,-0.056,True,False,True,OUT
U_0e2937f2ed,O-6,RESIDENT,IN,GPAY,ISSUER_11,True,True,OFF,2026-02-19,STD,0.539,0.335,0.158,-0.042,True,False,False,OUT
U_52e61efd62,O-5,RESIDENT,IN,PHONEPE,ISSUER_02,True,True,ON,2025-07-19,STD,0.3,-0.005,0.731,-0.15,True,True,True,OUT
U_d169d71fbc,O-1,RESIDENT,IN,PHONEPE,ISSUER_12,True,True,ON,2025-02-03,STD,0.219,0.18,0.303,0.084,True,False,True,OUT
U_ead0a6059b,O-1,RESIDENT,IN,PHONEPE,ISSUER_06,True,True,ON,2025-07-28,STD,0.526,0.268,0.442,-0.132,True,False,True,OUT
U_397cb1f874,O-2,RESIDENT,IN,BHIM,ISSUER_03,True,True,ON,2024-10-25,STD,0.416,-0.115,0.713,-0.078,True,True,False,OUT
U_e7f401dbb2,O-5,RESIDENT,IN,PHONEPE,ISSUER_12,True,True,OFF,2026-02-21,STD,0.772,-0.063,0.358,-0.15,True,True,False,OUT
U_c6dbf83439,O-1,RESIDENT,IN,GPAY,ISSUER_02,True,True,ON,2026-04-01,STD,0.869,0.029,0.159,0.17,True,False,False,OUT
U_113bca873c,O-1,RESIDENT,IN,PHONEPE,ISSUER_04,True,False,ON,2026-07-30,STD,0.751,0.287,0.263,-0.025,True,False,False,OUT
U_61d03ebd3b,O-6,RESIDENT,IN,PHONEPE,ISSUER_11,True,True,OFF,2025-07-06,STD,0.382,0.282,0.247,0.074,True,True,True,OUT
U_0dc51d733e,O-6,RESIDENT,IN,BHIM,ISSUER_02,False,False,OFF,2024-10-06,STD,0.38,-0.31,0.122,-0.019,True,True,True,OUT
U_022fc239a4,O-1,RESIDENT,IN,BHIM,ISSUER_01,True,True,ON,2026-06-22,STD,0.584,0.232,0.214,-0.012,True,False,False,OUT
U_fc90149720,O-2,RESIDENT,IN,PHONEPE,ISSUER_03,True,True,ON,2026-01-02,STD,0.663,-0.08,0.352,0.012,False,True,True,OUT
U_31e09741fa,O-1,RESIDENT,IN,GPAY,ISSUER_06,True,True,ON,2026-04-04,STD,0.379,0.07,0.16,-0.005,True,False,True,OUT
U_875957355f,O-2,RESIDENT,IN,BHIM,ISSUER_12,True,True,OFF,2026-05-14,STD,0.459,0.578,0.204,-0.016,True,True,False,OUT
U_0c281fab34,O-1,RESIDENT,IN,GPAY,ISSUER_04,True,True,ON,2025-06-27,STD,0.241,-0.036,0.297,-0.005,True,True,True,OUT
U_b2ee3e9bbf,O-3,RESIDENT,IN,PHONEPE,ISSUER_08,False,True,OFF,2026-01-04,STD,0.301,-0.059,0.458,0.014,True,False,False,OUT
U_2dc358d9ef,O-1,RESIDENT,IN,PHONEPE,ISSUER_02,False,True,ON,2025-10-24,STD,0.419,0.145,0.454,-0.065,True,True,False,OUT
U_62c60831ea,O-1,RESIDENT,IN,PHONEPE,ISSUER_03,True,True,ON,2025-07-18,STD,0.377,-0.084,0.457,-0.113,True,True,False,OUT
U_908b4ee359,O-2,RESIDENT,IN,GPAY,ISSUER_04,True,True,OFF,2026-06-14,STD,0.39,0.418,0.191,0.298,True,True,True,OUT
U_a23440aa0c,O-3,RESIDENT,IN,BHIM,ISSUER_06,True,False,OFF,2025-02-07,STD,0.385,-0.038,0.815,-0.15,True,True,False,OUT
U_95dde37d5d,O-2,RESIDENT,IN,PHONEPE,ISSUER_11,True,True,OFF,2026-05-15,STD,0.757,0.087,0.232,0.074,True,True,True,OUT
U_225a7a68ad,O-3,RESIDENT,IN,PHONEPE,ISSUER_08,True,True,ON,2025-07-26,STD,0.362,-0.146,0.679,-0.15,True,True,False,OUT
U_f335730ee4,O-2,RESIDENT,IN,PHONEPE,ISSUER_12,True,True,ON,2026-01-24,STD,0.406,0.147,0.419,-0.032,True,False,True,OUT
U_2f9c992cde,O-3,RESIDENT,IN,GPAY,ISSUER_11,False,True,OFF,2024-09-01,STD,0.221,0.142,0.096,0.119,True,True,True,OUT
U_a866c99f4a,O-6,RESIDENT,IN,GPAY,ISSUER_04,True,False,OFF,2025-08-12,STD,0.163,-0.031,0.608,-0.15,True,False,True,OUT
U_e83aa63262,O-2,RESIDENT,IN,BHIM,ISSUER_11,True,True,OFF,2025-04-02,STD,0.114,0.149,0.086,0.118,True,True,True,OUT
U_a8bbb0864a,O-3,RESIDENT,IN,GPAY,ISSUER_05,True,True,ON,2025-11-21,STD,0.371,0.005,0.171,-0.102,False,True,False,OUT
U_299f70ef8a,O-2,RESIDENT,IN,PHONEPE,ISSUER_07,True,True,OFF,2025-01-09,STD,0.715,0.163,0.43,-0.035,True,True,False,OUT
U_e6d86b1841,O-4,RESIDENT,IN,GPAY,ISSUER_12,False,True,OFF,2024-10-07,STD,0.648,0.051,0.148,0.139,False,True,False,OUT
U_b5e8a94200,O-4,RESIDENT,IN,GPAY,ISSUER_05,True,True,OFF,2024-12-18,STD,0.976,0.558,0.391,0.114,False,True,False,OUT
U_957a77fb6f,O-4,RESIDENT,IN,PHONEPE,ISSUER_09,True,True,OFF,2026-07-03,STD,0.139,0.077,0.042,-0.012,True,True,True,OUT
U_48964ae5e0,O-5,RESIDENT,IN,PHONEPE,ISSUER_02,True,True,OFF,2024-09-07,STD,0.966,0.069,0.257,0.077,True,True,True,OUT
U_d79350f5c8,O-1,RESIDENT,IN,GPAY,ISSUER_02,True,True,ON,2024-12-31,STD,0.517,-0.118,0.494,-0.118,True,True,True,OUT
U_6131d2454b,O-1,RESIDENT,IN,GPAY,ISSUER_12,True,True,ON,2025-04-18,STD,0.688,0.069,0.295,0.021,True,True,True,OUT
U_7366f018e1,O-5,RESIDENT,IN,GPAY,ISSUER_03,False,True,ON,2026-02-21,STD,0.328,-0.152,0.809,-0.15,True,False,True,OUT
U_f400237216,O-2,RESIDENT,IN,PHONEPE,ISSUER_08,True,True,OFF,2024-10-01,STD,0.146,0.175,0.219,0.089,False,False,True,OUT
U_d3463e16cb,O-4,RESIDENT,IN,GPAY,ISSUER_04,True,True,ON,2026-06-25,STD,0.595,0.252,0.428,-0.031,False,True,True,OUT
U_8154a87aec,O-4,RESIDENT,IN,GPAY,ISSUER_03,True,False,OFF,2025-04-22,STD,0.47,0.148,0.21,-0.056,True,False,True,OUT
U_860b95f11f,O-5,RESIDENT,IN,BHIM,ISSUER_01,True,False,OFF,2026-02-19,STD,0.175,0.429,0.247,0.232,False,True,True,OUT
U_78b3ef4132,O-1,RESIDENT,IN,BHIM,ISSUER_03,True,True,ON,2026-07-08,STD,0.411,0.463,0.202,0.091,True,False,True,OUT
U_0447f4276d,O-6,RESIDENT,IN,PHONEPE,ISSUER_01,False,False,OFF,2025-05-24,STD,0.677,-0.091,0.614,-0.024,True,True,False,OUT
U_04b02a6ab1,O-2,RESIDENT,IN,BHIM,ISSUER_01,True,False,ON,2026-04-07,STD,0.17,0.008,0.283,0.281,False,False,False,OUT
U_84fa73bf46,O-6,RESIDENT,IN,PHONEPE,ISSUER_08,False,True,OFF,2025-11-08,STD,0.295,-0.15,0.383,0.109,True,True,False,OUT
U_9fe85f9783,O-5,RESIDENT,IN,GPAY,ISSUER_02,True,False,ON,2026-06-02,STD,0.424,-0.244,0.663,-0.121,True,False,False,OUT
U_cf1efeafcf,O-2,RESIDENT,IN,GPAY,ISSUER_03,True,True,OFF,2026-07-25,STD,0.72,0.272,0.207,-0.15,False,False,False,OUT
U_669ec4ea8d,O-1,RESIDENT,IN,PHONEPE,ISSUER_08,True,True,ON,2025-03-26,STD,0.935,-0.118,0.238,-0.058,True,True,False,OUT
U_ad199a01f0,O-3,RESIDENT,IN,BHIM,ISSUER_09,True,True,OFF,2025-03-24,STD,0.097,0.564,0.264,-0.009,True,True,False,OUT
U_0166153f60,O-6,RESIDENT,IN,BHIM,ISSUER_12,True,True,OFF,2025-02-25,STD,0.723,0.143,0.428,0.006,False,False,False,OUT
U_ade0f55702,O-4,RESIDENT,IN,PHONEPE,ISSUER_02,True,True,OFF,2026-07-03,STD,0.267,0.271,0.422,-0.125,False,True,False,OUT
U_0fbe328848,O-6,RESIDENT,IN,BHIM,ISSUER_07,False,False,OFF,2024-10-18,STD,0.676,-0.018,0.491,0.018,False,False,True,OUT
U_beb9e8882f,O-2,RESIDENT,IN,BHIM,ISSUER_07,True,True,ON,2024-10-28,STD,0.572,0.32,0.212,-0.062,True,True,False,OUT
U_052d9532c2,O-2,RESIDENT,IN,PHONEPE,ISSUER_01,True,True,OFF,2025-02-28,STD,0.516,0.184,0.536,-0.038,True,True,True,OUT
U_53694c80ab,O-2,RESIDENT,IN,PHONEPE,ISSUER_10,True,True,ON,2025-12-04,STD,0.315,-0.034,0.437,-0.059,True,True,True,OUT
U_dea6c97d3c,O-5,RESIDENT,IN,PHONEPE,ISSUER_07,True,True,OFF,2024-12-29,STD,0.077,0.144,0.198,0.125,True,True,True,OUT
U_dd8142b2fe,O-2,RESIDENT,IN,BHIM,ISSUER_06,False,True,ON,2025-09-29,STD,0.569,0.314,0.136,-0.136,True,False,False,OUT
U_7d72e7f6f0,O-1,RESIDENT,IN,GPAY,ISSUER_08,True,True,ON,2025-09-15,STD,0.532,0.259,0.138,0.1,True,True,True,OUT
U_10da810a26,O-6,RESIDENT,IN,BHIM,ISSUER_02,False,False,OFF,2025-05-13,STD,0.655,0.321,0.093,0.016,True,True,False,OUT
U_5f5345c48d,O-1,RESIDENT,IN,PHONEPE,ISSUER_02,True,True,ON,2025-12-05,STD,0.441,-0.08,0.177,-0.006,False,True,True,OUT
U_ec1c65aa1c,O-5,RESIDENT,IN,GPAY,ISSUER_05,True,True,OFF,2026-01-06,STD,0.687,0.233,0.314,-0.053,True,True,True,OUT
U_2f20b1e9ae,O-1,RESIDENT,IN,BHIM,ISSUER_01,True,True,ON,2024-09-07,STD,0.656,0.366,0.292,0.067,True,True,True,OUT
U_f49db60714,O-2,RESIDENT,IN,PHONEPE,ISSUER_07,False,True,ON,2026-03-02,STD,0.713,0.369,0.158,-0.075,True,False,False,OUT
U_b8d1f72871,O-6,RESIDENT,IN,PHONEPE,ISSUER_12,False,True,OFF,2024-09-09,STD,0.456,0.051,0.344,-0.15,True,True,True,OUT
U_6fb571e14d,O-5,RESIDENT,IN,PHONEPE,ISSUER_07,True,True,ON,2025-06-17,STD,0.289,0.422,0.091,0.067,True,True,True,OUT
U_49d57ff02f,O-1,RESIDENT,IN,BHIM,ISSUER_05,True,True,ON,2026-04-18,STD,0.22,-0.069,0.218,-0.085,False,False,True,OUT
U_3317b12d6b,O-1,RESIDENT,IN,GPAY,ISSUER_03,True,True,ON,2025-04-25,STD,0.76,-0.066,0.494,-0.085,True,True,False,OUT
U_939f39c16c,O-1,RESIDENT,IN,BHIM,ISSUER_06,True,True,ON,2024-09-28,STD,0.356,-0.228,0.547,0.019,True,True,True,OUT
U_9c36dcc0b7,O-2,RESIDENT,IN,PHONEPE,ISSUER_05,True,True,ON,2026-07-12,STD,0.894,0.373,0.235,0.012,True,True,True,OUT
U_99194546f6,O-4,RESIDENT,IN,BHIM,ISSUER_05,True,True,ON,2025-06-02,STD,0.478,0.167,0.172,0.367,True,True,False,OUT
U_41c930f34a,O-5,RESIDENT,IN,BHIM,ISSUER_03,True,True,ON,2026-02-06,STD,0.729,-0.008,0.412,0.11,True,True,True,OUT
U_0ad5cdc877,O-3,RESIDENT,IN,PHONEPE,ISSUER_08,True,True,ON,2026-04-18,STD,0.805,-0.046,0.432,0.237,False,True,True,OUT
U_55364e1f4c,O-1,RESIDENT,IN,GPAY,ISSUER_06,True,True,ON,2026-05-04,STD,0.7,0.112,0.117,-0.065,True,True,False,OUT
U_3e33163162,O-5,RESIDENT,IN,PHONEPE,ISSUER_11,True,True,OFF,2025-04-11,STD,0.553,-0.042,0.466,-0.15,True,True,False,OUT
U_d34f5e0d6b,O-5,RESIDENT,IN,BHIM,ISSUER_12,True,True,OFF,2024-12-14,STD,0.719,0.265,0.255,-0.075,True,True,True,OUT
U_48d5190b48,O-1,RESIDENT,IN,PHONEPE,ISSUER_12,True,True,ON,2025-04-11,STD,0.115,0.27,0.21,0.087,True,True,False,OUT
U_fccfdef9fd,O-1,RESIDENT,IN,BHIM,ISSUER_08,False,True,ON,2025-05-14,STD,0.492,0.174,0.122,0.073,True,True,True,OUT
U_c35dba4509,O-3,RESIDENT,IN,GPAY,ISSUER_12,True,True,OFF,2025-01-19,STD,0.369,-0.221,0.706,-0.15,True,True,True,OUT
U_561b7c5473,O-2,RESIDENT,IN,PHONEPE,ISSUER_01,True,True,ON,2025-09-10,STD,0.526,-0.008,0.509,-0.15,True,False,False,OUT
U_3bdd64d1f7,O-3,RESIDENT,IN,PHONEPE,ISSUER_06,True,True,ON,2024-11-05,STD,0.079,0.302,0.341,0.124,True,False,True,OUT
U_886e347389,O-6,RESIDENT,IN,BHIM,ISSUER_12,True,True,OFF,2025-11-30,STD,0.399,0.059,0.262,-0.026,True,True,False,OUT
U_444ce1fad3,O-2,RESIDENT,IN,GPAY,ISSUER_02,True,True,OFF,2025-05-02,STD,0.614,0.127,0.254,0.062,True,True,False,OUT
U_426c67a064,O-2,RESIDENT,IN,BHIM,ISSUER_12,False,True,OFF,2025-07-12,STD,0.223,-0.038,0.151,0.128,True,True,False,OUT
U_82b021cf6f,O-1,RESIDENT,IN,PHONEPE,ISSUER_12,False,True,ON,2025-09-27,STD,0.863,0.045,0.136,0.108,True,True,False,OUT
U_81f9930f29,O-6,RESIDENT,IN,PHONEPE,ISSUER_01,True,False,OFF,2025-02-10,STD,0.649,0.202,0.022,0.13,True,True,True,OUT
U_80055fc938,O-1,RESIDENT,IN,BHIM,ISSUER_04,True,True,ON,2024-08-11,STD,0.917,0.28,0.486,0.094,True,True,True,OUT
U_136ed04810,O-2,RESIDENT,IN,BHIM,ISSUER_09,True,True,ON,2026-03-19,STD,0.775,-0.376,0.192,0.048,False,False,False,OUT
U_d82ff03488,O-5,RESIDENT,IN,GPAY,ISSUER_12,False,True,OFF,2025-08-23,STD,0.467,-0.259,0.271,-0.077,True,True,True,OUT
U_41677ab24d,O-6,RESIDENT,IN,PHONEPE,ISSUER_09,True,False,OFF,2024-08-14,STD,0.629,-0.198,0.324,0.08,True,False,False,OUT
U_45c90c0072,O-1,RESIDENT,IN,PHONEPE,ISSUER_08,True,True,ON,2025-08-14,STD,0.397,0.323,0.183,0.101,True,True,True,OUT
U_0dbaa18535,O-2,RESIDENT,IN,PHONEPE,ISSUER_10,True,True,OFF,2025-09-23,STD,0.509,0.31,0.223,-0.037,True,True,True,OUT
U_b51ed5279e,O-2,RESIDENT,IN,BHIM,ISSUER_08,True,True,ON,2025-08-22,STD,0.326,0.059,0.382,0.011,True,True,False,OUT
U_3b1e347b35,O-6,RESIDENT,IN,GPAY,ISSUER_01,False,True,OFF,2025-10-23,STD,0.833,0.32,0.273,-0.001,True,True,True,OUT
U_ab974c4e04,O-2,RESIDENT,IN,GPAY,ISSUER_06,False,True,ON,2026-04-18,STD,0.54,0.472,0.303,-0.011,True,False,True,OUT
U_d4dc229fe5,O-5,RESIDENT,IN,BHIM,ISSUER_03,False,True,OFF,2025-08-14,STD,0.236,0.239,0.131,0.014,True,False,False,OUT
U_668eae2736,O-1,RESIDENT,IN,BHIM,ISSUER_04,False,True,ON,2025-11-10,STD,0.197,0.103,0.165,0.026,True,False,True,OUT
U_227356cd57,O-3,RESIDENT,IN,GPAY,ISSUER_12,True,True,ON,2026-04-24,STD,0.513,-0.325,0.544,-0.075,True,True,True,OUT
U_f04f0edea4,O-1,RESIDENT,IN,BHIM,ISSUER_05,True,True,ON,2024-10-25,STD,0.417,0.214,0.052,0.117,True,True,True,OUT
U_342669f895,O-2,RESIDENT,IN,GPAY,ISSUER_08,True,True,ON,2026-07-15,STD,0.803,-0.148,0.351,-0.056,True,True,False,OUT
U_19d012334d,O-5,RESIDENT,IN,BHIM,ISSUER_11,True,True,OFF,2025-03-24,STD,0.32,-0.003,0.431,-0.128,True,True,True,OUT
U_6320f814d5,O-1,RESIDENT,IN,BHIM,ISSUER_06,True,True,ON,2024-12-19,STD,0.607,-0.004,0.162,-0.022,True,True,True,OUT
U_76bab047c2,O-3,RESIDENT,IN,BHIM,ISSUER_01,True,True,OFF,2025-02-25,STD,0.558,0.123,0.335,0.075,False,False,True,OUT
U_2031a738b8,O-3,RESIDENT,IN,BHIM,ISSUER_06,True,True,OFF,2026-06-11,STD,0.187,0.029,0.244,0.026,True,False,False,OUT
U_ae8df7b611,O-6,RESIDENT,IN,GPAY,ISSUER_07,False,False,OFF,2026-03-13,STD,0.846,0.159,0.263,0.0,True,False,True,OUT
U_ecbcf4993a,O-1,RESIDENT,IN,GPAY,ISSUER_08,True,True,ON,2024-12-27,STD,0.551,-0.023,0.331,0.158,True,True,False,OUT
U_e2d78c7e96,O-4,RESIDENT,IN,BHIM,ISSUER_04,True,True,OFF,2025-06-17,STD,0.442,0.336,0.334,-0.008,True,False,False,OUT
U_ed72dc8dc2,O-5,RESIDENT,IN,BHIM,ISSUER_10,True,True,ON,2025-06-15,STD,0.54,0.019,0.183,-0.106,True,False,True,OUT
U_b75e2d4a60,O-6,RESIDENT,IN,BHIM,ISSUER_11,False,False,OFF,2026-06-16,STD,0.287,0.013,0.13,-0.077,True,True,True,OUT
U_e464384f5c,O-6,RESIDENT,IN,GPAY,ISSUER_09,True,False,OFF,2025-07-04,STD,0.744,0.017,0.288,0.036,True,False,True,OUT
U_18532620f1,O-6,RESIDENT,IN,PHONEPE,ISSUER_06,False,False,OFF,2024-12-09,STD,0.565,0.052,0.142,0.037,True,True,True,OUT
U_7762d5145c,O-2,RESIDENT,IN,PHONEPE,ISSUER_04,True,True,ON,2024-11-08,STD,0.153,0.093,0.278,-0.141,False,True,False,OUT
U_c6a751a3ab,O-2,RESIDENT,IN,GPAY,ISSUER_07,True,True,OFF,2024-09-20,STD,0.857,-0.001,0.606,-0.15,True,False,True,OUT
U_b7267a8220,O-1,RESIDENT,IN,BHIM,ISSUER_05,False,True,ON,2025-05-27,STD,0.599,-0.069,0.296,-0.006,True,False,False,OUT
U_de7ec51e42,O-2,RESIDENT,IN,BHIM,ISSUER_08,True,True,OFF,2025-07-30,STD,0.078,0.371,0.049,-0.095,True,True,True,OUT
U_a63a46d774,O-2,RESIDENT,IN,PHONEPE,ISSUER_02,True,True,OFF,2025-09-06,ELEVATED,0.801,0.107,0.292,-0.058,True,False,True,OUT
U_1a2c46d495,O-2,RESIDENT,IN,GPAY,ISSUER_04,True,False,ON,2025-07-04,STD,0.911,0.104,0.124,0.284,False,True,False,OUT
U_b5995afeb6,O-1,RESIDENT,IN,PHONEPE,ISSUER_09,True,True,ON,2024-11-13,STD,0.418,0.114,0.169,0.12,True,True,True,OUT
U_0948796331,O-3,RESIDENT,IN,GPAY,ISSUER_07,True,True,OFF,2025-12-26,STD,0.626,0.163,0.156,0.126,True,False,False,OUT
U_2d4b6c1687,O-3,RESIDENT,IN,GPAY,ISSUER_10,True,True,ON,2026-05-12,STD,0.288,-0.131,0.201,0.125,True,True,True,OUT
U_f051d6c066,O-1,RESIDENT,IN,GPAY,ISSUER_05,True,True,ON,2026-05-04,STD,0.256,0.305,0.094,0.107,True,True,False,OUT
U_43522038a6,O-1,RESIDENT,IN,PHONEPE,ISSUER_01,True,True,ON,2026-01-23,STD,0.092,-0.035,0.522,-0.111,True,True,False,OUT
U_b82b8a9241,O-5,RESIDENT,IN,GPAY,ISSUER_08,True,True,ON,2024-12-02,STD,0.311,0.235,0.477,-0.022,True,False,False,OUT
U_fd2644fad8,O-2,RESIDENT,IN,GPAY,ISSUER_12,True,False,ON,2025-08-11,STD,0.893,0.01,0.349,-0.081,True,True,False,OUT
U_83a30de791,O-5,RESIDENT,IN,BHIM,ISSUER_12,False,True,ON,2024-09-18,STD,0.794,0.203,0.402,0.047,True,True,True,OUT
U_9e8924778f,O-5,RESIDENT,IN,PHONEPE,ISSUER_05,True,True,OFF,2025-07-23,STD,0.591,0.036,0.093,0.073,False,False,False,OUT
U_79803f6c18,O-2,RESIDENT,IN,PHONEPE,ISSUER_07,True,True,OFF,2024-10-11,STD,0.365,0.098,0.051,0.227,True,False,True,OUT
U_fa5a7fd54b,O-4,RESIDENT,IN,GPAY,ISSUER_02,False,False,ON,2025-07-22,STD,0.508,-0.006,0.235,0.09,True,True,True,OUT
U_af828292c2,O-1,RESIDENT,IN,BHIM,ISSUER_07,True,True,ON,2026-05-25,STD,0.497,0.248,0.165,-0.055,True,True,False,OUT
U_c86c01a3af,O-1,RESIDENT,IN,PHONEPE,ISSUER_04,True,True,ON,2025-10-27,STD,0.55,0.251,0.03,0.049,True,True,True,OUT
U_8277cb5844,O-2,RESIDENT,IN,BHIM,ISSUER_07,True,True,ON,2026-05-17,STD,0.025,0.127,0.331,-0.122,True,True,False,OUT
U_201440020b,O-6,RESIDENT,IN,GPAY,ISSUER_11,False,False,OFF,2025-03-11,STD,0.504,-0.2,0.709,-0.15,True,True,False,OUT
U_31d5f54ce6,O-6,RESIDENT,IN,PHONEPE,ISSUER_04,False,True,OFF,2025-04-10,STD,0.359,0.159,0.315,0.047,False,False,False,OUT
U_b5dbe28f81,O-3,RESIDENT,IN,BHIM,ISSUER_06,True,True,ON,2025-09-02,STD,0.093,-0.021,0.521,-0.15,True,True,True,OUT
U_0ca93c1f23,O-5,RESIDENT,IN,PHONEPE,ISSUER_04,True,True,OFF,2024-08-20,STD,0.756,0.298,0.082,0.128,False,True,True,OUT
U_2aa9391ca2,O-6,RESIDENT,IN,GPAY,ISSUER_10,False,True,OFF,2025-02-09,STD,0.179,-0.084,0.364,-0.087,False,False,True,OUT
U_b66b0d1fc2,O-1,RESIDENT,IN,GPAY,ISSUER_06,True,True,ON,2025-08-01,STD,0.509,0.272,0.373,0.082,True,True,False,OUT
U_26802580ee,O-2,RESIDENT,IN,BHIM,ISSUER_04,True,False,OFF,2025-08-13,STD,0.507,0.368,0.26,0.069,True,False,False,OUT
U_9d276a3c1f,O-5,RESIDENT,IN,BHIM,ISSUER_02,True,True,OFF,2025-12-28,STD,0.828,0.365,0.394,-0.14,True,True,True,OUT
U_1ba26bd66b,O-3,RESIDENT,IN,GPAY,ISSUER_10,True,True,OFF,2024-12-31,STD,0.16,0.443,0.3,0.035,True,False,True,OUT
U_84302dcf0f,O-5,RESIDENT,IN,BHIM,ISSUER_02,True,True,OFF,2025-12-28,STD,0.556,0.037,0.304,-0.062,True,True,False,OUT
U_4e25103c04,O-1,RESIDENT,IN,PHONEPE,ISSUER_03,True,True,ON,2024-12-08,STD,0.364,0.193,0.274,-0.019,True,False,True,OUT
U_ea1d5b2a95,O-6,RESIDENT,IN,BHIM,ISSUER_07,False,False,OFF,2025-05-12,STD,0.503,-0.12,0.113,0.092,False,False,False,OUT
U_e31c9f196a,O-3,RESIDENT,IN,PHONEPE,ISSUER_02,True,True,OFF,2024-11-28,STD,0.619,-0.036,0.243,0.027,True,True,False,OUT
U_293862680d,O-1,RESIDENT,IN,PHONEPE,ISSUER_11,True,True,ON,2024-10-02,STD,0.841,0.6,0.385,0.125,True,False,False,OUT
U_31f1044205,O-2,RESIDENT,IN,BHIM,ISSUER_02,True,True,ON,2025-10-23,STD,0.654,-0.209,0.725,-0.15,False,True,False,OUT
U_a15925dcb6,O-5,RESIDENT,IN,BHIM,ISSUER_02,True,True,OFF,2025-08-21,STD,0.789,-0.174,0.104,-0.081,True,False,True,OUT
U_6716538bc0,O-2,RESIDENT,IN,GPAY,ISSUER_02,True,True,ON,2026-02-03,STD,0.411,0.159,0.196,-0.11,True,True,False,OUT
U_f525017715,O-1,RESIDENT,IN,BHIM,ISSUER_09,True,True,ON,2025-09-15,STD,0.809,0.278,0.283,0.064,True,True,True,OUT
U_abac411297,O-5,RESIDENT,IN,PHONEPE,ISSUER_06,True,True,OFF,2025-08-02,STD,0.193,0.02,0.436,0.025,True,True,True,OUT
U_89ee11e1d4,O-2,RESIDENT,IN,BHIM,ISSUER_08,True,True,ON,2025-04-26,STD,0.741,0.081,0.204,-0.15,True,True,True,OUT
U_7b98959b85,O-1,RESIDENT,IN,GPAY,ISSUER_03,True,True,ON,2026-04-15,STD,0.171,0.055,0.363,-0.042,True,True,False,OUT
U_9310879e17,O-6,RESIDENT,IN,PHONEPE,ISSUER_12,False,False,OFF,2025-05-12,STD,0.351,0.223,0.113,0.016,True,False,True,OUT
U_c8a9289c6d,O-1,RESIDENT,IN,PHONEPE,ISSUER_06,True,True,ON,2025-05-10,STD,0.386,-0.081,0.125,0.148,False,True,True,OUT
U_382c00da38,O-2,RESIDENT,IN,BHIM,ISSUER_04,True,True,OFF,2024-09-08,STD,0.62,-0.068,0.68,-0.15,True,True,False,OUT
U_7c55550e58,O-1,RESIDENT,IN,GPAY,ISSUER_02,True,True,ON,2025-11-06,STD,0.522,-0.042,0.648,-0.124,False,True,True,OUT
U_01b3431ebd,O-2,RESIDENT,IN,PHONEPE,ISSUER_11,True,True,OFF,2026-05-08,STD,0.288,-0.011,0.385,0.168,True,True,False,OUT
U_ee69a99827,O-2,RESIDENT,IN,GPAY,ISSUER_07,True,True,OFF,2025-11-30,STD,0.622,-0.085,0.234,-0.131,True,True,False,OUT
U_f735b45465,O-2,RESIDENT,IN,PHONEPE,ISSUER_05,True,True,ON,2026-06-01,STD,0.783,0.042,0.109,0.053,True,False,True,OUT
U_4b5a5f6980,O-1,RESIDENT,IN,PHONEPE,ISSUER_10,True,True,ON,2026-06-16,STD,0.302,0.151,0.304,-0.142,True,True,True,OUT
U_11105962a6,O-1,RESIDENT,IN,PHONEPE,ISSUER_12,True,True,ON,2025-01-04,STD,0.861,-0.252,0.715,-0.15,False,True,True,OUT
U_4f31fa2798,O-2,RESIDENT,IN,PHONEPE,ISSUER_07,True,True,OFF,2026-07-16,STD,0.705,-0.074,0.36,-0.09,True,True,True,OUT
U_e128e2c078,O-5,RESIDENT,IN,PHONEPE,ISSUER_02,True,True,ON,2024-10-20,STD,0.754,0.353,0.062,-0.058,True,True,False,OUT
U_e69f137f90,O-1,RESIDENT,IN,GPAY,ISSUER_06,True,True,ON,2026-04-18,STD,0.536,0.578,0.17,-0.15,True,True,False,OUT
U_c4893592f9,O-6,RESIDENT,IN,GPAY,ISSUER_05,False,True,OFF,2026-05-04,STD,0.759,0.449,0.048,0.074,False,True,True,OUT
U_cb71c71029,O-6,RESIDENT,IN,GPAY,ISSUER_11,False,False,OFF,2025-08-24,STD,0.068,0.011,0.183,0.355,True,False,True,OUT
U_56289bbf42,O-5,RESIDENT,IN,BHIM,ISSUER_11,True,True,OFF,2026-03-20,STD,0.629,0.493,0.145,0.002,False,False,False,OUT
U_81749943b6,O-3,RESIDENT,IN,PHONEPE,ISSUER_04,True,True,OFF,2024-10-20,STD,0.524,0.05,0.329,-0.102,True,True,True,OUT
U_ec995fa204,O-1,RESIDENT,IN,BHIM,ISSUER_04,True,True,ON,2025-02-27,STD,0.56,0.099,0.227,0.383,True,True,True,OUT
U_2a2707c29e,O-1,RESIDENT,IN,GPAY,ISSUER_10,True,True,ON,2025-12-11,STD,0.818,-0.147,0.199,-0.079,False,True,False,OUT
U_6ba618ba81,O-6,RESIDENT,IN,GPAY,ISSUER_06,True,False,OFF,2025-02-09,STD,0.597,0.326,0.21,0.063,True,True,True,OUT
U_68fb8ecc74,O-1,RESIDENT,IN,BHIM,ISSUER_02,True,True,ON,2026-03-27,STD,0.465,0.289,0.243,0.02,False,False,True,OUT
U_62670dbfd6,O-1,RESIDENT,IN,GPAY,ISSUER_11,True,True,ON,2026-07-21,STD,0.049,0.407,0.307,-0.15,False,True,True,OUT
U_9d4d6bb0fc,O-6,RESIDENT,IN,BHIM,ISSUER_05,True,False,OFF,2024-09-26,STD,0.384,0.219,0.327,0.082,True,True,True,OUT
U_26a2eb8846,O-2,RESIDENT,IN,GPAY,ISSUER_08,True,True,ON,2025-02-21,STD,0.971,0.264,0.109,0.016,True,True,True,OUT
U_4eeff551c6,O-2,RESIDENT,IN,BHIM,ISSUER_08,True,True,ON,2026-03-13,STD,0.892,0.12,0.208,0.012,True,False,False,OUT
U_0edbf9109e,O-1,RESIDENT,IN,PHONEPE,ISSUER_05,True,False,ON,2026-07-11,STD,0.255,0.193,0.184,-0.073,True,True,True,OUT
U_c87ffdc3ed,O-2,RESIDENT,IN,BHIM,ISSUER_05,False,True,ON,2025-11-28,STD,0.665,0.561,0.351,0.017,True,True,True,OUT
U_5a0aef194c,O-2,RESIDENT,IN,GPAY,ISSUER_10,True,True,OFF,2025-04-16,STD,0.387,0.183,0.289,-0.129,True,True,False,OUT
U_c7e8a344f6,O-2,RESIDENT,IN,GPAY,ISSUER_02,True,True,OFF,2026-07-08,STD,0.506,0.393,0.084,0.244,True,False,True,OUT
U_40eb77e032,O-1,RESIDENT,IN,BHIM,ISSUER_10,True,False,ON,2026-05-12,STD,0.676,0.258,0.528,0.114,False,True,False,OUT
U_5a4cbefe50,O-5,RESIDENT,IN,PHONEPE,ISSUER_10,True,True,ON,2025-11-26,STD,0.539,-0.305,0.402,-0.12,True,False,True,OUT
U_7546adbb2c,O-2,RESIDENT,IN,GPAY,ISSUER_12,True,False,OFF,2026-03-08,STD,0.477,0.056,0.132,-0.115,False,False,True,OUT
U_d10831c292,O-1,RESIDENT,IN,BHIM,ISSUER_11,True,True,ON,2025-10-30,ELEVATED,0.451,-0.358,0.762,0.028,True,True,False,OUT
U_e97b084edc,O-3,RESIDENT,IN,BHIM,ISSUER_01,True,True,ON,2026-01-11,STD,0.514,-0.293,0.763,0.084,True,True,True,OUT
U_e7f7495c48,O-2,RESIDENT,IN,PHONEPE,ISSUER_11,True,True,OFF,2025-01-26,STD,0.609,0.284,0.163,0.134,False,True,True,OUT
U_e97be0fdd0,O-1,RESIDENT,IN,PHONEPE,ISSUER_11,True,True,ON,2025-08-30,STD,0.14,0.292,0.3,-0.013,False,True,False,OUT
U_633f497447,O-1,RESIDENT,IN,BHIM,ISSUER_01,False,True,ON,2024-12-17,STD,0.301,0.175,0.294,-0.001,True,False,False,OUT
U_6fd94c2fac,O-2,RESIDENT,IN,PHONEPE,ISSUER_03,True,True,OFF,2025-02-26,STD,0.31,-0.014,0.186,0.027,True,True,False,OUT
U_cf6c48b81e,O-1,RESIDENT,IN,PHONEPE,ISSUER_10,True,True,ON,2026-07-05,STD,0.71,0.041,0.325,-0.062,True,True,True,OUT
U_e8172dd9e1,O-6,RESIDENT,IN,PHONEPE,ISSUER_09,False,False,OFF,2026-05-07,ELEVATED,0.602,-0.128,0.471,-0.15,True,True,True,OUT
U_aa77f7c858,O-2,RESIDENT,IN,BHIM,ISSUER_07,True,True,OFF,2025-02-11,STD,0.493,0.312,0.077,0.142,False,True,True,OUT
U_82ba25f290,O-1,RESIDENT,IN,PHONEPE,ISSUER_07,False,True,ON,2025-02-05,STD,0.712,0.234,0.073,0.247,True,True,False,OUT
U_5a85c8a98a,O-1,RESIDENT,IN,PHONEPE,ISSUER_08,True,True,ON,2024-10-07,STD,0.702,0.349,0.346,-0.15,False,True,True,OUT
U_c6a6b1f80b,O-1,RESIDENT,IN,PHONEPE,ISSUER_12,False,True,ON,2024-10-01,STD,0.684,-0.025,0.571,0.124,True,False,True,OUT
U_cec7dfe5c5,O-1,RESIDENT,IN,BHIM,ISSUER_05,True,True,ON,2024-11-11,STD,0.956,0.132,0.29,0.129,False,False,False,OUT
U_be245a6c97,O-1,RESIDENT,IN,PHONEPE,ISSUER_08,True,False,ON,2026-07-20,STD,0.726,0.241,0.204,0.076,True,False,True,OUT
U_8b5de495fd,O-1,RESIDENT,IN,PHONEPE,ISSUER_01,False,True,ON,2024-10-05,STD,0.511,0.099,0.347,0.054,True,True,True,OUT
U_f47aac19b5,O-1,RESIDENT,IN,BHIM,ISSUER_11,True,True,ON,2025-01-19,STD,0.193,0.54,0.081,0.21,True,True,True,OUT
U_b115d09315,O-2,RESIDENT,IN,BHIM,ISSUER_10,True,True,ON,2025-11-23,STD,0.576,-0.032,0.463,-0.116,True,True,True,OUT
U_fd41574752,O-6,RESIDENT,IN,PHONEPE,ISSUER_05,False,False,OFF,2025-01-12,STD,0.47,-0.01,0.209,-0.15,True,True,True,OUT
U_d783b000f6,O-2,RESIDENT,IN,BHIM,ISSUER_11,True,True,ON,2025-09-14,STD,0.676,-0.003,0.625,-0.15,False,False,True,OUT
U_5083a5ce5e,O-6,RESIDENT,IN,GPAY,ISSUER_11,True,False,OFF,2025-04-10,STD,0.36,0.005,0.392,-0.116,True,True,True,OUT
U_6ff4ddc13b,O-6,RESIDENT,IN,PHONEPE,ISSUER_01,True,False,OFF,2025-05-17,STD,0.687,-0.097,0.641,-0.147,True,True,True,OUT
U_c18497caa0,O-6,RESIDENT,IN,PHONEPE,ISSUER_04,False,True,OFF,2024-10-20,STD,0.468,0.102,0.195,0.148,True,True,True,OUT
U_befea73adb,O-1,RESIDENT,IN,BHIM,ISSUER_02,True,True,ON,2026-02-20,STD,0.3,0.392,0.354,-0.15,False,True,False,OUT
U_55b4711f13,O-3,RESIDENT,IN,BHIM,ISSUER_01,True,True,ON,2025-07-06,STD,0.877,0.321,0.085,0.059,True,False,True,OUT
U_5a4431274f,O-3,RESIDENT,IN,BHIM,ISSUER_04,True,True,OFF,2024-09-01,STD,0.523,0.044,0.323,-0.058,True,True,True,OUT
U_10192e2525,O-5,RESIDENT,IN,PHONEPE,ISSUER_02,True,True,OFF,2025-05-03,STD,0.116,0.249,0.29,0.25,True,False,False,OUT
U_f903339e4a,O-5,RESIDENT,IN,GPAY,ISSUER_12,True,True,ON,2025-07-11,STD,0.566,0.336,0.385,-0.15,True,True,True,OUT
U_7f30689676,O-3,RESIDENT,IN,BHIM,ISSUER_10,True,True,ON,2025-11-02,STD,0.47,0.192,0.163,-0.15,True,False,True,OUT
U_ee63f3d6e7,O-5,RESIDENT,IN,PHONEPE,ISSUER_06,True,True,ON,2026-03-27,STD,0.225,0.224,0.178,0.186,True,True,True,OUT
U_2700679a68,O-3,RESIDENT,IN,GPAY,ISSUER_01,False,True,OFF,2024-09-30,STD,0.87,0.29,0.314,-0.04,True,True,False,OUT
U_594e1b8872,O-1,RESIDENT,IN,PHONEPE,ISSUER_04,True,True,ON,2026-05-01,STD,0.519,0.002,0.434,0.079,True,True,False,OUT
U_8302911fbc,O-3,RESIDENT,IN,PHONEPE,ISSUER_12,True,True,OFF,2024-12-09,STD,0.9,0.267,0.303,-0.05,False,False,False,OUT
U_9bb098b212,O-6,RESIDENT,IN,PHONEPE,ISSUER_01,False,False,OFF,2026-01-03,STD,0.769,0.054,0.19,0.13,True,False,False,OUT
U_7fb3872599,O-4,RESIDENT,IN,BHIM,ISSUER_08,True,True,OFF,2026-01-27,STD,0.343,-0.066,0.431,-0.08,True,False,False,OUT
U_ab4c7fbb38,O-1,RESIDENT,IN,BHIM,ISSUER_04,True,True,ON,2024-11-13,ELEVATED,0.692,0.156,0.367,0.052,True,True,False,OUT
U_9683a7e1ab,O-6,RESIDENT,IN,PHONEPE,ISSUER_02,False,False,OFF,2025-05-28,STD,0.418,0.247,0.216,0.023,False,True,False,OUT
U_8ed2c5f745,O-1,RESIDENT,IN,PHONEPE,ISSUER_11,False,True,ON,2025-03-24,STD,0.303,-0.122,0.421,-0.15,True,True,True,OUT
U_7c0c7205e1,O-3,RESIDENT,IN,PHONEPE,ISSUER_05,True,True,ON,2026-04-26,STD,0.234,0.262,0.17,0.043,False,True,True,OUT
U_b5a937742b,O-3,RESIDENT,IN,BHIM,ISSUER_06,True,False,ON,2024-10-23,STD,0.65,0.368,0.19,0.055,True,False,False,OUT
U_e05a886b05,O-1,RESIDENT,IN,BHIM,ISSUER_03,True,True,ON,2025-05-23,STD,0.959,0.235,0.24,0.12,True,True,True,OUT
U_ce3e3e258f,O-2,RESIDENT,IN,GPAY,ISSUER_05,True,True,OFF,2024-12-17,STD,0.451,-0.106,0.425,-0.089,True,True,True,OUT
U_664e899da0,O-2,RESIDENT,IN,GPAY,ISSUER_03,False,True,ON,2025-09-13,STD,0.439,0.07,0.169,0.085,True,False,True,OUT
U_1d04fadd58,O-1,RESIDENT,IN,PHONEPE,ISSUER_10,True,True,ON,2025-05-01,STD,0.411,0.316,0.239,0.147,True,True,True,OUT
U_e58c4519da,O-1,RESIDENT,IN,BHIM,ISSUER_05,True,True,ON,2024-09-21,STD,0.667,0.092,0.213,0.046,True,True,True,OUT
U_73b387ecd9,O-2,RESIDENT,IN,GPAY,ISSUER_09,True,True,OFF,2025-08-08,STD,0.424,0.281,0.058,0.24,True,True,True,OUT
U_40b973483f,O-1,RESIDENT,IN,GPAY,ISSUER_08,True,True,ON,2026-05-10,STD,0.169,0.379,0.202,0.065,True,True,True,OUT
U_d27395bb31,O-2,RESIDENT,IN,GPAY,ISSUER_09,True,True,ON,2025-10-16,STD,0.322,0.108,0.266,0.03,False,True,True,OUT
U_2b69eda712,O-1,RESIDENT,IN,PHONEPE,ISSUER_06,True,True,ON,2026-01-06,STD,0.389,0.098,0.314,-0.018,True,False,False,OUT
U_3e45c6e55f,O-6,RESIDENT,IN,BHIM,ISSUER_05,False,True,OFF,2025-07-26,STD,0.826,0.38,0.419,-0.132,True,False,False,OUT
U_bb701382da,O-5,RESIDENT,IN,BHIM,ISSUER_01,True,True,ON,2026-04-05,STD,0.327,0.149,0.375,-0.138,False,False,False,OUT
U_6508492fa3,O-2,RESIDENT,IN,GPAY,ISSUER_09,True,True,OFF,2025-12-03,STD,0.391,0.275,0.169,0.119,True,True,False,OUT
U_4c2bc42178,O-5,RESIDENT,IN,BHIM,ISSUER_02,False,True,ON,2026-07-08,STD,0.837,0.215,0.232,-0.15,False,False,True,OUT
U_b6e939e26f,O-5,RESIDENT,IN,BHIM,ISSUER_07,True,True,ON,2025-09-21,STD,0.424,0.266,0.185,-0.048,True,False,True,OUT
U_4dcc94b639,O-5,RESIDENT,IN,BHIM,ISSUER_11,True,True,OFF,2024-09-02,STD,0.866,-0.126,0.417,0.017,True,True,True,OUT
U_6a65d9315e,O-3,RESIDENT,IN,PHONEPE,ISSUER_12,True,True,ON,2026-05-18,STD,0.326,0.127,0.348,-0.017,False,True,True,OUT
U_f5d215c7a6,O-2,RESIDENT,IN,PHONEPE,ISSUER_02,True,True,OFF,2026-04-01,STD,0.163,0.052,0.217,-0.079,True,True,True,OUT
U_79278cf085,O-5,RESIDENT,IN,BHIM,ISSUER_05,True,True,OFF,2026-05-12,STD,0.686,0.209,0.269,0.094,True,False,False,OUT
U_5574f99615,O-2,RESIDENT,IN,GPAY,ISSUER_12,True,True,OFF,2026-01-07,STD,0.594,0.198,0.094,-0.13,True,True,False,OUT
U_e483e7da7a,O-1,RESIDENT,IN,GPAY,ISSUER_03,True,True,ON,2024-11-17,STD,0.282,-0.12,0.501,0.035,True,True,False,OUT
U_ce7497967e,O-6,RESIDENT,IN,BHIM,ISSUER_03,True,True,OFF,2025-11-26,STD,0.484,0.13,0.111,0.207,True,True,False,OUT
U_492f4188b1,O-6,RESIDENT,IN,GPAY,ISSUER_11,True,False,OFF,2025-05-19,STD,0.538,-0.185,0.47,-0.15,True,True,False,OUT
U_f0c84f507b,O-6,RESIDENT,IN,PHONEPE,ISSUER_01,True,False,OFF,2025-04-23,STD,0.273,0.125,0.213,-0.055,True,False,True,OUT
U_c3e82fcd5d,O-5,RESIDENT,IN,BHIM,ISSUER_06,True,True,ON,2025-10-22,STD,0.538,-0.218,0.825,-0.15,False,False,False,OUT
U_8894f14e73,O-4,RESIDENT,IN,BHIM,ISSUER_02,False,True,OFF,2025-04-14,STD,0.524,-0.054,0.187,0.046,True,True,True,OUT
U_7c82b9762e,O-6,RESIDENT,IN,BHIM,ISSUER_08,False,True,OFF,2024-09-13,STD,0.652,0.161,0.216,-0.11,True,True,True,OUT
U_77e0d2afba,O-5,RESIDENT,IN,PHONEPE,ISSUER_01,True,True,ON,2025-06-24,STD,0.566,0.038,0.391,-0.008,True,False,True,OUT
U_8b0446a948,O-1,RESIDENT,IN,BHIM,ISSUER_11,True,True,ON,2025-07-28,STD,0.644,-0.082,0.753,-0.15,True,False,False,OUT
U_28ced117b8,O-6,RESIDENT,IN,BHIM,ISSUER_02,False,False,OFF,2025-10-14,STD,0.365,-0.166,0.028,0.16,True,True,True,OUT
U_5b43f22d81,O-5,RESIDENT,IN,PHONEPE,ISSUER_08,True,True,OFF,2025-03-06,ELEVATED,0.342,-0.212,0.261,0.134,True,True,True,OUT
U_20d9f65c52,O-3,RESIDENT,IN,BHIM,ISSUER_02,True,True,ON,2024-12-01,STD,0.499,-0.036,0.725,0.131,True,True,False,OUT
U_39b38f7bb2,O-1,RESIDENT,IN,PHONEPE,ISSUER_08,True,True,ON,2025-01-20,RESTRICTED,0.494,0.171,0.148,0.137,True,True,True,OUT
U_ffa199b3e1,O-5,RESIDENT,IN,PHONEPE,ISSUER_05,True,True,ON,2025-03-28,STD,0.638,0.085,0.341,0.235,True,True,True,OUT
U_872657e46f,O-1,RESIDENT,IN,GPAY,ISSUER_08,True,True,ON,2026-06-18,STD,0.475,-0.029,0.565,-0.15,True,True,True,OUT
U_7690544967,O-3,RESIDENT,IN,BHIM,ISSUER_08,True,True,OFF,2025-09-19,STD,0.444,0.183,0.245,-0.128,True,True,False,OUT
U_35194395dd,O-6,RESIDENT,IN,PHONEPE,ISSUER_06,False,False,OFF,2025-07-21,STD,0.594,0.3,0.381,-0.035,True,True,True,OUT
U_7df7582bb8,O-6,RESIDENT,IN,BHIM,ISSUER_08,True,False,OFF,2024-09-19,STD,0.569,0.6,0.298,-0.058,False,True,True,OUT
U_2f5120294e,O-5,RESIDENT,IN,PHONEPE,ISSUER_06,True,True,OFF,2026-02-21,STD,0.58,-0.053,0.308,0.058,False,True,True,OUT
U_2abc28db51,O-5,RESIDENT,IN,BHIM,ISSUER_02,True,True,ON,2025-05-01,STD,0.523,0.415,0.211,-0.074,True,False,True,OUT
U_6125b78f5e,O-5,RESIDENT,IN,BHIM,ISSUER_05,True,True,ON,2024-11-05,STD,0.537,-0.073,0.675,-0.15,True,True,True,OUT
U_0e33542a18,O-2,RESIDENT,IN,PHONEPE,ISSUER_05,True,True,OFF,2025-06-10,STD,0.058,0.154,0.253,-0.069,True,True,False,OUT
U_c9043b6bea,O-1,RESIDENT,IN,GPAY,ISSUER_03,True,True,ON,2025-10-14,STD,0.482,0.301,0.222,0.135,True,True,False,OUT
U_959565da2b,O-5,RESIDENT,IN,GPAY,ISSUER_12,True,True,OFF,2025-09-06,STD,0.657,-0.117,0.09,0.083,False,True,False,OUT
U_f441c36d2e,O-5,RESIDENT,IN,GPAY,ISSUER_02,True,True,OFF,2026-06-16,STD,0.729,0.443,0.065,-0.119,True,True,True,OUT
U_82b7372c15,O-6,RESIDENT,IN,GPAY,ISSUER_06,False,False,OFF,2025-05-13,STD,0.825,-0.003,0.566,-0.141,True,False,False,OUT
U_9889bfc356,O-1,RESIDENT,IN,PHONEPE,ISSUER_11,True,False,ON,2025-11-21,STD,0.164,0.203,0.242,0.266,True,False,False,OUT
U_a64767d90d,O-6,RESIDENT,IN,GPAY,ISSUER_09,False,True,OFF,2026-06-09,STD,0.237,0.227,0.268,0.103,True,True,True,OUT
U_611bf51413,O-3,RESIDENT,IN,PHONEPE,ISSUER_12,True,True,ON,2024-09-16,STD,0.619,0.261,0.155,0.161,True,True,True,OUT
U_6d1e75c2ae,O-5,RESIDENT,IN,GPAY,ISSUER_11,True,False,OFF,2025-07-08,STD,0.507,0.154,0.053,0.143,True,True,False,OUT
U_37c5e3b91b,O-5,RESIDENT,IN,BHIM,ISSUER_06,False,False,OFF,2024-12-05,STD,0.545,-0.033,0.15,0.141,False,True,True,OUT
U_aa70cffc90,O-6,RESIDENT,IN,BHIM,ISSUER_10,False,False,OFF,2026-03-01,STD,0.864,0.1,0.163,0.208,True,False,False,OUT
U_33c6870107,O-2,RESIDENT,IN,GPAY,ISSUER_06,True,True,OFF,2025-09-23,STD,0.473,0.022,0.266,0.117,True,True,False,OUT
U_1624c863d3,O-4,RESIDENT,IN,BHIM,ISSUER_05,True,False,ON,2025-06-19,ELEVATED,0.45,0.248,0.386,-0.119,True,True,True,OUT
U_177506d873,O-5,RESIDENT,IN,BHIM,ISSUER_07,True,True,ON,2025-06-21,STD,0.19,-0.111,0.074,-0.05,True,True,True,OUT
U_566cfb6709,O-3,RESIDENT,IN,BHIM,ISSUER_03,True,True,ON,2025-05-05,STD,0.53,0.047,0.191,-0.07,True,False,True,OUT
U_c3988b3c82,O-5,RESIDENT,IN,GPAY,ISSUER_10,True,True,OFF,2025-09-28,STD,0.26,0.129,0.172,0.258,True,True,False,OUT
U_5616c5d0ef,O-5,RESIDENT,IN,GPAY,ISSUER_08,False,True,OFF,2026-07-27,STD,0.151,0.466,0.252,-0.12,True,True,True,OUT
U_52b895a87e,O-4,RESIDENT,IN,GPAY,ISSUER_05,True,True,OFF,2025-10-15,STD,0.255,0.208,0.183,0.123,True,True,False,OUT
U_dbddc7a2da,O-3,RESIDENT,IN,GPAY,ISSUER_12,True,True,OFF,2025-11-09,STD,0.267,0.229,0.413,0.057,True,True,False,OUT
U_d90f08f30a,O-6,RESIDENT,IN,PHONEPE,ISSUER_07,False,False,OFF,2025-02-22,STD,0.8,0.241,0.223,-0.035,True,True,False,OUT
U_7dbfea5cbf,O-1,RESIDENT,IN,GPAY,ISSUER_07,True,True,ON,2024-09-22,STD,0.511,0.325,0.402,-0.097,True,True,True,OUT
U_37af2d0295,O-1,RESIDENT,IN,GPAY,ISSUER_09,True,True,ON,2026-02-23,STD,0.567,0.063,0.38,0.015,True,True,True,OUT
U_e3fba5d2a3,O-1,RESIDENT,IN,GPAY,ISSUER_09,True,False,ON,2025-09-04,STD,0.42,-0.175,0.067,0.227,False,True,True,OUT
U_ed84a11edc,O-3,RESIDENT,IN,BHIM,ISSUER_04,True,True,OFF,2025-09-18,STD,0.677,0.109,0.273,-0.091,True,True,True,OUT
U_e57f2c007b,O-2,RESIDENT,IN,PHONEPE,ISSUER_11,True,True,ON,2025-03-30,STD,0.547,-0.178,0.911,-0.15,False,False,False,OUT
U_70ddb1d9bc,O-3,RESIDENT,IN,GPAY,ISSUER_07,True,True,ON,2026-07-27,STD,0.89,0.548,0.422,-0.045,False,False,True,OUT
U_7a1651124b,O-6,RESIDENT,IN,BHIM,ISSUER_05,False,False,OFF,2024-11-14,STD,0.438,0.307,0.32,0.147,False,False,False,OUT
U_6aea987179,O-2,RESIDENT,IN,GPAY,ISSUER_04,True,True,OFF,2026-02-22,STD,0.415,0.196,0.132,0.063,True,True,True,OUT
U_b4fc3923cb,O-2,RESIDENT,IN,BHIM,ISSUER_04,True,True,OFF,2025-03-29,STD,0.331,0.085,0.194,0.068,True,True,True,OUT
U_818ffefdc7,O-2,RESIDENT,IN,PHONEPE,ISSUER_04,True,True,OFF,2025-05-18,STD,0.402,-0.161,0.379,0.092,False,False,True,OUT
U_af02613b10,O-5,RESIDENT,IN,BHIM,ISSUER_09,True,True,ON,2025-02-17,STD,0.27,0.269,0.287,-0.069,False,True,False,OUT
U_48b2779cec,O-6,RESIDENT,IN,GPAY,ISSUER_09,False,True,OFF,2025-11-13,STD,0.463,0.083,0.466,-0.15,True,True,False,OUT
U_a28d799050,O-6,RESIDENT,IN,GPAY,ISSUER_04,False,True,OFF,2025-12-27,STD,0.845,0.244,0.416,-0.15,True,True,True,OUT
U_68a1920f17,O-6,RESIDENT,IN,GPAY,ISSUER_05,False,False,OFF,2024-11-09,STD,0.211,-0.237,0.198,0.078,True,False,True,OUT
U_9c8fcda3a0,O-2,RESIDENT,IN,GPAY,ISSUER_01,True,True,OFF,2026-07-20,STD,0.387,0.23,0.364,-0.15,True,True,False,OUT
U_53ef37987e,O-6,RESIDENT,IN,PHONEPE,ISSUER_06,False,True,OFF,2026-05-06,STD,0.36,-0.045,0.358,-0.057,True,False,True,OUT
U_d9167a6ecc,O-5,RESIDENT,IN,PHONEPE,ISSUER_11,True,True,ON,2026-03-02,STD,0.974,0.419,0.161,0.099,True,True,True,OUT
U_b2039f9b74,O-4,RESIDENT,IN,PHONEPE,ISSUER_12,True,True,ON,2026-03-27,STD,0.511,0.209,0.042,0.248,True,True,True,OUT
U_2ce722435c,O-6,RESIDENT,IN,GPAY,ISSUER_10,False,False,OFF,2025-09-28,STD,0.213,0.286,0.16,0.178,True,True,True,OUT
U_c96ed67fbc,O-4,RESIDENT,IN,BHIM,ISSUER_03,False,False,OFF,2025-02-27,STD,0.316,0.185,0.512,-0.129,True,True,True,OUT
U_335715a5b9,O-2,RESIDENT,IN,BHIM,ISSUER_02,True,True,OFF,2024-11-12,STD,0.18,0.286,0.385,-0.1,True,True,True,OUT
U_9d54169d2b,O-6,RESIDENT,IN,BHIM,ISSUER_10,True,False,OFF,2026-03-21,STD,0.878,0.411,0.411,0.057,False,False,False,OUT
U_e1b7d200a6,O-6,RESIDENT,IN,GPAY,ISSUER_03,False,True,OFF,2026-07-22,STD,0.931,-0.14,0.474,-0.15,False,True,True,OUT
U_5570b1c176,O-2,RESIDENT,IN,GPAY,ISSUER_06,True,True,ON,2026-06-29,STD,0.33,0.319,0.344,-0.141,True,True,True,OUT
U_c008fc6df5,O-6,RESIDENT,IN,BHIM,ISSUER_10,False,False,OFF,2025-12-02,STD,0.494,-0.132,0.559,-0.15,False,False,True,OUT
U_6595aa3389,O-6,RESIDENT,IN,BHIM,ISSUER_12,False,False,OFF,2026-02-13,STD,0.744,0.333,0.224,-0.006,True,False,False,OUT
U_8f41dd778e,O-1,RESIDENT,IN,BHIM,ISSUER_07,True,True,ON,2025-10-02,STD,0.39,0.458,0.337,-0.083,True,True,False,OUT
U_163dc74a95,O-6,RESIDENT,IN,PHONEPE,ISSUER_08,False,False,OFF,2026-06-01,STD,0.789,0.272,0.019,-0.074,False,True,False,OUT
U_c0e0c8ccef,O-1,RESIDENT,IN,GPAY,ISSUER_09,True,False,ON,2024-11-25,STD,0.296,0.006,0.229,0.013,True,False,True,OUT
U_2851a2dd87,O-4,RESIDENT,IN,PHONEPE,ISSUER_01,False,True,OFF,2026-04-11,STD,0.877,0.193,0.096,-0.052,True,True,False,OUT
U_d1d4780f55,O-5,RESIDENT,IN,PHONEPE,ISSUER_04,True,True,ON,2026-05-31,STD,0.724,0.454,0.065,-0.078,True,False,False,OUT
U_c5e6778ce4,O-1,RESIDENT,IN,PHONEPE,ISSUER_10,True,True,ON,2025-01-24,STD,0.72,0.318,0.354,-0.15,True,True,True,OUT
U_16e3e5e536,O-5,RESIDENT,IN,GPAY,ISSUER_05,True,True,ON,2026-05-22,STD,0.131,0.292,0.283,-0.062,False,False,False,OUT
U_ae27b59e32,O-1,RESIDENT,IN,BHIM,ISSUER_04,False,True,ON,2026-01-25,STD,0.804,-0.132,0.521,-0.11,True,False,False,OUT
U_5131149b28,O-1,RESIDENT,IN,PHONEPE,ISSUER_09,True,True,ON,2025-10-17,STD,0.385,-0.172,0.381,-0.122,False,True,True,OUT
U_15d103d1d4,O-2,RESIDENT,IN,BHIM,ISSUER_06,True,True,OFF,2025-09-11,STD,0.584,0.144,0.211,-0.07,True,False,False,OUT
U_b56ceb578b,O-5,RESIDENT,IN,PHONEPE,ISSUER_10,True,True,OFF,2025-07-18,STD,0.613,0.472,0.066,0.077,True,True,True,OUT
U_ee0bdae547,O-3,RESIDENT,IN,BHIM,ISSUER_05,True,True,OFF,2025-04-22,STD,0.686,0.062,0.266,-0.148,True,False,True,OUT
U_47d7bb5941,O-5,RESIDENT,IN,GPAY,ISSUER_09,True,True,ON,2024-11-16,STD,0.574,0.108,0.221,-0.15,True,True,False,OUT
U_ca31fc4d87,O-6,RESIDENT,IN,BHIM,ISSUER_12,True,True,OFF,2025-12-21,STD,0.059,-0.203,0.361,0.147,False,True,False,OUT
U_13ad6b2422,O-4,RESIDENT,IN,PHONEPE,ISSUER_09,True,True,ON,2025-11-08,STD,0.5,0.513,0.404,-0.062,True,True,False,OUT
U_b01585e75e,O-5,RESIDENT,IN,BHIM,ISSUER_08,True,True,ON,2024-09-15,STD,0.178,-0.052,0.776,-0.15,True,True,True,OUT
U_0db1dbf49d,O-2,RESIDENT,IN,BHIM,ISSUER_08,True,True,ON,2024-12-11,STD,0.601,0.209,0.16,0.026,True,False,True,OUT
U_e6c51b5af7,O-1,RESIDENT,IN,PHONEPE,ISSUER_07,True,True,ON,2026-02-05,ELEVATED,0.284,0.263,0.178,-0.021,True,True,True,OUT
U_7074bc2c7b,O-2,RESIDENT,IN,GPAY,ISSUER_05,True,True,OFF,2026-01-24,STD,0.645,-0.07,0.728,0.121,True,True,True,OUT
U_064f3f3207,O-1,RESIDENT,IN,PHONEPE,ISSUER_02,True,True,ON,2026-04-03,STD,0.523,0.131,0.188,-0.129,True,False,True,OUT
U_75ffac75be,O-6,RESIDENT,IN,GPAY,ISSUER_10,False,False,OFF,2026-04-25,STD,0.322,-0.29,0.284,-0.133,False,False,True,OUT
U_03ff5ff336,O-1,RESIDENT,IN,GPAY,ISSUER_11,True,True,ON,2025-09-06,STD,0.658,0.019,0.38,-0.15,True,False,True,OUT
U_e638f12121,O-2,RESIDENT,IN,GPAY,ISSUER_12,True,True,ON,2026-04-17,STD,0.725,-0.316,0.401,-0.042,False,True,False,OUT
U_790676c721,O-6,RESIDENT,IN,PHONEPE,ISSUER_09,False,True,OFF,2025-12-15,STD,0.515,0.043,0.424,0.025,True,False,True,OUT
U_ae881c27e7,O-6,RESIDENT,IN,GPAY,ISSUER_08,False,True,OFF,2025-07-19,ELEVATED,0.766,-0.008,0.567,-0.017,False,False,True,OUT
U_21f66ccc28,O-1,RESIDENT,IN,GPAY,ISSUER_07,True,True,ON,2025-04-05,STD,0.251,0.532,0.155,-0.038,False,False,False,OUT
U_f82e88cf74,O-1,RESIDENT,IN,PHONEPE,ISSUER_01,True,True,ON,2026-05-21,STD,0.195,-0.034,0.701,-0.15,True,True,True,OUT
U_15f9bc6039,O-6,RESIDENT,IN,PHONEPE,ISSUER_03,False,True,OFF,2025-01-11,STD,0.806,-0.014,0.446,-0.087,True,True,False,OUT
U_e55f2720f5,O-1,RESIDENT,IN,BHIM,ISSUER_02,True,True,ON,2025-05-14,STD,0.719,-0.19,0.319,0.087,True,True,True,OUT
U_69d3ad44f2,O-4,RESIDENT,IN,PHONEPE,ISSUER_08,True,True,ON,2025-03-24,ELEVATED,0.293,0.122,0.401,-0.15,True,False,True,OUT
U_1b8ec2b3cb,O-2,RESIDENT,IN,GPAY,ISSUER_04,True,True,OFF,2024-12-19,STD,0.52,-0.152,0.519,-0.15,True,True,True,OUT
U_56e8a6474b,O-3,RESIDENT,IN,BHIM,ISSUER_01,True,True,ON,2024-10-23,STD,0.775,-0.102,0.8,-0.15,True,True,True,OUT
U_d4e839f46e,O-1,RESIDENT,IN,GPAY,ISSUER_02,True,True,ON,2024-09-19,STD,0.774,-0.001,0.518,0.035,True,False,True,OUT
U_42eea3ca6f,O-2,RESIDENT,IN,BHIM,ISSUER_06,True,True,ON,2025-09-11,STD,0.345,0.27,0.397,-0.06,True,True,True,OUT
U_1f3faf72f7,O-1,RESIDENT,IN,BHIM,ISSUER_06,True,True,ON,2025-05-05,STD,0.351,0.221,0.241,-0.03,True,False,False,OUT
U_fb0cc86dc6,O-1,RESIDENT,IN,PHONEPE,ISSUER_12,True,True,ON,2025-12-02,STD,0.72,0.268,0.186,0.06,True,True,True,OUT
U_abd6e3ae8a,O-6,RESIDENT,IN,PHONEPE,ISSUER_10,True,True,OFF,2025-07-27,STD,0.958,-0.134,0.673,-0.15,True,True,True,OUT
U_26b8ee3891,O-6,RESIDENT,IN,BHIM,ISSUER_11,True,False,OFF,2025-01-03,STD,0.447,0.192,0.176,-0.083,True,False,False,OUT
U_acc15a88f7,O-2,RESIDENT,IN,PHONEPE,ISSUER_04,True,True,OFF,2025-08-25,STD,0.556,-0.012,0.619,0.035,True,True,False,OUT
U_69b1e7d03a,O-2,RESIDENT,IN,PHONEPE,ISSUER_12,True,True,OFF,2025-01-26,STD,0.35,-0.108,0.486,0.07,True,False,True,OUT
U_8aba15ae16,O-1,RESIDENT,IN,PHONEPE,ISSUER_11,True,True,ON,2026-04-13,ELEVATED,0.586,0.237,0.08,0.043,True,True,False,OUT
U_3953884c37,O-1,RESIDENT,IN,PHONEPE,ISSUER_08,True,True,ON,2024-12-16,STD,0.225,0.429,0.211,-0.042,False,False,False,OUT
U_ac6a78dfe5,O-5,RESIDENT,IN,GPAY,ISSUER_06,True,True,OFF,2025-06-25,STD,0.922,-0.088,0.561,0.007,False,True,False,OUT
U_1a346f2ae2,O-6,RESIDENT,IN,BHIM,ISSUER_08,False,False,OFF,2026-02-20,STD,0.627,0.548,0.347,0.117,True,True,True,OUT
U_148a6da725,O-3,RESIDENT,IN,PHONEPE,ISSUER_11,True,True,OFF,2025-12-29,STD,0.519,0.394,0.274,0.325,True,True,False,OUT
U_390070c56f,O-5,RESIDENT,IN,GPAY,ISSUER_08,True,True,OFF,2024-10-16,STD,0.371,0.244,0.143,-0.047,True,False,True,OUT
U_703da242fe,O-4,RESIDENT,IN,BHIM,ISSUER_03,False,True,ON,2025-05-02,STD,0.374,0.209,0.188,0.083,True,False,False,OUT
U_25abbbf6ce,O-1,RESIDENT,IN,GPAY,ISSUER_02,True,True,ON,2025-08-12,STD,0.352,0.06,0.339,0.002,True,True,True,OUT
U_5454a7b77f,O-1,RESIDENT,IN,BHIM,ISSUER_06,True,True,ON,2024-09-17,STD,0.195,0.284,0.202,-0.027,False,True,True,OUT
U_a264e460e8,O-2,RESIDENT,IN,BHIM,ISSUER_04,True,True,OFF,2025-09-22,STD,0.62,0.124,0.242,0.071,True,False,False,OUT
U_a759ac4bb1,O-1,RESIDENT,IN,GPAY,ISSUER_10,True,True,ON,2026-06-01,STD,0.336,0.383,0.106,0.077,False,False,False,OUT
U_5cf99392b7,O-3,RESIDENT,IN,BHIM,ISSUER_08,True,True,ON,2024-12-06,STD,0.563,0.075,0.317,0.207,True,False,False,OUT
U_99f63a72d3,O-1,RESIDENT,IN,BHIM,ISSUER_10,False,True,ON,2024-09-27,STD,0.169,-0.139,0.28,0.155,True,True,True,OUT
U_ba6c6705a4,O-1,RESIDENT,IN,PHONEPE,ISSUER_03,True,True,ON,2025-01-19,STD,0.394,-0.347,0.516,-0.046,True,True,True,OUT
U_25d2d6560b,O-3,RESIDENT,IN,PHONEPE,ISSUER_11,False,True,ON,2026-01-09,STD,0.558,0.284,0.095,0.023,True,False,True,OUT
U_8efb87401f,O-2,RESIDENT,IN,PHONEPE,ISSUER_04,True,True,ON,2025-05-29,STD,0.426,-0.017,0.367,0.264,True,True,False,OUT
U_0253cacad1,O-1,RESIDENT,IN,PHONEPE,ISSUER_06,True,True,ON,2024-10-14,STD,0.301,0.316,0.141,0.016,True,True,False,OUT
U_00f3f8a188,O-1,RESIDENT,IN,GPAY,ISSUER_07,True,True,ON,2025-04-18,ELEVATED,0.304,0.089,0.165,-0.061,True,False,True,OUT
U_49a4a14b7e,O-6,RESIDENT,IN,PHONEPE,ISSUER_11,False,False,OFF,2024-09-10,STD,0.299,0.501,0.329,-0.147,True,True,False,OUT
U_708a062bbe,O-2,RESIDENT,IN,BHIM,ISSUER_11,True,True,ON,2025-03-08,STD,0.748,0.193,0.164,0.114,True,True,True,OUT
U_0d9833b5bb,O-3,RESIDENT,IN,GPAY,ISSUER_10,True,True,OFF,2025-09-07,STD,0.708,-0.4,0.604,0.014,True,True,True,OUT
U_3e8036a295,O-6,RESIDENT,IN,GPAY,ISSUER_04,False,False,OFF,2026-07-15,STD,0.666,0.12,0.318,0.011,True,True,False,OUT
U_93dbe01f17,O-1,RESIDENT,IN,PHONEPE,ISSUER_03,True,True,ON,2026-03-21,STD,0.509,0.095,0.425,-0.15,True,False,False,OUT
U_2563ed26fb,O-5,RESIDENT,IN,BHIM,ISSUER_05,True,True,ON,2026-06-09,STD,0.283,-0.029,0.711,-0.15,False,True,True,OUT
U_a30122b305,O-2,RESIDENT,IN,BHIM,ISSUER_04,True,True,OFF,2025-04-30,STD,0.754,0.342,0.311,0.086,True,True,False,OUT
U_03e775ede0,O-1,RESIDENT,IN,PHONEPE,ISSUER_07,True,True,ON,2026-06-23,STD,0.348,0.169,0.185,-0.106,True,True,False,OUT
U_7e4fc41596,O-2,RESIDENT,IN,BHIM,ISSUER_01,True,True,ON,2026-01-13,STD,0.256,-0.076,0.579,-0.033,True,True,True,OUT
U_edb778c044,O-6,RESIDENT,IN,GPAY,ISSUER_05,False,False,OFF,2024-09-25,STD,0.593,0.272,0.213,-0.096,True,False,True,OUT
U_3ee9a1e05d,O-2,RESIDENT,IN,GPAY,ISSUER_10,True,False,ON,2025-12-26,STD,0.224,0.084,0.399,-0.15,True,True,True,OUT
U_9ede83de7e,O-5,RESIDENT,IN,BHIM,ISSUER_02,True,True,ON,2025-10-18,STD,0.836,0.585,0.147,0.065,True,True,True,OUT
U_079122ead2,O-2,RESIDENT,IN,PHONEPE,ISSUER_04,True,True,ON,2024-11-30,STD,0.305,0.017,0.109,0.055,True,True,True,OUT
U_ad5bfd9c0a,O-2,RESIDENT,IN,PHONEPE,ISSUER_08,True,True,OFF,2024-09-26,STD,0.34,0.114,0.201,-0.136,False,False,True,OUT
U_7253397321,O-6,RESIDENT,IN,PHONEPE,ISSUER_03,True,False,OFF,2025-02-07,STD,0.74,0.41,0.05,0.099,False,True,False,OUT
U_244a7cad01,O-2,RESIDENT,IN,BHIM,ISSUER_03,True,True,OFF,2025-03-08,STD,0.357,-0.169,0.541,-0.15,False,True,True,OUT
U_d337fe1410,O-2,RESIDENT,IN,BHIM,ISSUER_07,True,True,OFF,2026-06-05,STD,0.314,-0.106,0.345,-0.039,True,False,False,OUT
U_1909a94778,O-2,RESIDENT,IN,GPAY,ISSUER_08,True,True,OFF,2025-03-09,STD,0.403,0.099,0.058,0.168,True,True,False,OUT
U_31aea907dc,O-2,RESIDENT,IN,GPAY,ISSUER_04,False,True,ON,2026-04-15,STD,0.615,-0.155,0.143,0.231,False,False,True,OUT
U_0557f74328,O-1,RESIDENT,IN,BHIM,ISSUER_05,False,True,ON,2026-04-25,STD,0.479,0.356,0.124,0.071,False,True,False,OUT
U_cd82630855,O-6,RESIDENT,IN,PHONEPE,ISSUER_03,False,True,OFF,2025-10-22,STD,0.443,0.546,0.434,-0.011,True,False,False,OUT
U_af5df06af2,O-3,RESIDENT,IN,BHIM,ISSUER_10,True,True,ON,2026-03-11,STD,0.446,0.15,0.054,0.164,False,True,True,OUT
U_003390588a,O-6,RESIDENT,IN,GPAY,ISSUER_07,False,False,OFF,2025-12-31,STD,0.534,-0.073,0.522,-0.002,True,False,True,OUT
U_0b582e157f,O-2,RESIDENT,IN,BHIM,ISSUER_03,True,True,ON,2026-06-03,STD,0.298,0.048,0.171,0.146,False,True,True,OUT
U_e8f0be1a97,O-6,RESIDENT,IN,GPAY,ISSUER_07,False,False,OFF,2025-01-10,STD,0.924,-0.024,0.179,-0.126,True,True,True,OUT
U_56df02fc8d,O-5,RESIDENT,IN,GPAY,ISSUER_07,True,True,ON,2025-07-15,STD,0.447,0.055,0.153,0.041,False,True,True,OUT
U_007bd52a1b,O-6,RESIDENT,IN,GPAY,ISSUER_09,False,True,OFF,2025-11-13,STD,0.237,-0.057,0.714,-0.15,True,True,True,OUT
U_ff718be9f4,O-5,RESIDENT,IN,GPAY,ISSUER_09,True,True,ON,2026-05-13,STD,0.61,0.017,0.235,0.193,False,True,False,OUT
U_2e6542e1f1,O-1,RESIDENT,IN,PHONEPE,ISSUER_06,False,True,ON,2025-03-13,STD,0.172,0.279,0.088,-0.036,True,True,False,OUT
U_ea118ce395,O-6,RESIDENT,IN,PHONEPE,ISSUER_06,False,False,OFF,2025-12-17,STD,0.912,0.09,0.259,0.074,True,True,False,OUT
U_60481498ef,O-2,RESIDENT,IN,GPAY,ISSUER_03,True,True,OFF,2026-03-23,STD,0.208,0.265,0.256,-0.014,True,False,False,OUT
U_91464edd91,O-6,RESIDENT,IN,GPAY,ISSUER_04,True,False,OFF,2025-10-27,STD,0.827,0.161,0.047,0.014,False,True,True,OUT
U_bd3d8a7d3b,O-3,RESIDENT,IN,BHIM,ISSUER_01,True,True,ON,2024-11-09,STD,0.249,0.139,0.302,0.143,True,True,True,OUT
U_403442214e,O-3,RESIDENT,IN,GPAY,ISSUER_07,True,True,OFF,2026-05-01,STD,0.534,0.21,0.086,0.038,True,True,True,OUT
U_32cfcffe5c,O-6,RESIDENT,IN,BHIM,ISSUER_12,False,False,OFF,2025-03-17,STD,0.337,-0.135,0.393,-0.017,True,False,False,OUT
U_5c69b1ffe5,O-1,RESIDENT,IN,GPAY,ISSUER_05,True,True,ON,2026-07-22,STD,0.327,0.247,0.379,0.062,True,True,True,OUT
U_25285a9ae7,O-2,RESIDENT,IN,PHONEPE,ISSUER_08,False,True,ON,2025-09-28,STD,0.28,-0.04,0.496,-0.078,True,True,False,OUT
U_1eb2f891bb,O-3,RESIDENT,IN,GPAY,ISSUER_06,True,True,OFF,2024-10-05,STD,0.383,0.103,0.371,-0.023,True,True,False,OUT
U_434a53fc94,O-4,RESIDENT,IN,GPAY,ISSUER_05,True,True,OFF,2025-01-18,STD,0.555,0.003,0.416,-0.027,True,True,True,OUT
U_f8925912e6,O-2,RESIDENT,IN,GPAY,ISSUER_01,True,True,OFF,2025-05-14,STD,0.502,0.267,0.331,-0.06,True,True,True,OUT
U_e291993683,O-1,RESIDENT,IN,PHONEPE,ISSUER_12,True,False,ON,2025-04-20,STD,0.183,0.033,0.394,-0.09,False,True,True,OUT
U_f95cf96d8d,O-5,RESIDENT,IN,GPAY,ISSUER_10,True,True,ON,2026-06-26,STD,0.642,0.014,0.399,-0.15,False,True,True,OUT
U_91b5ba956f,O-1,RESIDENT,IN,BHIM,ISSUER_08,True,True,ON,2026-06-27,STD,0.797,0.066,0.215,-0.01,True,True,True,OUT
U_28eb38a487,O-1,RESIDENT,IN,BHIM,ISSUER_07,False,True,ON,2024-10-29,STD,0.571,-0.051,0.503,-0.15,True,True,False,OUT
U_c81c666179,O-2,RESIDENT,IN,PHONEPE,ISSUER_12,True,True,OFF,2025-11-10,STD,0.509,0.31,0.299,-0.012,True,True,False,OUT
U_03002c4ce9,O-5,RESIDENT,IN,PHONEPE,ISSUER_03,True,True,ON,2025-02-03,STD,0.396,-0.217,0.25,0.095,True,True,False,OUT
U_57bb9e1434,O-1,RESIDENT,IN,GPAY,ISSUER_07,True,True,ON,2025-10-19,STD,0.734,-0.079,0.662,0.052,True,True,False,OUT
U_3d6772daf1,O-2,RESIDENT,IN,GPAY,ISSUER_11,True,True,ON,2025-08-13,ELEVATED,0.534,0.315,0.212,-0.062,True,False,True,OUT
U_4850d4f7f1,O-5,RESIDENT,IN,BHIM,ISSUER_06,False,False,ON,2026-04-01,STD,0.912,0.111,0.265,-0.15,False,True,False,OUT
U_2dfa50d0c8,O-3,RESIDENT,IN,BHIM,ISSUER_03,True,True,OFF,2026-07-30,STD,0.216,-0.006,0.541,-0.137,True,True,True,OUT
U_75a2ba7e4c,O-5,RESIDENT,IN,PHONEPE,ISSUER_12,True,False,OFF,2024-12-03,STD,0.3,0.249,0.177,0.006,True,False,False,OUT
U_c1f8a3be54,O-1,RESIDENT,IN,PHONEPE,ISSUER_07,True,True,ON,2025-04-04,STD,0.87,-0.022,0.497,-0.022,True,True,True,OUT
U_a938c1830b,O-1,RESIDENT,IN,PHONEPE,ISSUER_09,True,True,ON,2025-10-10,STD,0.645,0.019,0.284,-0.049,True,False,True,OUT
U_f8e6294a39,O-1,RESIDENT,IN,PHONEPE,ISSUER_11,True,True,ON,2024-12-23,STD,0.562,0.108,0.216,0.174,True,False,False,OUT
U_fb906d6ac6,O-1,RESIDENT,IN,PHONEPE,ISSUER_04,True,True,ON,2024-10-28,STD,0.708,0.25,0.215,0.05,True,True,True,OUT
U_5918cdc0e0,O-2,RESIDENT,IN,BHIM,ISSUER_07,False,True,ON,2025-07-26,STD,0.608,-0.081,0.351,0.002,True,True,True,OUT
U_345042750e,O-5,RESIDENT,IN,GPAY,ISSUER_04,True,True,ON,2025-11-24,STD,0.473,0.345,0.539,0.122,True,True,False,OUT
U_ca6b20f13c,O-1,RESIDENT,IN,PHONEPE,ISSUER_09,False,False,ON,2025-03-01,STD,0.315,0.542,0.308,-0.092,True,False,True,OUT
U_56b41b71b0,O-3,RESIDENT,IN,PHONEPE,ISSUER_10,True,True,ON,2025-03-21,STD,0.438,-0.001,0.95,-0.15,True,True,False,OUT
U_e00fe42c2d,O-6,RESIDENT,IN,PHONEPE,ISSUER_02,True,False,OFF,2025-04-10,STD,0.507,0.22,0.263,-0.15,True,True,True,OUT
U_c490030969,O-4,RESIDENT,IN,PHONEPE,ISSUER_08,False,True,ON,2025-07-25,STD,0.802,0.553,0.143,0.354,True,True,True,OUT
U_4a81751540,O-5,RESIDENT,IN,BHIM,ISSUER_09,True,True,ON,2025-01-17,STD,0.51,-0.048,0.238,0.11,True,True,True,OUT
U_6cca983674,O-2,RESIDENT,IN,BHIM,ISSUER_09,True,True,ON,2025-11-21,STD,0.841,0.6,0.487,-0.049,True,False,True,OUT
U_6fdd93044a,O-2,RESIDENT,IN,BHIM,ISSUER_06,True,True,OFF,2025-05-07,STD,0.193,-0.1,0.292,0.201,False,True,False,OUT
U_2b724a6004,O-4,RESIDENT,IN,BHIM,ISSUER_05,True,False,ON,2025-08-29,ELEVATED,0.14,-0.104,0.109,0.207,True,True,True,OUT
U_a3c5a2c3b6,O-5,RESIDENT,IN,GPAY,ISSUER_01,True,True,OFF,2026-06-10,STD,0.715,-0.037,0.257,-0.024,True,True,True,OUT
U_ba51a8665d,O-2,RESIDENT,IN,PHONEPE,ISSUER_12,True,True,ON,2025-09-09,STD,0.596,0.213,0.151,0.067,True,True,False,OUT
U_12817cf14a,O-5,RESIDENT,IN,GPAY,ISSUER_07,True,True,OFF,2026-05-18,STD,0.497,0.376,0.099,-0.15,False,True,True,OUT
U_1152cc01cd,O-1,RESIDENT,IN,PHONEPE,ISSUER_04,True,True,ON,2025-05-20,STD,0.448,0.41,0.117,0.086,True,True,True,OUT
U_48557b5128,O-2,RESIDENT,IN,BHIM,ISSUER_11,True,True,OFF,2025-03-19,STD,0.651,0.524,0.181,-0.082,True,True,False,OUT
U_a0ca230c33,O-2,RESIDENT,IN,PHONEPE,ISSUER_10,True,True,OFF,2024-09-11,STD,0.512,0.133,0.363,-0.028,True,False,True,OUT
U_054b1523a6,O-1,RESIDENT,IN,PHONEPE,ISSUER_04,True,True,ON,2026-07-30,STD,0.796,-0.042,0.127,0.15,True,True,False,OUT
U_0b64570891,O-2,RESIDENT,IN,BHIM,ISSUER_09,False,True,OFF,2026-04-05,STD,0.405,-0.105,0.551,-0.15,False,True,True,OUT
U_cf07223700,O-1,RESIDENT,IN,GPAY,ISSUER_04,True,True,ON,2025-02-28,STD,0.682,0.248,0.244,-0.15,False,False,True,OUT
U_4bdabe4f9d,O-1,RESIDENT,IN,PHONEPE,ISSUER_02,True,True,ON,2025-07-27,ELEVATED,0.475,0.016,0.133,0.079,True,False,False,OUT
U_d7e72559d2,O-3,RESIDENT,IN,BHIM,ISSUER_01,True,True,ON,2025-09-17,ELEVATED,0.907,0.02,0.142,-0.009,True,True,True,OUT
U_7a45b47db3,O-4,RESIDENT,IN,GPAY,ISSUER_10,True,True,ON,2025-01-08,STD,0.283,-0.143,0.315,0.107,True,True,True,OUT
U_104fbd2e84,O-1,RESIDENT,IN,PHONEPE,ISSUER_11,True,True,ON,2025-01-04,STD,0.218,0.097,0.239,-0.105,False,True,True,OUT
U_f59ddb6c98,O-5,RESIDENT,IN,GPAY,ISSUER_10,True,True,OFF,2025-08-03,STD,0.523,-0.157,0.71,-0.15,True,True,True,OUT
U_5356eaccb0,O-2,RESIDENT,IN,GPAY,ISSUER_05,True,True,ON,2025-11-13,STD,0.804,0.202,0.182,0.047,True,False,False,OUT
U_b4d55c9d8c,O-1,RESIDENT,IN,BHIM,ISSUER_12,True,True,ON,2025-06-20,STD,0.45,0.05,0.117,0.101,True,True,True,OUT
U_5db3d2c279,O-5,RESIDENT,IN,PHONEPE,ISSUER_12,False,True,OFF,2025-08-04,STD,0.687,-0.099,0.237,0.07,True,True,True,OUT
U_fe07f166cf,O-2,RESIDENT,IN,PHONEPE,ISSUER_10,True,True,OFF,2026-04-01,STD,0.1,0.323,0.019,0.067,True,True,False,OUT
U_1c7f4e55d9,O-5,RESIDENT,IN,PHONEPE,ISSUER_05,True,True,OFF,2025-04-28,STD,0.864,0.317,0.213,-0.074,True,True,True,OUT
U_5a45a07fb4,O-6,RESIDENT,IN,GPAY,ISSUER_08,True,False,OFF,2025-03-16,STD,0.461,0.205,0.02,0.101,False,True,False,OUT
U_1315e937c3,O-2,RESIDENT,IN,BHIM,ISSUER_02,True,True,OFF,2025-07-03,STD,0.283,0.192,0.207,-0.004,False,False,True,OUT
U_d5e506272a,O-3,RESIDENT,IN,PHONEPE,ISSUER_08,True,False,OFF,2025-07-22,STD,0.631,0.108,0.177,-0.109,False,True,False,OUT
U_35df5105f1,O-3,RESIDENT,IN,GPAY,ISSUER_09,True,True,ON,2025-04-09,STD,0.117,0.41,0.097,0.064,True,True,False,OUT
U_1971dc2a0f,O-1,RESIDENT,IN,BHIM,ISSUER_11,True,True,ON,2026-01-13,ELEVATED,0.62,-0.072,0.316,0.04,True,True,True,OUT
U_c1b23a2418,O-6,RESIDENT,IN,PHONEPE,ISSUER_10,True,True,OFF,2025-12-12,STD,0.631,-0.085,0.25,0.041,True,True,True,OUT
U_8684aeb86f,O-4,RESIDENT,IN,GPAY,ISSUER_09,False,True,OFF,2024-11-02,STD,0.606,0.383,0.164,0.011,True,True,False,OUT
U_3011813b55,O-1,RESIDENT,IN,PHONEPE,ISSUER_09,True,True,ON,2025-03-07,STD,0.431,0.281,0.258,-0.15,False,False,True,OUT
U_ccf5fd5cbf,O-2,RESIDENT,IN,GPAY,ISSUER_08,True,True,ON,2025-01-14,STD,0.344,0.045,0.233,0.16,True,True,False,OUT
U_156c03967e,O-6,RESIDENT,IN,BHIM,ISSUER_06,False,False,OFF,2025-08-20,STD,0.488,0.25,0.417,0.071,True,False,True,OUT
U_4945354420,O-3,RESIDENT,IN,BHIM,ISSUER_06,True,True,ON,2025-04-20,STD,0.664,0.24,0.142,0.046,True,True,False,OUT
U_d3bb21aeac,O-4,RESIDENT,IN,PHONEPE,ISSUER_06,True,True,OFF,2025-10-22,STD,0.332,0.299,0.083,0.001,True,True,True,OUT
U_d2d776004b,O-5,RESIDENT,IN,PHONEPE,ISSUER_12,False,True,ON,2026-01-29,STD,0.377,-0.017,0.337,0.029,True,True,False,OUT
U_8af2736d3a,O-2,RESIDENT,IN,PHONEPE,ISSUER_01,True,True,ON,2024-08-29,STD,0.34,-0.057,0.376,-0.059,False,True,True,OUT
U_3f825a64e9,O-6,RESIDENT,IN,BHIM,ISSUER_10,False,False,OFF,2025-08-13,STD,0.43,0.108,0.226,0.03,True,False,False,OUT
U_be6763e23d,O-2,RESIDENT,IN,GPAY,ISSUER_08,True,True,ON,2026-04-26,STD,0.203,0.187,0.159,0.002,True,True,False,OUT
U_79a3c78809,O-6,RESIDENT,IN,BHIM,ISSUER_01,True,True,OFF,2025-01-20,STD,0.066,0.431,0.162,-0.131,True,False,True,OUT
U_9a20b0f85f,O-1,RESIDENT,IN,BHIM,ISSUER_09,False,True,ON,2026-01-18,STD,0.064,-0.257,0.435,-0.15,True,True,True,OUT
U_ee69c19c97,O-6,RESIDENT,IN,PHONEPE,ISSUER_01,True,False,OFF,2026-05-29,STD,0.08,0.274,0.218,0.144,True,True,True,OUT
U_652d8e4096,O-3,RESIDENT,IN,GPAY,ISSUER_08,True,True,ON,2025-04-26,STD,0.728,0.107,0.241,-0.088,True,True,False,OUT
U_893dd7fddf,O-1,RESIDENT,IN,GPAY,ISSUER_09,True,True,ON,2025-04-20,STD,0.886,0.174,0.41,-0.149,True,True,True,OUT
U_ba24a01eee,O-6,RESIDENT,IN,GPAY,ISSUER_04,True,False,OFF,2026-02-28,STD,0.201,0.363,0.462,-0.15,True,True,True,OUT
U_0c3aff8fcf,O-5,RESIDENT,IN,PHONEPE,ISSUER_04,True,True,ON,2024-08-11,STD,0.708,0.061,0.348,-0.092,True,True,True,OUT
U_538306f230,O-1,RESIDENT,IN,GPAY,ISSUER_07,False,True,ON,2025-05-25,STD,0.379,0.047,0.189,-0.099,True,True,False,OUT
U_7a8c98afad,O-4,RESIDENT,IN,GPAY,ISSUER_04,True,True,OFF,2025-07-04,STD,0.506,-0.071,0.482,0.157,True,True,True,OUT
U_42f892c2ea,O-5,RESIDENT,IN,PHONEPE,ISSUER_04,True,True,OFF,2025-12-09,STD,0.06,0.197,0.161,-0.013,True,True,False,OUT
U_128ee71518,O-2,RESIDENT,IN,GPAY,ISSUER_12,True,True,ON,2024-09-18,STD,0.852,0.229,0.058,-0.058,True,True,False,OUT
U_025506e1eb,O-2,RESIDENT,IN,GPAY,ISSUER_03,True,True,ON,2026-06-21,STD,0.264,0.238,0.511,0.062,True,False,False,OUT
U_8db537e1ae,O-6,RESIDENT,IN,PHONEPE,ISSUER_02,False,True,OFF,2025-07-02,STD,0.804,0.452,0.117,0.026,True,False,True,OUT
U_3adba84283,O-2,RESIDENT,IN,BHIM,ISSUER_01,True,True,OFF,2025-08-04,STD,0.492,0.158,0.242,-0.027,True,True,False,OUT
U_37daf3f902,O-6,RESIDENT,IN,GPAY,ISSUER_07,True,False,OFF,2025-01-31,STD,0.481,0.532,0.038,0.073,True,True,False,OUT
U_e6d935a1da,O-3,RESIDENT,IN,PHONEPE,ISSUER_04,True,True,ON,2025-10-12,STD,0.33,-0.048,0.049,-0.078,False,True,True,OUT
U_892fbc723f,O-2,RESIDENT,IN,PHONEPE,ISSUER_07,True,True,OFF,2025-06-01,STD,0.429,0.222,0.151,0.059,True,False,True,OUT
U_1c6c3817b3,O-1,RESIDENT,IN,GPAY,ISSUER_09,True,True,ON,2025-08-04,STD,0.505,0.032,0.109,-0.012,True,True,False,OUT
U_460f9742ab,O-6,RESIDENT,IN,PHONEPE,ISSUER_06,True,False,OFF,2025-07-31,STD,0.602,0.224,0.446,-0.069,True,False,False,OUT
U_a7511c11ae,O-6,RESIDENT,IN,BHIM,ISSUER_08,True,False,OFF,2025-10-23,STD,0.506,0.302,0.35,0.326,True,True,True,OUT
U_43703d0ba5,O-4,RESIDENT,IN,PHONEPE,ISSUER_01,True,True,ON,2026-03-25,STD,0.635,0.31,0.188,0.085,False,False,True,OUT
U_96bf0d90ae,O-1,RESIDENT,IN,PHONEPE,ISSUER_05,True,True,ON,2025-05-20,STD,0.588,0.025,0.446,-0.098,True,True,True,OUT
U_78b01c7920,O-1,RESIDENT,IN,PHONEPE,ISSUER_02,True,True,ON,2026-01-13,STD,0.684,-0.109,0.766,-0.15,True,True,False,OUT
U_5827b6133a,O-1,RESIDENT,IN,BHIM,ISSUER_05,False,True,ON,2025-09-03,STD,0.288,0.101,0.278,0.01,True,False,True,OUT
U_8060b61f56,O-2,RESIDENT,IN,BHIM,ISSUER_11,True,True,ON,2026-03-23,STD,0.475,0.052,0.278,-0.15,True,True,False,OUT
U_e2c39f19ef,O-1,RESIDENT,IN,PHONEPE,ISSUER_02,True,True,ON,2024-12-11,STD,0.427,0.124,0.346,-0.015,True,True,True,OUT
U_94fed9ccd1,O-6,RESIDENT,IN,GPAY,ISSUER_06,False,True,OFF,2024-10-10,STD,0.409,-0.048,0.224,0.008,False,True,True,OUT
U_905af6f1b8,O-2,RESIDENT,IN,PHONEPE,ISSUER_12,True,True,OFF,2026-01-24,STD,0.53,0.342,0.163,0.01,True,True,True,OUT
U_23391b2c0c,O-5,RESIDENT,IN,GPAY,ISSUER_08,True,True,OFF,2025-03-14,STD,0.86,0.125,0.385,-0.15,False,True,True,OUT
U_770569f0ca,O-5,RESIDENT,IN,BHIM,ISSUER_09,True,True,ON,2025-01-31,STD,0.678,0.241,0.21,-0.15,True,True,False,OUT
U_7b791e2451,O-6,RESIDENT,IN,PHONEPE,ISSUER_07,True,True,OFF,2024-11-02,STD,0.363,0.587,0.237,-0.119,True,False,False,OUT
U_0abf39178c,O-2,RESIDENT,IN,BHIM,ISSUER_06,True,True,ON,2026-03-13,STD,0.797,0.497,0.227,-0.051,True,False,False,OUT
U_f563b3e23a,O-3,RESIDENT,IN,BHIM,ISSUER_11,True,True,OFF,2025-01-19,STD,0.517,-0.097,0.331,0.042,True,True,False,OUT
U_a1361b175b,O-5,RESIDENT,IN,PHONEPE,ISSUER_08,True,True,OFF,2025-12-19,STD,0.372,0.291,0.159,-0.025,True,True,True,OUT
U_26a16a8075,O-5,RESIDENT,IN,GPAY,ISSUER_07,True,True,OFF,2025-03-26,STD,0.846,-0.208,0.57,-0.15,True,False,True,OUT
U_364eef429b,O-5,RESIDENT,IN,PHONEPE,ISSUER_04,True,True,ON,2025-05-11,STD,0.138,-0.016,0.423,-0.15,True,False,False,OUT
U_0a0f45f914,O-2,RESIDENT,IN,BHIM,ISSUER_09,False,True,OFF,2025-07-25,STD,0.447,-0.032,0.526,-0.036,False,False,True,OUT
U_be6948f9e0,O-1,RESIDENT,IN,GPAY,ISSUER_03,True,True,ON,2024-09-16,STD,0.399,0.097,0.039,0.089,True,False,True,OUT
U_3ead09386c,O-1,RESIDENT,IN,BHIM,ISSUER_08,True,True,ON,2025-09-16,STD,0.35,0.335,0.117,0.185,True,True,False,OUT
U_0012ae7ded,O-3,RESIDENT,IN,GPAY,ISSUER_05,True,True,OFF,2024-09-28,ELEVATED,0.614,0.255,0.183,0.142,True,False,False,OUT
U_6098efcb02,O-1,RESIDENT,IN,PHONEPE,ISSUER_03,True,True,ON,2025-05-15,STD,0.388,0.259,0.215,0.069,True,False,True,OUT
U_f0b81414f7,O-5,RESIDENT,IN,PHONEPE,ISSUER_10,True,True,OFF,2026-04-11,STD,0.476,0.054,0.24,0.099,True,True,False,OUT
U_e48a7d1591,O-5,RESIDENT,IN,BHIM,ISSUER_10,True,True,OFF,2025-02-08,STD,0.774,-0.104,0.699,-0.15,True,False,False,OUT
U_dc7c3fa4bc,O-3,RESIDENT,IN,PHONEPE,ISSUER_06,True,True,OFF,2026-04-24,STD,0.692,0.442,0.295,-0.15,True,False,True,OUT
U_8cbbf26c5d,O-5,RESIDENT,IN,PHONEPE,ISSUER_03,True,True,ON,2024-09-17,STD,0.629,-0.019,0.472,-0.15,True,True,False,OUT
U_4002452467,O-1,RESIDENT,IN,BHIM,ISSUER_02,True,True,ON,2025-10-11,STD,0.485,0.131,0.036,0.079,True,True,False,OUT
U_5dfacc8ae8,O-5,RESIDENT,IN,BHIM,ISSUER_04,True,True,OFF,2025-06-28,STD,0.694,0.35,0.09,0.169,True,False,False,OUT
U_cf4ec5d555,O-5,RESIDENT,IN,PHONEPE,ISSUER_03,True,True,OFF,2024-12-06,STD,0.27,-0.284,0.433,0.192,True,True,False,OUT
U_15b89e69e4,O-5,RESIDENT,IN,BHIM,ISSUER_10,True,True,ON,2026-07-11,STD,0.304,-0.077,0.344,-0.048,True,False,False,OUT
U_f4440722f4,O-5,RESIDENT,IN,GPAY,ISSUER_01,True,True,ON,2025-11-17,STD,0.422,0.359,0.083,0.117,False,False,False,OUT
U_993aa8dbc8,O-2,RESIDENT,IN,GPAY,ISSUER_01,True,True,ON,2025-03-19,STD,0.366,0.347,0.205,0.056,True,True,True,OUT
U_82bb5e276d,O-2,RESIDENT,IN,GPAY,ISSUER_03,True,True,ON,2025-07-30,STD,0.859,0.155,0.234,0.224,True,True,False,OUT
U_9db6761853,O-2,RESIDENT,IN,PHONEPE,ISSUER_12,True,True,OFF,2025-12-09,STD,0.558,0.113,0.347,-0.017,True,False,False,OUT
U_64fdfd685e,O-2,RESIDENT,IN,GPAY,ISSUER_08,True,True,OFF,2025-02-25,STD,0.172,-0.186,0.687,-0.15,True,True,False,OUT
U_1f1025000e,O-4,RESIDENT,IN,GPAY,ISSUER_12,True,True,OFF,2026-02-11,STD,0.616,-0.204,0.405,0.232,True,False,True,OUT
U_7534a5e398,O-2,RESIDENT,IN,GPAY,ISSUER_11,True,True,OFF,2025-11-16,STD,0.648,-0.052,0.496,-0.052,True,False,True,OUT
U_6acc827c1a,O-2,RESIDENT,IN,BHIM,ISSUER_10,True,True,ON,2026-01-29,STD,0.678,0.138,0.42,-0.15,True,True,True,OUT
U_2763728c9f,O-3,RESIDENT,IN,BHIM,ISSUER_10,True,True,OFF,2026-06-17,STD,0.334,0.372,0.253,0.0,True,True,True,OUT
U_04a7ee012f,O-3,RESIDENT,IN,BHIM,ISSUER_02,True,True,ON,2024-09-23,STD,0.407,0.236,0.381,-0.015,True,True,False,OUT
U_c96b6dcd42,O-1,RESIDENT,IN,GPAY,ISSUER_11,True,True,ON,2025-06-10,STD,0.511,0.226,0.499,-0.082,True,False,True,OUT
U_318dd9eca1,O-3,RESIDENT,IN,GPAY,ISSUER_06,True,True,OFF,2025-06-27,STD,0.07,0.279,0.255,0.094,False,True,True,OUT
U_b716d7f122,O-5,RESIDENT,IN,GPAY,ISSUER_02,True,False,ON,2026-06-15,STD,0.401,0.17,0.068,-0.028,True,True,True,OUT
U_d4f0c3c604,O-3,RESIDENT,IN,PHONEPE,ISSUER_05,True,True,ON,2025-11-11,STD,0.464,0.6,0.243,-0.081,True,True,True,OUT
U_b74dfcffb5,O-2,RESIDENT,IN,BHIM,ISSUER_02,False,True,ON,2025-01-17,STD,0.877,0.083,0.417,-0.123,True,True,False,OUT
U_2548eaaaf9,O-2,RESIDENT,IN,GPAY,ISSUER_08,True,True,OFF,2025-09-17,STD,0.867,0.063,0.25,-0.066,True,True,True,OUT
U_9e66c0e5db,O-3,RESIDENT,IN,GPAY,ISSUER_10,True,True,ON,2024-08-25,STD,0.216,0.405,0.181,0.148,True,True,False,OUT
U_51eb1de84c,O-3,RESIDENT,IN,PHONEPE,ISSUER_06,True,True,OFF,2026-06-06,STD,0.53,-0.154,0.468,-0.13,True,False,False,OUT
U_1465a619ce,O-1,RESIDENT,IN,PHONEPE,ISSUER_07,True,False,ON,2026-04-10,STD,0.713,0.11,0.069,0.021,True,True,True,OUT
U_ab5a9877e2,O-6,RESIDENT,IN,GPAY,ISSUER_02,False,False,OFF,2025-06-23,STD,0.804,0.326,0.183,0.21,True,True,True,OUT
U_65399f5211,O-2,RESIDENT,IN,GPAY,ISSUER_10,True,True,OFF,2024-10-02,STD,0.912,0.226,0.316,0.059,True,True,False,OUT
U_5338b11f3b,O-3,RESIDENT,IN,GPAY,ISSUER_12,True,True,ON,2025-06-03,STD,0.301,0.242,0.3,0.175,True,True,True,OUT
U_68120ae252,O-2,RESIDENT,IN,GPAY,ISSUER_05,True,True,OFF,2024-12-25,STD,0.402,0.041,0.34,0.093,True,True,True,OUT
U_f3dd53ee84,O-2,RESIDENT,IN,PHONEPE,ISSUER_04,True,True,ON,2025-08-24,STD,0.535,0.247,0.074,-0.117,True,True,True,OUT
U_ba527ca796,O-4,RESIDENT,IN,BHIM,ISSUER_01,True,True,ON,2026-01-02,STD,0.711,0.125,0.109,0.097,False,True,True,OUT
U_59dddd54a1,O-5,RESIDENT,IN,BHIM,ISSUER_04,True,True,OFF,2025-05-25,STD,0.24,-0.205,0.51,-0.15,True,False,True,OUT
U_c066839384,O-1,RESIDENT,IN,GPAY,ISSUER_11,True,True,ON,2026-02-05,STD,0.663,-0.008,0.48,-0.126,True,True,True,OUT
U_001b2376dc,O-1,RESIDENT,IN,BHIM,ISSUER_02,True,True,ON,2025-07-13,STD,0.637,-0.075,0.326,-0.076,True,True,False,OUT
U_cf5c9cf504,O-1,RESIDENT,IN,PHONEPE,ISSUER_09,True,True,ON,2025-03-21,STD,0.201,0.065,0.055,0.005,True,True,False,OUT
U_4923af1658,O-1,RESIDENT,IN,PHONEPE,ISSUER_03,True,True,ON,2026-07-12,STD,0.782,0.102,0.121,0.208,False,True,False,OUT
U_2b045a0365,O-6,RESIDENT,IN,BHIM,ISSUER_03,False,False,OFF,2024-09-28,STD,0.21,0.106,0.146,0.116,True,True,True,OUT
U_66a3bb8602,O-2,RESIDENT,IN,PHONEPE,ISSUER_11,True,True,ON,2024-09-05,STD,0.53,0.399,0.376,-0.123,False,True,True,OUT
U_6388496c4f,O-4,RESIDENT,IN,PHONEPE,ISSUER_08,True,True,ON,2026-06-25,STD,0.31,0.007,0.368,-0.018,True,True,True,OUT
U_08ea735de6,O-2,RESIDENT,IN,GPAY,ISSUER_08,True,True,ON,2025-10-13,STD,0.834,0.369,0.32,-0.15,True,True,True,OUT
U_2fe110ac0c,O-2,RESIDENT,IN,PHONEPE,ISSUER_11,True,True,ON,2026-07-29,STD,0.709,-0.195,0.277,-0.07,True,True,False,OUT
U_8399e39070,O-1,RESIDENT,IN,BHIM,ISSUER_11,False,True,ON,2024-10-06,STD,0.728,0.341,0.397,-0.061,True,False,True,OUT
U_4975f02743,O-3,RESIDENT,IN,BHIM,ISSUER_05,True,False,ON,2025-05-18,STD,0.765,0.079,0.197,-0.083,False,True,False,OUT
U_58e0477b90,O-3,RESIDENT,IN,PHONEPE,ISSUER_01,True,True,OFF,2025-12-01,STD,0.567,0.028,0.241,-0.041,True,False,True,OUT
U_ae0f107e76,O-5,RESIDENT,IN,GPAY,ISSUER_07,True,True,ON,2025-05-18,STD,0.284,0.416,0.421,-0.078,True,True,True,OUT
U_1e86685b4e,O-1,RESIDENT,IN,BHIM,ISSUER_06,True,True,ON,2026-03-04,STD,0.388,0.386,0.459,-0.106,True,False,True,OUT
U_514a25f65b,O-1,RESIDENT,IN,GPAY,ISSUER_03,True,True,ON,2025-06-20,STD,0.128,0.275,0.209,0.054,True,True,True,OUT
U_5cb5b71ba4,O-6,RESIDENT,IN,BHIM,ISSUER_02,True,True,OFF,2026-01-23,STD,0.359,0.104,0.217,0.197,True,False,True,OUT
U_aa8d3a390a,O-6,RESIDENT,IN,PHONEPE,ISSUER_07,False,True,OFF,2025-11-19,STD,0.881,0.045,0.131,0.008,True,True,True,OUT
U_10c7a210b6,O-1,RESIDENT,IN,PHONEPE,ISSUER_06,True,True,ON,2026-03-30,STD,0.847,0.39,0.275,-0.045,True,True,True,OUT
U_274ce1c69f,O-2,RESIDENT,IN,PHONEPE,ISSUER_07,True,False,ON,2024-11-11,STD,0.19,-0.251,0.165,0.024,False,True,True,OUT
U_fab5702892,O-3,RESIDENT,IN,PHONEPE,ISSUER_03,True,True,OFF,2025-04-10,STD,0.757,0.226,0.082,0.073,False,True,False,OUT
U_4639a3ab63,O-6,RESIDENT,IN,PHONEPE,ISSUER_05,True,False,OFF,2025-03-18,STD,0.75,0.142,0.2,-0.085,True,True,False,OUT
U_7151f956d5,O-2,RESIDENT,IN,BHIM,ISSUER_08,True,True,ON,2025-06-19,STD,0.3,-0.231,0.062,0.022,True,False,True,OUT
U_21f85abca6,O-2,RESIDENT,IN,GPAY,ISSUER_12,True,True,OFF,2025-08-20,STD,0.263,0.171,0.155,-0.15,True,True,False,OUT
U_d2eb18da1b,O-2,RESIDENT,IN,GPAY,ISSUER_03,True,True,OFF,2026-06-15,STD,0.093,0.005,0.222,0.145,True,True,True,OUT
U_ca478edd11,O-6,RESIDENT,IN,PHONEPE,ISSUER_05,False,True,OFF,2025-11-11,STD,0.481,-0.207,0.185,-0.073,True,True,True,OUT
U_ee5045a2ae,O-2,RESIDENT,IN,BHIM,ISSUER_05,True,True,ON,2025-04-11,STD,0.543,0.133,0.242,0.08,True,True,False,OUT
U_9510b166bd,O-2,RESIDENT,IN,PHONEPE,ISSUER_02,True,True,ON,2025-12-25,STD,0.512,0.197,0.251,-0.144,True,True,False,OUT
U_618a435aa2,O-2,RESIDENT,IN,BHIM,ISSUER_06,True,True,ON,2026-01-19,STD,0.161,0.112,0.295,-0.102,True,False,True,OUT
U_8b04507512,O-2,RESIDENT,IN,GPAY,ISSUER_07,True,True,ON,2026-05-30,STD,0.468,0.166,0.343,0.031,True,False,False,OUT
U_df4472c6ed,O-2,RESIDENT,IN,BHIM,ISSUER_12,True,True,ON,2024-10-24,STD,0.647,0.154,0.249,0.046,True,True,False,OUT
U_88b02a4664,O-1,RESIDENT,IN,PHONEPE,ISSUER_12,True,True,ON,2026-02-12,STD,0.576,-0.201,0.295,-0.145,True,True,True,OUT
U_91982bdf43,O-2,RESIDENT,IN,PHONEPE,ISSUER_04,True,True,ON,2026-01-09,STD,0.409,0.225,0.192,0.23,True,False,True,OUT
U_5155d3d53d,O-1,RESIDENT,IN,BHIM,ISSUER_06,True,False,ON,2025-09-01,STD,0.212,0.246,0.041,0.044,False,True,True,OUT
U_3a4452926e,O-6,RESIDENT,IN,PHONEPE,ISSUER_12,True,True,OFF,2025-07-08,STD,0.427,-0.221,0.642,-0.01,True,False,True,OUT
U_6ac95b8cc5,O-5,RESIDENT,IN,BHIM,ISSUER_12,False,False,OFF,2025-08-05,STD,0.728,0.186,0.346,0.127,True,True,False,OUT
U_8f5ff06994,O-2,RESIDENT,IN,GPAY,ISSUER_05,True,True,OFF,2026-01-21,STD,0.904,0.586,0.287,-0.034,False,True,False,OUT
U_4cbd6d485e,O-3,RESIDENT,IN,PHONEPE,ISSUER_05,True,True,OFF,2026-01-12,STD,0.311,0.107,0.234,0.05,True,False,True,OUT
U_a8141a0ab5,O-1,RESIDENT,IN,PHONEPE,ISSUER_01,False,False,ON,2025-04-16,STD,0.393,-0.094,0.207,0.058,True,True,True,OUT
U_4de337391b,O-1,RESIDENT,IN,GPAY,ISSUER_05,False,True,ON,2026-03-10,STD,0.174,-0.217,0.106,-0.069,True,False,True,OUT
U_3a76a6921e,O-2,RESIDENT,IN,BHIM,ISSUER_10,False,False,OFF,2026-03-23,STD,0.395,0.127,0.364,-0.15,True,True,False,OUT
U_70699dfeb0,O-3,RESIDENT,IN,BHIM,ISSUER_03,False,True,OFF,2025-07-04,STD,0.214,0.349,0.172,-0.039,True,True,False,OUT
U_6b57e7666e,O-2,RESIDENT,IN,GPAY,ISSUER_04,True,True,OFF,2025-01-19,STD,0.696,-0.007,0.347,-0.051,False,False,False,OUT
U_150c5bd591,O-1,RESIDENT,IN,GPAY,ISSUER_05,True,True,ON,2026-02-22,STD,0.667,0.6,0.313,0.081,True,False,True,OUT
U_56d7a17682,O-1,RESIDENT,IN,BHIM,ISSUER_01,True,True,ON,2025-06-23,STD,0.597,0.388,0.143,0.07,False,True,False,OUT
U_a7cfaffb46,O-2,RESIDENT,IN,PHONEPE,ISSUER_04,True,True,OFF,2025-11-04,STD,0.277,0.033,0.324,-0.105,True,True,False,OUT
U_8c2c855e04,O-1,RESIDENT,IN,PHONEPE,ISSUER_03,True,True,ON,2025-01-03,STD,0.825,0.009,0.341,0.064,False,True,False,OUT
U_cc68c00480,O-2,RESIDENT,IN,BHIM,ISSUER_05,True,True,OFF,2026-03-21,STD,0.69,0.129,0.279,0.049,True,False,False,OUT
U_80beb1d733,O-3,RESIDENT,IN,BHIM,ISSUER_05,True,True,ON,2026-02-13,STD,0.295,0.364,0.161,-0.11,False,True,False,OUT
U_4ead083c56,O-5,RESIDENT,IN,PHONEPE,ISSUER_10,True,True,OFF,2024-11-27,STD,0.763,0.16,0.258,0.1,True,True,False,OUT
U_6455d051e5,O-6,RESIDENT,IN,BHIM,ISSUER_07,False,False,OFF,2025-07-18,STD,0.387,0.245,0.233,-0.041,True,False,False,OUT
U_18aad41a3a,O-5,RESIDENT,IN,PHONEPE,ISSUER_09,True,True,ON,2026-06-11,STD,0.071,0.032,0.33,-0.15,True,True,True,OUT
U_7c3f5a49e9,O-2,RESIDENT,IN,BHIM,ISSUER_02,True,True,ON,2025-12-23,ELEVATED,0.263,-0.121,0.142,0.085,False,False,True,OUT
U_dab25fd3f1,O-5,RESIDENT,IN,PHONEPE,ISSUER_05,False,True,OFF,2026-02-23,STD,0.71,0.13,0.501,-0.134,True,True,False,OUT
U_1b5fca6eac,O-4,RESIDENT,IN,GPAY,ISSUER_11,True,True,OFF,2026-03-26,STD,0.24,0.156,0.159,-0.086,True,False,True,OUT
U_b15c6ffae0,O-4,RESIDENT,IN,BHIM,ISSUER_03,True,True,OFF,2025-01-03,STD,0.777,0.13,0.287,0.043,False,True,True,OUT
U_b40fd34cee,O-6,RESIDENT,IN,PHONEPE,ISSUER_05,False,False,OFF,2025-06-30,STD,0.747,0.039,0.502,-0.15,False,True,False,OUT
U_359a5d76b9,O-1,RESIDENT,IN,BHIM,ISSUER_01,True,True,ON,2025-05-31,STD,0.266,-0.4,0.414,-0.032,True,False,True,OUT
U_f031bbbba1,O-1,RESIDENT,IN,GPAY,ISSUER_09,True,True,ON,2025-03-02,STD,0.161,0.008,0.263,0.187,True,True,True,OUT
U_da660e20e9,O-2,RESIDENT,IN,PHONEPE,ISSUER_03,True,True,ON,2025-08-07,STD,0.167,0.126,0.348,-0.127,True,False,True,OUT
U_d47164d72b,O-2,RESIDENT,IN,PHONEPE,ISSUER_04,True,True,OFF,2025-03-25,STD,0.479,0.248,0.431,0.028,True,True,False,OUT
U_3b3843cdf7,O-1,RESIDENT,IN,GPAY,ISSUER_08,True,True,ON,2025-02-24,STD,0.21,-0.172,0.663,-0.15,True,False,True,OUT
U_8a15bf4066,O-5,RESIDENT,IN,BHIM,ISSUER_05,True,True,ON,2025-01-26,STD,0.162,0.271,0.199,-0.008,True,True,True,OUT
U_375714278f,O-1,RESIDENT,IN,PHONEPE,ISSUER_03,True,True,ON,2025-07-28,STD,0.468,0.14,0.33,-0.15,True,False,True,OUT
U_d8321d47af,O-2,RESIDENT,IN,PHONEPE,ISSUER_07,True,True,OFF,2025-12-19,STD,0.526,0.228,0.363,0.066,True,True,True,OUT
U_ec698e0a1c,O-2,RESIDENT,IN,GPAY,ISSUER_12,True,True,ON,2024-09-20,STD,0.753,0.265,0.46,-0.061,False,True,False,OUT
U_7c82806153,O-1,RESIDENT,IN,PHONEPE,ISSUER_07,True,True,ON,2025-08-20,STD,0.081,0.095,0.13,0.11,True,True,False,OUT
U_79d6894415,O-1,RESIDENT,IN,BHIM,ISSUER_08,True,True,ON,2025-08-30,STD,0.336,0.16,0.212,0.037,True,False,False,OUT
U_de7b950c48,O-5,RESIDENT,IN,GPAY,ISSUER_08,True,True,ON,2024-12-29,STD,0.744,0.066,0.146,0.204,False,False,False,OUT
U_ea79886bd1,O-2,RESIDENT,IN,GPAY,ISSUER_02,True,True,OFF,2026-06-25,STD,0.386,0.183,0.11,-0.074,True,True,False,OUT
U_45ad05f9ea,O-2,RESIDENT,IN,GPAY,ISSUER_04,True,True,OFF,2025-03-29,STD,0.124,0.306,0.127,0.052,True,False,True,OUT
U_bf063bee9a,O-3,RESIDENT,IN,BHIM,ISSUER_07,True,True,ON,2025-11-24,STD,0.382,-0.015,0.317,0.022,True,True,False,OUT
U_0726705d22,O-5,RESIDENT,IN,GPAY,ISSUER_01,True,True,ON,2024-09-16,STD,0.621,0.38,0.378,0.099,True,True,False,OUT
U_6156f7fbeb,O-1,RESIDENT,IN,PHONEPE,ISSUER_04,False,True,ON,2025-08-06,STD,0.676,-0.202,0.452,-0.15,True,True,False,OUT
U_c3e3b6c994,O-3,RESIDENT,IN,PHONEPE,ISSUER_05,False,False,ON,2025-04-28,STD,0.639,0.318,0.339,0.041,False,True,True,OUT
U_59a947b16b,O-5,RESIDENT,IN,BHIM,ISSUER_07,True,True,ON,2026-04-16,STD,0.462,0.396,0.3,0.173,True,True,False,OUT
U_250b2679fa,O-2,RESIDENT,IN,PHONEPE,ISSUER_02,True,True,ON,2025-05-05,STD,0.067,0.152,0.164,0.054,False,True,False,OUT
U_3023a26c77,O-6,RESIDENT,IN,BHIM,ISSUER_01,True,False,OFF,2025-12-13,STD,0.229,-0.061,0.444,-0.136,False,True,True,OUT
U_5f483c2bf3,O-2,RESIDENT,IN,BHIM,ISSUER_07,True,True,OFF,2026-05-07,STD,0.418,0.072,0.134,0.031,True,True,True,OUT
U_99ceb05c4d,O-6,RESIDENT,IN,PHONEPE,ISSUER_12,False,False,OFF,2025-09-18,STD,0.39,0.07,0.4,0.024,False,False,False,OUT
U_53c524290f,O-4,RESIDENT,IN,PHONEPE,ISSUER_08,True,True,OFF,2025-10-17,STD,0.826,0.205,0.395,-0.15,False,False,True,OUT
U_769287cbd1,O-2,RESIDENT,IN,GPAY,ISSUER_02,True,True,ON,2024-10-08,STD,0.491,0.264,0.163,0.052,True,False,True,OUT
U_5bc27c1d94,O-2,RESIDENT,IN,PHONEPE,ISSUER_03,True,True,OFF,2025-07-02,STD,0.456,0.443,0.211,-0.101,False,False,True,OUT
U_9303232836,O-2,RESIDENT,IN,GPAY,ISSUER_11,True,True,OFF,2025-04-11,STD,0.681,0.132,0.22,-0.073,True,True,True,OUT
U_5d3a7f31fb,O-1,RESIDENT,IN,PHONEPE,ISSUER_11,True,True,ON,2025-10-05,STD,0.286,-0.0,0.46,0.024,True,False,True,OUT
U_7bf1e8d81e,O-6,RESIDENT,IN,PHONEPE,ISSUER_09,False,True,OFF,2026-07-31,STD,0.753,0.311,0.162,-0.005,False,True,False,OUT
U_ec3700b84f,O-3,RESIDENT,IN,GPAY,ISSUER_08,True,True,ON,2026-06-29,STD,0.409,0.076,0.452,-0.035,True,True,True,OUT
U_ddc222bd6b,O-2,RESIDENT,IN,GPAY,ISSUER_07,True,True,ON,2026-06-09,STD,0.532,0.194,0.214,0.053,True,True,True,OUT
U_04a199468f,O-1,RESIDENT,IN,PHONEPE,ISSUER_03,False,True,ON,2024-10-17,STD,0.837,-0.168,0.124,-0.043,True,True,False,OUT
U_f3cf204533,O-6,RESIDENT,IN,PHONEPE,ISSUER_09,False,True,OFF,2026-02-28,STD,0.473,-0.022,0.226,0.174,True,False,False,OUT
U_c9719e485b,O-5,RESIDENT,IN,BHIM,ISSUER_01,True,True,OFF,2025-09-16,STD,0.741,-0.067,0.56,-0.09,True,True,False,OUT
U_a023df0e49,O-6,RESIDENT,IN,BHIM,ISSUER_04,False,False,OFF,2024-12-09,STD,0.719,-0.019,0.241,0.052,True,False,False,OUT
U_305433923c,O-5,RESIDENT,IN,GPAY,ISSUER_10,True,True,ON,2026-02-06,STD,0.867,0.114,0.317,0.095,True,False,True,OUT
U_f81ab93411,O-5,RESIDENT,IN,BHIM,ISSUER_02,True,True,OFF,2024-09-18,STD,0.794,0.078,0.196,-0.096,True,True,True,OUT
U_005997330e,O-2,RESIDENT,IN,PHONEPE,ISSUER_08,True,True,ON,2024-11-02,STD,0.696,0.05,0.087,0.061,True,True,True,OUT
U_c7288f94f6,O-2,RESIDENT,IN,BHIM,ISSUER_10,True,True,ON,2025-02-17,STD,0.725,0.494,0.244,0.177,True,True,False,OUT
U_66092f5cbe,O-1,RESIDENT,IN,PHONEPE,ISSUER_06,True,True,ON,2026-04-08,STD,0.25,0.135,0.275,-0.128,True,False,True,OUT
U_359008a248,O-1,RESIDENT,IN,BHIM,ISSUER_11,True,True,ON,2025-09-07,STD,0.816,0.495,0.319,-0.045,False,True,True,OUT
U_990e831e7f,O-3,RESIDENT,IN,BHIM,ISSUER_03,True,True,ON,2025-05-01,STD,0.287,0.156,0.088,0.154,False,False,True,OUT
U_7fe89345f7,O-6,RESIDENT,IN,PHONEPE,ISSUER_02,False,False,OFF,2025-05-30,STD,0.64,-0.097,0.213,0.044,False,True,True,OUT
U_c7a50c7688,O-2,RESIDENT,IN,GPAY,ISSUER_08,True,True,OFF,2025-02-08,STD,0.876,-0.196,0.194,0.172,True,True,True,OUT
U_0f04fa0873,O-3,RESIDENT,IN,BHIM,ISSUER_08,True,True,ON,2026-07-30,STD,0.392,0.386,0.231,-0.026,True,True,True,OUT
U_aaac4c13b1,O-4,RESIDENT,IN,GPAY,ISSUER_02,True,True,OFF,2025-12-06,STD,0.792,0.043,0.097,-0.15,True,True,True,OUT
U_2d594ca651,O-2,RESIDENT,IN,PHONEPE,ISSUER_04,True,True,ON,2024-11-06,STD,0.904,-0.049,0.538,-0.056,True,True,True,OUT
U_30ead00dc3,O-5,RESIDENT,IN,GPAY,ISSUER_10,True,True,OFF,2024-08-26,STD,0.395,0.002,0.18,0.105,True,True,False,OUT
U_9d8c0f62fe,O-4,RESIDENT,IN,GPAY,ISSUER_07,True,True,ON,2025-10-28,STD,0.483,-0.231,0.407,-0.124,True,False,True,OUT
U_49c53f1207,O-6,RESIDENT,IN,PHONEPE,ISSUER_09,False,True,OFF,2025-08-21,STD,0.196,0.04,0.447,0.064,True,True,False,OUT
U_bef01b00eb,O-2,RESIDENT,IN,PHONEPE,ISSUER_09,True,True,ON,2025-09-19,STD,0.356,0.293,0.087,0.12,True,True,True,OUT
U_562076fa7a,O-5,RESIDENT,IN,PHONEPE,ISSUER_06,True,True,OFF,2025-01-17,STD,0.455,-0.205,0.41,-0.098,True,True,False,OUT
U_6a311f7495,O-1,RESIDENT,IN,GPAY,ISSUER_02,True,True,ON,2025-01-24,STD,0.215,0.368,0.215,0.131,True,True,True,OUT
U_0ba6f3b8cd,O-2,RESIDENT,IN,GPAY,ISSUER_05,True,True,OFF,2025-09-23,STD,0.353,0.323,0.205,-0.015,True,True,False,OUT
U_f57ff76785,O-5,RESIDENT,IN,GPAY,ISSUER_04,True,True,OFF,2026-07-03,STD,0.234,0.416,0.276,0.151,True,True,True,OUT
U_452c920a8a,O-1,RESIDENT,IN,BHIM,ISSUER_07,True,True,ON,2025-08-08,STD,0.852,-0.026,0.691,-0.15,True,False,True,OUT
U_be532fa251,O-1,RESIDENT,IN,PHONEPE,ISSUER_06,True,True,ON,2026-07-23,STD,0.377,0.179,0.129,0.101,True,False,True,OUT
U_03154390e1,O-1,RESIDENT,IN,BHIM,ISSUER_08,True,True,ON,2024-12-19,STD,0.62,0.115,0.226,0.118,True,True,False,OUT
U_d5b00d9762,O-2,RESIDENT,IN,BHIM,ISSUER_12,True,True,OFF,2025-03-08,STD,0.21,0.047,0.184,-0.15,True,True,True,OUT
U_f017e04dce,O-1,RESIDENT,IN,PHONEPE,ISSUER_05,False,True,ON,2025-01-19,STD,0.092,0.235,0.11,-0.025,True,False,True,OUT
U_c56b957569,O-2,RESIDENT,IN,GPAY,ISSUER_11,True,True,ON,2026-03-06,STD,0.413,0.015,0.294,0.053,True,True,True,OUT
U_5361eac679,O-2,RESIDENT,IN,GPAY,ISSUER_07,False,True,OFF,2025-01-11,STD,0.425,0.013,0.211,0.084,True,True,True,OUT
U_76724441a1,O-1,RESIDENT,IN,BHIM,ISSUER_01,False,True,ON,2025-03-21,STD,0.583,0.085,0.272,0.031,False,True,True,OUT
U_82d08b8233,O-3,RESIDENT,IN,BHIM,ISSUER_09,True,True,ON,2025-12-26,STD,0.441,0.089,0.356,0.041,False,True,True,OUT
U_ef29e758a9,O-2,RESIDENT,IN,BHIM,ISSUER_12,True,True,ON,2025-05-30,STD,0.685,0.149,0.188,0.037,True,False,True,OUT
U_185c077660,O-2,RESIDENT,IN,BHIM,ISSUER_02,True,True,OFF,2024-12-13,STD,0.921,0.358,0.493,-0.15,True,True,False,OUT
U_51a222b8e0,O-1,RESIDENT,IN,GPAY,ISSUER_07,True,True,ON,2024-12-04,STD,0.56,-0.126,0.502,-0.027,False,True,False,OUT
U_53d770a919,O-1,RESIDENT,IN,BHIM,ISSUER_01,True,True,ON,2024-09-10,STD,0.416,0.184,0.166,-0.115,True,True,True,OUT
U_90aaa90a3a,O-4,RESIDENT,IN,PHONEPE,ISSUER_10,True,True,ON,2024-08-15,STD,0.484,0.504,0.286,0.071,True,True,True,OUT
U_a747269a6b,O-5,RESIDENT,IN,PHONEPE,ISSUER_08,True,True,ON,2024-08-22,STD,0.837,0.192,0.185,-0.039,False,True,False,OUT
U_ade4a5d8fe,O-6,RESIDENT,IN,BHIM,ISSUER_10,False,False,OFF,2026-02-27,STD,0.119,0.136,0.147,0.09,True,False,True,OUT
U_29c395bb60,O-5,RESIDENT,IN,GPAY,ISSUER_02,True,True,OFF,2025-11-14,STD,0.636,0.304,0.311,0.02,True,True,True,OUT
U_c3d72290cd,O-1,RESIDENT,IN,GPAY,ISSUER_09,True,True,ON,2025-02-02,STD,0.784,0.336,0.157,-0.042,True,False,True,OUT
U_b04cc77749,O-2,RESIDENT,IN,PHONEPE,ISSUER_02,True,True,ON,2025-01-05,STD,0.609,0.2,0.341,0.044,True,False,False,OUT
U_291cdf0206,O-2,RESIDENT,IN,PHONEPE,ISSUER_07,True,True,OFF,2025-01-14,STD,0.256,0.03,0.284,0.042,True,True,True,OUT
U_59ef19d14d,O-2,RESIDENT,IN,BHIM,ISSUER_12,True,True,ON,2025-11-06,STD,0.39,0.6,0.423,-0.023,True,True,True,OUT
U_9f2026de63,O-5,RESIDENT,IN,BHIM,ISSUER_02,False,True,OFF,2026-05-26,STD,0.563,0.351,0.289,0.092,True,True,False,OUT
U_b61bfd4ae7,O-1,RESIDENT,IN,BHIM,ISSUER_10,True,True,ON,2026-03-10,STD,0.165,0.051,0.353,-0.032,False,True,False,OUT
U_7bedcabf34,O-1,RESIDENT,IN,BHIM,ISSUER_01,True,True,ON,2025-02-06,ELEVATED,0.527,0.326,0.429,0.139,True,True,False,OUT
U_45549b3244,O-1,RESIDENT,IN,BHIM,ISSUER_07,True,True,ON,2026-07-18,STD,0.544,-0.063,0.595,-0.083,True,True,True,OUT
U_1f9c4026dd,O-6,RESIDENT,IN,GPAY,ISSUER_11,False,True,OFF,2026-04-21,STD,0.482,0.524,0.115,-0.003,True,True,True,OUT
U_bdd33014fb,O-6,RESIDENT,IN,PHONEPE,ISSUER_04,False,False,OFF,2024-12-21,STD,0.473,0.184,0.326,-0.025,True,False,True,OUT
U_7c6d6f6a8f,O-2,RESIDENT,IN,GPAY,ISSUER_03,True,False,OFF,2025-04-02,STD,0.695,0.027,0.358,-0.15,True,True,True,OUT
U_dd8edfa9c5,O-2,RESIDENT,IN,GPAY,ISSUER_10,True,True,ON,2026-04-06,STD,0.468,0.17,0.284,-0.072,True,False,False,OUT
U_90a92247c9,O-2,RESIDENT,IN,BHIM,ISSUER_07,True,True,OFF,2025-08-29,STD,0.529,0.115,0.333,0.12,True,True,True,OUT
U_8d70fdbc9f,O-3,RESIDENT,IN,BHIM,ISSUER_08,True,True,OFF,2025-09-05,STD,0.559,0.179,0.302,-0.15,True,True,True,OUT
U_9a2b7560cb,O-6,RESIDENT,IN,PHONEPE,ISSUER_08,False,False,OFF,2025-09-23,STD,0.769,-0.002,0.096,0.177,True,True,False,OUT
U_f1c5e43258,O-1,RESIDENT,IN,GPAY,ISSUER_03,True,True,ON,2025-06-27,STD,0.559,0.167,0.292,-0.15,True,True,False,OUT
U_4c4a0b1fa3,O-1,RESIDENT,IN,GPAY,ISSUER_04,True,True,ON,2026-02-13,STD,0.416,-0.046,0.224,0.162,True,True,True,OUT
U_b05122b31c,O-6,RESIDENT,IN,GPAY,ISSUER_12,False,False,OFF,2026-05-04,STD,0.335,0.285,0.297,-0.025,True,False,True,OUT
U_6b307710c4,O-2,RESIDENT,IN,PHONEPE,ISSUER_08,True,True,ON,2025-04-03,STD,0.588,0.19,0.049,0.164,True,False,True,OUT
U_c99cbce024,O-6,RESIDENT,IN,GPAY,ISSUER_02,False,False,OFF,2025-07-10,STD,0.842,0.248,0.194,-0.005,True,False,True,OUT
U_dc250346ed,O-3,RESIDENT,IN,BHIM,ISSUER_05,True,True,ON,2025-02-23,STD,0.905,0.171,0.396,0.0,True,True,True,OUT
U_95021b9fe2,O-2,RESIDENT,IN,BHIM,ISSUER_03,True,True,ON,2025-05-26,STD,0.542,0.269,0.224,-0.095,True,True,True,OUT
U_a470c6bae0,O-3,RESIDENT,IN,PHONEPE,ISSUER_03,True,True,OFF,2026-07-23,STD,0.609,0.206,0.392,0.036,True,True,True,OUT
U_5eb1f11dee,O-4,RESIDENT,IN,GPAY,ISSUER_08,True,True,OFF,2024-08-17,STD,0.403,0.225,0.415,0.018,True,True,True,OUT
U_da10acd062,O-1,RESIDENT,IN,BHIM,ISSUER_09,False,True,ON,2025-02-23,STD,0.561,-0.032,0.232,0.067,False,True,True,OUT
U_d290f0946b,O-2,RESIDENT,IN,GPAY,ISSUER_01,True,False,OFF,2025-07-15,STD,0.236,0.359,0.135,-0.073,True,False,False,OUT
U_1d5e751d10,O-1,RESIDENT,IN,BHIM,ISSUER_06,True,True,ON,2025-05-11,STD,0.293,-0.021,0.316,-0.07,True,True,True,OUT
U_4d5fc84af4,O-2,RESIDENT,IN,PHONEPE,ISSUER_11,True,True,ON,2025-08-23,STD,0.755,0.317,0.173,0.258,True,False,False,OUT
U_b5688af7e7,O-5,RESIDENT,IN,GPAY,ISSUER_12,True,True,OFF,2026-05-26,STD,0.093,0.252,0.034,0.017,True,True,False,OUT
U_8c563f842d,O-2,RESIDENT,IN,BHIM,ISSUER_05,True,True,ON,2025-08-29,STD,0.489,0.061,0.435,-0.15,True,True,True,OUT
U_36e2cfd1b4,O-5,RESIDENT,IN,BHIM,ISSUER_12,True,False,ON,2026-03-29,STD,0.57,-0.018,0.571,-0.15,True,True,False,OUT
U_aaca778bf6,O-6,RESIDENT,IN,BHIM,ISSUER_02,True,True,OFF,2024-10-30,STD,0.429,0.008,0.058,0.075,True,True,False,OUT
U_e44ab4ae2d,O-1,RESIDENT,IN,GPAY,ISSUER_10,True,True,ON,2024-10-27,STD,0.517,0.195,0.477,-0.025,True,False,False,OUT
U_79aa3628f2,O-2,RESIDENT,IN,BHIM,ISSUER_04,True,True,ON,2026-02-01,STD,0.239,0.09,0.287,0.036,True,True,False,OUT
U_a6d9268051,O-4,RESIDENT,IN,BHIM,ISSUER_10,True,False,ON,2026-02-24,STD,0.319,0.254,0.348,-0.001,True,False,False,OUT
U_07e5142528,O-5,RESIDENT,IN,BHIM,ISSUER_09,True,True,OFF,2025-10-03,STD,0.254,0.4,0.312,0.072,True,True,False,OUT
U_fa9f64a16e,O-1,RESIDENT,IN,PHONEPE,ISSUER_07,True,True,ON,2025-12-26,STD,0.477,0.201,0.057,0.056,False,True,False,OUT
U_94da169d44,O-1,RESIDENT,IN,GPAY,ISSUER_11,True,True,ON,2025-06-29,STD,0.71,-0.017,0.682,-0.03,True,True,True,OUT
U_3e193753dc,O-1,RESIDENT,IN,BHIM,ISSUER_03,True,True,ON,2026-04-18,STD,0.274,-0.164,0.052,-0.002,True,False,True,OUT
U_0c8e21136c,O-2,RESIDENT,IN,PHONEPE,ISSUER_07,True,True,OFF,2025-04-09,STD,0.333,0.043,0.57,-0.15,True,True,True,OUT
U_a6f164c3d4,O-5,RESIDENT,IN,PHONEPE,ISSUER_04,True,True,OFF,2025-06-02,STD,0.481,0.071,0.318,-0.095,False,True,False,OUT
U_dc5cf76f89,O-1,RESIDENT,IN,BHIM,ISSUER_05,True,True,ON,2026-05-14,STD,0.697,-0.021,0.568,0.245,True,True,False,OUT
U_a96d2c1a2f,O-3,RESIDENT,IN,GPAY,ISSUER_02,True,False,ON,2026-02-04,STD,0.255,0.537,0.241,0.198,True,False,False,OUT
U_387b18143c,O-3,RESIDENT,IN,BHIM,ISSUER_02,True,True,ON,2026-07-02,STD,0.812,0.23,0.235,0.006,True,True,True,OUT
U_f448e5bf47,O-5,RESIDENT,IN,GPAY,ISSUER_08,True,False,OFF,2025-10-03,STD,0.393,0.19,0.515,-0.096,False,True,True,OUT
U_de155f3ec6,O-2,RESIDENT,IN,GPAY,ISSUER_01,True,True,ON,2025-10-30,STD,0.72,0.024,0.331,0.118,True,False,True,OUT
U_6ea7a3c812,O-2,RESIDENT,IN,PHONEPE,ISSUER_02,True,True,ON,2025-10-30,STD,0.284,0.051,0.418,0.067,True,False,True,OUT
U_2bd2a64f48,O-3,RESIDENT,IN,GPAY,ISSUER_02,True,True,OFF,2025-04-30,STD,0.469,0.027,0.322,-0.035,True,False,True,OUT
U_79bd61b664,O-6,RESIDENT,IN,GPAY,ISSUER_03,False,False,OFF,2024-10-17,STD,0.609,0.131,0.101,-0.15,True,True,False,OUT
U_c1d1c77360,O-6,RESIDENT,IN,GPAY,ISSUER_03,True,False,OFF,2025-09-14,STD,0.434,0.17,0.127,-0.103,True,True,True,OUT
U_78a10f5bf9,O-1,RESIDENT,IN,GPAY,ISSUER_04,True,True,ON,2024-09-25,STD,0.518,0.163,0.334,0.172,False,False,False,OUT
U_6e79fca178,O-6,RESIDENT,IN,PHONEPE,ISSUER_06,False,True,OFF,2024-08-20,STD,0.539,-0.015,0.37,-0.064,True,True,False,OUT
U_716b475c70,O-4,RESIDENT,IN,GPAY,ISSUER_06,True,True,OFF,2025-10-14,STD,0.139,0.401,0.316,0.074,True,False,True,OUT
U_842d47e234,O-5,RESIDENT,IN,BHIM,ISSUER_04,True,True,ON,2025-01-05,STD,0.576,-0.026,0.542,0.021,True,False,False,OUT
U_b1ad7bc229,O-2,RESIDENT,IN,BHIM,ISSUER_08,True,True,OFF,2025-02-04,STD,0.637,0.028,0.345,0.352,True,True,True,OUT
U_c0aa0b95ce,O-1,RESIDENT,IN,GPAY,ISSUER_09,True,True,ON,2025-07-03,STD,0.384,-0.106,0.291,0.114,False,False,False,OUT
U_75fc9da9b8,O-6,RESIDENT,IN,BHIM,ISSUER_01,True,False,OFF,2024-08-29,STD,0.435,0.121,0.292,-0.002,True,True,False,OUT
U_f7e8de7632,O-2,RESIDENT,IN,PHONEPE,ISSUER_07,True,True,OFF,2026-01-29,STD,0.404,-0.067,0.562,-0.15,True,True,True,OUT
U_8b722ca70c,O-3,RESIDENT,IN,PHONEPE,ISSUER_12,True,True,ON,2025-07-21,STD,0.675,0.556,0.361,-0.081,True,False,False,OUT
U_f42608bca2,O-5,RESIDENT,IN,BHIM,ISSUER_01,True,True,OFF,2024-10-15,STD,0.421,0.012,0.113,-0.032,True,False,True,OUT
U_6dd572444f,O-5,RESIDENT,IN,PHONEPE,ISSUER_06,False,True,OFF,2025-09-21,STD,0.22,0.238,0.129,0.277,True,True,False,OUT
U_eef604a348,O-5,RESIDENT,IN,BHIM,ISSUER_08,True,True,OFF,2026-05-13,STD,0.598,0.15,0.324,-0.037,True,False,False,OUT
U_b7e3364318,O-3,RESIDENT,IN,BHIM,ISSUER_09,True,True,ON,2025-02-06,STD,0.479,0.072,0.427,0.084,True,True,False,OUT
U_45929cd966,O-1,RESIDENT,IN,BHIM,ISSUER_12,True,True,ON,2024-08-29,STD,0.589,-0.159,0.503,-0.098,True,True,True,OUT
U_113c66a7f0,O-1,RESIDENT,IN,PHONEPE,ISSUER_07,True,False,ON,2026-06-18,STD,0.514,0.186,0.338,-0.15,True,True,True,OUT
U_e04bc632cb,O-2,RESIDENT,IN,BHIM,ISSUER_05,True,True,OFF,2025-04-02,STD,0.203,-0.137,0.416,0.019,True,True,False,OUT
U_d620555c62,O-5,RESIDENT,IN,BHIM,ISSUER_03,True,True,ON,2025-07-18,STD,0.233,0.373,0.072,0.123,True,True,True,OUT
U_32dbdffc63,O-4,RESIDENT,IN,GPAY,ISSUER_07,True,True,OFF,2026-04-04,STD,0.642,0.235,0.285,0.078,True,True,False,OUT
U_f9a27a4254,O-5,RESIDENT,IN,PHONEPE,ISSUER_11,True,True,OFF,2025-07-29,STD,0.302,0.148,0.064,0.029,True,True,False,OUT
U_d283389c52,O-3,RESIDENT,IN,BHIM,ISSUER_10,True,True,ON,2025-02-17,STD,0.773,0.085,0.033,-0.055,True,True,True,OUT
U_16fb31f72a,O-5,RESIDENT,IN,PHONEPE,ISSUER_06,True,True,OFF,2025-11-02,STD,0.697,0.243,0.131,0.356,True,True,True,OUT
U_6eced93920,O-2,RESIDENT,IN,GPAY,ISSUER_08,True,True,ON,2026-02-24,STD,0.633,-0.202,0.527,-0.15,False,True,False,OUT
U_dcb6e18f69,O-2,RESIDENT,IN,PHONEPE,ISSUER_08,True,True,OFF,2025-03-22,STD,0.513,-0.045,0.434,-0.149,True,True,True,OUT
U_06fb1f73e6,O-3,RESIDENT,IN,GPAY,ISSUER_06,True,True,ON,2024-08-22,STD,0.291,0.023,0.328,0.014,True,False,True,OUT
U_ffefe2376d,O-5,RESIDENT,IN,GPAY,ISSUER_11,True,False,OFF,2024-10-31,STD,0.628,0.285,0.202,0.052,True,True,False,OUT
U_396ae7756c,O-2,RESIDENT,IN,BHIM,ISSUER_10,True,True,OFF,2026-04-05,STD,0.389,-0.239,0.211,0.011,True,True,False,OUT
U_19c4333b8f,O-1,RESIDENT,IN,BHIM,ISSUER_02,True,True,ON,2024-11-16,STD,0.468,0.265,0.081,0.033,True,False,True,OUT
U_c5ca942e1e,O-2,RESIDENT,IN,PHONEPE,ISSUER_08,False,True,ON,2025-04-12,STD,0.536,0.18,0.264,0.064,True,False,True,OUT
U_505319bdb9,O-6,RESIDENT,IN,PHONEPE,ISSUER_01,False,False,OFF,2025-06-14,STD,0.845,0.389,0.275,-0.02,True,True,True,OUT
U_40b8eaf0f4,O-5,RESIDENT,IN,PHONEPE,ISSUER_04,True,True,OFF,2026-04-11,STD,0.308,0.317,0.107,0.144,True,False,True,OUT
U_297ad3875f,O-5,RESIDENT,IN,BHIM,ISSUER_06,True,True,ON,2025-09-10,STD,0.489,0.13,0.251,0.136,True,False,True,OUT
U_2547f0f8f2,O-2,RESIDENT,IN,GPAY,ISSUER_11,True,True,OFF,2024-11-28,STD,0.234,0.397,0.161,-0.027,True,True,False,OUT
U_8c17487269,O-2,RESIDENT,IN,PHONEPE,ISSUER_07,True,True,ON,2024-10-01,STD,0.755,-0.283,0.456,-0.15,True,True,False,OUT
U_cdbbb8e046,O-6,RESIDENT,IN,BHIM,ISSUER_07,False,False,OFF,2025-04-07,STD,0.427,-0.119,0.039,0.124,True,True,False,OUT
U_4671e6f587,O-6,RESIDENT,IN,BHIM,ISSUER_01,True,True,OFF,2024-09-26,STD,0.548,-0.02,0.271,0.16,True,True,True,OUT
U_ca53d71a3b,O-1,RESIDENT,IN,PHONEPE,ISSUER_03,True,True,ON,2024-11-23,STD,0.371,0.254,0.139,-0.15,True,True,False,OUT
U_e0ec581c2d,O-2,RESIDENT,IN,GPAY,ISSUER_05,True,True,OFF,2026-03-03,STD,0.59,0.139,0.281,-0.147,True,False,False,OUT
U_5d7fa4fce5,O-2,RESIDENT,IN,PHONEPE,ISSUER_04,True,True,ON,2026-07-18,STD,0.417,0.149,0.323,-0.05,True,False,True,OUT
U_6670a47fd8,O-3,RESIDENT,IN,BHIM,ISSUER_10,True,True,OFF,2024-09-08,STD,0.485,0.212,0.285,0.147,False,True,True,OUT
U_ba0c62bde0,O-5,RESIDENT,IN,GPAY,ISSUER_07,True,True,ON,2025-01-10,STD,0.175,0.189,0.289,-0.15,True,False,False,OUT
U_a0494eb659,O-4,RESIDENT,IN,BHIM,ISSUER_08,True,True,OFF,2026-05-06,STD,0.702,0.386,0.173,0.025,True,True,True,OUT
U_df71c1e675,O-2,RESIDENT,IN,BHIM,ISSUER_09,True,True,ON,2024-11-11,STD,0.48,0.276,0.205,-0.097,True,True,False,OUT
U_bb69b6f5b7,O-2,RESIDENT,IN,GPAY,ISSUER_09,True,True,ON,2026-05-13,STD,0.372,-0.004,0.721,-0.115,True,False,False,OUT
U_cecc4f86b7,O-2,RESIDENT,IN,BHIM,ISSUER_05,True,True,OFF,2025-11-02,STD,0.219,0.376,0.263,0.168,True,False,True,OUT
U_4e9fbe3b13,O-1,RESIDENT,IN,GPAY,ISSUER_10,True,True,ON,2025-06-14,STD,0.637,0.446,0.34,-0.15,True,False,False,OUT
U_f9974d926f,O-6,RESIDENT,IN,PHONEPE,ISSUER_10,False,False,OFF,2025-12-12,STD,0.824,0.042,0.184,0.173,True,True,False,OUT
U_1c2a9a8ba0,O-2,RESIDENT,IN,BHIM,ISSUER_07,True,True,ON,2025-09-13,STD,0.571,0.312,0.134,0.136,False,True,True,OUT
U_252421a700,O-1,RESIDENT,IN,GPAY,ISSUER_10,False,True,ON,2026-07-18,STD,0.679,0.093,0.256,0.204,False,False,False,OUT
U_c9921f2bba,O-3,RESIDENT,IN,BHIM,ISSUER_12,True,True,OFF,2026-02-05,STD,0.134,0.281,0.291,-0.009,True,True,False,OUT
U_3888851289,O-2,RESIDENT,IN,PHONEPE,ISSUER_02,True,False,OFF,2025-01-27,STD,0.291,-0.195,0.95,-0.15,True,True,False,OUT
U_42b8edf8ff,O-1,RESIDENT,IN,BHIM,ISSUER_12,True,True,ON,2025-12-21,STD,0.565,-0.038,0.121,0.132,True,False,True,OUT
U_36cd90de83,O-6,RESIDENT,IN,BHIM,ISSUER_06,True,False,OFF,2024-11-13,STD,0.391,-0.039,0.347,0.035,True,False,False,OUT
U_cd0f0088b4,O-6,RESIDENT,IN,PHONEPE,ISSUER_05,False,False,OFF,2025-10-01,STD,0.137,0.375,0.432,-0.15,True,True,True,OUT
U_064fa30cab,O-1,RESIDENT,IN,GPAY,ISSUER_05,True,True,ON,2025-03-10,STD,0.396,0.243,0.461,-0.15,False,True,True,OUT
U_7640d6f95e,O-5,RESIDENT,IN,BHIM,ISSUER_12,True,True,OFF,2025-03-09,STD,0.718,0.24,0.311,0.004,True,True,False,OUT
U_4375ee7263,O-2,RESIDENT,IN,GPAY,ISSUER_05,True,True,OFF,2025-02-16,STD,0.738,0.295,0.371,-0.124,True,True,False,OUT
U_67e8eae4fa,O-2,RESIDENT,IN,PHONEPE,ISSUER_05,True,False,ON,2026-02-05,STD,0.286,0.383,0.165,0.12,True,True,True,OUT
U_5089c82ae6,O-1,RESIDENT,IN,BHIM,ISSUER_10,True,True,ON,2025-01-28,STD,0.278,-0.039,0.584,-0.133,True,True,False,OUT
U_99cf6fff1f,O-5,RESIDENT,IN,PHONEPE,ISSUER_08,True,True,ON,2025-05-20,STD,0.772,0.121,0.53,-0.15,True,False,False,OUT
U_4be7babe5d,O-3,RESIDENT,IN,GPAY,ISSUER_01,True,False,ON,2026-06-27,STD,0.308,-0.057,0.608,-0.039,True,False,True,OUT
U_11ea5c4e86,O-1,RESIDENT,IN,BHIM,ISSUER_03,True,True,ON,2025-12-10,STD,0.274,0.266,0.223,0.206,True,True,True,OUT
U_05dd816267,O-3,RESIDENT,IN,BHIM,ISSUER_07,True,True,ON,2025-06-13,STD,0.85,0.087,0.414,-0.061,False,True,False,OUT
U_6b8fedfecf,O-5,RESIDENT,IN,GPAY,ISSUER_08,True,True,OFF,2025-08-10,STD,0.623,0.221,0.287,-0.076,True,True,True,OUT
U_075800fa87,O-6,RESIDENT,IN,GPAY,ISSUER_12,False,True,OFF,2026-07-24,STD,0.788,0.176,0.15,-0.058,True,True,True,OUT
U_8e07a8d251,O-6,RESIDENT,IN,GPAY,ISSUER_02,False,False,OFF,2026-06-23,STD,0.47,0.095,0.235,0.285,False,True,False,OUT
U_1e2e5c969f,O-3,RESIDENT,IN,PHONEPE,ISSUER_02,True,True,OFF,2024-12-17,STD,0.421,0.188,0.289,-0.15,True,False,True,OUT
U_a292de0c29,O-4,RESIDENT,IN,GPAY,ISSUER_01,True,True,OFF,2025-11-11,STD,0.283,0.133,0.281,0.186,True,True,True,OUT
U_601a7473f5,O-1,RESIDENT,IN,PHONEPE,ISSUER_06,True,True,ON,2025-08-12,STD,0.604,-0.279,0.494,-0.15,False,False,True,OUT
U_ae5cea0827,O-5,RESIDENT,IN,PHONEPE,ISSUER_07,True,True,OFF,2025-04-25,STD,0.341,-0.111,0.149,0.014,True,True,True,OUT
U_83c9ccd9af,O-5,RESIDENT,IN,PHONEPE,ISSUER_06,True,True,OFF,2026-02-16,STD,0.103,-0.025,0.037,0.018,False,True,True,OUT
U_e8ad630183,O-6,RESIDENT,IN,BHIM,ISSUER_05,False,True,OFF,2025-05-12,STD,0.292,0.051,0.253,-0.05,True,True,False,OUT
U_df3c6d8aa7,O-6,RESIDENT,IN,PHONEPE,ISSUER_07,True,True,OFF,2025-01-19,STD,0.458,0.337,0.381,0.033,False,True,False,OUT
U_42844ca308,O-1,RESIDENT,IN,GPAY,ISSUER_02,True,False,ON,2025-09-06,STD,0.651,0.6,0.305,-0.022,True,True,True,OUT
U_68a0cfaa2d,O-2,RESIDENT,IN,PHONEPE,ISSUER_08,True,True,OFF,2026-07-17,ELEVATED,0.256,0.141,0.062,0.023,True,True,False,OUT
U_3f6e00241c,O-1,RESIDENT,IN,PHONEPE,ISSUER_04,True,True,ON,2025-01-30,STD,0.724,-0.13,0.908,-0.016,True,True,True,OUT
U_cfc023153d,O-1,RESIDENT,IN,BHIM,ISSUER_10,True,True,ON,2025-03-26,STD,0.693,0.139,0.084,0.194,True,True,True,OUT
U_0c59ac256d,O-4,RESIDENT,IN,PHONEPE,ISSUER_01,True,True,OFF,2025-06-24,STD,0.066,0.332,0.123,-0.026,True,True,True,OUT
U_78366a2985,O-4,RESIDENT,IN,PHONEPE,ISSUER_03,False,True,OFF,2025-07-15,STD,0.669,0.185,0.292,-0.092,True,True,True,OUT
U_bbe2af12f8,O-2,RESIDENT,IN,PHONEPE,ISSUER_03,True,True,OFF,2026-02-12,STD,0.581,0.164,0.269,-0.15,True,True,False,OUT
U_ed9874621b,O-6,RESIDENT,IN,GPAY,ISSUER_06,True,True,OFF,2024-11-09,STD,0.456,0.318,0.176,0.107,False,True,False,OUT
U_31ffd82f12,O-2,RESIDENT,IN,GPAY,ISSUER_07,True,True,OFF,2025-05-19,STD,0.637,-0.013,0.2,0.008,True,False,False,OUT
U_dbe4cb21b8,O-5,RESIDENT,IN,PHONEPE,ISSUER_07,True,True,OFF,2026-03-06,STD,0.783,-0.027,0.096,-0.095,True,True,True,OUT
U_e15cc6dfc6,O-1,RESIDENT,IN,PHONEPE,ISSUER_12,True,True,ON,2026-01-12,STD,0.462,0.029,0.189,0.022,True,True,True,OUT
U_b3fc82e9a6,O-5,RESIDENT,IN,BHIM,ISSUER_01,True,True,OFF,2025-08-11,STD,0.541,0.522,0.233,-0.073,True,True,True,OUT
U_1b405659da,O-6,RESIDENT,IN,BHIM,ISSUER_03,True,False,OFF,2026-07-23,STD,0.067,0.506,0.071,0.11,True,True,True,OUT
U_cfa37ec0dc,O-6,RESIDENT,IN,BHIM,ISSUER_09,False,False,OFF,2025-03-29,STD,0.484,0.071,0.203,0.057,True,True,True,OUT
U_44e1f6618e,O-3,RESIDENT,IN,PHONEPE,ISSUER_06,True,True,OFF,2025-07-22,STD,0.331,-0.104,0.229,0.148,True,False,True,OUT
U_617c040383,O-2,RESIDENT,IN,PHONEPE,ISSUER_03,True,True,OFF,2025-01-13,STD,0.202,0.367,0.144,0.025,True,False,False,OUT
U_fc3047c65a,O-1,RESIDENT,IN,GPAY,ISSUER_03,True,True,ON,2026-03-20,STD,0.645,0.061,0.295,-0.15,True,True,False,OUT
U_7e4130e37a,O-2,RESIDENT,IN,BHIM,ISSUER_01,True,True,OFF,2025-10-15,STD,0.287,-0.114,0.395,-0.15,True,False,True,OUT
U_5171aef751,O-2,RESIDENT,IN,PHONEPE,ISSUER_11,True,True,ON,2025-11-16,STD,0.622,0.213,0.228,-0.132,True,True,False,OUT
U_8c4586d832,O-4,RESIDENT,IN,PHONEPE,ISSUER_10,True,True,ON,2025-10-11,STD,0.691,0.497,0.211,0.072,True,False,False,OUT
U_e358050589,O-2,RESIDENT,IN,PHONEPE,ISSUER_05,True,True,OFF,2025-11-04,STD,0.442,0.388,0.191,0.009,True,True,True,OUT
U_875af0096f,O-1,RESIDENT,IN,PHONEPE,ISSUER_05,True,False,ON,2025-07-26,STD,0.436,0.045,0.104,-0.053,True,True,False,OUT
U_c4786ea23e,O-6,RESIDENT,IN,PHONEPE,ISSUER_03,False,False,OFF,2025-09-04,STD,0.368,0.6,0.179,0.246,False,True,True,OUT
U_634e9b16ce,O-6,RESIDENT,IN,GPAY,ISSUER_03,False,False,OFF,2024-08-22,STD,0.613,0.219,0.305,-0.033,True,True,True,OUT
U_df373b9334,O-5,RESIDENT,IN,GPAY,ISSUER_03,True,True,ON,2026-01-24,STD,0.295,0.114,0.28,-0.066,True,True,True,OUT
U_9d18f39987,O-3,RESIDENT,IN,BHIM,ISSUER_10,True,True,OFF,2026-07-27,STD,0.572,0.089,0.407,-0.002,True,False,True,OUT
U_6dd92dd7df,O-1,RESIDENT,IN,GPAY,ISSUER_06,True,True,ON,2026-07-11,STD,0.701,0.091,0.311,0.056,True,False,False,OUT
U_339498bd23,O-1,RESIDENT,IN,BHIM,ISSUER_04,True,True,ON,2025-12-13,STD,0.606,0.323,0.111,0.134,True,True,True,OUT
U_b02f7e02b6,O-2,RESIDENT,IN,PHONEPE,ISSUER_06,True,True,ON,2025-01-21,ELEVATED,0.662,-0.024,0.249,0.008,True,False,False,OUT
U_b95cd3e9f9,O-2,RESIDENT,IN,GPAY,ISSUER_04,True,True,ON,2026-03-14,STD,0.579,-0.033,0.369,0.053,True,True,False,OUT
U_fa3d2c7861,O-1,RESIDENT,IN,PHONEPE,ISSUER_03,True,True,ON,2026-05-28,STD,0.42,0.019,0.411,-0.069,True,False,True,OUT
U_4c71ccd22f,O-2,RESIDENT,IN,PHONEPE,ISSUER_01,True,True,ON,2025-09-30,STD,0.317,-0.002,0.065,0.132,False,True,False,OUT
U_89bb30bafe,O-1,RESIDENT,IN,BHIM,ISSUER_04,True,True,ON,2025-08-26,STD,0.513,0.301,0.055,0.117,True,True,True,OUT
U_22fe6cf535,O-6,RESIDENT,IN,GPAY,ISSUER_10,True,False,OFF,2024-11-21,STD,0.098,0.236,0.25,0.121,True,True,True,OUT
U_5bcd9320ad,O-1,RESIDENT,IN,PHONEPE,ISSUER_04,True,True,ON,2024-11-04,STD,0.387,-0.261,0.301,-0.105,False,True,False,OUT
U_35a299bf73,O-6,RESIDENT,IN,GPAY,ISSUER_03,False,False,OFF,2026-01-23,STD,0.124,0.238,0.432,-0.115,True,True,True,OUT
U_4d2765644e,O-1,RESIDENT,IN,PHONEPE,ISSUER_11,True,True,ON,2025-12-10,STD,0.266,0.142,0.127,0.16,True,True,False,OUT
U_6f86adadf8,O-1,RESIDENT,IN,PHONEPE,ISSUER_03,True,True,ON,2025-11-28,STD,0.685,0.103,0.48,-0.027,True,False,True,OUT
U_8cfc568c80,O-1,RESIDENT,IN,PHONEPE,ISSUER_09,True,True,ON,2026-05-18,STD,0.414,-0.11,0.44,-0.002,True,False,False,OUT
U_fddc4077fe,O-3,RESIDENT,IN,BHIM,ISSUER_08,True,False,ON,2025-01-27,STD,0.273,-0.153,0.422,-0.045,True,True,False,OUT
U_115fe993ad,O-2,RESIDENT,IN,BHIM,ISSUER_11,True,True,ON,2025-09-21,STD,0.495,-0.074,0.388,-0.15,True,False,True,OUT
U_8c61990ac6,O-3,RESIDENT,IN,GPAY,ISSUER_06,False,False,ON,2025-11-13,STD,0.742,0.308,0.263,0.062,True,False,False,OUT
U_db473e7408,O-2,RESIDENT,IN,GPAY,ISSUER_06,True,True,ON,2024-12-23,STD,0.211,0.065,0.275,-0.15,True,False,True,OUT
U_63b470f320,O-3,RESIDENT,IN,GPAY,ISSUER_12,True,True,ON,2025-01-30,STD,0.558,-0.243,0.599,-0.139,False,True,True,OUT
U_8fdc88892b,O-6,RESIDENT,IN,PHONEPE,ISSUER_12,False,False,OFF,2024-12-24,STD,0.638,-0.048,0.76,0.1,True,False,True,OUT
U_7b645ba0b7,O-5,RESIDENT,IN,PHONEPE,ISSUER_09,True,True,OFF,2026-01-14,STD,0.613,0.335,0.346,0.041,True,False,False,OUT
U_e88d1a2832,O-4,RESIDENT,IN,BHIM,ISSUER_04,True,False,OFF,2025-11-24,STD,0.652,0.216,0.428,0.051,True,True,True,OUT
U_4332f7353e,O-5,RESIDENT,IN,PHONEPE,ISSUER_01,True,True,ON,2025-05-03,STD,0.348,-0.266,0.315,0.05,True,True,False,OUT
U_09c7fab7a8,O-6,RESIDENT,IN,GPAY,ISSUER_07,False,False,OFF,2026-05-11,STD,0.274,-0.012,0.782,-0.012,False,True,False,OUT
U_4e97bfa086,O-6,RESIDENT,IN,BHIM,ISSUER_06,True,True,OFF,2025-10-13,STD,0.253,-0.323,0.238,0.154,True,True,False,OUT
U_9003ba4655,O-2,RESIDENT,IN,BHIM,ISSUER_04,True,True,ON,2024-11-27,STD,0.326,0.253,0.245,-0.078,True,True,True,OUT
U_3ca8eef9f3,O-6,RESIDENT,IN,GPAY,ISSUER_10,False,False,OFF,2025-11-27,STD,0.493,-0.272,0.693,-0.15,True,True,True,OUT
U_ea72c99195,O-6,RESIDENT,IN,BHIM,ISSUER_12,False,False,OFF,2024-09-04,STD,0.329,0.06,0.195,-0.105,True,False,False,OUT
U_6cdd84659c,O-3,RESIDENT,IN,GPAY,ISSUER_01,True,True,OFF,2025-04-15,STD,0.429,-0.116,0.623,-0.15,True,True,False,OUT
U_d93808b4f5,O-1,RESIDENT,IN,BHIM,ISSUER_02,True,True,ON,2025-11-17,STD,0.562,0.131,0.252,0.076,True,True,False,OUT
U_7df203eb18,O-6,RESIDENT,IN,BHIM,ISSUER_03,False,False,OFF,2026-02-28,STD,0.283,0.6,0.45,0.036,True,False,True,OUT
U_29b26b3611,O-4,RESIDENT,IN,GPAY,ISSUER_03,True,False,ON,2024-08-18,STD,0.704,0.101,0.365,0.125,True,True,True,OUT
U_c3bd7c6c35,O-1,RESIDENT,IN,GPAY,ISSUER_05,True,False,ON,2025-02-09,STD,0.215,0.062,0.149,0.01,True,True,True,OUT
U_3af0cf9c0c,O-2,RESIDENT,IN,BHIM,ISSUER_09,False,True,OFF,2026-02-28,STD,0.669,-0.028,0.442,-0.15,True,False,True,OUT
U_ac03d79d2b,O-1,RESIDENT,IN,PHONEPE,ISSUER_01,True,True,ON,2025-07-06,STD,0.725,-0.022,0.043,0.116,False,False,True,OUT
U_d64d230540,O-6,RESIDENT,IN,PHONEPE,ISSUER_10,True,True,OFF,2026-07-24,STD,0.369,-0.004,0.566,-0.15,True,True,False,OUT
U_5b5f2e1592,O-2,RESIDENT,IN,BHIM,ISSUER_03,True,True,OFF,2026-04-13,STD,0.701,0.119,0.265,0.012,True,False,True,OUT
U_929bc62bd2,O-5,RESIDENT,IN,GPAY,ISSUER_04,True,False,ON,2025-01-09,STD,0.765,-0.162,0.043,0.197,True,True,True,OUT
U_ead14ef6bb,O-4,RESIDENT,IN,PHONEPE,ISSUER_01,True,True,OFF,2026-02-02,STD,0.415,0.238,0.126,0.094,False,True,False,OUT
U_a3e9b02e76,O-1,RESIDENT,IN,BHIM,ISSUER_02,True,True,ON,2024-10-06,STD,0.568,-0.082,0.843,-0.028,False,True,True,OUT
U_90a3910d13,O-3,RESIDENT,IN,PHONEPE,ISSUER_02,True,True,OFF,2026-03-05,STD,0.403,0.131,0.109,0.064,True,False,True,OUT
U_94c7830f93,O-3,RESIDENT,IN,GPAY,ISSUER_02,True,True,ON,2026-03-19,STD,0.716,0.29,0.359,-0.15,True,False,True,OUT
U_d0c21788ee,O-1,RESIDENT,IN,GPAY,ISSUER_10,False,True,ON,2025-07-28,STD,0.797,0.091,0.151,-0.041,True,False,True,OUT
U_be0615d8b9,O-1,RESIDENT,IN,BHIM,ISSUER_12,True,True,ON,2025-11-07,STD,0.828,0.296,0.322,-0.054,True,True,True,OUT
U_f7cd4c998f,O-2,RESIDENT,IN,BHIM,ISSUER_01,True,True,OFF,2026-02-14,STD,0.439,0.6,0.133,0.104,False,False,False,OUT
U_551eb29cfa,O-6,RESIDENT,IN,BHIM,ISSUER_07,False,True,OFF,2025-07-20,STD,0.28,0.22,0.466,0.115,True,True,True,OUT
U_87046b897b,O-3,RESIDENT,IN,PHONEPE,ISSUER_08,True,True,OFF,2025-03-05,STD,0.335,0.198,0.205,0.103,True,False,False,OUT
U_9b9e074d24,O-1,RESIDENT,IN,PHONEPE,ISSUER_07,True,True,ON,2025-08-01,ELEVATED,0.699,0.369,0.368,0.182,True,False,False,OUT
U_d16ca6ab64,O-2,RESIDENT,IN,PHONEPE,ISSUER_02,True,True,ON,2024-11-06,STD,0.77,-0.076,0.792,-0.15,True,True,True,OUT
U_766de0eab6,O-2,RESIDENT,IN,GPAY,ISSUER_10,True,True,OFF,2024-09-24,STD,0.715,0.267,0.094,0.056,True,True,True,OUT
U_3456daa5a4,O-1,RESIDENT,IN,BHIM,ISSUER_06,False,True,ON,2025-06-24,STD,0.382,0.328,0.105,0.065,True,True,True,OUT
U_288b578fee,O-6,RESIDENT,IN,GPAY,ISSUER_11,False,False,OFF,2026-04-25,STD,0.626,0.275,0.259,-0.022,True,True,True,OUT
U_0d2f7d14fa,O-1,RESIDENT,IN,GPAY,ISSUER_08,False,True,ON,2026-02-10,STD,0.511,0.136,0.106,0.111,True,True,False,OUT
U_937f1b572f,O-1,RESIDENT,IN,BHIM,ISSUER_05,True,True,ON,2025-12-09,STD,0.268,0.292,0.144,0.043,True,True,False,OUT
U_78a73a0c82,O-3,RESIDENT,IN,BHIM,ISSUER_09,True,True,ON,2025-10-12,STD,0.65,0.065,0.175,0.136,True,True,False,OUT
U_8acc6a7afc,O-5,RESIDENT,IN,BHIM,ISSUER_11,True,True,ON,2025-09-20,STD,0.385,-0.336,0.345,-0.15,True,True,False,OUT
U_9c378244c8,O-4,RESIDENT,IN,GPAY,ISSUER_08,True,False,OFF,2026-05-29,STD,0.581,0.163,0.154,0.315,False,False,False,OUT
U_8c3b6f31ac,O-1,RESIDENT,IN,PHONEPE,ISSUER_05,True,True,ON,2025-12-16,STD,0.643,-0.064,0.496,-0.15,True,False,False,OUT
U_6612cc36e6,O-3,RESIDENT,IN,GPAY,ISSUER_04,True,True,ON,2025-09-09,STD,0.448,-0.072,0.273,-0.078,True,True,True,OUT
U_563a87dec7,O-2,RESIDENT,IN,PHONEPE,ISSUER_02,True,True,OFF,2025-07-08,STD,0.196,0.6,0.27,0.163,True,True,False,OUT
U_ca57e493c7,O-1,RESIDENT,IN,PHONEPE,ISSUER_04,True,True,ON,2024-09-07,STD,0.558,0.216,0.199,-0.063,False,False,True,OUT
U_22c0c72b99,O-6,RESIDENT,IN,GPAY,ISSUER_12,False,False,OFF,2024-09-01,STD,0.311,0.204,0.165,0.007,True,True,True,OUT
U_43fb3aa258,O-2,RESIDENT,IN,BHIM,ISSUER_09,True,True,OFF,2026-03-25,STD,0.609,0.062,0.277,0.062,True,False,False,OUT
U_c112fc01d7,O-1,RESIDENT,IN,PHONEPE,ISSUER_07,True,True,ON,2025-08-10,STD,0.838,0.275,0.169,0.01,True,True,False,OUT
U_436f732234,O-5,RESIDENT,IN,PHONEPE,ISSUER_01,False,True,OFF,2024-10-16,STD,0.513,0.464,0.357,-0.069,False,True,True,OUT
U_6004c56be7,O-4,RESIDENT,IN,BHIM,ISSUER_07,True,True,OFF,2025-06-22,STD,0.707,0.016,0.196,0.1,True,True,False,OUT
U_3b1697485a,O-6,RESIDENT,IN,BHIM,ISSUER_12,False,False,OFF,2026-06-20,STD,0.618,0.124,0.274,0.152,True,True,False,OUT
U_38f0c027d7,O-2,RESIDENT,IN,PHONEPE,ISSUER_06,True,True,ON,2025-08-02,STD,0.232,0.229,0.431,0.102,True,True,False,OUT
U_dd612219c0,O-1,RESIDENT,IN,BHIM,ISSUER_07,True,True,ON,2025-09-04,STD,0.863,0.019,0.127,0.034,False,True,False,OUT
U_f579fe8632,O-6,RESIDENT,IN,GPAY,ISSUER_04,False,True,OFF,2025-07-07,STD,0.811,0.009,0.137,0.096,False,False,True,OUT
U_740726648f,O-2,RESIDENT,IN,GPAY,ISSUER_11,True,True,ON,2026-05-26,STD,0.13,0.283,0.262,0.144,True,False,True,OUT
U_447ee716d5,O-5,RESIDENT,IN,BHIM,ISSUER_06,True,True,ON,2024-10-11,STD,0.53,0.444,0.329,0.014,False,True,True,OUT
U_62ca16a472,O-2,RESIDENT,IN,GPAY,ISSUER_12,True,True,ON,2025-12-16,STD,0.798,0.457,0.362,-0.15,True,True,True,OUT
U_7af6b1ae11,O-6,RESIDENT,IN,GPAY,ISSUER_09,False,True,OFF,2025-04-25,STD,0.361,0.228,0.034,0.188,False,True,True,OUT
U_32e9ae55a8,O-4,RESIDENT,IN,BHIM,ISSUER_05,False,True,OFF,2026-05-04,STD,0.757,0.13,0.557,-0.15,False,True,True,OUT
U_19875d5f9a,O-1,RESIDENT,IN,PHONEPE,ISSUER_12,True,True,ON,2025-03-16,STD,0.632,0.019,0.288,0.053,True,True,False,OUT
U_705a68351f,O-1,RESIDENT,IN,BHIM,ISSUER_04,True,True,ON,2024-11-16,STD,0.747,0.344,0.271,-0.057,True,True,False,OUT
U_05c7c6731f,O-1,RESIDENT,IN,PHONEPE,ISSUER_07,False,False,ON,2025-10-15,STD,0.618,-0.233,0.384,-0.15,True,True,True,OUT
U_c430c4ba9a,O-3,RESIDENT,IN,PHONEPE,ISSUER_12,True,True,OFF,2026-03-26,STD,0.25,-0.063,0.22,0.026,True,True,True,OUT
U_8c886f9f86,O-4,RESIDENT,IN,BHIM,ISSUER_09,True,True,ON,2026-02-24,STD,0.504,0.153,0.485,-0.016,True,True,True,OUT
U_c1a94ffbab,O-4,RESIDENT,IN,PHONEPE,ISSUER_11,True,True,OFF,2026-06-03,STD,0.821,0.066,0.317,-0.083,True,True,True,OUT
U_ddf4fc161a,O-3,RESIDENT,IN,PHONEPE,ISSUER_07,True,True,OFF,2024-11-24,STD,0.418,0.059,0.173,-0.15,True,False,True,OUT
U_593a5a35e6,O-3,RESIDENT,IN,GPAY,ISSUER_11,True,True,ON,2025-12-21,STD,0.412,-0.121,0.246,-0.148,True,False,True,OUT
U_a95785c7c5,O-3,RESIDENT,IN,BHIM,ISSUER_08,True,True,ON,2024-10-08,STD,0.42,0.174,0.224,-0.048,True,False,False,OUT
U_909cc3b961,O-2,RESIDENT,IN,PHONEPE,ISSUER_10,True,True,ON,2025-03-12,STD,0.549,-0.398,0.391,-0.137,False,True,True,OUT
U_70ff403ae2,O-5,RESIDENT,IN,GPAY,ISSUER_05,True,False,ON,2026-05-12,STD,0.295,0.145,0.087,0.137,True,True,True,OUT
U_1ac36eb2c5,O-1,RESIDENT,IN,BHIM,ISSUER_12,True,True,ON,2025-08-26,STD,0.398,0.21,0.307,0.053,False,True,False,OUT
U_b267d000c2,O-2,RESIDENT,IN,BHIM,ISSUER_12,True,True,ON,2025-08-03,STD,0.531,-0.014,0.691,-0.15,True,True,True,OUT
U_c8538b0c84,O-5,RESIDENT,IN,GPAY,ISSUER_06,True,True,OFF,2024-10-21,STD,0.225,-0.019,0.458,-0.122,True,True,True,OUT
U_9a2159d822,O-5,RESIDENT,IN,GPAY,ISSUER_02,True,False,ON,2025-08-20,STD,0.848,0.368,0.523,-0.022,True,True,True,OUT
U_e9cbace5da,O-2,RESIDENT,IN,GPAY,ISSUER_03,True,True,OFF,2025-01-31,STD,0.302,-0.152,0.825,-0.088,False,True,False,OUT
U_d3047f99b6,O-2,RESIDENT,IN,BHIM,ISSUER_09,True,True,OFF,2024-09-24,STD,0.068,0.269,0.326,-0.031,True,False,True,OUT
U_a19ddbee7e,O-2,RESIDENT,IN,BHIM,ISSUER_10,True,True,OFF,2025-06-06,STD,0.298,0.19,0.433,-0.007,False,False,False,OUT
U_6fac517dbf,O-5,RESIDENT,IN,PHONEPE,ISSUER_01,True,True,ON,2025-07-13,STD,0.377,-0.183,0.46,-0.093,True,True,True,OUT
U_90452f8aa8,O-2,RESIDENT,IN,PHONEPE,ISSUER_08,True,True,OFF,2026-04-06,STD,0.039,-0.169,0.546,0.049,True,True,False,OUT
U_69267c89a4,O-1,RESIDENT,IN,PHONEPE,ISSUER_12,True,True,ON,2026-02-12,STD,0.249,0.162,0.305,0.092,True,True,False,OUT
U_2c6ec2360c,O-4,RESIDENT,IN,GPAY,ISSUER_12,True,True,OFF,2025-11-24,STD,0.157,0.166,0.283,-0.15,True,True,True,OUT
U_e4e5b2c829,O-1,RESIDENT,IN,BHIM,ISSUER_10,True,True,ON,2025-05-08,STD,0.933,0.102,0.269,0.066,True,False,False,OUT
U_2c89f0b79c,O-4,RESIDENT,IN,PHONEPE,ISSUER_05,True,True,OFF,2025-02-21,STD,0.596,0.383,0.351,-0.025,False,True,False,OUT
U_2ddbadf5b4,O-5,RESIDENT,IN,PHONEPE,ISSUER_10,True,True,ON,2025-03-06,STD,0.765,-0.034,0.606,-0.034,True,True,True,OUT
U_3aa0dffb23,O-2,RESIDENT,IN,GPAY,ISSUER_02,True,True,OFF,2024-09-21,STD,0.46,0.087,0.29,-0.013,True,False,True,OUT
U_c8ab7a399e,O-2,RESIDENT,IN,PHONEPE,ISSUER_03,True,True,ON,2026-05-26,STD,0.398,0.088,0.209,-0.015,True,True,True,OUT
U_03af923788,O-1,RESIDENT,IN,PHONEPE,ISSUER_04,True,True,ON,2024-10-20,STD,0.299,-0.004,0.037,0.146,True,True,True,OUT
U_ab228e5fc7,O-6,RESIDENT,IN,GPAY,ISSUER_07,False,True,OFF,2025-02-28,STD,0.605,0.381,0.289,0.028,True,True,True,OUT
U_d42d13b2e2,O-6,RESIDENT,IN,PHONEPE,ISSUER_04,False,False,OFF,2025-05-05,STD,0.201,-0.135,0.099,0.245,True,True,False,OUT
U_433bd8c9cf,O-2,RESIDENT,IN,GPAY,ISSUER_08,True,True,OFF,2026-04-01,STD,0.331,0.24,0.226,0.07,True,True,True,OUT
U_4a3a89d3ec,O-2,RESIDENT,IN,BHIM,ISSUER_01,True,True,ON,2025-06-23,STD,0.467,0.433,0.089,0.086,True,False,True,OUT
U_d7f84bde12,O-4,RESIDENT,IN,PHONEPE,ISSUER_01,True,True,ON,2026-01-14,STD,0.612,-0.096,0.448,-0.15,True,True,False,OUT
U_ef9509cfd0,O-6,RESIDENT,IN,GPAY,ISSUER_12,False,False,OFF,2026-07-06,STD,0.686,0.078,0.427,0.086,True,True,True,OUT
U_125cfafd2b,O-3,RESIDENT,IN,PHONEPE,ISSUER_10,True,True,ON,2025-05-08,STD,0.674,0.472,0.226,0.05,True,True,True,OUT
U_ae7d955498,O-1,RESIDENT,IN,BHIM,ISSUER_03,False,False,ON,2025-03-21,STD,0.711,0.118,0.519,0.092,True,True,True,OUT
U_5c855f36ef,O-3,RESIDENT,IN,PHONEPE,ISSUER_11,True,True,OFF,2025-02-01,STD,0.42,0.201,0.251,-0.095,True,False,False,OUT
U_a9425324e2,O-1,RESIDENT,IN,GPAY,ISSUER_06,True,True,ON,2025-03-15,STD,0.37,-0.081,0.04,0.034,True,True,False,OUT
U_3b88ab3bd5,O-5,RESIDENT,IN,BHIM,ISSUER_06,False,True,ON,2025-02-08,STD,0.49,-0.029,0.239,0.084,True,True,True,OUT
U_d8f8fd6ecf,O-1,RESIDENT,IN,GPAY,ISSUER_07,False,True,ON,2025-09-13,STD,0.574,0.151,0.289,0.123,False,True,False,OUT
U_ab34c1cf72,O-3,RESIDENT,IN,PHONEPE,ISSUER_11,True,True,ON,2026-05-04,STD,0.738,0.362,0.038,0.139,False,True,False,OUT
U_7cd20c8c2f,O-6,RESIDENT,IN,GPAY,ISSUER_02,True,False,OFF,2025-07-07,STD,0.316,0.028,0.181,-0.002,False,False,False,OUT
U_e9425fbf98,O-5,RESIDENT,IN,BHIM,ISSUER_02,True,True,OFF,2026-06-29,STD,0.925,0.227,0.153,-0.148,True,True,True,OUT
U_bac8dd5513,O-5,RESIDENT,IN,BHIM,ISSUER_10,True,True,OFF,2026-02-25,STD,0.781,0.001,0.161,0.249,True,True,False,OUT
U_d516587d01,O-6,RESIDENT,IN,BHIM,ISSUER_04,False,False,OFF,2024-08-28,STD,0.349,0.032,0.145,0.184,False,False,True,OUT
U_9f8192a2a8,O-5,RESIDENT,IN,BHIM,ISSUER_04,True,True,OFF,2026-03-25,STD,0.636,0.003,0.063,-0.081,False,True,False,OUT
U_f302b4800b,O-3,RESIDENT,IN,GPAY,ISSUER_07,True,True,ON,2025-06-16,STD,0.833,-0.146,0.217,-0.083,True,False,True,OUT
U_6b786112d3,O-1,RESIDENT,IN,BHIM,ISSUER_05,True,True,ON,2026-05-30,STD,0.612,0.044,0.131,-0.123,False,True,True,OUT
U_269d630b52,O-6,RESIDENT,IN,PHONEPE,ISSUER_07,False,True,OFF,2024-10-12,STD,0.758,-0.002,0.362,-0.073,True,True,True,OUT
U_538c8f7a41,O-1,RESIDENT,IN,BHIM,ISSUER_12,True,True,ON,2025-04-29,STD,0.224,-0.37,0.317,-0.086,True,False,False,OUT
U_eec4fced0b,O-6,RESIDENT,IN,PHONEPE,ISSUER_04,True,True,OFF,2025-07-04,STD,0.439,-0.179,0.363,-0.081,True,False,False,OUT
U_20d5cbf351,O-4,RESIDENT,IN,BHIM,ISSUER_01,True,True,OFF,2025-04-18,STD,0.678,0.139,0.278,0.135,True,False,False,OUT
U_fc2bd8e6a2,O-5,RESIDENT,IN,PHONEPE,ISSUER_04,True,False,ON,2025-01-15,STD,0.722,0.052,0.207,0.098,True,True,True,OUT
U_d81d228604,O-3,RESIDENT,IN,GPAY,ISSUER_12,True,True,OFF,2024-08-17,STD,0.424,-0.075,0.508,-0.036,True,True,True,OUT
U_453f075d52,O-1,RESIDENT,IN,BHIM,ISSUER_03,True,True,ON,2026-02-03,ELEVATED,0.414,0.101,0.162,0.052,False,True,False,OUT
U_92880b0e0f,O-1,RESIDENT,IN,GPAY,ISSUER_08,True,True,ON,2025-03-01,STD,0.446,0.394,0.119,-0.046,True,True,False,OUT
U_9d1b81dfb7,O-3,RESIDENT,IN,GPAY,ISSUER_11,True,True,OFF,2024-10-19,STD,0.609,0.117,0.132,0.048,True,False,True,OUT
U_35202702e1,O-5,RESIDENT,IN,GPAY,ISSUER_09,True,True,OFF,2024-10-02,STD,0.627,0.473,0.102,0.035,False,True,False,OUT
U_70b638dc09,O-6,RESIDENT,IN,GPAY,ISSUER_04,False,False,OFF,2025-10-28,STD,0.181,-0.148,0.688,-0.15,True,True,True,OUT
U_3679d18e80,O-2,RESIDENT,IN,BHIM,ISSUER_09,True,True,OFF,2025-12-18,STD,0.171,0.039,0.01,0.021,True,True,False,OUT
U_a9b5647d86,O-4,RESIDENT,IN,PHONEPE,ISSUER_01,True,True,ON,2026-04-25,STD,0.386,0.07,0.337,-0.011,False,False,True,OUT
U_3107625804,O-6,RESIDENT,IN,BHIM,ISSUER_08,False,True,OFF,2026-07-14,STD,0.687,0.558,0.3,0.015,True,True,True,OUT
U_9927c8490c,O-2,RESIDENT,IN,BHIM,ISSUER_05,True,True,OFF,2026-03-05,STD,0.458,-0.071,0.523,0.061,True,True,True,OUT
U_3d92cca3d0,O-1,RESIDENT,IN,BHIM,ISSUER_12,True,False,ON,2024-12-08,STD,0.234,-0.158,0.295,-0.109,True,True,False,OUT
U_ecfb50762e,O-2,RESIDENT,IN,BHIM,ISSUER_10,True,True,OFF,2025-06-12,STD,0.276,0.174,0.423,0.179,True,True,True,OUT
U_21fcb423a5,O-3,RESIDENT,IN,BHIM,ISSUER_09,True,True,OFF,2025-09-28,STD,0.807,0.394,0.307,-0.002,True,True,True,OUT
U_7f7d97c556,O-1,RESIDENT,IN,PHONEPE,ISSUER_05,True,True,ON,2025-01-19,STD,0.758,-0.008,0.301,-0.15,False,True,False,OUT
U_9383126e46,O-1,RESIDENT,IN,GPAY,ISSUER_09,True,True,ON,2025-03-18,STD,0.602,0.006,0.167,0.141,True,True,True,OUT
U_3b043324a6,O-1,RESIDENT,IN,GPAY,ISSUER_01,True,True,ON,2025-01-23,STD,0.759,0.173,0.171,0.045,True,False,False,OUT
U_3994205ecd,O-1,RESIDENT,IN,PHONEPE,ISSUER_12,True,True,ON,2024-12-06,STD,0.85,0.387,0.346,-0.074,True,True,True,OUT
U_383fafa610,O-1,RESIDENT,IN,BHIM,ISSUER_12,True,True,ON,2024-09-19,STD,0.633,-0.078,0.368,-0.053,True,False,False,OUT
U_5da88417ea,O-1,RESIDENT,IN,GPAY,ISSUER_04,True,True,ON,2025-01-17,STD,0.66,0.02,0.051,0.14,True,False,True,OUT
U_4a97799612,O-2,RESIDENT,IN,PHONEPE,ISSUER_07,True,False,OFF,2026-05-01,STD,0.186,0.018,0.302,0.153,True,True,True,OUT
U_6f72b29dbc,O-4,RESIDENT,IN,BHIM,ISSUER_04,True,True,OFF,2024-10-27,RESTRICTED,0.102,0.049,0.041,-0.127,True,True,False,OUT
U_00d2c37524,O-1,RESIDENT,IN,GPAY,ISSUER_02,True,True,ON,2026-06-14,STD,0.233,0.542,0.138,0.127,True,False,False,OUT
U_37154016d6,O-3,RESIDENT,IN,GPAY,ISSUER_06,True,True,OFF,2025-03-15,STD,0.46,0.012,0.398,0.152,True,False,True,OUT
U_d3e80e3150,O-3,RESIDENT,IN,BHIM,ISSUER_06,True,True,ON,2026-07-29,STD,0.794,-0.307,0.229,0.17,True,False,True,OUT
U_5aa68a77a5,O-4,RESIDENT,IN,PHONEPE,ISSUER_04,True,True,OFF,2024-12-18,STD,0.098,0.059,0.05,-0.027,False,True,True,OUT
U_623e4f7659,O-1,RESIDENT,IN,PHONEPE,ISSUER_04,True,True,ON,2025-01-08,ELEVATED,0.305,-0.145,0.552,-0.057,False,False,False,OUT
U_78e42546d2,O-1,RESIDENT,IN,GPAY,ISSUER_02,True,True,ON,2025-09-30,STD,0.538,0.036,0.158,0.162,True,False,False,OUT
U_32cb4f5479,O-2,RESIDENT,IN,PHONEPE,ISSUER_12,True,True,ON,2025-01-04,STD,0.802,-0.254,0.283,0.006,True,True,True,OUT
U_5b8baf79dc,O-6,RESIDENT,IN,PHONEPE,ISSUER_02,False,True,OFF,2025-04-15,STD,0.53,-0.3,0.197,-0.068,False,False,False,OUT
U_d95d1738b6,O-2,RESIDENT,IN,PHONEPE,ISSUER_08,True,True,ON,2026-02-18,STD,0.668,0.229,0.136,0.031,True,True,True,OUT
U_94a84c94c4,O-5,RESIDENT,IN,GPAY,ISSUER_08,True,True,ON,2025-11-07,STD,0.736,0.244,0.029,-0.006,False,False,True,OUT
U_17bb5906ed,O-2,RESIDENT,IN,PHONEPE,ISSUER_07,True,True,ON,2025-03-16,STD,0.426,0.105,0.455,-0.133,True,True,True,OUT
U_106d6d4e33,O-5,RESIDENT,IN,BHIM,ISSUER_08,True,True,ON,2025-10-24,STD,0.241,0.141,0.111,-0.145,False,True,False,OUT
U_f6248cc7e8,O-3,RESIDENT,IN,PHONEPE,ISSUER_08,True,True,OFF,2025-05-09,STD,0.283,0.077,0.203,0.03,True,True,False,OUT
U_1bea73b199,O-3,RESIDENT,IN,GPAY,ISSUER_12,False,True,ON,2025-08-09,STD,0.586,0.118,0.527,-0.074,False,False,False,OUT
U_9d9c5671ea,O-4,RESIDENT,IN,PHONEPE,ISSUER_08,False,True,OFF,2025-08-28,STD,0.248,0.058,0.247,0.042,False,True,True,OUT
U_cea0afa42a,O-1,RESIDENT,IN,PHONEPE,ISSUER_03,True,True,ON,2025-01-01,STD,0.482,0.281,0.227,-0.061,True,False,False,OUT
U_9ae7725e30,O-2,RESIDENT,IN,BHIM,ISSUER_03,True,True,OFF,2026-03-01,STD,0.473,-0.262,0.704,0.034,True,False,True,OUT
U_7b5b8e8ff7,O-1,RESIDENT,IN,PHONEPE,ISSUER_01,True,True,ON,2025-11-29,STD,0.199,0.283,0.127,0.056,True,True,True,OUT
U_5c67c990e7,O-6,RESIDENT,IN,GPAY,ISSUER_07,False,True,OFF,2025-05-04,STD,0.491,-0.04,0.862,-0.15,True,True,True,OUT
U_3be0f42e3c,O-1,RESIDENT,IN,PHONEPE,ISSUER_11,True,True,ON,2026-04-11,STD,0.378,-0.106,0.732,-0.01,True,True,False,OUT
U_e05fcc8673,O-2,RESIDENT,IN,PHONEPE,ISSUER_09,True,False,ON,2026-01-20,STD,0.181,-0.174,0.074,0.044,True,False,False,OUT
U_6c461ce1e1,O-1,RESIDENT,IN,BHIM,ISSUER_05,True,True,ON,2026-03-31,STD,0.434,0.12,0.369,0.04,True,True,False,OUT
U_5aa7078a34,O-1,RESIDENT,IN,PHONEPE,ISSUER_04,True,True,ON,2025-10-30,STD,0.398,0.291,0.389,-0.115,True,False,False,OUT
U_4211738486,O-6,RESIDENT,IN,PHONEPE,ISSUER_02,False,True,OFF,2026-04-17,STD,0.341,-0.169,0.275,-0.136,True,True,True,OUT
U_83f84d7dd8,O-1,RESIDENT,IN,BHIM,ISSUER_07,True,True,ON,2024-10-09,STD,0.766,0.094,0.181,-0.019,True,True,False,OUT
U_b1b0f2d549,O-5,RESIDENT,IN,GPAY,ISSUER_06,True,False,OFF,2026-04-28,STD,0.614,0.088,0.428,-0.15,True,False,True,OUT
U_c342157fb4,O-5,RESIDENT,IN,BHIM,ISSUER_08,True,True,OFF,2025-08-26,STD,0.489,0.101,0.154,0.021,True,True,True,OUT
U_4b43bddf21,O-1,RESIDENT,IN,GPAY,ISSUER_07,True,True,ON,2026-07-17,STD,0.247,-0.098,0.797,-0.15,True,True,False,OUT
U_1687d4796c,O-6,RESIDENT,IN,GPAY,ISSUER_11,False,False,OFF,2025-12-20,STD,0.427,-0.025,0.459,0.098,False,True,True,OUT
U_29d79c1f2a,O-1,RESIDENT,IN,BHIM,ISSUER_09,False,True,ON,2025-03-11,STD,0.541,0.026,0.16,0.094,True,True,True,OUT
U_788865e1ae,O-1,RESIDENT,IN,PHONEPE,ISSUER_10,True,True,ON,2026-01-04,STD,0.576,0.267,0.218,0.114,True,False,True,OUT
U_47eafc1371,O-1,RESIDENT,IN,PHONEPE,ISSUER_11,True,True,ON,2025-03-24,STD,0.468,-0.108,0.321,-0.098,True,True,False,OUT
U_ba27f16c3a,O-3,RESIDENT,IN,GPAY,ISSUER_06,True,True,OFF,2025-05-24,STD,0.679,-0.14,0.739,-0.1,False,True,False,OUT
U_5cf3ffb0f0,O-4,RESIDENT,IN,GPAY,ISSUER_03,True,True,ON,2026-04-11,STD,0.31,-0.083,0.647,-0.028,True,True,True,OUT
U_88c1099abf,O-5,RESIDENT,IN,PHONEPE,ISSUER_05,True,True,ON,2026-04-17,STD,0.167,0.124,0.205,0.224,True,False,True,OUT
U_eb64daca4d,O-3,RESIDENT,IN,GPAY,ISSUER_07,True,True,OFF,2024-11-12,STD,0.385,0.335,0.069,0.013,True,True,False,OUT
U_ffb9b10361,O-6,RESIDENT,IN,PHONEPE,ISSUER_02,False,True,OFF,2026-04-29,STD,0.941,-0.142,0.446,0.035,True,True,True,OUT
U_b541f21177,O-6,RESIDENT,IN,PHONEPE,ISSUER_03,False,False,OFF,2026-03-16,STD,0.728,0.258,0.223,-0.128,True,False,False,OUT
U_1c2666345e,O-4,RESIDENT,IN,GPAY,ISSUER_06,True,True,ON,2024-08-30,STD,0.887,-0.17,0.399,-0.012,True,False,False,OUT
U_22fb64fade,O-5,RESIDENT,IN,PHONEPE,ISSUER_10,True,True,ON,2026-04-29,STD,0.486,-0.07,0.518,-0.147,False,True,False,OUT
U_11611fb4d5,O-2,RESIDENT,IN,PHONEPE,ISSUER_01,True,True,ON,2024-09-24,STD,0.261,0.172,0.37,-0.044,False,True,False,OUT
U_3ae673c696,O-1,RESIDENT,IN,PHONEPE,ISSUER_09,True,True,ON,2026-04-09,STD,0.794,-0.109,0.161,-0.069,True,True,False,OUT
U_56cabc6da3,O-2,RESIDENT,IN,GPAY,ISSUER_08,True,True,ON,2025-12-19,ELEVATED,0.555,0.379,0.332,0.003,True,True,False,OUT
U_f63eb5e46d,O-5,RESIDENT,IN,BHIM,ISSUER_04,True,True,ON,2024-11-17,STD,0.634,0.132,0.17,0.252,True,True,True,OUT
U_6b510619b6,O-2,RESIDENT,IN,PHONEPE,ISSUER_06,True,True,ON,2025-03-07,STD,0.751,-0.183,0.042,0.241,True,False,False,OUT
U_01a5032d98,O-1,RESIDENT,IN,PHONEPE,ISSUER_02,True,True,ON,2026-07-30,STD,0.474,-0.4,0.682,-0.126,True,False,True,OUT
U_3c4805e633,O-3,RESIDENT,IN,GPAY,ISSUER_10,True,True,OFF,2025-05-26,STD,0.469,0.167,0.142,0.008,False,True,True,OUT
U_4292a341c9,O-2,RESIDENT,IN,GPAY,ISSUER_09,True,True,OFF,2025-07-09,STD,0.254,0.02,0.293,0.044,True,True,True,OUT
U_5b1e020be7,O-5,RESIDENT,IN,BHIM,ISSUER_07,True,True,ON,2025-06-08,STD,0.519,0.049,0.25,0.07,False,False,False,OUT
U_3993ce9dd0,O-3,RESIDENT,IN,GPAY,ISSUER_03,True,True,OFF,2026-05-01,STD,0.775,-0.115,0.455,-0.071,True,True,True,OUT
U_b0a46a6de6,O-1,RESIDENT,IN,BHIM,ISSUER_03,True,True,ON,2026-06-15,STD,0.199,-0.102,0.13,0.056,True,True,True,OUT
U_bc9eef56b8,O-1,RESIDENT,IN,BHIM,ISSUER_05,True,True,ON,2025-11-07,STD,0.723,0.416,0.035,0.026,True,True,True,OUT
U_8524cf2518,O-5,RESIDENT,IN,GPAY,ISSUER_07,True,True,OFF,2024-09-10,STD,0.352,0.239,0.225,0.088,False,False,False,OUT
U_2de7d3e2fa,O-5,RESIDENT,IN,PHONEPE,ISSUER_03,True,True,ON,2025-02-08,STD,0.154,0.142,0.263,0.245,True,False,False,OUT
U_ffed1edfb7,O-2,RESIDENT,IN,BHIM,ISSUER_04,True,True,ON,2025-02-19,STD,0.565,-0.4,0.234,0.007,True,False,False,OUT
U_97d41af006,O-6,RESIDENT,IN,GPAY,ISSUER_12,False,True,OFF,2025-01-17,STD,0.565,0.007,0.297,0.088,True,True,True,OUT
U_c736eac149,O-5,RESIDENT,IN,GPAY,ISSUER_01,True,True,ON,2026-05-11,STD,0.422,-0.084,0.736,-0.15,True,True,False,OUT
U_1c7d1253f1,O-4,RESIDENT,IN,GPAY,ISSUER_01,False,True,OFF,2024-11-02,STD,0.675,0.395,0.276,0.028,True,False,False,OUT
U_98946722e1,O-6,RESIDENT,IN,BHIM,ISSUER_10,False,False,OFF,2025-03-02,STD,0.655,0.012,0.031,0.074,False,True,False,OUT
U_64b2c323d2,O-3,RESIDENT,IN,PHONEPE,ISSUER_04,True,True,OFF,2026-05-29,STD,0.333,0.087,0.413,0.1,True,False,True,OUT
U_b18d206e66,O-1,RESIDENT,IN,BHIM,ISSUER_02,True,True,ON,2024-09-29,STD,0.468,-0.132,0.632,0.173,True,True,True,OUT
U_71b595130a,O-3,RESIDENT,IN,BHIM,ISSUER_07,True,True,OFF,2026-07-31,STD,0.914,0.16,0.242,0.043,False,True,False,OUT
U_5475d3c0dc,O-2,RESIDENT,IN,PHONEPE,ISSUER_11,True,True,ON,2025-02-12,STD,0.658,0.145,0.258,-0.017,True,False,False,OUT
U_2296afed7a,O-4,RESIDENT,IN,PHONEPE,ISSUER_04,True,True,OFF,2025-04-28,STD,0.541,-0.056,0.47,-0.15,True,True,False,OUT
U_c62c26c688,O-4,RESIDENT,IN,GPAY,ISSUER_12,True,True,ON,2024-12-01,STD,0.211,-0.111,0.404,0.102,True,False,False,OUT
U_53939ed771,O-1,RESIDENT,IN,BHIM,ISSUER_08,True,True,ON,2025-08-27,STD,0.838,0.196,0.025,0.094,True,True,True,OUT
U_5023a6f781,O-6,RESIDENT,IN,BHIM,ISSUER_06,False,False,OFF,2025-11-23,STD,0.167,-0.084,0.567,-0.12,True,False,False,OUT
U_a4d75aaea6,O-3,RESIDENT,IN,BHIM,ISSUER_07,True,True,ON,2026-02-28,STD,0.187,0.039,0.351,-0.037,True,True,True,OUT
U_36d323e447,O-1,RESIDENT,IN,PHONEPE,ISSUER_10,True,True,ON,2026-06-19,STD,0.214,-0.046,0.1,0.129,True,False,True,OUT
U_e21f7bb5e3,O-1,RESIDENT,IN,BHIM,ISSUER_12,True,True,ON,2025-08-19,STD,0.774,0.204,0.192,-0.117,False,True,True,OUT
U_570fd02f4d,O-2,RESIDENT,IN,PHONEPE,ISSUER_05,True,True,ON,2025-02-08,STD,0.784,0.465,0.162,0.075,True,True,False,OUT
U_affde2881c,O-2,RESIDENT,IN,PHONEPE,ISSUER_10,True,True,OFF,2026-06-25,STD,0.306,0.224,0.276,-0.104,True,True,True,OUT
U_0d405fc54f,O-5,RESIDENT,IN,GPAY,ISSUER_01,True,False,OFF,2026-05-19,STD,0.659,0.092,0.393,-0.101,False,True,True,OUT
U_bf0fdf57dc,O-3,RESIDENT,IN,PHONEPE,ISSUER_02,True,True,OFF,2026-04-22,STD,0.271,0.422,0.369,0.024,True,False,True,OUT
U_13f4e192ad,O-4,RESIDENT,IN,GPAY,ISSUER_08,True,True,OFF,2025-08-08,STD,0.759,0.238,0.203,0.13,False,True,True,OUT
U_177c075773,O-2,RESIDENT,IN,BHIM,ISSUER_11,True,True,OFF,2025-11-28,STD,0.659,0.071,0.26,0.156,True,True,True,OUT
U_0163a30d18,O-2,RESIDENT,IN,BHIM,ISSUER_03,True,True,OFF,2025-01-25,STD,0.267,0.139,0.122,0.072,False,False,True,OUT
U_d54aaeae79,O-1,RESIDENT,IN,PHONEPE,ISSUER_03,True,True,ON,2026-04-09,STD,0.559,0.553,0.177,0.045,True,True,False,OUT
U_30ebb7cf93,O-4,RESIDENT,IN,PHONEPE,ISSUER_05,True,True,OFF,2025-08-01,STD,0.411,0.069,0.269,-0.056,True,False,False,OUT
U_d4fd4c7f2d,O-2,RESIDENT,IN,PHONEPE,ISSUER_01,True,False,ON,2025-10-06,STD,0.332,0.291,0.067,0.219,True,False,False,OUT
U_663f123922,O-6,RESIDENT,IN,GPAY,ISSUER_09,True,True,OFF,2026-01-14,STD,0.933,0.367,0.247,-0.137,True,True,True,OUT
U_ab6274fc37,O-1,RESIDENT,IN,BHIM,ISSUER_12,True,True,ON,2026-02-10,STD,0.893,0.142,0.305,0.147,True,False,True,OUT
U_e85b19c1c1,O-4,RESIDENT,IN,PHONEPE,ISSUER_01,True,False,OFF,2025-10-11,STD,0.546,-0.172,0.329,0.162,False,False,False,OUT
U_db4147b02f,O-1,RESIDENT,IN,PHONEPE,ISSUER_02,True,True,ON,2025-04-06,STD,0.529,0.156,0.244,0.022,False,True,True,OUT
U_2562a7269a,O-5,RESIDENT,IN,PHONEPE,ISSUER_01,True,True,OFF,2024-10-19,STD,0.443,0.085,0.125,0.197,True,True,True,OUT
U_5ee3c84c8e,O-1,RESIDENT,IN,BHIM,ISSUER_07,True,True,ON,2025-05-29,STD,0.242,0.319,0.052,0.154,True,True,False,OUT
U_8d321636c4,O-5,RESIDENT,IN,GPAY,ISSUER_10,True,True,ON,2024-10-05,STD,0.129,0.24,0.081,0.145,True,True,False,OUT
U_fa5baa2765,O-5,RESIDENT,IN,GPAY,ISSUER_03,True,True,ON,2026-02-09,STD,0.698,0.149,0.396,-0.007,True,True,False,OUT
U_1e7da5a350,O-2,RESIDENT,IN,GPAY,ISSUER_04,True,True,OFF,2026-04-24,STD,0.682,0.058,0.089,0.047,True,True,False,OUT
U_382c671f2a,O-3,RESIDENT,IN,BHIM,ISSUER_02,True,True,OFF,2024-09-16,STD,0.765,-0.072,0.156,-0.024,True,False,False,OUT
U_568ae52eea,O-4,RESIDENT,IN,GPAY,ISSUER_02,True,True,OFF,2026-01-02,STD,0.818,0.04,0.192,0.072,True,True,True,OUT
U_ce4f691d84,O-6,RESIDENT,IN,GPAY,ISSUER_03,False,False,OFF,2025-01-18,STD,0.127,0.036,0.301,-0.001,False,True,False,OUT
U_647b1f51c6,O-1,RESIDENT,IN,PHONEPE,ISSUER_05,True,False,ON,2025-02-07,STD,0.351,0.212,0.327,-0.007,True,True,True,OUT
U_0b6d402b24,O-6,RESIDENT,IN,PHONEPE,ISSUER_10,False,False,OFF,2026-05-29,STD,0.319,0.19,0.297,-0.12,True,False,False,OUT
U_26b0041357,O-2,RESIDENT,IN,PHONEPE,ISSUER_12,True,True,ON,2025-05-23,STD,0.365,0.549,0.317,0.033,True,True,True,OUT
U_2bb42058a9,O-4,RESIDENT,IN,BHIM,ISSUER_02,True,True,ON,2025-07-11,STD,0.108,-0.28,0.486,-0.137,True,True,False,OUT
U_ad8a229cd9,O-2,RESIDENT,IN,PHONEPE,ISSUER_08,True,True,OFF,2025-07-07,STD,0.379,-0.009,0.652,-0.15,True,True,True,OUT
U_eaf70e4397,O-6,RESIDENT,IN,GPAY,ISSUER_05,True,False,OFF,2026-03-11,STD,0.807,-0.094,0.434,-0.127,True,True,False,OUT
U_67a0e1bb9c,O-1,RESIDENT,IN,BHIM,ISSUER_04,True,True,ON,2026-03-10,STD,0.233,0.04,0.192,-0.012,False,False,False,OUT
U_79afa76321,O-1,RESIDENT,IN,BHIM,ISSUER_01,False,False,ON,2025-11-08,STD,0.108,-0.325,0.149,0.183,True,False,False,OUT
U_83e21fedf2,O-6,RESIDENT,IN,GPAY,ISSUER_04,False,True,OFF,2024-09-15,STD,0.786,0.163,0.201,0.007,True,False,True,OUT
U_26bd8ef640,O-3,RESIDENT,IN,PHONEPE,ISSUER_05,True,True,OFF,2026-06-06,STD,0.243,-0.012,0.209,0.168,True,False,True,OUT
U_114f447189,O-5,RESIDENT,IN,GPAY,ISSUER_10,True,True,ON,2025-11-15,STD,0.528,-0.02,0.374,-0.15,True,True,False,OUT
U_fb994ed55b,O-4,RESIDENT,IN,PHONEPE,ISSUER_09,True,False,ON,2026-02-21,STD,0.325,-0.023,0.72,-0.15,False,False,True,OUT
U_7d8e219e6c,O-5,RESIDENT,IN,PHONEPE,ISSUER_10,True,True,OFF,2024-08-27,STD,0.863,0.195,0.235,0.201,True,False,True,OUT
U_30bfc09a87,O-5,RESIDENT,IN,BHIM,ISSUER_01,True,True,OFF,2026-04-06,STD,0.669,-0.08,0.548,-0.15,True,False,False,OUT
U_945b71fd2f,O-1,RESIDENT,IN,PHONEPE,ISSUER_07,True,True,ON,2025-01-25,STD,0.274,0.02,0.297,-0.019,True,True,False,OUT
U_ada913e3ca,O-2,RESIDENT,IN,PHONEPE,ISSUER_12,True,True,OFF,2025-05-08,STD,0.761,-0.136,0.359,0.171,False,False,True,OUT
U_758db7130a,O-2,RESIDENT,IN,PHONEPE,ISSUER_06,True,True,OFF,2026-02-04,STD,0.503,0.263,0.19,-0.15,True,True,False,OUT
U_3ddbf54e63,O-1,RESIDENT,IN,PHONEPE,ISSUER_08,True,True,ON,2025-01-10,STD,0.476,0.201,0.13,0.12,True,False,False,OUT
U_55e743696a,O-1,RESIDENT,IN,GPAY,ISSUER_02,True,True,ON,2024-10-09,STD,0.373,0.102,0.162,-0.037,True,True,True,OUT
U_4ffb198490,O-2,RESIDENT,IN,GPAY,ISSUER_03,True,True,ON,2024-10-14,STD,0.175,0.121,0.416,0.133,True,True,False,OUT
U_b43a0bb252,O-2,RESIDENT,IN,BHIM,ISSUER_10,True,True,OFF,2025-11-28,STD,0.741,0.332,0.318,0.058,True,False,False,OUT
U_5cbfa721a1,O-1,RESIDENT,IN,BHIM,ISSUER_03,True,True,ON,2026-04-24,STD,0.178,0.089,0.388,0.19,True,True,False,OUT
U_b3bd60812a,O-4,RESIDENT,IN,GPAY,ISSUER_09,True,True,ON,2024-09-10,STD,0.202,0.113,0.085,-0.066,True,True,True,OUT
U_53975f1d37,O-2,RESIDENT,IN,BHIM,ISSUER_06,True,True,OFF,2025-11-19,STD,0.733,0.195,0.163,-0.027,True,True,False,OUT
U_d3cf7dd52a,O-2,RESIDENT,IN,BHIM,ISSUER_07,True,True,OFF,2026-06-25,STD,0.306,-0.144,0.29,0.189,True,False,False,OUT
U_c9fb31b6c0,O-2,RESIDENT,IN,PHONEPE,ISSUER_08,True,True,OFF,2026-03-18,STD,0.795,0.018,0.481,0.055,True,False,True,OUT
U_b23f83824b,O-6,RESIDENT,IN,PHONEPE,ISSUER_03,False,False,OFF,2025-04-03,STD,0.653,0.036,0.204,0.191,True,False,False,OUT
U_fff551ea62,O-6,RESIDENT,IN,PHONEPE,ISSUER_09,False,False,OFF,2026-06-19,STD,0.667,0.246,0.196,-0.135,True,True,False,OUT
U_88d16b0c12,O-5,RESIDENT,IN,PHONEPE,ISSUER_05,True,True,OFF,2026-05-14,STD,0.578,0.18,0.134,0.22,True,True,False,OUT
U_934b07dd4c,O-1,RESIDENT,IN,GPAY,ISSUER_06,True,True,ON,2026-01-15,STD,0.542,0.016,0.171,0.017,True,True,True,OUT
U_3d0750c8cb,O-2,RESIDENT,IN,BHIM,ISSUER_08,True,True,OFF,2026-02-17,STD,0.783,0.154,0.154,0.284,True,False,False,OUT
U_9c8b2ba035,O-1,RESIDENT,IN,BHIM,ISSUER_05,True,False,ON,2025-09-30,STD,0.184,0.242,0.255,-0.073,False,True,False,OUT
U_6787543d66,O-4,RESIDENT,IN,GPAY,ISSUER_04,True,False,OFF,2024-12-30,STD,0.071,0.299,0.172,0.04,True,True,False,OUT
U_9e34309137,O-6,RESIDENT,IN,PHONEPE,ISSUER_04,False,False,OFF,2025-06-30,STD,0.728,0.008,0.155,-0.15,True,False,True,OUT
U_7aabcaeef9,O-1,RESIDENT,IN,BHIM,ISSUER_03,True,True,ON,2026-06-30,STD,0.792,-0.118,0.177,0.146,False,True,True,OUT
U_1b9027bff0,O-3,RESIDENT,IN,PHONEPE,ISSUER_07,True,True,OFF,2025-03-27,STD,0.244,0.282,0.193,0.015,True,True,False,OUT
U_e8299bcd5e,O-6,RESIDENT,IN,PHONEPE,ISSUER_08,False,True,OFF,2026-02-22,STD,0.438,0.177,0.372,0.064,False,False,True,OUT
U_dda69960c9,O-5,RESIDENT,IN,GPAY,ISSUER_10,True,True,OFF,2025-06-13,STD,0.669,0.24,0.404,-0.034,False,True,True,OUT
U_3a034ca6c3,O-1,RESIDENT,IN,PHONEPE,ISSUER_01,True,True,ON,2024-10-09,STD,0.672,0.241,0.224,0.17,True,True,False,OUT
U_37d7ab5edc,O-1,RESIDENT,IN,GPAY,ISSUER_11,False,True,ON,2025-02-11,STD,0.287,0.056,0.134,-0.031,True,True,True,OUT
U_2b5788aa39,O-6,RESIDENT,IN,PHONEPE,ISSUER_07,False,True,OFF,2025-05-28,STD,0.274,0.03,0.365,-0.001,True,True,True,OUT
U_33c753943d,O-5,RESIDENT,IN,BHIM,ISSUER_01,True,True,OFF,2025-05-17,STD,0.701,0.118,0.121,-0.116,False,False,False,OUT
U_b830fe2188,O-4,RESIDENT,IN,PHONEPE,ISSUER_02,True,True,ON,2025-01-12,STD,0.499,0.104,0.348,-0.125,True,True,False,OUT
U_11c169cc31,O-5,RESIDENT,IN,GPAY,ISSUER_11,True,True,OFF,2025-08-05,STD,0.538,0.335,0.37,-0.013,True,False,True,OUT
U_d63d4cc2c1,O-3,RESIDENT,IN,BHIM,ISSUER_07,True,True,OFF,2026-03-30,STD,0.181,-0.278,0.592,-0.15,True,True,True,OUT
U_0b0ba1bbfa,O-1,RESIDENT,IN,BHIM,ISSUER_11,True,True,ON,2025-11-27,STD,0.691,-0.101,0.641,-0.15,True,True,True,OUT
U_3a5a16ed99,O-4,RESIDENT,IN,BHIM,ISSUER_01,True,True,OFF,2025-09-01,STD,0.413,0.005,0.305,-0.116,True,True,True,OUT
U_de4cf7eeb3,O-2,RESIDENT,IN,PHONEPE,ISSUER_02,True,True,ON,2024-10-06,STD,0.518,0.218,0.219,0.106,False,True,True,OUT
U_976a393aa5,O-5,RESIDENT,IN,PHONEPE,ISSUER_02,True,True,OFF,2025-01-14,STD,0.808,0.252,0.085,0.033,True,True,False,OUT
U_c4189c7cb5,O-2,RESIDENT,IN,BHIM,ISSUER_05,True,True,OFF,2026-07-05,STD,0.576,0.049,0.332,-0.059,True,False,False,OUT
U_50a66507fb,O-1,RESIDENT,IN,PHONEPE,ISSUER_07,True,True,ON,2026-01-19,STD,0.179,-0.152,0.338,-0.041,False,True,True,OUT
U_34a5909123,O-6,RESIDENT,IN,GPAY,ISSUER_10,False,False,OFF,2026-03-14,STD,0.513,0.245,0.079,0.022,True,False,False,OUT
U_ff6e110067,O-3,RESIDENT,IN,GPAY,ISSUER_09,False,True,OFF,2025-06-25,STD,0.63,0.158,0.02,-0.001,True,False,False,OUT
U_d8496b394e,O-2,RESIDENT,IN,BHIM,ISSUER_01,True,True,ON,2026-03-06,STD,0.455,0.024,0.234,0.049,False,True,False,OUT
U_bf8caa4ba0,O-3,RESIDENT,IN,PHONEPE,ISSUER_06,True,True,ON,2026-04-30,STD,0.68,0.296,0.324,0.143,True,True,False,OUT
U_c3b1b279c9,O-6,RESIDENT,IN,PHONEPE,ISSUER_11,True,True,OFF,2025-08-09,STD,0.345,-0.089,0.211,0.056,True,False,True,OUT
U_3194e3f7c1,O-1,RESIDENT,IN,PHONEPE,ISSUER_03,True,True,ON,2026-06-22,STD,0.773,0.093,0.115,0.105,False,False,True,OUT
U_2663be3527,O-2,RESIDENT,IN,BHIM,ISSUER_05,True,False,OFF,2026-01-22,STD,0.452,0.224,0.265,0.141,True,True,True,OUT
U_e44fbc4a1d,O-5,RESIDENT,IN,BHIM,ISSUER_03,True,True,ON,2025-08-31,STD,0.506,0.146,0.377,-0.08,True,True,False,OUT
U_977294bba8,O-2,RESIDENT,IN,PHONEPE,ISSUER_08,False,True,OFF,2025-05-07,STD,0.498,0.041,0.379,-0.04,True,True,True,OUT
U_0f2ab1fa26,O-1,RESIDENT,IN,PHONEPE,ISSUER_02,True,True,ON,2026-02-01,STD,0.132,0.224,0.352,-0.101,True,False,False,OUT
U_6db3690188,O-2,RESIDENT,IN,BHIM,ISSUER_12,True,False,OFF,2025-12-03,STD,0.575,0.29,0.222,-0.15,True,True,False,OUT
U_391aaa5eca,O-2,RESIDENT,IN,BHIM,ISSUER_07,True,False,ON,2024-10-20,STD,0.403,0.289,0.314,0.113,True,False,False,OUT
U_6ba30b4c6d,O-3,RESIDENT,IN,GPAY,ISSUER_03,True,True,ON,2026-05-11,STD,0.624,0.176,0.078,-0.055,True,False,True,OUT
U_c461874ae0,O-2,RESIDENT,IN,GPAY,ISSUER_12,True,True,OFF,2024-12-18,STD,0.678,-0.181,0.081,-0.15,True,True,False,OUT
U_8a719b9482,O-1,RESIDENT,IN,BHIM,ISSUER_04,True,True,ON,2025-05-28,STD,0.76,0.101,0.371,-0.062,True,False,False,OUT
U_2789620de3,O-4,RESIDENT,IN,BHIM,ISSUER_10,False,True,ON,2026-06-02,STD,0.72,-0.119,0.307,-0.15,True,True,False,OUT
U_b9d76cd50f,O-6,RESIDENT,IN,PHONEPE,ISSUER_11,False,True,OFF,2025-08-06,STD,0.107,0.116,0.325,0.003,True,False,True,OUT
U_87e4911835,O-6,RESIDENT,IN,PHONEPE,ISSUER_05,False,False,OFF,2025-12-26,STD,0.807,0.246,0.045,0.063,True,True,False,OUT
U_ad11ecea90,O-2,RESIDENT,IN,PHONEPE,ISSUER_09,True,True,OFF,2026-03-30,STD,0.471,-0.285,0.95,-0.15,False,True,True,OUT
U_9045faa4d5,O-3,RESIDENT,IN,PHONEPE,ISSUER_06,True,True,ON,2025-05-24,STD,0.685,0.372,0.252,-0.15,True,True,False,OUT
U_3a1b5cf8d6,O-2,RESIDENT,IN,PHONEPE,ISSUER_06,True,True,ON,2025-01-16,STD,0.35,0.337,0.306,-0.05,True,True,False,OUT
U_b631c161d6,O-5,RESIDENT,IN,GPAY,ISSUER_06,True,True,OFF,2024-12-11,STD,0.933,0.109,0.115,-0.15,False,True,False,OUT
U_3145fdda7c,O-2,RESIDENT,IN,PHONEPE,ISSUER_03,True,True,OFF,2025-03-24,STD,0.313,-0.145,0.905,-0.15,True,True,True,OUT
U_0ebb4c3286,O-1,RESIDENT,IN,BHIM,ISSUER_04,True,False,ON,2025-11-16,STD,0.632,0.3,0.062,0.196,True,True,True,OUT
U_5b987e7b49,O-1,RESIDENT,IN,PHONEPE,ISSUER_05,True,True,ON,2024-10-25,STD,0.448,0.498,0.032,-0.117,True,True,False,OUT
U_aee902ba2c,O-6,RESIDENT,IN,PHONEPE,ISSUER_04,False,False,OFF,2025-03-13,STD,0.879,0.003,0.366,-0.042,True,True,False,OUT
U_8e241e345c,O-4,RESIDENT,IN,GPAY,ISSUER_10,True,True,OFF,2025-07-15,STD,0.644,0.063,0.337,0.097,True,True,True,OUT
U_a56d12d68a,O-4,RESIDENT,IN,BHIM,ISSUER_12,False,True,ON,2026-06-26,STD,0.688,0.046,0.254,-0.15,True,True,True,OUT
U_c829652b47,O-2,RESIDENT,IN,BHIM,ISSUER_05,True,True,OFF,2025-01-10,STD,0.362,0.134,0.482,0.06,False,True,True,OUT
U_d790574459,O-5,RESIDENT,IN,BHIM,ISSUER_07,True,True,ON,2025-11-13,STD,0.615,0.361,0.269,0.025,True,True,True,OUT
U_18d92cdf3e,O-1,RESIDENT,IN,GPAY,ISSUER_08,True,True,ON,2025-11-25,STD,0.41,0.156,0.22,0.18,True,False,False,OUT
U_f1c76df2b4,O-1,RESIDENT,IN,PHONEPE,ISSUER_12,True,True,ON,2025-11-14,STD,0.73,-0.219,0.545,-0.15,True,True,True,OUT
U_0ba80ef0df,O-6,RESIDENT,IN,PHONEPE,ISSUER_07,True,False,OFF,2024-09-15,STD,0.649,-0.114,0.912,-0.15,True,False,True,OUT
U_0c412b9563,O-3,RESIDENT,IN,BHIM,ISSUER_02,True,True,OFF,2026-07-02,STD,0.354,-0.1,0.214,0.012,True,True,False,OUT
U_5159a98155,O-4,RESIDENT,IN,GPAY,ISSUER_03,True,True,ON,2025-07-21,STD,0.605,0.143,0.182,0.048,False,False,True,OUT
U_10b55870fd,O-3,RESIDENT,IN,BHIM,ISSUER_03,False,True,OFF,2025-08-01,STD,0.36,0.287,0.118,0.053,True,True,True,OUT
U_5d97db07b8,O-2,RESIDENT,IN,PHONEPE,ISSUER_05,True,True,ON,2026-04-20,STD,0.459,0.183,0.089,-0.01,False,False,False,OUT
U_968e8ddb42,O-6,RESIDENT,IN,PHONEPE,ISSUER_02,True,True,OFF,2026-04-30,STD,0.641,-0.029,0.216,0.328,True,True,False,OUT
U_5f1ba7033e,O-1,RESIDENT,IN,BHIM,ISSUER_06,True,True,ON,2025-01-13,STD,0.714,0.037,0.03,0.11,True,False,True,OUT
U_12e309bff4,O-1,RESIDENT,IN,GPAY,ISSUER_06,True,True,ON,2026-05-25,STD,0.454,0.221,0.152,0.01,True,True,False,OUT
U_9c85fe26e4,O-1,RESIDENT,IN,PHONEPE,ISSUER_02,True,True,ON,2025-01-11,STD,0.746,-0.171,0.459,-0.15,False,False,False,OUT
U_a66c0dd011,O-1,RESIDENT,IN,BHIM,ISSUER_05,True,True,ON,2026-06-05,STD,0.38,0.29,0.403,-0.012,True,False,True,OUT
U_ae071c06d1,O-2,RESIDENT,IN,GPAY,ISSUER_06,True,True,ON,2024-12-26,STD,0.651,-0.068,0.205,-0.045,True,False,False,OUT
U_575b56e958,O-6,RESIDENT,IN,PHONEPE,ISSUER_06,True,False,OFF,2024-10-27,STD,0.507,0.454,0.208,0.154,True,True,False,OUT
U_cff8b41f4d,O-2,RESIDENT,IN,BHIM,ISSUER_12,True,True,ON,2024-09-29,STD,0.765,0.205,0.163,0.211,True,False,True,OUT
U_55fec7c15c,O-4,RESIDENT,IN,PHONEPE,ISSUER_07,True,True,OFF,2024-12-09,STD,0.23,-0.199,0.513,0.102,True,False,True,OUT
U_b2f72048de,O-1,RESIDENT,IN,BHIM,ISSUER_12,False,True,ON,2025-02-21,STD,0.117,0.026,0.185,0.036,True,True,False,OUT
U_6c2f79c528,O-2,RESIDENT,IN,PHONEPE,ISSUER_01,True,True,ON,2026-02-05,STD,0.341,-0.027,0.102,0.185,True,True,True,OUT
U_06a56e3faf,O-1,RESIDENT,IN,PHONEPE,ISSUER_03,True,True,ON,2025-05-01,STD,0.43,0.551,0.434,-0.066,True,True,True,OUT
U_ad7b2a0a77,O-5,RESIDENT,IN,GPAY,ISSUER_12,True,True,OFF,2026-06-10,STD,0.443,-0.007,0.162,0.07,True,True,False,OUT
U_8ac272308c,O-2,RESIDENT,IN,GPAY,ISSUER_03,True,True,ON,2026-05-27,STD,0.517,-0.145,0.402,-0.008,True,True,True,OUT
U_7a67bf878b,O-2,RESIDENT,IN,GPAY,ISSUER_06,True,True,OFF,2026-03-31,STD,0.628,0.214,0.297,-0.15,True,True,True,OUT
U_92ad4f0286,O-2,RESIDENT,IN,PHONEPE,ISSUER_04,True,True,ON,2025-03-19,STD,0.533,0.26,0.306,-0.134,True,False,False,OUT
U_4b78b404cd,O-1,RESIDENT,IN,PHONEPE,ISSUER_09,True,True,ON,2025-08-12,STD,0.328,0.316,0.169,0.103,True,True,True,OUT
U_8dd21edc67,O-5,RESIDENT,IN,PHONEPE,ISSUER_09,True,True,ON,2025-08-26,STD,0.814,0.227,0.242,0.048,True,True,False,OUT
U_214ecbbae3,O-2,RESIDENT,IN,PHONEPE,ISSUER_05,True,True,ON,2025-10-07,STD,0.392,0.229,0.32,-0.15,False,True,True,OUT
U_0fcb474c3d,O-6,RESIDENT,IN,BHIM,ISSUER_07,False,False,OFF,2025-01-07,STD,0.579,0.173,0.271,0.135,True,True,False,OUT
U_8a4cd946cc,O-2,RESIDENT,IN,GPAY,ISSUER_07,True,True,ON,2025-12-07,STD,0.294,0.19,0.41,-0.029,True,True,False,OUT
U_1e5d7dac1a,O-4,RESIDENT,IN,PHONEPE,ISSUER_09,True,True,OFF,2024-10-16,STD,0.51,0.304,0.119,0.16,True,False,True,OUT
U_21128127d3,O-2,RESIDENT,IN,PHONEPE,ISSUER_10,True,True,ON,2026-03-21,STD,0.188,0.191,0.171,-0.002,True,True,True,OUT
U_31dcfa34f2,O-1,RESIDENT,IN,BHIM,ISSUER_07,True,True,ON,2024-12-10,STD,0.436,0.363,0.409,0.028,True,True,True,OUT
U_b25921872b,O-6,RESIDENT,IN,GPAY,ISSUER_03,True,False,OFF,2026-05-30,STD,0.962,0.065,0.301,-0.15,True,True,False,OUT
U_8bfbc44d03,O-1,RESIDENT,IN,PHONEPE,ISSUER_03,True,True,ON,2026-03-25,STD,0.177,-0.11,0.215,0.186,True,False,False,OUT
U_ac0b58b6eb,O-1,RESIDENT,IN,GPAY,ISSUER_05,True,True,ON,2025-07-02,STD,0.481,-0.081,0.505,0.005,True,True,True,OUT
U_7a1642b3eb,O-4,RESIDENT,IN,BHIM,ISSUER_03,True,False,ON,2026-07-09,STD,0.148,0.322,0.293,-0.15,True,True,True,OUT
U_42e91171f1,O-6,RESIDENT,IN,PHONEPE,ISSUER_03,False,True,OFF,2025-08-27,STD,0.596,0.318,0.438,-0.083,True,True,False,OUT
U_05c9937363,O-2,RESIDENT,IN,PHONEPE,ISSUER_12,True,True,ON,2024-11-22,STD,0.354,0.112,0.387,-0.047,True,True,True,OUT
U_c647d485d7,O-2,RESIDENT,IN,PHONEPE,ISSUER_02,True,True,OFF,2025-04-16,STD,0.382,0.183,0.373,-0.098,True,True,True,OUT
U_00ed179811,O-4,RESIDENT,IN,GPAY,ISSUER_04,True,True,OFF,2025-12-13,STD,0.838,0.202,0.203,-0.15,True,True,True,OUT
U_6ad04acbea,O-1,RESIDENT,IN,PHONEPE,ISSUER_08,True,True,ON,2025-06-06,STD,0.056,-0.201,0.039,0.13,True,True,False,OUT
U_ffc3e875bc,O-2,RESIDENT,IN,GPAY,ISSUER_02,True,True,ON,2025-07-26,STD,0.435,-0.176,0.153,0.004,True,True,True,OUT
U_391bcd5a8f,O-5,RESIDENT,IN,PHONEPE,ISSUER_05,True,True,OFF,2025-08-16,STD,0.038,0.252,0.287,0.12,True,True,True,OUT
U_b465f73095,O-1,RESIDENT,IN,BHIM,ISSUER_05,True,True,ON,2026-01-08,STD,0.389,0.134,0.399,-0.033,True,True,True,OUT
U_35710a5909,O-6,RESIDENT,IN,GPAY,ISSUER_04,True,True,OFF,2024-08-17,STD,0.764,0.332,0.181,0.134,True,True,True,OUT
U_b60f7c9939,O-6,RESIDENT,IN,BHIM,ISSUER_09,False,False,OFF,2025-01-02,STD,0.655,0.036,0.195,0.137,True,False,True,OUT
U_24239ccc7a,O-6,RESIDENT,IN,PHONEPE,ISSUER_06,True,False,OFF,2024-12-15,STD,0.659,-0.203,0.626,-0.096,True,False,True,OUT
U_47eb53c7c9,O-6,RESIDENT,IN,GPAY,ISSUER_05,False,False,OFF,2026-04-09,STD,0.467,0.222,0.086,0.159,False,True,False,OUT
U_af84b04dfd,O-2,RESIDENT,IN,PHONEPE,ISSUER_04,True,True,ON,2025-04-20,STD,0.575,-0.042,0.371,-0.15,False,True,True,OUT
U_9c22176c9e,O-2,RESIDENT,IN,BHIM,ISSUER_06,True,True,OFF,2025-03-19,STD,0.645,0.334,0.178,0.186,True,True,True,OUT
U_566b897d8b,O-5,RESIDENT,IN,BHIM,ISSUER_02,True,True,ON,2026-06-28,STD,0.438,0.35,0.491,-0.15,True,True,True,OUT
U_fd8090bac5,O-6,RESIDENT,IN,PHONEPE,ISSUER_06,False,False,OFF,2025-03-03,STD,0.743,-0.058,0.248,-0.142,True,True,True,OUT
U_c3abba4846,O-2,RESIDENT,IN,GPAY,ISSUER_09,True,True,OFF,2025-12-28,STD,0.749,-0.131,0.112,0.096,False,True,True,OUT
U_aa391e415f,O-5,RESIDENT,IN,BHIM,ISSUER_03,False,True,ON,2024-10-11,STD,0.74,0.06,0.352,-0.15,True,False,False,OUT
U_acc74a7f6c,O-6,RESIDENT,IN,GPAY,ISSUER_09,False,False,OFF,2026-01-09,STD,0.647,0.376,0.216,-0.098,True,False,True,OUT
U_ca9741c058,O-2,RESIDENT,IN,GPAY,ISSUER_06,True,True,OFF,2024-12-05,STD,0.373,0.01,0.221,-0.049,True,True,True,OUT
U_1227d96b54,O-2,RESIDENT,IN,GPAY,ISSUER_03,True,True,ON,2024-10-23,STD,0.521,-0.072,0.397,-0.077,True,True,False,OUT
U_d0d8cd9589,O-6,RESIDENT,IN,BHIM,ISSUER_11,False,False,OFF,2025-05-28,STD,0.736,0.305,0.318,0.098,False,False,True,OUT
U_1dbb8f44e2,O-1,RESIDENT,IN,GPAY,ISSUER_08,True,True,ON,2026-01-27,STD,0.895,-0.105,0.146,0.142,True,True,False,OUT
U_edba512ed9,O-3,RESIDENT,IN,GPAY,ISSUER_12,True,True,ON,2025-10-23,STD,0.759,0.168,0.273,-0.001,True,True,False,OUT
U_70091de616,O-6,RESIDENT,IN,GPAY,ISSUER_04,False,False,OFF,2025-01-12,ELEVATED,0.315,-0.175,0.115,-0.043,True,True,False,OUT
U_3becb42044,O-2,RESIDENT,IN,BHIM,ISSUER_12,True,True,ON,2025-03-16,STD,0.129,-0.017,0.113,0.049,False,False,True,OUT
U_b924089083,O-2,RESIDENT,IN,GPAY,ISSUER_12,True,True,OFF,2025-01-17,STD,0.522,0.38,0.226,-0.025,True,False,True,OUT
U_33a8c1e2e5,O-1,RESIDENT,IN,GPAY,ISSUER_01,True,True,ON,2025-09-15,RESTRICTED,0.13,0.1,0.207,0.013,True,True,True,OUT
U_71421da729,O-1,RESIDENT,IN,GPAY,ISSUER_10,True,True,ON,2025-11-03,STD,0.675,-0.033,0.123,0.001,True,True,True,OUT
U_5513a7358a,O-2,RESIDENT,IN,GPAY,ISSUER_02,True,True,ON,2024-10-24,STD,0.762,0.05,0.222,0.17,True,True,False,OUT
U_0478f2a220,O-5,RESIDENT,IN,PHONEPE,ISSUER_09,True,True,ON,2025-07-11,STD,0.383,-0.11,0.367,-0.027,False,True,False,OUT
U_7edb89147d,O-1,RESIDENT,IN,GPAY,ISSUER_04,True,True,ON,2025-12-22,STD,0.242,0.165,0.212,0.021,True,False,True,OUT
U_359c66afec,O-4,RESIDENT,IN,BHIM,ISSUER_10,True,True,OFF,2024-08-23,STD,0.513,0.554,0.355,-0.021,True,False,False,OUT
U_eea5567496,O-6,RESIDENT,IN,BHIM,ISSUER_05,True,False,OFF,2025-05-22,STD,0.902,0.098,0.082,-0.079,True,False,True,OUT
U_42a2c9733d,O-6,RESIDENT,IN,BHIM,ISSUER_11,True,False,OFF,2024-09-05,STD,0.343,-0.253,0.765,-0.027,True,True,True,OUT
U_5e140de77f,O-2,RESIDENT,IN,PHONEPE,ISSUER_11,True,True,ON,2025-03-20,STD,0.389,-0.198,0.119,-0.139,True,False,True,OUT
U_17331dabb7,O-2,RESIDENT,IN,GPAY,ISSUER_03,True,True,ON,2024-11-27,STD,0.532,0.354,0.251,0.174,True,False,True,OUT
U_25d27f0fa6,O-4,RESIDENT,IN,PHONEPE,ISSUER_11,True,True,ON,2025-10-17,STD,0.555,0.17,0.056,0.007,False,True,False,OUT
U_9095b085c5,O-2,RESIDENT,IN,BHIM,ISSUER_02,True,True,OFF,2025-08-10,STD,0.532,0.28,0.279,0.071,True,True,False,OUT
U_f0abf04ac7,O-3,RESIDENT,IN,GPAY,ISSUER_11,True,True,ON,2025-09-04,STD,0.382,0.044,0.133,0.011,True,False,False,OUT
U_32652837d8,O-2,RESIDENT,IN,PHONEPE,ISSUER_03,True,True,ON,2025-05-11,STD,0.437,-0.106,0.686,-0.138,True,True,True,OUT
U_24d595a045,O-1,RESIDENT,IN,BHIM,ISSUER_04,True,True,ON,2025-01-13,STD,0.67,0.23,0.32,-0.098,True,True,True,OUT
U_b4cae38712,O-1,RESIDENT,IN,GPAY,ISSUER_06,True,False,ON,2025-09-24,STD,0.2,0.169,0.112,-0.002,True,False,True,OUT
U_a82e68330c,O-5,RESIDENT,IN,PHONEPE,ISSUER_02,True,True,OFF,2024-12-04,STD,0.598,0.256,0.329,-0.15,True,True,True,OUT
U_dbb4122c70,O-6,RESIDENT,IN,GPAY,ISSUER_06,False,False,OFF,2026-04-05,STD,0.721,-0.024,0.249,0.004,True,True,True,OUT
U_a9989e89f5,O-6,RESIDENT,IN,PHONEPE,ISSUER_07,False,False,OFF,2025-09-09,STD,0.414,0.418,0.2,-0.081,True,True,True,OUT
U_db9e72d7b7,O-3,RESIDENT,IN,PHONEPE,ISSUER_08,True,True,OFF,2025-12-06,STD,0.803,0.527,0.251,-0.15,True,True,False,OUT
U_f164a43fe9,O-6,RESIDENT,IN,BHIM,ISSUER_07,False,False,OFF,2025-06-28,STD,0.637,0.047,0.304,0.318,True,False,False,OUT
U_b1ee833a45,O-5,RESIDENT,IN,GPAY,ISSUER_05,True,True,ON,2026-06-11,STD,0.918,0.006,0.35,0.228,True,True,False,OUT
U_ea23070b6c,O-5,RESIDENT,IN,PHONEPE,ISSUER_05,True,True,OFF,2025-06-15,STD,0.111,-0.223,0.899,-0.15,True,True,True,OUT
U_cd7ebf23dd,O-1,RESIDENT,IN,GPAY,ISSUER_03,True,True,ON,2025-02-09,STD,0.39,0.395,0.098,-0.15,True,True,True,OUT
U_d02981574f,O-4,RESIDENT,IN,BHIM,ISSUER_08,False,False,ON,2026-05-14,STD,0.686,0.034,0.062,0.152,True,True,True,OUT
U_3a25725158,O-1,RESIDENT,IN,BHIM,ISSUER_06,True,True,ON,2026-02-09,ELEVATED,0.625,0.081,0.096,-0.033,True,True,False,OUT
U_4e2cca986e,O-1,RESIDENT,IN,BHIM,ISSUER_08,True,True,ON,2026-02-12,STD,0.582,0.286,0.325,-0.15,True,True,False,OUT
U_5fa3b28e15,O-1,RESIDENT,IN,PHONEPE,ISSUER_06,True,True,ON,2026-05-23,STD,0.458,0.178,0.083,0.118,True,False,False,OUT
U_d1fad9db9d,O-1,RESIDENT,IN,GPAY,ISSUER_04,True,True,ON,2026-02-17,STD,0.342,0.285,0.21,-0.002,True,False,False,OUT
U_60f39f8d73,O-1,RESIDENT,IN,PHONEPE,ISSUER_06,False,True,ON,2025-06-10,STD,0.412,-0.183,0.437,0.088,False,False,False,OUT
U_445e09b464,O-6,RESIDENT,IN,BHIM,ISSUER_07,False,False,OFF,2024-11-06,STD,0.368,0.345,0.321,0.03,True,True,True,OUT
U_6215a35ec4,O-2,RESIDENT,IN,GPAY,ISSUER_08,True,True,ON,2025-11-23,STD,0.28,-0.108,0.281,0.161,True,True,True,OUT
U_6a3f9d5972,O-3,RESIDENT,IN,PHONEPE,ISSUER_03,True,True,OFF,2026-05-01,STD,0.275,0.29,0.312,0.034,False,True,False,OUT
U_5ea2d3790a,O-3,RESIDENT,IN,BHIM,ISSUER_05,True,True,ON,2026-05-18,STD,0.883,0.143,0.334,-0.028,True,True,True,OUT
U_74406bf9e8,O-5,RESIDENT,IN,PHONEPE,ISSUER_04,True,True,OFF,2026-06-10,STD,0.219,0.134,0.178,-0.15,True,True,True,OUT
U_1d043984a0,O-5,RESIDENT,IN,BHIM,ISSUER_08,True,True,ON,2026-02-19,STD,0.84,0.21,0.225,0.065,True,True,False,OUT
U_2d44197a43,O-5,RESIDENT,IN,PHONEPE,ISSUER_11,True,True,ON,2026-06-29,STD,0.525,0.205,0.197,0.168,True,True,True,OUT
U_df524fc0fa,O-2,RESIDENT,IN,BHIM,ISSUER_09,True,True,ON,2024-08-18,STD,0.16,0.223,0.277,0.047,True,True,True,OUT
U_57a28578fc,O-3,RESIDENT,IN,GPAY,ISSUER_03,True,True,OFF,2025-01-27,STD,0.708,0.16,0.275,0.009,False,True,False,OUT
U_8aa2cead1a,O-2,RESIDENT,IN,PHONEPE,ISSUER_06,False,True,ON,2025-07-08,ELEVATED,0.465,0.469,0.061,0.142,True,True,False,OUT
U_90a14d807d,O-6,RESIDENT,IN,GPAY,ISSUER_12,True,True,OFF,2026-01-02,STD,0.344,0.276,0.14,0.117,True,True,True,OUT
U_f12f8c30fa,O-1,RESIDENT,IN,GPAY,ISSUER_03,True,True,ON,2024-08-16,STD,0.157,0.129,0.164,-0.077,True,True,False,OUT
U_23bc008c61,O-1,RESIDENT,IN,PHONEPE,ISSUER_04,False,True,ON,2025-11-05,STD,0.262,0.091,0.237,0.034,True,True,True,OUT
U_13355c8e81,O-1,RESIDENT,IN,GPAY,ISSUER_08,True,True,ON,2026-01-05,STD,0.275,-0.068,0.408,-0.15,True,True,False,OUT
U_cda61cd74b,O-1,RESIDENT,IN,GPAY,ISSUER_05,True,True,ON,2025-09-08,STD,0.144,0.283,0.209,0.272,True,True,True,OUT
U_1a949204d1,O-5,RESIDENT,IN,PHONEPE,ISSUER_07,True,True,ON,2026-05-14,STD,0.378,0.312,0.33,0.109,True,False,False,OUT
U_e5598f643b,O-5,RESIDENT,IN,GPAY,ISSUER_12,True,True,OFF,2025-07-09,STD,0.421,0.126,0.061,0.064,False,False,False,OUT
U_a4ff1200e8,O-1,RESIDENT,IN,PHONEPE,ISSUER_10,True,True,ON,2026-06-04,STD,0.682,0.068,0.113,-0.101,True,True,False,OUT
U_e27c4b28da,O-6,RESIDENT,IN,BHIM,ISSUER_01,False,False,OFF,2026-06-10,STD,0.744,0.316,0.182,0.076,True,True,False,OUT
U_09a812a699,O-2,RESIDENT,IN,PHONEPE,ISSUER_12,True,True,ON,2026-07-03,STD,0.618,-0.061,0.378,-0.073,True,True,True,OUT
U_31d8222160,O-2,RESIDENT,IN,PHONEPE,ISSUER_03,True,True,OFF,2024-12-18,STD,0.95,0.368,0.363,-0.043,True,True,False,OUT
U_6cf72a14df,O-3,RESIDENT,IN,PHONEPE,ISSUER_03,False,False,ON,2026-02-04,STD,0.518,0.494,0.284,0.193,False,False,True,OUT
U_f10e28306b,O-3,RESIDENT,IN,BHIM,ISSUER_01,True,True,ON,2026-06-07,ELEVATED,0.617,0.096,0.385,-0.064,True,False,False,OUT
U_e8f648d6a9,O-2,RESIDENT,IN,PHONEPE,ISSUER_03,True,True,ON,2025-06-15,STD,0.566,0.137,0.322,0.056,False,True,True,OUT
U_0be1c88f5d,O-6,RESIDENT,IN,PHONEPE,ISSUER_01,True,True,OFF,2024-11-09,STD,0.773,0.455,0.426,-0.086,True,True,False,OUT
U_18d7d23061,O-1,RESIDENT,IN,GPAY,ISSUER_10,False,False,ON,2025-08-14,STD,0.199,0.422,0.429,-0.15,True,False,True,OUT
U_58b8285d49,O-1,RESIDENT,IN,BHIM,ISSUER_09,True,True,ON,2024-08-16,STD,0.501,0.109,0.11,0.194,True,True,False,OUT
U_ce8e219766,O-2,RESIDENT,IN,PHONEPE,ISSUER_04,True,True,ON,2026-03-27,STD,0.748,0.113,0.194,-0.15,True,True,False,OUT
U_41c2a67af5,O-1,RESIDENT,IN,GPAY,ISSUER_04,False,True,ON,2026-03-14,STD,0.929,-0.312,0.511,-0.036,False,True,True,OUT
U_6f171da475,O-6,RESIDENT,IN,GPAY,ISSUER_04,True,False,OFF,2026-02-14,STD,0.395,-0.071,0.306,-0.15,False,False,False,OUT
U_82840d4a0c,O-5,RESIDENT,IN,BHIM,ISSUER_02,True,True,ON,2026-05-10,STD,0.487,0.14,0.235,-0.048,True,True,False,OUT
U_e5e591d868,O-5,RESIDENT,IN,BHIM,ISSUER_12,False,True,ON,2026-02-03,STD,0.752,0.449,0.3,0.12,True,True,False,OUT
U_82f0bd94e4,O-3,RESIDENT,IN,BHIM,ISSUER_09,True,True,ON,2024-10-24,STD,0.789,0.427,0.164,-0.15,True,True,True,OUT
U_644f582c61,O-5,RESIDENT,IN,PHONEPE,ISSUER_10,True,True,ON,2026-04-09,STD,0.661,0.568,0.175,0.026,True,False,True,OUT
U_1d32899606,O-1,RESIDENT,IN,BHIM,ISSUER_04,True,True,ON,2026-07-17,STD,0.751,-0.108,0.46,-0.103,True,True,False,OUT
U_a7fc70e74f,O-2,RESIDENT,IN,BHIM,ISSUER_12,True,False,OFF,2024-08-14,STD,0.458,0.024,0.36,-0.098,True,True,False,OUT
U_00e050de1f,O-4,RESIDENT,IN,BHIM,ISSUER_10,False,True,OFF,2024-10-19,STD,0.386,-0.154,0.272,0.018,True,True,False,OUT
U_55fc10989c,O-4,RESIDENT,IN,BHIM,ISSUER_03,True,True,ON,2025-04-05,STD,0.357,0.388,0.255,-0.012,True,True,False,OUT
U_f22386545a,O-5,RESIDENT,IN,BHIM,ISSUER_04,True,True,OFF,2025-07-28,STD,0.83,0.535,0.145,0.113,False,True,False,OUT
U_9531d69e62,O-5,RESIDENT,IN,GPAY,ISSUER_05,True,True,ON,2025-07-13,STD,0.373,0.542,0.379,0.11,True,True,True,OUT
U_f9862499d2,O-1,RESIDENT,IN,GPAY,ISSUER_08,True,True,ON,2024-09-11,STD,0.85,0.198,0.055,0.13,True,True,False,OUT
U_2d96a73720,O-1,RESIDENT,IN,GPAY,ISSUER_03,True,False,ON,2025-04-26,STD,0.302,0.038,0.38,0.023,True,True,True,OUT
U_e62d6891ac,O-1,RESIDENT,IN,BHIM,ISSUER_12,False,True,ON,2025-02-10,STD,0.587,0.165,0.469,-0.15,True,True,False,OUT
U_6d7115f0e2,O-1,RESIDENT,IN,GPAY,ISSUER_02,False,True,ON,2026-06-04,STD,0.418,-0.085,0.572,-0.071,True,False,True,OUT
U_75030062dd,O-2,RESIDENT,IN,PHONEPE,ISSUER_08,True,True,ON,2025-01-10,STD,0.731,-0.4,0.257,0.163,True,True,False,OUT
U_ccd9b9dc0f,O-5,RESIDENT,IN,PHONEPE,ISSUER_07,True,True,ON,2025-10-06,STD,0.711,0.227,0.223,0.13,True,True,False,OUT
U_a872761491,O-1,RESIDENT,IN,PHONEPE,ISSUER_08,True,True,ON,2026-02-18,STD,0.393,0.124,0.434,-0.088,True,False,False,OUT
U_7b64eff6bb,O-2,RESIDENT,IN,PHONEPE,ISSUER_12,False,True,ON,2024-10-16,STD,0.509,-0.144,0.461,-0.15,True,False,True,OUT
U_94de415517,O-1,RESIDENT,IN,BHIM,ISSUER_05,True,True,ON,2025-12-01,STD,0.409,-0.179,0.506,0.038,False,True,False,OUT
U_59f4d409fe,O-2,RESIDENT,IN,PHONEPE,ISSUER_11,True,True,ON,2026-07-18,STD,0.883,-0.013,0.171,0.046,True,True,True,OUT
U_a0e487bf8e,O-3,RESIDENT,IN,PHONEPE,ISSUER_01,False,True,ON,2024-09-11,STD,0.07,0.557,0.294,0.149,True,True,True,OUT
U_5c845570a3,O-4,RESIDENT,IN,GPAY,ISSUER_09,True,True,ON,2026-03-18,STD,0.298,0.302,0.214,-0.043,True,True,True,OUT
U_f6cf86c306,O-3,RESIDENT,IN,PHONEPE,ISSUER_08,True,True,OFF,2024-10-20,STD,0.395,0.01,0.244,0.096,True,True,True,OUT
U_6888aa7118,O-3,RESIDENT,IN,BHIM,ISSUER_08,True,True,ON,2026-01-30,STD,0.59,0.284,0.091,0.122,True,True,True,OUT
U_490a36e13c,O-6,RESIDENT,IN,GPAY,ISSUER_05,False,False,OFF,2025-11-20,STD,0.633,0.367,0.408,-0.149,True,True,True,OUT
U_0eaa21fb96,O-2,RESIDENT,IN,BHIM,ISSUER_11,True,True,ON,2024-11-13,STD,0.286,0.211,0.279,-0.001,True,True,True,OUT
U_9698c15f4e,O-1,RESIDENT,IN,BHIM,ISSUER_04,True,True,ON,2025-06-02,STD,0.347,0.085,0.207,-0.032,True,True,True,OUT
U_73c6e5afa2,O-1,RESIDENT,IN,GPAY,ISSUER_12,True,True,ON,2026-06-05,STD,0.085,0.284,0.371,-0.15,True,True,True,OUT
U_512f7f1c7b,O-1,RESIDENT,IN,PHONEPE,ISSUER_03,True,True,ON,2025-10-17,ELEVATED,0.557,0.281,0.088,0.184,True,True,True,OUT
U_2f499c28c7,O-6,RESIDENT,IN,BHIM,ISSUER_10,False,False,OFF,2025-10-27,STD,0.889,0.28,0.251,0.051,True,True,False,OUT
U_117d3968c7,O-5,RESIDENT,IN,PHONEPE,ISSUER_07,True,True,OFF,2025-09-01,STD,0.451,0.169,0.374,-0.139,True,True,True,OUT
U_12f22d2de7,O-2,RESIDENT,IN,PHONEPE,ISSUER_01,True,True,OFF,2025-01-14,STD,0.508,0.398,0.168,-0.025,True,False,True,OUT
U_42dc1a54ac,O-5,RESIDENT,IN,PHONEPE,ISSUER_07,True,True,ON,2024-09-17,STD,0.255,-0.073,0.687,-0.132,True,True,False,OUT
U_d5f1c8fc1a,O-4,RESIDENT,IN,GPAY,ISSUER_12,True,True,OFF,2025-01-09,STD,0.867,0.362,0.25,-0.15,False,True,False,OUT
U_da0bfffd2f,O-1,RESIDENT,IN,GPAY,ISSUER_10,True,True,ON,2025-04-17,STD,0.092,-0.21,0.714,-0.017,True,True,False,OUT
U_4a1446e341,O-1,RESIDENT,IN,GPAY,ISSUER_05,False,True,ON,2025-07-21,STD,0.912,-0.314,0.298,-0.063,True,True,True,OUT
U_2ad7523f0d,O-4,RESIDENT,IN,GPAY,ISSUER_09,True,True,ON,2024-11-15,STD,0.095,-0.099,0.261,0.022,True,True,False,OUT
U_49ebbb710c,O-3,RESIDENT,IN,PHONEPE,ISSUER_06,True,True,OFF,2025-02-22,STD,0.223,0.272,0.32,-0.037,True,True,True,OUT
U_56bc155ffe,O-2,RESIDENT,IN,GPAY,ISSUER_02,True,True,OFF,2026-03-05,STD,0.263,0.097,0.367,-0.15,True,True,True,OUT
U_33bfba6bf9,O-2,RESIDENT,IN,BHIM,ISSUER_08,True,True,OFF,2024-12-31,STD,0.601,-0.023,0.402,0.085,True,True,True,OUT
U_365a45a7c3,O-2,RESIDENT,IN,GPAY,ISSUER_01,True,True,OFF,2025-03-20,STD,0.273,0.087,0.276,0.049,True,True,False,OUT
U_c5f7d590df,O-6,RESIDENT,IN,GPAY,ISSUER_06,True,False,OFF,2024-10-11,STD,0.076,0.146,0.287,-0.017,True,True,False,OUT
U_e3b2b6ee4d,O-4,RESIDENT,IN,GPAY,ISSUER_03,True,True,ON,2025-04-16,STD,0.692,0.332,0.074,0.107,True,False,False,OUT
U_2081e87cff,O-1,RESIDENT,IN,PHONEPE,ISSUER_01,True,True,ON,2024-09-30,STD,0.961,0.096,0.223,-0.038,False,True,False,OUT
U_238ed902fc,O-2,RESIDENT,IN,GPAY,ISSUER_06,True,True,OFF,2026-01-24,STD,0.805,-0.356,0.715,-0.15,True,False,False,OUT
U_b04408ec6b,O-2,RESIDENT,IN,BHIM,ISSUER_02,True,True,ON,2026-01-28,STD,0.572,-0.335,0.686,-0.148,True,False,False,OUT
U_bfea285d0f,O-5,RESIDENT,IN,BHIM,ISSUER_02,True,True,OFF,2026-07-29,STD,0.271,0.58,0.178,-0.054,True,False,True,OUT
U_5886b4ab8a,O-2,RESIDENT,IN,GPAY,ISSUER_04,True,False,OFF,2026-05-22,STD,0.156,0.226,0.323,0.036,True,False,True,OUT
U_0ca2c2b74c,O-3,RESIDENT,IN,GPAY,ISSUER_10,True,True,ON,2026-01-22,STD,0.616,0.114,0.459,-0.041,True,True,False,OUT
U_de6ee2db55,O-2,RESIDENT,IN,GPAY,ISSUER_09,True,False,ON,2024-10-29,STD,0.44,0.405,0.202,-0.139,True,True,True,OUT
U_d004a9727f,O-3,RESIDENT,IN,BHIM,ISSUER_05,True,True,ON,2026-04-29,STD,0.562,-0.067,0.079,0.166,True,True,False,OUT
U_3968d7c465,O-2,RESIDENT,IN,BHIM,ISSUER_07,True,True,OFF,2026-03-24,STD,0.543,0.291,0.316,0.086,True,False,True,OUT
U_ff9a55f433,O-6,RESIDENT,IN,GPAY,ISSUER_06,False,False,OFF,2025-02-10,STD,0.848,0.161,0.165,0.108,False,True,True,OUT
U_0a06b8fcfd,O-2,RESIDENT,IN,GPAY,ISSUER_05,True,True,OFF,2025-09-04,STD,0.445,-0.04,0.873,-0.15,True,True,False,OUT
U_51b70337e0,O-6,RESIDENT,IN,BHIM,ISSUER_03,False,False,OFF,2026-06-14,STD,0.79,0.216,0.099,0.383,False,True,True,OUT
U_61704b0085,O-1,RESIDENT,IN,PHONEPE,ISSUER_03,True,True,ON,2024-12-19,STD,0.588,0.5,0.136,0.19,True,True,True,OUT
U_77f7cc63b4,O-2,RESIDENT,IN,GPAY,ISSUER_10,True,True,OFF,2024-09-19,STD,0.66,-0.131,0.658,-0.079,True,True,False,OUT
U_18f169c9e1,O-2,RESIDENT,IN,BHIM,ISSUER_06,True,False,OFF,2025-05-07,STD,0.454,0.054,0.075,0.058,True,True,True,OUT
U_05a07803a8,O-1,RESIDENT,IN,BHIM,ISSUER_09,True,True,ON,2024-12-28,STD,0.494,0.139,0.173,0.067,True,False,True,OUT
U_b46efabe13,O-1,RESIDENT,IN,BHIM,ISSUER_03,True,True,ON,2026-07-15,STD,0.501,0.483,0.512,-0.15,True,True,True,OUT
U_1319687743,O-2,RESIDENT,IN,GPAY,ISSUER_09,True,True,OFF,2025-05-19,STD,0.641,-0.011,0.514,-0.15,True,True,True,OUT
U_4c3d1de6d6,O-2,RESIDENT,IN,BHIM,ISSUER_07,True,True,ON,2024-10-05,STD,0.744,0.003,0.236,-0.111,False,True,True,OUT
U_2279ba81c1,O-1,RESIDENT,IN,PHONEPE,ISSUER_09,True,True,ON,2025-02-18,STD,0.025,-0.045,0.403,0.127,True,True,False,OUT
U_5d07c7888f,O-1,RESIDENT,IN,GPAY,ISSUER_03,True,True,ON,2025-07-04,STD,0.4,0.362,0.3,-0.053,True,True,True,OUT
U_e5f4263495,O-2,RESIDENT,IN,BHIM,ISSUER_07,True,True,ON,2024-09-04,STD,0.594,-0.091,0.281,0.107,False,True,False,OUT
U_16954d86e6,O-1,RESIDENT,IN,PHONEPE,ISSUER_05,True,True,ON,2025-06-04,STD,0.368,0.21,0.265,0.037,False,True,False,OUT
U_f8c07c35c4,O-2,RESIDENT,IN,BHIM,ISSUER_01,True,True,ON,2025-11-15,STD,0.414,0.111,0.39,-0.086,True,True,True,OUT
U_5c32cb847b,O-2,RESIDENT,IN,BHIM,ISSUER_06,True,True,ON,2024-10-01,STD,0.309,0.347,0.25,0.077,True,True,False,OUT
U_e9fcae6b84,O-1,RESIDENT,IN,PHONEPE,ISSUER_09,True,True,ON,2025-11-06,STD,0.678,0.112,0.273,0.001,True,True,True,OUT
U_0d88c1c04e,O-2,RESIDENT,IN,GPAY,ISSUER_03,True,True,OFF,2025-04-07,STD,0.422,-0.021,0.404,0.093,True,False,False,OUT
U_8abbadb210,O-1,RESIDENT,IN,PHONEPE,ISSUER_09,True,True,ON,2024-11-20,STD,0.615,0.146,0.227,0.038,False,True,False,OUT
U_e77a4d2663,O-3,RESIDENT,IN,GPAY,ISSUER_12,True,True,OFF,2025-06-13,STD,0.671,-0.04,0.803,-0.15,True,False,False,OUT
U_69e5720878,O-2,RESIDENT,IN,GPAY,ISSUER_07,True,True,ON,2025-12-30,STD,0.816,0.227,0.172,0.221,True,False,True,OUT
U_aae14fae0b,O-6,RESIDENT,IN,GPAY,ISSUER_02,False,True,OFF,2025-01-28,STD,0.699,0.052,0.139,0.123,True,True,False,OUT
U_1edeff96c0,O-6,RESIDENT,IN,PHONEPE,ISSUER_12,False,False,OFF,2026-01-12,STD,0.529,0.05,0.054,-0.026,True,False,True,OUT
U_2a612b2a2c,O-2,RESIDENT,IN,GPAY,ISSUER_01,True,True,ON,2025-07-15,STD,0.451,-0.074,0.4,-0.03,True,True,True,OUT
U_3e9b593e18,O-1,RESIDENT,IN,BHIM,ISSUER_10,True,True,ON,2026-05-31,STD,0.644,-0.069,0.532,-0.038,False,False,True,OUT
U_cc88607c4b,O-3,RESIDENT,IN,BHIM,ISSUER_02,True,True,OFF,2024-08-24,STD,0.591,0.451,0.328,-0.069,True,True,True,OUT
U_dfc3e815a2,O-2,RESIDENT,IN,BHIM,ISSUER_08,True,True,ON,2024-09-29,STD,0.364,0.186,0.322,0.218,True,True,True,OUT
U_66a4bad0da,O-1,RESIDENT,IN,GPAY,ISSUER_05,True,True,ON,2025-10-24,STD,0.203,0.077,0.231,-0.102,True,True,True,OUT
U_cdd688ff1b,O-5,RESIDENT,IN,GPAY,ISSUER_02,True,True,OFF,2026-03-27,STD,0.525,0.296,0.346,-0.15,True,True,True,OUT
U_92953e8177,O-5,RESIDENT,IN,BHIM,ISSUER_04,True,True,ON,2025-10-12,STD,0.486,-0.109,0.1,-0.039,True,False,True,OUT
U_db6f9b0b3c,O-6,RESIDENT,IN,PHONEPE,ISSUER_09,True,True,OFF,2025-07-17,STD,0.122,0.312,0.564,-0.15,True,False,True,OUT
U_185a950efa,O-2,RESIDENT,IN,BHIM,ISSUER_10,True,True,OFF,2025-11-29,STD,0.665,-0.125,0.782,-0.15,True,True,True,OUT
U_d7019cd329,O-2,RESIDENT,IN,BHIM,ISSUER_08,True,True,ON,2026-06-08,STD,0.505,0.122,0.162,0.105,True,True,False,OUT
U_f7e1c6fbce,O-2,RESIDENT,IN,PHONEPE,ISSUER_06,True,True,ON,2025-12-26,STD,0.077,0.073,0.483,-0.077,True,True,True,OUT
U_c96bf0bb0b,O-1,RESIDENT,IN,BHIM,ISSUER_02,True,True,ON,2025-08-18,STD,0.241,0.254,0.114,0.028,True,True,False,OUT
U_e64d4a8183,O-6,RESIDENT,IN,PHONEPE,ISSUER_03,False,False,OFF,2025-10-07,STD,0.526,-0.051,0.148,0.113,True,True,True,OUT
U_9860bcd260,O-1,RESIDENT,IN,GPAY,ISSUER_07,False,True,ON,2024-11-22,STD,0.385,0.241,0.114,-0.028,True,True,True,OUT
U_6d8f802d74,O-4,RESIDENT,IN,BHIM,ISSUER_09,True,True,ON,2024-09-19,STD,0.507,-0.011,0.927,-0.126,True,False,False,OUT
U_e4089a9b8f,O-1,RESIDENT,IN,GPAY,ISSUER_03,True,True,ON,2025-11-08,STD,0.822,0.297,0.455,-0.09,True,False,False,OUT
U_c862858f6c,O-6,RESIDENT,IN,GPAY,ISSUER_10,False,False,OFF,2024-10-02,STD,0.741,-0.109,0.532,-0.15,False,False,True,OUT
U_f468412c76,O-1,RESIDENT,IN,BHIM,ISSUER_08,True,True,ON,2025-08-11,STD,0.682,0.326,0.342,0.124,True,False,True,OUT
U_20bfc9a4e9,O-5,RESIDENT,IN,BHIM,ISSUER_09,True,True,ON,2025-11-12,STD,0.608,0.041,0.294,-0.085,True,True,False,OUT
U_d81f2ad6ee,O-2,RESIDENT,IN,BHIM,ISSUER_10,True,True,ON,2025-11-15,STD,0.88,0.506,0.318,0.002,True,True,True,OUT
U_c84832c537,O-5,RESIDENT,IN,GPAY,ISSUER_01,True,True,ON,2026-03-27,STD,0.718,0.28,0.291,0.136,True,True,True,OUT
U_aab4c026fe,O-2,RESIDENT,IN,BHIM,ISSUER_12,True,False,ON,2024-08-21,STD,0.35,-0.026,0.169,0.165,False,True,True,OUT
U_eaafaed88a,O-5,RESIDENT,IN,GPAY,ISSUER_11,True,True,ON,2026-01-13,STD,0.855,0.065,0.03,0.085,True,False,False,OUT
U_2673418269,O-4,RESIDENT,IN,GPAY,ISSUER_09,True,True,OFF,2024-10-15,STD,0.561,0.033,0.401,-0.01,True,True,True,OUT
U_28cb54385c,O-2,RESIDENT,IN,GPAY,ISSUER_09,True,True,OFF,2025-06-25,STD,0.358,-0.007,0.534,0.076,True,True,True,OUT
U_d47891ac2e,O-1,RESIDENT,IN,PHONEPE,ISSUER_02,False,True,ON,2025-05-01,STD,0.26,0.06,0.463,-0.036,True,True,False,OUT
U_22baaf76b9,O-6,RESIDENT,IN,BHIM,ISSUER_03,False,True,OFF,2025-05-20,STD,0.65,-0.07,0.749,-0.15,True,True,False,OUT
U_3d9f0316b6,O-2,RESIDENT,IN,BHIM,ISSUER_05,True,True,ON,2024-12-08,STD,0.122,0.347,0.067,0.025,True,False,False,OUT
U_620d33cff8,O-2,RESIDENT,IN,BHIM,ISSUER_05,True,True,ON,2026-03-13,STD,0.718,0.239,0.156,-0.104,True,False,True,OUT
U_5da4b4e980,O-4,RESIDENT,IN,GPAY,ISSUER_06,True,True,OFF,2026-02-17,STD,0.597,0.122,0.389,0.021,False,True,True,OUT
U_8a4fa67192,O-6,RESIDENT,IN,GPAY,ISSUER_12,False,False,OFF,2025-10-13,STD,0.732,-0.169,0.291,-0.15,True,False,True,OUT
U_6e4ce18991,O-6,RESIDENT,IN,PHONEPE,ISSUER_12,True,True,OFF,2026-04-15,STD,0.659,0.066,0.098,0.028,True,False,False,OUT
U_12a9d997cd,O-2,RESIDENT,IN,GPAY,ISSUER_08,True,True,OFF,2025-07-14,STD,0.206,-0.052,0.121,0.13,True,True,False,OUT
U_df872b2055,O-1,RESIDENT,IN,GPAY,ISSUER_02,True,True,ON,2025-09-11,STD,0.44,0.185,0.198,-0.095,True,True,True,OUT
U_8e500dbc53,O-1,RESIDENT,IN,GPAY,ISSUER_08,True,False,ON,2025-06-21,STD,0.784,0.15,0.237,-0.118,True,True,True,OUT
U_e82e7c3672,O-5,RESIDENT,IN,PHONEPE,ISSUER_03,True,True,ON,2025-01-09,STD,0.439,0.102,0.197,-0.071,True,True,False,OUT
U_7504d5abb9,O-1,RESIDENT,IN,BHIM,ISSUER_10,True,True,ON,2024-09-11,STD,0.156,-0.271,0.068,0.091,True,True,False,OUT
U_c2a5b8f8cc,O-2,RESIDENT,IN,GPAY,ISSUER_03,True,True,ON,2026-02-19,STD,0.597,0.465,0.203,-0.057,True,True,True,OUT
U_da5604e162,O-5,RESIDENT,IN,PHONEPE,ISSUER_10,True,True,ON,2025-09-15,STD,0.562,-0.268,0.362,-0.071,True,False,False,OUT
U_4177b4462a,O-1,RESIDENT,IN,BHIM,ISSUER_06,True,True,ON,2026-07-13,STD,0.914,0.37,0.216,0.006,True,False,True,OUT
U_b8adee550e,O-2,RESIDENT,IN,PHONEPE,ISSUER_12,True,True,OFF,2026-03-18,STD,0.583,0.0,0.468,-0.15,True,False,False,OUT
U_f0b5f9ce53,O-2,RESIDENT,IN,GPAY,ISSUER_07,True,True,ON,2025-11-26,STD,0.842,0.082,0.074,-0.047,True,True,True,OUT
U_8a669f0cb0,O-5,RESIDENT,IN,BHIM,ISSUER_12,True,True,OFF,2025-08-22,STD,0.573,0.193,0.512,0.105,False,True,True,OUT
U_6c771059d9,O-6,RESIDENT,IN,GPAY,ISSUER_02,False,False,OFF,2025-07-27,STD,0.65,0.33,0.105,0.044,True,True,True,OUT
U_f53af3aade,O-1,RESIDENT,IN,BHIM,ISSUER_10,True,True,ON,2025-09-10,STD,0.348,0.077,0.41,0.0,True,False,False,OUT
U_ad1a458de7,O-1,RESIDENT,IN,PHONEPE,ISSUER_07,True,True,ON,2024-12-01,STD,0.593,0.079,0.229,0.082,True,False,True,OUT
U_c9633d1cf9,O-3,RESIDENT,IN,PHONEPE,ISSUER_07,True,True,ON,2026-07-18,STD,0.53,-0.091,0.613,0.046,True,False,False,OUT
U_029b4725ef,O-2,RESIDENT,IN,GPAY,ISSUER_11,True,True,ON,2026-04-26,STD,0.273,0.433,0.256,-0.15,True,False,False,OUT
U_15201ef118,O-6,RESIDENT,IN,BHIM,ISSUER_10,False,False,OFF,2025-08-21,STD,0.356,0.08,0.35,-0.103,True,True,True,OUT
U_34406c0fa6,O-1,RESIDENT,IN,BHIM,ISSUER_10,True,False,ON,2025-12-06,STD,0.066,0.483,0.432,-0.15,True,True,False,OUT
U_b49c2a3f5c,O-1,RESIDENT,IN,PHONEPE,ISSUER_03,True,True,ON,2024-10-02,STD,0.409,-0.084,0.576,-0.15,True,True,True,OUT
U_6c7d98b63e,O-2,RESIDENT,IN,PHONEPE,ISSUER_05,False,True,ON,2025-09-16,STD,0.585,0.157,0.024,0.159,False,True,True,OUT
U_9816547a80,O-6,RESIDENT,IN,GPAY,ISSUER_04,False,True,OFF,2026-03-07,STD,0.233,0.153,0.427,0.054,True,True,True,OUT
U_5595f08a1d,O-1,RESIDENT,IN,GPAY,ISSUER_02,True,False,ON,2025-06-23,STD,0.247,-0.079,0.473,-0.031,True,True,False,OUT
U_3ab4fa8039,O-2,RESIDENT,IN,PHONEPE,ISSUER_10,False,True,ON,2025-05-02,STD,0.957,0.398,0.136,0.245,True,False,False,OUT
U_9595021d76,O-2,RESIDENT,IN,BHIM,ISSUER_08,True,True,OFF,2025-07-29,STD,0.122,0.173,0.216,0.227,True,True,True,OUT
U_018263876d,O-5,RESIDENT,IN,PHONEPE,ISSUER_02,True,True,OFF,2025-10-02,STD,0.456,0.063,0.171,0.1,True,True,True,OUT
U_a2d4e13f10,O-1,RESIDENT,IN,GPAY,ISSUER_05,True,True,ON,2024-11-08,STD,0.389,0.049,0.284,0.154,True,True,False,OUT
U_ab5953900b,O-4,RESIDENT,IN,PHONEPE,ISSUER_09,True,True,OFF,2026-03-30,STD,0.753,-0.351,0.171,-0.102,True,False,False,OUT
U_bcbf346086,O-1,RESIDENT,IN,PHONEPE,ISSUER_10,True,True,ON,2025-08-29,STD,0.161,0.312,0.489,0.133,True,True,True,OUT
U_cc891346e6,O-1,RESIDENT,IN,BHIM,ISSUER_07,True,True,ON,2025-04-04,STD,0.278,0.063,0.233,0.2,True,False,True,OUT
U_656bdb3248,O-2,RESIDENT,IN,GPAY,ISSUER_06,True,True,ON,2025-08-12,STD,0.071,0.201,0.157,0.118,True,True,False,OUT
U_ed0a78acc8,O-4,RESIDENT,IN,BHIM,ISSUER_05,True,True,OFF,2025-09-12,STD,0.611,0.337,0.159,-0.002,True,False,True,OUT
U_b6d468ffc7,O-6,RESIDENT,IN,PHONEPE,ISSUER_06,False,True,OFF,2025-04-18,STD,0.509,0.096,0.226,-0.017,False,True,True,OUT
U_476b65fcbe,O-4,RESIDENT,IN,PHONEPE,ISSUER_12,True,True,ON,2024-09-17,STD,0.635,-0.159,0.325,0.161,False,True,True,OUT
U_a81327ae14,O-6,RESIDENT,IN,BHIM,ISSUER_11,True,False,OFF,2026-07-06,STD,0.048,0.594,0.312,0.11,True,True,True,OUT
U_7878ca3ce9,O-4,RESIDENT,IN,GPAY,ISSUER_09,True,True,OFF,2025-10-13,STD,0.596,0.161,0.266,0.017,True,True,False,OUT
U_84b85e1b85,O-1,RESIDENT,IN,PHONEPE,ISSUER_09,True,True,ON,2025-07-30,STD,0.234,0.079,0.176,0.038,True,True,True,OUT
U_afd008d260,O-5,RESIDENT,IN,BHIM,ISSUER_07,True,True,OFF,2025-06-28,STD,0.536,0.066,0.065,0.036,False,True,True,OUT
U_ed585ac122,O-1,RESIDENT,IN,PHONEPE,ISSUER_09,True,True,ON,2025-09-26,STD,0.727,-0.177,0.317,0.1,True,True,False,OUT
U_131ad7639b,O-1,RESIDENT,IN,BHIM,ISSUER_12,True,True,ON,2024-12-13,STD,0.512,-0.066,0.651,-0.15,False,True,True,OUT
U_da0e425364,O-2,RESIDENT,IN,GPAY,ISSUER_03,True,True,OFF,2025-01-11,STD,0.091,-0.137,0.236,-0.102,True,True,True,OUT
U_5670005015,O-6,RESIDENT,IN,BHIM,ISSUER_09,False,False,OFF,2025-08-18,STD,0.924,-0.362,0.862,-0.15,True,False,True,OUT
U_3c6c96d705,O-6,RESIDENT,IN,GPAY,ISSUER_06,True,False,OFF,2025-05-20,STD,0.459,-0.173,0.45,0.046,False,True,True,OUT
U_05ce707bfb,O-2,RESIDENT,IN,BHIM,ISSUER_02,True,True,OFF,2024-08-20,STD,0.501,-0.023,0.548,-0.15,True,True,True,OUT
U_33fd94a7d4,O-2,RESIDENT,IN,BHIM,ISSUER_12,False,True,OFF,2026-04-30,STD,0.613,0.252,0.144,-0.074,False,True,False,OUT
U_ad857f6d9d,O-4,RESIDENT,IN,GPAY,ISSUER_04,False,True,OFF,2025-10-31,STD,0.642,0.059,0.026,0.091,True,True,False,OUT
U_c11cbbc022,O-2,RESIDENT,IN,PHONEPE,ISSUER_05,True,True,OFF,2026-07-08,STD,0.787,0.266,0.42,-0.15,True,False,True,OUT
U_4e896950d5,O-1,RESIDENT,IN,GPAY,ISSUER_11,True,True,ON,2024-12-11,STD,0.584,0.28,0.074,0.112,False,True,False,OUT
U_a92d86b670,O-1,RESIDENT,IN,PHONEPE,ISSUER_10,True,True,ON,2026-07-05,STD,0.331,0.276,0.18,0.104,True,True,False,OUT
U_6bd4b70309,O-2,RESIDENT,IN,BHIM,ISSUER_02,False,True,OFF,2024-12-27,STD,0.21,0.085,0.212,0.145,True,True,False,OUT
U_7a995be703,O-3,RESIDENT,IN,GPAY,ISSUER_06,True,False,ON,2026-07-15,STD,0.759,0.092,0.25,-0.024,True,True,False,OUT
U_752e763f4f,O-5,RESIDENT,IN,GPAY,ISSUER_03,True,True,OFF,2025-01-26,STD,0.339,0.39,0.385,0.007,True,False,True,OUT
U_86b557f788,O-1,RESIDENT,IN,GPAY,ISSUER_11,True,True,ON,2026-06-21,STD,0.447,0.025,0.116,0.064,True,True,True,OUT
U_fd48d03242,O-1,RESIDENT,IN,PHONEPE,ISSUER_02,False,True,ON,2025-02-10,STD,0.78,0.029,0.159,0.01,False,True,True,OUT
U_411f2702b8,O-6,RESIDENT,IN,PHONEPE,ISSUER_10,False,True,OFF,2024-08-17,STD,0.287,-0.013,0.2,0.024,True,False,True,OUT
U_1761139225,O-6,RESIDENT,IN,PHONEPE,ISSUER_07,False,False,OFF,2025-09-12,STD,0.819,-0.191,0.747,-0.086,True,True,True,OUT
U_338acd1bae,O-1,RESIDENT,IN,GPAY,ISSUER_05,True,True,ON,2025-05-09,STD,0.553,0.337,0.179,-0.008,True,True,True,OUT
U_10dd8abb3e,O-1,RESIDENT,IN,GPAY,ISSUER_03,True,True,ON,2025-12-04,STD,0.524,0.186,0.278,0.007,True,True,False,OUT
U_6f8eef3a66,O-2,RESIDENT,IN,BHIM,ISSUER_12,True,True,OFF,2024-09-24,STD,0.411,0.168,0.267,-0.138,False,True,True,OUT
U_ea34b24a80,O-3,RESIDENT,IN,PHONEPE,ISSUER_06,True,True,ON,2024-10-30,STD,0.384,0.111,0.397,0.012,True,True,False,OUT
U_1f07b24f1c,O-2,RESIDENT,IN,GPAY,ISSUER_01,True,True,OFF,2025-07-06,STD,0.028,0.039,0.31,0.033,True,False,False,OUT
U_184f7ed52f,O-2,RESIDENT,IN,BHIM,ISSUER_05,True,True,OFF,2026-02-24,STD,0.244,0.051,0.17,-0.133,False,False,False,OUT
U_ae4f7ae67b,O-5,RESIDENT,IN,PHONEPE,ISSUER_08,False,True,ON,2025-10-02,STD,0.611,0.306,0.212,0.113,True,True,True,OUT
U_bbdea59b41,O-6,RESIDENT,IN,BHIM,ISSUER_10,False,True,OFF,2026-07-24,STD,0.255,-0.048,0.384,0.075,True,False,False,OUT
U_d0c79fe2d5,O-2,RESIDENT,IN,GPAY,ISSUER_07,False,True,OFF,2024-12-28,STD,0.311,0.096,0.159,-0.067,True,False,False,OUT
U_0cfb9fde26,O-1,RESIDENT,IN,PHONEPE,ISSUER_01,True,True,ON,2025-06-04,STD,0.572,0.001,0.307,-0.013,True,True,True,OUT
U_ec5c9fb975,O-1,RESIDENT,IN,GPAY,ISSUER_05,True,True,ON,2026-02-20,STD,0.077,0.131,0.401,0.139,True,False,True,OUT
U_3c79952ecd,O-1,RESIDENT,IN,PHONEPE,ISSUER_07,True,True,ON,2025-07-26,STD,0.29,-0.007,0.838,-0.146,True,True,False,OUT
U_9f6483c0dc,O-6,RESIDENT,IN,PHONEPE,ISSUER_12,True,True,OFF,2025-11-19,STD,0.812,-0.128,0.298,-0.043,True,True,True,OUT
U_d2124beab0,O-3,RESIDENT,IN,PHONEPE,ISSUER_04,True,True,OFF,2026-01-13,STD,0.402,0.039,0.342,-0.043,True,False,False,OUT
U_4a30eb5eef,O-6,RESIDENT,IN,BHIM,ISSUER_10,False,False,OFF,2025-08-07,STD,0.855,-0.063,0.409,-0.025,False,False,False,OUT
U_caeda1d980,O-4,RESIDENT,IN,BHIM,ISSUER_10,True,True,OFF,2025-02-03,STD,0.101,-0.006,0.269,-0.15,True,True,False,OUT
U_0467df386a,O-3,RESIDENT,IN,BHIM,ISSUER_07,True,True,ON,2025-08-12,STD,0.758,0.333,0.091,0.271,True,False,True,OUT
U_e572362903,O-6,RESIDENT,IN,PHONEPE,ISSUER_02,True,True,OFF,2026-03-18,STD,0.164,0.399,0.131,0.201,True,True,False,OUT
U_52e3828639,O-6,RESIDENT,IN,GPAY,ISSUER_05,True,False,OFF,2026-01-21,STD,0.519,0.06,0.061,0.06,True,True,False,OUT
U_911dc112ef,O-1,RESIDENT,IN,PHONEPE,ISSUER_11,True,True,ON,2026-07-25,STD,0.655,-0.201,0.26,-0.146,True,True,False,OUT
U_967769a92c,O-5,RESIDENT,IN,BHIM,ISSUER_06,True,True,ON,2026-03-06,STD,0.513,-0.113,0.93,-0.15,False,True,False,OUT
U_29f9ac9209,O-1,RESIDENT,IN,BHIM,ISSUER_11,True,True,ON,2025-08-18,STD,0.186,-0.129,0.316,0.029,True,True,False,OUT
U_713634139d,O-2,RESIDENT,IN,BHIM,ISSUER_07,True,True,OFF,2024-09-19,STD,0.917,0.059,0.245,-0.118,True,True,False,OUT
U_05ae845fd7,O-5,RESIDENT,IN,GPAY,ISSUER_05,True,True,OFF,2024-10-10,STD,0.37,-0.377,0.258,-0.076,True,True,False,OUT
U_2f8eaaf2f3,O-2,RESIDENT,IN,GPAY,ISSUER_12,True,True,OFF,2025-10-14,STD,0.632,-0.136,0.257,0.027,True,True,False,OUT
U_e1fbede324,O-5,RESIDENT,IN,PHONEPE,ISSUER_08,True,True,ON,2025-09-22,STD,0.66,0.068,0.38,-0.073,True,True,True,OUT
U_57f2bdcde8,O-2,RESIDENT,IN,BHIM,ISSUER_05,True,True,OFF,2026-07-21,STD,0.66,-0.4,0.089,0.192,False,True,False,OUT
U_934211f3bf,O-6,RESIDENT,IN,PHONEPE,ISSUER_11,True,False,OFF,2026-04-07,STD,0.504,-0.208,0.232,0.04,True,True,True,OUT
U_141f224225,O-1,RESIDENT,IN,GPAY,ISSUER_08,True,True,ON,2026-04-21,STD,0.793,0.297,0.314,-0.084,True,False,True,OUT
U_32f7c26d9c,O-1,RESIDENT,IN,GPAY,ISSUER_12,False,True,ON,2026-01-23,STD,0.133,0.301,0.128,0.123,False,False,True,OUT
U_916cef4803,O-3,RESIDENT,IN,GPAY,ISSUER_02,True,True,OFF,2025-01-31,RESTRICTED,0.276,0.235,0.408,0.124,True,True,True,OUT
U_c738120b08,O-3,RESIDENT,IN,GPAY,ISSUER_08,False,True,OFF,2025-08-04,STD,0.298,0.13,0.354,-0.15,True,True,False,OUT
U_6ea4e1f0fd,O-3,RESIDENT,IN,GPAY,ISSUER_06,True,True,ON,2026-02-03,STD,0.56,0.191,0.355,0.056,False,True,False,OUT
U_a7f30db6fa,O-3,RESIDENT,IN,PHONEPE,ISSUER_10,True,False,OFF,2026-02-23,STD,0.196,0.423,0.304,0.032,True,True,False,OUT
U_9bbf28609b,O-6,RESIDENT,IN,GPAY,ISSUER_03,False,False,OFF,2024-10-31,STD,0.364,0.247,0.448,-0.098,True,True,True,OUT
U_bc05cf1bbd,O-4,RESIDENT,IN,PHONEPE,ISSUER_07,True,True,ON,2025-11-29,STD,0.451,0.4,0.021,0.138,False,True,True,OUT
U_ff255fd43a,O-5,RESIDENT,IN,PHONEPE,ISSUER_06,False,True,ON,2026-03-10,STD,0.245,-0.146,0.363,0.028,True,True,True,OUT
U_80cc8555d4,O-1,RESIDENT,IN,BHIM,ISSUER_08,True,True,ON,2025-08-06,STD,0.458,-0.016,0.93,-0.15,True,True,True,OUT
U_2c4e12e90e,O-2,RESIDENT,IN,PHONEPE,ISSUER_08,True,True,OFF,2025-09-08,STD,0.519,0.154,0.2,0.045,True,True,False,OUT
U_ce45b24b09,O-1,RESIDENT,IN,PHONEPE,ISSUER_04,True,True,ON,2025-02-05,STD,0.755,0.12,0.293,-0.003,True,True,False,OUT
U_f5135a9114,O-1,RESIDENT,IN,PHONEPE,ISSUER_07,True,True,ON,2025-05-13,STD,0.344,-0.026,0.313,0.151,True,False,False,OUT
U_cc5b7d14a1,O-2,RESIDENT,IN,GPAY,ISSUER_05,True,True,OFF,2025-07-23,STD,0.731,0.288,0.277,-0.026,True,True,False,OUT
U_50970e7459,O-5,RESIDENT,IN,PHONEPE,ISSUER_05,True,False,OFF,2026-06-12,STD,0.412,0.224,0.226,-0.017,True,True,True,OUT
U_fa87f8bc1a,O-3,RESIDENT,IN,PHONEPE,ISSUER_02,True,True,OFF,2025-08-09,STD,0.095,0.055,0.216,0.04,True,True,False,OUT
U_e642958675,O-6,RESIDENT,IN,BHIM,ISSUER_05,True,False,OFF,2026-03-28,STD,0.353,-0.042,0.394,0.075,True,False,False,OUT
U_a31257201d,O-1,RESIDENT,IN,PHONEPE,ISSUER_09,False,True,ON,2025-11-22,STD,0.714,0.483,0.187,-0.095,True,True,True,OUT
U_caf1183f99,O-6,RESIDENT,IN,BHIM,ISSUER_02,False,False,OFF,2026-05-04,STD,0.346,0.309,0.407,-0.018,True,False,False,OUT
U_c0517579c7,O-1,RESIDENT,IN,PHONEPE,ISSUER_06,True,True,ON,2025-06-16,STD,0.534,0.132,0.364,-0.122,False,True,False,OUT
U_52c2f1dddb,O-6,RESIDENT,IN,BHIM,ISSUER_07,True,False,OFF,2025-11-02,STD,0.551,-0.036,0.339,-0.15,True,True,True,OUT
U_f9ad52b52f,O-3,RESIDENT,IN,BHIM,ISSUER_01,True,True,OFF,2025-03-07,STD,0.209,0.013,0.117,0.131,True,True,False,OUT
U_fdfa744419,O-6,RESIDENT,IN,BHIM,ISSUER_10,False,False,OFF,2025-08-11,STD,0.649,-0.011,0.685,-0.067,True,True,True,OUT
U_f6f410a3d5,O-4,RESIDENT,IN,PHONEPE,ISSUER_10,True,True,ON,2025-12-23,STD,0.526,0.095,0.194,-0.004,True,False,True,OUT
U_2deec38ff2,O-4,RESIDENT,IN,BHIM,ISSUER_03,True,True,ON,2026-02-01,STD,0.533,-0.185,0.26,0.182,False,True,False,OUT
U_0fb0cbe850,O-5,RESIDENT,IN,PHONEPE,ISSUER_06,True,True,ON,2026-07-26,STD,0.1,0.324,0.348,-0.025,True,False,False,OUT
U_6158328e5c,O-1,RESIDENT,IN,GPAY,ISSUER_10,True,True,ON,2025-10-29,RESTRICTED,0.739,0.466,0.2,0.18,False,False,True,OUT
U_d77adbac3c,O-6,RESIDENT,IN,BHIM,ISSUER_04,True,False,OFF,2026-03-17,STD,0.8,0.017,0.193,-0.072,True,False,True,OUT
U_42d8549042,O-4,RESIDENT,IN,PHONEPE,ISSUER_09,False,True,OFF,2024-12-22,STD,0.11,0.239,0.5,0.029,False,True,False,OUT
U_23cc8b3847,O-4,RESIDENT,IN,BHIM,ISSUER_04,True,False,ON,2025-12-21,STD,0.143,0.216,0.351,-0.15,False,True,True,OUT
U_4d51f4016a,O-5,RESIDENT,IN,GPAY,ISSUER_03,True,True,ON,2026-05-01,STD,0.382,0.156,0.489,-0.132,True,False,False,OUT
U_f1ad08119d,O-1,RESIDENT,IN,GPAY,ISSUER_10,True,True,ON,2025-02-26,STD,0.261,-0.201,0.503,-0.014,False,False,False,OUT
U_a5ad4697fa,O-6,RESIDENT,IN,GPAY,ISSUER_12,False,True,OFF,2025-11-16,STD,0.874,-0.011,0.239,0.177,True,True,False,OUT
U_dd62dbb01d,O-3,RESIDENT,IN,BHIM,ISSUER_01,True,True,ON,2025-03-16,STD,0.576,0.363,0.134,0.08,True,True,True,OUT
U_877d2dd4f5,O-5,RESIDENT,IN,BHIM,ISSUER_05,True,True,ON,2025-12-12,STD,0.497,0.327,0.13,0.079,False,True,False,OUT
U_0f3771ed7a,O-3,RESIDENT,IN,GPAY,ISSUER_05,True,True,ON,2025-04-06,STD,0.831,0.549,0.112,0.032,True,True,True,OUT
U_748e323882,O-2,RESIDENT,IN,PHONEPE,ISSUER_02,True,True,ON,2026-06-16,STD,0.654,0.176,0.16,0.035,False,True,False,OUT
U_3e3a8077a0,O-2,RESIDENT,IN,PHONEPE,ISSUER_07,True,True,ON,2025-06-28,STD,0.503,0.255,0.318,-0.096,True,False,True,OUT
U_48a7437b7f,O-2,RESIDENT,IN,GPAY,ISSUER_05,True,True,ON,2025-01-12,STD,0.937,0.084,0.417,-0.008,True,True,False,OUT
U_3d1ff70593,O-2,RESIDENT,IN,PHONEPE,ISSUER_10,True,True,ON,2026-01-26,STD,0.134,0.174,0.062,0.109,True,True,True,OUT
U_b18e8993b2,O-2,RESIDENT,IN,BHIM,ISSUER_12,True,True,ON,2026-02-27,STD,0.643,0.142,0.174,0.045,True,True,True,OUT
U_ef67b6fb14,O-2,RESIDENT,IN,BHIM,ISSUER_06,True,True,ON,2025-04-09,STD,0.702,0.395,0.075,0.157,True,True,False,OUT
U_8965ba73f8,O-3,RESIDENT,IN,PHONEPE,ISSUER_12,True,True,OFF,2025-05-04,STD,0.535,0.194,0.235,0.082,False,False,True,OUT
U_75af4ff1d8,O-5,RESIDENT,IN,BHIM,ISSUER_05,True,True,OFF,2025-09-29,STD,0.37,0.189,0.174,0.144,True,False,True,OUT
U_e202012b7e,O-2,RESIDENT,IN,GPAY,ISSUER_05,True,True,ON,2026-03-12,STD,0.518,0.023,0.375,0.035,True,True,True,OUT
U_99fc46b8fc,O-4,RESIDENT,IN,GPAY,ISSUER_10,True,True,ON,2025-04-23,ELEVATED,0.459,0.105,0.342,0.037,False,True,True,OUT
U_24fee44f93,O-5,RESIDENT,IN,PHONEPE,ISSUER_07,True,True,OFF,2024-12-19,STD,0.435,0.388,0.25,0.006,True,True,True,OUT
U_4430682ec8,O-2,RESIDENT,IN,PHONEPE,ISSUER_05,False,True,OFF,2025-03-12,STD,0.732,0.059,0.185,-0.103,False,False,False,OUT
U_542b881a1e,O-2,RESIDENT,IN,GPAY,ISSUER_06,True,True,ON,2024-10-12,STD,0.332,0.201,0.206,0.027,True,True,False,OUT
U_68a764c741,O-5,RESIDENT,IN,PHONEPE,ISSUER_05,False,True,OFF,2025-09-28,STD,0.716,0.161,0.389,-0.002,True,False,False,OUT
U_d1656cdef3,O-2,RESIDENT,IN,PHONEPE,ISSUER_07,True,True,ON,2025-09-10,STD,0.414,0.217,0.398,-0.094,True,True,False,OUT
U_2726a3bb1f,O-3,RESIDENT,IN,GPAY,ISSUER_12,True,True,OFF,2024-11-28,STD,0.768,0.388,0.136,0.054,True,False,True,OUT
U_7ab9e71a36,O-5,RESIDENT,IN,BHIM,ISSUER_05,True,True,OFF,2024-09-22,STD,0.504,0.22,0.272,0.146,False,False,True,OUT
U_dbeee19c88,O-6,RESIDENT,IN,BHIM,ISSUER_07,False,False,OFF,2026-04-18,STD,0.746,0.16,0.151,0.269,True,True,False,OUT
U_e797551165,O-2,RESIDENT,IN,PHONEPE,ISSUER_02,True,True,ON,2025-01-07,STD,0.535,-0.117,0.445,-0.148,True,False,True,OUT
U_cbdf2f22da,O-2,RESIDENT,IN,BHIM,ISSUER_05,True,True,OFF,2024-08-23,STD,0.799,0.151,0.113,-0.15,True,True,True,OUT
U_038e03ecf0,O-6,RESIDENT,IN,GPAY,ISSUER_12,False,True,OFF,2025-06-14,STD,0.387,0.409,0.421,-0.064,True,True,False,OUT
U_31308b17b4,O-1,RESIDENT,IN,BHIM,ISSUER_07,True,True,ON,2024-10-23,STD,0.317,0.39,0.284,0.155,True,True,False,OUT
U_824b8f120d,O-1,RESIDENT,IN,GPAY,ISSUER_04,True,True,ON,2025-12-29,STD,0.444,0.219,0.125,-0.15,True,True,True,OUT
U_2335c14c18,O-3,RESIDENT,IN,GPAY,ISSUER_10,True,False,ON,2024-10-16,STD,0.564,-0.035,0.75,-0.114,True,False,False,OUT
U_d7910ff86d,O-5,RESIDENT,IN,BHIM,ISSUER_12,True,True,OFF,2026-01-31,STD,0.805,0.123,0.036,0.116,True,True,True,OUT
U_613a85d05b,O-6,RESIDENT,IN,GPAY,ISSUER_08,False,False,OFF,2025-08-04,STD,0.802,-0.109,0.228,0.2,True,False,True,OUT
U_65ee03bf57,O-1,RESIDENT,IN,BHIM,ISSUER_01,True,True,ON,2025-04-25,ELEVATED,0.783,0.053,0.45,-0.15,True,False,True,OUT
U_332e409de7,O-5,RESIDENT,IN,GPAY,ISSUER_12,True,True,OFF,2026-03-02,STD,0.806,0.027,0.583,0.05,False,True,False,OUT
U_0967b220af,O-2,RESIDENT,IN,BHIM,ISSUER_04,True,True,OFF,2025-05-05,STD,0.675,-0.213,0.334,-0.089,True,False,True,OUT
U_6dc7fe2ced,O-2,RESIDENT,IN,GPAY,ISSUER_12,True,True,ON,2026-05-01,STD,0.716,0.063,0.27,0.156,True,True,False,OUT
U_e4aeeaff1b,O-6,RESIDENT,IN,PHONEPE,ISSUER_07,True,True,OFF,2026-03-31,STD,0.245,-0.292,0.221,0.019,False,True,False,OUT
U_33847ee4fe,O-2,RESIDENT,IN,GPAY,ISSUER_07,True,True,ON,2026-04-09,STD,0.679,0.281,0.105,-0.019,True,True,False,OUT
U_5d3fecefaa,O-1,RESIDENT,IN,BHIM,ISSUER_05,True,True,ON,2025-04-08,STD,0.394,-0.165,0.607,-0.15,True,True,False,OUT
U_574a0516bc,O-6,RESIDENT,IN,BHIM,ISSUER_06,False,False,OFF,2025-07-14,STD,0.42,-0.036,0.223,-0.024,True,True,True,OUT
U_c18805058b,O-2,RESIDENT,IN,GPAY,ISSUER_02,True,False,ON,2024-08-12,STD,0.578,0.222,0.236,-0.017,True,True,True,OUT
U_17c376fb63,O-1,RESIDENT,IN,GPAY,ISSUER_04,True,True,ON,2025-12-30,STD,0.373,0.164,0.274,-0.007,True,True,True,OUT
U_7b8885a297,O-2,RESIDENT,IN,BHIM,ISSUER_02,True,True,OFF,2025-08-20,STD,0.176,-0.033,0.715,-0.15,True,True,True,OUT
U_cc6da07b30,O-3,RESIDENT,IN,BHIM,ISSUER_12,True,True,ON,2026-06-06,STD,0.718,0.318,0.157,0.08,False,True,False,OUT
U_efbc0d7ea6,O-6,RESIDENT,IN,PHONEPE,ISSUER_09,False,False,OFF,2025-10-26,STD,0.61,0.363,0.111,-0.025,True,True,False,OUT
U_ff8e48cf37,O-2,RESIDENT,IN,BHIM,ISSUER_11,True,True,ON,2025-04-15,STD,0.792,0.174,0.231,0.107,True,True,True,OUT
U_63923703fc,O-6,RESIDENT,IN,BHIM,ISSUER_11,False,False,OFF,2026-01-30,STD,0.524,0.069,0.184,-0.049,True,False,True,OUT
U_73336c2952,O-2,RESIDENT,IN,GPAY,ISSUER_11,True,True,OFF,2026-01-31,STD,0.766,0.004,0.218,0.09,True,True,True,OUT
U_ea5f44670b,O-2,RESIDENT,IN,BHIM,ISSUER_12,True,True,OFF,2025-09-04,STD,0.403,0.394,0.157,-0.15,True,False,False,OUT
U_d269e7eda0,O-2,RESIDENT,IN,GPAY,ISSUER_06,True,True,OFF,2024-12-20,STD,0.689,0.297,0.143,-0.008,False,False,True,OUT
U_984aebe7a1,O-1,RESIDENT,IN,BHIM,ISSUER_12,True,False,ON,2025-07-30,STD,0.205,-0.031,0.626,-0.066,True,False,False,OUT
U_b861e4b9c6,O-5,RESIDENT,IN,GPAY,ISSUER_05,True,False,OFF,2024-08-25,STD,0.401,0.053,0.318,0.115,True,False,False,OUT
U_a17fe325dc,O-6,RESIDENT,IN,BHIM,ISSUER_02,False,True,OFF,2025-10-13,STD,0.188,0.149,0.248,0.12,True,True,False,OUT
U_271fbe2446,O-2,RESIDENT,IN,PHONEPE,ISSUER_08,True,True,OFF,2026-05-25,STD,0.587,-0.017,0.419,0.159,True,True,False,OUT
U_ee9cce37f1,O-1,RESIDENT,IN,BHIM,ISSUER_08,True,True,ON,2025-05-18,STD,0.552,0.067,0.348,-0.002,True,True,False,OUT
U_736233218c,O-1,RESIDENT,IN,BHIM,ISSUER_11,True,True,ON,2025-01-14,STD,0.421,0.18,0.235,-0.058,True,False,False,OUT
U_02a65e6304,O-3,RESIDENT,IN,BHIM,ISSUER_04,True,True,OFF,2025-12-06,STD,0.6,-0.014,0.638,-0.074,True,True,True,OUT
U_0443c08da5,O-2,RESIDENT,IN,GPAY,ISSUER_08,True,True,OFF,2025-08-18,STD,0.386,0.083,0.183,0.055,False,True,True,OUT
U_63ecad4b70,O-3,RESIDENT,IN,PHONEPE,ISSUER_12,True,True,OFF,2025-12-11,STD,0.291,0.406,0.36,0.046,True,False,False,OUT
U_0bdf9ca57c,O-4,RESIDENT,IN,GPAY,ISSUER_10,True,True,ON,2024-08-11,STD,0.577,0.215,0.342,-0.144,False,True,True,OUT
U_f77ac28655,O-2,RESIDENT,IN,GPAY,ISSUER_04,False,True,OFF,2024-10-31,STD,0.232,0.206,0.062,-0.098,True,False,False,OUT
U_548e6335a0,O-3,RESIDENT,IN,BHIM,ISSUER_02,True,True,OFF,2024-10-23,STD,0.776,0.057,0.25,-0.15,True,False,True,OUT
U_44c98bdeb0,O-5,RESIDENT,IN,GPAY,ISSUER_12,True,True,OFF,2025-07-01,STD,0.35,0.074,0.255,0.048,True,False,True,OUT
U_18d9e81c25,O-3,RESIDENT,IN,GPAY,ISSUER_10,True,True,OFF,2025-03-16,STD,0.299,0.083,0.172,0.127,False,True,False,OUT
U_80a27c200a,O-5,RESIDENT,IN,GPAY,ISSUER_10,False,True,ON,2024-10-24,STD,0.394,0.189,0.337,0.108,True,True,True,OUT
U_6a83e4b23f,O-2,RESIDENT,IN,BHIM,ISSUER_05,True,True,OFF,2026-07-23,STD,0.196,0.026,0.12,0.132,True,False,True,OUT
U_2da003e406,O-6,RESIDENT,IN,PHONEPE,ISSUER_06,False,True,OFF,2025-05-12,STD,0.313,0.154,0.223,-0.031,True,False,False,OUT
U_57948d94ff,O-1,RESIDENT,IN,BHIM,ISSUER_05,True,True,ON,2026-03-23,STD,0.394,-0.101,0.623,-0.054,True,True,True,OUT
U_9f8685c22c,O-6,RESIDENT,IN,GPAY,ISSUER_05,True,False,OFF,2025-01-13,STD,0.9,0.58,0.178,-0.15,True,True,True,OUT
U_ec36026652,O-2,RESIDENT,IN,PHONEPE,ISSUER_05,True,True,OFF,2026-07-28,STD,0.336,0.333,0.238,0.075,True,False,True,OUT
U_99a11d5b93,O-5,RESIDENT,IN,BHIM,ISSUER_10,True,True,ON,2024-11-18,ELEVATED,0.326,0.109,0.326,-0.12,False,False,True,OUT
U_ca3bd24c7c,O-3,RESIDENT,IN,BHIM,ISSUER_02,True,True,ON,2025-09-09,STD,0.983,0.184,0.161,-0.138,True,True,False,OUT
U_2863b0c836,O-5,RESIDENT,IN,BHIM,ISSUER_05,True,True,OFF,2025-11-02,STD,0.75,-0.097,0.54,-0.085,True,True,False,OUT
U_26c650c834,O-1,RESIDENT,IN,GPAY,ISSUER_04,True,True,ON,2026-04-26,STD,0.655,0.032,0.203,-0.026,True,True,False,OUT
U_f93743c6af,O-6,RESIDENT,IN,BHIM,ISSUER_03,True,False,OFF,2024-09-16,STD,0.706,0.009,0.311,-0.071,True,True,True,OUT
U_cdcfabe86f,O-6,RESIDENT,IN,PHONEPE,ISSUER_01,False,False,OFF,2025-01-30,STD,0.672,0.199,0.463,-0.105,True,True,True,OUT
U_8e16bb69f4,O-1,RESIDENT,IN,BHIM,ISSUER_12,True,True,ON,2026-03-17,STD,0.912,-0.061,0.714,-0.15,True,True,True,OUT
U_eb1e5a48cf,O-2,RESIDENT,IN,PHONEPE,ISSUER_03,False,True,ON,2024-09-14,STD,0.157,0.182,0.102,-0.042,True,False,True,OUT
U_055590168b,O-1,RESIDENT,IN,PHONEPE,ISSUER_08,True,True,ON,2025-06-16,STD,0.221,0.475,0.304,0.052,True,True,True,OUT
U_74caca31e7,O-1,RESIDENT,IN,PHONEPE,ISSUER_12,True,True,ON,2024-11-04,STD,0.833,0.057,0.076,0.055,True,True,True,OUT
U_2ede0dde99,O-2,RESIDENT,IN,GPAY,ISSUER_06,True,True,ON,2024-11-17,STD,0.572,0.27,0.368,0.068,True,True,False,OUT
U_131fa25d75,O-1,RESIDENT,IN,BHIM,ISSUER_06,True,True,ON,2024-10-08,STD,0.402,-0.084,0.301,-0.055,True,True,True,OUT
U_0e7506387d,O-1,RESIDENT,IN,BHIM,ISSUER_07,True,True,ON,2025-09-12,STD,0.45,0.303,0.159,0.075,True,True,True,OUT
U_a0876d415e,O-6,RESIDENT,IN,BHIM,ISSUER_03,False,True,OFF,2025-10-05,STD,0.456,-0.079,0.529,-0.15,True,False,False,OUT
U_538e4b7312,O-1,RESIDENT,IN,PHONEPE,ISSUER_06,True,True,ON,2024-10-10,STD,0.639,0.088,0.132,0.007,False,True,True,OUT
U_307b7011b1,O-3,RESIDENT,IN,PHONEPE,ISSUER_01,True,True,OFF,2025-04-22,STD,0.161,0.113,0.222,0.104,True,False,False,OUT
U_b8c15cc2a5,O-1,RESIDENT,IN,PHONEPE,ISSUER_03,True,True,ON,2025-03-13,STD,0.732,0.248,0.424,0.009,False,True,False,OUT
U_10f6885b75,O-5,RESIDENT,IN,PHONEPE,ISSUER_09,True,True,OFF,2026-02-02,STD,0.709,0.149,0.416,-0.036,False,False,False,OUT
U_8f06d02478,O-5,RESIDENT,IN,PHONEPE,ISSUER_09,True,True,OFF,2025-10-27,STD,0.584,0.251,0.242,-0.054,True,False,False,OUT
U_12347e392a,O-2,RESIDENT,IN,BHIM,ISSUER_02,False,True,OFF,2024-10-10,STD,0.601,0.208,0.068,0.068,False,True,True,OUT
U_d11deaf542,O-1,RESIDENT,IN,PHONEPE,ISSUER_10,True,True,ON,2025-09-27,STD,0.399,-0.057,0.098,0.205,True,True,False,OUT
U_6610a47dff,O-2,RESIDENT,IN,PHONEPE,ISSUER_09,True,True,OFF,2026-05-23,STD,0.809,-0.224,0.13,-0.13,True,True,True,OUT
U_5e7d832e54,O-2,RESIDENT,IN,PHONEPE,ISSUER_10,True,True,ON,2025-02-02,STD,0.205,0.154,0.457,-0.107,True,True,True,OUT
U_9d00fb9806,O-1,RESIDENT,IN,GPAY,ISSUER_06,False,True,ON,2025-04-05,STD,0.286,-0.146,0.636,0.008,False,True,False,OUT
U_5e7bd3dc54,O-2,RESIDENT,IN,GPAY,ISSUER_02,False,True,ON,2025-01-08,STD,0.282,0.154,0.15,0.026,False,True,True,OUT
U_f73dc82316,O-5,RESIDENT,IN,PHONEPE,ISSUER_08,True,True,ON,2026-04-19,STD,0.795,0.104,0.14,-0.003,True,False,True,OUT
U_dce9a91b38,O-2,RESIDENT,IN,BHIM,ISSUER_03,True,True,ON,2026-07-02,STD,0.32,0.078,0.27,-0.15,True,True,False,OUT
U_a1f3ed6caf,O-2,RESIDENT,IN,BHIM,ISSUER_02,True,True,OFF,2026-02-17,STD,0.891,0.098,0.324,-0.072,False,True,True,OUT
U_a1319fc4a9,O-6,RESIDENT,IN,PHONEPE,ISSUER_07,False,False,OFF,2025-08-24,ELEVATED,0.45,0.249,0.061,0.128,True,False,True,OUT
U_6249f79ba3,O-1,RESIDENT,IN,BHIM,ISSUER_10,True,True,ON,2025-08-13,STD,0.383,-0.065,0.295,-0.15,True,True,True,OUT
U_30ba936ee0,O-1,RESIDENT,IN,PHONEPE,ISSUER_12,True,True,ON,2024-11-15,STD,0.229,-0.133,0.332,-0.076,True,True,False,OUT
U_8cb57e414d,O-3,RESIDENT,IN,PHONEPE,ISSUER_10,True,False,ON,2025-02-11,STD,0.279,0.025,0.232,0.071,True,False,False,OUT
U_005c17fbb6,O-2,RESIDENT,IN,PHONEPE,ISSUER_05,True,True,OFF,2025-09-07,STD,0.868,0.022,0.223,-0.072,True,False,True,OUT
U_93464989db,O-4,RESIDENT,IN,GPAY,ISSUER_05,True,True,ON,2025-01-30,STD,0.218,-0.082,0.361,-0.099,True,False,False,OUT
U_dadf93b609,O-4,RESIDENT,IN,BHIM,ISSUER_03,True,True,ON,2025-07-30,STD,0.494,0.6,0.296,-0.15,True,False,False,OUT
U_8adb17935f,O-4,RESIDENT,IN,BHIM,ISSUER_10,True,True,ON,2026-01-10,STD,0.551,-0.056,0.599,-0.15,True,True,False,OUT
U_fbe8482cb1,O-6,RESIDENT,IN,PHONEPE,ISSUER_05,True,False,OFF,2025-02-27,STD,0.649,0.398,0.46,0.118,True,True,False,OUT
U_03474f1f8d,O-3,RESIDENT,IN,PHONEPE,ISSUER_01,True,True,ON,2025-04-09,STD,0.297,0.197,0.242,0.117,True,False,False,OUT
U_8bcab5ff59,O-2,RESIDENT,IN,GPAY,ISSUER_01,True,True,OFF,2024-11-27,STD,0.151,-0.077,0.538,-0.15,True,True,False,OUT
U_81aff229a2,O-1,RESIDENT,IN,PHONEPE,ISSUER_12,True,True,ON,2026-02-10,STD,0.739,-0.041,0.668,-0.15,True,True,True,OUT
U_c0c6c14914,O-1,RESIDENT,IN,GPAY,ISSUER_10,True,True,ON,2026-05-05,STD,0.499,-0.309,0.55,0.195,False,True,False,OUT
U_06d14bf8ce,O-3,RESIDENT,IN,GPAY,ISSUER_04,True,True,ON,2025-12-12,STD,0.944,0.079,0.224,0.056,True,True,False,OUT
U_4e45273edc,O-1,RESIDENT,IN,PHONEPE,ISSUER_04,True,True,ON,2025-04-01,STD,0.126,0.163,0.162,0.255,True,True,False,OUT
U_6bd540d61a,O-2,RESIDENT,IN,PHONEPE,ISSUER_02,True,True,ON,2024-12-14,STD,0.475,0.256,0.306,-0.047,True,True,True,OUT
U_3b17c099bb,O-2,RESIDENT,IN,GPAY,ISSUER_01,True,True,OFF,2026-04-28,STD,0.744,-0.102,0.482,-0.062,True,False,False,OUT
U_c20bf7d9de,O-2,RESIDENT,IN,BHIM,ISSUER_04,True,True,ON,2026-04-14,STD,0.847,-0.155,0.484,-0.008,True,False,True,OUT
U_9394e9189e,O-2,RESIDENT,IN,PHONEPE,ISSUER_02,True,True,OFF,2024-12-07,STD,0.539,0.349,0.023,0.129,False,False,True,OUT
U_5d7981f890,O-3,RESIDENT,IN,PHONEPE,ISSUER_02,True,True,ON,2026-01-30,STD,0.645,-0.218,0.766,-0.15,True,True,True,OUT
U_7b0f450c75,O-6,RESIDENT,IN,GPAY,ISSUER_01,False,False,OFF,2025-06-11,STD,0.436,0.436,0.183,-0.086,True,True,True,OUT
U_7ba84ca5a8,O-6,RESIDENT,IN,PHONEPE,ISSUER_01,False,False,OFF,2026-02-16,STD,0.196,0.074,0.058,-0.029,True,True,True,OUT
U_2b00aed610,O-3,RESIDENT,IN,BHIM,ISSUER_01,True,True,ON,2025-07-10,STD,0.87,0.391,0.113,-0.023,True,True,False,OUT
U_ee401f6e1e,O-5,RESIDENT,IN,BHIM,ISSUER_08,True,True,OFF,2026-03-06,STD,0.546,0.6,0.446,-0.15,True,False,True,OUT
U_e50f2e9828,O-2,RESIDENT,IN,BHIM,ISSUER_11,True,True,OFF,2025-02-19,STD,0.742,-0.204,0.754,-0.15,True,True,False,OUT
U_e0b5ff107c,O-1,RESIDENT,IN,GPAY,ISSUER_11,True,False,ON,2025-02-07,STD,0.915,0.6,0.333,0.051,True,True,True,OUT
U_1b273add2d,O-5,RESIDENT,IN,PHONEPE,ISSUER_11,True,True,ON,2026-01-10,STD,0.485,0.056,0.101,0.035,True,True,False,OUT
U_4519313a3f,O-1,RESIDENT,IN,GPAY,ISSUER_12,True,True,ON,2026-02-10,ELEVATED,0.209,0.36,0.208,0.159,True,True,True,OUT
U_7c8f8904b6,O-5,RESIDENT,IN,PHONEPE,ISSUER_11,True,True,OFF,2026-07-15,STD,0.068,-0.047,0.827,-0.15,True,False,False,OUT
U_1661563e14,O-1,RESIDENT,IN,BHIM,ISSUER_04,True,True,ON,2025-10-26,STD,0.318,0.17,0.146,0.108,True,False,True,OUT
U_fa964a7434,O-1,RESIDENT,IN,BHIM,ISSUER_10,True,True,ON,2024-10-23,STD,0.51,0.128,0.039,-0.029,True,True,True,OUT
U_7006a8caa3,O-6,RESIDENT,IN,GPAY,ISSUER_06,False,False,OFF,2025-06-03,STD,0.18,0.016,0.253,0.114,True,True,True,OUT
U_7e550c7bbf,O-1,RESIDENT,IN,BHIM,ISSUER_07,True,True,ON,2025-06-17,STD,0.685,0.234,0.499,0.024,True,True,True,OUT
U_4b62474734,O-6,RESIDENT,IN,PHONEPE,ISSUER_02,True,False,OFF,2025-10-25,STD,0.792,0.499,0.026,0.118,False,False,False,OUT
U_e0f1bbaf03,O-1,RESIDENT,IN,GPAY,ISSUER_05,False,False,ON,2025-12-05,STD,0.554,0.025,0.232,-0.01,True,False,True,OUT
U_1cf6cd5e21,O-6,RESIDENT,IN,PHONEPE,ISSUER_09,False,False,OFF,2026-01-17,STD,0.681,0.317,0.149,0.111,False,False,True,OUT
U_52903ac34e,O-1,RESIDENT,IN,GPAY,ISSUER_10,True,True,ON,2026-03-13,STD,0.191,-0.06,0.81,-0.095,False,True,True,OUT
U_1e9c04ba54,O-6,RESIDENT,IN,PHONEPE,ISSUER_08,False,False,OFF,2026-04-14,STD,0.356,0.077,0.172,0.074,True,True,True,OUT
U_704fad2d3a,O-1,RESIDENT,IN,PHONEPE,ISSUER_10,True,True,ON,2025-11-02,STD,0.58,-0.145,0.547,-0.02,True,False,True,OUT
U_bfef80c2ba,O-6,RESIDENT,IN,PHONEPE,ISSUER_10,False,True,OFF,2024-08-16,ELEVATED,0.241,-0.053,0.207,-0.009,True,True,True,OUT
U_4cd7dea835,O-4,RESIDENT,IN,PHONEPE,ISSUER_02,True,True,OFF,2026-03-25,STD,0.324,-0.169,0.484,-0.15,True,True,True,OUT
U_5bf00594e3,O-3,RESIDENT,IN,GPAY,ISSUER_03,True,True,ON,2024-09-17,STD,0.75,-0.069,0.641,-0.15,True,False,True,OUT
U_8519f493a0,O-6,RESIDENT,IN,PHONEPE,ISSUER_12,False,False,OFF,2025-04-17,STD,0.135,-0.238,0.458,-0.077,True,True,True,OUT
U_7387e694c4,O-1,RESIDENT,IN,PHONEPE,ISSUER_09,True,True,ON,2025-12-20,STD,0.407,-0.053,0.622,0.004,True,True,True,OUT
U_ceb3307c18,O-2,RESIDENT,IN,PHONEPE,ISSUER_01,True,True,OFF,2025-04-18,STD,0.427,0.477,0.22,0.078,True,True,True,OUT
U_350b8883df,O-1,RESIDENT,IN,BHIM,ISSUER_01,True,True,ON,2025-07-07,STD,0.36,0.047,0.04,-0.043,True,True,True,OUT
U_11d1191d61,O-4,RESIDENT,IN,PHONEPE,ISSUER_06,True,True,ON,2025-02-06,STD,0.786,0.041,0.308,-0.0,False,False,True,OUT
U_ee63a92fdd,O-5,RESIDENT,IN,GPAY,ISSUER_06,True,True,OFF,2024-08-29,STD,0.461,-0.016,0.413,0.052,True,True,True,OUT
U_283fb550ef,O-4,RESIDENT,IN,BHIM,ISSUER_02,True,True,OFF,2025-04-03,STD,0.587,0.236,0.048,0.044,True,True,False,OUT
U_3afb533048,O-1,RESIDENT,IN,BHIM,ISSUER_04,True,True,ON,2025-02-28,STD,0.086,-0.193,0.101,0.01,True,False,True,OUT
U_a4deb5dc58,O-1,RESIDENT,IN,GPAY,ISSUER_02,True,True,ON,2024-10-04,STD,0.048,0.072,0.2,0.03,False,True,False,OUT
U_f27561d888,O-6,RESIDENT,IN,BHIM,ISSUER_09,False,False,OFF,2025-06-02,STD,0.843,0.229,0.149,-0.003,True,True,False,OUT
U_e9d0ac6318,O-1,RESIDENT,IN,BHIM,ISSUER_04,True,True,ON,2026-04-28,STD,0.26,0.271,0.444,-0.15,True,True,True,OUT
U_e803d0b7d2,O-2,RESIDENT,IN,GPAY,ISSUER_11,True,True,ON,2024-11-11,STD,0.503,0.23,0.188,0.092,True,True,False,OUT
U_ee86b7d5d1,O-6,RESIDENT,IN,PHONEPE,ISSUER_05,True,False,OFF,2026-01-08,RESTRICTED,0.821,-0.4,0.521,0.069,False,False,True,OUT
U_0415de4c24,O-1,RESIDENT,IN,GPAY,ISSUER_11,True,True,ON,2025-02-05,STD,0.405,0.073,0.218,-0.008,True,True,True,OUT
U_76033c5d56,O-6,RESIDENT,IN,PHONEPE,ISSUER_01,False,False,OFF,2025-10-07,STD,0.153,0.175,0.285,-0.038,True,True,True,OUT
U_4e524ebcf1,O-1,RESIDENT,IN,GPAY,ISSUER_02,True,True,ON,2024-11-07,STD,0.511,-0.029,0.322,0.103,True,True,False,OUT
U_5601815119,O-3,RESIDENT,IN,PHONEPE,ISSUER_02,True,True,OFF,2025-06-16,STD,0.84,0.008,0.097,-0.006,True,True,False,OUT
U_3271859352,O-4,RESIDENT,IN,PHONEPE,ISSUER_07,True,True,OFF,2025-08-16,STD,0.219,-0.176,0.593,-0.15,True,True,True,OUT
U_e96bebbda1,O-2,RESIDENT,IN,GPAY,ISSUER_10,True,True,OFF,2025-10-20,STD,0.581,0.03,0.432,-0.092,True,False,True,OUT
U_d5fa23f6b7,O-2,RESIDENT,IN,BHIM,ISSUER_12,True,True,OFF,2025-05-17,STD,0.497,-0.169,0.287,-0.075,True,True,False,OUT
U_e1ec44ac78,O-1,RESIDENT,IN,PHONEPE,ISSUER_12,True,True,ON,2025-07-14,STD,0.671,0.281,0.439,0.077,True,False,True,OUT
U_d8f133a91e,O-3,RESIDENT,IN,GPAY,ISSUER_11,True,True,ON,2025-05-08,STD,0.239,-0.288,0.876,-0.15,True,True,True,OUT
U_81887bed0b,O-3,RESIDENT,IN,BHIM,ISSUER_12,True,True,ON,2024-08-22,STD,0.36,0.368,0.385,-0.15,True,False,True,OUT
U_59cfa1804a,O-3,RESIDENT,IN,BHIM,ISSUER_09,True,True,ON,2025-06-05,STD,0.643,-0.072,0.303,0.096,True,True,True,OUT
U_9af0bc4b72,O-5,RESIDENT,IN,PHONEPE,ISSUER_04,True,True,ON,2026-06-11,STD,0.268,-0.125,0.704,-0.15,True,True,True,OUT
U_b1970535f6,O-2,RESIDENT,IN,GPAY,ISSUER_10,False,True,ON,2026-03-21,STD,0.783,-0.011,0.46,-0.116,True,True,False,OUT
U_db35356951,O-6,RESIDENT,IN,PHONEPE,ISSUER_12,False,False,OFF,2025-02-19,STD,0.555,-0.066,0.223,-0.026,True,False,False,OUT
U_9701b13ed0,O-2,RESIDENT,IN,BHIM,ISSUER_07,True,True,ON,2025-06-16,STD,0.89,0.07,0.18,0.173,True,True,True,OUT
U_8cb68bc86d,O-4,RESIDENT,IN,PHONEPE,ISSUER_01,True,False,OFF,2024-08-22,STD,0.19,0.119,0.334,0.094,True,True,True,OUT
U_e2b71c75cf,O-4,RESIDENT,IN,BHIM,ISSUER_09,True,True,ON,2026-06-19,STD,0.529,-0.053,0.289,0.045,True,False,False,OUT
U_040fe0da0d,O-1,RESIDENT,IN,GPAY,ISSUER_12,True,True,ON,2024-11-03,STD,0.599,-0.05,0.528,-0.15,True,True,True,OUT
U_5d8ddd5e97,O-2,RESIDENT,IN,GPAY,ISSUER_04,True,True,OFF,2025-05-20,STD,0.657,-0.4,0.351,0.032,True,True,False,OUT
U_64807e2b5c,O-6,RESIDENT,IN,BHIM,ISSUER_01,False,False,OFF,2026-02-16,STD,0.765,0.125,0.44,-0.074,False,True,False,OUT
U_188a4f5613,O-1,RESIDENT,IN,BHIM,ISSUER_04,False,True,ON,2026-01-16,STD,0.507,-0.114,0.3,-0.15,True,False,True,OUT
U_338e0d3b37,O-3,RESIDENT,IN,BHIM,ISSUER_05,True,True,ON,2024-11-23,STD,0.163,0.076,0.53,-0.15,True,True,True,OUT
U_90fdb5bd2d,O-6,RESIDENT,IN,GPAY,ISSUER_06,True,False,OFF,2025-04-26,STD,0.319,0.296,0.246,-0.097,True,True,True,OUT
U_937fd41a31,O-1,RESIDENT,IN,PHONEPE,ISSUER_11,True,False,ON,2024-11-28,STD,0.415,0.211,0.351,-0.015,True,True,False,OUT
U_9386c2407b,O-3,RESIDENT,IN,PHONEPE,ISSUER_02,True,True,ON,2025-05-03,STD,0.305,0.276,0.281,0.012,False,False,True,OUT
U_b8e402b138,O-1,RESIDENT,IN,BHIM,ISSUER_03,True,True,ON,2024-10-06,STD,0.624,0.365,0.25,0.006,True,True,True,OUT
U_354d3c2d97,O-1,RESIDENT,IN,PHONEPE,ISSUER_07,True,True,ON,2026-01-23,STD,0.691,0.054,0.122,-0.091,True,True,True,OUT
U_e0f86fec89,O-1,RESIDENT,IN,GPAY,ISSUER_02,True,True,ON,2024-09-05,STD,0.675,0.364,0.133,0.135,True,True,True,OUT
U_e328c0e20c,O-6,RESIDENT,IN,GPAY,ISSUER_07,False,False,OFF,2026-01-17,STD,0.215,0.089,0.224,0.041,True,True,False,OUT
U_30355ebc48,O-6,RESIDENT,IN,GPAY,ISSUER_11,False,True,OFF,2024-11-22,STD,0.759,-0.068,0.59,-0.116,True,True,False,OUT
U_e9b0d2be28,O-5,RESIDENT,IN,BHIM,ISSUER_06,True,True,OFF,2026-02-03,STD,0.752,0.071,0.163,-0.005,True,True,True,OUT
U_5701cde1a2,O-1,RESIDENT,IN,GPAY,ISSUER_03,False,True,ON,2026-05-01,STD,0.354,-0.167,0.526,-0.15,True,False,False,OUT
U_29e8feed57,O-6,RESIDENT,IN,BHIM,ISSUER_07,True,False,OFF,2026-07-24,STD,0.564,0.098,0.486,-0.059,True,True,True,OUT
U_325fd460fa,O-4,RESIDENT,IN,GPAY,ISSUER_08,True,True,ON,2025-08-13,STD,0.593,-0.141,0.424,0.304,True,True,True,OUT
U_966a5ac7e8,O-4,RESIDENT,IN,GPAY,ISSUER_02,True,True,ON,2025-07-23,STD,0.655,-0.013,0.664,-0.142,True,True,True,OUT
U_a3c4b22f96,O-2,RESIDENT,IN,GPAY,ISSUER_04,True,True,OFF,2025-07-16,STD,0.622,0.326,0.067,-0.148,True,True,False,OUT
U_a1f4257963,O-6,RESIDENT,IN,GPAY,ISSUER_05,True,False,OFF,2026-05-19,STD,0.243,0.293,0.058,-0.043,True,True,True,OUT
U_e31250b893,O-5,RESIDENT,IN,GPAY,ISSUER_02,True,True,ON,2025-03-31,STD,0.415,0.04,0.049,0.046,False,True,False,OUT
U_fd10f62236,O-4,RESIDENT,IN,BHIM,ISSUER_04,True,True,ON,2026-07-08,STD,0.2,0.127,0.103,-0.009,True,True,False,OUT
U_4284589fe9,O-2,RESIDENT,IN,PHONEPE,ISSUER_05,True,True,ON,2026-02-09,STD,0.539,0.349,0.41,-0.087,True,False,False,OUT
U_9cfe35a2b5,O-1,RESIDENT,IN,PHONEPE,ISSUER_05,True,True,ON,2026-06-16,RESTRICTED,0.355,0.095,0.271,-0.08,True,True,True,OUT
U_cf1cd62bf8,O-2,RESIDENT,IN,BHIM,ISSUER_06,True,True,ON,2026-03-01,STD,0.23,-0.018,0.714,-0.092,True,True,True,OUT
U_e79238f097,O-1,RESIDENT,IN,GPAY,ISSUER_08,True,True,ON,2025-05-21,STD,0.223,-0.1,0.549,-0.15,True,True,False,OUT
U_02f18a6f0a,O-2,RESIDENT,IN,PHONEPE,ISSUER_09,False,True,ON,2025-01-31,STD,0.409,0.172,0.199,0.034,True,False,True,OUT
U_44b5770b36,O-1,RESIDENT,IN,BHIM,ISSUER_09,False,True,ON,2025-11-11,STD,0.721,0.31,0.26,-0.15,True,False,True,OUT
U_4fa3c05c88,O-5,RESIDENT,IN,GPAY,ISSUER_11,True,True,OFF,2025-12-06,STD,0.816,0.322,0.122,0.018,True,True,True,OUT
U_a2a7cc900d,O-3,RESIDENT,IN,BHIM,ISSUER_06,True,True,ON,2024-12-28,ELEVATED,0.495,0.109,0.235,0.019,True,True,True,OUT
U_676a91d5db,O-3,RESIDENT,IN,BHIM,ISSUER_04,True,True,OFF,2025-03-08,STD,0.796,0.21,0.391,0.043,True,True,False,OUT
U_34ce97f5ae,O-1,RESIDENT,IN,GPAY,ISSUER_07,True,True,ON,2025-11-29,STD,0.664,-0.14,0.51,-0.15,True,False,False,OUT
U_0125007c37,O-2,RESIDENT,IN,PHONEPE,ISSUER_11,False,True,OFF,2025-01-23,STD,0.798,-0.4,0.238,-0.15,True,True,False,OUT
U_5f0ff03781,O-3,RESIDENT,IN,BHIM,ISSUER_01,True,False,ON,2026-06-23,ELEVATED,0.525,0.205,0.231,-0.016,True,False,True,OUT
U_c8283116d1,O-5,RESIDENT,IN,BHIM,ISSUER_11,True,True,OFF,2025-01-07,STD,0.544,-0.018,0.497,0.059,True,False,True,OUT
U_b2233ee4a1,O-4,RESIDENT,IN,GPAY,ISSUER_05,True,True,OFF,2026-04-18,STD,0.053,0.111,0.151,0.141,True,False,False,OUT
U_1db848515f,O-3,RESIDENT,IN,GPAY,ISSUER_07,True,True,ON,2025-02-22,STD,0.919,0.456,0.226,-0.136,True,False,False,OUT
U_013c149e51,O-4,RESIDENT,IN,GPAY,ISSUER_10,True,True,ON,2025-08-23,STD,0.612,-0.312,0.774,-0.118,False,True,True,OUT
U_686c8c21a0,O-1,RESIDENT,IN,PHONEPE,ISSUER_06,True,True,ON,2025-04-26,STD,0.838,0.149,0.203,0.06,False,True,False,OUT
U_618711a841,O-6,RESIDENT,IN,GPAY,ISSUER_03,False,False,OFF,2026-06-05,STD,0.251,0.413,0.423,-0.15,True,True,False,OUT
U_495ae37640,O-2,RESIDENT,IN,GPAY,ISSUER_03,True,True,OFF,2024-08-17,STD,0.764,0.151,0.193,0.212,False,False,False,OUT
U_927a7f3ab9,O-5,RESIDENT,IN,BHIM,ISSUER_04,False,True,ON,2025-11-21,STD,0.648,-0.053,0.371,-0.057,True,False,False,OUT
U_08f5e27b95,O-1,RESIDENT,IN,BHIM,ISSUER_04,True,True,ON,2026-03-29,STD,0.183,-0.249,0.3,-0.15,True,True,False,OUT
U_48a45200c0,O-1,RESIDENT,IN,BHIM,ISSUER_02,False,True,ON,2025-04-21,STD,0.232,-0.215,0.353,0.205,True,False,True,OUT
U_755224e452,O-3,RESIDENT,IN,PHONEPE,ISSUER_08,False,True,ON,2024-10-28,STD,0.611,0.53,0.288,-0.15,True,False,True,OUT
U_d79e0e6b70,O-5,RESIDENT,IN,BHIM,ISSUER_02,True,True,OFF,2025-11-05,STD,0.621,0.149,0.464,0.019,True,True,True,OUT
U_b55607b358,O-1,RESIDENT,IN,PHONEPE,ISSUER_03,True,True,ON,2026-02-10,STD,0.266,0.188,0.402,0.012,True,True,True,OUT
U_ca62d0fa21,O-3,RESIDENT,IN,PHONEPE,ISSUER_09,True,True,OFF,2025-06-25,STD,0.887,0.551,0.364,-0.15,True,True,False,OUT
U_60abb46f7b,O-3,RESIDENT,IN,BHIM,ISSUER_01,True,True,OFF,2025-07-02,STD,0.736,0.27,0.24,-0.088,True,True,False,OUT
U_df78f3aee8,O-1,RESIDENT,IN,BHIM,ISSUER_02,True,True,ON,2024-09-10,STD,0.164,0.113,0.322,-0.095,True,False,True,OUT
U_e96d5b4f0b,O-1,RESIDENT,IN,PHONEPE,ISSUER_12,True,True,ON,2025-04-11,STD,0.474,0.29,0.097,0.153,True,True,True,OUT
U_010f9d1136,O-3,RESIDENT,IN,GPAY,ISSUER_03,True,True,ON,2025-06-03,STD,0.673,0.209,0.243,0.073,True,False,True,OUT
U_f7cba3d5a6,O-6,RESIDENT,IN,BHIM,ISSUER_04,False,True,OFF,2026-04-03,STD,0.401,-0.352,0.414,-0.104,True,True,True,OUT
U_cbca608ae1,O-6,RESIDENT,IN,GPAY,ISSUER_09,True,True,OFF,2025-05-28,STD,0.399,0.368,0.203,0.032,True,True,False,OUT
U_8f9cde3eba,O-1,RESIDENT,IN,BHIM,ISSUER_11,True,True,ON,2026-01-14,STD,0.456,0.031,0.07,-0.065,False,True,False,OUT
U_dc62ade27b,O-1,RESIDENT,IN,BHIM,ISSUER_06,True,True,ON,2025-06-03,STD,0.651,0.262,0.128,0.036,True,True,False,OUT
U_0bb5152ac4,O-1,RESIDENT,IN,GPAY,ISSUER_04,True,True,ON,2025-05-03,STD,0.351,0.067,0.497,-0.094,False,False,True,OUT
U_db7697a8cb,O-3,RESIDENT,IN,PHONEPE,ISSUER_04,True,True,OFF,2025-01-05,STD,0.111,0.094,0.19,0.215,True,False,True,OUT
U_69eed039ed,O-4,RESIDENT,IN,GPAY,ISSUER_02,True,True,OFF,2025-07-16,STD,0.704,0.337,0.282,-0.03,True,False,False,OUT
U_c3b920c5ad,O-2,RESIDENT,IN,GPAY,ISSUER_02,True,False,OFF,2025-03-12,STD,0.832,-0.331,0.469,-0.15,True,True,False,OUT
U_00a8801755,O-1,RESIDENT,IN,BHIM,ISSUER_10,True,True,ON,2025-11-06,STD,0.201,0.159,0.372,0.048,True,True,True,OUT
U_b03fcfbd0f,O-5,RESIDENT,IN,PHONEPE,ISSUER_01,True,True,OFF,2024-09-10,STD,0.635,0.02,0.2,-0.067,True,True,True,OUT
U_eef4b660b3,O-2,RESIDENT,IN,BHIM,ISSUER_12,False,True,OFF,2024-09-16,STD,0.442,-0.398,0.879,-0.15,True,True,True,OUT
U_93e3a84b7b,O-5,RESIDENT,IN,GPAY,ISSUER_10,True,True,ON,2025-07-14,STD,0.794,0.506,0.353,-0.15,True,False,True,OUT
U_f9d3b76d15,O-5,RESIDENT,IN,GPAY,ISSUER_03,True,True,ON,2025-11-12,STD,0.867,0.127,0.306,0.131,True,True,False,OUT
U_d1c9ebf9f3,O-1,RESIDENT,IN,BHIM,ISSUER_09,True,True,ON,2026-06-20,STD,0.187,-0.103,0.347,-0.103,False,False,True,OUT
U_cebfcb8f35,O-2,RESIDENT,IN,PHONEPE,ISSUER_10,False,True,OFF,2024-09-22,STD,0.537,0.111,0.052,0.194,True,False,False,OUT
U_3aef7da2a1,O-1,RESIDENT,IN,BHIM,ISSUER_08,True,True,ON,2024-12-24,STD,0.279,-0.268,0.123,0.036,True,False,True,OUT
U_2c05be3289,O-1,RESIDENT,IN,BHIM,ISSUER_10,True,True,ON,2026-05-14,STD,0.46,0.405,0.03,-0.15,True,True,True,OUT
U_d070483c22,O-4,RESIDENT,IN,PHONEPE,ISSUER_12,True,True,ON,2025-02-17,STD,0.73,0.038,0.265,0.063,True,False,True,OUT
U_90a2893cd0,O-5,RESIDENT,IN,PHONEPE,ISSUER_04,False,True,OFF,2025-02-04,STD,0.446,0.231,0.284,0.023,False,True,True,OUT
U_16b087be55,O-4,RESIDENT,IN,BHIM,ISSUER_02,True,True,ON,2025-12-02,STD,0.233,0.226,0.198,-0.15,True,True,False,OUT
U_d08595de7b,O-1,RESIDENT,IN,GPAY,ISSUER_04,True,True,ON,2025-05-22,STD,0.224,0.345,0.155,-0.106,False,False,True,OUT
U_ea959ffb1a,O-5,RESIDENT,IN,PHONEPE,ISSUER_08,True,True,OFF,2026-05-13,ELEVATED,0.371,-0.197,0.017,0.153,False,True,True,OUT
U_9f8927cada,O-4,RESIDENT,IN,GPAY,ISSUER_03,True,True,ON,2026-07-28,STD,0.265,0.41,0.186,0.084,True,False,False,OUT
U_1b18e15cf3,O-6,RESIDENT,IN,GPAY,ISSUER_10,True,False,OFF,2026-07-30,STD,0.542,-0.207,0.198,0.148,True,True,False,OUT
U_deeae3f39a,O-2,RESIDENT,IN,PHONEPE,ISSUER_04,True,True,OFF,2026-06-24,STD,0.623,0.088,0.282,-0.15,True,True,False,OUT
U_c9a0269d86,O-2,RESIDENT,IN,GPAY,ISSUER_10,True,True,ON,2025-01-25,STD,0.133,0.116,0.361,-0.108,True,False,True,OUT
U_aa1a80a6e2,O-1,RESIDENT,IN,BHIM,ISSUER_05,True,True,ON,2024-12-15,STD,0.785,0.176,0.171,-0.129,True,False,True,OUT
U_4ede9c9f61,O-1,RESIDENT,IN,BHIM,ISSUER_12,True,True,ON,2025-05-03,STD,0.501,0.092,0.314,-0.12,True,True,True,OUT
U_3a6709b7ad,O-5,RESIDENT,IN,BHIM,ISSUER_01,True,True,ON,2026-07-02,STD,0.914,0.012,0.114,0.059,True,False,True,OUT
U_b3be275f5f,O-2,RESIDENT,IN,GPAY,ISSUER_01,True,True,OFF,2024-12-31,STD,0.677,0.101,0.465,-0.122,True,True,False,OUT
U_c76774a164,O-1,RESIDENT,IN,PHONEPE,ISSUER_12,True,True,ON,2025-02-18,STD,0.626,0.262,0.077,0.326,True,False,True,OUT
U_3cafcb19ff,O-1,RESIDENT,IN,PHONEPE,ISSUER_09,True,True,ON,2025-01-13,STD,0.109,0.288,0.192,-0.15,True,True,False,OUT
U_637514f0cc,O-1,RESIDENT,IN,PHONEPE,ISSUER_01,True,True,ON,2024-09-08,STD,0.559,-0.202,0.834,-0.079,True,False,True,OUT
U_77d9dd1a04,O-1,RESIDENT,IN,GPAY,ISSUER_07,True,True,ON,2025-03-05,STD,0.516,0.137,0.303,0.126,True,True,False,OUT
U_5903276729,O-6,RESIDENT,IN,GPAY,ISSUER_12,False,False,OFF,2026-07-21,STD,0.378,0.584,0.041,0.265,True,True,False,OUT
U_3512a58a2f,O-3,RESIDENT,IN,PHONEPE,ISSUER_03,True,True,ON,2025-05-03,STD,0.393,0.304,0.356,-0.017,True,False,True,OUT
U_1d3a1c8ca8,O-1,RESIDENT,IN,PHONEPE,ISSUER_09,True,True,ON,2026-07-09,STD,0.543,0.6,0.23,0.021,True,False,True,OUT
U_432e28bf7d,O-5,RESIDENT,IN,PHONEPE,ISSUER_02,True,True,ON,2024-11-02,STD,0.5,-0.298,0.284,0.178,True,True,True,OUT
U_5360fadd88,O-2,RESIDENT,IN,PHONEPE,ISSUER_06,True,True,ON,2025-01-25,STD,0.682,0.046,0.506,-0.15,True,True,True,OUT
U_60df341bf6,O-1,RESIDENT,IN,PHONEPE,ISSUER_12,True,True,ON,2026-03-25,STD,0.646,-0.05,0.548,-0.01,True,True,True,OUT
U_b7b6d83e44,O-6,RESIDENT,IN,PHONEPE,ISSUER_10,False,True,OFF,2025-06-20,STD,0.225,0.396,0.379,-0.15,False,True,True,OUT
U_a14691e821,O-1,RESIDENT,IN,BHIM,ISSUER_07,True,True,ON,2024-09-25,STD,0.24,0.376,0.24,-0.038,False,True,False,OUT
U_ea8c06611f,O-5,RESIDENT,IN,PHONEPE,ISSUER_02,True,True,OFF,2025-06-16,STD,0.711,-0.2,0.061,0.034,True,False,True,OUT
U_6d1d6c1d4e,O-3,RESIDENT,IN,GPAY,ISSUER_02,True,True,OFF,2026-04-02,STD,0.364,0.236,0.147,-0.054,False,True,False,OUT
U_58cda8849e,O-2,RESIDENT,IN,PHONEPE,ISSUER_04,False,True,OFF,2024-12-08,STD,0.832,0.117,0.028,-0.004,True,False,False,OUT
U_a11b8c27f7,O-1,RESIDENT,IN,BHIM,ISSUER_05,False,True,ON,2025-10-19,STD,0.777,-0.21,0.625,0.022,True,True,True,OUT
U_803c80f631,O-2,RESIDENT,IN,BHIM,ISSUER_11,True,True,ON,2026-06-30,STD,0.197,0.569,0.193,-0.13,True,False,False,OUT
U_852a11ed90,O-2,RESIDENT,IN,BHIM,ISSUER_07,True,False,ON,2026-07-10,STD,0.23,0.1,0.158,-0.044,True,False,False,OUT
U_c1dd6c27a4,O-3,RESIDENT,IN,PHONEPE,ISSUER_03,True,True,ON,2026-05-28,STD,0.413,0.13,0.197,0.104,True,True,False,OUT
U_66a57560ac,O-2,RESIDENT,IN,PHONEPE,ISSUER_01,True,True,ON,2025-04-25,STD,0.539,0.284,0.233,-0.15,True,False,True,OUT
U_6cd1c6da1f,O-1,RESIDENT,IN,PHONEPE,ISSUER_10,True,True,ON,2025-05-09,STD,0.505,0.066,0.375,-0.15,True,True,False,OUT
U_36013af978,O-1,RESIDENT,IN,PHONEPE,ISSUER_04,True,True,ON,2026-01-31,STD,0.361,-0.143,0.593,-0.15,True,False,True,OUT
U_fd8a755cef,O-1,RESIDENT,IN,BHIM,ISSUER_06,True,True,ON,2025-08-24,STD,0.339,0.297,0.306,0.097,True,True,True,OUT
U_bf4bb52de6,O-2,RESIDENT,IN,BHIM,ISSUER_03,True,True,OFF,2024-11-09,STD,0.546,0.127,0.213,0.073,True,False,True,OUT
U_685c5d55b3,O-2,RESIDENT,IN,BHIM,ISSUER_03,True,True,ON,2025-03-26,STD,0.359,0.198,0.267,-0.15,True,True,True,OUT
U_2630dfa05b,O-1,RESIDENT,IN,BHIM,ISSUER_02,True,True,ON,2025-06-12,STD,0.273,-0.013,0.354,-0.033,True,True,False,OUT
U_987e8d96d2,O-1,RESIDENT,IN,BHIM,ISSUER_02,True,True,ON,2024-11-23,STD,0.699,0.143,0.33,0.059,True,True,True,OUT
U_b9a5d421f8,O-1,RESIDENT,IN,BHIM,ISSUER_02,False,True,ON,2026-05-29,STD,0.053,-0.065,0.164,-0.037,True,True,False,OUT
U_e5469e3cca,O-2,RESIDENT,IN,BHIM,ISSUER_02,True,True,ON,2025-04-24,STD,0.604,-0.252,0.638,-0.143,True,True,True,OUT
U_1bbbd99eaa,O-3,RESIDENT,IN,PHONEPE,ISSUER_04,True,False,ON,2024-11-09,STD,0.243,-0.06,0.518,-0.078,False,False,False,OUT
U_47c0ad6818,O-5,RESIDENT,IN,BHIM,ISSUER_02,True,True,ON,2024-10-24,STD,0.668,-0.222,0.374,0.031,True,True,True,OUT
U_1e62ffac57,O-6,RESIDENT,IN,GPAY,ISSUER_11,False,False,OFF,2026-03-28,STD,0.706,0.101,0.355,0.09,True,True,True,OUT
U_3b879b50a9,O-2,RESIDENT,IN,PHONEPE,ISSUER_10,True,True,OFF,2026-03-30,STD,0.802,-0.4,0.591,-0.099,False,True,False,OUT
U_751cef10f1,O-2,RESIDENT,IN,BHIM,ISSUER_03,True,True,OFF,2025-06-09,STD,0.608,0.219,0.169,-0.15,True,True,False,OUT
U_52125ce644,O-3,RESIDENT,IN,PHONEPE,ISSUER_07,True,True,OFF,2026-05-02,STD,0.708,-0.221,0.683,-0.15,True,False,True,OUT
U_13327f0abd,O-3,RESIDENT,IN,PHONEPE,ISSUER_01,True,True,OFF,2025-12-29,STD,0.743,0.107,0.358,0.273,True,True,True,OUT
U_1d09cf7645,O-5,RESIDENT,IN,GPAY,ISSUER_09,True,True,ON,2026-06-07,STD,0.742,0.436,0.1,-0.013,True,True,False,OUT
U_365e0325fc,O-6,RESIDENT,IN,BHIM,ISSUER_02,True,False,OFF,2025-07-11,STD,0.576,-0.179,0.395,0.019,False,True,True,OUT
U_98c0a2aa84,O-6,RESIDENT,IN,GPAY,ISSUER_09,True,False,OFF,2025-03-04,STD,0.71,0.335,0.169,-0.109,True,False,False,OUT
U_bfa2a47895,O-6,RESIDENT,IN,BHIM,ISSUER_01,False,True,OFF,2025-10-20,STD,0.414,-0.091,0.429,0.166,True,False,True,OUT
U_daab4720cd,O-6,RESIDENT,IN,BHIM,ISSUER_12,True,False,OFF,2025-03-21,STD,0.597,-0.08,0.011,-0.15,True,True,False,OUT
U_72ba7ed51c,O-1,RESIDENT,IN,GPAY,ISSUER_10,True,True,ON,2026-06-10,STD,0.769,0.24,0.347,-0.074,True,True,False,OUT
U_0fc0cfb45b,O-1,RESIDENT,IN,GPAY,ISSUER_10,True,True,ON,2024-09-01,STD,0.502,0.006,0.443,-0.078,True,False,False,OUT
U_fe5f65e78a,O-3,RESIDENT,IN,BHIM,ISSUER_02,True,True,ON,2025-07-30,STD,0.609,0.119,0.32,0.053,False,True,True,OUT
U_b450b881ff,O-2,RESIDENT,IN,GPAY,ISSUER_07,True,True,ON,2025-06-08,STD,0.465,0.199,0.3,-0.086,True,True,True,OUT
U_cd64799648,O-1,RESIDENT,IN,GPAY,ISSUER_10,True,True,ON,2026-01-21,STD,0.811,0.219,0.221,-0.076,True,True,True,OUT
U_16a307ac58,O-3,RESIDENT,IN,BHIM,ISSUER_05,True,True,OFF,2024-10-11,STD,0.727,0.185,0.429,-0.15,True,True,True,OUT
U_131ed9198c,O-3,RESIDENT,IN,GPAY,ISSUER_10,True,True,ON,2026-07-23,STD,0.184,0.075,0.15,0.077,True,True,False,OUT
U_23365c29da,O-1,RESIDENT,IN,BHIM,ISSUER_02,True,True,ON,2026-05-23,STD,0.994,-0.073,0.411,-0.053,True,False,True,OUT
U_b6770340e5,O-5,RESIDENT,IN,GPAY,ISSUER_03,True,True,OFF,2025-12-08,STD,0.708,0.171,0.324,0.015,True,True,True,OUT
U_60df5c09c4,O-3,RESIDENT,IN,BHIM,ISSUER_02,True,True,OFF,2025-07-17,STD,0.225,0.6,0.577,-0.077,True,True,True,OUT
U_4cf6db578f,O-3,RESIDENT,IN,BHIM,ISSUER_11,True,True,OFF,2025-01-27,STD,0.212,0.258,0.024,0.031,True,True,False,OUT
U_582a97ac9b,O-5,RESIDENT,IN,BHIM,ISSUER_10,True,True,OFF,2025-01-26,ELEVATED,0.361,-0.228,0.581,-0.15,True,True,True,OUT
U_9b1d921b35,O-6,RESIDENT,IN,BHIM,ISSUER_03,False,False,OFF,2025-09-13,STD,0.164,0.194,0.052,-0.006,True,True,False,OUT
U_d28fe82eca,O-6,RESIDENT,IN,PHONEPE,ISSUER_05,False,True,OFF,2026-05-15,STD,0.387,0.254,0.179,-0.022,True,True,True,OUT
U_47b91a4659,O-6,RESIDENT,IN,GPAY,ISSUER_12,False,True,OFF,2025-10-15,STD,0.267,0.069,0.45,-0.15,True,False,False,OUT
U_5ce97d4a43,O-1,RESIDENT,IN,PHONEPE,ISSUER_07,True,True,ON,2025-08-16,STD,0.755,0.195,0.104,0.225,True,False,True,OUT
U_fd2fc5a3a6,O-3,RESIDENT,IN,GPAY,ISSUER_09,True,True,ON,2025-10-05,STD,0.603,0.166,0.444,-0.093,True,True,False,OUT
U_fbe8906523,O-2,RESIDENT,IN,GPAY,ISSUER_07,False,True,ON,2026-02-05,STD,0.272,0.143,0.215,0.026,True,True,False,OUT
U_e69b0b34c9,O-2,RESIDENT,IN,PHONEPE,ISSUER_05,True,True,OFF,2026-01-20,STD,0.952,0.015,0.222,0.17,True,True,False,OUT
U_e254f87cef,O-2,RESIDENT,IN,GPAY,ISSUER_03,True,True,ON,2025-03-28,STD,0.349,-0.253,0.556,0.03,True,True,True,OUT
U_a27bca5618,O-6,RESIDENT,IN,PHONEPE,ISSUER_04,True,True,OFF,2025-03-06,STD,0.654,0.02,0.205,0.134,True,False,True,OUT
U_61c9bd57d5,O-5,RESIDENT,IN,BHIM,ISSUER_12,True,True,ON,2024-11-19,STD,0.563,0.349,0.253,0.307,False,True,False,OUT
U_25de7e0aca,O-6,RESIDENT,IN,BHIM,ISSUER_11,False,False,OFF,2024-09-05,STD,0.562,0.497,0.034,0.044,True,True,True,OUT
U_469173cb9e,O-2,RESIDENT,IN,GPAY,ISSUER_06,True,True,OFF,2024-11-04,STD,0.32,-0.003,0.527,-0.15,True,False,True,OUT
U_8c3cafe734,O-1,RESIDENT,IN,BHIM,ISSUER_04,True,True,ON,2025-11-29,STD,0.937,0.308,0.096,0.024,True,True,False,OUT
U_c2dad374e2,O-2,RESIDENT,IN,BHIM,ISSUER_03,True,False,OFF,2025-04-16,STD,0.666,-0.165,0.18,-0.025,True,False,True,OUT
U_cbf16aab86,O-3,RESIDENT,IN,BHIM,ISSUER_06,True,True,ON,2025-12-30,STD,0.342,-0.14,0.153,0.122,True,True,True,OUT
U_9510647b16,O-1,RESIDENT,IN,PHONEPE,ISSUER_11,True,True,ON,2025-07-01,STD,0.757,0.172,0.066,-0.15,True,True,True,OUT
U_2efdc572f5,O-2,RESIDENT,IN,GPAY,ISSUER_06,True,True,ON,2026-02-04,STD,0.408,0.453,0.019,0.183,True,False,True,OUT
U_fb3280da18,O-1,RESIDENT,IN,PHONEPE,ISSUER_04,True,True,ON,2024-09-30,STD,0.274,0.139,0.037,0.085,True,True,True,OUT
U_4dd24ae59a,O-1,RESIDENT,IN,GPAY,ISSUER_12,True,True,ON,2026-07-11,STD,0.098,-0.259,0.059,-0.03,True,True,False,OUT
U_72dd8dede6,O-3,RESIDENT,IN,BHIM,ISSUER_10,True,True,OFF,2025-10-06,STD,0.102,0.06,0.17,0.047,True,True,True,OUT
U_ca69309a4e,O-6,RESIDENT,IN,GPAY,ISSUER_10,False,False,OFF,2026-01-31,STD,0.69,-0.157,0.222,-0.059,True,False,True,OUT
U_b8f30d5ab8,O-1,RESIDENT,IN,BHIM,ISSUER_12,True,True,ON,2024-09-18,STD,0.448,0.189,0.222,0.157,False,False,True,OUT
U_ddd93bf693,O-6,RESIDENT,IN,BHIM,ISSUER_03,False,False,OFF,2025-02-21,STD,0.555,0.56,0.196,0.082,True,True,True,OUT
U_a940bcdbb2,O-3,RESIDENT,IN,GPAY,ISSUER_09,True,True,ON,2025-04-09,STD,0.855,0.169,0.554,0.034,True,True,False,OUT
U_a7c16c3ba5,O-2,RESIDENT,IN,GPAY,ISSUER_04,False,True,ON,2026-02-20,STD,0.324,0.137,0.179,0.059,True,False,True,OUT
U_8a83655d6d,O-6,RESIDENT,IN,PHONEPE,ISSUER_05,False,False,OFF,2024-12-30,STD,0.694,0.123,0.162,-0.15,True,True,True,OUT
U_d7198e9cbc,O-5,RESIDENT,IN,PHONEPE,ISSUER_06,True,False,OFF,2025-10-28,STD,0.371,0.224,0.146,0.138,True,True,False,OUT
U_4cace9bdc1,O-1,RESIDENT,IN,GPAY,ISSUER_03,True,True,ON,2025-05-24,STD,0.314,-0.072,0.417,0.009,False,True,False,OUT
U_f3c161bc86,O-2,RESIDENT,IN,BHIM,ISSUER_10,True,True,ON,2025-12-01,STD,0.319,0.355,0.494,-0.15,True,False,True,OUT
U_6f4ce251a2,O-4,RESIDENT,IN,GPAY,ISSUER_06,True,True,ON,2026-06-26,STD,0.327,-0.11,0.491,-0.15,False,True,False,OUT
U_9028400782,O-1,RESIDENT,IN,PHONEPE,ISSUER_05,True,True,ON,2025-08-20,STD,0.624,0.164,0.108,0.003,False,True,True,OUT
U_28557c9e95,O-1,RESIDENT,IN,PHONEPE,ISSUER_11,True,True,ON,2024-08-27,STD,0.469,-0.035,0.431,-0.059,True,True,True,OUT
U_d3b30739ea,O-2,RESIDENT,IN,PHONEPE,ISSUER_05,True,True,OFF,2026-01-14,STD,0.725,-0.147,0.118,-0.113,False,True,True,OUT
U_0981e9fab9,O-3,RESIDENT,IN,BHIM,ISSUER_08,True,True,OFF,2025-08-18,STD,0.775,0.157,0.122,-0.127,False,True,True,OUT
U_7fd8f7d119,O-4,RESIDENT,IN,GPAY,ISSUER_02,False,True,ON,2025-09-14,STD,0.216,0.001,0.39,0.202,True,True,False,OUT
U_cc6cf180c3,O-1,RESIDENT,IN,PHONEPE,ISSUER_02,True,True,ON,2025-10-17,STD,0.456,0.274,0.088,0.106,True,True,True,OUT
U_9c4390e0d8,O-3,RESIDENT,IN,BHIM,ISSUER_12,True,True,OFF,2025-06-19,STD,0.284,0.347,0.432,-0.15,True,True,False,OUT
U_7ed46d5d1b,O-5,RESIDENT,IN,PHONEPE,ISSUER_12,True,True,OFF,2024-10-31,STD,0.441,0.258,0.084,0.198,False,True,False,OUT
U_40b114d797,O-2,RESIDENT,IN,BHIM,ISSUER_06,True,True,OFF,2024-08-23,STD,0.37,0.087,0.077,0.208,True,True,False,OUT
U_e8e889a996,O-5,RESIDENT,IN,GPAY,ISSUER_05,True,False,OFF,2026-04-28,STD,0.178,0.177,0.397,-0.007,True,True,True,OUT
U_ed04a6eede,O-1,RESIDENT,IN,BHIM,ISSUER_04,True,True,ON,2026-05-24,ELEVATED,0.579,0.242,0.457,-0.026,True,True,True,OUT
U_d231c5bc3f,O-6,RESIDENT,IN,GPAY,ISSUER_09,True,True,OFF,2026-04-05,STD,0.444,-0.197,0.596,-0.15,True,True,False,OUT
U_6d94e566a0,O-2,RESIDENT,IN,PHONEPE,ISSUER_02,True,True,ON,2024-11-30,STD,0.563,0.188,0.357,0.017,True,True,True,OUT
U_bcb39ee40a,O-3,RESIDENT,IN,BHIM,ISSUER_10,False,True,ON,2025-03-01,STD,0.254,0.002,0.208,-0.15,True,True,True,OUT
U_a54a169118,O-6,RESIDENT,IN,PHONEPE,ISSUER_09,True,False,OFF,2026-06-25,STD,0.141,-0.123,0.574,-0.15,True,True,True,OUT
U_e470259b6e,O-6,RESIDENT,IN,GPAY,ISSUER_11,False,True,OFF,2024-11-26,STD,0.584,0.143,0.241,-0.15,True,True,True,OUT
U_87182ff26e,O-2,RESIDENT,IN,BHIM,ISSUER_09,True,True,OFF,2026-05-24,STD,0.189,0.063,0.243,-0.02,True,True,True,OUT
U_0ba7bc79ae,O-2,RESIDENT,IN,GPAY,ISSUER_08,True,True,OFF,2025-04-01,STD,0.141,0.394,0.241,0.18,True,True,False,OUT
U_0d822e4b4d,O-1,RESIDENT,IN,PHONEPE,ISSUER_10,True,True,ON,2025-03-07,STD,0.285,0.195,0.111,0.077,True,True,True,OUT
U_ed930b0833,O-4,RESIDENT,IN,GPAY,ISSUER_05,False,True,ON,2026-05-12,STD,0.159,0.383,0.269,-0.06,True,True,True,OUT
U_7466a36094,O-5,RESIDENT,IN,PHONEPE,ISSUER_08,True,True,ON,2025-02-22,STD,0.298,-0.047,0.201,-0.116,True,True,False,OUT
U_0181fab472,O-2,RESIDENT,IN,PHONEPE,ISSUER_03,True,True,ON,2025-12-11,STD,0.479,0.6,0.402,-0.083,True,False,True,OUT
U_64fc19bc69,O-3,RESIDENT,IN,PHONEPE,ISSUER_06,False,True,ON,2026-07-11,ELEVATED,0.618,-0.065,0.706,-0.15,False,False,True,OUT
U_d34aac0439,O-1,RESIDENT,IN,PHONEPE,ISSUER_05,False,True,ON,2024-10-30,STD,0.391,0.303,0.364,-0.15,True,True,True,OUT
U_dddc46807f,O-2,RESIDENT,IN,GPAY,ISSUER_04,True,True,ON,2025-05-05,STD,0.676,0.375,0.374,-0.15,False,True,True,OUT
U_46d080135a,O-3,RESIDENT,IN,GPAY,ISSUER_10,True,True,ON,2025-06-08,STD,0.616,0.233,0.241,0.057,False,False,False,OUT
U_5e8fc47b64,O-1,RESIDENT,IN,BHIM,ISSUER_03,True,True,ON,2025-07-31,STD,0.522,0.108,0.291,-0.15,True,True,True,OUT
U_bf0e51b11e,O-1,RESIDENT,IN,GPAY,ISSUER_06,True,False,ON,2025-11-21,STD,0.723,0.258,0.436,0.113,True,False,False,OUT
U_35809288c2,O-3,RESIDENT,IN,GPAY,ISSUER_11,True,True,OFF,2026-06-14,STD,0.821,0.013,0.088,0.173,True,False,False,OUT
U_fb506789b4,O-2,RESIDENT,IN,BHIM,ISSUER_03,True,True,OFF,2025-11-04,STD,0.818,0.462,0.527,-0.054,False,True,False,OUT
U_da0e8d0ea7,O-6,RESIDENT,IN,BHIM,ISSUER_07,False,False,OFF,2024-10-27,STD,0.411,0.169,0.329,-0.145,True,True,True,OUT
U_28fbd2a43d,O-5,RESIDENT,IN,BHIM,ISSUER_06,True,True,ON,2026-05-14,STD,0.642,-0.088,0.081,-0.007,True,False,False,OUT
U_004ef2aa41,O-1,RESIDENT,IN,GPAY,ISSUER_11,True,True,ON,2024-08-22,STD,0.341,0.323,0.437,0.0,False,False,False,OUT
U_635d89fdb3,O-1,RESIDENT,IN,GPAY,ISSUER_02,False,True,ON,2024-10-27,STD,0.709,0.29,0.208,0.213,True,False,False,OUT
U_abfb14140c,O-3,RESIDENT,IN,BHIM,ISSUER_05,True,True,ON,2026-05-29,STD,0.782,0.012,0.27,-0.132,True,False,True,OUT
U_e9c8a9b6aa,O-4,RESIDENT,IN,PHONEPE,ISSUER_11,True,False,OFF,2026-07-27,STD,0.718,0.424,0.241,0.161,True,True,True,OUT
U_12eda0715c,O-5,RESIDENT,IN,BHIM,ISSUER_11,True,True,ON,2024-09-10,STD,0.823,0.479,0.215,-0.15,True,True,True,OUT
U_d484462078,O-5,RESIDENT,IN,BHIM,ISSUER_02,True,True,ON,2024-11-24,STD,0.712,0.063,0.218,0.092,True,True,True,OUT
U_d9ef4bab18,O-5,RESIDENT,IN,PHONEPE,ISSUER_04,False,False,OFF,2025-09-19,STD,0.166,0.096,0.125,0.056,False,True,False,OUT
U_d0717e9d2b,O-2,RESIDENT,IN,BHIM,ISSUER_08,True,True,ON,2025-09-06,STD,0.497,0.497,0.137,0.083,True,True,False,OUT
U_42a75312ca,O-1,RESIDENT,IN,GPAY,ISSUER_07,True,True,ON,2025-12-11,STD,0.827,0.345,0.469,0.007,True,True,True,OUT
U_1943fd6d98,O-2,RESIDENT,IN,BHIM,ISSUER_11,True,True,ON,2024-10-30,STD,0.529,-0.187,0.706,-0.044,True,True,False,OUT
U_e826f3e041,O-2,RESIDENT,IN,GPAY,ISSUER_02,True,True,ON,2025-12-16,STD,0.422,0.232,0.232,0.21,False,True,True,OUT
U_621aeecf29,O-1,RESIDENT,IN,GPAY,ISSUER_02,True,True,ON,2024-09-27,STD,0.378,-0.1,0.614,-0.15,True,True,False,OUT
U_2ff31fa75e,O-2,RESIDENT,IN,BHIM,ISSUER_01,True,True,OFF,2024-11-27,STD,0.073,0.041,0.129,0.117,True,False,True,OUT
U_cecf9d714f,O-3,RESIDENT,IN,PHONEPE,ISSUER_01,True,True,ON,2025-04-08,STD,0.151,0.371,0.363,0.203,False,True,True,OUT
U_c8faaabc04,O-1,RESIDENT,IN,BHIM,ISSUER_12,True,True,ON,2025-12-29,STD,0.49,0.104,0.154,0.049,False,True,False,OUT
U_1e514b5ba1,O-5,RESIDENT,IN,BHIM,ISSUER_08,True,True,ON,2026-03-13,STD,0.314,-0.097,0.594,-0.15,False,False,True,OUT
U_d3aa4b3e3e,O-3,RESIDENT,IN,GPAY,ISSUER_04,True,True,ON,2024-11-26,STD,0.533,0.525,0.311,-0.15,True,True,False,OUT
U_1814bae3b2,O-6,RESIDENT,IN,BHIM,ISSUER_09,False,True,OFF,2025-09-25,STD,0.374,0.246,0.25,0.052,True,False,False,OUT
U_38d4d90f30,O-6,RESIDENT,IN,BHIM,ISSUER_12,False,True,OFF,2026-04-06,STD,0.371,0.193,0.145,0.097,False,False,True,OUT
U_3822d8d7e9,O-1,RESIDENT,IN,GPAY,ISSUER_02,False,True,ON,2026-06-19,STD,0.332,0.142,0.241,-0.15,True,True,True,OUT
U_d35e31a1b4,O-5,RESIDENT,IN,PHONEPE,ISSUER_09,True,True,OFF,2025-06-05,STD,0.479,-0.4,0.463,0.013,True,True,True,OUT
U_c2946ea501,O-1,RESIDENT,IN,PHONEPE,ISSUER_03,True,True,ON,2025-07-06,STD,0.667,0.152,0.143,-0.028,True,True,True,OUT
U_21dfd60cec,O-1,RESIDENT,IN,PHONEPE,ISSUER_02,True,True,ON,2026-06-24,STD,0.363,0.102,0.166,-0.014,True,True,True,OUT
U_c181cac2f4,O-1,RESIDENT,IN,BHIM,ISSUER_05,True,True,ON,2025-06-11,STD,0.578,0.036,0.184,-0.15,True,True,True,OUT
U_0dda9a76ea,O-1,RESIDENT,IN,PHONEPE,ISSUER_10,True,True,ON,2025-05-11,STD,0.713,0.133,0.249,0.08,True,False,True,OUT
U_af16fc7522,O-5,RESIDENT,IN,PHONEPE,ISSUER_03,True,True,ON,2025-03-21,STD,0.429,0.055,0.103,0.236,False,True,True,OUT
U_f2486901e6,O-3,RESIDENT,IN,BHIM,ISSUER_03,True,True,OFF,2024-12-29,STD,0.372,-0.017,0.698,-0.15,True,False,True,OUT
U_4652cd51a8,O-1,RESIDENT,IN,PHONEPE,ISSUER_06,False,True,ON,2025-02-15,STD,0.575,0.364,0.369,0.039,True,True,True,OUT
U_eb65050cad,O-1,RESIDENT,IN,GPAY,ISSUER_11,False,True,ON,2026-04-21,STD,0.633,-0.257,0.457,-0.036,True,False,False,OUT
U_95f57ced1e,O-5,RESIDENT,IN,PHONEPE,ISSUER_02,True,True,ON,2025-09-04,ELEVATED,0.33,0.053,0.405,0.022,False,False,True,OUT
U_98b55d6cd5,O-2,RESIDENT,IN,PHONEPE,ISSUER_07,True,True,OFF,2025-04-18,STD,0.538,-0.332,0.655,-0.15,False,True,True,OUT
U_d0a2fd04bb,O-5,RESIDENT,IN,BHIM,ISSUER_06,True,True,OFF,2026-07-08,STD,0.834,0.219,0.188,0.09,True,False,False,OUT
U_23a2bd420c,O-3,RESIDENT,IN,PHONEPE,ISSUER_08,True,False,ON,2025-03-07,STD,0.395,0.177,0.178,-0.027,True,False,True,OUT
U_f313931f50,O-3,RESIDENT,IN,PHONEPE,ISSUER_11,True,True,ON,2025-10-03,STD,0.843,0.6,0.129,-0.001,True,True,True,OUT
U_a44f4b494b,O-3,RESIDENT,IN,GPAY,ISSUER_01,True,True,ON,2025-02-19,STD,0.359,-0.067,0.253,0.006,True,False,False,OUT
U_e7f648ced6,O-1,RESIDENT,IN,BHIM,ISSUER_03,True,True,ON,2024-09-01,STD,0.36,0.423,0.436,-0.013,True,True,True,OUT
U_dcf5845bc3,O-5,RESIDENT,IN,BHIM,ISSUER_04,True,True,OFF,2025-12-03,STD,0.63,-0.067,0.138,0.286,False,True,False,OUT
U_d039300f83,O-6,RESIDENT,IN,PHONEPE,ISSUER_02,False,False,OFF,2025-01-29,STD,0.891,0.16,0.319,0.106,True,False,False,OUT
U_3f765fe246,O-6,RESIDENT,IN,GPAY,ISSUER_10,True,False,OFF,2025-06-08,STD,0.673,-0.078,0.296,0.015,False,False,False,OUT
U_7f50a2649f,O-2,RESIDENT,IN,GPAY,ISSUER_06,True,True,OFF,2026-07-06,STD,0.761,0.265,0.403,-0.085,True,False,True,OUT
U_94ac3e99ec,O-2,RESIDENT,IN,BHIM,ISSUER_10,True,True,OFF,2026-02-16,ELEVATED,0.296,-0.041,0.231,-0.15,True,False,True,OUT
U_27d56e8e1a,O-4,RESIDENT,IN,PHONEPE,ISSUER_07,True,True,OFF,2025-12-01,STD,0.722,0.182,0.164,0.01,True,True,True,OUT
U_6071de3233,O-6,RESIDENT,IN,PHONEPE,ISSUER_02,False,False,OFF,2026-04-09,STD,0.556,0.137,0.252,-0.07,False,True,False,OUT
U_76256140dd,O-4,RESIDENT,IN,GPAY,ISSUER_04,True,True,ON,2025-09-01,STD,0.553,-0.175,0.281,0.035,False,True,False,OUT
U_dccd27d21a,O-6,RESIDENT,IN,BHIM,ISSUER_03,True,True,OFF,2026-02-19,STD,0.297,0.064,0.304,0.132,True,True,True,OUT
U_9e052fdce4,O-3,RESIDENT,IN,BHIM,ISSUER_08,True,True,ON,2026-05-03,STD,0.29,0.012,0.153,-0.021,True,False,False,OUT
U_9a7d0ab4d2,O-1,RESIDENT,IN,BHIM,ISSUER_10,True,True,ON,2026-03-26,STD,0.86,0.296,0.118,0.026,True,False,False,OUT
U_5f35b18e08,O-2,RESIDENT,IN,PHONEPE,ISSUER_09,True,True,ON,2026-04-27,STD,0.609,0.191,0.43,0.166,True,True,True,OUT
U_1c0568082b,O-1,RESIDENT,IN,PHONEPE,ISSUER_03,True,True,ON,2026-07-03,STD,0.653,0.046,0.482,-0.15,True,True,True,OUT
U_6d0fa006db,O-6,RESIDENT,IN,BHIM,ISSUER_05,False,False,OFF,2025-09-15,STD,0.563,0.31,0.397,-0.15,True,False,True,OUT
U_0efdb69876,O-1,RESIDENT,IN,BHIM,ISSUER_09,True,True,ON,2025-07-14,STD,0.961,-0.082,0.162,0.195,True,True,True,OUT
U_c9ba65ce71,O-2,RESIDENT,IN,PHONEPE,ISSUER_03,True,True,ON,2025-04-15,STD,0.611,0.27,0.114,-0.005,True,True,True,OUT
U_e3b92e492c,O-2,RESIDENT,IN,PHONEPE,ISSUER_04,True,True,ON,2026-07-11,STD,0.052,-0.062,0.869,-0.075,True,True,False,OUT
U_9ddd8ad630,O-1,RESIDENT,IN,GPAY,ISSUER_11,False,False,ON,2025-05-26,STD,0.614,0.31,0.111,0.258,True,True,True,OUT
U_b76c42edb2,O-1,RESIDENT,IN,GPAY,ISSUER_01,True,True,ON,2024-10-02,STD,0.267,-0.245,0.45,-0.066,True,True,True,OUT
U_779cac1b64,O-3,RESIDENT,IN,BHIM,ISSUER_11,True,True,OFF,2026-04-07,STD,0.752,0.251,0.127,0.056,True,True,True,OUT
U_1fa909a414,O-1,RESIDENT,IN,PHONEPE,ISSUER_01,True,True,ON,2024-09-23,STD,0.692,0.146,0.299,-0.062,True,True,True,OUT
U_45f3f7d858,O-6,RESIDENT,IN,PHONEPE,ISSUER_04,True,False,OFF,2025-09-22,STD,0.467,-0.108,0.731,-0.15,True,False,False,OUT
U_ca97a765d6,O-1,RESIDENT,IN,GPAY,ISSUER_08,True,True,ON,2026-05-04,STD,0.218,0.106,0.515,-0.15,True,False,True,OUT
U_c32d9a43b2,O-3,RESIDENT,IN,BHIM,ISSUER_05,True,True,ON,2024-08-25,STD,0.152,0.012,0.223,-0.004,True,True,True,OUT
U_348e921960,O-2,RESIDENT,IN,BHIM,ISSUER_06,True,True,OFF,2026-03-14,STD,0.364,-0.149,0.6,0.145,True,True,True,OUT
U_b9af73ca43,O-5,RESIDENT,IN,BHIM,ISSUER_04,True,True,OFF,2026-06-19,STD,0.199,0.278,0.499,-0.095,True,True,False,OUT
U_ea115f9499,O-3,RESIDENT,IN,BHIM,ISSUER_08,True,True,ON,2025-06-27,STD,0.549,0.067,0.331,-0.15,True,False,True,OUT
U_509110315e,O-2,RESIDENT,IN,PHONEPE,ISSUER_06,True,True,OFF,2025-01-04,STD,0.726,0.159,0.321,0.191,True,True,False,OUT
U_9c46e3876e,O-4,RESIDENT,IN,BHIM,ISSUER_03,True,True,OFF,2025-02-02,STD,0.042,0.263,0.04,0.34,True,False,False,OUT
U_c86ef716e6,O-1,RESIDENT,IN,BHIM,ISSUER_06,True,True,ON,2025-01-10,STD,0.816,-0.183,0.248,-0.033,True,True,True,OUT
U_628c121a6d,O-1,RESIDENT,IN,PHONEPE,ISSUER_12,True,True,ON,2026-07-11,STD,0.946,0.221,0.076,0.338,True,True,True,OUT
U_755ff001db,O-5,RESIDENT,IN,GPAY,ISSUER_05,True,True,ON,2024-08-14,STD,0.55,-0.006,0.141,0.134,True,True,True,OUT
U_5c57e37e1e,O-4,RESIDENT,IN,PHONEPE,ISSUER_02,True,True,ON,2024-11-30,RESTRICTED,0.597,0.541,0.265,0.042,True,True,False,OUT
U_820ae983f3,O-3,RESIDENT,IN,GPAY,ISSUER_11,True,True,OFF,2024-08-16,STD,0.391,0.206,0.169,-0.051,True,False,True,OUT
U_f826244f5c,O-5,RESIDENT,IN,BHIM,ISSUER_04,True,True,OFF,2024-11-14,STD,0.135,-0.135,0.778,-0.139,True,True,False,OUT
U_120200c93a,O-2,RESIDENT,IN,BHIM,ISSUER_05,True,True,OFF,2024-08-26,STD,0.098,0.417,0.417,-0.044,False,True,True,OUT
U_21bdfd61b0,O-2,RESIDENT,IN,PHONEPE,ISSUER_10,True,True,ON,2025-03-12,STD,0.338,0.195,0.31,0.094,False,True,True,OUT
U_c34c1b87f1,O-4,RESIDENT,IN,GPAY,ISSUER_04,False,True,ON,2025-03-29,ELEVATED,0.142,0.105,0.084,0.164,True,True,False,OUT
U_3f4a3d1776,O-2,RESIDENT,IN,BHIM,ISSUER_01,True,True,ON,2026-01-27,STD,0.489,-0.05,0.452,-0.15,True,False,True,OUT
U_0a89f71010,O-6,RESIDENT,IN,PHONEPE,ISSUER_08,True,False,OFF,2025-08-27,STD,0.22,-0.062,0.589,0.006,True,True,True,OUT
U_e33aadee2a,O-2,RESIDENT,IN,GPAY,ISSUER_06,True,True,ON,2026-04-02,STD,0.774,0.242,0.139,-0.003,False,True,True,OUT
U_925848b648,O-6,RESIDENT,IN,PHONEPE,ISSUER_06,True,False,OFF,2026-07-24,STD,0.744,0.445,0.375,-0.068,True,True,False,OUT
U_8cbd54d336,O-6,RESIDENT,IN,GPAY,ISSUER_04,False,False,OFF,2024-08-14,STD,0.678,0.213,0.095,0.093,True,True,True,OUT
U_f2762ce4ba,O-2,RESIDENT,IN,GPAY,ISSUER_08,True,True,OFF,2024-12-31,STD,0.495,-0.197,0.701,-0.074,True,True,False,OUT
U_83a0d74832,O-6,RESIDENT,IN,BHIM,ISSUER_08,False,False,OFF,2024-10-19,STD,0.53,0.216,0.055,0.148,False,True,True,OUT
U_b73e5ccb7b,O-1,RESIDENT,IN,BHIM,ISSUER_12,True,True,ON,2025-12-10,STD,0.421,-0.045,0.349,-0.003,True,True,True,OUT
U_aa7dbf9645,O-4,RESIDENT,IN,BHIM,ISSUER_08,True,True,ON,2025-03-27,STD,0.649,0.292,0.274,0.023,True,True,False,OUT
U_c3777d76ec,O-1,RESIDENT,IN,BHIM,ISSUER_08,True,True,ON,2024-10-22,STD,0.727,0.097,0.237,0.263,True,True,True,OUT
U_9ea046b87b,O-2,RESIDENT,IN,PHONEPE,ISSUER_09,True,True,ON,2025-02-04,STD,0.747,0.148,0.24,0.042,True,True,True,OUT
U_7b501fbea2,O-6,RESIDENT,IN,BHIM,ISSUER_07,False,False,OFF,2025-10-25,STD,0.885,0.101,0.331,-0.15,True,True,True,OUT
U_c7971f1d67,O-3,RESIDENT,IN,GPAY,ISSUER_02,True,True,OFF,2024-11-26,STD,0.667,-0.239,0.653,-0.035,False,False,False,OUT
U_6803308d37,O-1,RESIDENT,IN,PHONEPE,ISSUER_09,True,True,ON,2025-12-02,STD,0.668,0.305,0.305,-0.143,True,True,True,OUT
U_455f7a9516,O-2,RESIDENT,IN,PHONEPE,ISSUER_12,True,True,OFF,2026-04-24,STD,0.547,0.173,0.13,0.169,False,True,False,OUT
U_c2ac55f32e,O-1,RESIDENT,IN,PHONEPE,ISSUER_07,True,True,ON,2026-06-28,STD,0.947,-0.273,0.379,-0.063,True,True,True,OUT
U_972d2635eb,O-4,RESIDENT,IN,PHONEPE,ISSUER_10,True,True,ON,2025-03-24,STD,0.613,0.115,0.384,-0.091,True,False,True,OUT
U_be4c292691,O-1,RESIDENT,IN,PHONEPE,ISSUER_09,True,True,ON,2026-01-03,STD,0.743,-0.054,0.691,-0.15,True,True,True,OUT
U_af8fd36bba,O-2,RESIDENT,IN,PHONEPE,ISSUER_05,True,True,OFF,2025-08-03,STD,0.513,-0.045,0.157,0.096,False,True,True,OUT
U_65308f82d8,O-6,RESIDENT,IN,GPAY,ISSUER_09,False,False,OFF,2025-08-20,STD,0.412,0.126,0.406,-0.065,True,True,True,OUT
U_d2cc9a701e,O-6,RESIDENT,IN,PHONEPE,ISSUER_09,True,False,OFF,2024-11-22,STD,0.099,0.345,0.238,-0.091,False,True,False,OUT
U_29ed2ffcba,O-3,RESIDENT,IN,PHONEPE,ISSUER_11,True,True,OFF,2025-04-01,STD,0.907,-0.072,0.6,0.001,True,False,True,OUT
U_28e0c4ff11,O-1,RESIDENT,IN,GPAY,ISSUER_03,True,False,ON,2026-05-26,STD,0.441,-0.064,0.341,0.067,True,True,True,OUT
U_c95c88414b,O-2,RESIDENT,IN,PHONEPE,ISSUER_02,True,True,ON,2025-05-17,STD,0.245,-0.036,0.234,0.022,True,False,False,OUT
U_e523691eae,O-2,RESIDENT,IN,GPAY,ISSUER_02,False,True,OFF,2026-06-22,STD,0.589,0.052,0.338,0.065,True,True,True,OUT
U_f9da5dfe8c,O-2,RESIDENT,IN,BHIM,ISSUER_05,True,True,ON,2024-10-31,STD,0.775,0.101,0.169,0.048,True,True,True,OUT
U_5e5025035d,O-3,RESIDENT,IN,PHONEPE,ISSUER_04,True,True,ON,2026-03-07,STD,0.63,-0.082,0.35,0.038,False,True,True,OUT
U_d10dd9257f,O-1,RESIDENT,IN,BHIM,ISSUER_08,True,True,ON,2026-07-20,STD,0.549,0.239,0.251,0.113,True,True,False,OUT
U_87f29615db,O-3,RESIDENT,IN,BHIM,ISSUER_11,True,True,ON,2025-11-13,STD,0.176,0.059,0.412,-0.033,False,True,True,OUT
U_a73992fd39,O-2,RESIDENT,IN,PHONEPE,ISSUER_08,False,True,OFF,2026-05-19,STD,0.379,0.036,0.408,-0.115,False,True,False,OUT
U_87b5266c56,O-2,RESIDENT,IN,PHONEPE,ISSUER_04,True,True,OFF,2024-12-27,STD,0.881,0.6,0.289,0.036,True,True,True,OUT
U_2dbfcdf272,O-5,RESIDENT,IN,PHONEPE,ISSUER_09,False,True,ON,2024-10-13,STD,0.683,-0.257,0.595,-0.049,False,True,False,OUT
U_37e2471f89,O-3,RESIDENT,IN,PHONEPE,ISSUER_06,True,True,ON,2026-02-27,STD,0.66,-0.164,0.326,-0.15,False,True,False,OUT
U_40297c461c,O-1,RESIDENT,IN,BHIM,ISSUER_07,True,True,ON,2024-09-18,STD,0.546,-0.166,0.164,0.079,True,True,True,OUT
U_0eec276ec1,O-1,RESIDENT,IN,BHIM,ISSUER_09,True,True,ON,2026-05-24,STD,0.693,0.412,0.4,-0.007,True,False,False,OUT
U_dd28e78224,O-6,RESIDENT,IN,PHONEPE,ISSUER_09,False,False,OFF,2026-03-15,STD,0.459,-0.039,0.828,-0.088,True,True,False,OUT
U_927398c254,O-2,RESIDENT,IN,GPAY,ISSUER_06,True,True,ON,2025-09-15,STD,0.86,-0.168,0.324,0.017,False,False,True,OUT
U_2c4cd07090,O-1,RESIDENT,IN,GPAY,ISSUER_01,True,True,ON,2025-08-24,STD,0.142,-0.051,0.422,0.184,True,True,True,OUT
U_765f862bf1,O-2,RESIDENT,IN,GPAY,ISSUER_01,True,True,ON,2025-10-06,STD,0.399,0.14,0.088,0.214,True,True,False,OUT
U_e50ada226c,O-1,RESIDENT,IN,GPAY,ISSUER_08,True,True,ON,2025-12-02,STD,0.399,-0.337,0.323,0.047,False,True,True,OUT
U_c0d8f3205e,O-3,RESIDENT,IN,BHIM,ISSUER_10,False,True,ON,2025-04-12,STD,0.707,0.126,0.231,0.004,True,True,False,OUT
U_1406eeeb08,O-5,RESIDENT,IN,PHONEPE,ISSUER_06,True,True,OFF,2025-09-29,STD,0.426,0.201,0.326,0.153,True,False,True,OUT
U_2ea2f1fcef,O-2,RESIDENT,IN,PHONEPE,ISSUER_01,True,True,ON,2026-05-02,STD,0.595,0.407,0.281,0.041,True,False,True,OUT
U_1dca41265b,O-6,RESIDENT,IN,BHIM,ISSUER_12,False,False,OFF,2025-11-03,STD,0.469,0.32,0.12,0.122,True,True,True,OUT
U_487aff99d0,O-5,RESIDENT,IN,PHONEPE,ISSUER_10,True,True,OFF,2026-06-05,STD,0.273,0.407,0.278,-0.081,True,False,True,OUT
U_9b9b97c5c4,O-1,RESIDENT,IN,PHONEPE,ISSUER_09,True,True,ON,2024-10-13,STD,0.636,-0.141,0.245,0.144,True,False,True,OUT
U_9533da8724,O-3,RESIDENT,IN,PHONEPE,ISSUER_06,True,True,OFF,2024-11-26,STD,0.606,0.281,0.531,-0.084,False,True,True,OUT
U_206c750d26,O-1,RESIDENT,IN,GPAY,ISSUER_12,True,True,ON,2025-05-01,STD,0.169,0.329,0.1,-0.014,False,True,True,OUT
U_bc122cbed0,O-2,RESIDENT,IN,GPAY,ISSUER_03,True,True,ON,2025-01-14,STD,0.256,-0.264,0.29,0.12,False,True,False,OUT
U_7d76fde372,O-5,RESIDENT,IN,PHONEPE,ISSUER_03,True,True,OFF,2024-12-14,STD,0.418,-0.012,0.657,-0.122,True,True,False,OUT
U_57cf9d2bf6,O-6,RESIDENT,IN,PHONEPE,ISSUER_11,True,False,OFF,2026-02-17,STD,0.38,0.262,0.128,-0.15,True,True,True,OUT
U_f8ccb62905,O-1,RESIDENT,IN,PHONEPE,ISSUER_09,True,True,ON,2024-11-28,STD,0.174,0.044,0.33,-0.076,True,True,False,OUT
U_6c0b93899c,O-1,RESIDENT,IN,GPAY,ISSUER_06,True,True,ON,2024-08-14,STD,0.158,-0.001,0.769,-0.114,True,True,False,OUT
U_d6b163a98f,O-2,RESIDENT,IN,GPAY,ISSUER_08,True,True,OFF,2026-06-24,STD,0.467,0.186,0.255,-0.11,True,False,True,OUT
U_9b651a16ac,O-1,RESIDENT,IN,GPAY,ISSUER_01,True,True,ON,2026-03-28,STD,0.494,0.096,0.084,0.221,True,False,False,OUT
U_8dd0286b1f,O-1,RESIDENT,IN,BHIM,ISSUER_06,True,True,ON,2025-08-17,STD,0.602,0.56,0.111,-0.048,True,False,False,OUT
U_0b60f7de99,O-3,RESIDENT,IN,BHIM,ISSUER_11,True,True,OFF,2025-11-21,STD,0.535,0.46,0.217,0.316,False,True,True,OUT
U_fb27067fc4,O-4,RESIDENT,IN,GPAY,ISSUER_04,True,True,ON,2025-02-12,STD,0.652,0.371,0.203,0.132,True,True,True,OUT
U_4440785323,O-6,RESIDENT,IN,BHIM,ISSUER_10,False,True,OFF,2024-12-07,STD,0.827,0.234,0.418,-0.026,False,False,False,OUT
U_1b10e5b9d1,O-5,RESIDENT,IN,GPAY,ISSUER_09,True,True,OFF,2025-02-10,STD,0.221,0.196,0.285,0.051,True,True,False,OUT
U_031384f899,O-1,RESIDENT,IN,PHONEPE,ISSUER_07,True,True,ON,2025-03-25,STD,0.579,0.072,0.353,-0.032,True,True,True,OUT
U_660a64041a,O-3,RESIDENT,IN,BHIM,ISSUER_09,True,True,ON,2026-05-01,STD,0.743,0.194,0.128,0.015,True,False,True,OUT
U_f01d547d28,O-1,RESIDENT,IN,PHONEPE,ISSUER_03,True,True,ON,2026-05-14,STD,0.121,0.163,0.116,0.005,True,True,False,OUT
U_23fe08a9d8,O-2,RESIDENT,IN,GPAY,ISSUER_06,True,True,OFF,2026-05-30,STD,0.42,0.163,0.276,0.369,True,True,True,OUT
U_98c64d7ea7,O-2,RESIDENT,IN,BHIM,ISSUER_12,True,True,ON,2026-03-11,STD,0.436,0.314,0.093,0.032,True,True,True,OUT
U_9c0eac6aa5,O-2,RESIDENT,IN,PHONEPE,ISSUER_02,False,True,OFF,2024-12-16,STD,0.324,-0.159,0.754,-0.11,True,True,False,OUT
U_1cd8b60ffc,O-4,RESIDENT,IN,GPAY,ISSUER_08,True,True,OFF,2025-04-16,STD,0.272,0.183,0.138,0.359,True,False,True,OUT
U_e292c205fd,O-1,RESIDENT,IN,PHONEPE,ISSUER_12,True,True,ON,2025-07-02,STD,0.306,-0.101,0.232,0.139,True,True,False,OUT
U_cef43ec55d,O-2,RESIDENT,IN,BHIM,ISSUER_02,True,True,OFF,2026-02-02,STD,0.35,0.287,0.189,0.031,False,False,True,OUT
U_0ce4d5549d,O-1,RESIDENT,IN,GPAY,ISSUER_11,True,True,ON,2026-07-19,STD,0.813,-0.168,0.713,-0.107,True,True,False,OUT
U_26e9c805b8,O-2,RESIDENT,IN,BHIM,ISSUER_03,True,True,ON,2025-07-30,STD,0.67,0.418,0.16,-0.068,True,True,False,OUT
U_0a754dc005,O-6,RESIDENT,IN,GPAY,ISSUER_07,False,True,OFF,2026-04-20,STD,0.552,-0.01,0.382,-0.114,True,True,False,OUT
U_c8796c6ee8,O-2,RESIDENT,IN,PHONEPE,ISSUER_06,True,True,ON,2026-07-11,STD,0.655,0.13,0.139,-0.066,True,True,False,OUT
U_4e56781075,O-5,RESIDENT,IN,GPAY,ISSUER_10,True,True,ON,2025-07-20,STD,0.955,0.236,0.316,-0.063,True,False,True,OUT
U_363f0a53ba,O-6,RESIDENT,IN,BHIM,ISSUER_12,False,True,OFF,2026-02-20,STD,0.362,0.127,0.128,-0.137,False,True,True,OUT
U_e424dc29e1,O-5,RESIDENT,IN,BHIM,ISSUER_04,True,False,ON,2026-04-23,STD,0.543,0.039,0.293,-0.032,True,True,False,OUT
U_8418834dff,O-6,RESIDENT,IN,GPAY,ISSUER_02,False,True,OFF,2025-01-05,STD,0.3,0.006,0.139,0.008,True,True,True,OUT
U_31d619f7b6,O-5,RESIDENT,IN,GPAY,ISSUER_10,True,True,OFF,2026-07-03,STD,0.591,-0.248,0.323,0.096,True,False,True,OUT
U_54cc614d9b,O-2,RESIDENT,IN,PHONEPE,ISSUER_02,False,True,OFF,2025-09-07,STD,0.234,0.17,0.161,0.097,True,True,False,OUT
U_ff98bbb1d8,O-1,RESIDENT,IN,BHIM,ISSUER_03,True,True,ON,2024-11-10,STD,0.059,-0.001,0.733,-0.15,True,True,False,OUT
U_fd53118b39,O-1,RESIDENT,IN,PHONEPE,ISSUER_07,True,True,ON,2026-02-07,STD,0.552,0.093,0.219,-0.097,True,False,True,OUT
U_767602befb,O-1,RESIDENT,IN,GPAY,ISSUER_07,True,True,ON,2025-03-07,STD,0.347,0.511,0.218,0.101,True,True,False,OUT
U_7dfbd16b82,O-2,RESIDENT,IN,PHONEPE,ISSUER_08,True,True,ON,2025-09-18,STD,0.561,-0.4,0.499,-0.059,True,False,False,OUT
U_21d7fff3a4,O-3,RESIDENT,IN,PHONEPE,ISSUER_03,True,True,OFF,2025-09-04,STD,0.186,0.262,0.095,-0.062,True,False,True,OUT
U_197ad18e8d,O-2,RESIDENT,IN,BHIM,ISSUER_09,True,True,OFF,2026-03-17,STD,0.327,0.3,0.178,-0.012,True,True,True,OUT
U_963aceef9e,O-6,RESIDENT,IN,PHONEPE,ISSUER_08,False,False,OFF,2025-02-26,STD,0.798,-0.116,0.313,-0.103,True,True,True,OUT
U_da21d62a03,O-4,RESIDENT,IN,BHIM,ISSUER_05,True,True,ON,2025-08-28,ELEVATED,0.34,0.3,0.272,-0.15,True,False,True,OUT
U_5e66d2cf65,O-4,RESIDENT,IN,BHIM,ISSUER_10,True,True,OFF,2024-11-18,STD,0.499,-0.088,0.392,-0.15,False,False,True,OUT
U_f78a84cd1f,O-2,RESIDENT,IN,BHIM,ISSUER_10,True,False,ON,2025-12-16,STD,0.475,0.07,0.404,-0.062,True,False,False,OUT
U_e184137c14,O-4,RESIDENT,IN,BHIM,ISSUER_04,True,True,OFF,2026-02-06,STD,0.607,-0.094,0.781,-0.072,True,True,False,OUT
U_a452c02a6a,O-1,RESIDENT,IN,BHIM,ISSUER_03,True,True,ON,2025-05-03,STD,0.63,0.386,0.145,0.016,False,False,True,OUT
U_6ef5d65952,O-6,RESIDENT,IN,GPAY,ISSUER_03,False,False,OFF,2024-10-05,STD,0.32,-0.096,0.824,-0.052,True,False,False,OUT
U_95ada80791,O-2,RESIDENT,IN,GPAY,ISSUER_02,True,True,ON,2025-07-17,STD,0.307,0.6,0.126,0.015,True,True,True,OUT
U_7a18d890e9,O-6,RESIDENT,IN,BHIM,ISSUER_01,False,True,OFF,2025-02-04,STD,0.949,0.03,0.241,0.167,True,False,True,OUT
U_0ed8f804bd,O-4,RESIDENT,IN,BHIM,ISSUER_05,False,True,ON,2025-11-06,STD,0.627,0.064,0.395,0.034,False,True,False,OUT
U_7502a0fe44,O-1,RESIDENT,IN,PHONEPE,ISSUER_01,True,True,ON,2026-06-12,STD,0.53,0.583,0.238,-0.09,True,True,False,OUT
U_7fb14a7aee,O-3,RESIDENT,IN,PHONEPE,ISSUER_11,True,True,OFF,2025-10-05,STD,0.203,-0.133,0.786,-0.15,True,False,True,OUT
U_88a0114d2b,O-1,RESIDENT,IN,BHIM,ISSUER_12,False,True,ON,2026-03-23,STD,0.643,0.136,0.269,0.085,True,True,True,OUT
U_d6b5c2d54f,O-1,RESIDENT,IN,PHONEPE,ISSUER_07,True,True,ON,2025-07-12,STD,0.829,-0.111,0.65,-0.15,True,True,False,OUT
U_6be43a9497,O-5,RESIDENT,IN,BHIM,ISSUER_12,True,False,ON,2025-10-29,STD,0.696,0.143,0.128,0.278,True,True,True,OUT
U_7bb0b0ab6b,O-1,RESIDENT,IN,BHIM,ISSUER_06,True,True,ON,2025-04-23,STD,0.618,-0.002,0.183,0.073,True,True,False,OUT
U_0a1949cd96,O-5,RESIDENT,IN,BHIM,ISSUER_05,True,True,ON,2026-05-17,STD,0.266,-0.017,0.233,-0.094,True,True,False,OUT
U_2675353ec7,O-4,RESIDENT,IN,BHIM,ISSUER_06,True,True,ON,2025-06-03,STD,0.395,0.594,0.228,-0.009,True,True,False,OUT
U_15c35f16b0,O-1,RESIDENT,IN,GPAY,ISSUER_08,True,True,ON,2026-02-23,STD,0.21,0.158,0.083,-0.008,False,True,False,OUT
U_cb4ab16472,O-1,RESIDENT,IN,PHONEPE,ISSUER_01,True,True,ON,2024-09-04,STD,0.95,-0.005,0.276,-0.025,False,False,True,OUT
U_a8ace104c0,O-4,RESIDENT,IN,BHIM,ISSUER_05,True,True,OFF,2025-09-10,STD,0.52,0.325,0.119,-0.005,True,True,False,OUT
U_de88d4e1cc,O-4,RESIDENT,IN,PHONEPE,ISSUER_03,True,True,OFF,2026-02-03,STD,0.976,0.026,0.242,-0.079,True,True,False,OUT
U_b8dda23204,O-2,RESIDENT,IN,PHONEPE,ISSUER_02,True,True,OFF,2025-04-15,STD,0.831,0.421,0.131,0.115,True,True,True,OUT
U_173ada2e4a,O-1,RESIDENT,IN,PHONEPE,ISSUER_11,True,True,ON,2026-07-20,ELEVATED,0.547,0.367,0.355,0.077,True,True,False,OUT
U_242593c2a9,O-2,RESIDENT,IN,PHONEPE,ISSUER_07,True,True,ON,2025-05-05,STD,0.209,-0.059,0.361,-0.013,True,True,False,OUT
U_c9f55d5a95,O-6,RESIDENT,IN,PHONEPE,ISSUER_03,False,False,OFF,2025-07-06,STD,0.096,-0.161,0.424,0.155,True,True,True,OUT
U_bdafdd3f8b,O-6,RESIDENT,IN,BHIM,ISSUER_04,False,False,OFF,2026-01-30,STD,0.735,0.111,0.119,0.279,True,True,True,OUT
U_5bff204b01,O-1,RESIDENT,IN,GPAY,ISSUER_03,True,True,ON,2025-11-27,STD,0.378,0.051,0.392,0.05,False,True,False,OUT
U_16eb95b4ed,O-3,RESIDENT,IN,GPAY,ISSUER_09,True,True,ON,2026-07-30,STD,0.342,0.402,0.212,-0.15,True,True,True,OUT
U_0059bc1854,O-2,RESIDENT,IN,BHIM,ISSUER_01,False,True,OFF,2024-09-01,STD,0.475,0.018,0.127,-0.15,True,True,False,OUT
U_b490623dd6,O-5,RESIDENT,IN,BHIM,ISSUER_11,True,True,OFF,2026-01-30,STD,0.363,0.36,0.31,-0.071,True,False,False,OUT
U_7f0ee0cc0f,O-2,RESIDENT,IN,GPAY,ISSUER_08,True,True,ON,2024-11-14,STD,0.426,-0.197,0.95,-0.15,True,True,True,OUT
U_fe50f3e2e8,O-4,RESIDENT,IN,PHONEPE,ISSUER_05,True,True,OFF,2026-01-27,STD,0.751,-0.138,0.319,0.061,False,True,False,OUT
U_f2dfed06ec,O-6,RESIDENT,IN,PHONEPE,ISSUER_07,False,False,OFF,2025-02-20,STD,0.282,0.274,0.264,0.046,True,True,False,OUT
U_a0ba91dec5,O-6,RESIDENT,IN,BHIM,ISSUER_08,False,False,OFF,2026-07-31,STD,0.821,-0.076,0.782,-0.15,True,True,True,OUT
U_2d6206b7a8,O-1,RESIDENT,IN,GPAY,ISSUER_01,True,True,ON,2026-02-13,STD,0.349,0.17,0.39,-0.15,False,True,True,OUT
U_c6fe600e11,O-5,RESIDENT,IN,PHONEPE,ISSUER_02,True,True,ON,2025-05-14,STD,0.496,0.137,0.421,-0.019,True,True,False,OUT
U_794f35df00,O-1,RESIDENT,IN,PHONEPE,ISSUER_03,True,True,ON,2026-02-25,STD,0.132,-0.014,0.233,0.244,True,True,False,OUT
U_a670267fd2,O-2,RESIDENT,IN,GPAY,ISSUER_02,True,True,OFF,2026-05-19,STD,0.83,0.317,0.145,0.031,True,True,False,OUT
U_979893b42a,O-2,RESIDENT,IN,GPAY,ISSUER_02,True,True,ON,2024-11-29,STD,0.911,-0.077,0.769,-0.15,True,False,True,OUT
U_1e3044a132,O-5,RESIDENT,IN,PHONEPE,ISSUER_05,False,True,ON,2025-04-28,STD,0.585,0.039,0.246,0.04,True,False,False,OUT
U_cb08b0d67b,O-3,RESIDENT,IN,PHONEPE,ISSUER_06,True,True,ON,2026-03-01,STD,0.119,-0.067,0.855,-0.15,True,True,False,OUT
U_5e491236e5,O-4,RESIDENT,IN,GPAY,ISSUER_12,True,True,ON,2026-07-02,STD,0.68,0.072,0.109,0.081,True,True,True,OUT
U_f1030add03,O-5,RESIDENT,IN,GPAY,ISSUER_07,True,True,ON,2025-09-09,STD,0.254,0.025,0.339,-0.15,True,True,True,OUT
U_4f7db13945,O-6,RESIDENT,IN,PHONEPE,ISSUER_05,True,False,OFF,2024-11-03,STD,0.608,0.009,0.335,-0.074,True,False,True,OUT
U_6d717c5579,O-6,RESIDENT,IN,PHONEPE,ISSUER_06,False,False,OFF,2025-08-27,STD,0.318,-0.122,0.365,0.008,True,False,True,OUT
U_1cc2d85e97,O-4,RESIDENT,IN,GPAY,ISSUER_04,True,True,ON,2026-04-07,STD,0.314,-0.032,0.36,-0.15,True,False,False,OUT
U_ca33687eed,O-2,RESIDENT,IN,GPAY,ISSUER_01,True,True,ON,2025-05-05,STD,0.525,0.142,0.249,0.074,False,True,True,OUT
U_0124ea4f99,O-1,RESIDENT,IN,BHIM,ISSUER_12,True,True,ON,2024-08-17,STD,0.785,0.02,0.042,-0.065,True,True,True,OUT
U_2b69f15850,O-2,RESIDENT,IN,GPAY,ISSUER_12,True,True,ON,2025-04-23,STD,0.801,-0.114,0.564,-0.15,True,True,False,OUT
U_e81dacc941,O-1,RESIDENT,IN,PHONEPE,ISSUER_01,False,False,ON,2025-02-15,STD,0.785,0.079,0.273,0.102,True,True,True,OUT
U_a1d687749d,O-2,RESIDENT,IN,GPAY,ISSUER_04,True,True,ON,2026-04-26,STD,0.756,0.28,0.328,-0.093,False,True,True,OUT
U_29857dc0e7,O-3,RESIDENT,IN,GPAY,ISSUER_04,True,True,ON,2024-12-21,STD,0.764,0.08,0.045,0.231,False,True,False,OUT
U_a36de244e4,O-1,RESIDENT,IN,PHONEPE,ISSUER_01,False,True,ON,2025-05-19,STD,0.539,0.06,0.077,0.133,True,False,False,OUT
U_fc89a2a81d,O-1,RESIDENT,IN,PHONEPE,ISSUER_08,True,True,ON,2026-06-25,STD,0.304,0.5,0.119,0.038,True,False,True,OUT
U_8928c5be04,O-5,RESIDENT,IN,BHIM,ISSUER_03,True,True,OFF,2025-09-15,STD,0.359,0.268,0.063,-0.014,True,False,False,OUT
U_b5652d8767,O-1,RESIDENT,IN,BHIM,ISSUER_04,True,False,ON,2025-07-31,STD,0.712,0.237,0.513,-0.111,True,True,True,OUT
U_ca3fed1fdc,O-1,RESIDENT,IN,BHIM,ISSUER_08,True,False,ON,2025-03-22,STD,0.497,0.048,0.358,-0.15,True,True,True,OUT
U_645df1de81,O-5,RESIDENT,IN,BHIM,ISSUER_12,True,True,OFF,2026-01-04,STD,0.462,0.322,0.39,0.001,True,True,True,OUT
U_4e0745698b,O-2,RESIDENT,IN,BHIM,ISSUER_05,True,True,OFF,2025-05-03,STD,0.541,0.284,0.149,0.073,True,True,True,OUT
U_8901e61d69,O-3,RESIDENT,IN,BHIM,ISSUER_06,True,True,OFF,2024-12-11,STD,0.596,-0.103,0.231,0.178,True,True,False,OUT
U_b750439b58,O-3,RESIDENT,IN,GPAY,ISSUER_10,True,True,OFF,2026-02-09,STD,0.697,0.211,0.133,0.201,True,False,True,OUT
U_df59bcc76e,O-2,RESIDENT,IN,PHONEPE,ISSUER_03,True,True,ON,2025-04-26,STD,0.584,0.088,0.381,-0.15,True,False,False,OUT
U_1053e4f5f9,O-4,RESIDENT,IN,BHIM,ISSUER_09,True,True,OFF,2025-08-29,STD,0.712,0.339,0.265,0.006,False,True,True,OUT
U_f4fb63a44c,O-2,RESIDENT,IN,GPAY,ISSUER_10,True,True,OFF,2025-01-22,STD,0.646,-0.064,0.588,-0.15,True,False,True,OUT
U_8919b1fe25,O-4,RESIDENT,IN,GPAY,ISSUER_08,True,False,OFF,2025-11-15,STD,0.302,-0.045,0.306,-0.145,False,False,True,OUT
U_4c2f0caa89,O-1,RESIDENT,IN,PHONEPE,ISSUER_05,True,True,ON,2025-05-17,STD,0.921,0.02,0.208,0.019,True,True,False,OUT
U_fd2e29520f,O-6,RESIDENT,IN,GPAY,ISSUER_12,True,False,OFF,2025-10-22,STD,0.568,0.189,0.253,-0.141,True,True,False,OUT
U_16f010f659,O-3,RESIDENT,IN,BHIM,ISSUER_06,True,True,ON,2025-10-22,STD,0.369,0.132,0.26,-0.102,True,True,False,OUT
U_fd2c7d0121,O-1,RESIDENT,IN,PHONEPE,ISSUER_11,True,True,ON,2026-06-01,STD,0.742,0.256,0.394,0.237,True,False,True,OUT
U_6e4b22aa0f,O-1,RESIDENT,IN,PHONEPE,ISSUER_04,True,False,ON,2025-03-30,ELEVATED,0.157,-0.196,0.425,0.011,False,True,False,OUT
U_5eeb24093f,O-4,RESIDENT,IN,PHONEPE,ISSUER_12,True,True,ON,2025-09-15,STD,0.43,0.063,0.07,-0.064,True,False,False,OUT
U_534b0dee97,O-1,RESIDENT,IN,PHONEPE,ISSUER_08,True,True,ON,2025-05-12,STD,0.19,-0.038,0.136,-0.006,True,True,False,OUT
U_e9ceb141a4,O-6,RESIDENT,IN,PHONEPE,ISSUER_02,False,False,OFF,2025-11-21,STD,0.578,0.379,0.248,0.089,True,True,True,OUT
U_c5a8510bbd,O-5,RESIDENT,IN,BHIM,ISSUER_08,False,True,OFF,2026-04-25,STD,0.004,-0.064,0.583,0.037,True,True,False,OUT
U_6abb99058e,O-1,RESIDENT,IN,GPAY,ISSUER_04,True,True,ON,2024-10-05,STD,0.228,-0.14,0.205,0.082,False,True,True,OUT
U_8b1a079bbe,O-4,RESIDENT,IN,PHONEPE,ISSUER_08,True,True,OFF,2025-05-15,STD,0.435,-0.002,0.744,-0.107,False,True,False,OUT
U_0504cf0bb3,O-5,RESIDENT,IN,BHIM,ISSUER_06,True,True,OFF,2025-12-05,STD,0.224,0.049,0.363,0.131,True,False,True,OUT
U_1e520598a9,O-6,RESIDENT,IN,BHIM,ISSUER_06,False,True,OFF,2024-12-25,STD,0.807,0.251,0.091,-0.15,True,True,False,OUT
U_c52f06144e,O-2,RESIDENT,IN,GPAY,ISSUER_04,True,True,OFF,2026-06-02,STD,0.396,0.061,0.272,0.095,True,False,True,OUT
U_423e6d7d8c,O-1,RESIDENT,IN,GPAY,ISSUER_05,True,True,ON,2025-09-18,STD,0.681,-0.073,0.597,0.004,True,False,False,OUT
U_8942d3372b,O-2,RESIDENT,IN,GPAY,ISSUER_11,True,True,ON,2026-03-12,STD,0.576,-0.116,0.17,0.002,True,True,True,OUT
U_4a1605d470,O-4,RESIDENT,IN,PHONEPE,ISSUER_04,True,True,ON,2025-05-24,STD,0.242,0.256,0.273,0.017,True,True,False,OUT
U_6c6aa04b8e,O-3,RESIDENT,IN,GPAY,ISSUER_06,False,True,ON,2025-03-10,STD,0.654,0.095,0.387,-0.15,False,True,False,OUT
U_b41fc3c6c2,O-1,RESIDENT,IN,GPAY,ISSUER_02,True,True,ON,2026-01-28,STD,0.403,0.003,0.499,-0.081,True,True,False,OUT
U_686dd99e42,O-2,RESIDENT,IN,GPAY,ISSUER_12,True,True,ON,2025-08-11,STD,0.296,-0.064,0.69,-0.03,True,True,True,OUT
U_b426286a41,O-2,RESIDENT,IN,BHIM,ISSUER_12,False,True,OFF,2025-07-15,STD,0.565,0.073,0.208,0.026,False,False,True,OUT
U_c66f05ae80,O-1,RESIDENT,IN,PHONEPE,ISSUER_05,True,False,ON,2025-09-27,STD,0.523,0.129,0.173,0.055,True,True,False,OUT
U_46a299a35a,O-1,RESIDENT,IN,GPAY,ISSUER_03,False,True,ON,2026-02-11,STD,0.501,0.459,0.248,-0.007,True,True,True,OUT
U_d611c8ced4,O-1,RESIDENT,IN,BHIM,ISSUER_05,True,True,ON,2025-03-17,STD,0.425,-0.219,0.763,-0.109,True,False,True,OUT
U_06d7e36506,O-6,RESIDENT,IN,BHIM,ISSUER_11,False,False,OFF,2026-04-01,STD,0.301,-0.028,0.538,-0.117,True,True,True,OUT
U_b813009025,O-1,RESIDENT,IN,GPAY,ISSUER_07,True,True,ON,2025-11-27,STD,0.311,0.04,0.112,0.092,True,False,True,OUT
U_77a9452989,O-6,RESIDENT,IN,GPAY,ISSUER_09,False,False,OFF,2024-11-24,STD,0.661,-0.049,0.682,-0.15,True,True,False,OUT
U_da54b989c7,O-1,RESIDENT,IN,GPAY,ISSUER_06,True,True,ON,2025-12-17,STD,0.318,-0.039,0.77,-0.15,True,True,True,OUT
U_3050146bd0,O-5,RESIDENT,IN,PHONEPE,ISSUER_11,False,True,OFF,2025-07-20,STD,0.799,-0.076,0.276,-0.052,False,False,False,OUT
U_93eb1550d7,O-2,RESIDENT,IN,PHONEPE,ISSUER_05,True,True,OFF,2025-04-23,STD,0.356,0.183,0.251,0.146,True,True,False,OUT
U_7dba416f1b,O-2,RESIDENT,IN,BHIM,ISSUER_04,True,True,ON,2024-08-13,STD,0.194,0.199,0.159,-0.013,False,True,True,OUT
U_7f075e09d5,O-1,RESIDENT,IN,BHIM,ISSUER_05,True,True,ON,2024-09-27,STD,0.142,0.239,0.071,0.023,True,True,True,OUT
U_d3d14856be,O-1,RESIDENT,IN,PHONEPE,ISSUER_11,True,True,ON,2025-05-29,STD,0.414,0.174,0.208,-0.129,True,True,True,OUT
U_a079146507,O-4,RESIDENT,IN,PHONEPE,ISSUER_12,True,True,OFF,2026-04-15,STD,0.209,0.165,0.329,-0.15,True,True,True,OUT
U_84d3fb83cd,O-1,RESIDENT,IN,PHONEPE,ISSUER_05,True,True,ON,2026-07-08,STD,0.03,0.158,0.149,0.064,True,False,True,OUT
U_ade5fba760,O-2,RESIDENT,IN,BHIM,ISSUER_06,False,True,OFF,2026-06-19,STD,0.152,-0.007,0.697,0.045,True,True,True,OUT
U_9785e417df,O-2,RESIDENT,IN,PHONEPE,ISSUER_10,True,True,OFF,2025-04-17,STD,0.443,0.103,0.435,0.102,False,True,True,OUT
U_eeb8be5ebf,O-3,RESIDENT,IN,BHIM,ISSUER_01,True,True,ON,2026-01-23,STD,0.375,0.575,0.176,-0.083,False,True,False,OUT
U_af1b04798c,O-1,RESIDENT,IN,BHIM,ISSUER_07,True,True,ON,2026-03-11,STD,0.706,0.462,0.36,0.134,True,True,False,OUT
U_7b7bce8033,O-5,RESIDENT,IN,GPAY,ISSUER_01,True,True,ON,2024-09-28,STD,0.112,0.247,0.265,-0.15,True,True,False,OUT
U_021a340f94,O-2,RESIDENT,IN,BHIM,ISSUER_10,True,True,OFF,2026-04-05,STD,0.504,0.278,0.305,0.104,True,True,False,OUT
U_d9fb5dea78,O-1,RESIDENT,IN,PHONEPE,ISSUER_11,True,True,ON,2026-07-16,STD,0.701,0.204,0.181,-0.141,True,True,True,OUT
U_e9c9dc63cd,O-6,RESIDENT,IN,PHONEPE,ISSUER_10,True,True,OFF,2026-05-10,STD,0.782,-0.012,0.428,-0.062,True,False,False,OUT
U_78035bda5e,O-5,RESIDENT,IN,GPAY,ISSUER_05,True,True,OFF,2024-09-10,STD,0.604,-0.03,0.203,0.066,True,False,True,OUT
U_d9cf963a50,O-5,RESIDENT,IN,PHONEPE,ISSUER_11,True,True,ON,2025-05-17,STD,0.821,0.144,0.26,0.187,True,True,True,OUT
U_dbcbc849e6,O-6,RESIDENT,IN,BHIM,ISSUER_08,True,False,OFF,2024-09-11,STD,0.48,0.108,0.346,-0.058,True,False,False,OUT
U_0bc2cbdb99,O-1,RESIDENT,IN,GPAY,ISSUER_12,True,True,ON,2025-03-15,STD,0.399,0.249,0.179,-0.103,True,True,False,OUT
U_0b9416b15f,O-1,RESIDENT,IN,PHONEPE,ISSUER_01,False,True,ON,2024-09-30,STD,0.475,0.049,0.165,0.144,True,False,True,OUT
U_cd15217142,O-1,RESIDENT,IN,BHIM,ISSUER_10,True,True,ON,2026-01-27,STD,0.616,0.281,0.223,-0.049,True,False,False,OUT
U_d085b9b033,O-2,RESIDENT,IN,PHONEPE,ISSUER_04,True,True,ON,2025-06-06,STD,0.399,0.25,0.171,0.023,False,True,False,OUT
U_db2bb22e5b,O-5,RESIDENT,IN,BHIM,ISSUER_09,True,True,OFF,2026-05-09,STD,0.287,0.271,0.256,0.206,True,False,True,OUT
U_e5a5ad36f9,O-6,RESIDENT,IN,GPAY,ISSUER_04,True,True,OFF,2025-04-01,STD,0.358,0.214,0.29,0.036,True,True,False,OUT
U_b180e04c29,O-4,RESIDENT,IN,GPAY,ISSUER_08,True,True,OFF,2025-09-16,STD,0.456,0.157,0.355,-0.057,True,False,False,OUT
U_92d0772615,O-6,RESIDENT,IN,PHONEPE,ISSUER_12,False,True,OFF,2024-12-26,STD,0.704,-0.009,0.265,0.125,True,True,True,OUT
U_b40b973373,O-3,RESIDENT,IN,GPAY,ISSUER_10,True,True,OFF,2025-08-25,STD,0.346,-0.179,0.369,0.15,True,True,False,OUT
U_f3a6dcd6b5,O-6,RESIDENT,IN,BHIM,ISSUER_08,True,True,OFF,2025-12-03,STD,0.17,0.168,0.288,-0.01,True,False,False,OUT
U_fbb4d3026f,O-2,RESIDENT,IN,GPAY,ISSUER_03,True,True,OFF,2026-04-04,STD,0.635,0.045,0.198,-0.15,True,True,True,OUT
U_f38111a728,O-2,RESIDENT,IN,BHIM,ISSUER_03,True,True,OFF,2026-05-27,STD,0.242,0.063,0.223,0.175,True,True,False,OUT
U_c9ea9f9ace,O-6,RESIDENT,IN,GPAY,ISSUER_09,True,False,OFF,2025-01-18,STD,0.732,-0.008,0.371,-0.15,True,True,True,OUT
U_c18ade9669,O-1,RESIDENT,IN,PHONEPE,ISSUER_11,False,True,ON,2025-12-23,STD,0.669,0.337,0.212,0.111,True,False,True,OUT
U_f5371d5377,O-6,RESIDENT,IN,GPAY,ISSUER_03,True,False,OFF,2025-11-26,STD,0.903,0.147,0.2,-0.012,True,False,True,OUT
U_d7ed0a7d4d,O-4,RESIDENT,IN,BHIM,ISSUER_09,True,True,OFF,2025-02-08,STD,0.279,0.033,0.243,0.014,True,False,False,OUT
U_fff3337312,O-2,RESIDENT,IN,GPAY,ISSUER_11,True,True,OFF,2024-11-13,STD,0.473,0.022,0.158,-0.075,True,False,True,OUT
U_c053110f48,O-1,RESIDENT,IN,BHIM,ISSUER_03,True,True,ON,2024-09-13,STD,0.146,0.336,0.176,0.224,True,True,True,OUT
U_e2c52a2d7f,O-6,RESIDENT,IN,GPAY,ISSUER_12,True,True,OFF,2025-08-13,STD,0.328,-0.094,0.838,-0.15,True,False,True,OUT
U_14be141d89,O-2,RESIDENT,IN,PHONEPE,ISSUER_08,False,True,OFF,2025-01-06,STD,0.13,-0.068,0.044,-0.002,False,True,True,OUT
U_d07c235e3b,O-1,RESIDENT,IN,PHONEPE,ISSUER_09,True,False,ON,2025-07-02,STD,0.052,0.153,0.132,0.059,False,False,False,OUT
U_7693079fda,O-2,RESIDENT,IN,BHIM,ISSUER_05,True,True,ON,2025-07-28,STD,0.33,0.6,0.038,0.003,False,False,True,OUT
U_982ac9936f,O-4,RESIDENT,IN,GPAY,ISSUER_07,True,True,OFF,2026-05-16,STD,0.28,0.341,0.27,-0.135,True,True,True,OUT
U_f23af17b26,O-6,RESIDENT,IN,PHONEPE,ISSUER_03,False,True,OFF,2025-12-13,STD,0.859,0.143,0.287,-0.131,True,False,True,OUT
U_e45e2e5316,O-4,RESIDENT,IN,BHIM,ISSUER_08,False,True,OFF,2025-02-06,STD,0.663,-0.004,0.662,-0.132,True,False,True,OUT
U_d8bf4a6fc5,O-5,RESIDENT,IN,BHIM,ISSUER_11,False,True,ON,2025-10-27,STD,0.304,0.336,0.179,0.058,True,True,False,OUT
U_5a9544bca7,O-3,RESIDENT,IN,BHIM,ISSUER_07,True,False,ON,2024-12-15,STD,0.893,-0.085,0.42,0.013,True,True,False,OUT
U_386a0da83c,O-4,RESIDENT,IN,GPAY,ISSUER_03,True,False,OFF,2025-01-10,STD,0.496,0.303,0.179,0.114,True,False,True,OUT
U_3bab74a46e,O-5,RESIDENT,IN,PHONEPE,ISSUER_11,True,True,ON,2025-03-09,STD,0.258,0.103,0.313,0.097,True,True,True,OUT
U_3f60e13e0c,O-5,RESIDENT,IN,GPAY,ISSUER_02,True,True,OFF,2025-01-21,STD,0.744,0.236,0.461,0.031,True,True,True,OUT
U_1c56bc4537,O-5,RESIDENT,IN,GPAY,ISSUER_10,True,True,OFF,2025-08-08,STD,0.314,-0.048,0.519,-0.15,True,True,True,OUT
U_9394272164,O-4,RESIDENT,IN,GPAY,ISSUER_05,True,True,OFF,2025-05-04,STD,0.339,-0.015,0.254,0.004,True,True,False,OUT
U_66a1ff49c5,O-5,RESIDENT,IN,PHONEPE,ISSUER_06,True,False,OFF,2025-12-05,STD,0.632,0.246,0.264,0.262,True,False,False,OUT
U_26ee5fd70d,O-1,RESIDENT,IN,PHONEPE,ISSUER_01,True,True,ON,2026-06-20,STD,0.309,0.427,0.185,-0.15,True,True,True,OUT
U_305ba0f357,O-6,RESIDENT,IN,PHONEPE,ISSUER_06,False,True,OFF,2026-04-11,STD,0.838,0.424,0.327,0.145,True,True,False,OUT
U_8e8571718e,O-6,RESIDENT,IN,BHIM,ISSUER_10,True,False,OFF,2025-02-27,STD,0.472,0.11,0.039,0.133,True,True,True,OUT
U_d26baa3815,O-1,RESIDENT,IN,GPAY,ISSUER_06,True,True,ON,2026-01-07,STD,0.566,0.448,0.338,-0.016,True,True,False,OUT
U_1286503581,O-3,RESIDENT,IN,PHONEPE,ISSUER_01,True,True,OFF,2026-02-03,STD,0.519,0.11,0.176,0.144,True,True,False,OUT
U_efecf35667,O-6,RESIDENT,IN,PHONEPE,ISSUER_06,False,True,OFF,2026-06-27,STD,0.408,-0.04,0.402,-0.085,True,True,True,OUT
U_ed68aa0d47,O-2,RESIDENT,IN,PHONEPE,ISSUER_06,True,True,OFF,2025-12-10,STD,0.371,0.446,0.182,-0.111,True,False,False,OUT
U_4636995cba,O-5,RESIDENT,IN,PHONEPE,ISSUER_07,True,True,OFF,2025-01-25,STD,0.68,0.024,0.178,0.18,True,True,True,OUT
U_36cace3960,O-3,RESIDENT,IN,GPAY,ISSUER_08,True,True,OFF,2024-09-05,STD,0.365,0.176,0.137,-0.064,True,True,False,OUT
U_d3c0c804da,O-2,RESIDENT,IN,GPAY,ISSUER_12,True,True,ON,2025-04-20,STD,0.66,0.098,0.237,0.098,False,True,True,OUT
U_49ff9d44e2,O-2,RESIDENT,IN,GPAY,ISSUER_09,True,True,ON,2026-02-19,STD,0.124,0.171,0.276,0.051,True,True,True,OUT
U_69df0b4499,O-1,RESIDENT,IN,GPAY,ISSUER_06,True,True,ON,2026-04-21,STD,0.862,0.128,0.229,-0.129,True,True,False,OUT
U_b57458e568,O-5,RESIDENT,IN,BHIM,ISSUER_09,True,True,ON,2024-12-22,STD,0.42,-0.065,0.53,-0.04,False,True,False,OUT
U_e8aaa25a0f,O-1,RESIDENT,IN,PHONEPE,ISSUER_07,True,True,ON,2026-03-22,STD,0.751,0.136,0.434,-0.026,True,True,True,OUT
U_6d343e6d5e,O-3,RESIDENT,IN,PHONEPE,ISSUER_09,True,True,OFF,2026-03-27,STD,0.251,-0.078,0.541,0.051,False,True,False,OUT
U_53eda5127b,O-1,RESIDENT,IN,BHIM,ISSUER_04,True,True,ON,2025-01-10,STD,0.402,0.307,0.037,0.038,True,True,True,OUT
U_efc9cc2192,O-3,RESIDENT,IN,BHIM,ISSUER_06,True,True,OFF,2025-12-20,STD,0.898,-0.041,0.61,0.07,True,False,False,OUT
U_1569726d05,O-1,RESIDENT,IN,PHONEPE,ISSUER_07,True,True,ON,2025-05-27,STD,0.585,0.093,0.271,0.025,False,True,True,OUT
U_f32db02b1a,O-2,RESIDENT,IN,GPAY,ISSUER_09,True,True,ON,2025-09-29,STD,0.592,0.234,0.348,0.178,True,True,False,OUT
U_73dd409919,O-5,RESIDENT,IN,BHIM,ISSUER_05,True,True,ON,2026-05-08,STD,0.883,0.032,0.274,-0.02,True,False,True,OUT
U_5feea83606,O-3,RESIDENT,IN,PHONEPE,ISSUER_06,True,True,OFF,2025-01-23,STD,0.59,0.063,0.255,-0.15,True,True,True,OUT
U_926ba8f2c1,O-5,RESIDENT,IN,PHONEPE,ISSUER_03,True,True,OFF,2026-01-29,STD,0.579,-0.067,0.679,-0.15,True,False,True,OUT
U_9b743cf641,O-6,RESIDENT,IN,PHONEPE,ISSUER_08,True,False,OFF,2024-12-29,STD,0.378,0.259,0.245,0.03,True,True,True,OUT
U_ddd62f732b,O-2,RESIDENT,IN,PHONEPE,ISSUER_11,True,True,OFF,2024-08-30,STD,0.233,-0.282,0.554,-0.09,True,False,True,OUT
U_97adea4734,O-4,RESIDENT,IN,GPAY,ISSUER_04,True,True,OFF,2025-04-23,STD,0.709,0.251,0.324,0.075,True,False,True,OUT
U_85829238c1,O-5,RESIDENT,IN,GPAY,ISSUER_05,True,True,ON,2025-02-18,STD,0.503,-0.285,0.612,-0.126,True,True,False,OUT
U_d53bdc6adb,O-3,RESIDENT,IN,GPAY,ISSUER_04,False,False,ON,2025-09-16,STD,0.293,0.032,0.165,0.118,True,True,False,OUT
U_a3672e93c1,O-1,RESIDENT,IN,BHIM,ISSUER_06,True,True,ON,2025-10-01,STD,0.766,0.189,0.309,-0.041,True,False,True,OUT
U_cc619dbbb7,O-6,RESIDENT,IN,PHONEPE,ISSUER_12,False,False,OFF,2026-05-07,STD,0.265,0.15,0.444,-0.137,False,True,True,OUT
U_eff59d5a10,O-2,RESIDENT,IN,PHONEPE,ISSUER_12,True,True,OFF,2025-06-10,STD,0.722,0.118,0.199,0.05,True,False,False,OUT
U_fc586638ac,O-1,RESIDENT,IN,GPAY,ISSUER_03,True,True,ON,2024-08-15,STD,0.937,0.179,0.381,0.054,True,True,True,OUT
U_ab1dfe607e,O-3,RESIDENT,IN,GPAY,ISSUER_07,True,True,ON,2026-03-14,STD,0.69,0.549,0.184,-0.05,True,True,True,OUT
U_893f5df7da,O-2,RESIDENT,IN,GPAY,ISSUER_06,True,True,OFF,2024-10-10,STD,0.319,0.418,0.137,-0.025,True,True,False,OUT
U_957c18b2bd,O-1,RESIDENT,IN,BHIM,ISSUER_08,True,True,ON,2025-03-25,STD,0.273,0.121,0.39,-0.046,True,True,True,OUT
U_f6402de11f,O-5,RESIDENT,IN,PHONEPE,ISSUER_07,True,True,OFF,2025-08-01,STD,0.476,0.18,0.262,-0.15,True,False,True,OUT
U_e42971305e,O-2,RESIDENT,IN,PHONEPE,ISSUER_06,True,True,ON,2026-03-02,STD,0.805,0.026,0.388,0.011,True,True,True,OUT
U_4fb19f4221,O-3,RESIDENT,IN,GPAY,ISSUER_03,True,True,ON,2025-05-26,STD,0.703,0.146,0.223,-0.15,True,True,True,OUT
U_dcae3d0a17,O-1,RESIDENT,IN,BHIM,ISSUER_07,True,False,ON,2025-02-01,STD,0.284,-0.173,0.868,-0.15,True,True,True,OUT
U_60829c8fc1,O-1,RESIDENT,IN,GPAY,ISSUER_04,True,True,ON,2026-04-14,STD,0.251,-0.251,0.647,-0.15,False,True,True,OUT
U_f38e5d6165,O-2,RESIDENT,IN,BHIM,ISSUER_12,True,True,ON,2026-05-27,STD,0.69,0.163,0.041,0.182,True,True,False,OUT
U_2fe3a88f8c,O-1,RESIDENT,IN,BHIM,ISSUER_02,False,True,ON,2024-09-01,RESTRICTED,0.688,-0.098,0.738,-0.145,True,False,True,OUT
U_3319da7ba6,O-2,RESIDENT,IN,BHIM,ISSUER_08,True,True,ON,2025-11-10,STD,0.801,0.488,0.216,0.062,True,True,True,OUT
U_1dabd3cd9f,O-1,RESIDENT,IN,PHONEPE,ISSUER_04,True,True,ON,2025-05-03,STD,0.584,0.207,0.061,0.09,False,True,True,OUT
U_7533d71400,O-2,RESIDENT,IN,PHONEPE,ISSUER_03,False,True,OFF,2025-07-12,STD,0.511,0.335,0.248,0.135,False,True,True,OUT
U_ce3af6ecf5,O-3,RESIDENT,IN,BHIM,ISSUER_01,True,True,OFF,2025-07-28,STD,0.633,0.148,0.178,0.101,True,True,True,OUT
U_5f5604f8f6,O-6,RESIDENT,IN,BHIM,ISSUER_07,True,True,OFF,2025-02-04,STD,0.519,0.185,0.122,0.064,True,True,True,OUT
U_2167340f5a,O-5,RESIDENT,IN,GPAY,ISSUER_01,True,True,OFF,2024-10-25,STD,0.622,0.388,0.206,0.031,True,True,True,OUT
U_0f2b8e08c3,O-6,RESIDENT,IN,BHIM,ISSUER_05,True,False,OFF,2025-07-07,STD,0.684,0.151,0.349,-0.016,True,False,False,OUT
U_29b2226d69,O-6,RESIDENT,IN,PHONEPE,ISSUER_06,False,True,OFF,2024-10-25,STD,0.85,0.448,0.166,0.008,True,True,False,OUT
U_c823a0bf9d,O-2,RESIDENT,IN,PHONEPE,ISSUER_06,True,True,OFF,2025-12-12,STD,0.89,-0.039,0.26,-0.003,True,False,False,OUT
U_5dee4af63e,O-3,RESIDENT,IN,GPAY,ISSUER_05,True,True,OFF,2025-09-20,STD,0.603,0.428,0.236,0.059,True,True,False,OUT
U_cf14b91561,O-2,RESIDENT,IN,GPAY,ISSUER_07,True,True,OFF,2025-07-19,STD,0.511,-0.088,0.012,0.014,True,False,True,OUT
U_8e2e9ce2df,O-6,RESIDENT,IN,BHIM,ISSUER_09,False,True,OFF,2026-07-19,STD,0.511,0.092,0.09,0.047,True,True,True,OUT
U_74b1b445a6,O-2,RESIDENT,IN,PHONEPE,ISSUER_03,True,True,ON,2026-01-22,STD,0.756,0.128,0.267,0.06,False,True,True,OUT
U_a159449dea,O-1,RESIDENT,IN,PHONEPE,ISSUER_11,True,False,ON,2026-04-12,STD,0.658,0.089,0.262,-0.062,True,False,True,OUT
U_079f018d05,O-3,RESIDENT,IN,GPAY,ISSUER_12,True,True,OFF,2025-07-03,STD,0.608,0.175,0.445,-0.095,True,True,False,OUT
U_c8e175dc04,O-2,RESIDENT,IN,PHONEPE,ISSUER_09,True,True,ON,2025-11-30,STD,0.76,0.065,0.053,0.255,True,True,True,OUT
U_1a5791d117,O-5,RESIDENT,IN,GPAY,ISSUER_10,True,False,OFF,2026-02-17,STD,0.328,0.134,0.245,-0.038,True,True,True,OUT
U_ed51aaa2c7,O-3,RESIDENT,IN,PHONEPE,ISSUER_09,True,True,OFF,2025-12-21,STD,0.688,-0.1,0.406,-0.131,True,True,False,OUT
U_1419147e18,O-6,RESIDENT,IN,GPAY,ISSUER_03,True,False,OFF,2024-11-06,STD,0.247,-0.022,0.204,0.278,True,False,True,OUT
U_98714e88cd,O-2,RESIDENT,IN,PHONEPE,ISSUER_11,True,True,OFF,2025-08-08,STD,0.292,-0.037,0.11,0.196,True,True,True,OUT
U_ef81369703,O-3,RESIDENT,IN,PHONEPE,ISSUER_11,True,True,ON,2025-10-23,STD,0.588,0.527,0.291,0.187,True,False,True,OUT
U_dc23e667a1,O-1,RESIDENT,IN,BHIM,ISSUER_07,True,True,ON,2026-06-15,STD,0.21,0.108,0.189,-0.002,True,True,False,OUT
U_613f366f5e,O-1,RESIDENT,IN,BHIM,ISSUER_07,False,False,ON,2025-11-27,STD,0.653,0.6,0.189,-0.15,True,False,True,OUT
U_5d6076e609,O-1,RESIDENT,IN,PHONEPE,ISSUER_03,True,True,ON,2024-10-21,STD,0.554,0.252,0.408,0.016,True,False,True,OUT
U_6b14be3e29,O-2,RESIDENT,IN,PHONEPE,ISSUER_03,True,True,OFF,2026-02-28,STD,0.762,-0.244,0.58,-0.15,False,True,True,OUT
U_c57c4a5a5c,O-2,RESIDENT,IN,PHONEPE,ISSUER_09,True,True,OFF,2025-02-26,STD,0.425,-0.188,0.218,-0.134,True,False,True,OUT
U_11a6945cc0,O-2,RESIDENT,IN,PHONEPE,ISSUER_03,True,True,ON,2024-11-29,STD,0.703,0.15,0.424,-0.07,True,True,True,OUT
U_7ced1e6bfc,O-3,RESIDENT,IN,BHIM,ISSUER_02,False,True,ON,2025-07-14,STD,0.873,0.34,0.331,-0.15,True,True,False,OUT
U_8c3ffbc94b,O-4,RESIDENT,IN,BHIM,ISSUER_02,True,True,ON,2024-10-12,STD,0.958,-0.008,0.33,0.1,True,True,False,OUT
U_b9d6f6cd02,O-3,RESIDENT,IN,GPAY,ISSUER_05,True,True,OFF,2026-02-01,STD,0.35,-0.147,0.534,-0.082,True,False,True,OUT
U_6b502a3d2d,O-1,RESIDENT,IN,BHIM,ISSUER_11,True,True,ON,2025-11-18,STD,0.483,0.466,0.291,-0.033,True,False,True,OUT
U_f7e309c6db,O-6,RESIDENT,IN,BHIM,ISSUER_09,False,False,OFF,2025-03-18,STD,0.188,0.215,0.223,-0.133,True,True,True,OUT
U_bcfb5c49d4,O-4,RESIDENT,IN,GPAY,ISSUER_04,True,True,ON,2025-09-29,STD,0.489,-0.029,0.484,0.057,True,True,True,OUT
U_742c2984c8,O-2,RESIDENT,IN,PHONEPE,ISSUER_05,True,True,ON,2024-11-14,STD,0.239,0.433,0.407,-0.143,True,True,True,OUT
U_6160f02517,O-2,RESIDENT,IN,PHONEPE,ISSUER_01,True,True,OFF,2024-10-01,STD,0.199,0.034,0.263,0.031,True,False,True,OUT
U_a420e75e55,O-5,RESIDENT,IN,BHIM,ISSUER_09,True,True,ON,2024-12-07,STD,0.594,0.056,0.277,0.255,True,False,True,OUT
U_8b6dfe4d62,O-5,RESIDENT,IN,BHIM,ISSUER_08,True,True,OFF,2024-08-19,STD,0.305,0.057,0.404,-0.01,True,False,False,OUT
U_c8c4a51dfa,O-2,RESIDENT,IN,BHIM,ISSUER_08,True,True,ON,2024-11-17,STD,0.866,0.159,0.417,-0.141,False,True,True,OUT
U_14b6adc0d3,O-3,RESIDENT,IN,BHIM,ISSUER_12,True,True,OFF,2026-02-26,STD,0.347,-0.199,0.048,-0.15,True,False,False,OUT
U_e16f018bac,O-1,RESIDENT,IN,GPAY,ISSUER_12,True,True,ON,2025-06-21,STD,0.443,-0.132,0.648,-0.113,True,True,True,OUT
U_7f0753f071,O-1,RESIDENT,IN,BHIM,ISSUER_10,True,True,ON,2024-10-29,STD,0.336,-0.103,0.844,-0.081,True,False,True,OUT
U_b0ee84731e,O-1,RESIDENT,IN,PHONEPE,ISSUER_08,True,True,ON,2025-02-06,STD,0.773,0.451,0.203,0.206,True,True,False,OUT
U_c5dd9cbe1d,O-3,RESIDENT,IN,BHIM,ISSUER_12,True,True,ON,2025-07-30,STD,0.412,0.461,0.195,-0.036,False,True,True,OUT
U_c9b8d8c355,O-2,RESIDENT,IN,PHONEPE,ISSUER_09,False,True,OFF,2025-11-22,RESTRICTED,0.63,0.176,0.295,-0.014,True,True,False,OUT
U_f00ae1b264,O-2,RESIDENT,IN,BHIM,ISSUER_02,False,True,OFF,2026-06-18,STD,0.45,0.072,0.2,0.283,False,True,False,OUT
U_e9b280a8f9,O-6,RESIDENT,IN,GPAY,ISSUER_05,False,True,OFF,2024-09-29,STD,0.732,-0.198,0.529,-0.147,True,True,True,OUT
U_adecf88ee1,O-1,RESIDENT,IN,BHIM,ISSUER_10,False,True,ON,2025-08-03,STD,0.586,-0.08,0.551,-0.136,True,True,False,OUT
U_637b6ba17e,O-6,RESIDENT,IN,GPAY,ISSUER_10,False,False,OFF,2025-10-18,STD,0.56,-0.107,0.316,-0.016,True,True,False,OUT
U_2c03830926,O-6,RESIDENT,IN,GPAY,ISSUER_05,True,False,OFF,2024-08-29,STD,0.311,-0.095,0.413,-0.15,True,False,False,OUT
U_b45c2bcb15,O-3,RESIDENT,IN,BHIM,ISSUER_05,True,True,OFF,2026-07-14,STD,0.898,-0.372,0.298,0.071,True,False,True,OUT
U_b851295d3d,O-6,RESIDENT,IN,PHONEPE,ISSUER_09,False,False,OFF,2025-08-21,STD,0.406,0.122,0.098,0.239,True,True,True,OUT
U_339f660f74,O-1,RESIDENT,IN,GPAY,ISSUER_10,False,True,ON,2025-06-03,ELEVATED,0.504,0.114,0.101,-0.002,True,False,True,OUT
U_0b2f6a6e31,O-3,RESIDENT,IN,PHONEPE,ISSUER_11,False,True,OFF,2024-08-22,STD,0.622,0.297,0.174,0.103,False,False,False,OUT
U_6b19e0b1a9,O-2,RESIDENT,IN,BHIM,ISSUER_11,True,True,OFF,2025-03-12,STD,0.373,0.461,0.388,-0.072,False,False,True,OUT
U_a04b0aacba,O-1,RESIDENT,IN,BHIM,ISSUER_04,True,True,ON,2025-10-29,STD,0.346,0.185,0.228,0.104,True,True,True,OUT
U_f441ca3f64,O-1,RESIDENT,IN,GPAY,ISSUER_12,True,True,ON,2025-11-20,STD,0.428,0.129,0.264,-0.041,True,False,True,OUT
U_41dc6b4416,O-6,RESIDENT,IN,PHONEPE,ISSUER_05,True,False,OFF,2026-06-19,STD,0.429,-0.071,0.566,-0.138,True,True,True,OUT
U_9146457d4c,O-6,RESIDENT,IN,BHIM,ISSUER_06,False,True,OFF,2025-04-21,STD,0.656,0.221,0.247,0.32,True,True,True,OUT
U_b8aff107c2,O-2,RESIDENT,IN,BHIM,ISSUER_06,True,True,OFF,2025-02-09,STD,0.258,0.291,0.413,-0.064,True,True,True,OUT
U_75590d13be,O-3,RESIDENT,IN,BHIM,ISSUER_09,True,True,OFF,2024-11-19,STD,0.322,0.042,0.246,0.085,True,True,False,OUT
U_2c50b8cf5b,O-6,RESIDENT,IN,GPAY,ISSUER_07,True,False,OFF,2025-03-27,STD,0.897,0.199,0.11,0.006,True,True,True,OUT
U_92c749f66a,O-3,RESIDENT,IN,PHONEPE,ISSUER_09,True,True,OFF,2025-11-21,STD,0.716,0.109,0.328,-0.056,True,True,False,OUT
U_ed461ee7a4,O-2,RESIDENT,IN,PHONEPE,ISSUER_10,True,True,OFF,2026-02-15,STD,0.667,0.218,0.204,-0.029,True,False,False,OUT
U_4fdc5be86c,O-3,RESIDENT,IN,BHIM,ISSUER_11,True,True,ON,2025-07-20,STD,0.212,0.153,0.261,0.14,True,True,True,OUT
U_207f476b52,O-1,RESIDENT,IN,PHONEPE,ISSUER_05,False,True,ON,2026-06-01,STD,0.306,0.497,0.196,-0.046,True,True,True,OUT
U_3a7777715d,O-5,RESIDENT,IN,GPAY,ISSUER_06,True,True,ON,2025-11-14,STD,0.606,0.021,0.227,-0.007,True,True,False,OUT
U_6dbb3e9a4e,O-4,RESIDENT,IN,PHONEPE,ISSUER_10,True,True,OFF,2026-01-22,STD,0.306,-0.01,0.275,-0.096,False,False,False,OUT
U_d7ec954c93,O-2,RESIDENT,IN,GPAY,ISSUER_11,True,True,ON,2026-01-25,STD,0.563,0.266,0.191,-0.107,False,False,True,OUT
U_e5a01570bc,O-2,RESIDENT,IN,BHIM,ISSUER_12,True,True,ON,2026-07-31,STD,0.569,0.479,0.441,-0.05,True,False,True,OUT
U_06652c1fe5,O-3,RESIDENT,IN,BHIM,ISSUER_11,True,True,ON,2025-06-10,STD,0.635,-0.141,0.202,-0.095,True,True,False,OUT
U_90dc30160f,O-2,RESIDENT,IN,PHONEPE,ISSUER_12,True,True,OFF,2025-08-23,STD,0.197,0.532,0.173,-0.147,True,True,False,OUT
U_93c7fe7f8b,O-5,RESIDENT,IN,PHONEPE,ISSUER_07,True,True,ON,2026-05-06,STD,0.588,-0.281,0.69,0.02,True,True,False,OUT
U_dd99e953da,O-3,RESIDENT,IN,BHIM,ISSUER_10,True,True,OFF,2025-09-02,STD,0.07,-0.163,0.39,-0.15,True,True,False,OUT
U_cd46726865,O-6,RESIDENT,IN,GPAY,ISSUER_10,False,True,OFF,2024-11-04,STD,0.472,0.214,0.18,-0.014,False,True,False,OUT
U_763b1124fe,O-3,RESIDENT,IN,PHONEPE,ISSUER_04,True,True,OFF,2026-06-06,STD,0.702,0.072,0.09,-0.06,False,True,True,OUT
U_0068992b1a,O-2,RESIDENT,IN,GPAY,ISSUER_01,True,True,OFF,2025-08-16,STD,0.692,-0.044,0.529,-0.101,True,False,False,OUT
U_6fa2099649,O-2,RESIDENT,IN,GPAY,ISSUER_07,True,True,OFF,2025-11-03,STD,0.792,0.205,0.014,0.21,True,True,True,OUT
U_4c0ea9f837,O-6,RESIDENT,IN,PHONEPE,ISSUER_03,False,False,OFF,2024-12-06,STD,0.351,0.268,0.435,-0.062,True,True,True,OUT
U_415d024cec,O-1,RESIDENT,IN,PHONEPE,ISSUER_08,True,True,ON,2025-01-16,STD,0.553,-0.002,0.232,-0.018,True,True,False,OUT
U_7cdfd81b4a,O-4,RESIDENT,IN,BHIM,ISSUER_12,True,True,OFF,2025-07-18,STD,0.636,0.439,0.314,-0.15,True,True,False,OUT
U_cc25cb0316,O-5,RESIDENT,IN,PHONEPE,ISSUER_08,True,True,OFF,2025-02-23,STD,0.422,0.157,0.325,-0.042,True,True,True,OUT
U_5f8790c5d3,O-1,RESIDENT,IN,BHIM,ISSUER_10,True,True,ON,2026-07-25,STD,0.349,0.394,0.027,0.041,True,False,True,OUT
U_81f2892799,O-6,RESIDENT,IN,BHIM,ISSUER_02,True,False,OFF,2025-10-09,STD,0.756,0.25,0.394,-0.021,True,False,True,OUT
U_ead68dbeac,O-5,RESIDENT,IN,PHONEPE,ISSUER_02,True,True,ON,2024-10-13,STD,0.79,-0.134,0.812,-0.15,False,False,True,OUT
U_344d7312a4,O-5,RESIDENT,IN,PHONEPE,ISSUER_08,True,True,ON,2025-10-28,STD,0.597,-0.013,0.434,-0.15,True,True,True,OUT
U_a4261f152a,O-3,RESIDENT,IN,GPAY,ISSUER_11,True,True,ON,2026-07-22,STD,0.561,0.005,0.509,-0.15,True,True,True,OUT
U_18f52fa363,O-2,RESIDENT,IN,BHIM,ISSUER_08,True,True,ON,2025-02-26,STD,0.576,0.131,0.286,-0.014,True,True,False,OUT
U_4f6d4e5248,O-1,RESIDENT,IN,GPAY,ISSUER_10,True,True,ON,2024-11-21,STD,0.337,-0.107,0.643,-0.014,True,True,False,OUT
U_a87881d57a,O-1,RESIDENT,IN,BHIM,ISSUER_06,True,True,ON,2025-08-17,STD,0.424,-0.02,0.338,-0.113,True,False,True,OUT
U_c8295bb13c,O-3,RESIDENT,IN,PHONEPE,ISSUER_05,True,True,ON,2026-03-06,STD,0.316,0.071,0.447,0.05,False,True,False,OUT
U_25c9416134,O-2,RESIDENT,IN,BHIM,ISSUER_04,True,True,OFF,2025-08-07,STD,0.345,0.424,0.204,0.092,True,True,True,OUT
U_b6a160dd9f,O-6,RESIDENT,IN,PHONEPE,ISSUER_03,False,True,OFF,2025-02-10,STD,0.278,-0.077,0.563,-0.15,True,True,False,OUT
U_f9b331e80c,O-1,RESIDENT,IN,GPAY,ISSUER_07,True,True,ON,2024-10-28,STD,0.692,-0.034,0.158,0.071,True,True,False,OUT
U_f557782ce1,O-2,RESIDENT,IN,GPAY,ISSUER_06,True,True,OFF,2026-03-31,STD,0.537,-0.004,0.642,-0.025,True,True,False,OUT
U_c1a458c88b,O-1,RESIDENT,IN,GPAY,ISSUER_12,True,True,ON,2025-08-23,STD,0.643,-0.052,0.673,-0.104,True,True,False,OUT
U_ea3f50d840,O-1,RESIDENT,IN,BHIM,ISSUER_03,True,True,ON,2025-06-27,STD,0.594,0.42,0.263,0.056,True,False,True,OUT
U_f037bc2bb4,O-1,RESIDENT,IN,PHONEPE,ISSUER_01,True,True,ON,2024-11-12,STD,0.515,-0.001,0.393,-0.006,True,False,True,OUT
U_4f3798100e,O-2,RESIDENT,IN,BHIM,ISSUER_11,True,True,ON,2025-05-20,STD,0.753,-0.26,0.699,-0.084,True,True,False,OUT
U_3c9360cd95,O-6,RESIDENT,IN,BHIM,ISSUER_03,False,False,OFF,2025-09-26,STD,0.511,0.082,0.173,0.07,True,True,False,OUT
U_a718606604,O-5,RESIDENT,IN,PHONEPE,ISSUER_10,True,True,ON,2025-07-06,STD,0.685,0.082,0.092,-0.002,True,False,False,OUT
U_841e95caf3,O-1,RESIDENT,IN,PHONEPE,ISSUER_03,True,True,ON,2025-03-08,STD,0.35,0.009,0.301,-0.146,False,True,False,OUT
U_a6d0fa41f1,O-2,RESIDENT,IN,GPAY,ISSUER_06,True,True,OFF,2025-10-06,STD,0.306,0.135,0.205,-0.15,True,True,True,OUT
U_b88e83d3f3,O-6,RESIDENT,IN,PHONEPE,ISSUER_07,False,False,OFF,2024-11-27,STD,0.582,0.201,0.239,0.061,True,False,True,OUT
U_e114f9f757,O-6,RESIDENT,IN,PHONEPE,ISSUER_01,False,False,OFF,2026-06-05,STD,0.539,-0.091,0.57,-0.019,True,True,False,OUT
U_331c1c154b,O-2,RESIDENT,IN,GPAY,ISSUER_10,True,True,OFF,2025-12-07,STD,0.16,0.269,0.199,0.12,True,True,True,OUT
U_af3306d453,O-3,RESIDENT,IN,GPAY,ISSUER_07,True,True,ON,2025-12-05,STD,0.883,0.122,0.167,0.086,True,True,True,OUT
U_2a19d4012c,O-5,RESIDENT,IN,PHONEPE,ISSUER_04,True,True,ON,2025-05-08,STD,0.088,0.497,0.052,-0.012,True,False,True,OUT
U_955cf897f7,O-2,RESIDENT,IN,PHONEPE,ISSUER_12,True,True,OFF,2024-12-10,STD,0.441,-0.103,0.383,-0.083,True,True,False,OUT
U_3ee2962824,O-2,RESIDENT,IN,GPAY,ISSUER_09,True,True,ON,2025-03-09,STD,0.43,0.343,0.372,-0.095,True,True,False,OUT
U_89adad3de1,O-1,RESIDENT,IN,BHIM,ISSUER_06,True,True,ON,2024-10-14,STD,0.696,-0.111,0.51,-0.073,True,True,True,OUT
U_f7d37a1e98,O-1,RESIDENT,IN,GPAY,ISSUER_04,True,True,ON,2025-06-28,STD,0.628,0.055,0.04,0.45,True,True,False,OUT
U_bf2ca543e2,O-1,RESIDENT,IN,GPAY,ISSUER_06,True,True,ON,2024-09-14,STD,0.844,-0.098,0.207,0.154,True,True,False,OUT
U_9223a47296,O-2,RESIDENT,IN,PHONEPE,ISSUER_03,True,True,ON,2024-11-21,STD,0.625,0.332,0.153,0.051,True,False,False,OUT
U_835a782e72,O-2,RESIDENT,IN,GPAY,ISSUER_11,True,False,ON,2026-04-04,STD,0.551,0.082,0.191,0.16,False,True,True,OUT
U_92334e51b1,O-2,RESIDENT,IN,BHIM,ISSUER_11,True,True,OFF,2026-03-17,STD,0.322,0.276,0.351,0.128,False,False,True,OUT
U_86392b714f,O-3,RESIDENT,IN,GPAY,ISSUER_10,True,True,OFF,2025-08-25,STD,0.775,0.521,0.153,-0.083,True,False,False,OUT
U_5df75b0c76,O-2,RESIDENT,IN,BHIM,ISSUER_02,True,True,ON,2025-07-03,STD,0.299,0.022,0.358,0.088,True,True,False,OUT
U_a142c3fa25,O-2,RESIDENT,IN,PHONEPE,ISSUER_09,True,True,ON,2026-03-04,STD,0.091,0.063,0.294,-0.111,False,True,False,OUT
U_0823df6a52,O-2,RESIDENT,IN,BHIM,ISSUER_02,True,True,OFF,2025-04-14,STD,0.594,0.091,0.14,0.051,True,True,False,OUT
U_30010ddf37,O-1,RESIDENT,IN,BHIM,ISSUER_05,True,True,ON,2025-03-31,STD,0.395,-0.094,0.136,0.024,True,True,False,OUT
U_c9950e8eae,O-5,RESIDENT,IN,GPAY,ISSUER_06,True,True,ON,2024-10-14,STD,0.466,0.054,0.3,0.004,True,True,False,OUT
U_f16a1af485,O-5,RESIDENT,IN,BHIM,ISSUER_09,True,True,ON,2026-01-26,STD,0.359,0.142,0.262,-0.15,True,True,True,OUT
U_d797691b1a,O-3,RESIDENT,IN,BHIM,ISSUER_10,True,True,OFF,2026-01-18,STD,0.558,0.027,0.381,0.016,True,True,True,OUT
U_fba5d4c972,O-2,RESIDENT,IN,PHONEPE,ISSUER_07,True,True,OFF,2025-01-01,STD,0.544,0.004,0.241,0.268,True,False,False,OUT
U_659dc18eb8,O-1,RESIDENT,IN,GPAY,ISSUER_07,True,True,ON,2025-03-08,STD,0.874,0.118,0.235,-0.106,True,True,False,OUT
U_e4e3947b26,O-1,RESIDENT,IN,GPAY,ISSUER_01,True,True,ON,2026-02-13,STD,0.259,0.169,0.309,-0.083,True,False,False,OUT
U_a3af8a9c0e,O-6,RESIDENT,IN,BHIM,ISSUER_07,True,True,OFF,2026-06-08,STD,0.474,0.21,0.521,0.065,True,True,True,OUT
U_4c2366e668,O-1,RESIDENT,IN,GPAY,ISSUER_08,True,True,ON,2024-08-16,STD,0.343,-0.022,0.101,0.091,True,True,True,OUT
U_027a29176b,O-2,RESIDENT,IN,PHONEPE,ISSUER_06,True,True,OFF,2026-03-09,STD,0.972,0.08,0.129,0.014,True,True,True,OUT
U_cd8709ac31,O-6,RESIDENT,IN,BHIM,ISSUER_11,False,False,OFF,2026-07-26,STD,0.917,0.111,0.181,0.218,True,False,False,OUT
U_11c94c28f9,O-2,RESIDENT,IN,PHONEPE,ISSUER_01,True,True,ON,2024-10-04,STD,0.642,0.051,0.065,0.129,True,True,False,OUT
U_e6b853ae96,O-5,RESIDENT,IN,PHONEPE,ISSUER_02,True,True,OFF,2026-07-26,ELEVATED,0.553,0.403,0.188,-0.047,True,True,True,OUT
U_9e0a51974c,O-2,RESIDENT,IN,GPAY,ISSUER_02,True,True,OFF,2024-09-14,STD,0.724,0.185,0.235,-0.15,False,True,False,OUT
U_944b72e8bf,O-6,RESIDENT,IN,BHIM,ISSUER_12,True,True,OFF,2024-12-15,STD,0.846,0.138,0.186,0.051,True,False,True,OUT
U_76b93cac27,O-1,RESIDENT,IN,BHIM,ISSUER_06,True,True,ON,2024-10-08,STD,0.832,0.14,0.316,0.128,True,False,True,OUT
U_82507b3a56,O-1,RESIDENT,IN,GPAY,ISSUER_07,True,False,ON,2025-03-09,STD,0.163,-0.215,0.179,0.123,False,False,False,OUT
U_5594f905e8,O-1,RESIDENT,IN,GPAY,ISSUER_01,True,True,ON,2026-01-14,STD,0.779,0.106,0.261,-0.115,True,False,False,OUT
U_2df473fe15,O-3,RESIDENT,IN,PHONEPE,ISSUER_10,True,True,OFF,2026-01-27,STD,0.372,0.007,0.165,0.043,True,True,False,OUT
U_d1c58936d6,O-4,RESIDENT,IN,BHIM,ISSUER_03,True,False,OFF,2025-10-17,STD,0.373,0.116,0.387,-0.128,True,False,True,OUT
U_8372ff220f,O-3,RESIDENT,IN,BHIM,ISSUER_07,True,True,ON,2024-08-26,STD,0.334,0.352,0.417,-0.15,False,True,False,OUT
U_44dd9fe746,O-2,RESIDENT,IN,GPAY,ISSUER_10,True,True,ON,2025-11-08,STD,0.594,0.391,0.363,-0.006,True,True,True,OUT
U_bd0d4f0afe,O-6,RESIDENT,IN,BHIM,ISSUER_12,True,True,OFF,2026-05-12,STD,0.393,0.43,0.125,0.021,True,False,False,OUT
U_bdd8506cea,O-4,RESIDENT,IN,PHONEPE,ISSUER_11,True,True,OFF,2026-06-02,ELEVATED,0.691,0.069,0.194,0.272,False,True,True,OUT
U_7f6db06bc3,O-5,RESIDENT,IN,BHIM,ISSUER_09,True,True,ON,2024-10-20,STD,0.544,0.16,0.228,0.265,True,True,True,OUT
U_cbadb89c2d,O-2,RESIDENT,IN,GPAY,ISSUER_06,True,True,OFF,2024-11-02,STD,0.534,0.272,0.094,0.172,True,True,False,OUT
U_0e9b8d23a8,O-1,RESIDENT,IN,GPAY,ISSUER_09,True,True,ON,2025-03-16,STD,0.251,0.143,0.208,-0.107,True,True,False,OUT
U_80c2cc19aa,O-3,RESIDENT,IN,BHIM,ISSUER_12,True,True,OFF,2025-04-23,STD,0.416,0.137,0.13,0.066,True,True,True,OUT
U_83f085a79b,O-1,RESIDENT,IN,BHIM,ISSUER_02,True,True,ON,2025-01-25,STD,0.121,0.6,0.432,-0.15,False,False,True,OUT
U_eb8ca849a9,O-6,RESIDENT,IN,GPAY,ISSUER_09,True,False,OFF,2026-01-23,STD,0.4,0.303,0.363,-0.091,False,True,False,OUT
U_249649df6a,O-2,RESIDENT,IN,BHIM,ISSUER_05,True,True,ON,2026-01-25,STD,0.513,0.463,0.084,0.064,True,True,False,OUT
U_ce29600087,O-6,RESIDENT,IN,BHIM,ISSUER_08,False,False,OFF,2026-03-28,STD,0.529,0.121,0.267,-0.123,True,True,True,OUT
U_9651e3b84f,O-1,RESIDENT,IN,GPAY,ISSUER_11,True,True,ON,2025-01-02,STD,0.398,-0.388,0.709,-0.116,True,True,False,OUT
U_4d03518580,O-3,RESIDENT,IN,GPAY,ISSUER_11,True,True,ON,2026-06-27,STD,0.66,-0.228,0.528,-0.008,True,True,False,OUT
U_b68067af85,O-5,RESIDENT,IN,BHIM,ISSUER_04,True,True,OFF,2025-03-12,STD,0.571,0.277,0.346,0.096,True,True,False,OUT
U_99f81c248e,O-2,RESIDENT,IN,BHIM,ISSUER_06,True,True,OFF,2025-10-06,STD,0.748,0.274,0.281,-0.073,True,True,True,OUT
U_00181ac72d,O-2,RESIDENT,IN,PHONEPE,ISSUER_05,True,True,OFF,2025-08-03,STD,0.802,0.133,0.122,-0.093,False,True,True,OUT
U_b46e7a6ee9,O-1,RESIDENT,IN,GPAY,ISSUER_06,True,True,ON,2025-11-16,STD,0.685,-0.372,0.599,-0.15,True,False,True,OUT
U_f1481e0e90,O-2,RESIDENT,IN,GPAY,ISSUER_03,True,True,ON,2024-08-28,ELEVATED,0.411,0.365,0.273,-0.079,True,True,True,OUT
U_73ac100e7a,O-1,RESIDENT,IN,PHONEPE,ISSUER_05,False,True,ON,2025-06-19,STD,0.703,-0.13,0.884,-0.15,True,True,True,OUT
U_f450db7366,O-5,RESIDENT,IN,BHIM,ISSUER_06,True,True,ON,2026-05-25,STD,0.711,0.257,0.404,-0.131,True,False,False,OUT
U_2f7365e5da,O-6,RESIDENT,IN,BHIM,ISSUER_11,False,False,OFF,2024-12-10,STD,0.487,-0.063,0.422,-0.123,False,True,False,OUT
U_2245365623,O-5,RESIDENT,IN,PHONEPE,ISSUER_04,True,True,OFF,2025-07-23,STD,0.823,0.159,0.251,-0.15,True,True,False,OUT
U_652e673052,O-3,RESIDENT,IN,PHONEPE,ISSUER_05,False,True,OFF,2025-11-20,STD,0.736,0.118,0.208,0.147,True,True,True,OUT
U_a3f522a191,O-2,RESIDENT,IN,PHONEPE,ISSUER_05,True,True,ON,2026-07-20,STD,0.875,0.263,0.125,0.13,False,True,True,OUT
U_fbae49c82d,O-1,RESIDENT,IN,BHIM,ISSUER_01,False,True,ON,2024-11-24,STD,0.644,0.034,0.191,-0.034,True,True,False,OUT
U_32532a7fdd,O-5,RESIDENT,IN,BHIM,ISSUER_12,True,True,OFF,2024-09-01,STD,0.186,0.26,0.214,-0.048,True,False,False,OUT
U_ca3f61b1b1,O-1,RESIDENT,IN,PHONEPE,ISSUER_11,True,True,ON,2026-07-26,STD,0.43,-0.24,0.642,-0.15,True,False,True,OUT
U_f149e7dc45,O-5,RESIDENT,IN,PHONEPE,ISSUER_06,True,True,OFF,2024-10-19,STD,0.631,0.001,0.282,-0.15,True,True,False,OUT
U_a081cf7249,O-1,RESIDENT,IN,GPAY,ISSUER_02,True,True,ON,2026-02-23,STD,0.724,0.241,0.088,0.043,True,False,True,OUT
U_3c0bd786a7,O-6,RESIDENT,IN,GPAY,ISSUER_05,False,False,OFF,2025-12-11,STD,0.487,-0.003,0.579,-0.15,True,False,True,OUT
U_a92d52d673,O-6,RESIDENT,IN,BHIM,ISSUER_03,False,True,OFF,2025-09-22,STD,0.397,0.199,0.293,0.013,True,True,True,OUT
U_249cbfb06c,O-5,RESIDENT,IN,BHIM,ISSUER_08,True,False,ON,2025-06-05,STD,0.684,-0.4,0.438,-0.15,True,True,True,OUT
U_7f2d806e51,O-1,RESIDENT,IN,BHIM,ISSUER_04,False,True,ON,2025-02-03,STD,0.92,-0.065,0.193,-0.051,True,False,True,OUT
U_d476a4014c,O-1,RESIDENT,IN,PHONEPE,ISSUER_06,True,True,ON,2025-06-16,STD,0.77,-0.239,0.227,0.047,False,True,True,OUT
U_572b0ca8e7,O-1,RESIDENT,IN,BHIM,ISSUER_09,True,True,ON,2026-02-01,STD,0.595,-0.128,0.63,-0.086,True,False,True,OUT
U_d664c09ae9,O-1,RESIDENT,IN,PHONEPE,ISSUER_07,True,True,ON,2024-12-26,STD,0.829,0.57,0.191,0.091,True,True,True,OUT
U_a3ff2640f6,O-1,RESIDENT,IN,GPAY,ISSUER_06,True,True,ON,2025-11-24,STD,0.711,0.318,0.514,0.002,True,True,True,OUT
U_247e47a92e,O-6,RESIDENT,IN,BHIM,ISSUER_02,True,True,OFF,2025-10-15,STD,0.272,0.051,0.317,0.091,True,False,True,OUT
U_e193237d3c,O-3,RESIDENT,IN,BHIM,ISSUER_03,True,True,OFF,2025-03-17,STD,0.773,0.088,0.411,0.002,True,True,False,OUT
U_9017d25b7d,O-6,RESIDENT,IN,GPAY,ISSUER_05,False,False,OFF,2025-01-14,STD,0.845,0.516,0.264,-0.052,True,True,True,OUT
U_08beb8eccf,O-1,RESIDENT,IN,PHONEPE,ISSUER_05,True,True,ON,2026-05-02,STD,0.247,-0.113,0.434,0.093,True,True,True,OUT
U_8c6e1d10b3,O-2,RESIDENT,IN,GPAY,ISSUER_10,True,True,ON,2026-07-05,STD,0.362,-0.337,0.714,0.003,False,True,False,OUT
U_c6eaa079e6,O-2,RESIDENT,IN,BHIM,ISSUER_10,True,True,ON,2025-09-10,STD,0.496,0.106,0.178,-0.043,True,False,True,OUT
U_a67f811ce6,O-6,RESIDENT,IN,PHONEPE,ISSUER_08,False,True,OFF,2024-09-09,STD,0.392,0.058,0.285,-0.088,True,False,True,OUT
U_464ac7a328,O-2,RESIDENT,IN,GPAY,ISSUER_03,True,True,OFF,2025-10-03,STD,0.74,0.13,0.354,-0.1,True,True,True,OUT
U_5a4fe756cb,O-1,RESIDENT,IN,BHIM,ISSUER_05,False,False,ON,2024-12-28,STD,0.648,0.313,0.323,0.012,True,True,False,OUT
U_a6c07ac91b,O-2,RESIDENT,IN,GPAY,ISSUER_02,False,True,OFF,2025-06-03,STD,0.876,0.391,0.377,-0.15,True,True,True,OUT
U_8ab1d4e8ea,O-1,RESIDENT,IN,GPAY,ISSUER_05,True,True,ON,2026-04-27,STD,0.097,-0.272,0.441,-0.01,False,False,True,OUT
U_1bfe527484,O-3,RESIDENT,IN,BHIM,ISSUER_06,True,False,ON,2026-03-19,STD,0.3,0.25,0.137,0.034,True,True,True,OUT
U_1bab4b0ab8,O-6,RESIDENT,IN,PHONEPE,ISSUER_05,True,False,OFF,2025-11-21,STD,0.157,0.158,0.26,-0.129,False,True,True,OUT
U_3c3da80b27,O-1,RESIDENT,IN,BHIM,ISSUER_01,False,True,ON,2025-07-22,STD,0.403,0.005,0.306,-0.056,True,True,False,OUT
U_85743e83e5,O-5,RESIDENT,IN,GPAY,ISSUER_10,True,True,ON,2025-11-18,STD,0.393,0.338,0.229,0.082,False,True,True,OUT
U_988281b64a,O-5,RESIDENT,IN,GPAY,ISSUER_02,True,False,OFF,2026-06-29,STD,0.334,-0.088,0.52,-0.111,True,True,False,OUT
U_2fc89c7214,O-6,RESIDENT,IN,BHIM,ISSUER_09,False,False,OFF,2025-08-25,STD,0.553,-0.036,0.293,0.05,True,True,True,OUT
U_a53f4d20f5,O-1,RESIDENT,IN,BHIM,ISSUER_08,True,True,ON,2025-07-29,STD,0.869,0.6,0.352,0.024,False,False,False,OUT
U_316baa5b5c,O-4,RESIDENT,IN,GPAY,ISSUER_10,True,True,ON,2026-01-16,STD,0.138,0.139,0.281,0.128,True,True,True,OUT
U_4a41c346bf,O-1,RESIDENT,IN,PHONEPE,ISSUER_09,True,True,ON,2025-04-25,STD,0.289,0.302,0.362,-0.082,True,True,True,OUT
U_4bc23b48f6,O-3,RESIDENT,IN,GPAY,ISSUER_02,True,False,ON,2024-08-27,STD,0.349,0.31,0.43,-0.15,True,True,False,OUT
U_26311bbbf6,O-1,RESIDENT,IN,GPAY,ISSUER_07,True,True,ON,2025-10-26,STD,0.652,0.6,0.139,-0.015,True,True,True,OUT
U_f0c53029e2,O-3,RESIDENT,IN,PHONEPE,ISSUER_03,True,True,OFF,2024-11-20,STD,0.745,0.266,0.42,0.028,True,False,True,OUT
U_88d20ec6fc,O-4,RESIDENT,IN,PHONEPE,ISSUER_05,True,True,ON,2025-03-31,STD,0.293,0.383,0.432,-0.096,True,True,True,OUT
U_8a83463917,O-1,RESIDENT,IN,PHONEPE,ISSUER_06,True,False,ON,2025-07-23,STD,0.114,-0.034,0.434,0.254,True,True,False,OUT
U_f724ce55c7,O-5,RESIDENT,IN,PHONEPE,ISSUER_10,True,False,ON,2025-01-15,STD,0.037,0.254,0.119,0.011,True,True,True,OUT
U_b86607b9b2,O-1,RESIDENT,IN,BHIM,ISSUER_03,True,True,ON,2026-06-01,STD,0.667,0.121,0.303,-0.071,True,True,False,OUT
U_a21d5f1a08,O-2,RESIDENT,IN,GPAY,ISSUER_02,False,True,ON,2025-07-16,STD,0.301,0.2,0.3,0.044,True,True,True,OUT
U_91635dbf43,O-4,RESIDENT,IN,GPAY,ISSUER_12,True,False,OFF,2024-08-14,STD,0.785,0.128,0.164,0.155,True,True,False,OUT
U_831346fce0,O-2,RESIDENT,IN,GPAY,ISSUER_12,True,False,OFF,2025-12-21,STD,0.866,-0.15,0.256,-0.008,False,False,True,OUT
U_d4509085d0,O-6,RESIDENT,IN,BHIM,ISSUER_02,False,False,OFF,2025-10-01,ELEVATED,0.59,0.369,0.287,-0.135,True,True,False,OUT
U_d9cd3c7e0a,O-5,RESIDENT,IN,BHIM,ISSUER_10,True,True,ON,2026-07-10,STD,0.5,0.267,0.038,0.23,True,False,True,OUT
U_ac7c0b6180,O-1,RESIDENT,IN,PHONEPE,ISSUER_07,True,True,ON,2026-07-03,STD,0.125,-0.162,0.787,-0.073,True,True,True,OUT
U_b62b4648ec,O-3,RESIDENT,IN,BHIM,ISSUER_08,False,True,ON,2026-01-09,STD,0.557,0.248,0.434,0.077,True,False,True,OUT
U_ec5a952188,O-2,RESIDENT,IN,BHIM,ISSUER_01,True,True,OFF,2025-10-04,STD,0.527,0.11,0.347,0.113,False,False,False,OUT
U_c5ab3038a4,O-5,RESIDENT,IN,BHIM,ISSUER_06,False,True,ON,2024-09-03,STD,0.907,-0.012,0.313,-0.102,True,True,False,OUT
U_b04eb405bf,O-5,RESIDENT,IN,GPAY,ISSUER_05,True,True,OFF,2024-09-30,STD,0.552,-0.276,0.085,0.14,True,True,True,OUT
U_4517f65b4c,O-6,RESIDENT,IN,GPAY,ISSUER_08,False,False,OFF,2025-03-21,STD,0.731,-0.269,0.756,-0.118,True,True,True,OUT
U_ce89f98b2c,O-5,RESIDENT,IN,GPAY,ISSUER_11,True,True,OFF,2025-06-18,STD,0.72,0.06,0.094,-0.065,True,True,False,OUT
U_c040faf3ba,O-4,RESIDENT,IN,GPAY,ISSUER_01,True,True,ON,2024-10-09,STD,0.324,0.023,0.101,-0.045,True,True,True,OUT
U_2e1de759fa,O-1,RESIDENT,IN,PHONEPE,ISSUER_06,True,True,ON,2026-02-15,STD,0.393,0.228,0.175,-0.15,True,False,False,OUT
U_d7e05ef4d3,O-1,RESIDENT,IN,PHONEPE,ISSUER_11,True,True,ON,2025-11-04,STD,0.84,0.076,0.112,-0.006,True,False,True,OUT
U_595768a75e,O-2,RESIDENT,IN,BHIM,ISSUER_11,True,True,OFF,2026-06-29,STD,0.098,-0.369,0.089,-0.15,True,False,False,OUT
U_0e442ceac3,O-2,RESIDENT,IN,GPAY,ISSUER_05,True,True,OFF,2025-07-14,STD,0.779,-0.101,0.787,-0.15,True,True,True,OUT
U_810d40d1fc,O-2,RESIDENT,IN,PHONEPE,ISSUER_07,True,True,ON,2026-01-01,STD,0.287,0.389,0.079,0.434,True,False,True,OUT
U_41f4e5be77,O-3,RESIDENT,IN,BHIM,ISSUER_05,True,True,ON,2024-10-20,STD,0.686,0.457,0.432,0.061,True,False,True,OUT
U_47864dfa05,O-2,RESIDENT,IN,PHONEPE,ISSUER_05,True,False,ON,2026-05-19,STD,0.21,0.258,0.053,0.087,True,True,False,OUT
U_8486a9e032,O-1,RESIDENT,IN,GPAY,ISSUER_10,True,True,ON,2025-04-06,STD,0.578,0.322,0.117,0.26,True,True,False,OUT
U_d869cf8439,O-4,RESIDENT,IN,PHONEPE,ISSUER_05,False,True,OFF,2024-12-13,STD,0.793,-0.069,0.834,0.065,False,True,False,OUT
U_8014e1c1d8,O-2,RESIDENT,IN,PHONEPE,ISSUER_11,True,True,OFF,2025-08-18,STD,0.624,0.285,0.198,-0.007,False,False,True,OUT
U_974120d35f,O-6,RESIDENT,IN,PHONEPE,ISSUER_12,False,False,OFF,2024-11-18,STD,0.759,0.057,0.201,-0.15,True,True,False,OUT
U_d209162a71,O-2,RESIDENT,IN,PHONEPE,ISSUER_05,True,False,OFF,2025-08-11,STD,0.582,-0.078,0.943,-0.15,True,True,False,OUT
U_38d637dc88,O-2,RESIDENT,IN,PHONEPE,ISSUER_11,True,True,ON,2026-01-29,STD,0.564,0.13,0.451,-0.15,True,True,True,OUT
U_d341b04350,O-3,RESIDENT,IN,BHIM,ISSUER_09,True,True,OFF,2025-09-22,STD,0.346,0.062,0.259,-0.055,True,True,False,OUT
U_7fdd086c49,O-6,RESIDENT,IN,GPAY,ISSUER_05,False,True,OFF,2025-06-19,STD,0.461,-0.044,0.11,-0.086,False,True,False,OUT
U_dfd361d5a8,O-5,RESIDENT,IN,GPAY,ISSUER_08,True,False,OFF,2025-05-07,STD,0.355,0.344,0.232,-0.146,True,True,True,OUT
U_630f4be4be,O-3,RESIDENT,IN,GPAY,ISSUER_04,True,True,OFF,2025-08-21,STD,0.63,0.103,0.317,0.018,True,True,True,OUT
U_a58392bc2a,O-2,RESIDENT,IN,GPAY,ISSUER_12,True,True,OFF,2025-04-20,STD,0.084,0.32,0.055,-0.142,False,False,False,OUT
U_831977ad16,O-1,RESIDENT,IN,PHONEPE,ISSUER_04,True,True,ON,2025-07-01,STD,0.607,0.241,0.193,0.007,True,True,False,OUT
U_a82df299e5,O-5,RESIDENT,IN,BHIM,ISSUER_02,True,True,OFF,2026-04-28,STD,0.779,0.083,0.321,-0.104,True,False,True,OUT
U_d971f980f2,O-2,RESIDENT,IN,GPAY,ISSUER_02,True,True,ON,2025-04-27,STD,0.236,0.149,0.355,0.089,True,True,True,OUT
U_1473cc3db7,O-3,RESIDENT,IN,BHIM,ISSUER_04,True,True,ON,2026-02-07,STD,0.34,0.6,0.301,0.048,True,True,False,OUT
U_e915f3926b,O-2,RESIDENT,IN,BHIM,ISSUER_11,True,True,ON,2026-03-16,STD,0.583,0.234,0.064,0.16,True,True,True,OUT
U_5896f83736,O-3,RESIDENT,IN,BHIM,ISSUER_02,True,True,OFF,2025-03-08,STD,0.124,0.216,0.2,-0.035,True,False,True,OUT
U_700ad6935c,O-4,RESIDENT,IN,BHIM,ISSUER_11,True,True,ON,2026-04-15,STD,0.176,-0.13,0.23,0.009,True,True,True,OUT
U_7cb3e5de66,O-2,RESIDENT,IN,GPAY,ISSUER_10,True,True,ON,2024-12-15,STD,0.937,-0.106,0.438,-0.139,True,True,False,OUT
U_b5b4bc6a04,O-5,RESIDENT,IN,BHIM,ISSUER_06,True,True,ON,2025-07-30,STD,0.097,0.045,0.163,-0.022,True,True,True,OUT
U_cf32a900b6,O-3,RESIDENT,IN,PHONEPE,ISSUER_01,True,True,ON,2025-12-04,STD,0.588,0.194,0.335,-0.081,True,True,False,OUT
U_1fa415aa7e,O-2,RESIDENT,IN,BHIM,ISSUER_07,True,True,OFF,2025-01-16,STD,0.674,0.383,0.122,-0.03,True,True,False,OUT
U_f92c7d2113,O-4,RESIDENT,IN,BHIM,ISSUER_10,True,True,ON,2025-01-04,STD,0.715,0.197,0.338,0.077,True,True,False,OUT
U_7a18d9e4c6,O-1,RESIDENT,IN,GPAY,ISSUER_03,False,True,ON,2025-04-22,RESTRICTED,0.263,0.102,0.214,0.086,False,True,False,OUT
U_1810c4d54d,O-2,RESIDENT,IN,PHONEPE,ISSUER_04,True,True,OFF,2026-03-06,STD,0.301,0.099,0.153,-0.033,False,True,False,OUT
U_4514f71e85,O-2,RESIDENT,IN,BHIM,ISSUER_12,True,True,ON,2025-05-16,STD,0.714,0.124,0.463,-0.096,True,True,True,OUT
U_5b2af65137,O-1,RESIDENT,IN,BHIM,ISSUER_03,True,True,ON,2025-11-15,STD,0.876,-0.145,0.471,-0.15,True,False,True,OUT
U_d5f2b28008,O-1,RESIDENT,IN,GPAY,ISSUER_12,True,True,ON,2025-11-29,STD,0.481,-0.018,0.306,0.022,True,False,True,OUT
U_71fbf95450,O-1,RESIDENT,IN,PHONEPE,ISSUER_02,True,True,ON,2024-09-02,STD,0.29,0.045,0.216,0.116,True,True,True,OUT
U_3b9c0fcd72,O-1,RESIDENT,IN,GPAY,ISSUER_09,True,True,ON,2026-01-10,STD,0.415,0.19,0.081,-0.018,True,True,True,OUT
U_5c455b5b2b,O-1,RESIDENT,IN,BHIM,ISSUER_10,True,True,ON,2025-10-03,STD,0.163,0.372,0.317,0.119,True,False,False,OUT
U_d4d38a8b0b,O-1,RESIDENT,IN,GPAY,ISSUER_01,True,True,ON,2024-09-22,STD,0.436,0.108,0.156,-0.045,True,False,False,OUT
U_87421e5fd7,O-1,RESIDENT,IN,BHIM,ISSUER_04,True,True,ON,2025-01-08,STD,0.215,0.144,0.135,-0.049,True,True,True,OUT
U_e29fb31ca7,O-6,RESIDENT,IN,GPAY,ISSUER_08,True,False,OFF,2026-05-30,STD,0.664,0.025,0.312,-0.15,True,True,False,OUT
U_ce79b1e2d1,O-2,RESIDENT,IN,BHIM,ISSUER_11,True,True,OFF,2025-02-09,STD,0.334,0.398,0.148,-0.15,False,True,False,OUT
U_dcd5bda631,O-1,RESIDENT,IN,BHIM,ISSUER_06,True,True,ON,2026-04-09,STD,0.585,0.055,0.316,-0.007,True,True,False,OUT
U_43356d5a71,O-3,RESIDENT,IN,GPAY,ISSUER_11,True,True,ON,2025-02-16,STD,0.683,0.356,0.128,0.124,True,True,False,OUT
U_cc8265812a,O-1,RESIDENT,IN,GPAY,ISSUER_04,True,True,ON,2026-03-15,STD,0.294,0.158,0.283,0.036,False,False,True,OUT
U_54d8463821,O-1,RESIDENT,IN,GPAY,ISSUER_02,True,True,ON,2026-02-01,STD,0.105,0.038,0.085,0.208,False,True,False,OUT
U_57636902a7,O-3,RESIDENT,IN,BHIM,ISSUER_03,True,True,OFF,2025-08-25,STD,0.712,0.107,0.342,0.018,True,True,False,OUT
U_3e8973e579,O-3,RESIDENT,IN,GPAY,ISSUER_09,True,True,OFF,2024-10-13,STD,0.88,0.209,0.213,-0.125,True,True,False,OUT
U_e9da5a9314,O-6,RESIDENT,IN,GPAY,ISSUER_06,True,True,OFF,2026-05-24,STD,0.039,0.216,0.101,0.259,False,True,True,OUT
U_77cf5aaa6a,O-1,RESIDENT,IN,BHIM,ISSUER_10,True,True,ON,2026-07-31,STD,0.496,0.21,0.524,-0.081,True,True,True,OUT
U_4a4c0ca06a,O-3,RESIDENT,IN,GPAY,ISSUER_05,True,True,ON,2025-11-23,STD,0.306,0.092,0.217,-0.018,True,True,False,OUT
U_2b0351e280,O-2,RESIDENT,IN,PHONEPE,ISSUER_01,True,True,OFF,2025-09-10,STD,0.498,0.195,0.06,0.263,True,True,True,OUT
U_0f42279197,O-2,RESIDENT,IN,BHIM,ISSUER_12,False,False,OFF,2025-01-16,STD,0.546,0.189,0.287,0.116,False,False,True,OUT
U_8a0265df13,O-2,RESIDENT,IN,BHIM,ISSUER_09,True,True,OFF,2025-08-02,STD,0.555,-0.076,0.644,-0.15,False,False,True,OUT
U_6615ca05a0,O-1,RESIDENT,IN,GPAY,ISSUER_12,True,True,ON,2026-04-01,STD,0.539,0.122,0.221,-0.15,True,True,True,OUT
U_d906df3b22,O-2,RESIDENT,IN,PHONEPE,ISSUER_08,True,True,ON,2024-11-02,STD,0.557,-0.216,0.368,0.244,True,True,True,OUT
U_3655e10a7b,O-2,RESIDENT,IN,PHONEPE,ISSUER_08,False,True,ON,2026-02-25,STD,0.774,0.274,0.213,-0.109,True,False,True,OUT
U_30eb0f9357,O-6,RESIDENT,IN,BHIM,ISSUER_08,True,False,OFF,2024-11-04,STD,0.347,0.129,0.037,0.137,False,True,False,OUT
U_169d53b1b2,O-2,RESIDENT,IN,GPAY,ISSUER_05,False,True,OFF,2025-04-09,STD,0.81,0.311,0.216,0.084,True,True,True,OUT
U_8ca81608be,O-3,RESIDENT,IN,GPAY,ISSUER_06,True,True,OFF,2025-11-22,STD,0.36,0.117,0.402,-0.135,False,False,False,OUT
U_0fd1bcd689,O-2,RESIDENT,IN,BHIM,ISSUER_07,True,True,ON,2026-07-19,STD,0.664,0.078,0.178,0.31,True,True,False,OUT
U_eba5102431,O-2,RESIDENT,IN,BHIM,ISSUER_12,True,True,OFF,2024-11-01,STD,0.42,-0.009,0.127,0.145,True,False,True,OUT
U_6b284a4fbb,O-3,RESIDENT,IN,PHONEPE,ISSUER_02,True,True,OFF,2026-06-01,STD,0.672,0.002,0.3,-0.099,True,False,True,OUT
U_6ee2b85712,O-3,RESIDENT,IN,GPAY,ISSUER_02,True,True,OFF,2025-11-19,STD,0.902,-0.049,0.329,-0.017,True,True,False,OUT
U_1700625efa,O-3,RESIDENT,IN,BHIM,ISSUER_04,True,True,ON,2025-03-12,STD,0.827,-0.009,0.47,-0.15,True,True,True,OUT
U_1e4a426b32,O-3,RESIDENT,IN,GPAY,ISSUER_02,True,True,ON,2025-08-06,STD,0.089,0.225,0.226,-0.094,False,True,True,OUT
U_325b02bee6,O-1,RESIDENT,IN,GPAY,ISSUER_05,True,True,ON,2025-06-06,STD,0.181,0.204,0.196,0.029,True,False,False,OUT
U_9ecf56486b,O-5,RESIDENT,IN,PHONEPE,ISSUER_05,True,True,ON,2025-12-03,STD,0.774,0.46,0.209,-0.069,True,False,True,OUT
U_507a808faf,O-3,RESIDENT,IN,PHONEPE,ISSUER_07,True,True,ON,2026-01-17,STD,0.531,0.23,0.435,-0.15,True,True,False,OUT
U_6ab3183172,O-1,RESIDENT,IN,PHONEPE,ISSUER_05,True,True,ON,2025-02-15,STD,0.748,-0.11,0.106,0.45,True,False,False,OUT
U_46ae28e9b2,O-2,RESIDENT,IN,BHIM,ISSUER_10,True,True,OFF,2024-11-29,STD,0.369,0.442,0.178,0.258,True,True,False,OUT
U_40d674a597,O-2,RESIDENT,IN,BHIM,ISSUER_11,True,True,ON,2025-09-10,STD,0.505,0.313,0.324,-0.15,True,True,True,OUT
U_f41f49fa5d,O-6,RESIDENT,IN,PHONEPE,ISSUER_10,False,False,OFF,2025-12-01,STD,0.214,0.065,0.266,-0.031,True,True,True,OUT
U_ac814d7960,O-4,RESIDENT,IN,BHIM,ISSUER_06,True,True,OFF,2025-02-25,STD,0.433,0.422,0.306,0.127,True,True,True,OUT
U_e75ddb70ac,O-1,RESIDENT,IN,PHONEPE,ISSUER_06,True,True,ON,2024-11-25,STD,0.406,0.128,0.14,-0.079,True,True,True,OUT
U_743babebc1,O-6,RESIDENT,IN,GPAY,ISSUER_09,False,False,OFF,2026-01-03,STD,0.506,0.07,0.377,0.1,True,True,True,OUT
U_b827d141a5,O-6,RESIDENT,IN,BHIM,ISSUER_08,False,False,OFF,2026-05-09,STD,0.493,0.307,0.119,0.067,False,False,True,OUT
U_241b0afddd,O-6,RESIDENT,IN,BHIM,ISSUER_08,False,True,OFF,2024-11-30,STD,0.451,0.185,0.267,-0.15,False,False,True,OUT
U_42c1a93f1d,O-2,RESIDENT,IN,BHIM,ISSUER_10,False,True,OFF,2026-07-04,STD,0.411,0.249,0.33,0.108,True,False,False,OUT
U_81545b4acb,O-5,RESIDENT,IN,BHIM,ISSUER_05,True,True,ON,2026-07-06,STD,0.557,0.004,0.338,0.016,False,True,True,OUT
U_577488b3d2,O-6,RESIDENT,IN,GPAY,ISSUER_06,True,True,OFF,2025-10-13,STD,0.564,0.443,0.144,0.145,True,True,True,OUT
U_6030d119f6,O-6,RESIDENT,IN,BHIM,ISSUER_03,True,False,OFF,2025-07-16,STD,0.367,-0.097,0.689,-0.144,True,False,False,OUT
U_7e1f8bf58e,O-2,RESIDENT,IN,PHONEPE,ISSUER_09,True,True,ON,2024-10-30,STD,0.704,0.322,0.162,0.133,True,True,False,OUT
U_5ad3c9322a,O-2,RESIDENT,IN,PHONEPE,ISSUER_02,True,True,OFF,2026-01-14,STD,0.607,0.089,0.477,-0.013,True,True,True,OUT
U_edae74e4af,O-1,RESIDENT,IN,GPAY,ISSUER_01,True,True,ON,2026-01-13,STD,0.797,-0.083,0.805,-0.15,True,False,False,OUT
U_7f2ae2998c,O-3,RESIDENT,IN,GPAY,ISSUER_01,True,True,ON,2026-03-29,STD,0.536,-0.096,0.682,-0.017,True,False,False,OUT
U_4e32d74296,O-5,RESIDENT,IN,PHONEPE,ISSUER_05,True,True,OFF,2025-11-14,STD,0.439,0.144,0.089,-0.05,False,True,False,OUT
U_eeb329ead9,O-3,RESIDENT,IN,BHIM,ISSUER_08,True,True,ON,2025-04-09,STD,0.196,-0.209,0.882,-0.15,True,True,False,OUT
U_6ae5252b35,O-3,RESIDENT,IN,PHONEPE,ISSUER_01,True,True,OFF,2024-11-17,STD,0.357,0.167,0.19,0.284,True,True,False,OUT
U_894b44d458,O-3,RESIDENT,IN,PHONEPE,ISSUER_01,True,True,OFF,2025-03-20,STD,0.726,-0.324,0.695,-0.111,True,True,False,OUT
U_1c70ed26c8,O-1,RESIDENT,IN,BHIM,ISSUER_09,True,True,ON,2024-12-08,STD,0.33,0.136,0.225,0.045,True,True,False,OUT
U_6de0d69193,O-4,RESIDENT,IN,PHONEPE,ISSUER_08,True,True,ON,2025-02-15,STD,0.14,0.139,0.476,0.138,False,True,True,OUT
U_769d0558ea,O-6,RESIDENT,IN,BHIM,ISSUER_02,True,True,OFF,2026-05-09,STD,0.378,0.11,0.183,-0.066,True,False,False,OUT
U_b96f2af569,O-5,RESIDENT,IN,PHONEPE,ISSUER_10,True,True,OFF,2025-06-17,STD,0.716,0.189,0.323,-0.054,True,True,True,OUT
U_646660b58d,O-1,RESIDENT,IN,PHONEPE,ISSUER_11,True,True,ON,2025-03-17,STD,0.738,0.58,0.326,0.02,True,True,True,OUT
U_6131cab984,O-1,RESIDENT,IN,PHONEPE,ISSUER_04,True,True,ON,2025-01-01,STD,0.704,0.47,0.25,0.197,True,True,True,OUT
U_b269ba42f6,O-5,RESIDENT,IN,PHONEPE,ISSUER_02,True,True,OFF,2025-04-26,STD,0.703,-0.066,0.673,-0.15,True,False,False,OUT
U_1d8e8fbe30,O-6,RESIDENT,IN,PHONEPE,ISSUER_07,False,False,OFF,2025-01-31,STD,0.121,0.249,0.307,0.011,False,True,True,OUT
U_bbc9f9a1ed,O-4,RESIDENT,IN,PHONEPE,ISSUER_08,True,True,ON,2024-08-16,STD,0.919,0.059,0.13,0.054,True,False,True,OUT
U_6fd5e3e963,O-5,RESIDENT,IN,PHONEPE,ISSUER_08,True,True,ON,2025-09-14,STD,0.365,0.287,0.188,-0.023,True,False,True,OUT
U_f301397707,O-6,RESIDENT,IN,BHIM,ISSUER_07,True,True,OFF,2026-03-21,STD,0.273,0.174,0.06,0.109,True,True,False,OUT
U_74909e7822,O-6,RESIDENT,IN,GPAY,ISSUER_07,False,False,OFF,2026-05-21,STD,0.199,0.058,0.209,-0.15,False,True,True,OUT
U_55bc043cd0,O-1,RESIDENT,IN,BHIM,ISSUER_07,True,True,ON,2025-11-25,STD,0.813,-0.138,0.939,-0.06,True,True,False,OUT
U_aaf89a6c14,O-1,RESIDENT,IN,BHIM,ISSUER_06,True,False,ON,2025-01-17,STD,0.321,-0.034,0.051,0.307,True,False,True,OUT
U_ca51dd7697,O-2,RESIDENT,IN,GPAY,ISSUER_08,False,True,OFF,2024-10-21,STD,0.152,-0.4,0.427,-0.15,True,False,True,OUT
U_294b109607,O-3,RESIDENT,IN,PHONEPE,ISSUER_04,False,True,OFF,2024-12-08,STD,0.348,0.371,0.105,0.149,True,False,True,OUT
U_8aa534f7a4,O-3,RESIDENT,IN,GPAY,ISSUER_10,True,True,OFF,2026-07-16,STD,0.331,0.271,0.221,0.187,True,True,True,OUT
U_e9ffde8356,O-2,RESIDENT,IN,GPAY,ISSUER_10,True,False,OFF,2025-08-10,RESTRICTED,0.141,0.266,0.317,-0.15,True,False,False,OUT
U_a53d6c83d1,O-3,RESIDENT,IN,GPAY,ISSUER_05,True,True,OFF,2025-06-17,STD,0.346,0.051,0.1,-0.081,True,True,False,OUT
U_b3d0dd231e,O-5,RESIDENT,IN,GPAY,ISSUER_06,True,True,OFF,2024-10-28,STD,0.381,0.107,0.115,0.013,True,True,True,OUT
U_c3b8602135,O-6,RESIDENT,IN,PHONEPE,ISSUER_06,True,False,OFF,2026-07-05,STD,0.731,0.256,0.408,-0.061,True,True,False,OUT
U_a90c220045,O-2,RESIDENT,IN,GPAY,ISSUER_03,True,True,ON,2025-12-06,STD,0.487,0.345,0.193,0.21,True,True,True,OUT
U_e84d37714e,O-3,RESIDENT,IN,BHIM,ISSUER_01,True,True,ON,2026-06-14,STD,0.281,0.296,0.176,0.059,True,True,False,OUT
U_d7ad099232,O-2,RESIDENT,IN,GPAY,ISSUER_09,True,True,OFF,2026-01-28,STD,0.68,0.23,0.309,-0.084,True,True,True,OUT
U_d94dcd56d6,O-3,RESIDENT,IN,BHIM,ISSUER_12,True,True,ON,2025-12-21,STD,0.662,-0.383,0.195,0.021,True,True,True,OUT
U_bf6427e65e,O-6,RESIDENT,IN,PHONEPE,ISSUER_04,True,False,OFF,2024-08-16,STD,0.599,0.059,0.336,-0.103,True,True,True,OUT
U_43f449878b,O-6,RESIDENT,IN,PHONEPE,ISSUER_03,False,False,OFF,2025-11-18,STD,0.656,-0.043,0.331,0.011,True,True,True,OUT
U_1affca5632,O-5,RESIDENT,IN,GPAY,ISSUER_02,True,True,ON,2025-01-22,STD,0.637,0.246,0.202,0.035,True,False,False,OUT
U_298203aafc,O-5,RESIDENT,IN,PHONEPE,ISSUER_06,True,True,OFF,2024-08-15,ELEVATED,0.505,0.29,0.026,0.366,False,False,False,OUT
U_de4bdcde23,O-2,RESIDENT,IN,GPAY,ISSUER_05,True,True,ON,2025-09-08,STD,0.726,-0.067,0.408,-0.092,True,False,False,OUT
U_785f999d16,O-5,RESIDENT,IN,GPAY,ISSUER_10,True,True,OFF,2025-03-30,STD,0.509,0.262,0.468,-0.15,False,True,False,OUT
U_bff85dca91,O-1,RESIDENT,IN,BHIM,ISSUER_11,True,True,ON,2026-06-09,RESTRICTED,0.797,0.031,0.144,0.058,False,True,True,OUT
U_4c010abd6c,O-6,RESIDENT,IN,GPAY,ISSUER_10,True,False,OFF,2025-02-09,STD,0.16,0.411,0.337,-0.15,True,True,False,OUT
U_e767712bfc,O-3,RESIDENT,IN,BHIM,ISSUER_09,True,True,OFF,2026-07-03,STD,0.514,-0.257,0.506,-0.071,True,True,False,OUT
U_4e81c4f206,O-6,RESIDENT,IN,BHIM,ISSUER_03,False,False,OFF,2025-02-05,STD,0.568,0.383,0.338,-0.046,True,True,False,OUT
U_125dafcba9,O-1,RESIDENT,IN,GPAY,ISSUER_02,True,False,ON,2024-12-21,STD,0.891,0.156,0.259,-0.09,True,False,False,OUT
U_e3e39f6923,O-4,RESIDENT,IN,PHONEPE,ISSUER_06,True,True,ON,2025-06-17,STD,0.665,0.257,0.432,-0.049,True,False,True,OUT
U_34556a7e39,O-6,RESIDENT,IN,GPAY,ISSUER_09,False,False,OFF,2025-08-04,STD,0.372,0.104,0.21,-0.056,True,True,False,OUT
U_66ff29c82a,O-3,RESIDENT,IN,BHIM,ISSUER_10,True,False,OFF,2025-05-21,ELEVATED,0.767,-0.146,0.237,0.217,True,False,True,OUT
U_3c7f075d65,O-3,RESIDENT,IN,PHONEPE,ISSUER_05,True,True,OFF,2024-11-11,STD,0.589,-0.12,0.257,-0.091,True,True,False,OUT
U_de9c6f7ded,O-5,RESIDENT,IN,GPAY,ISSUER_08,True,True,ON,2025-11-12,ELEVATED,0.93,0.307,0.172,0.157,True,True,True,OUT
U_d5b4acdca9,O-1,RESIDENT,IN,GPAY,ISSUER_03,False,True,ON,2026-02-06,STD,0.175,0.145,0.352,0.195,True,False,True,OUT
U_0a5631f91c,O-3,RESIDENT,IN,BHIM,ISSUER_09,True,True,ON,2025-06-10,STD,0.59,0.191,0.447,0.015,True,True,False,OUT
U_8de0fdd2bc,O-6,RESIDENT,IN,GPAY,ISSUER_01,True,False,OFF,2025-07-12,STD,0.22,0.208,0.149,0.001,False,True,True,OUT
U_107ef7b87f,O-2,RESIDENT,IN,PHONEPE,ISSUER_10,True,False,OFF,2025-02-15,STD,0.658,0.003,0.1,0.229,True,False,True,OUT
U_f10a9e05e9,O-4,RESIDENT,IN,PHONEPE,ISSUER_04,True,True,ON,2026-06-08,STD,0.624,0.366,0.502,-0.15,True,True,True,OUT
U_10a8c78581,O-3,RESIDENT,IN,GPAY,ISSUER_04,False,False,ON,2024-12-08,STD,0.444,0.368,0.061,-0.009,False,True,False,OUT
U_bdff45b229,O-5,RESIDENT,IN,PHONEPE,ISSUER_07,True,True,OFF,2026-04-02,STD,0.754,-0.161,0.25,0.013,True,True,False,OUT
U_55ad872eee,O-2,RESIDENT,IN,BHIM,ISSUER_10,True,True,OFF,2026-05-22,STD,0.378,-0.12,0.392,0.042,True,True,True,OUT
U_1fb56f2a49,O-5,RESIDENT,IN,BHIM,ISSUER_04,False,True,ON,2025-03-06,STD,0.286,0.308,0.267,0.018,False,False,False,OUT
U_03fb54d3da,O-1,RESIDENT,IN,BHIM,ISSUER_03,True,True,ON,2024-12-24,STD,0.27,0.077,0.176,0.024,True,True,False,OUT
U_83af92b5bc,O-6,RESIDENT,IN,PHONEPE,ISSUER_05,False,False,OFF,2026-02-19,STD,0.703,0.038,0.435,-0.094,False,True,True,OUT
U_409d6b8a5e,O-1,RESIDENT,IN,GPAY,ISSUER_03,True,True,ON,2024-09-17,STD,0.384,0.003,0.318,0.141,True,True,False,OUT
U_108d11ef53,O-5,RESIDENT,IN,PHONEPE,ISSUER_08,True,True,ON,2025-10-25,STD,0.436,0.279,0.18,-0.045,False,True,False,OUT
U_680144f38d,O-1,RESIDENT,IN,BHIM,ISSUER_02,True,True,ON,2025-03-08,STD,0.28,-0.146,0.511,0.098,True,True,True,OUT
U_0ad0c99f3d,O-4,RESIDENT,IN,PHONEPE,ISSUER_08,True,True,ON,2026-04-15,STD,0.141,-0.044,0.654,-0.145,True,False,True,OUT
U_37aa378fbd,O-6,RESIDENT,IN,GPAY,ISSUER_06,True,False,OFF,2025-10-15,STD,0.061,0.237,0.139,0.114,True,False,False,OUT
U_917ea73305,O-5,RESIDENT,IN,GPAY,ISSUER_11,True,True,ON,2026-04-22,STD,0.561,0.309,0.323,-0.118,True,True,True,OUT
U_7007c6e965,O-5,RESIDENT,IN,PHONEPE,ISSUER_12,True,False,OFF,2024-09-11,STD,0.446,0.069,0.162,-0.105,True,True,False,OUT
U_25f8e55734,O-2,RESIDENT,IN,BHIM,ISSUER_09,True,True,OFF,2024-09-18,STD,0.272,-0.114,0.783,0.039,True,True,True,OUT
U_7ea7dd1ecb,O-1,RESIDENT,IN,PHONEPE,ISSUER_03,False,True,ON,2026-01-14,STD,0.479,0.342,0.241,-0.15,True,False,False,OUT
U_a531f4d066,O-5,RESIDENT,IN,BHIM,ISSUER_01,True,True,OFF,2026-01-19,STD,0.265,0.054,0.321,0.158,True,True,False,OUT
U_72f655e172,O-6,RESIDENT,IN,PHONEPE,ISSUER_10,False,False,OFF,2025-02-08,STD,0.56,-0.008,0.493,0.09,True,True,False,OUT
U_7ad2a0c6a0,O-2,RESIDENT,IN,GPAY,ISSUER_07,True,True,ON,2025-12-25,STD,0.571,0.529,0.261,-0.033,True,False,True,OUT
U_36f8aebc21,O-4,RESIDENT,IN,BHIM,ISSUER_02,True,True,OFF,2026-02-03,STD,0.696,0.042,0.047,0.179,True,True,True,OUT
U_c699357b3b,O-1,RESIDENT,IN,PHONEPE,ISSUER_12,False,True,ON,2025-12-15,STD,0.78,0.294,0.383,-0.104,True,False,True,OUT
U_bde08836df,O-5,RESIDENT,IN,PHONEPE,ISSUER_01,True,True,OFF,2024-10-05,STD,0.717,0.279,0.337,-0.017,False,False,True,OUT
U_50ec44fb26,O-1,RESIDENT,IN,PHONEPE,ISSUER_09,True,True,ON,2024-12-25,STD,0.303,0.159,0.321,-0.15,True,False,True,OUT
U_b9c60542e2,O-1,RESIDENT,IN,BHIM,ISSUER_06,True,True,ON,2025-11-17,STD,0.735,0.029,0.243,-0.007,True,True,False,OUT
U_51aea36348,O-1,RESIDENT,IN,PHONEPE,ISSUER_02,True,True,ON,2025-02-27,STD,0.594,0.387,0.246,0.174,True,True,False,OUT
U_e774f1ba73,O-3,RESIDENT,IN,PHONEPE,ISSUER_02,True,True,ON,2025-02-20,STD,0.219,-0.027,0.799,-0.083,True,True,False,OUT
U_72138d4ac6,O-1,RESIDENT,IN,GPAY,ISSUER_02,True,True,ON,2025-07-12,STD,0.807,0.115,0.04,0.269,True,True,False,OUT
U_40ebdb6744,O-4,RESIDENT,IN,GPAY,ISSUER_08,True,True,ON,2026-05-04,STD,0.659,0.25,0.234,0.174,False,True,False,OUT
U_5f515a80d9,O-1,RESIDENT,IN,GPAY,ISSUER_04,True,True,ON,2026-02-09,STD,0.37,0.565,0.238,-0.001,True,True,True,OUT
U_74be4fb62b,O-2,RESIDENT,IN,PHONEPE,ISSUER_01,True,True,ON,2026-02-10,STD,0.39,0.017,0.266,0.069,False,True,False,OUT
U_fd01ee6f71,O-1,RESIDENT,IN,BHIM,ISSUER_11,True,True,ON,2025-06-18,STD,0.502,0.004,0.184,0.211,True,True,False,OUT
U_d8f58fd51f,O-1,RESIDENT,IN,PHONEPE,ISSUER_08,False,True,ON,2025-05-04,STD,0.24,0.484,0.079,-0.108,True,True,True,OUT
U_70b3d46b4b,O-2,RESIDENT,IN,BHIM,ISSUER_12,False,True,ON,2024-09-22,STD,0.571,0.12,0.074,0.082,True,True,True,OUT
U_08d86cccd5,O-3,RESIDENT,IN,PHONEPE,ISSUER_01,True,True,OFF,2025-10-16,STD,0.17,0.055,0.357,0.276,True,True,True,OUT
U_37817908f2,O-4,RESIDENT,IN,PHONEPE,ISSUER_09,True,True,ON,2026-04-24,STD,0.283,0.043,0.118,-0.016,True,True,True,OUT
U_1ce23910cf,O-3,RESIDENT,IN,BHIM,ISSUER_06,True,True,OFF,2024-12-31,STD,0.839,0.212,0.124,-0.025,True,True,False,OUT
U_4ae7e222b3,O-1,RESIDENT,IN,GPAY,ISSUER_04,True,True,ON,2025-10-10,STD,0.153,0.252,0.231,-0.084,True,True,True,OUT
U_982f0f91e5,O-4,RESIDENT,IN,BHIM,ISSUER_02,True,True,OFF,2025-08-27,STD,0.69,0.363,0.18,0.098,True,True,True,OUT
U_c3c82aa3c1,O-5,RESIDENT,IN,PHONEPE,ISSUER_03,False,True,OFF,2025-01-18,STD,0.225,0.204,0.21,0.066,True,False,False,OUT
U_d959f213d2,O-6,RESIDENT,IN,PHONEPE,ISSUER_05,True,True,OFF,2025-09-12,STD,0.165,0.103,0.152,0.025,True,False,True,OUT
U_d201c45792,O-2,RESIDENT,IN,BHIM,ISSUER_12,True,True,OFF,2026-06-02,STD,0.469,0.056,0.146,0.015,True,False,False,OUT
U_d0cb63ab1d,O-6,RESIDENT,IN,BHIM,ISSUER_01,False,False,OFF,2024-08-21,STD,0.504,0.093,0.518,-0.064,True,True,True,OUT
U_53801f57bb,O-1,RESIDENT,IN,PHONEPE,ISSUER_08,True,False,ON,2025-03-01,STD,0.83,0.196,0.452,-0.15,True,False,True,OUT
U_7705a854e4,O-3,RESIDENT,IN,PHONEPE,ISSUER_12,True,True,OFF,2026-04-28,STD,0.763,-0.081,0.517,0.071,True,False,False,OUT
U_eef1845d62,O-1,RESIDENT,IN,GPAY,ISSUER_08,True,True,ON,2026-04-06,STD,0.719,-0.061,0.444,-0.15,False,False,True,OUT
U_4b6d11f98d,O-3,RESIDENT,IN,PHONEPE,ISSUER_06,True,True,OFF,2025-01-28,STD,0.147,-0.016,0.064,0.16,True,True,False,OUT
U_e6cbbd168a,O-6,RESIDENT,IN,PHONEPE,ISSUER_07,False,False,OFF,2026-03-30,STD,0.798,0.182,0.537,-0.09,True,True,False,OUT
U_1344e1ae98,O-6,RESIDENT,IN,BHIM,ISSUER_02,False,True,OFF,2025-06-08,STD,0.154,0.134,0.078,0.101,True,False,False,OUT
U_210a3ba075,O-2,RESIDENT,IN,PHONEPE,ISSUER_02,True,True,OFF,2025-06-01,STD,0.243,0.071,0.429,0.028,True,False,False,OUT
U_a64f3191e2,O-2,RESIDENT,IN,BHIM,ISSUER_03,True,True,OFF,2026-01-28,STD,0.455,0.126,0.103,0.114,True,False,False,OUT
U_55d90a9ea2,O-2,RESIDENT,IN,GPAY,ISSUER_10,True,True,ON,2024-10-12,STD,0.18,-0.144,0.381,0.081,False,False,False,OUT
U_fb86a0b55e,O-2,RESIDENT,IN,PHONEPE,ISSUER_02,True,True,ON,2025-05-18,STD,0.523,-0.094,0.699,-0.132,False,True,False,OUT
U_9ca3807368,O-1,RESIDENT,IN,GPAY,ISSUER_07,True,True,ON,2024-11-11,STD,0.587,-0.4,0.686,-0.15,True,True,False,OUT
U_0f585ff51e,O-3,RESIDENT,IN,PHONEPE,ISSUER_10,True,True,OFF,2026-06-22,STD,0.478,0.531,0.196,0.11,True,True,False,OUT
U_23edc08aca,O-1,RESIDENT,IN,GPAY,ISSUER_04,True,True,ON,2024-08-30,STD,0.519,-0.029,0.541,-0.15,True,False,False,OUT
U_6bed5c2641,O-1,RESIDENT,IN,PHONEPE,ISSUER_01,True,False,ON,2025-05-15,STD,0.495,0.087,0.048,0.089,True,True,True,OUT
U_72ba3bf314,O-2,RESIDENT,IN,BHIM,ISSUER_08,True,False,OFF,2026-04-17,STD,0.932,0.241,0.273,0.049,True,False,False,OUT
U_2cb083bf56,O-2,RESIDENT,IN,GPAY,ISSUER_02,True,True,ON,2026-05-27,STD,0.62,0.136,0.137,0.228,False,True,False,OUT
U_748ee59d09,O-1,RESIDENT,IN,BHIM,ISSUER_07,True,True,ON,2026-03-19,STD,0.672,0.06,0.375,0.073,True,True,True,OUT
U_3adc707a89,O-1,RESIDENT,IN,PHONEPE,ISSUER_01,True,False,ON,2025-09-20,STD,0.638,0.021,0.372,0.088,True,True,True,OUT
U_5b53d461de,O-4,RESIDENT,IN,PHONEPE,ISSUER_05,True,True,ON,2025-11-21,STD,0.785,0.428,0.309,-0.028,True,True,True,OUT
U_65b7176fa6,O-2,RESIDENT,IN,GPAY,ISSUER_03,True,True,ON,2025-08-24,STD,0.944,0.187,0.269,-0.078,False,True,True,OUT
U_88c702d48b,O-3,RESIDENT,IN,GPAY,ISSUER_04,True,False,OFF,2025-05-13,STD,0.344,0.14,0.21,-0.06,False,False,False,OUT
U_8a37dade94,O-2,RESIDENT,IN,BHIM,ISSUER_06,True,True,ON,2024-10-05,STD,0.481,0.352,0.072,-0.019,True,True,False,OUT
U_b6595395a8,O-5,RESIDENT,IN,PHONEPE,ISSUER_05,True,True,ON,2025-04-04,STD,0.199,0.079,0.308,-0.116,True,True,True,OUT
U_dbca663b3b,O-1,RESIDENT,IN,PHONEPE,ISSUER_08,True,True,ON,2025-03-08,ELEVATED,0.383,0.24,0.239,0.117,False,False,True,OUT
U_a2d1dc337a,O-3,RESIDENT,IN,BHIM,ISSUER_05,True,False,ON,2025-10-29,STD,0.644,0.23,0.421,0.062,True,True,True,OUT
U_202ebe6f0d,O-5,RESIDENT,IN,GPAY,ISSUER_03,True,True,ON,2025-10-07,STD,0.151,0.419,0.206,0.163,False,True,False,OUT
U_1b009fa3cd,O-2,RESIDENT,IN,BHIM,ISSUER_02,False,True,OFF,2024-09-01,STD,0.325,0.114,0.438,0.002,False,True,True,OUT
U_dfeeab32c4,O-2,RESIDENT,IN,PHONEPE,ISSUER_04,True,True,OFF,2025-12-17,STD,0.669,-0.117,0.226,0.097,True,False,False,OUT
U_31ff9bcd69,O-2,RESIDENT,IN,GPAY,ISSUER_02,False,True,OFF,2025-02-03,STD,0.782,-0.165,0.57,-0.117,False,False,True,OUT
U_c37df09299,O-2,RESIDENT,IN,GPAY,ISSUER_08,False,True,OFF,2026-06-21,STD,0.532,0.023,0.292,-0.003,False,True,True,OUT
U_ed14efa764,O-6,RESIDENT,IN,BHIM,ISSUER_10,False,True,OFF,2025-06-25,STD,0.636,0.284,0.199,-0.146,True,True,True,OUT
U_616885ad76,O-3,RESIDENT,IN,GPAY,ISSUER_10,True,True,OFF,2025-03-04,STD,0.256,0.001,0.209,0.152,True,False,False,OUT
U_e44d496042,O-2,RESIDENT,IN,BHIM,ISSUER_03,True,True,OFF,2024-11-13,STD,0.376,0.194,0.287,0.003,True,True,True,OUT
U_ea7c24b20f,O-2,RESIDENT,IN,BHIM,ISSUER_04,True,False,ON,2025-07-20,STD,0.094,0.193,0.357,-0.12,True,True,True,OUT
U_0a46b581f1,O-4,RESIDENT,IN,GPAY,ISSUER_03,True,True,OFF,2025-03-26,ELEVATED,0.456,-0.133,0.15,0.012,False,False,True,OUT
U_a93652fcde,O-1,RESIDENT,IN,PHONEPE,ISSUER_07,True,True,ON,2026-02-17,ELEVATED,0.253,-0.135,0.74,-0.15,False,True,True,OUT
U_cf47454264,O-2,RESIDENT,IN,PHONEPE,ISSUER_02,True,True,ON,2025-03-09,STD,0.165,0.291,0.187,-0.067,True,True,False,OUT
U_2d6c0eefd7,O-5,RESIDENT,IN,PHONEPE,ISSUER_07,True,True,ON,2025-09-19,STD,0.62,0.029,0.176,-0.121,True,True,True,OUT
U_c2e9a27543,O-1,RESIDENT,IN,PHONEPE,ISSUER_03,True,True,ON,2025-01-19,STD,0.481,0.131,0.282,-0.002,True,False,True,OUT
U_75c4878c9d,O-1,RESIDENT,IN,GPAY,ISSUER_11,True,True,ON,2025-07-30,STD,0.053,0.04,0.286,-0.15,False,True,True,OUT
U_d1717b1aca,O-2,RESIDENT,IN,BHIM,ISSUER_08,True,True,OFF,2025-02-24,STD,0.582,0.367,0.145,0.123,True,True,False,OUT
U_c9150bdcbe,O-1,RESIDENT,IN,PHONEPE,ISSUER_01,True,True,ON,2026-06-25,STD,0.53,0.12,0.214,0.068,True,True,False,OUT
U_784bd12e19,O-5,RESIDENT,IN,BHIM,ISSUER_09,True,True,OFF,2026-05-18,STD,0.686,0.14,0.35,0.001,True,True,False,OUT
U_9331f740dc,O-4,RESIDENT,IN,GPAY,ISSUER_10,True,True,ON,2025-06-12,STD,0.25,0.104,0.296,-0.086,True,True,True,OUT
U_b9bab96f10,O-1,RESIDENT,IN,BHIM,ISSUER_09,True,True,ON,2025-01-27,STD,0.471,-0.113,0.404,-0.143,True,True,True,OUT
U_7adb8ac60c,O-4,RESIDENT,IN,PHONEPE,ISSUER_03,True,True,ON,2026-03-28,STD,0.647,0.081,0.106,0.198,True,False,True,OUT
U_103b4b11d2,O-2,RESIDENT,IN,PHONEPE,ISSUER_12,True,True,OFF,2025-12-08,STD,0.574,0.225,0.305,0.214,True,True,True,OUT
U_852e0d2d58,O-2,RESIDENT,IN,BHIM,ISSUER_07,True,True,OFF,2024-11-29,STD,0.534,0.188,0.272,-0.053,False,False,False,OUT
U_4db79c2534,O-6,RESIDENT,IN,GPAY,ISSUER_05,False,False,OFF,2025-11-18,STD,0.389,-0.364,0.166,-0.15,True,False,False,OUT
U_708087b8ef,O-2,RESIDENT,IN,PHONEPE,ISSUER_03,True,True,OFF,2024-11-15,STD,0.7,-0.045,0.192,-0.022,True,True,True,OUT
U_91a0045245,O-3,RESIDENT,IN,BHIM,ISSUER_05,True,True,ON,2025-09-19,STD,0.064,0.283,0.377,0.045,True,True,False,OUT
U_c792bdcea3,O-2,RESIDENT,IN,GPAY,ISSUER_03,True,True,ON,2026-04-13,STD,0.485,0.118,0.286,-0.15,True,True,False,OUT
U_c6daf2924e,O-4,RESIDENT,IN,GPAY,ISSUER_03,True,True,OFF,2026-07-14,STD,0.758,0.29,0.412,-0.018,False,True,True,OUT
U_b25acd35ec,O-2,RESIDENT,IN,GPAY,ISSUER_04,True,True,ON,2025-11-22,STD,0.683,0.6,0.184,-0.049,True,True,True,OUT
U_82abf7c063,O-1,RESIDENT,IN,BHIM,ISSUER_03,True,True,ON,2025-05-24,STD,0.067,0.381,0.394,0.067,True,False,False,OUT
U_adc64e3a1a,O-3,RESIDENT,IN,BHIM,ISSUER_02,True,True,ON,2025-01-14,STD,0.724,0.02,0.161,0.12,True,False,True,OUT
U_61a102f545,O-2,RESIDENT,IN,BHIM,ISSUER_06,True,True,ON,2025-12-16,STD,0.71,-0.241,0.172,0.145,True,True,True,OUT
U_61e8b08b4a,O-1,RESIDENT,IN,BHIM,ISSUER_03,True,True,ON,2025-12-06,STD,0.552,0.208,0.233,-0.028,True,True,True,OUT
U_708bea83ce,O-1,RESIDENT,IN,PHONEPE,ISSUER_01,True,True,ON,2026-05-22,STD,0.884,0.314,0.36,-0.15,True,True,True,OUT
U_6bbb90ecc5,O-2,RESIDENT,IN,GPAY,ISSUER_12,True,False,OFF,2025-05-19,ELEVATED,0.697,0.32,0.11,0.054,True,True,True,OUT
U_9f93fa3a7a,O-6,RESIDENT,IN,BHIM,ISSUER_02,False,False,OFF,2025-06-20,STD,0.706,0.123,0.096,0.203,True,True,True,OUT
U_9cc13e7c44,O-3,RESIDENT,IN,GPAY,ISSUER_06,True,True,ON,2026-06-21,STD,0.863,0.185,0.184,-0.076,True,False,True,OUT
U_8488ec9c1f,O-2,RESIDENT,IN,BHIM,ISSUER_12,True,True,ON,2024-11-26,STD,0.853,-0.026,0.543,0.062,False,True,True,OUT
U_0bdfbd188b,O-1,RESIDENT,IN,GPAY,ISSUER_10,True,True,ON,2024-12-22,STD,0.561,0.177,0.294,-0.012,True,True,False,OUT
U_a2b3442508,O-3,RESIDENT,IN,BHIM,ISSUER_08,True,True,OFF,2026-07-26,STD,0.615,0.386,0.356,0.101,True,True,True,OUT
U_ca344f7e41,O-6,RESIDENT,IN,PHONEPE,ISSUER_01,False,False,OFF,2025-10-01,STD,0.477,0.377,0.24,0.002,True,True,False,OUT
U_fed1309f8b,O-6,RESIDENT,IN,GPAY,ISSUER_06,True,False,OFF,2025-10-13,STD,0.219,0.336,0.123,0.014,True,True,True,OUT
U_17f8f27542,O-1,RESIDENT,IN,GPAY,ISSUER_02,False,True,ON,2025-04-17,STD,0.259,-0.069,0.236,0.009,False,True,False,OUT
U_76ae788053,O-1,RESIDENT,IN,BHIM,ISSUER_10,True,True,ON,2025-02-22,STD,0.23,-0.004,0.457,-0.15,True,False,True,OUT
U_2aa7ae7000,O-2,RESIDENT,IN,GPAY,ISSUER_09,True,True,OFF,2025-09-12,STD,0.873,0.008,0.101,0.097,False,True,True,OUT
U_0bb1b59353,O-5,RESIDENT,IN,GPAY,ISSUER_06,True,True,ON,2025-12-11,STD,0.164,0.312,0.146,-0.104,False,True,True,OUT
U_d5ecd6e53c,O-5,RESIDENT,IN,GPAY,ISSUER_02,True,True,OFF,2026-03-26,STD,0.495,-0.068,0.551,-0.093,True,False,True,OUT
U_d62c4ec711,O-1,RESIDENT,IN,BHIM,ISSUER_03,True,True,ON,2024-10-27,STD,0.145,0.112,0.459,0.053,True,True,False,OUT
U_dbe4f1358f,O-4,RESIDENT,IN,GPAY,ISSUER_01,True,False,ON,2025-07-17,STD,0.925,0.091,0.08,0.027,False,True,True,OUT
U_d967028fc7,O-6,RESIDENT,IN,PHONEPE,ISSUER_12,False,True,OFF,2025-10-22,STD,0.251,-0.053,0.826,-0.15,True,True,False,OUT
U_3087f9e6ad,O-6,RESIDENT,IN,PHONEPE,ISSUER_06,False,False,OFF,2026-02-17,STD,0.247,0.453,0.271,-0.022,True,True,True,OUT
U_b8110a745a,O-1,RESIDENT,IN,BHIM,ISSUER_05,True,True,ON,2024-11-19,STD,0.39,-0.049,0.397,-0.005,True,False,True,OUT
U_9360eaabe5,O-6,RESIDENT,IN,GPAY,ISSUER_11,False,False,OFF,2026-02-07,STD,0.812,0.085,0.414,-0.076,True,True,True,OUT
U_9c174ee237,O-6,RESIDENT,IN,PHONEPE,ISSUER_12,False,False,OFF,2025-07-15,STD,0.648,0.179,0.286,-0.117,True,True,True,OUT
U_3f4cb9f7e9,O-1,RESIDENT,IN,PHONEPE,ISSUER_01,True,True,ON,2025-05-23,STD,0.069,0.2,0.14,-0.079,True,False,False,OUT
U_a30faaccc9,O-4,RESIDENT,IN,GPAY,ISSUER_08,False,True,OFF,2025-11-08,STD,0.779,0.159,0.261,-0.121,True,True,False,OUT
U_bbaf5eb7a1,O-3,RESIDENT,IN,PHONEPE,ISSUER_04,True,True,ON,2025-03-15,STD,0.57,0.19,0.159,0.25,True,True,False,OUT
U_626bff978d,O-6,RESIDENT,IN,BHIM,ISSUER_06,True,True,OFF,2025-11-29,ELEVATED,0.785,-0.248,0.832,-0.15,False,False,False,OUT
U_e016aa8706,O-6,RESIDENT,IN,BHIM,ISSUER_09,False,False,OFF,2025-11-13,STD,0.424,0.188,0.354,-0.058,True,False,True,OUT
U_b925bdefea,O-6,RESIDENT,IN,PHONEPE,ISSUER_01,False,False,OFF,2026-02-16,STD,0.288,-0.152,0.421,0.197,True,True,True,OUT
U_3cfa81f451,O-5,RESIDENT,IN,GPAY,ISSUER_10,True,True,OFF,2025-11-15,STD,0.383,0.104,0.19,-0.074,True,True,True,OUT
U_86b81463d8,O-1,RESIDENT,IN,GPAY,ISSUER_03,True,False,ON,2025-02-12,STD,0.549,0.216,0.111,0.088,True,True,False,OUT
U_9a55b06c2b,O-6,RESIDENT,IN,BHIM,ISSUER_08,False,False,OFF,2026-05-31,STD,0.724,0.131,0.151,0.088,False,True,True,OUT
U_6db40c83e1,O-6,RESIDENT,IN,PHONEPE,ISSUER_02,True,True,OFF,2026-01-27,STD,0.386,0.564,0.069,-0.042,True,True,True,OUT
U_d40171585b,O-1,RESIDENT,IN,GPAY,ISSUER_07,True,True,ON,2024-09-14,STD,0.389,0.083,0.358,-0.018,True,True,True,OUT
U_2d8723eb85,O-6,RESIDENT,IN,BHIM,ISSUER_05,False,True,OFF,2025-05-31,STD,0.603,-0.265,0.239,0.166,True,True,True,OUT
U_930dbd6c11,O-1,RESIDENT,IN,GPAY,ISSUER_03,True,True,ON,2025-05-30,STD,0.965,0.063,0.107,0.15,True,True,False,OUT
U_129908e0c4,O-4,RESIDENT,IN,BHIM,ISSUER_12,True,True,ON,2025-09-13,STD,0.613,0.209,0.072,0.095,True,False,False,OUT
U_907635e063,O-1,RESIDENT,IN,GPAY,ISSUER_10,False,False,ON,2026-01-07,STD,0.37,0.063,0.281,0.031,True,True,True,OUT
U_3849443d89,O-2,RESIDENT,IN,BHIM,ISSUER_03,False,True,OFF,2025-08-09,STD,0.504,0.057,0.124,-0.128,True,True,True,OUT
U_0a2ce1db7a,O-1,RESIDENT,IN,BHIM,ISSUER_06,True,True,ON,2026-06-01,STD,0.885,0.091,0.325,-0.124,True,True,True,OUT
U_00d52684a1,O-1,RESIDENT,IN,PHONEPE,ISSUER_12,True,True,ON,2026-02-25,STD,0.538,0.09,0.411,0.0,False,True,True,OUT
U_8c8853fa34,O-1,RESIDENT,IN,BHIM,ISSUER_12,True,True,ON,2026-01-01,STD,0.061,-0.041,0.472,-0.15,True,True,True,OUT
U_19e487f139,O-2,RESIDENT,IN,PHONEPE,ISSUER_06,True,True,ON,2024-10-07,STD,0.72,0.205,0.341,-0.043,True,True,True,OUT
U_6220915b5f,O-3,RESIDENT,IN,BHIM,ISSUER_02,True,True,OFF,2026-06-23,STD,0.772,0.025,0.354,-0.15,True,True,True,OUT
U_5ca244c7f6,O-1,RESIDENT,IN,PHONEPE,ISSUER_04,True,True,ON,2026-04-25,STD,0.057,0.246,0.197,0.106,True,True,False,OUT
U_db5d1650b3,O-6,RESIDENT,IN,PHONEPE,ISSUER_11,False,False,OFF,2024-12-15,STD,0.313,0.011,0.334,0.012,False,False,False,OUT
U_4ef1885f6f,O-2,RESIDENT,IN,PHONEPE,ISSUER_06,True,True,ON,2025-07-15,STD,0.425,-0.009,0.267,0.136,True,True,True,OUT
U_140ea8a9ad,O-3,RESIDENT,IN,GPAY,ISSUER_12,True,True,OFF,2025-09-29,STD,0.665,0.138,0.148,0.055,True,True,False,OUT
U_6c99b0f06f,O-5,RESIDENT,IN,GPAY,ISSUER_01,True,True,ON,2024-12-11,STD,0.442,0.0,0.237,0.0,True,True,True,OUT
U_885d35ace6,O-1,RESIDENT,IN,PHONEPE,ISSUER_05,True,True,ON,2024-11-16,STD,0.583,0.185,0.125,0.169,True,True,True,OUT
U_7a18df39fd,O-6,RESIDENT,IN,GPAY,ISSUER_08,False,True,OFF,2026-06-15,STD,0.623,0.156,0.252,-0.15,True,True,True,OUT
U_ba91f24561,O-1,RESIDENT,IN,PHONEPE,ISSUER_11,True,True,ON,2025-02-27,STD,0.12,0.15,0.403,-0.15,False,True,False,OUT
U_5e05e474a1,O-2,RESIDENT,IN,PHONEPE,ISSUER_08,True,True,ON,2025-02-15,STD,0.482,-0.4,0.796,-0.016,True,False,True,OUT
U_249e48d022,O-6,RESIDENT,IN,GPAY,ISSUER_03,True,True,OFF,2025-07-14,STD,0.842,0.157,0.403,0.148,True,False,False,OUT
U_9010ddad40,O-4,RESIDENT,IN,BHIM,ISSUER_12,True,True,ON,2025-12-20,STD,0.576,-0.044,0.226,-0.149,True,False,True,OUT
U_710cf567e0,O-1,RESIDENT,IN,BHIM,ISSUER_10,True,True,ON,2025-11-06,STD,0.131,0.158,0.222,0.18,True,False,False,OUT
U_8748136039,O-1,RESIDENT,IN,PHONEPE,ISSUER_10,True,False,ON,2025-07-08,STD,0.536,-0.027,0.257,-0.073,False,True,True,OUT
U_e0fd9ba9ea,O-3,RESIDENT,IN,GPAY,ISSUER_11,False,True,OFF,2024-09-08,STD,0.19,0.316,0.176,-0.009,True,True,False,OUT
U_658b29e0b9,O-3,RESIDENT,IN,PHONEPE,ISSUER_02,True,True,OFF,2025-02-07,STD,0.53,0.046,0.382,-0.15,False,True,False,OUT
U_aeb8813283,O-2,RESIDENT,IN,BHIM,ISSUER_04,True,True,OFF,2025-08-12,ELEVATED,0.1,0.374,0.149,-0.086,True,True,True,OUT
U_dab233defb,O-2,RESIDENT,IN,PHONEPE,ISSUER_06,True,True,OFF,2026-06-03,STD,0.617,-0.302,0.518,-0.013,True,True,False,OUT
U_e39661cfbf,O-2,RESIDENT,IN,GPAY,ISSUER_02,True,False,OFF,2025-05-19,STD,0.814,-0.198,0.113,-0.119,False,False,False,OUT
U_592ba8194d,O-2,RESIDENT,IN,BHIM,ISSUER_09,True,True,ON,2026-01-17,STD,0.208,0.117,0.179,0.109,True,False,True,OUT
U_5b89883438,O-1,RESIDENT,IN,GPAY,ISSUER_05,False,True,ON,2026-05-18,STD,0.489,0.358,0.287,0.12,False,True,True,OUT
U_1ac8b37890,O-1,RESIDENT,IN,GPAY,ISSUER_06,True,True,ON,2025-07-02,STD,0.74,0.355,0.322,-0.15,True,False,True,OUT
U_1ce3d158c4,O-1,RESIDENT,IN,BHIM,ISSUER_01,True,True,ON,2025-04-07,STD,0.628,0.043,0.245,0.111,True,True,True,OUT
U_a76bd849d0,O-1,RESIDENT,IN,BHIM,ISSUER_03,True,True,ON,2024-10-04,STD,0.577,0.321,0.09,0.147,True,False,False,OUT
U_7be7fb1d5a,O-1,RESIDENT,IN,PHONEPE,ISSUER_08,True,True,ON,2025-08-13,STD,0.53,-0.063,0.111,0.329,True,False,False,OUT
U_3fd45386a7,O-2,RESIDENT,IN,GPAY,ISSUER_12,True,True,ON,2026-07-05,STD,0.606,0.07,0.144,-0.001,True,False,True,OUT
U_6778177fd4,O-5,RESIDENT,IN,GPAY,ISSUER_03,True,True,ON,2025-01-08,STD,0.933,-0.083,0.208,0.054,True,False,True,OUT
U_b0d64d5cd0,O-6,RESIDENT,IN,PHONEPE,ISSUER_08,True,False,OFF,2025-07-19,STD,0.16,0.079,0.195,0.085,True,True,False,OUT
U_7a93177dab,O-2,RESIDENT,IN,GPAY,ISSUER_12,True,True,ON,2025-04-19,STD,0.848,0.075,0.294,0.121,True,True,True,OUT
U_484834ccb2,O-6,RESIDENT,IN,BHIM,ISSUER_12,True,False,OFF,2025-07-07,STD,0.453,0.24,0.217,0.091,True,True,False,OUT
U_a2064c8c93,O-1,RESIDENT,IN,PHONEPE,ISSUER_06,True,True,ON,2026-07-19,STD,0.179,-0.045,0.621,-0.089,True,True,True,OUT
U_bb449cf3e2,O-1,RESIDENT,IN,PHONEPE,ISSUER_08,True,True,ON,2025-02-19,STD,0.547,0.056,0.061,0.016,True,True,True,OUT
U_7381594a92,O-3,RESIDENT,IN,BHIM,ISSUER_10,True,True,ON,2026-07-14,STD,0.079,0.158,0.376,-0.15,True,True,False,OUT
U_4e4a942df6,O-2,RESIDENT,IN,GPAY,ISSUER_02,True,True,OFF,2025-01-03,STD,0.666,0.156,0.379,-0.15,True,False,True,OUT
U_e3b8c0de40,O-1,RESIDENT,IN,GPAY,ISSUER_08,True,True,ON,2025-09-23,STD,0.312,0.146,0.528,-0.108,True,False,True,OUT
U_18b7225e06,O-6,RESIDENT,IN,BHIM,ISSUER_07,False,False,OFF,2025-12-09,STD,0.224,0.461,0.041,-0.069,True,True,False,OUT
U_d88f065d28,O-1,RESIDENT,IN,GPAY,ISSUER_12,True,True,ON,2026-01-20,STD,0.147,0.229,0.227,0.034,True,True,False,OUT
U_3d61a23376,O-1,RESIDENT,IN,GPAY,ISSUER_03,True,True,ON,2025-03-08,STD,0.251,0.287,0.275,-0.15,True,True,True,OUT
U_64ac18e42f,O-2,RESIDENT,IN,GPAY,ISSUER_10,True,True,OFF,2025-08-22,STD,0.511,0.244,0.242,-0.01,True,True,True,OUT
U_b5d0ad5eb4,O-1,RESIDENT,IN,PHONEPE,ISSUER_03,True,True,ON,2025-06-27,STD,0.435,0.051,0.484,0.036,True,True,False,OUT
U_40d3bd9598,O-6,RESIDENT,IN,PHONEPE,ISSUER_10,False,False,OFF,2026-03-18,STD,0.445,0.293,0.178,0.08,True,True,False,OUT
U_a2c36acac9,O-5,RESIDENT,IN,BHIM,ISSUER_02,True,False,OFF,2025-06-08,STD,0.319,-0.055,0.726,-0.004,True,True,False,OUT
U_431c800805,O-4,RESIDENT,IN,BHIM,ISSUER_01,True,True,ON,2025-11-30,STD,0.692,0.139,0.283,0.064,True,True,True,OUT
U_5db90dddcb,O-6,RESIDENT,IN,GPAY,ISSUER_11,False,False,OFF,2025-08-13,STD,0.573,0.214,0.403,-0.019,True,True,True,OUT
U_fafe175c87,O-2,RESIDENT,IN,PHONEPE,ISSUER_06,True,False,OFF,2025-07-22,STD,0.728,0.334,0.296,0.118,False,True,False,OUT
U_6bbf4dfc00,O-1,RESIDENT,IN,PHONEPE,ISSUER_12,True,True,ON,2026-01-04,STD,0.11,-0.308,0.719,-0.15,True,False,False,OUT
U_830d19b3c2,O-1,RESIDENT,IN,PHONEPE,ISSUER_11,True,True,ON,2026-06-11,STD,0.83,0.119,0.194,-0.03,True,True,False,OUT
U_4b229eb064,O-1,RESIDENT,IN,PHONEPE,ISSUER_02,True,True,ON,2026-03-13,STD,0.909,0.318,0.197,-0.121,True,True,True,OUT
U_27f640ec30,O-3,RESIDENT,IN,BHIM,ISSUER_04,True,False,ON,2026-02-18,STD,0.517,0.156,0.38,0.07,True,True,False,OUT
U_6c2154491c,O-5,RESIDENT,IN,PHONEPE,ISSUER_08,True,True,OFF,2025-06-19,STD,0.424,-0.168,0.449,-0.132,True,True,True,OUT
U_c66b5a662d,O-4,RESIDENT,IN,PHONEPE,ISSUER_02,True,True,ON,2025-12-29,STD,0.474,0.001,0.146,0.047,True,False,True,OUT
U_efd891e2fb,O-6,RESIDENT,IN,BHIM,ISSUER_08,False,False,OFF,2024-10-19,STD,0.505,0.266,0.555,-0.149,True,True,False,OUT
U_760fff5c11,O-1,RESIDENT,IN,PHONEPE,ISSUER_06,True,True,ON,2025-01-25,STD,0.761,-0.386,0.445,-0.08,True,True,False,OUT
U_80fb1ab662,O-1,RESIDENT,IN,PHONEPE,ISSUER_07,True,True,ON,2025-05-31,STD,0.891,0.193,0.258,-0.003,True,True,True,OUT
U_3f7e907583,O-5,RESIDENT,IN,GPAY,ISSUER_08,True,True,OFF,2025-05-19,STD,0.884,0.254,0.088,0.328,True,False,False,OUT
U_834cb85b97,O-1,RESIDENT,IN,BHIM,ISSUER_02,True,True,ON,2025-10-24,STD,0.798,0.212,0.363,-0.071,False,True,True,OUT
U_08a915cfc1,O-6,RESIDENT,IN,PHONEPE,ISSUER_05,True,True,OFF,2025-06-16,STD,0.636,0.25,0.293,-0.114,True,True,True,OUT
U_f8d151ae6c,O-2,RESIDENT,IN,GPAY,ISSUER_07,True,True,ON,2025-09-27,STD,0.283,0.12,0.211,0.077,True,False,True,OUT
U_bba1bfbbb7,O-6,RESIDENT,IN,BHIM,ISSUER_07,False,False,OFF,2025-05-09,STD,0.105,-0.221,0.839,-0.111,True,True,False,OUT
U_0409177993,O-3,RESIDENT,IN,PHONEPE,ISSUER_02,True,True,OFF,2025-11-04,STD,0.862,0.232,0.119,0.114,True,False,False,OUT
U_e09e22bf74,O-4,RESIDENT,IN,BHIM,ISSUER_06,True,False,ON,2024-12-11,STD,0.369,0.221,0.093,-0.006,True,False,False,OUT
U_ecf6f06036,O-1,RESIDENT,IN,PHONEPE,ISSUER_11,True,True,ON,2026-07-04,STD,0.185,0.199,0.078,-0.15,True,True,False,OUT
U_ffd5489c00,O-2,RESIDENT,IN,GPAY,ISSUER_08,True,True,ON,2025-06-12,STD,0.096,0.223,0.052,0.166,True,True,False,OUT
U_639bf7a3be,O-5,RESIDENT,IN,BHIM,ISSUER_12,True,True,ON,2025-10-21,STD,0.241,0.061,0.223,0.083,True,True,True,OUT
U_83a74dd754,O-5,RESIDENT,IN,BHIM,ISSUER_01,True,True,OFF,2025-06-06,STD,0.628,-0.06,0.399,0.179,True,False,False,OUT
U_85df805f7c,O-1,RESIDENT,IN,BHIM,ISSUER_12,True,True,ON,2025-07-31,STD,0.445,0.425,0.162,0.002,False,True,False,OUT
U_d7121607af,O-5,RESIDENT,IN,BHIM,ISSUER_09,True,True,ON,2025-07-11,STD,0.759,-0.073,0.152,0.037,True,True,True,OUT
U_f9a4ebfac3,O-1,RESIDENT,IN,BHIM,ISSUER_12,True,True,ON,2025-06-27,STD,0.314,-0.347,0.302,0.177,True,False,False,OUT
U_f800d84506,O-3,RESIDENT,IN,PHONEPE,ISSUER_04,True,True,ON,2024-12-28,STD,0.525,0.105,0.195,0.08,True,False,True,OUT
U_14ae869013,O-1,RESIDENT,IN,PHONEPE,ISSUER_03,True,True,ON,2026-04-17,ELEVATED,0.281,0.01,0.378,0.005,True,True,False,OUT
U_af5e1e7424,O-6,RESIDENT,IN,GPAY,ISSUER_11,True,False,OFF,2025-03-30,STD,0.399,0.279,0.387,0.102,True,True,True,OUT
U_f3ee0f324a,O-5,RESIDENT,IN,PHONEPE,ISSUER_07,False,True,OFF,2024-09-15,STD,0.652,0.075,0.306,0.086,True,True,True,OUT
U_a8e3d396cc,O-2,RESIDENT,IN,PHONEPE,ISSUER_04,True,True,ON,2026-05-02,STD,0.824,0.416,0.278,-0.111,True,True,False,OUT
U_95cf298d05,O-2,RESIDENT,IN,BHIM,ISSUER_07,True,True,ON,2026-06-02,STD,0.594,0.316,0.369,-0.118,False,False,True,OUT
U_9327ce4276,O-4,RESIDENT,IN,PHONEPE,ISSUER_05,True,True,ON,2026-02-22,STD,0.748,0.135,0.21,0.043,False,True,True,OUT
U_375d85292c,O-1,RESIDENT,IN,BHIM,ISSUER_02,True,True,ON,2024-11-29,ELEVATED,0.84,-0.093,0.374,-0.016,True,True,True,OUT
U_c7434f078a,O-6,RESIDENT,IN,PHONEPE,ISSUER_04,False,False,OFF,2025-03-22,STD,0.518,0.425,0.178,0.14,False,True,False,OUT
U_e9a2879e6c,O-1,RESIDENT,IN,BHIM,ISSUER_11,True,True,ON,2024-12-07,STD,0.728,0.591,0.096,-0.008,False,True,True,OUT
U_9c2cde7f77,O-3,RESIDENT,IN,BHIM,ISSUER_12,True,True,OFF,2025-12-11,STD,0.333,-0.111,0.654,-0.15,True,True,True,OUT
U_f91a87b18b,O-3,RESIDENT,IN,BHIM,ISSUER_04,True,True,OFF,2024-09-28,STD,0.748,0.316,0.292,-0.042,True,True,True,OUT
U_ca620adbea,O-5,RESIDENT,IN,GPAY,ISSUER_03,True,True,OFF,2025-01-09,STD,0.121,0.085,0.333,-0.15,False,True,True,OUT
U_234758f929,O-3,RESIDENT,IN,PHONEPE,ISSUER_07,True,True,ON,2025-09-03,STD,0.686,0.178,0.576,-0.099,False,True,False,OUT
U_53e6a6d26a,O-4,RESIDENT,IN,GPAY,ISSUER_05,True,True,OFF,2026-03-04,STD,0.309,0.214,0.16,0.153,True,True,False,OUT
U_41f90e8082,O-1,RESIDENT,IN,GPAY,ISSUER_07,True,True,ON,2025-08-07,STD,0.539,0.105,0.258,-0.064,True,True,True,OUT
U_7678481e1b,O-5,RESIDENT,IN,GPAY,ISSUER_01,True,True,OFF,2026-07-06,STD,0.609,0.277,0.264,0.145,True,True,False,OUT
U_e08bd34b28,O-2,RESIDENT,IN,BHIM,ISSUER_07,True,True,ON,2025-02-18,STD,0.576,0.188,0.486,0.117,True,True,True,OUT
U_d73e869d3c,O-5,RESIDENT,IN,BHIM,ISSUER_02,True,True,ON,2025-02-07,STD,0.406,0.318,0.111,-0.026,True,True,True,OUT
U_24cf5b1326,O-6,RESIDENT,IN,PHONEPE,ISSUER_02,False,False,OFF,2025-02-22,STD,0.794,0.172,0.096,0.086,True,True,True,OUT
U_4f8e195478,O-1,RESIDENT,IN,GPAY,ISSUER_03,True,True,ON,2025-10-02,STD,0.671,0.212,0.39,-0.15,True,True,True,OUT
U_9581c789bf,O-2,RESIDENT,IN,GPAY,ISSUER_08,True,True,OFF,2025-12-09,STD,0.406,0.556,0.194,0.137,True,True,False,OUT
U_651ce12ea8,O-2,RESIDENT,IN,PHONEPE,ISSUER_04,True,True,ON,2026-07-18,STD,0.657,-0.068,0.085,0.08,True,True,True,OUT
U_07b0a8b8e6,O-6,RESIDENT,IN,GPAY,ISSUER_06,False,False,OFF,2026-02-21,STD,0.513,0.106,0.254,0.002,False,True,True,OUT
U_b0d1b56652,O-2,RESIDENT,IN,GPAY,ISSUER_12,True,True,ON,2025-06-25,STD,0.023,-0.048,0.38,0.124,False,True,True,OUT
U_6e3702a918,O-6,RESIDENT,IN,BHIM,ISSUER_10,False,False,OFF,2026-07-25,STD,0.537,0.372,0.502,-0.04,True,True,True,OUT
U_dc318e5fa4,O-3,RESIDENT,IN,BHIM,ISSUER_05,True,True,ON,2026-01-09,STD,0.875,0.119,0.251,0.109,True,True,False,OUT
U_e4762a8444,O-1,RESIDENT,IN,GPAY,ISSUER_10,True,True,ON,2026-03-27,STD,0.66,0.35,0.506,-0.08,True,True,False,OUT
U_4aa8bd1c83,O-5,RESIDENT,IN,PHONEPE,ISSUER_03,True,True,OFF,2025-06-27,STD,0.249,0.124,0.183,-0.035,True,True,False,OUT
U_5963f3842b,O-5,RESIDENT,IN,GPAY,ISSUER_10,True,True,OFF,2024-12-08,STD,0.311,0.07,0.247,-0.017,True,True,True,OUT
U_7eb7bcadd7,O-1,RESIDENT,IN,GPAY,ISSUER_07,True,True,ON,2024-12-11,STD,0.835,0.191,0.079,-0.049,False,True,True,OUT
U_47e0a42c8c,O-5,RESIDENT,IN,BHIM,ISSUER_01,True,True,ON,2026-02-22,STD,0.807,0.374,0.189,0.039,True,True,False,OUT
U_f694068bc3,O-4,RESIDENT,IN,BHIM,ISSUER_07,True,True,ON,2025-08-19,STD,0.641,0.057,0.154,-0.042,True,True,True,OUT
U_55ada77aff,O-5,RESIDENT,IN,BHIM,ISSUER_08,True,True,OFF,2026-04-27,STD,0.654,-0.073,0.518,-0.086,True,True,True,OUT
U_2e91b57d0d,O-2,RESIDENT,IN,PHONEPE,ISSUER_12,True,True,OFF,2026-03-24,STD,0.441,-0.0,0.515,0.15,True,True,True,OUT
U_3ba8fd0197,O-2,RESIDENT,IN,BHIM,ISSUER_02,True,True,ON,2026-04-22,STD,0.379,0.232,0.315,-0.045,True,True,True,OUT
U_a57f17b90e,O-4,RESIDENT,IN,PHONEPE,ISSUER_07,True,True,OFF,2026-02-19,STD,0.787,0.369,0.172,0.074,True,True,True,OUT
U_d3e599816c,O-6,RESIDENT,IN,BHIM,ISSUER_07,False,False,OFF,2024-11-29,STD,0.113,0.493,0.422,-0.133,False,True,True,OUT
U_b1218852f6,O-2,RESIDENT,IN,BHIM,ISSUER_06,True,True,ON,2025-01-18,STD,0.656,0.55,0.421,-0.15,True,True,True,OUT
U_8ecd088673,O-2,RESIDENT,IN,PHONEPE,ISSUER_01,False,True,ON,2025-10-28,STD,0.684,0.06,0.207,0.046,False,True,True,OUT
U_87a080a177,O-5,RESIDENT,IN,GPAY,ISSUER_11,True,True,ON,2024-09-25,STD,0.542,0.068,0.338,0.106,False,True,False,OUT
U_6bfa3960c9,O-2,RESIDENT,IN,GPAY,ISSUER_03,True,True,OFF,2024-10-28,STD,0.591,-0.139,0.714,-0.15,True,True,True,OUT
U_14186fe417,O-2,RESIDENT,IN,PHONEPE,ISSUER_04,False,True,OFF,2025-07-17,STD,0.311,0.472,0.231,-0.15,True,False,True,OUT
U_82bc1a03ec,O-5,RESIDENT,IN,GPAY,ISSUER_02,True,True,OFF,2026-02-22,STD,0.525,0.432,0.158,0.149,True,True,True,OUT
U_c0751ad57f,O-1,RESIDENT,IN,PHONEPE,ISSUER_03,True,False,ON,2024-10-07,STD,0.265,0.459,0.158,0.062,True,False,False,OUT
U_7a645aabda,O-5,RESIDENT,IN,BHIM,ISSUER_08,True,True,OFF,2025-04-18,STD,0.48,-0.389,0.718,-0.01,True,True,False,OUT
U_f05fa14190,O-3,RESIDENT,IN,PHONEPE,ISSUER_07,True,False,ON,2024-12-13,STD,0.487,0.028,0.457,-0.031,True,True,False,OUT
U_d70cb88df0,O-4,RESIDENT,IN,GPAY,ISSUER_05,True,True,OFF,2025-07-23,STD,0.745,0.274,0.122,0.143,True,False,False,OUT
U_4b601f3a92,O-5,RESIDENT,IN,PHONEPE,ISSUER_11,True,True,ON,2024-11-30,STD,0.089,0.14,0.327,0.086,True,True,True,OUT
U_171ecbd4d3,O-3,RESIDENT,IN,BHIM,ISSUER_02,False,True,ON,2025-09-07,STD,0.323,0.135,0.107,0.099,True,True,False,OUT
U_6a92e89c6d,O-2,RESIDENT,IN,GPAY,ISSUER_12,True,False,OFF,2026-07-21,STD,0.216,0.474,0.433,0.134,False,True,False,OUT
U_31c3f90b77,O-5,RESIDENT,IN,GPAY,ISSUER_09,True,True,OFF,2025-07-11,STD,0.572,0.048,0.286,0.067,True,True,True,OUT
U_6ca626f40b,O-4,RESIDENT,IN,GPAY,ISSUER_03,True,True,OFF,2025-07-22,STD,0.868,0.162,0.125,0.111,True,False,True,OUT
U_eceaf91c38,O-5,RESIDENT,IN,PHONEPE,ISSUER_09,True,True,ON,2026-03-16,STD,0.178,0.042,0.179,-0.031,True,False,True,OUT
U_4616cfb4fa,O-3,RESIDENT,IN,GPAY,ISSUER_11,True,True,ON,2025-08-19,STD,0.42,-0.089,0.345,-0.051,True,True,False,OUT
U_293ff97669,O-5,RESIDENT,IN,GPAY,ISSUER_06,True,False,ON,2024-10-01,ELEVATED,0.27,0.102,0.158,-0.129,True,True,True,OUT
U_f158204953,O-1,RESIDENT,IN,BHIM,ISSUER_07,True,True,ON,2025-03-21,STD,0.337,0.11,0.206,0.084,False,True,False,OUT
U_cf49bd9884,O-2,RESIDENT,IN,PHONEPE,ISSUER_07,True,False,ON,2025-04-27,STD,0.545,0.104,0.344,0.031,True,True,True,OUT
U_a0bad6f357,O-2,RESIDENT,IN,GPAY,ISSUER_10,False,True,ON,2026-07-12,ELEVATED,0.662,0.293,0.283,-0.082,False,True,True,OUT
U_2dd67217bb,O-1,RESIDENT,IN,BHIM,ISSUER_08,True,True,ON,2026-03-31,STD,0.665,0.137,0.16,-0.045,True,False,True,OUT
U_ec4239172d,O-5,RESIDENT,IN,GPAY,ISSUER_06,True,True,OFF,2026-04-15,STD,0.295,0.03,0.12,-0.04,False,True,False,OUT
U_c04100fd25,O-1,RESIDENT,IN,PHONEPE,ISSUER_09,True,True,ON,2026-02-06,STD,0.294,-0.034,0.193,0.02,True,True,False,OUT
U_872cd95934,O-5,RESIDENT,IN,PHONEPE,ISSUER_07,True,True,ON,2024-09-30,STD,0.262,0.199,0.184,0.066,False,False,True,OUT
U_8ba3f3ef4e,O-1,RESIDENT,IN,PHONEPE,ISSUER_06,True,True,ON,2024-11-11,STD,0.527,0.307,0.2,-0.08,False,True,True,OUT
U_54503a382e,O-5,RESIDENT,IN,GPAY,ISSUER_05,True,True,ON,2026-01-16,STD,0.325,0.464,0.305,-0.15,True,True,True,OUT
U_2443123671,O-2,RESIDENT,IN,GPAY,ISSUER_01,True,True,OFF,2025-09-09,STD,0.756,0.6,0.399,-0.061,True,True,True,OUT
U_a084de5946,O-5,RESIDENT,IN,GPAY,ISSUER_09,True,True,OFF,2026-06-12,STD,0.792,0.231,0.409,-0.15,True,False,True,OUT
U_5c3bebcb6b,O-1,RESIDENT,IN,BHIM,ISSUER_12,True,True,ON,2025-06-15,STD,0.477,-0.359,0.047,-0.036,True,True,False,OUT
U_bc7aa59800,O-5,RESIDENT,IN,GPAY,ISSUER_02,True,True,ON,2025-02-28,STD,0.494,-0.054,0.373,-0.11,True,True,False,OUT
U_6e3f1e4f24,O-3,RESIDENT,IN,GPAY,ISSUER_04,True,True,OFF,2024-11-17,STD,0.159,0.549,0.118,0.175,True,True,False,OUT
U_deab53cb00,O-3,RESIDENT,IN,BHIM,ISSUER_03,False,True,ON,2024-09-29,STD,0.318,0.235,0.09,-0.009,True,False,True,OUT
U_c7f630c179,O-4,RESIDENT,IN,GPAY,ISSUER_07,True,True,ON,2025-08-19,STD,0.946,0.428,0.317,0.086,False,False,True,OUT
U_e77a738147,O-2,RESIDENT,IN,GPAY,ISSUER_11,True,False,OFF,2024-11-10,STD,0.924,0.105,0.273,0.117,True,False,True,OUT
U_20d728777d,O-4,RESIDENT,IN,PHONEPE,ISSUER_12,True,True,ON,2025-07-03,STD,0.835,-0.297,0.389,-0.019,True,True,True,OUT
U_5101ab0e82,O-1,RESIDENT,IN,PHONEPE,ISSUER_02,False,True,ON,2025-05-10,STD,0.524,-0.243,0.845,-0.15,False,False,True,OUT
U_44473bb992,O-4,RESIDENT,IN,GPAY,ISSUER_02,True,True,ON,2026-04-05,STD,0.485,0.22,0.196,-0.121,True,True,False,OUT
U_d8be490f9a,O-4,RESIDENT,IN,PHONEPE,ISSUER_03,True,True,OFF,2024-11-04,STD,0.352,0.175,0.115,0.015,True,True,True,OUT
U_87f3586dbb,O-1,RESIDENT,IN,BHIM,ISSUER_12,True,True,ON,2025-08-06,STD,0.294,-0.029,0.27,-0.148,True,False,True,OUT
U_28534ca8a2,O-5,RESIDENT,IN,PHONEPE,ISSUER_04,True,True,ON,2025-07-18,ELEVATED,0.32,0.234,0.131,-0.026,False,False,True,OUT
U_2827355807,O-2,RESIDENT,IN,PHONEPE,ISSUER_10,True,True,ON,2026-06-15,STD,0.518,0.039,0.4,0.037,True,True,True,OUT
U_e722f714e6,O-2,RESIDENT,IN,BHIM,ISSUER_07,True,True,ON,2026-05-23,STD,0.245,0.112,0.337,0.031,True,False,False,OUT
U_e015351f53,O-1,RESIDENT,IN,PHONEPE,ISSUER_10,True,True,ON,2026-05-04,STD,0.313,0.565,0.172,-0.15,True,False,False,OUT
U_1d4acdea5f,O-5,RESIDENT,IN,PHONEPE,ISSUER_03,True,True,ON,2024-10-02,STD,0.622,0.417,0.128,0.108,True,False,True,OUT
U_b9a17a0214,O-1,RESIDENT,IN,BHIM,ISSUER_05,True,True,ON,2025-03-19,STD,0.568,0.122,0.25,-0.056,True,True,True,OUT
U_f69632652b,O-1,RESIDENT,IN,BHIM,ISSUER_04,True,True,ON,2024-12-17,STD,0.596,0.16,0.076,0.253,True,False,False,OUT
U_a6999f1f3c,O-6,RESIDENT,IN,BHIM,ISSUER_02,False,True,OFF,2026-01-16,STD,0.615,0.245,0.07,0.072,True,True,True,OUT
U_7314ac69f5,O-1,RESIDENT,IN,BHIM,ISSUER_03,True,True,ON,2024-10-30,STD,0.404,-0.087,0.142,0.036,False,False,False,OUT
U_992b2d2cd3,O-6,RESIDENT,IN,BHIM,ISSUER_01,False,False,OFF,2026-03-03,STD,0.116,0.227,0.11,0.286,True,True,True,OUT
U_ac43aff738,O-3,RESIDENT,IN,PHONEPE,ISSUER_05,True,True,OFF,2025-06-05,STD,0.675,0.277,0.47,0.013,True,True,False,OUT
U_ac82921488,O-4,RESIDENT,IN,PHONEPE,ISSUER_12,False,True,OFF,2025-09-16,STD,0.349,-0.062,0.341,0.09,True,False,True,OUT
U_e1850cecf1,O-5,RESIDENT,IN,BHIM,ISSUER_04,True,True,OFF,2025-04-28,STD,0.723,0.251,0.02,0.063,False,True,False,OUT
U_c1796fff97,O-3,RESIDENT,IN,GPAY,ISSUER_05,True,True,ON,2026-05-28,STD,0.51,-0.069,0.448,-0.012,True,False,True,OUT
U_83479af2cb,O-2,RESIDENT,IN,PHONEPE,ISSUER_05,True,True,ON,2025-12-28,STD,0.76,-0.053,0.295,-0.15,False,True,True,OUT
U_e43e9c9d4a,O-2,RESIDENT,IN,GPAY,ISSUER_08,True,True,OFF,2025-07-24,STD,0.192,-0.055,0.26,0.117,True,False,True,OUT
U_85453fb78b,O-6,RESIDENT,IN,GPAY,ISSUER_07,False,False,OFF,2026-04-19,STD,0.204,0.347,0.144,0.031,True,False,True,OUT
U_e9e33b9ca7,O-6,RESIDENT,IN,PHONEPE,ISSUER_12,False,False,OFF,2025-10-24,STD,0.201,-0.084,0.308,0.202,False,False,False,OUT
U_d8ab03c03a,O-6,RESIDENT,IN,GPAY,ISSUER_09,False,False,OFF,2025-03-29,STD,0.301,-0.175,0.554,-0.009,True,True,False,OUT
U_2c3474096a,O-5,RESIDENT,IN,BHIM,ISSUER_11,True,True,OFF,2025-08-30,STD,0.724,-0.029,0.183,-0.014,True,False,True,OUT
U_0c9c767a9b,O-3,RESIDENT,IN,GPAY,ISSUER_12,True,True,OFF,2026-06-05,STD,0.425,0.17,0.014,0.157,True,True,False,OUT
U_81cbbe9691,O-5,RESIDENT,IN,GPAY,ISSUER_12,True,True,ON,2026-01-13,STD,0.366,0.094,0.525,-0.15,True,True,False,OUT
U_d690d7f34c,O-2,RESIDENT,IN,PHONEPE,ISSUER_08,True,True,ON,2026-05-15,STD,0.234,0.192,0.396,-0.15,True,False,False,OUT
U_07c9c9a86a,O-2,RESIDENT,IN,GPAY,ISSUER_05,True,True,OFF,2024-12-15,STD,0.4,-0.206,0.275,0.11,True,True,True,OUT
U_dd6a34f5a3,O-1,RESIDENT,IN,BHIM,ISSUER_05,True,True,ON,2025-03-01,STD,0.723,-0.159,0.59,-0.073,True,True,True,OUT
U_dde9253198,O-2,RESIDENT,IN,BHIM,ISSUER_07,True,True,ON,2025-09-10,STD,0.461,-0.076,0.436,-0.007,False,False,False,OUT
U_175e7ac417,O-1,RESIDENT,IN,PHONEPE,ISSUER_04,True,True,ON,2025-03-18,STD,0.242,0.34,0.479,0.054,True,True,True,OUT
U_36f7dd5632,O-2,RESIDENT,IN,PHONEPE,ISSUER_05,True,True,ON,2025-08-29,STD,0.48,0.063,0.021,0.282,True,True,True,OUT
U_4509d18d33,O-3,RESIDENT,IN,PHONEPE,ISSUER_06,True,True,ON,2026-03-04,STD,0.242,0.368,0.343,0.109,False,True,True,OUT
U_0743a8c3a3,O-4,RESIDENT,IN,BHIM,ISSUER_07,True,True,OFF,2025-12-13,STD,0.59,0.166,0.282,-0.15,True,True,False,OUT
U_5f35a3431b,O-1,RESIDENT,IN,BHIM,ISSUER_05,True,True,ON,2025-05-08,STD,0.5,0.316,0.073,0.043,True,True,False,OUT
U_40471fa933,O-2,RESIDENT,IN,GPAY,ISSUER_05,True,True,OFF,2026-04-29,STD,0.778,0.252,0.123,-0.046,True,True,True,OUT
U_dd664d4ba6,O-1,RESIDENT,IN,GPAY,ISSUER_03,True,True,ON,2026-01-21,STD,0.713,-0.039,0.345,-0.067,True,True,True,OUT
U_d9f077d700,O-1,RESIDENT,IN,GPAY,ISSUER_11,True,True,ON,2024-10-10,STD,0.703,0.26,0.55,-0.15,True,True,True,OUT
U_94fc604ae6,O-5,RESIDENT,IN,GPAY,ISSUER_09,True,True,OFF,2026-06-09,STD,0.601,-0.261,0.204,-0.05,True,True,True,OUT
U_f7974d0275,O-6,RESIDENT,IN,PHONEPE,ISSUER_10,True,False,OFF,2025-03-26,STD,0.929,0.119,0.075,0.107,True,False,True,OUT
U_21ac122518,O-2,RESIDENT,IN,BHIM,ISSUER_01,True,True,OFF,2026-05-10,STD,0.675,0.048,0.407,0.037,False,True,True,OUT
U_e819c60b5b,O-1,RESIDENT,IN,GPAY,ISSUER_05,True,True,ON,2024-12-17,RESTRICTED,0.67,0.511,0.051,0.371,True,True,True,OUT
U_bf16638099,O-1,RESIDENT,IN,BHIM,ISSUER_09,True,True,ON,2024-11-14,STD,0.149,-0.4,0.145,-0.086,True,False,False,OUT
U_da1b2b839e,O-3,RESIDENT,IN,BHIM,ISSUER_04,True,True,ON,2025-03-07,STD,0.692,-0.064,0.598,-0.15,True,True,False,OUT
U_8c0157e05b,O-5,RESIDENT,IN,PHONEPE,ISSUER_05,True,True,ON,2025-12-29,STD,0.845,0.269,0.3,0.203,True,True,True,OUT
U_dc8c9a6362,O-3,RESIDENT,IN,PHONEPE,ISSUER_12,True,True,OFF,2024-08-29,STD,0.687,-0.083,0.322,-0.137,True,False,False,OUT
U_77a23cba4d,O-1,RESIDENT,IN,BHIM,ISSUER_07,True,True,ON,2025-05-09,STD,0.641,0.169,0.402,0.025,True,True,True,OUT
U_76eccb78fa,O-1,RESIDENT,IN,PHONEPE,ISSUER_03,True,True,ON,2026-07-25,STD,0.764,-0.15,0.274,-0.013,True,True,True,OUT
U_fb2ba1c13d,O-1,RESIDENT,IN,GPAY,ISSUER_07,True,True,ON,2026-04-01,STD,0.13,0.188,0.268,-0.023,True,True,False,OUT
U_c7a006f5e1,O-1,RESIDENT,IN,BHIM,ISSUER_11,True,True,ON,2026-07-25,STD,0.979,0.226,0.391,0.007,True,True,False,OUT
U_d20c4ee9ef,O-5,RESIDENT,IN,BHIM,ISSUER_08,True,True,OFF,2024-09-04,STD,0.718,0.307,0.309,0.049,True,True,True,OUT
U_cef1f6ba64,O-6,RESIDENT,IN,BHIM,ISSUER_01,False,False,OFF,2026-03-21,STD,0.363,0.123,0.232,-0.095,True,True,True,OUT
U_c54de5992a,O-4,RESIDENT,IN,BHIM,ISSUER_12,True,True,OFF,2025-02-23,STD,0.614,0.016,0.1,-0.15,False,False,True,OUT
U_18e9fe8902,O-2,RESIDENT,IN,BHIM,ISSUER_07,True,True,OFF,2025-03-12,STD,0.6,0.204,0.063,0.013,True,True,True,OUT
U_4cde0c3e22,O-5,RESIDENT,IN,PHONEPE,ISSUER_02,True,False,OFF,2025-10-22,STD,0.392,-0.122,0.116,-0.043,True,False,True,OUT
U_b2fffd3594,O-2,RESIDENT,IN,PHONEPE,ISSUER_02,True,True,OFF,2025-12-04,STD,0.565,-0.11,0.599,-0.15,True,True,True,OUT
U_92b9b38a61,O-1,RESIDENT,IN,PHONEPE,ISSUER_08,True,True,ON,2025-08-19,STD,0.732,0.462,0.034,0.091,True,True,False,OUT
U_8729463d28,O-2,RESIDENT,IN,GPAY,ISSUER_07,True,False,OFF,2024-11-05,STD,0.694,0.051,0.246,0.083,True,True,True,OUT
U_e596b0dba1,O-1,RESIDENT,IN,PHONEPE,ISSUER_01,True,True,ON,2026-01-16,STD,0.145,-0.133,0.17,0.129,True,True,True,OUT
U_41ec6f0cea,O-6,RESIDENT,IN,PHONEPE,ISSUER_08,True,False,OFF,2025-10-03,STD,0.464,0.256,0.131,-0.105,True,True,True,OUT
U_e9114779e1,O-5,RESIDENT,IN,PHONEPE,ISSUER_11,True,True,OFF,2025-10-04,STD,0.058,0.5,0.125,-0.119,True,True,False,OUT
U_dcf587ed38,O-2,RESIDENT,IN,BHIM,ISSUER_05,True,True,OFF,2026-03-19,STD,0.527,-0.06,0.254,-0.01,True,True,False,OUT
U_5a6ee8f8ea,O-2,RESIDENT,IN,PHONEPE,ISSUER_02,True,True,OFF,2025-02-12,STD,0.072,0.262,0.477,-0.15,False,True,True,OUT
U_d2886304eb,O-6,RESIDENT,IN,BHIM,ISSUER_09,True,True,OFF,2026-01-28,STD,0.599,0.022,0.274,-0.147,True,True,True,OUT
U_9b548fe113,O-2,RESIDENT,IN,BHIM,ISSUER_02,True,True,OFF,2025-04-17,STD,0.524,-0.248,0.586,0.096,True,True,False,OUT
U_838781cfc6,O-3,RESIDENT,IN,GPAY,ISSUER_06,True,True,OFF,2026-06-22,STD,0.869,0.054,0.175,0.167,True,True,False,OUT
U_f8f83be870,O-2,RESIDENT,IN,GPAY,ISSUER_03,False,False,ON,2024-12-18,STD,0.248,0.304,0.393,-0.093,True,False,False,OUT
U_b791d035db,O-6,RESIDENT,IN,GPAY,ISSUER_06,False,True,OFF,2025-08-24,STD,0.419,-0.102,0.133,0.357,True,True,True,OUT
U_f3ae4f53d5,O-6,RESIDENT,IN,GPAY,ISSUER_04,False,False,OFF,2025-07-01,STD,0.311,0.045,0.198,0.066,True,False,False,OUT
U_cccf1203e2,O-1,RESIDENT,IN,GPAY,ISSUER_06,True,True,ON,2025-01-08,STD,0.398,0.519,0.126,0.048,True,False,False,OUT
U_8470b6e9d4,O-1,RESIDENT,IN,PHONEPE,ISSUER_05,True,True,ON,2024-08-24,STD,0.368,-0.043,0.81,-0.15,True,True,True,OUT
U_4c33cb9a0b,O-3,RESIDENT,IN,PHONEPE,ISSUER_06,False,True,OFF,2025-02-23,RESTRICTED,0.135,0.034,0.107,0.089,True,True,False,OUT
U_4caeb7bdb1,O-2,RESIDENT,IN,PHONEPE,ISSUER_02,True,True,OFF,2025-09-19,STD,0.241,0.585,0.166,0.091,True,True,True,OUT
U_da724fe9a5,O-2,RESIDENT,IN,BHIM,ISSUER_04,True,True,OFF,2024-10-15,ELEVATED,0.389,-0.148,0.358,-0.127,True,True,True,OUT
U_93633625bc,O-1,RESIDENT,IN,PHONEPE,ISSUER_07,True,True,ON,2024-08-24,STD,0.696,0.409,0.123,0.097,True,False,False,OUT
U_cffe39a9c3,O-1,RESIDENT,IN,GPAY,ISSUER_06,True,True,ON,2024-10-31,STD,0.753,0.453,0.318,-0.116,False,False,True,OUT
U_e27cf75c6e,O-2,RESIDENT,IN,PHONEPE,ISSUER_04,True,True,ON,2024-12-30,STD,0.088,0.287,0.096,-0.051,True,True,True,OUT
U_d8465fe4d5,O-1,RESIDENT,IN,GPAY,ISSUER_05,True,True,ON,2025-04-23,STD,0.815,-0.4,0.342,0.056,True,False,False,OUT
U_879f0a1a64,O-2,RESIDENT,IN,BHIM,ISSUER_11,True,False,ON,2024-08-27,STD,0.078,0.151,0.2,0.022,True,True,False,OUT
U_7b29e491bc,O-1,RESIDENT,IN,PHONEPE,ISSUER_03,True,True,ON,2024-10-09,STD,0.282,0.298,0.12,0.093,True,True,True,OUT
U_307847b634,O-5,RESIDENT,IN,BHIM,ISSUER_11,True,True,ON,2026-04-04,STD,0.6,0.092,0.331,0.015,True,False,False,OUT
U_5007f785dd,O-2,RESIDENT,IN,BHIM,ISSUER_01,True,True,OFF,2024-09-09,STD,0.755,-0.243,0.52,0.066,True,False,True,OUT
U_334afc2478,O-1,RESIDENT,IN,BHIM,ISSUER_05,True,False,ON,2026-05-19,STD,0.397,0.01,0.369,-0.15,False,True,False,OUT
U_db516e2cf0,O-1,RESIDENT,IN,BHIM,ISSUER_10,True,True,ON,2026-03-28,STD,0.958,0.08,0.168,-0.065,True,True,False,OUT
U_316b1c7323,O-2,RESIDENT,IN,PHONEPE,ISSUER_11,True,True,OFF,2025-06-01,STD,0.632,0.25,0.267,-0.081,True,True,True,OUT
U_13529f8364,O-1,RESIDENT,IN,PHONEPE,ISSUER_05,True,True,ON,2026-01-26,STD,0.737,0.026,0.282,-0.136,True,True,True,OUT
U_d227ff9865,O-2,RESIDENT,IN,PHONEPE,ISSUER_08,True,True,ON,2025-08-22,STD,0.794,-0.216,0.286,0.001,True,True,True,OUT
U_bb234b48ff,O-5,RESIDENT,IN,PHONEPE,ISSUER_06,True,True,OFF,2025-12-31,STD,0.794,0.299,0.236,-0.133,True,True,False,OUT
U_eb9289628b,O-4,RESIDENT,IN,GPAY,ISSUER_12,True,True,OFF,2025-04-24,STD,0.72,0.234,0.229,0.136,True,True,False,OUT
U_0e6ad78058,O-4,RESIDENT,IN,PHONEPE,ISSUER_06,True,True,ON,2026-07-26,STD,0.839,0.293,0.166,0.101,True,False,False,OUT
U_7a7ef75a5a,O-2,RESIDENT,IN,PHONEPE,ISSUER_10,True,True,ON,2026-06-16,STD,0.717,0.153,0.145,0.207,False,True,False,OUT
U_f9a9aa8c9b,O-1,RESIDENT,IN,GPAY,ISSUER_04,False,True,ON,2025-12-10,STD,0.172,0.188,0.261,0.128,True,False,True,OUT
U_b3a568662c,O-1,RESIDENT,IN,GPAY,ISSUER_03,True,True,ON,2025-10-31,STD,0.721,0.276,0.152,0.122,True,True,False,OUT
U_abd2fdd4bb,O-1,RESIDENT,IN,GPAY,ISSUER_01,True,True,ON,2026-03-13,STD,0.178,-0.149,0.227,-0.094,True,True,False,OUT
U_dc3a2213c3,O-2,RESIDENT,IN,GPAY,ISSUER_12,True,True,ON,2025-04-18,ELEVATED,0.522,0.231,0.082,-0.017,True,True,False,OUT
U_2e2df2b311,O-5,RESIDENT,IN,BHIM,ISSUER_07,True,True,ON,2025-03-29,STD,0.36,-0.05,0.485,0.105,False,True,False,OUT
U_4e3968a5f0,O-5,RESIDENT,IN,GPAY,ISSUER_06,True,True,ON,2025-07-24,STD,0.773,-0.102,0.444,-0.15,True,True,True,OUT
U_702e50103c,O-6,RESIDENT,IN,GPAY,ISSUER_01,True,False,OFF,2025-07-12,STD,0.192,-0.028,0.228,0.078,True,True,False,OUT
U_883653e1c6,O-6,RESIDENT,IN,BHIM,ISSUER_01,False,False,OFF,2025-07-15,STD,0.493,0.066,0.2,-0.02,True,False,True,OUT
U_b825d6f68d,O-6,RESIDENT,IN,GPAY,ISSUER_10,False,True,OFF,2025-11-25,STD,0.849,0.033,0.262,0.239,True,False,True,OUT
U_73c3359ea2,O-6,RESIDENT,IN,PHONEPE,ISSUER_02,False,False,OFF,2025-08-11,STD,0.189,-0.101,0.705,0.056,True,False,False,OUT
U_07092ee0af,O-3,RESIDENT,IN,PHONEPE,ISSUER_08,True,True,ON,2026-03-25,STD,0.312,-0.214,0.124,-0.109,True,False,False,OUT
U_16f8d4b81a,O-3,RESIDENT,IN,PHONEPE,ISSUER_02,True,True,OFF,2026-06-13,STD,0.713,0.067,0.405,-0.105,True,True,False,OUT
U_9f7954264b,O-6,RESIDENT,IN,BHIM,ISSUER_03,False,False,OFF,2025-06-28,STD,0.691,-0.208,0.587,-0.015,False,True,False,OUT
U_e885b2efeb,O-2,RESIDENT,IN,BHIM,ISSUER_11,True,True,ON,2024-10-26,STD,0.612,0.129,0.228,0.079,True,True,True,OUT
U_0e6308f248,O-6,RESIDENT,IN,PHONEPE,ISSUER_01,False,True,OFF,2025-04-22,STD,0.43,-0.163,0.492,-0.051,True,True,False,OUT
U_d82ca73974,O-2,RESIDENT,IN,GPAY,ISSUER_07,True,True,OFF,2025-12-20,STD,0.874,0.219,0.284,-0.051,True,False,True,OUT
U_5b373d7227,O-3,RESIDENT,IN,PHONEPE,ISSUER_05,True,True,ON,2024-11-08,STD,0.439,0.364,0.346,-0.077,True,True,True,OUT
U_f81c41e106,O-5,RESIDENT,IN,BHIM,ISSUER_08,True,True,ON,2024-11-17,STD,0.891,-0.048,0.663,-0.1,True,True,True,OUT
U_0a62adbeb3,O-4,RESIDENT,IN,BHIM,ISSUER_07,True,True,ON,2026-02-10,STD,0.792,0.52,0.297,0.043,False,True,False,OUT
U_dada2fe00c,O-4,RESIDENT,IN,GPAY,ISSUER_06,True,True,OFF,2025-06-04,STD,0.828,0.192,0.401,-0.099,True,True,True,OUT
U_9c1395021e,O-2,RESIDENT,IN,GPAY,ISSUER_06,True,True,ON,2026-03-29,STD,0.217,0.476,0.227,-0.081,True,False,False,OUT
U_3a1ae55b38,O-1,RESIDENT,IN,GPAY,ISSUER_01,True,True,ON,2025-02-14,STD,0.416,0.422,0.138,0.237,True,True,False,OUT
U_eb85d1cd7c,O-2,RESIDENT,IN,BHIM,ISSUER_03,True,True,OFF,2024-12-13,STD,0.689,0.263,0.248,-0.059,True,True,True,OUT
U_a6612cb46d,O-2,RESIDENT,IN,BHIM,ISSUER_03,True,False,ON,2025-08-24,STD,0.384,0.514,0.33,0.015,True,True,True,OUT
U_5f5621d870,O-4,RESIDENT,IN,BHIM,ISSUER_01,True,False,OFF,2025-09-05,STD,0.642,-0.218,0.529,0.089,False,True,False,OUT
U_389ffd3fc2,O-1,RESIDENT,IN,BHIM,ISSUER_09,True,True,ON,2024-09-17,STD,0.465,0.24,0.196,0.023,False,True,False,OUT
U_6233052ce8,O-6,RESIDENT,IN,GPAY,ISSUER_11,False,False,OFF,2025-03-01,STD,0.349,0.085,0.377,0.003,True,True,True,OUT
U_1791df2fe5,O-1,RESIDENT,IN,BHIM,ISSUER_02,True,True,ON,2026-03-12,STD,0.323,0.017,0.213,0.12,True,False,True,OUT
U_61bc35e8e0,O-2,RESIDENT,IN,PHONEPE,ISSUER_09,True,True,ON,2025-03-03,STD,0.166,-0.021,0.554,0.005,True,False,True,OUT
U_59f0f38ee5,O-1,RESIDENT,IN,GPAY,ISSUER_09,False,True,ON,2025-01-13,STD,0.672,0.216,0.104,-0.15,True,True,True,OUT
U_38a9a7413b,O-6,RESIDENT,IN,PHONEPE,ISSUER_02,True,True,OFF,2025-09-17,ELEVATED,0.796,0.136,0.279,-0.15,True,False,False,OUT
U_85eaff0c3b,O-2,RESIDENT,IN,PHONEPE,ISSUER_07,True,True,ON,2026-06-06,ELEVATED,0.206,0.132,0.193,0.024,True,True,False,OUT
U_ed2d742a3b,O-2,RESIDENT,IN,GPAY,ISSUER_04,True,True,OFF,2026-05-26,STD,0.618,0.205,0.123,0.23,True,False,True,OUT
U_437d2fcce6,O-2,RESIDENT,IN,PHONEPE,ISSUER_01,False,True,ON,2026-03-10,ELEVATED,0.181,0.153,0.094,0.151,True,False,True,OUT
U_66e256ac7e,O-2,RESIDENT,IN,GPAY,ISSUER_03,True,True,OFF,2024-10-14,STD,0.464,0.105,0.088,-0.027,True,True,True,OUT
U_6266038b28,O-6,RESIDENT,IN,PHONEPE,ISSUER_11,False,True,OFF,2025-05-16,STD,0.771,-0.069,0.239,0.388,True,True,True,OUT
U_7a59537c63,O-2,RESIDENT,IN,PHONEPE,ISSUER_09,True,False,ON,2026-04-04,STD,0.242,-0.078,0.487,0.036,True,True,False,OUT
U_77682047e9,O-1,RESIDENT,IN,GPAY,ISSUER_07,True,True,ON,2024-10-22,STD,0.628,0.193,0.243,-0.032,True,False,True,OUT
U_b4e28da581,O-4,RESIDENT,IN,BHIM,ISSUER_10,True,True,OFF,2026-03-23,STD,0.255,0.065,0.401,0.029,False,False,True,OUT
U_e9177ec35f,O-1,RESIDENT,IN,BHIM,ISSUER_08,False,True,ON,2025-02-15,STD,0.402,0.074,0.315,-0.107,True,False,False,OUT
U_0d53b0bd78,O-5,RESIDENT,IN,BHIM,ISSUER_05,True,True,ON,2024-10-16,STD,0.86,0.214,0.41,-0.057,True,True,True,OUT
U_cf3b4a44d5,O-2,RESIDENT,IN,BHIM,ISSUER_08,True,True,ON,2026-05-28,RESTRICTED,0.468,0.161,0.421,-0.15,True,True,False,OUT
U_06e8145d04,O-1,RESIDENT,IN,GPAY,ISSUER_10,True,False,ON,2024-09-09,STD,0.868,0.272,0.131,-0.01,True,False,False,OUT
U_d57f989fc1,O-6,RESIDENT,IN,PHONEPE,ISSUER_02,False,False,OFF,2024-09-26,STD,0.142,-0.116,0.629,0.091,True,True,False,OUT
U_d14067341e,O-6,RESIDENT,IN,PHONEPE,ISSUER_06,False,True,OFF,2024-12-05,STD,0.302,-0.145,0.175,0.043,True,False,False,OUT
U_579bc2fed6,O-3,RESIDENT,IN,BHIM,ISSUER_08,True,True,OFF,2024-10-11,STD,0.596,0.192,0.272,0.182,True,True,False,OUT
U_10a663bbe5,O-5,RESIDENT,IN,GPAY,ISSUER_03,True,True,ON,2025-03-30,STD,0.385,0.121,0.044,0.081,True,True,True,OUT
U_e283102a14,O-4,RESIDENT,IN,PHONEPE,ISSUER_11,True,True,OFF,2025-08-17,STD,0.267,0.201,0.22,-0.083,True,False,False,OUT
U_b5f1c330a4,O-6,RESIDENT,IN,BHIM,ISSUER_03,True,False,OFF,2026-06-11,STD,0.399,0.015,0.217,-0.086,True,True,False,OUT
U_591a5dea36,O-1,RESIDENT,IN,PHONEPE,ISSUER_04,True,True,ON,2025-06-18,STD,0.739,-0.078,0.332,-0.129,False,True,False,OUT
U_16ca726bca,O-2,RESIDENT,IN,BHIM,ISSUER_09,True,True,OFF,2026-04-09,STD,0.359,0.028,0.4,-0.15,True,True,True,OUT
U_2a4863f58e,O-3,RESIDENT,IN,PHONEPE,ISSUER_08,True,True,OFF,2025-06-05,STD,0.632,0.245,0.229,0.082,True,False,True,OUT
U_f31b142e21,O-3,RESIDENT,IN,PHONEPE,ISSUER_05,True,True,OFF,2025-12-08,STD,0.847,0.123,0.267,0.089,True,True,False,OUT
U_8281490a8d,O-2,RESIDENT,IN,BHIM,ISSUER_12,True,False,ON,2025-02-09,STD,0.529,0.557,0.087,0.078,True,True,True,OUT
U_a7bd6f03db,O-2,RESIDENT,IN,GPAY,ISSUER_08,True,True,ON,2026-04-21,ELEVATED,0.572,-0.075,0.88,-0.112,True,False,False,OUT
U_e22fcf8dd6,O-1,RESIDENT,IN,PHONEPE,ISSUER_04,True,True,ON,2025-03-21,STD,0.484,0.351,0.241,0.098,True,True,False,OUT
U_f26397eb57,O-2,RESIDENT,IN,PHONEPE,ISSUER_05,True,True,ON,2025-05-08,STD,0.176,-0.111,0.9,-0.15,True,True,False,OUT
U_b94c36e70d,O-6,RESIDENT,IN,GPAY,ISSUER_12,False,False,OFF,2025-09-09,STD,0.477,-0.014,0.517,-0.145,True,True,False,OUT
U_785fdae975,O-4,RESIDENT,IN,PHONEPE,ISSUER_04,True,True,ON,2026-06-10,STD,0.161,0.509,0.354,0.0,True,True,False,OUT
U_1d2af68a80,O-3,RESIDENT,IN,PHONEPE,ISSUER_03,True,True,OFF,2025-03-24,STD,0.232,-0.023,0.262,0.024,True,True,True,OUT
U_5a43c2d677,O-1,RESIDENT,IN,PHONEPE,ISSUER_07,True,True,ON,2026-02-11,STD,0.645,0.423,0.082,0.225,False,True,True,OUT
U_8d0c82b242,O-5,RESIDENT,IN,GPAY,ISSUER_04,True,False,ON,2025-10-16,STD,0.648,0.135,0.125,-0.122,True,False,True,OUT
U_6459161257,O-6,RESIDENT,IN,GPAY,ISSUER_06,False,False,OFF,2025-06-05,ELEVATED,0.936,0.294,0.264,0.006,False,True,False,OUT
U_6366a7b408,O-3,RESIDENT,IN,BHIM,ISSUER_07,True,True,OFF,2025-01-12,STD,0.344,0.074,0.307,-0.15,True,False,False,OUT
U_2a0a42beb6,O-1,RESIDENT,IN,PHONEPE,ISSUER_09,True,True,ON,2024-11-30,STD,0.627,0.364,0.303,-0.051,False,True,False,OUT
U_eb76f767e0,O-5,RESIDENT,IN,GPAY,ISSUER_02,True,True,OFF,2025-04-17,STD,0.249,0.12,0.305,-0.042,True,True,True,OUT
U_d290b9a03a,O-2,RESIDENT,IN,BHIM,ISSUER_04,True,True,OFF,2025-10-21,STD,0.532,0.537,0.077,0.05,True,True,True,OUT
U_e31a06d80d,O-1,RESIDENT,IN,PHONEPE,ISSUER_03,True,True,ON,2025-06-23,STD,0.691,-0.21,0.623,-0.065,True,True,False,OUT
U_6c832f5c0e,O-1,RESIDENT,IN,PHONEPE,ISSUER_08,True,True,ON,2024-10-30,STD,0.287,0.253,0.186,-0.15,True,True,True,OUT
U_b295c33b99,O-5,RESIDENT,IN,PHONEPE,ISSUER_03,True,True,ON,2025-04-02,STD,0.164,0.067,0.31,-0.15,True,False,True,OUT
U_861f15afa4,O-4,RESIDENT,IN,GPAY,ISSUER_08,True,False,OFF,2026-05-22,STD,0.379,0.095,0.153,0.207,True,True,True,OUT
U_48ce837c0a,O-2,RESIDENT,IN,GPAY,ISSUER_07,True,True,OFF,2025-03-21,STD,0.764,0.221,0.166,0.209,False,True,True,OUT
U_a8954f8f22,O-4,RESIDENT,IN,GPAY,ISSUER_03,True,True,OFF,2025-05-31,STD,0.446,0.168,0.526,-0.014,True,True,True,OUT
U_6363688566,O-1,RESIDENT,IN,BHIM,ISSUER_12,True,True,ON,2025-06-18,STD,0.268,0.292,0.171,0.013,True,True,True,OUT
U_e292a50eae,O-5,RESIDENT,IN,PHONEPE,ISSUER_03,True,True,ON,2025-12-14,STD,0.576,0.042,0.143,0.029,True,False,False,OUT
U_a4be24ffe4,O-1,RESIDENT,IN,PHONEPE,ISSUER_10,True,True,ON,2025-07-12,STD,0.66,0.108,0.049,-0.06,True,False,False,OUT
U_b7c3cdd409,O-1,RESIDENT,IN,BHIM,ISSUER_01,True,True,ON,2024-12-07,STD,0.788,-0.073,0.455,-0.041,True,True,True,OUT
U_95e1792ff1,O-2,RESIDENT,IN,BHIM,ISSUER_03,False,True,ON,2026-07-21,STD,0.778,0.05,0.102,0.18,True,False,False,OUT
U_bd0b9519d9,O-6,RESIDENT,IN,GPAY,ISSUER_06,True,False,OFF,2025-03-15,STD,0.12,0.197,0.498,-0.15,True,True,False,OUT
U_95653634f3,O-2,RESIDENT,IN,PHONEPE,ISSUER_04,False,True,ON,2025-08-27,STD,0.425,0.166,0.347,-0.099,True,True,True,OUT
U_d155f1a091,O-6,RESIDENT,IN,GPAY,ISSUER_03,False,False,OFF,2026-02-19,STD,0.467,0.21,0.396,-0.013,True,True,True,OUT
U_1f20dbd33b,O-3,RESIDENT,IN,PHONEPE,ISSUER_05,True,True,ON,2025-03-21,STD,0.379,0.502,0.102,-0.144,True,True,False,OUT
U_d164cf38b5,O-2,RESIDENT,IN,PHONEPE,ISSUER_12,True,True,OFF,2025-04-30,STD,0.729,0.054,0.08,0.254,True,False,True,OUT
U_ee4bff6c32,O-2,RESIDENT,IN,BHIM,ISSUER_08,True,True,ON,2025-03-22,STD,0.571,0.007,0.151,0.089,True,False,False,OUT
U_960d480dee,O-2,RESIDENT,IN,GPAY,ISSUER_05,True,True,ON,2025-08-19,STD,0.372,0.25,0.314,-0.15,True,True,True,OUT
U_8bbf1493a8,O-6,RESIDENT,IN,PHONEPE,ISSUER_09,False,False,OFF,2026-03-29,STD,0.578,-0.134,0.451,0.029,True,True,True,OUT
U_b57858fa48,O-5,RESIDENT,IN,BHIM,ISSUER_02,True,True,ON,2025-05-27,STD,0.053,-0.027,0.12,0.013,True,True,False,OUT
U_e9e4447c3a,O-5,RESIDENT,IN,GPAY,ISSUER_07,False,True,ON,2025-10-26,STD,0.494,0.128,0.155,0.044,True,True,True,OUT
U_abdfb58b5c,O-1,RESIDENT,IN,PHONEPE,ISSUER_06,True,True,ON,2025-10-30,STD,0.798,-0.206,0.572,0.177,False,False,True,OUT
U_9dea3f9cbb,O-6,RESIDENT,IN,PHONEPE,ISSUER_03,True,False,OFF,2025-02-19,STD,0.553,0.064,0.407,-0.124,True,False,False,OUT
U_5cc43f17a4,O-1,RESIDENT,IN,BHIM,ISSUER_07,True,True,ON,2026-05-15,STD,0.795,-0.089,0.13,0.078,True,True,True,OUT
U_ddc6ee01c2,O-1,RESIDENT,IN,BHIM,ISSUER_03,True,True,ON,2025-03-09,STD,0.579,0.174,0.155,-0.028,True,True,False,OUT
U_67559680e6,O-1,RESIDENT,IN,GPAY,ISSUER_04,True,True,ON,2025-10-21,STD,0.447,0.032,0.24,0.12,True,True,False,OUT
U_92074b36c9,O-3,RESIDENT,IN,GPAY,ISSUER_09,True,True,ON,2025-03-24,STD,0.543,-0.135,0.085,0.194,True,True,True,OUT
U_23bbf8fee5,O-1,RESIDENT,IN,BHIM,ISSUER_06,True,True,ON,2024-08-18,STD,0.529,0.269,0.217,-0.051,True,True,False,OUT
U_1291817fc7,O-1,RESIDENT,IN,BHIM,ISSUER_07,True,True,ON,2024-11-11,STD,0.952,0.129,0.259,0.224,True,True,True,OUT
U_42537f2125,O-1,RESIDENT,IN,PHONEPE,ISSUER_04,True,False,ON,2026-06-25,STD,0.55,0.263,0.164,-0.053,True,True,True,OUT
U_f308688ae6,O-1,RESIDENT,IN,PHONEPE,ISSUER_11,True,True,ON,2025-06-15,STD,0.563,0.6,0.504,-0.15,True,True,False,OUT
U_d358d38e86,O-3,RESIDENT,IN,PHONEPE,ISSUER_04,False,True,OFF,2024-10-27,STD,0.541,-0.081,0.025,0.017,True,False,False,OUT
U_2e17dbe2aa,O-6,RESIDENT,IN,PHONEPE,ISSUER_05,False,False,OFF,2024-12-22,STD,0.322,0.268,0.205,0.102,True,False,False,OUT
U_8e51deb701,O-1,RESIDENT,IN,PHONEPE,ISSUER_04,True,True,ON,2024-09-26,STD,0.713,-0.096,0.328,-0.149,False,True,False,OUT
U_ba37ac24c2,O-5,RESIDENT,IN,BHIM,ISSUER_07,True,True,ON,2025-03-22,ELEVATED,0.073,0.054,0.059,0.067,True,True,True,OUT
U_fe81fd3455,O-1,RESIDENT,IN,PHONEPE,ISSUER_05,True,True,ON,2025-05-23,STD,0.492,0.213,0.332,-0.069,True,True,True,OUT
U_7b06e8ac78,O-4,RESIDENT,IN,GPAY,ISSUER_03,True,True,OFF,2025-09-23,STD,0.888,-0.08,0.937,-0.082,True,True,True,OUT
U_aa354b1f58,O-3,RESIDENT,IN,BHIM,ISSUER_06,True,True,ON,2025-01-31,STD,0.58,0.232,0.208,-0.024,False,True,True,OUT
U_f70e537844,O-6,RESIDENT,IN,BHIM,ISSUER_03,False,True,OFF,2025-10-05,STD,0.541,0.079,0.098,0.071,True,True,False,OUT
U_0acaf700bd,O-1,RESIDENT,IN,BHIM,ISSUER_06,True,True,ON,2025-07-25,STD,0.306,-0.001,0.087,-0.15,True,False,False,OUT
U_ab3eed4d35,O-2,RESIDENT,IN,PHONEPE,ISSUER_12,True,True,ON,2025-08-12,STD,0.218,0.066,0.473,-0.093,True,True,False,OUT
U_12b1db307a,O-2,RESIDENT,IN,BHIM,ISSUER_01,True,True,OFF,2025-05-22,STD,0.097,0.186,0.228,-0.064,True,True,False,OUT
U_211a4b8a17,O-6,RESIDENT,IN,GPAY,ISSUER_06,False,False,OFF,2025-01-24,STD,0.708,0.377,0.342,-0.076,True,True,True,OUT
U_9ab47a3b04,O-1,RESIDENT,IN,BHIM,ISSUER_11,True,True,ON,2024-12-21,STD,0.198,-0.245,0.924,-0.112,True,True,True,OUT
U_90579dee6d,O-2,RESIDENT,IN,PHONEPE,ISSUER_04,True,True,ON,2025-08-04,STD,0.248,-0.043,0.449,-0.099,True,False,True,OUT
U_9d4541c480,O-2,RESIDENT,IN,BHIM,ISSUER_04,True,True,OFF,2026-06-11,STD,0.275,0.285,0.177,0.233,True,False,True,OUT
U_417aa8b8b3,O-4,RESIDENT,IN,GPAY,ISSUER_02,True,True,OFF,2025-07-27,STD,0.49,0.128,0.383,0.12,False,True,True,OUT
U_383dc3e9db,O-2,RESIDENT,IN,GPAY,ISSUER_05,True,True,ON,2024-09-21,STD,0.291,0.099,0.315,-0.117,True,True,True,OUT
U_9aa1bb4664,O-5,RESIDENT,IN,GPAY,ISSUER_11,True,True,OFF,2024-08-15,STD,0.58,0.023,0.362,-0.15,True,True,True,OUT
U_8ffa238453,O-1,RESIDENT,IN,BHIM,ISSUER_07,True,True,ON,2026-07-30,STD,0.269,0.063,0.524,-0.071,False,True,True,OUT
U_a0dced2a66,O-2,RESIDENT,IN,GPAY,ISSUER_07,True,True,ON,2025-04-16,STD,0.56,0.103,0.108,0.157,False,False,True,OUT
U_69dee084d7,O-1,RESIDENT,IN,PHONEPE,ISSUER_02,True,True,ON,2025-04-04,STD,0.403,0.396,0.05,0.193,True,True,True,OUT
U_e1bf4b3ea6,O-1,RESIDENT,IN,PHONEPE,ISSUER_05,True,True,ON,2025-09-24,STD,0.709,0.26,0.071,0.043,False,True,True,OUT
U_a67ce12076,O-5,RESIDENT,IN,PHONEPE,ISSUER_05,True,True,OFF,2024-11-24,STD,0.449,0.137,0.172,-0.017,True,False,False,OUT
U_4439cc8f70,O-6,RESIDENT,IN,GPAY,ISSUER_01,True,False,OFF,2024-08-13,STD,0.42,0.105,0.225,0.096,True,True,False,OUT
U_64a6853ca8,O-5,RESIDENT,IN,BHIM,ISSUER_08,True,True,ON,2026-06-26,STD,0.336,0.227,0.147,0.023,True,True,True,OUT
U_7b22cc33ad,O-3,RESIDENT,IN,BHIM,ISSUER_08,True,True,OFF,2026-03-05,STD,0.295,0.385,0.066,0.18,True,True,True,OUT
U_62b1091ad1,O-2,RESIDENT,IN,GPAY,ISSUER_02,True,True,OFF,2026-06-13,STD,0.743,0.053,0.099,0.068,True,True,False,OUT
U_d20d74e5f1,O-2,RESIDENT,IN,PHONEPE,ISSUER_04,True,True,OFF,2025-09-21,STD,0.197,-0.045,0.444,0.131,True,True,False,OUT
U_f6a778f4c3,O-3,RESIDENT,IN,GPAY,ISSUER_06,True,True,OFF,2026-04-18,STD,0.594,0.327,0.154,0.126,False,True,False,OUT
U_d7d53d00c3,O-2,RESIDENT,IN,BHIM,ISSUER_04,True,True,ON,2025-03-24,STD,0.797,0.285,0.172,0.184,True,True,True,OUT
U_517e414e7f,O-6,RESIDENT,IN,BHIM,ISSUER_03,False,False,OFF,2025-09-24,STD,0.694,-0.151,0.936,-0.15,True,False,True,OUT
U_1c98ce5a83,O-1,RESIDENT,IN,PHONEPE,ISSUER_10,True,True,ON,2025-08-11,ELEVATED,0.652,0.068,0.49,-0.122,True,True,False,OUT
U_b4fb2b61e7,O-1,RESIDENT,IN,GPAY,ISSUER_12,True,False,ON,2025-07-14,STD,0.879,0.382,0.08,0.127,True,False,True,OUT
U_ba2113857a,O-5,RESIDENT,IN,PHONEPE,ISSUER_02,True,True,ON,2025-07-28,STD,0.242,0.003,0.328,0.203,False,True,True,OUT
U_844f61377a,O-1,RESIDENT,IN,GPAY,ISSUER_11,True,False,ON,2026-06-07,STD,0.211,0.358,0.118,0.02,True,True,False,OUT
U_ddf93bff7f,O-2,RESIDENT,IN,PHONEPE,ISSUER_03,True,False,OFF,2026-02-13,STD,0.613,0.455,0.046,0.143,True,True,True,OUT
U_5d92ce1361,O-1,RESIDENT,IN,GPAY,ISSUER_03,True,True,ON,2025-07-14,STD,0.875,0.327,0.207,-0.072,True,False,True,OUT
U_34b86b2de7,O-2,RESIDENT,IN,PHONEPE,ISSUER_12,True,True,ON,2025-02-12,STD,0.608,-0.07,0.274,0.069,True,False,True,OUT
U_1d1e8e7d7d,O-2,RESIDENT,IN,PHONEPE,ISSUER_09,True,True,OFF,2024-09-28,STD,0.198,0.077,0.247,0.028,True,False,True,OUT
U_9d4953879d,O-1,RESIDENT,IN,GPAY,ISSUER_09,True,True,ON,2025-09-29,STD,0.787,0.078,0.224,0.033,False,False,False,OUT
U_8834c44e1d,O-2,RESIDENT,IN,BHIM,ISSUER_09,True,True,OFF,2026-03-25,STD,0.546,0.16,0.314,-0.028,True,True,True,OUT
U_2a717c5368,O-1,RESIDENT,IN,GPAY,ISSUER_07,True,True,ON,2026-03-30,STD,0.599,0.076,0.086,0.217,True,False,False,OUT
U_dc48cb60dc,O-1,RESIDENT,IN,BHIM,ISSUER_11,True,True,ON,2026-01-29,STD,0.694,0.199,0.135,-0.047,True,True,True,OUT
U_35a9b82553,O-1,RESIDENT,IN,GPAY,ISSUER_10,False,True,ON,2024-09-28,STD,0.328,0.052,0.245,0.052,False,True,False,OUT
U_60eac3f3ba,O-1,RESIDENT,IN,BHIM,ISSUER_04,True,True,ON,2024-12-30,STD,0.539,0.436,0.132,0.073,True,False,True,OUT
U_f7f96def2c,O-4,RESIDENT,IN,BHIM,ISSUER_12,True,True,OFF,2025-07-01,STD,0.376,0.003,0.211,-0.014,True,True,True,OUT
U_15ce7855b8,O-2,RESIDENT,IN,BHIM,ISSUER_08,True,True,OFF,2025-12-29,STD,0.647,0.181,0.068,0.068,False,True,True,OUT
U_c80b80fb6c,O-6,RESIDENT,IN,BHIM,ISSUER_01,False,False,OFF,2024-10-17,STD,0.719,0.182,0.352,-0.15,False,False,True,OUT
U_2ad0023bf7,O-1,RESIDENT,IN,BHIM,ISSUER_07,True,True,ON,2026-05-03,STD,0.609,0.211,0.235,-0.15,True,False,True,OUT
U_d929fefa89,O-3,RESIDENT,IN,GPAY,ISSUER_04,True,True,ON,2025-09-10,STD,0.681,-0.13,0.303,0.086,True,True,False,OUT
U_283ea26b24,O-3,RESIDENT,IN,BHIM,ISSUER_09,True,False,ON,2026-05-27,STD,0.58,0.489,0.14,0.12,True,True,False,OUT
U_fe900d9967,O-3,RESIDENT,IN,PHONEPE,ISSUER_03,True,True,OFF,2026-07-03,STD,0.169,0.127,0.091,0.363,False,True,True,OUT
U_8cd2baddcf,O-2,RESIDENT,IN,PHONEPE,ISSUER_09,True,True,ON,2026-07-14,STD,0.242,0.237,0.302,-0.112,True,False,False,OUT
U_d30dedb0a5,O-2,RESIDENT,IN,PHONEPE,ISSUER_02,True,True,ON,2025-02-22,STD,0.384,0.297,0.378,-0.148,True,True,False,OUT
U_5246bb8146,O-1,RESIDENT,IN,BHIM,ISSUER_01,True,True,ON,2025-07-23,STD,0.307,0.043,0.124,-0.031,False,True,True,OUT
U_7565ff46c4,O-2,RESIDENT,IN,BHIM,ISSUER_12,True,True,OFF,2025-04-28,STD,0.261,0.06,0.132,0.115,False,True,True,OUT
U_8c934fc446,O-2,RESIDENT,IN,GPAY,ISSUER_11,True,True,ON,2025-11-18,STD,0.465,0.289,0.327,-0.09,True,False,True,OUT
U_ee2f11bfc0,O-4,RESIDENT,IN,BHIM,ISSUER_12,True,True,ON,2026-03-06,STD,0.182,-0.068,0.289,-0.073,True,False,True,OUT
U_71267f8f5d,O-1,RESIDENT,IN,BHIM,ISSUER_12,True,False,ON,2025-09-13,STD,0.566,0.178,0.049,0.126,True,True,True,OUT
U_acbfb13f8c,O-1,RESIDENT,IN,GPAY,ISSUER_09,True,True,ON,2025-12-09,STD,0.401,-0.003,0.66,-0.15,True,True,False,OUT
U_7d3d777441,O-3,RESIDENT,IN,GPAY,ISSUER_08,True,True,OFF,2025-01-15,STD,0.359,0.435,0.253,0.148,True,True,True,OUT
U_27ac9935df,O-1,RESIDENT,IN,BHIM,ISSUER_11,True,True,ON,2026-06-12,STD,0.121,-0.009,0.54,-0.15,True,False,True,OUT
U_c7aeee072f,O-3,RESIDENT,IN,BHIM,ISSUER_02,True,True,ON,2025-02-11,STD,0.354,0.336,0.333,0.06,True,False,True,OUT
U_344c19c6b4,O-6,RESIDENT,IN,BHIM,ISSUER_07,False,False,OFF,2025-04-07,STD,0.114,0.161,0.049,0.199,True,False,True,OUT
U_efd03e0acd,O-3,RESIDENT,IN,PHONEPE,ISSUER_03,True,True,ON,2025-09-18,STD,0.48,0.06,0.299,0.115,True,True,True,OUT
U_55afc2d848,O-1,RESIDENT,IN,BHIM,ISSUER_10,True,False,ON,2025-10-04,STD,0.592,-0.031,0.58,0.042,True,True,True,OUT
U_28f4e91c91,O-3,RESIDENT,IN,PHONEPE,ISSUER_07,True,False,ON,2025-01-02,STD,0.412,0.216,0.374,0.015,True,False,True,OUT
U_ff2b2a6452,O-2,RESIDENT,IN,BHIM,ISSUER_07,True,True,OFF,2025-06-26,STD,0.381,0.013,0.309,0.053,True,True,True,OUT
U_972ee17071,O-3,RESIDENT,IN,GPAY,ISSUER_05,True,True,OFF,2025-11-19,STD,0.165,0.002,0.165,0.164,False,True,True,OUT
U_ef4c2bb778,O-1,RESIDENT,IN,GPAY,ISSUER_06,True,True,ON,2025-07-22,STD,0.133,0.339,0.116,0.063,True,True,True,OUT
U_d5710e233a,O-2,RESIDENT,IN,BHIM,ISSUER_01,True,True,OFF,2025-02-20,STD,0.658,-0.131,0.411,-0.15,True,True,True,OUT
U_3318ee06b5,O-2,RESIDENT,IN,PHONEPE,ISSUER_10,True,True,ON,2025-10-13,STD,0.374,0.082,0.111,-0.086,True,False,True,OUT
U_657ee723ff,O-1,RESIDENT,IN,GPAY,ISSUER_11,True,True,ON,2026-04-02,STD,0.88,0.153,0.124,0.103,True,False,False,OUT
U_290c32e70f,O-3,RESIDENT,IN,GPAY,ISSUER_10,True,True,OFF,2026-01-18,STD,0.376,-0.107,0.249,-0.076,True,True,True,OUT
U_1aa770fc67,O-2,RESIDENT,IN,GPAY,ISSUER_12,True,True,OFF,2025-04-23,STD,0.755,0.073,0.198,0.16,True,True,True,OUT
U_c7eabc4e31,O-1,RESIDENT,IN,PHONEPE,ISSUER_09,True,True,ON,2025-05-13,STD,0.458,0.115,0.231,-0.034,False,False,False,OUT
U_61d4f1ca9e,O-2,RESIDENT,IN,GPAY,ISSUER_09,True,True,OFF,2026-05-26,ELEVATED,0.52,0.029,0.063,0.0,True,False,False,OUT
U_130ebca434,O-5,RESIDENT,IN,BHIM,ISSUER_03,False,True,OFF,2024-11-16,STD,0.551,0.099,0.092,0.134,False,True,True,OUT
U_348f94b02d,O-1,RESIDENT,IN,PHONEPE,ISSUER_02,True,True,ON,2026-05-01,STD,0.088,-0.108,0.329,-0.147,False,True,True,OUT
U_a725c5003d,O-2,RESIDENT,IN,BHIM,ISSUER_09,True,True,ON,2024-10-05,STD,0.774,0.017,0.109,0.113,True,False,False,OUT
U_47839823cf,O-1,RESIDENT,IN,GPAY,ISSUER_01,True,True,ON,2025-10-09,STD,0.084,0.343,0.231,0.058,True,True,True,OUT
U_547fa7b9aa,O-1,RESIDENT,IN,BHIM,ISSUER_01,True,True,ON,2024-10-20,STD,0.648,0.399,0.372,-0.15,True,True,True,OUT
U_c905c8ad7a,O-2,RESIDENT,IN,BHIM,ISSUER_03,True,True,OFF,2026-04-15,STD,0.691,0.161,0.443,-0.15,True,True,False,OUT
U_fc43d055fc,O-5,RESIDENT,IN,PHONEPE,ISSUER_09,False,True,OFF,2025-09-27,STD,0.585,-0.329,0.232,0.172,True,False,False,OUT
U_c56e7045ff,O-5,RESIDENT,IN,PHONEPE,ISSUER_05,True,True,OFF,2024-11-04,STD,0.555,0.261,0.208,-0.015,True,True,False,OUT
U_f8cb0c8575,O-3,RESIDENT,IN,PHONEPE,ISSUER_05,True,True,OFF,2026-01-10,STD,0.374,0.487,0.083,0.101,True,False,False,OUT
U_3832fbc804,O-1,RESIDENT,IN,BHIM,ISSUER_06,True,True,ON,2025-05-29,STD,0.648,0.568,0.037,0.271,True,True,False,OUT
U_a30d7bf6f1,O-1,RESIDENT,IN,PHONEPE,ISSUER_09,True,True,ON,2026-03-02,STD,0.577,-0.235,0.46,-0.14,True,True,True,OUT
U_dae0819938,O-3,RESIDENT,IN,GPAY,ISSUER_02,True,True,OFF,2025-08-03,STD,0.781,0.163,0.32,0.002,True,False,False,OUT
U_a65511188a,O-2,RESIDENT,IN,PHONEPE,ISSUER_10,True,True,OFF,2026-01-02,STD,0.334,0.153,0.378,-0.143,True,True,False,OUT
U_eb29d22f2e,O-1,RESIDENT,IN,PHONEPE,ISSUER_12,True,True,ON,2026-07-03,STD,0.774,0.046,0.093,-0.051,True,False,False,OUT
U_365f778f5f,O-1,RESIDENT,IN,PHONEPE,ISSUER_10,True,True,ON,2026-02-26,STD,0.838,0.303,0.337,-0.086,False,True,True,OUT
U_5b9905d221,O-5,RESIDENT,IN,PHONEPE,ISSUER_11,True,True,ON,2024-08-29,STD,0.808,0.304,0.493,-0.15,False,True,False,OUT
U_fe99790338,O-6,RESIDENT,IN,BHIM,ISSUER_04,False,True,OFF,2024-09-30,STD,0.125,0.394,0.261,-0.015,False,True,True,OUT
U_773311e90d,O-2,RESIDENT,IN,GPAY,ISSUER_05,True,True,ON,2026-03-12,STD,0.325,0.033,0.047,0.055,False,True,False,OUT
U_d4f0f5bad7,O-2,RESIDENT,IN,PHONEPE,ISSUER_04,False,True,OFF,2025-05-26,STD,0.56,0.348,0.126,-0.04,True,False,False,OUT
U_78095c1055,O-5,RESIDENT,IN,BHIM,ISSUER_07,True,True,ON,2026-06-23,STD,0.775,-0.108,0.324,0.158,True,False,True,OUT
U_173f08a6a5,O-6,RESIDENT,IN,PHONEPE,ISSUER_02,False,True,OFF,2026-05-16,STD,0.699,-0.013,0.19,0.039,False,True,True,OUT
U_b5516d2644,O-2,RESIDENT,IN,BHIM,ISSUER_11,True,True,ON,2024-10-29,STD,0.291,-0.062,0.845,-0.15,True,True,True,OUT
U_1520c7fb6d,O-3,RESIDENT,IN,BHIM,ISSUER_11,True,True,OFF,2025-03-05,STD,0.757,0.296,0.423,-0.15,True,False,True,OUT
U_6d657bd431,O-1,RESIDENT,IN,BHIM,ISSUER_01,True,True,ON,2026-07-02,STD,0.462,0.469,0.345,0.167,True,False,True,OUT
U_7987b4042c,O-3,RESIDENT,IN,GPAY,ISSUER_06,True,True,OFF,2024-11-10,STD,0.734,0.066,0.352,-0.074,True,False,True,OUT
U_fb55bd7ee9,O-4,RESIDENT,IN,BHIM,ISSUER_12,True,True,OFF,2024-09-28,STD,0.196,0.115,0.308,0.057,True,False,True,OUT
U_8f580ed5c2,O-6,RESIDENT,IN,PHONEPE,ISSUER_07,False,True,OFF,2026-03-05,STD,0.348,0.3,0.129,0.197,True,True,False,OUT
U_f3e74b99b2,O-4,RESIDENT,IN,PHONEPE,ISSUER_01,True,True,ON,2026-06-08,STD,0.551,0.148,0.166,0.172,True,True,False,OUT
U_2ca2ae3803,O-1,RESIDENT,IN,BHIM,ISSUER_09,True,True,ON,2025-04-29,STD,0.703,0.28,0.284,0.16,True,True,True,OUT
U_b9307b0694,O-1,RESIDENT,IN,GPAY,ISSUER_06,True,True,ON,2024-12-23,ELEVATED,0.861,0.251,0.155,-0.15,False,True,True,OUT
U_e87c2de9d3,O-1,RESIDENT,IN,GPAY,ISSUER_07,True,True,ON,2026-03-22,STD,0.246,0.272,0.202,-0.022,False,True,False,OUT
U_285229e284,O-2,RESIDENT,IN,PHONEPE,ISSUER_05,True,True,OFF,2025-06-08,STD,0.307,0.391,0.34,-0.021,True,False,True,OUT
U_5392fb850b,O-1,RESIDENT,IN,GPAY,ISSUER_07,True,True,ON,2025-06-05,ELEVATED,0.362,-0.255,0.457,-0.074,True,False,False,OUT
U_3b802c0e6d,O-2,RESIDENT,IN,PHONEPE,ISSUER_04,True,False,OFF,2024-12-12,STD,0.82,0.082,0.196,0.055,True,True,True,OUT
U_b82134ae04,O-6,RESIDENT,IN,PHONEPE,ISSUER_07,True,False,OFF,2026-04-01,STD,0.401,-0.12,0.409,0.109,True,True,False,OUT
U_58710fe6e7,O-2,RESIDENT,IN,BHIM,ISSUER_08,True,True,OFF,2026-01-29,STD,0.901,0.031,0.424,0.145,True,True,True,OUT
U_1f162f14b0,O-1,RESIDENT,IN,GPAY,ISSUER_06,True,True,ON,2025-07-17,STD,0.127,0.252,0.186,-0.05,True,True,True,OUT
U_48ec564c97,O-6,RESIDENT,IN,BHIM,ISSUER_11,False,False,OFF,2025-11-13,STD,0.413,0.075,0.373,0.052,True,True,False,OUT
U_884ea696c5,O-6,RESIDENT,IN,BHIM,ISSUER_10,False,False,OFF,2025-12-27,STD,0.301,0.083,0.366,-0.15,True,False,True,OUT
U_429cb138c4,O-3,RESIDENT,IN,BHIM,ISSUER_02,True,True,ON,2025-11-28,STD,0.674,-0.026,0.237,0.051,False,False,True,OUT
U_4b782b5b50,O-5,RESIDENT,IN,PHONEPE,ISSUER_02,True,True,OFF,2024-12-28,STD,0.29,0.004,0.177,0.209,True,False,True,OUT
U_a864fe3db2,O-6,RESIDENT,IN,GPAY,ISSUER_02,False,True,OFF,2025-04-10,STD,0.533,-0.065,0.457,-0.15,True,True,False,OUT
U_c460af02ea,O-5,RESIDENT,IN,GPAY,ISSUER_06,True,True,OFF,2026-07-18,STD,0.508,-0.184,0.726,-0.15,True,True,True,OUT
U_6d931f3c05,O-4,RESIDENT,IN,PHONEPE,ISSUER_07,True,True,ON,2026-06-29,STD,0.857,0.162,0.116,-0.037,True,True,True,OUT
U_539e7ebc20,O-6,RESIDENT,IN,PHONEPE,ISSUER_07,False,True,OFF,2026-07-25,STD,0.234,0.181,0.164,-0.089,True,True,True,OUT
U_d583077a4c,O-6,RESIDENT,IN,GPAY,ISSUER_08,True,True,OFF,2026-03-01,STD,0.176,0.038,0.083,-0.094,True,False,True,OUT
U_0d956ee794,O-2,RESIDENT,IN,GPAY,ISSUER_12,False,True,OFF,2024-11-19,STD,0.349,0.015,0.238,0.008,True,False,False,OUT
U_a3f67b874f,O-1,RESIDENT,IN,GPAY,ISSUER_12,True,True,ON,2025-12-04,STD,0.22,0.11,0.222,-0.117,True,False,True,OUT
U_442efdb6e5,O-4,RESIDENT,IN,PHONEPE,ISSUER_03,True,True,ON,2025-01-05,STD,0.825,0.152,0.475,-0.054,True,True,True,OUT
U_bb73bae446,O-1,RESIDENT,IN,GPAY,ISSUER_11,True,True,ON,2025-11-21,STD,0.643,0.198,0.38,-0.067,True,True,True,OUT
U_d26afeb2f8,O-1,RESIDENT,IN,GPAY,ISSUER_04,True,True,ON,2024-09-28,ELEVATED,0.681,0.341,0.429,-0.093,True,True,True,OUT
U_ffd8a990d0,O-6,RESIDENT,IN,GPAY,ISSUER_11,False,True,OFF,2025-05-14,STD,0.06,-0.05,0.373,-0.15,False,True,False,OUT
U_4a3cd27e2b,O-3,RESIDENT,IN,BHIM,ISSUER_06,True,True,OFF,2026-01-18,STD,0.083,0.184,0.153,0.01,True,False,False,OUT
U_3ce0d3a48d,O-2,RESIDENT,IN,BHIM,ISSUER_06,True,True,OFF,2024-12-17,STD,0.578,-0.078,0.023,-0.12,True,True,True,OUT
U_bcc5967838,O-6,RESIDENT,IN,BHIM,ISSUER_12,False,False,OFF,2026-01-03,STD,0.475,0.213,0.584,-0.046,True,False,False,OUT
U_81f4ba1977,O-2,RESIDENT,IN,GPAY,ISSUER_09,True,True,OFF,2026-01-18,STD,0.64,0.066,0.082,-0.0,True,False,True,OUT
U_5b512c2e39,O-2,RESIDENT,IN,GPAY,ISSUER_03,True,True,OFF,2025-03-16,STD,0.238,0.184,0.241,0.167,True,True,False,OUT
U_232b26a834,O-4,RESIDENT,IN,BHIM,ISSUER_02,True,True,ON,2025-10-29,STD,0.352,0.258,0.063,0.184,True,True,True,OUT
U_76aff7f21c,I-2,FOREIGN_NATIONAL,AE,GPAY,ISSUER_07,False,False,ON,2026-01-03,STD,0.636,-0.283,0.325,0.096,True,True,False,IN
U_a2b56abfcb,I-1,FOREIGN_NATIONAL,LK,GPAY,ISSUER_12,True,False,ON,2026-02-20,STD,0.257,0.173,0.033,0.062,False,True,True,IN
U_ca462a7e76,I-1,FOREIGN_NATIONAL,GB,GPAY,ISSUER_11,False,True,ON,2026-02-09,STD,0.757,0.117,0.459,-0.029,True,True,False,IN
U_a2b896c6d3,I-1,OCI,BD,GPAY,ISSUER_08,False,True,ON,2025-01-03,STD,0.498,-0.185,0.575,0.129,True,False,True,IN
U_0a6cc58f3f,I-1,OCI,AU,PHONEPE,ISSUER_09,True,False,ON,2025-10-08,RESTRICTED,0.531,-0.211,0.271,0.071,False,False,False,IN
U_73f175491d,I-1,FOREIGN_NATIONAL,MY,BHIM,ISSUER_11,True,False,ON,2024-10-20,STD,0.741,0.101,0.179,0.063,False,True,False,IN
U_3d848f2626,I-1,FOREIGN_NATIONAL,BD,GPAY,ISSUER_02,True,False,ON,2026-07-25,STD,0.399,0.287,0.233,0.352,True,False,True,IN
U_5fce4fff4c,I-1,FOREIGN_NATIONAL,GB,GPAY,ISSUER_10,True,True,ON,2024-09-04,STD,0.351,-0.067,0.752,0.002,True,False,False,IN
U_1fefdc04d6,I-3,NRI,IN,BHIM,ISSUER_01,False,True,ON,2025-01-29,ELEVATED,0.34,0.141,0.264,0.095,True,False,False,IN
U_9bce448b45,I-1,FOREIGN_NATIONAL,NP,BHIM,ISSUER_07,True,True,ON,2026-05-17,ELEVATED,0.381,0.21,0.297,0.187,False,False,False,IN
U_8d908c45f3,I-1,OCI,US,GPAY,ISSUER_02,False,False,ON,2026-02-08,STD,0.201,0.209,0.427,0.011,False,True,False,IN
U_d53b259a8d,I-1,FOREIGN_NATIONAL,FR,BHIM,ISSUER_08,True,True,ON,2026-01-16,STD,0.457,0.156,0.32,0.055,True,True,False,IN
U_2ab0b9d2f3,I-3,NRI,IN,PHONEPE,ISSUER_01,True,True,ON,2024-11-05,STD,0.673,0.199,0.56,-0.138,True,True,False,IN
U_4bcbbe69f1,I-3,NRI,IN,BHIM,ISSUER_01,True,True,ON,2025-09-18,STD,0.76,-0.051,0.158,0.258,True,True,False,IN
U_4046e3107a,I-1,FOREIGN_NATIONAL,US,BHIM,ISSUER_04,False,True,ON,2025-06-02,STD,0.64,0.117,0.439,-0.096,False,False,True,IN
U_870b957977,I-1,FOREIGN_NATIONAL,MY,GPAY,ISSUER_03,True,True,ON,2024-10-10,STD,0.201,0.07,0.168,0.175,True,True,True,IN
U_d32243e877,I-1,FOREIGN_NATIONAL,GB,BHIM,ISSUER_09,False,True,ON,2025-03-27,STD,0.536,0.029,0.473,0.178,False,True,False,IN
U_04310d7d1e,I-1,FOREIGN_NATIONAL,LK,PHONEPE,ISSUER_10,True,True,ON,2024-09-16,STD,0.865,0.511,0.304,-0.083,True,True,True,IN
U_31b02dc29d,I-4,FOREIGN_NATIONAL,DE,GPAY,ISSUER_11,True,True,ON,2025-03-17,STD,0.558,0.317,0.105,-0.15,True,True,True,IN
U_164d3a2b78,I-4,FOREIGN_NATIONAL,US,BHIM,ISSUER_09,False,True,ON,2025-11-10,STD,0.581,0.36,0.195,-0.017,False,True,True,IN
U_109215a01c,I-3,NRI,IN,BHIM,ISSUER_12,True,True,ON,2025-08-07,STD,0.969,0.391,0.4,-0.15,True,True,True,IN
U_114a0775b4,I-3,NRI,IN,PHONEPE,ISSUER_07,True,False,ON,2024-10-17,STD,0.632,0.199,0.197,0.077,True,True,True,IN
U_dd85640d9c,I-1,FOREIGN_NATIONAL,CA,GPAY,ISSUER_11,True,True,ON,2024-12-05,STD,0.271,-0.045,0.495,-0.098,True,True,True,IN
U_14e8a39baf,I-1,FOREIGN_NATIONAL,DE,BHIM,ISSUER_08,True,False,ON,2026-07-09,STD,0.313,0.022,0.207,-0.063,True,True,True,IN
U_622916fb6c,I-3,NRI,IN,PHONEPE,ISSUER_08,True,True,ON,2024-09-28,STD,0.545,0.411,0.224,0.118,False,False,True,IN
U_b01a290713,I-1,FOREIGN_NATIONAL,REST,BHIM,ISSUER_04,True,True,ON,2025-11-08,STD,0.274,0.26,0.143,0.058,True,False,False,IN
U_7596c8d955,I-2,FOREIGN_NATIONAL,CA,PHONEPE,ISSUER_10,True,True,ON,2026-06-19,STD,0.255,0.277,0.249,0.173,True,True,False,IN
U_8f87fc64d2,I-1,FOREIGN_NATIONAL,LK,PHONEPE,ISSUER_05,True,True,ON,2025-03-05,STD,0.474,0.067,0.138,0.125,False,False,False,IN
U_be1c85ee64,I-2,OCI,BD,PHONEPE,ISSUER_01,True,True,ON,2026-07-05,STD,0.236,0.189,0.097,0.041,True,False,False,IN
U_d12bf09027,I-3,NRI,IN,PHONEPE,ISSUER_05,True,True,ON,2026-03-08,STD,0.873,0.575,0.32,-0.112,False,True,True,IN
U_401cafc261,I-3,NRI,IN,BHIM,ISSUER_12,True,True,ON,2026-07-28,STD,0.653,0.212,0.239,-0.105,False,True,False,IN
U_5d657c630a,I-1,FOREIGN_NATIONAL,REST,PHONEPE,ISSUER_09,True,True,ON,2025-01-29,STD,0.969,-0.283,0.25,0.033,True,False,True,IN
U_2cc4ccc37d,I-3,NRI,IN,PHONEPE,ISSUER_08,False,True,ON,2026-05-28,STD,0.878,-0.006,0.269,0.235,False,True,True,IN
U_a99e2939dd,I-1,FOREIGN_NATIONAL,AE,PHONEPE,ISSUER_06,False,True,ON,2026-04-17,STD,0.319,-0.301,0.429,-0.034,True,False,False,IN
U_4a8b3f7181,I-3,NRI,IN,BHIM,ISSUER_03,False,True,ON,2025-04-29,STD,0.625,0.196,0.391,-0.09,True,True,True,IN
U_a60b8f527b,I-2,OCI,REST,BHIM,ISSUER_12,True,True,ON,2026-02-13,STD,0.329,0.083,0.034,0.096,True,True,False,IN
U_cc25c8dfbf,I-3,NRI,IN,PHONEPE,ISSUER_07,True,True,ON,2026-04-20,STD,0.562,0.081,0.565,-0.15,True,False,False,IN
U_de97da7ca4,I-1,OCI,BD,PHONEPE,ISSUER_11,True,True,ON,2024-09-25,STD,0.536,0.359,0.365,-0.04,True,True,False,IN
U_48617327bb,I-4,OCI,REST,BHIM,ISSUER_12,True,True,ON,2025-06-01,STD,0.526,0.368,0.035,0.084,True,False,False,IN
U_44e65531e6,I-3,NRI,IN,GPAY,ISSUER_07,True,True,ON,2025-09-23,STD,0.465,0.093,0.188,-0.131,False,False,False,IN
U_92673eb716,I-3,NRI,IN,BHIM,ISSUER_07,True,True,ON,2025-08-17,STD,0.165,0.333,0.271,-0.093,True,True,False,IN
U_20b77ecd06,I-1,FOREIGN_NATIONAL,AE,PHONEPE,ISSUER_02,True,True,ON,2025-03-09,ELEVATED,0.213,0.174,0.452,0.021,True,True,True,IN
U_2788c19ec5,I-4,FOREIGN_NATIONAL,CA,GPAY,ISSUER_02,True,True,ON,2025-01-26,STD,0.118,-0.325,0.621,0.11,True,True,False,IN
U_8a10bd85b2,I-2,OCI,BD,GPAY,ISSUER_06,True,True,ON,2024-11-26,STD,0.58,0.152,0.168,-0.106,True,True,False,IN
U_6ecf0a4953,I-4,FOREIGN_NATIONAL,AU,PHONEPE,ISSUER_03,True,True,ON,2025-01-19,STD,0.772,0.479,0.123,0.003,True,False,True,IN
U_9c8c3bd943,I-1,FOREIGN_NATIONAL,AU,BHIM,ISSUER_08,False,False,ON,2025-10-08,STD,0.785,-0.276,0.438,0.02,False,True,True,IN
U_0a69d0a86a,I-2,OCI,REST,BHIM,ISSUER_01,True,True,ON,2025-09-27,STD,0.658,0.011,0.309,-0.146,True,False,True,IN
U_48a41f42b7,I-2,OCI,US,BHIM,ISSUER_03,True,True,ON,2025-02-23,STD,0.536,-0.058,0.773,-0.104,True,True,False,IN
U_9a0756330f,I-1,FOREIGN_NATIONAL,DE,PHONEPE,ISSUER_02,True,True,ON,2025-08-31,STD,0.766,0.127,0.288,-0.074,True,False,False,IN
U_575d14e18f,I-3,NRI,IN,BHIM,ISSUER_10,True,True,ON,2025-11-29,STD,0.434,-0.4,0.582,-0.15,True,False,True,IN
U_86c4b11c04,I-1,OCI,US,PHONEPE,ISSUER_02,True,True,ON,2026-05-01,STD,0.928,0.329,0.434,0.051,True,True,False,IN
U_8a77f0dc2d,I-4,FOREIGN_NATIONAL,SG,BHIM,ISSUER_07,False,True,ON,2025-05-08,STD,0.548,0.296,0.277,-0.043,True,False,False,IN
U_2fca5084ce,I-1,FOREIGN_NATIONAL,DE,GPAY,ISSUER_01,False,True,ON,2026-06-04,STD,0.335,0.069,0.052,0.157,False,True,True,IN
U_e3027bb0ca,I-1,OCI,FR,BHIM,ISSUER_07,False,True,ON,2025-08-14,STD,0.545,0.501,0.508,0.019,True,True,True,IN
U_37a2610dfc,I-3,NRI,IN,BHIM,ISSUER_12,True,True,ON,2025-05-08,STD,0.527,0.203,0.456,0.167,True,True,True,IN
U_b9b18b5f98,I-2,FOREIGN_NATIONAL,DE,BHIM,ISSUER_06,True,False,ON,2026-05-20,STD,0.207,0.13,0.293,0.079,True,True,False,IN
U_bae13fc39e,I-1,FOREIGN_NATIONAL,AU,BHIM,ISSUER_12,False,True,ON,2025-04-28,STD,0.52,0.366,0.026,0.068,True,False,False,IN
U_02de30cf6b,I-1,FOREIGN_NATIONAL,BD,BHIM,ISSUER_06,False,True,ON,2026-06-03,STD,0.447,0.227,0.296,0.008,False,True,False,IN
U_a732760c48,I-3,NRI,IN,PHONEPE,ISSUER_01,True,True,ON,2024-08-20,STD,0.749,-0.04,0.533,-0.15,True,True,True,IN
U_3e3bd413a7,I-1,FOREIGN_NATIONAL,REST,PHONEPE,ISSUER_11,True,False,ON,2026-01-16,STD,0.319,0.443,0.55,-0.15,True,True,True,IN
U_0bfedf45e3,I-3,NRI,IN,BHIM,ISSUER_10,False,True,ON,2026-06-23,STD,0.315,-0.051,0.528,0.091,True,True,True,IN
U_97de659b38,I-1,OCI,AE,GPAY,ISSUER_03,True,True,ON,2025-03-12,STD,0.594,0.267,0.245,0.233,False,True,True,IN
U_a2b74ea81b,I-2,FOREIGN_NATIONAL,CA,PHONEPE,ISSUER_11,False,True,ON,2026-02-16,STD,0.645,0.396,0.041,0.106,True,True,False,IN
U_3dd59127a0,I-1,FOREIGN_NATIONAL,REST,GPAY,ISSUER_12,True,True,ON,2026-02-19,STD,0.221,0.215,0.455,0.03,True,True,False,IN
U_94cb46550e,I-3,NRI,IN,GPAY,ISSUER_06,True,False,ON,2026-06-28,STD,0.952,0.223,0.452,0.156,True,True,True,IN
U_8af50ffde0,I-4,FOREIGN_NATIONAL,AU,GPAY,ISSUER_12,False,True,ON,2024-11-19,STD,0.637,-0.17,0.433,-0.023,True,False,True,IN
U_a0c45eb123,I-1,FOREIGN_NATIONAL,LK,GPAY,ISSUER_02,True,True,ON,2025-11-13,STD,0.798,0.169,0.618,-0.15,False,True,True,IN
U_431d1dac59,I-3,NRI,IN,PHONEPE,ISSUER_03,True,True,ON,2026-05-22,STD,0.14,0.245,0.208,-0.043,True,True,True,IN
U_7dd444754b,I-1,FOREIGN_NATIONAL,GB,PHONEPE,ISSUER_03,True,True,ON,2025-06-07,STD,0.684,0.528,0.251,0.253,False,True,False,IN
U_355fc5d563,I-3,NRI,IN,PHONEPE,ISSUER_02,True,True,ON,2024-11-29,ELEVATED,0.22,0.391,0.232,-0.056,True,False,True,IN
U_f7bc5a8050,I-3,NRI,IN,GPAY,ISSUER_09,True,False,ON,2025-03-13,STD,0.532,0.189,0.197,0.039,True,False,True,IN
U_9522a7f720,I-1,FOREIGN_NATIONAL,NP,GPAY,ISSUER_10,True,True,ON,2025-05-28,STD,0.894,0.146,0.363,-0.05,True,True,True,IN
U_34e3007c27,I-2,OCI,DE,BHIM,ISSUER_03,True,True,ON,2025-02-26,STD,0.801,0.07,0.159,0.352,True,True,False,IN
U_eb47084dbd,I-1,FOREIGN_NATIONAL,GB,BHIM,ISSUER_12,True,True,ON,2024-08-19,STD,0.62,0.198,0.138,0.096,True,True,False,IN
U_9bc9fcc8e4,I-4,OCI,CA,BHIM,ISSUER_03,True,True,ON,2025-07-13,STD,0.465,0.066,0.286,-0.088,True,True,False,IN
U_3eb1f01b9c,I-3,NRI,IN,GPAY,ISSUER_06,True,True,ON,2025-02-21,STD,0.435,0.122,0.125,-0.073,True,True,False,IN
U_2a33df6ef5,I-1,FOREIGN_NATIONAL,AE,PHONEPE,ISSUER_07,True,True,ON,2024-12-07,STD,0.267,0.136,0.546,-0.033,True,True,False,IN
U_f6c5e2c929,I-1,FOREIGN_NATIONAL,AE,GPAY,ISSUER_03,True,True,ON,2026-02-12,STD,0.837,0.216,0.09,-0.102,True,False,True,IN
U_4f824c05f2,I-2,OCI,MY,GPAY,ISSUER_02,True,True,ON,2025-11-03,STD,0.318,0.094,0.523,-0.15,False,False,False,IN
U_22bf4880e0,I-3,NRI,IN,PHONEPE,ISSUER_10,False,False,ON,2026-06-15,STD,0.805,0.424,0.137,-0.004,False,True,False,IN
U_efbed224b7,I-1,FOREIGN_NATIONAL,FR,BHIM,ISSUER_08,True,True,ON,2026-03-28,STD,0.571,0.238,0.468,0.034,True,True,False,IN
U_d8767633f4,I-2,FOREIGN_NATIONAL,AE,BHIM,ISSUER_01,False,True,ON,2026-07-05,STD,0.806,0.454,0.111,-0.014,False,True,False,IN
U_7332ad293e,I-1,FOREIGN_NATIONAL,CA,PHONEPE,ISSUER_07,True,True,ON,2025-12-06,STD,0.683,0.113,0.301,0.026,False,False,True,IN
U_7088e31f55,I-1,FOREIGN_NATIONAL,MY,BHIM,ISSUER_06,False,False,ON,2026-01-10,STD,0.15,0.291,0.319,-0.051,True,True,False,IN
U_c671bba35e,I-2,FOREIGN_NATIONAL,LK,PHONEPE,ISSUER_07,False,True,ON,2026-06-07,ELEVATED,0.631,0.211,0.194,0.22,True,True,True,IN
U_d42a1fa222,I-3,NRI,IN,PHONEPE,ISSUER_02,True,True,ON,2025-03-11,STD,0.301,0.025,0.357,-0.15,True,False,False,IN
U_1a4eb7f8bd,I-1,FOREIGN_NATIONAL,CA,BHIM,ISSUER_02,False,True,ON,2025-03-18,STD,0.493,-0.106,0.95,-0.086,False,True,False,IN
U_93d2208f1c,I-3,NRI,IN,GPAY,ISSUER_10,True,True,ON,2026-06-15,STD,0.756,-0.055,0.449,-0.067,True,True,False,IN
U_f32b0562c2,I-2,OCI,REST,GPAY,ISSUER_02,False,True,ON,2025-05-26,STD,0.523,0.046,0.319,0.002,True,True,False,IN
U_5887c250a2,I-1,FOREIGN_NATIONAL,BD,BHIM,ISSUER_06,True,True,ON,2025-09-25,STD,0.409,-0.101,0.138,0.259,True,True,False,IN
U_41813f8c95,I-1,OCI,AE,GPAY,ISSUER_06,True,True,ON,2025-05-20,STD,0.525,-0.098,0.337,-0.15,True,True,True,IN
U_cf86fb7237,I-1,FOREIGN_NATIONAL,US,PHONEPE,ISSUER_10,True,True,ON,2025-09-13,STD,0.569,-0.177,0.405,0.195,True,False,True,IN
U_68296e8cb1,I-1,FOREIGN_NATIONAL,BD,PHONEPE,ISSUER_11,True,True,ON,2025-05-13,STD,0.634,-0.165,0.563,0.0,True,True,True,IN
U_b50ed184c5,I-2,FOREIGN_NATIONAL,REST,GPAY,ISSUER_05,True,False,ON,2025-10-04,STD,0.191,0.154,0.305,0.088,True,True,False,IN
U_de4d4db6b0,I-1,FOREIGN_NATIONAL,NP,BHIM,ISSUER_10,True,True,ON,2026-06-04,STD,0.581,0.069,0.563,-0.11,True,True,False,IN
U_c449c6899f,I-3,NRI,IN,PHONEPE,ISSUER_05,False,True,ON,2026-05-03,STD,0.619,0.246,0.234,0.333,False,False,False,IN
U_73e84910c3,I-3,NRI,IN,GPAY,ISSUER_01,True,True,ON,2025-11-12,STD,0.382,0.287,0.119,0.188,False,False,False,IN
U_bd26233697,I-2,OCI,GB,BHIM,ISSUER_08,False,False,ON,2025-08-16,STD,0.838,0.128,0.542,-0.127,True,False,True,IN
U_f78d58966c,I-2,FOREIGN_NATIONAL,GB,BHIM,ISSUER_08,True,True,ON,2026-06-04,STD,0.261,0.6,0.435,0.267,True,True,False,IN
U_68b49307cc,I-3,NRI,IN,PHONEPE,ISSUER_08,True,True,ON,2025-04-19,STD,0.187,0.278,0.528,0.182,True,False,False,IN
U_c904a2034e,I-1,FOREIGN_NATIONAL,REST,GPAY,ISSUER_11,True,True,ON,2026-06-20,STD,0.251,0.087,0.377,0.026,True,True,True,IN
U_a8b4d2d188,I-3,NRI,IN,GPAY,ISSUER_12,True,True,ON,2024-11-30,STD,0.641,-0.4,0.262,0.021,True,True,True,IN
U_49ce06c2d0,I-2,FOREIGN_NATIONAL,MY,BHIM,ISSUER_11,True,True,ON,2025-07-31,STD,0.614,-0.144,0.659,0.072,True,False,False,IN
U_85595b91ca,I-1,FOREIGN_NATIONAL,US,BHIM,ISSUER_07,True,True,ON,2025-02-12,STD,0.559,0.547,0.334,0.126,True,True,True,IN
U_34117f5310,I-2,OCI,CA,PHONEPE,ISSUER_01,True,True,ON,2024-10-01,STD,0.681,0.083,0.275,0.294,True,False,True,IN
U_a2c6c66ee3,I-4,FOREIGN_NATIONAL,AE,PHONEPE,ISSUER_04,True,True,ON,2025-11-16,STD,0.817,0.241,0.101,0.044,False,True,True,IN
U_1c7ecb11af,I-1,FOREIGN_NATIONAL,AU,BHIM,ISSUER_01,True,True,ON,2026-03-19,STD,0.432,-0.033,0.715,-0.15,False,False,False,IN
U_2511b818a1,I-4,OCI,GB,BHIM,ISSUER_09,True,True,ON,2026-02-14,STD,0.725,-0.147,0.156,0.278,True,False,True,IN
U_170f36febd,I-4,OCI,AU,GPAY,ISSUER_11,True,True,ON,2025-03-10,STD,0.144,0.239,0.285,-0.15,True,True,False,IN
U_8cbdfa5dcb,I-3,NRI,IN,PHONEPE,ISSUER_04,True,True,ON,2024-11-23,STD,0.432,0.096,0.287,0.123,False,False,True,IN
U_c8acce142f,I-3,NRI,IN,GPAY,ISSUER_11,True,True,ON,2026-01-23,STD,0.934,0.123,0.114,0.058,True,True,False,IN
U_aad4307947,I-3,NRI,IN,GPAY,ISSUER_09,True,True,ON,2024-10-18,STD,0.11,0.298,0.356,-0.123,True,True,False,IN
U_701796f81d,I-1,FOREIGN_NATIONAL,REST,BHIM,ISSUER_09,True,False,ON,2024-11-04,STD,0.531,0.004,0.392,0.036,True,True,False,IN
U_f6ea91e2d4,I-4,OCI,AU,GPAY,ISSUER_04,False,True,ON,2025-10-05,STD,0.678,0.172,0.337,0.058,True,False,False,IN
U_72af2c1014,I-1,OCI,US,BHIM,ISSUER_05,True,True,ON,2024-09-24,STD,0.36,0.027,0.227,-0.018,False,True,False,IN
U_bcb0b1cabe,I-1,FOREIGN_NATIONAL,US,PHONEPE,ISSUER_09,True,False,ON,2026-06-26,STD,0.537,0.133,0.137,0.124,True,True,False,IN
U_4c509bfbfd,I-1,FOREIGN_NATIONAL,US,PHONEPE,ISSUER_10,True,True,ON,2024-11-12,STD,0.173,0.128,0.652,-0.008,True,True,False,IN
U_830c85c2a0,I-2,FOREIGN_NATIONAL,SG,GPAY,ISSUER_10,True,True,ON,2025-01-05,STD,0.289,-0.179,0.66,0.287,True,False,True,IN
U_627d0af525,I-1,OCI,BD,PHONEPE,ISSUER_09,True,True,ON,2026-04-11,STD,0.247,0.011,0.571,-0.024,False,True,True,IN
U_deb6ed7242,I-3,NRI,IN,PHONEPE,ISSUER_01,True,True,ON,2025-11-28,STD,0.551,0.253,0.372,-0.035,True,True,False,IN
U_2bd5a51715,I-1,FOREIGN_NATIONAL,DE,PHONEPE,ISSUER_01,True,True,ON,2025-03-22,STD,0.876,-0.087,0.41,0.018,False,False,False,IN
U_113a7b2efd,I-4,FOREIGN_NATIONAL,REST,PHONEPE,ISSUER_10,True,True,ON,2026-02-10,STD,0.476,0.347,0.189,-0.111,True,True,True,IN
U_fb6a2850c5,I-1,OCI,BD,GPAY,ISSUER_01,True,True,ON,2025-08-02,STD,0.815,0.03,0.083,0.011,False,False,False,IN
U_ab5fad49f0,I-3,NRI,IN,GPAY,ISSUER_07,True,True,ON,2026-06-07,STD,0.538,0.077,0.217,-0.15,True,True,True,IN
U_905905d3f9,I-1,OCI,REST,GPAY,ISSUER_08,True,False,ON,2026-06-10,STD,0.015,0.042,0.348,0.146,False,True,True,IN
U_fea0640e9e,I-2,OCI,REST,PHONEPE,ISSUER_11,False,True,ON,2026-04-30,STD,0.236,0.058,0.469,-0.107,True,True,True,IN
U_81bcec967d,I-2,OCI,NP,GPAY,ISSUER_08,False,True,ON,2026-03-29,STD,0.393,0.219,0.264,-0.106,True,False,False,IN
U_6bbda61944,I-1,FOREIGN_NATIONAL,AU,GPAY,ISSUER_12,False,True,ON,2025-05-01,STD,0.339,0.297,0.196,0.204,False,True,True,IN
U_0762c1b2be,I-1,FOREIGN_NATIONAL,REST,PHONEPE,ISSUER_08,True,True,ON,2025-09-20,STD,0.471,0.132,0.372,-0.075,True,False,True,IN
U_a1f611965d,I-3,NRI,IN,BHIM,ISSUER_07,True,True,ON,2025-09-18,STD,0.64,0.204,0.407,0.371,True,True,False,IN
U_a534cbc1bb,I-3,NRI,IN,GPAY,ISSUER_03,True,True,ON,2026-06-07,STD,0.839,0.056,0.195,-0.003,True,True,True,IN
U_0b3e4d4e0c,I-1,FOREIGN_NATIONAL,BD,PHONEPE,ISSUER_02,True,True,ON,2025-06-09,STD,0.482,-0.4,0.868,-0.072,True,True,True,IN
U_b1c123bf55,I-3,NRI,IN,GPAY,ISSUER_02,True,False,ON,2025-10-09,STD,0.563,0.142,0.26,0.276,False,True,False,IN
U_d7c56dff79,I-1,FOREIGN_NATIONAL,BD,GPAY,ISSUER_09,False,True,ON,2024-08-13,STD,0.475,0.386,0.527,-0.11,False,True,False,IN
U_eb1f3e553f,I-2,FOREIGN_NATIONAL,GB,BHIM,ISSUER_03,True,True,ON,2024-12-08,STD,0.642,0.01,0.18,0.149,True,True,True,IN
U_5c23bdf32c,I-4,FOREIGN_NATIONAL,GB,BHIM,ISSUER_01,True,True,ON,2025-12-24,STD,0.12,0.147,0.183,0.087,True,True,False,IN
U_18c07cff82,I-3,NRI,IN,BHIM,ISSUER_06,True,True,ON,2026-05-28,STD,0.626,-0.073,0.599,-0.037,True,False,True,IN
U_a041af677f,I-1,FOREIGN_NATIONAL,AU,BHIM,ISSUER_10,True,True,ON,2024-10-02,STD,0.501,0.047,0.143,0.324,True,True,True,IN
U_1dcbafd5af,I-2,FOREIGN_NATIONAL,BD,BHIM,ISSUER_10,True,False,ON,2026-02-18,STD,0.684,0.384,0.171,0.254,True,True,True,IN
U_029d13871d,I-1,OCI,GB,PHONEPE,ISSUER_08,True,True,ON,2025-12-28,STD,0.637,0.02,0.265,0.187,False,True,True,IN
U_f375557e89,I-3,NRI,IN,GPAY,ISSUER_01,True,True,ON,2024-11-08,STD,0.104,0.124,0.619,-0.071,True,True,False,IN
U_db80581bff,I-1,FOREIGN_NATIONAL,MY,BHIM,ISSUER_11,True,True,ON,2024-10-15,STD,0.828,-0.4,0.254,-0.033,True,False,True,IN
U_7c28a27a8e,I-2,OCI,LK,PHONEPE,ISSUER_05,True,True,ON,2024-11-04,STD,0.711,-0.194,0.95,-0.15,True,False,False,IN
U_11a6377440,I-1,FOREIGN_NATIONAL,REST,GPAY,ISSUER_07,True,True,ON,2026-05-16,STD,0.532,0.197,0.157,-0.051,True,True,False,IN
U_d88dfc54bf,I-1,OCI,REST,GPAY,ISSUER_07,True,True,ON,2026-01-02,STD,0.599,0.135,0.39,0.15,True,True,True,IN
U_dfaaa01e6b,I-3,NRI,IN,GPAY,ISSUER_11,False,True,ON,2025-07-24,STD,0.349,0.242,0.373,-0.15,True,False,False,IN
U_4ff4a83f3c,I-2,FOREIGN_NATIONAL,US,PHONEPE,ISSUER_09,True,True,ON,2026-06-18,STD,0.821,0.088,0.387,0.157,True,False,True,IN
U_d5692f287d,I-1,OCI,LK,GPAY,ISSUER_09,True,True,ON,2025-07-28,STD,0.617,-0.147,0.441,0.054,True,True,True,IN
U_bc7e5fdba5,I-3,NRI,IN,GPAY,ISSUER_04,True,True,ON,2025-01-14,STD,0.657,0.046,0.215,-0.116,False,True,False,IN
U_d135eb3545,I-3,NRI,IN,GPAY,ISSUER_09,False,True,ON,2026-02-03,RESTRICTED,0.574,0.349,0.519,-0.15,True,True,False,IN
U_ae0792fc5a,I-2,FOREIGN_NATIONAL,US,BHIM,ISSUER_09,True,True,ON,2025-01-15,STD,0.615,-0.086,0.296,-0.008,True,False,False,IN
U_1106e8dbb4,I-3,NRI,IN,GPAY,ISSUER_08,True,True,ON,2026-07-03,STD,0.268,0.018,0.438,0.147,True,True,False,IN
U_55165bd19b,I-3,NRI,IN,GPAY,ISSUER_02,True,False,ON,2026-07-14,STD,0.314,-0.028,0.444,0.048,True,True,True,IN
U_c49522b7a9,I-1,OCI,GB,PHONEPE,ISSUER_05,True,False,ON,2025-02-17,STD,0.236,0.053,0.416,0.145,True,False,True,IN
U_29a6452aa3,I-3,NRI,IN,GPAY,ISSUER_08,True,True,ON,2026-03-11,STD,0.041,0.184,0.473,-0.04,False,True,True,IN
U_6623ecef5e,I-1,OCI,DE,BHIM,ISSUER_02,True,True,ON,2026-06-30,STD,0.356,0.184,0.32,-0.084,True,True,True,IN
U_55972b9470,I-1,FOREIGN_NATIONAL,SG,PHONEPE,ISSUER_04,True,True,ON,2025-09-07,STD,0.483,0.491,0.612,-0.003,True,True,True,IN
U_b867981535,I-4,FOREIGN_NATIONAL,FR,PHONEPE,ISSUER_01,True,False,ON,2026-05-05,STD,0.931,0.293,0.21,-0.124,True,True,True,IN
U_ae9ab6ab82,I-4,FOREIGN_NATIONAL,DE,PHONEPE,ISSUER_10,True,True,ON,2025-06-29,ELEVATED,0.83,-0.255,0.462,-0.059,True,False,True,IN
U_965936d9a1,I-2,FOREIGN_NATIONAL,GB,BHIM,ISSUER_11,True,True,ON,2025-10-13,RESTRICTED,0.639,0.176,0.201,0.151,True,True,False,IN
U_b11a42ad6e,I-4,FOREIGN_NATIONAL,US,PHONEPE,ISSUER_06,True,False,ON,2026-02-11,STD,0.764,0.195,0.11,0.132,True,False,True,IN
U_41f3a19932,I-3,NRI,IN,PHONEPE,ISSUER_04,True,True,ON,2025-09-06,STD,0.425,0.135,0.256,0.228,False,True,True,IN
U_2ec779194c,I-1,FOREIGN_NATIONAL,REST,PHONEPE,ISSUER_07,True,True,ON,2025-07-12,STD,0.529,-0.012,0.186,0.184,True,False,False,IN
U_d13cc00db0,I-1,FOREIGN_NATIONAL,REST,GPAY,ISSUER_12,True,True,ON,2025-04-20,STD,0.121,0.29,0.168,0.241,False,True,False,IN
U_67fa31e5fb,I-1,FOREIGN_NATIONAL,AE,BHIM,ISSUER_03,True,True,ON,2026-01-05,STD,0.502,0.456,0.287,0.051,True,True,True,IN
U_1ad1d4db48,I-3,NRI,IN,PHONEPE,ISSUER_01,True,True,ON,2026-01-18,STD,0.492,-0.086,0.662,-0.051,True,False,False,IN
U_a7b71baff9,I-1,FOREIGN_NATIONAL,GB,BHIM,ISSUER_10,True,True,ON,2025-11-15,STD,0.918,0.076,0.043,0.111,True,False,True,IN
U_ae0505b192,I-1,OCI,AU,GPAY,ISSUER_08,True,True,ON,2025-08-18,STD,0.122,-0.15,0.531,-0.108,True,True,True,IN
U_bac86f5d1f,I-3,NRI,IN,BHIM,ISSUER_08,True,False,ON,2024-12-31,STD,0.23,0.336,0.427,-0.074,False,False,False,IN
U_0be16f28a1,I-1,FOREIGN_NATIONAL,AE,PHONEPE,ISSUER_08,True,True,ON,2025-07-17,STD,0.738,0.134,0.212,0.063,True,True,True,IN
U_789037d4d0,I-3,NRI,IN,PHONEPE,ISSUER_05,True,True,ON,2025-01-15,STD,0.704,-0.095,0.774,0.069,True,True,True,IN
U_e4cc9e47c0,I-1,FOREIGN_NATIONAL,CA,GPAY,ISSUER_12,False,False,ON,2024-12-20,STD,0.499,-0.027,0.394,0.11,False,False,False,IN
U_4287853a84,I-2,OCI,REST,PHONEPE,ISSUER_09,True,True,ON,2024-09-27,STD,0.552,0.13,0.266,-0.15,True,True,True,IN
U_ed9f84c4b7,I-3,NRI,IN,BHIM,ISSUER_01,True,True,ON,2026-06-26,STD,0.602,-0.001,0.265,-0.031,True,True,True,IN
U_86e17007db,I-3,NRI,IN,GPAY,ISSUER_08,True,False,ON,2025-12-27,STD,0.484,0.038,0.301,0.035,False,True,False,IN
U_da428d1b53,I-2,FOREIGN_NATIONAL,AU,BHIM,ISSUER_01,True,False,ON,2025-06-30,STD,0.514,0.166,0.417,-0.15,True,False,False,IN
U_5f93ed9ae6,I-3,NRI,IN,PHONEPE,ISSUER_08,True,True,ON,2026-06-16,STD,0.794,-0.056,0.135,0.319,True,False,True,IN
U_de700307b6,I-3,NRI,IN,GPAY,ISSUER_03,True,True,ON,2025-11-01,ELEVATED,0.594,0.431,0.303,0.143,True,True,True,IN
U_bcd1fb21e7,I-3,NRI,IN,GPAY,ISSUER_11,False,True,ON,2025-07-07,STD,0.64,0.141,0.337,-0.15,True,False,True,IN
U_5674c423a1,I-3,NRI,IN,PHONEPE,ISSUER_04,True,True,ON,2024-09-22,STD,0.386,0.25,0.415,-0.15,True,False,False,IN
U_ba358f1673,I-3,NRI,IN,BHIM,ISSUER_12,True,True,ON,2026-01-12,STD,0.572,0.254,0.286,0.037,True,True,False,IN
U_af545c7ed1,I-1,FOREIGN_NATIONAL,MY,BHIM,ISSUER_05,True,True,ON,2025-08-24,STD,0.682,0.6,0.265,0.163,True,True,False,IN
U_753e6d828b,I-3,NRI,IN,BHIM,ISSUER_06,True,True,ON,2024-10-06,STD,0.634,0.6,0.648,-0.15,True,True,True,IN
U_b48466adff,I-4,FOREIGN_NATIONAL,AU,BHIM,ISSUER_02,False,True,ON,2025-04-17,STD,0.649,0.174,0.288,-0.15,True,False,False,IN
U_68b33074da,I-3,NRI,IN,GPAY,ISSUER_11,False,False,ON,2025-02-26,STD,0.299,0.174,0.488,-0.15,True,False,False,IN
U_e18b57a216,I-3,NRI,IN,BHIM,ISSUER_08,True,True,ON,2024-08-12,STD,0.725,0.131,0.446,0.242,True,False,False,IN
U_d2090ba18f,I-3,NRI,IN,PHONEPE,ISSUER_03,False,True,ON,2025-07-27,STD,0.667,0.132,0.384,0.214,True,True,False,IN
U_62e59f9b6e,I-4,FOREIGN_NATIONAL,MY,PHONEPE,ISSUER_03,False,True,ON,2026-01-08,STD,0.486,0.031,0.2,-0.018,True,True,False,IN
U_dc83978a62,I-2,FOREIGN_NATIONAL,MY,GPAY,ISSUER_02,False,True,ON,2025-02-19,STD,0.755,0.564,0.137,0.185,True,False,True,IN
U_f2b86dd4ea,I-3,NRI,IN,GPAY,ISSUER_02,True,False,ON,2025-08-25,STD,0.392,-0.091,0.746,-0.15,True,False,False,IN
U_a212d9909a,I-3,NRI,IN,PHONEPE,ISSUER_11,True,True,ON,2025-12-06,STD,0.421,0.257,0.061,0.053,True,True,True,IN
U_7234691736,I-1,FOREIGN_NATIONAL,AU,GPAY,ISSUER_11,True,True,ON,2025-12-27,STD,0.753,0.165,0.324,0.038,False,True,False,IN
U_ce006352dd,I-4,FOREIGN_NATIONAL,BD,BHIM,ISSUER_02,True,True,ON,2026-07-17,STD,0.742,-0.052,0.508,0.383,True,True,False,IN
U_4961cf674b,I-1,FOREIGN_NATIONAL,US,BHIM,ISSUER_05,False,True,ON,2026-01-20,STD,0.365,0.36,0.314,0.149,True,True,True,IN
U_3eb8336c73,I-3,NRI,IN,GPAY,ISSUER_07,True,True,ON,2025-07-23,STD,0.084,0.278,0.202,0.141,False,True,False,IN
U_4b27133356,I-1,FOREIGN_NATIONAL,GB,GPAY,ISSUER_08,True,True,ON,2025-01-14,STD,0.644,0.371,0.391,-0.063,False,False,True,IN
U_af9a3a0c13,I-2,OCI,BD,GPAY,ISSUER_01,True,True,ON,2025-06-15,STD,0.221,-0.063,0.241,-0.033,True,False,True,IN
U_d70e87ecf6,I-1,OCI,AU,GPAY,ISSUER_08,True,True,ON,2024-08-13,STD,0.449,-0.094,0.752,-0.15,True,False,True,IN
U_510c73a4a2,I-1,OCI,FR,PHONEPE,ISSUER_01,True,True,ON,2024-12-12,STD,0.463,0.268,0.144,0.209,True,False,False,IN
U_bc33acddbe,I-1,FOREIGN_NATIONAL,AU,GPAY,ISSUER_01,True,True,ON,2025-12-15,STD,0.203,-0.044,0.623,-0.069,True,False,False,IN
U_6529fe87ee,I-4,OCI,BD,GPAY,ISSUER_03,True,True,ON,2025-09-28,ELEVATED,0.196,-0.195,0.195,0.038,True,False,False,IN
U_9f6c4bf68e,I-2,FOREIGN_NATIONAL,REST,BHIM,ISSUER_05,True,True,ON,2024-12-02,STD,0.655,0.326,0.024,-0.054,True,False,True,IN
U_c702ae27c0,I-1,OCI,LK,GPAY,ISSUER_05,False,True,ON,2026-04-30,STD,0.79,-0.136,0.166,-0.141,True,True,True,IN
U_7ecd502a7f,I-3,NRI,IN,BHIM,ISSUER_10,True,True,ON,2025-10-06,ELEVATED,0.471,0.06,0.319,-0.13,False,True,False,IN
U_ac246aa90a,I-3,NRI,IN,GPAY,ISSUER_08,True,True,ON,2025-01-10,STD,0.666,0.277,0.19,-0.011,True,False,True,IN
U_1886378614,I-4,FOREIGN_NATIONAL,US,BHIM,ISSUER_08,True,True,ON,2024-09-05,STD,0.859,0.411,0.315,-0.123,True,False,False,IN
U_cf39d29d7e,I-1,FOREIGN_NATIONAL,REST,PHONEPE,ISSUER_07,True,True,ON,2025-01-08,STD,0.556,0.183,0.335,0.244,True,False,False,IN
U_d6c81ec4ac,I-1,OCI,CA,BHIM,ISSUER_12,True,True,ON,2025-04-07,STD,0.388,0.493,0.319,0.089,True,True,True,IN
U_2fd0105210,I-2,FOREIGN_NATIONAL,REST,BHIM,ISSUER_01,False,True,ON,2025-09-29,ELEVATED,0.657,-0.152,0.715,-0.073,True,False,True,IN
U_c906ccc1aa,I-1,FOREIGN_NATIONAL,GB,BHIM,ISSUER_04,True,False,ON,2025-09-17,STD,0.928,-0.278,0.52,0.049,True,False,False,IN
U_a599358996,I-1,OCI,MY,GPAY,ISSUER_03,True,True,ON,2026-05-02,STD,0.913,0.073,0.35,0.005,False,True,False,IN
U_abf3ca74b9,I-2,FOREIGN_NATIONAL,US,PHONEPE,ISSUER_05,True,True,ON,2024-11-23,STD,0.365,0.013,0.426,0.053,True,False,True,IN
U_1fa93dd24f,I-1,OCI,NP,PHONEPE,ISSUER_08,True,True,ON,2025-04-15,STD,0.538,0.385,0.139,0.112,True,True,False,IN
U_30892ff7dd,I-3,NRI,IN,BHIM,ISSUER_06,True,True,ON,2026-02-11,STD,0.145,0.302,0.423,-0.015,True,False,False,IN
U_defb2d91de,I-3,NRI,IN,BHIM,ISSUER_06,True,False,ON,2025-12-29,STD,0.228,0.122,0.533,-0.015,False,False,False,IN
U_88feb2fa2f,I-1,FOREIGN_NATIONAL,AE,PHONEPE,ISSUER_06,True,True,ON,2026-04-08,STD,0.411,0.436,0.172,0.171,False,True,True,IN
U_9488a9b889,I-2,FOREIGN_NATIONAL,AE,GPAY,ISSUER_08,True,False,ON,2025-10-21,STD,0.594,0.325,0.195,0.283,False,True,False,IN
U_235eddf776,I-1,OCI,AU,PHONEPE,ISSUER_07,True,True,ON,2025-02-17,STD,0.355,-0.141,0.569,0.256,True,False,False,IN
U_21969a8ac9,I-1,OCI,AU,GPAY,ISSUER_04,True,False,ON,2026-03-22,STD,0.468,-0.106,0.597,-0.096,True,True,True,IN
U_6061100a07,I-1,FOREIGN_NATIONAL,REST,GPAY,ISSUER_12,True,True,ON,2024-08-27,STD,0.565,0.371,0.282,0.019,True,False,True,IN
U_1c9f26dc87,I-1,FOREIGN_NATIONAL,REST,BHIM,ISSUER_01,True,True,ON,2025-11-15,STD,0.351,0.067,0.362,-0.15,True,True,False,IN
U_7235c669dc,I-3,NRI,IN,BHIM,ISSUER_12,True,True,ON,2025-07-07,STD,0.395,0.172,0.087,0.223,True,False,False,IN
U_4550392fc7,I-2,OCI,SG,GPAY,ISSUER_06,True,True,ON,2025-01-12,STD,0.322,-0.104,0.403,0.092,False,False,False,IN
U_7739c6c3b4,I-4,FOREIGN_NATIONAL,AU,PHONEPE,ISSUER_09,False,True,ON,2025-04-10,STD,0.969,-0.018,0.538,-0.115,False,False,False,IN
U_716d0e51ce,I-2,FOREIGN_NATIONAL,AE,PHONEPE,ISSUER_10,True,False,ON,2025-04-23,STD,0.325,0.337,0.413,-0.071,True,True,True,IN
U_917d1710db,I-1,FOREIGN_NATIONAL,AU,PHONEPE,ISSUER_04,True,True,ON,2024-10-12,STD,0.409,0.197,0.359,-0.04,True,True,True,IN
U_54f5f36e94,I-3,NRI,IN,GPAY,ISSUER_10,True,True,ON,2024-09-08,STD,0.592,0.101,0.317,0.083,True,True,True,IN
U_f390922b6a,I-1,FOREIGN_NATIONAL,REST,PHONEPE,ISSUER_07,True,True,ON,2024-11-11,STD,0.588,0.204,0.478,-0.017,True,False,True,IN
U_4f5e13c532,I-1,OCI,US,GPAY,ISSUER_07,True,True,ON,2025-12-30,STD,0.383,0.233,0.199,0.08,True,True,True,IN
U_97bcfd1ecf,I-1,FOREIGN_NATIONAL,DE,GPAY,ISSUER_05,True,True,ON,2025-07-04,STD,0.871,0.345,0.196,0.292,True,False,False,IN
U_a8761e21ed,I-1,OCI,BD,GPAY,ISSUER_01,True,True,ON,2025-07-19,STD,0.693,-0.058,0.482,-0.074,False,True,False,IN
U_935764c2b7,I-1,FOREIGN_NATIONAL,GB,BHIM,ISSUER_02,True,True,ON,2025-12-05,STD,0.638,0.16,0.168,0.007,True,False,False,IN
U_42bd9d46cf,I-2,FOREIGN_NATIONAL,CA,PHONEPE,ISSUER_02,True,True,ON,2024-11-18,STD,0.591,-0.164,0.604,-0.002,True,True,True,IN
U_a5b897efa3,I-1,FOREIGN_NATIONAL,DE,GPAY,ISSUER_12,True,True,ON,2026-02-16,STD,0.721,-0.019,0.626,-0.083,True,False,True,IN
U_ee06ad9601,I-1,FOREIGN_NATIONAL,NP,PHONEPE,ISSUER_01,False,True,ON,2026-07-01,STD,0.397,-0.008,0.632,-0.082,True,True,False,IN
U_256f51033c,I-3,NRI,IN,BHIM,ISSUER_12,True,True,ON,2025-08-12,STD,0.641,-0.089,0.56,-0.049,True,True,True,IN
U_2adff272d4,I-2,FOREIGN_NATIONAL,REST,GPAY,ISSUER_04,True,True,ON,2025-06-29,STD,0.397,0.042,0.14,0.239,True,True,True,IN
U_0fd4ac8fa0,I-1,FOREIGN_NATIONAL,MY,PHONEPE,ISSUER_02,True,True,ON,2025-05-05,STD,0.548,0.26,0.425,0.087,True,True,False,IN
U_f2442dd3e7,I-1,OCI,BD,PHONEPE,ISSUER_11,True,True,ON,2026-04-26,STD,0.59,0.098,0.214,0.083,True,False,False,IN
U_1d5563c000,I-1,FOREIGN_NATIONAL,LK,BHIM,ISSUER_11,True,True,ON,2025-03-10,STD,0.326,0.028,0.255,0.099,True,False,False,IN
U_9b66eb5280,I-1,FOREIGN_NATIONAL,NP,PHONEPE,ISSUER_08,True,False,ON,2026-02-10,ELEVATED,0.424,0.246,0.03,0.27,True,False,True,IN
U_ddd07ef440,I-3,NRI,IN,PHONEPE,ISSUER_04,True,True,ON,2025-02-08,STD,0.216,0.213,0.041,0.075,False,True,True,IN
U_2c7b5e6b14,I-3,NRI,IN,PHONEPE,ISSUER_06,True,True,ON,2025-10-15,STD,0.431,-0.288,0.909,-0.15,True,True,False,IN
U_c6db1f2609,I-1,OCI,BD,PHONEPE,ISSUER_02,True,True,ON,2026-04-21,STD,0.174,-0.023,0.13,0.035,True,True,True,IN
U_a5af2365be,I-1,OCI,AU,GPAY,ISSUER_05,True,True,ON,2025-08-18,STD,0.616,0.18,0.261,0.224,True,True,True,IN
U_4388e555c7,I-1,OCI,REST,GPAY,ISSUER_10,True,True,ON,2025-03-24,STD,0.347,-0.256,0.406,0.098,False,False,True,IN
U_df444c9eb1,I-4,FOREIGN_NATIONAL,REST,BHIM,ISSUER_12,True,True,ON,2026-04-23,STD,0.661,-0.168,0.499,0.037,False,True,False,IN
U_857ab605e6,I-1,FOREIGN_NATIONAL,GB,BHIM,ISSUER_05,True,False,ON,2024-09-03,STD,0.327,0.317,0.279,0.228,True,True,False,IN
U_57c1a71981,I-1,OCI,AE,BHIM,ISSUER_05,True,True,ON,2025-06-26,STD,0.206,0.126,0.035,0.079,False,True,True,IN
U_657b0667ec,I-2,OCI,SG,BHIM,ISSUER_12,True,True,ON,2025-06-22,STD,0.598,0.052,0.299,0.225,True,True,True,IN
U_9897717dfa,I-1,FOREIGN_NATIONAL,GB,GPAY,ISSUER_11,True,True,ON,2025-02-13,STD,0.118,0.471,0.534,-0.055,True,True,False,IN
U_ef6bfbf7af,I-1,OCI,AU,PHONEPE,ISSUER_02,True,False,ON,2026-07-22,STD,0.709,0.143,0.31,0.11,True,False,False,IN
U_d11c4cfb0a,I-3,NRI,IN,BHIM,ISSUER_01,True,True,ON,2025-09-01,STD,0.351,0.188,0.363,-0.146,True,False,False,IN
U_6b09b0ea88,I-3,NRI,IN,GPAY,ISSUER_07,True,True,ON,2025-09-10,STD,0.487,-0.041,0.334,0.166,False,True,True,IN
U_e80df4bbb3,I-1,FOREIGN_NATIONAL,US,PHONEPE,ISSUER_06,False,True,ON,2025-05-13,STD,0.858,0.087,0.055,0.223,True,True,True,IN
U_2b60c4f8ac,I-3,NRI,IN,BHIM,ISSUER_08,True,True,ON,2026-07-12,STD,0.359,0.422,0.14,-0.125,False,True,False,IN
U_e86b06b7cb,I-1,OCI,REST,PHONEPE,ISSUER_09,True,True,ON,2025-11-24,STD,0.681,-0.263,0.705,-0.083,True,True,False,IN
U_f47885420b,I-1,OCI,LK,PHONEPE,ISSUER_05,True,True,ON,2025-08-08,STD,0.572,0.245,0.209,0.132,True,True,True,IN
U_8e151efe58,I-4,OCI,US,GPAY,ISSUER_07,False,True,ON,2025-02-04,STD,0.617,-0.265,0.358,0.103,True,True,True,IN
U_1d7ea42b32,I-1,FOREIGN_NATIONAL,LK,PHONEPE,ISSUER_11,True,True,ON,2025-09-11,STD,0.291,0.453,0.42,0.113,True,True,False,IN
U_62c97cbc61,I-2,OCI,CA,GPAY,ISSUER_10,True,True,ON,2025-03-20,ELEVATED,0.249,-0.01,0.926,-0.022,False,False,True,IN
U_40e764b372,I-1,OCI,MY,BHIM,ISSUER_11,True,True,ON,2024-09-20,STD,0.403,0.242,0.437,-0.15,True,True,True,IN
U_8c1a172c71,I-3,NRI,IN,GPAY,ISSUER_01,True,True,ON,2024-12-24,STD,0.363,-0.012,0.519,-0.063,True,True,False,IN
U_a8b1d6f1b8,I-4,FOREIGN_NATIONAL,LK,BHIM,ISSUER_06,True,True,ON,2026-01-11,STD,0.802,0.253,0.114,0.166,False,False,False,IN
U_aa52858ac9,I-3,NRI,IN,GPAY,ISSUER_05,False,False,ON,2025-01-29,STD,0.604,0.435,0.555,0.172,False,False,True,IN
U_80e63d8257,I-1,FOREIGN_NATIONAL,CA,PHONEPE,ISSUER_01,False,True,ON,2025-03-28,STD,0.28,0.061,0.389,-0.15,True,False,False,IN
U_c6c46291d2,I-1,FOREIGN_NATIONAL,BD,BHIM,ISSUER_10,True,True,ON,2025-08-19,STD,0.559,-0.165,0.628,-0.07,True,True,True,IN
U_0d40694f60,I-1,FOREIGN_NATIONAL,AU,BHIM,ISSUER_02,True,True,ON,2025-10-13,STD,0.527,0.056,0.39,0.141,True,True,True,IN
U_2df6594f95,I-1,OCI,US,GPAY,ISSUER_06,False,True,ON,2026-06-13,STD,0.073,-0.102,0.843,-0.047,False,True,True,IN
U_a69b5bc0f8,I-2,OCI,BD,PHONEPE,ISSUER_10,True,False,ON,2026-07-21,STD,0.485,-0.172,0.301,0.2,True,True,False,IN
U_b9e3e292b0,I-1,FOREIGN_NATIONAL,REST,PHONEPE,ISSUER_01,True,True,ON,2026-03-26,STD,0.396,0.066,0.195,0.069,True,False,True,IN
U_7bb2ac610d,I-1,OCI,BD,GPAY,ISSUER_04,True,True,ON,2026-03-25,STD,0.518,0.045,0.1,-0.15,True,True,True,IN
U_f5ca9dfdb1,I-2,OCI,DE,BHIM,ISSUER_01,True,True,ON,2025-03-05,STD,0.702,-0.108,0.703,0.131,True,True,True,IN
U_fee6635e90,I-1,OCI,BD,BHIM,ISSUER_01,True,True,ON,2025-12-31,STD,0.925,0.293,0.21,-0.125,False,True,False,IN
U_7c6312def5,I-2,OCI,CA,BHIM,ISSUER_01,True,True,ON,2024-08-19,STD,0.464,0.234,0.078,0.038,True,False,False,IN
U_9fa2ca6f47,I-3,NRI,IN,GPAY,ISSUER_09,True,False,ON,2025-01-07,STD,0.347,0.339,0.314,-0.023,False,True,False,IN
U_842eca83dd,I-3,NRI,IN,PHONEPE,ISSUER_09,False,True,ON,2024-11-10,STD,0.404,0.242,0.246,-0.059,False,False,True,IN
U_159dfae27a,I-1,FOREIGN_NATIONAL,LK,BHIM,ISSUER_11,False,True,ON,2025-12-22,STD,0.585,0.475,0.418,0.066,True,True,False,IN
U_0a5a445e8b,I-1,FOREIGN_NATIONAL,US,BHIM,ISSUER_02,True,True,ON,2026-01-10,ELEVATED,0.669,-0.297,0.637,-0.098,True,True,True,IN
U_204e208c92,I-1,FOREIGN_NATIONAL,DE,GPAY,ISSUER_10,True,True,ON,2025-03-28,STD,0.715,-0.101,0.402,-0.15,True,False,True,IN
U_2655803a6b,I-1,FOREIGN_NATIONAL,LK,BHIM,ISSUER_06,True,False,ON,2026-03-19,STD,0.427,-0.006,0.631,0.142,True,True,True,IN
U_d6f1469e53,I-1,OCI,AE,BHIM,ISSUER_09,False,True,ON,2025-11-14,STD,0.711,0.126,0.225,-0.026,True,True,False,IN
U_9beb7db50d,I-4,OCI,REST,GPAY,ISSUER_09,True,True,ON,2025-08-31,STD,0.876,0.353,0.244,0.065,False,False,False,IN
U_d7125aa2fb,I-3,NRI,IN,GPAY,ISSUER_01,True,False,ON,2025-10-13,STD,0.676,-0.153,0.251,0.103,False,True,False,IN
U_6017f8063f,I-3,NRI,IN,PHONEPE,ISSUER_08,True,True,ON,2025-06-23,STD,0.243,0.24,0.146,0.044,False,True,False,IN
U_b3ab07ba9a,I-3,NRI,IN,PHONEPE,ISSUER_10,True,True,ON,2025-05-10,STD,0.251,0.491,0.297,-0.15,True,False,False,IN
U_f5b9628a36,I-1,FOREIGN_NATIONAL,REST,PHONEPE,ISSUER_09,False,True,ON,2025-06-16,STD,0.655,0.219,0.473,-0.059,True,True,False,IN
U_6fbe401ea4,I-3,NRI,IN,BHIM,ISSUER_05,True,True,ON,2026-02-12,STD,0.705,-0.053,0.555,-0.15,False,False,False,IN
U_5f1109299b,I-1,FOREIGN_NATIONAL,BD,BHIM,ISSUER_06,False,True,ON,2025-09-06,STD,0.804,0.096,0.209,0.059,False,False,False,IN
U_27ed48554d,I-1,OCI,DE,GPAY,ISSUER_06,True,True,ON,2025-09-11,STD,0.417,0.043,0.17,0.241,True,False,True,IN
U_f24b4468e0,I-2,OCI,CA,GPAY,ISSUER_02,True,True,ON,2025-10-27,STD,0.53,-0.092,0.41,-0.15,True,True,True,IN
U_7e7076d32a,I-1,FOREIGN_NATIONAL,AU,BHIM,ISSUER_10,False,True,ON,2025-11-13,STD,0.666,0.128,0.573,-0.119,True,True,False,IN
U_f75f5ce3a7,I-3,NRI,IN,GPAY,ISSUER_06,True,True,ON,2025-06-24,ELEVATED,0.799,-0.192,0.453,-0.15,True,False,True,IN
U_ea723184a3,I-1,FOREIGN_NATIONAL,REST,BHIM,ISSUER_11,True,True,ON,2025-12-09,STD,0.368,0.144,0.477,-0.15,True,True,True,IN
U_05a4ac6dd3,I-2,FOREIGN_NATIONAL,BD,BHIM,ISSUER_03,True,True,ON,2025-12-31,STD,0.868,0.335,0.097,0.135,True,True,False,IN
U_4241bf44e2,I-2,FOREIGN_NATIONAL,REST,GPAY,ISSUER_06,True,True,ON,2026-06-08,STD,0.13,0.326,0.377,-0.034,True,True,False,IN
U_a40041935e,I-1,FOREIGN_NATIONAL,NP,PHONEPE,ISSUER_12,False,True,ON,2025-03-27,STD,0.689,0.116,0.32,0.022,True,True,True,IN
U_dad7b12fa7,I-4,FOREIGN_NATIONAL,AE,PHONEPE,ISSUER_04,False,True,ON,2025-01-27,STD,0.228,0.305,0.489,-0.15,True,False,True,IN
U_8c1e2b08f2,I-1,FOREIGN_NATIONAL,BD,BHIM,ISSUER_06,True,True,ON,2026-04-10,STD,0.671,0.255,0.517,-0.15,False,True,False,IN
U_4ef860c370,I-1,OCI,AE,BHIM,ISSUER_05,True,True,ON,2024-11-02,STD,0.354,0.283,0.076,-0.028,True,True,True,IN
U_6f3e971a8a,I-3,NRI,IN,BHIM,ISSUER_12,True,True,ON,2025-09-17,STD,0.86,0.174,0.11,-0.012,False,True,True,IN
U_2ba3b43697,I-1,FOREIGN_NATIONAL,BD,BHIM,ISSUER_08,True,True,ON,2025-10-29,STD,0.729,0.095,0.271,-0.034,True,False,False,IN
U_415dca7c39,I-2,FOREIGN_NATIONAL,AE,PHONEPE,ISSUER_12,True,True,ON,2026-05-13,STD,0.272,-0.099,0.177,0.275,True,True,False,IN
U_3e255db555,I-2,FOREIGN_NATIONAL,AU,GPAY,ISSUER_04,True,True,ON,2025-02-06,STD,0.319,0.104,0.288,-0.15,True,False,True,IN
U_369fb49f8d,I-1,FOREIGN_NATIONAL,GB,BHIM,ISSUER_12,True,True,ON,2026-01-22,STD,0.237,0.067,0.199,-0.024,True,True,True,IN
U_748b149c78,I-1,OCI,US,GPAY,ISSUER_10,True,True,ON,2026-03-08,STD,0.446,-0.345,0.485,-0.023,True,False,True,IN
U_6691a0ed8b,I-1,OCI,LK,GPAY,ISSUER_09,True,True,ON,2025-12-26,STD,0.479,-0.051,0.74,0.062,True,True,True,IN
U_3370458071,I-2,FOREIGN_NATIONAL,REST,PHONEPE,ISSUER_01,True,True,ON,2025-11-18,STD,0.411,0.082,0.547,-0.15,True,True,False,IN
U_c2070a8cc2,I-4,FOREIGN_NATIONAL,CA,GPAY,ISSUER_08,False,True,ON,2026-03-04,STD,0.509,0.057,0.076,-0.027,True,True,True,IN
U_b1fb2b4ab2,I-1,FOREIGN_NATIONAL,REST,PHONEPE,ISSUER_03,True,True,ON,2025-07-23,STD,0.137,0.11,0.185,0.132,True,False,True,IN
U_fbbe142cd9,I-2,OCI,US,PHONEPE,ISSUER_08,True,True,ON,2025-08-30,STD,0.545,-0.13,0.413,0.096,True,False,True,IN
U_3bc4be5637,I-1,OCI,CA,PHONEPE,ISSUER_02,True,True,ON,2024-09-24,ELEVATED,0.434,0.048,0.125,0.203,True,False,True,IN
U_827cb9c59f,I-4,FOREIGN_NATIONAL,SG,GPAY,ISSUER_11,True,False,ON,2025-11-27,STD,0.543,0.173,0.234,0.216,True,True,False,IN
U_8aa7ffe689,I-1,OCI,FR,PHONEPE,ISSUER_09,True,True,ON,2025-02-05,STD,0.47,0.496,0.227,0.159,True,True,False,IN
U_324cc4c51b,I-1,FOREIGN_NATIONAL,REST,PHONEPE,ISSUER_07,True,False,ON,2026-06-21,STD,0.312,0.362,0.223,0.04,True,True,True,IN
U_c2821ee1e6,I-1,FOREIGN_NATIONAL,REST,GPAY,ISSUER_01,True,True,ON,2024-09-08,STD,0.758,0.233,0.534,-0.15,True,True,False,IN
U_a39de35de5,I-3,NRI,IN,BHIM,ISSUER_05,False,True,ON,2025-08-08,STD,0.622,0.077,0.408,0.085,True,True,False,IN
U_46b00b0936,I-1,FOREIGN_NATIONAL,AU,PHONEPE,ISSUER_11,True,True,ON,2025-09-02,ELEVATED,0.566,-0.048,0.605,-0.15,False,False,True,IN
U_c4c8c5bf27,I-4,OCI,US,BHIM,ISSUER_11,True,True,ON,2025-08-27,STD,0.646,-0.02,0.238,0.065,True,False,True,IN
U_4ac1586750,I-3,NRI,IN,GPAY,ISSUER_10,True,False,ON,2026-02-10,STD,0.744,0.26,0.354,-0.083,True,False,True,IN
U_bedfe2cf47,I-2,OCI,CA,PHONEPE,ISSUER_10,False,True,ON,2026-04-29,STD,0.108,0.05,0.057,0.03,False,False,True,IN
U_1a65f8f882,I-1,FOREIGN_NATIONAL,CA,GPAY,ISSUER_06,True,True,ON,2025-12-25,STD,0.881,0.031,0.154,-0.013,True,True,True,IN
U_8aba7210a7,I-3,NRI,IN,BHIM,ISSUER_05,True,True,ON,2024-12-12,STD,0.697,-0.237,0.064,0.326,True,False,True,IN
U_d3e7484fed,I-1,FOREIGN_NATIONAL,BD,PHONEPE,ISSUER_03,True,False,ON,2025-08-18,STD,0.089,0.013,0.156,0.044,False,True,True,IN
U_7b2d746152,I-3,NRI,IN,BHIM,ISSUER_08,True,True,ON,2025-04-21,STD,0.523,-0.358,0.518,-0.15,True,False,True,IN
U_9ed39cb8af,I-2,FOREIGN_NATIONAL,AU,PHONEPE,ISSUER_02,True,True,ON,2025-03-01,STD,0.148,0.015,0.315,-0.15,True,True,True,IN
U_776c321801,I-4,FOREIGN_NATIONAL,REST,GPAY,ISSUER_04,True,True,ON,2025-03-17,STD,0.708,-0.064,0.529,-0.15,True,False,False,IN
U_c0ec0a2c73,I-1,OCI,BD,GPAY,ISSUER_11,True,False,ON,2025-10-19,STD,0.204,0.077,0.38,-0.115,True,True,True,IN
U_b5ccf96ad2,I-1,FOREIGN_NATIONAL,AE,GPAY,ISSUER_09,True,True,ON,2024-10-28,STD,0.638,0.115,0.339,0.149,False,True,True,IN
U_fc019250dd,I-1,OCI,GB,GPAY,ISSUER_07,True,True,ON,2024-12-19,STD,0.5,0.133,0.457,-0.15,True,True,False,IN
U_da8c48f5be,I-1,FOREIGN_NATIONAL,REST,GPAY,ISSUER_03,True,True,ON,2025-08-12,STD,0.451,0.13,0.297,0.059,True,True,True,IN
U_a96bf612c6,I-3,NRI,IN,PHONEPE,ISSUER_11,False,True,ON,2026-05-30,STD,0.273,-0.167,0.493,-0.016,True,False,False,IN
U_bce2d48608,I-1,OCI,AU,PHONEPE,ISSUER_11,True,True,ON,2024-12-02,STD,0.601,0.252,0.183,0.144,True,True,True,IN
U_458329ad99,I-2,OCI,US,BHIM,ISSUER_11,True,True,ON,2025-11-20,STD,0.606,-0.074,0.424,0.014,True,False,True,IN
U_bebf4cccb2,I-3,NRI,IN,BHIM,ISSUER_01,True,True,ON,2026-07-02,STD,0.441,0.017,0.378,0.012,True,True,True,IN
U_7717cba634,I-1,FOREIGN_NATIONAL,MY,PHONEPE,ISSUER_05,False,False,ON,2025-09-15,STD,0.398,0.194,0.604,-0.12,True,False,False,IN
U_864b8b7a66,I-3,NRI,IN,BHIM,ISSUER_03,True,True,ON,2024-10-29,STD,0.608,-0.041,0.03,-0.117,True,True,True,IN
U_bef0f9dac4,I-1,OCI,DE,PHONEPE,ISSUER_08,True,True,ON,2025-10-13,STD,0.566,-0.032,0.659,0.029,False,True,True,IN
U_ce1e0bc474,I-1,FOREIGN_NATIONAL,FR,BHIM,ISSUER_12,True,True,ON,2026-01-09,STD,0.35,-0.184,0.78,-0.15,True,True,True,IN
U_2767b85a4f,I-3,NRI,IN,BHIM,ISSUER_02,True,True,ON,2026-04-22,STD,0.342,0.149,0.475,-0.065,False,True,False,IN
U_11055e5784,I-1,FOREIGN_NATIONAL,REST,PHONEPE,ISSUER_05,True,True,ON,2025-12-04,STD,0.528,-0.05,0.27,0.005,False,True,True,IN
U_50fa43a12e,I-3,NRI,IN,PHONEPE,ISSUER_09,True,True,ON,2024-09-14,ELEVATED,0.754,0.247,0.449,-0.15,False,True,False,IN
U_5abd373836,I-1,FOREIGN_NATIONAL,US,PHONEPE,ISSUER_08,True,False,ON,2026-01-09,STD,0.158,-0.001,0.137,-0.15,False,True,False,IN
U_cbe6a74fab,I-1,FOREIGN_NATIONAL,AE,BHIM,ISSUER_10,False,True,ON,2024-08-19,STD,0.361,0.108,0.238,0.036,False,True,True,IN
U_98655bc3ad,I-3,NRI,IN,PHONEPE,ISSUER_02,False,True,ON,2024-11-04,STD,0.634,-0.136,0.483,0.053,False,False,True,IN
U_c248d3b7fd,I-1,FOREIGN_NATIONAL,FR,BHIM,ISSUER_04,False,True,ON,2025-10-29,STD,0.592,0.366,0.131,0.008,True,False,True,IN
U_028e33d3fc,I-3,NRI,IN,BHIM,ISSUER_02,True,True,ON,2025-09-14,STD,0.312,0.329,0.579,0.08,True,True,False,IN
U_57179e299c,I-1,FOREIGN_NATIONAL,SG,PHONEPE,ISSUER_11,False,True,ON,2025-09-03,STD,0.629,0.364,0.27,0.186,True,True,True,IN
U_3ee6a4dc3f,I-4,FOREIGN_NATIONAL,AU,BHIM,ISSUER_04,True,True,ON,2026-02-27,STD,0.424,0.439,0.553,-0.042,True,True,True,IN
U_e8af19dfc1,I-1,FOREIGN_NATIONAL,US,PHONEPE,ISSUER_02,True,True,ON,2024-11-03,STD,0.617,0.442,0.489,-0.15,False,False,True,IN
U_3e0a0a7d25,I-1,OCI,US,PHONEPE,ISSUER_01,True,True,ON,2026-07-16,STD,0.692,0.028,0.286,0.065,True,True,True,IN
U_fdb9b3b0de,I-1,FOREIGN_NATIONAL,BD,GPAY,ISSUER_10,True,True,ON,2025-01-31,STD,0.374,0.276,0.13,-0.148,True,False,True,IN
U_376de062cc,I-1,OCI,GB,BHIM,ISSUER_09,False,False,ON,2025-09-11,STD,0.505,-0.173,0.422,-0.026,True,False,True,IN
U_2e5516ef71,I-1,FOREIGN_NATIONAL,US,BHIM,ISSUER_11,False,True,ON,2026-04-29,STD,0.244,-0.013,0.201,0.122,True,False,True,IN
U_e2f01fb77f,I-2,FOREIGN_NATIONAL,NP,PHONEPE,ISSUER_12,False,True,ON,2025-06-20,STD,0.102,0.068,0.226,0.17,False,True,False,IN
U_8967f82cab,I-3,NRI,IN,PHONEPE,ISSUER_02,False,True,ON,2026-01-12,STD,0.255,0.12,0.18,0.027,True,True,False,IN
U_1c0f80554c,I-3,NRI,IN,PHONEPE,ISSUER_09,True,True,ON,2026-01-14,STD,0.847,0.239,0.189,0.048,True,True,False,IN
U_b7c63d90b4,I-3,NRI,IN,PHONEPE,ISSUER_02,True,True,ON,2025-11-12,STD,0.575,0.428,0.397,-0.124,True,True,False,IN
U_b7735d34f5,I-4,FOREIGN_NATIONAL,AU,GPAY,ISSUER_09,False,True,ON,2026-07-27,STD,0.454,0.079,0.379,0.119,True,True,True,IN
U_b56e3217e4,I-1,OCI,FR,GPAY,ISSUER_12,True,True,ON,2025-03-06,STD,0.768,0.184,0.143,0.06,True,False,False,IN
U_f995e7d9cc,I-1,FOREIGN_NATIONAL,CA,GPAY,ISSUER_10,False,True,ON,2025-12-09,STD,0.206,-0.055,0.799,-0.15,True,False,True,IN
U_d425934b94,I-1,FOREIGN_NATIONAL,NP,GPAY,ISSUER_06,True,True,ON,2025-12-28,STD,0.282,-0.036,0.209,0.059,True,True,True,IN
U_655d8842e1,I-1,OCI,DE,PHONEPE,ISSUER_05,True,True,ON,2026-05-10,STD,0.601,0.167,0.133,0.114,True,False,True,IN
U_001d56a71b,I-1,FOREIGN_NATIONAL,REST,BHIM,ISSUER_04,True,True,ON,2026-05-31,STD,0.435,-0.324,0.459,-0.15,True,False,True,IN
U_962dd96ce8,I-1,FOREIGN_NATIONAL,BD,PHONEPE,ISSUER_12,True,True,ON,2024-09-25,STD,0.485,-0.155,0.405,-0.15,True,False,False,IN
U_5939cb4f13,I-4,OCI,GB,PHONEPE,ISSUER_11,True,True,ON,2025-05-24,STD,0.639,-0.302,0.114,0.084,True,False,False,IN
U_bc4b5714ab,I-1,FOREIGN_NATIONAL,AE,PHONEPE,ISSUER_06,True,True,ON,2024-11-12,STD,0.571,0.272,0.246,-0.014,True,True,True,IN
U_c497662671,I-3,NRI,IN,GPAY,ISSUER_07,True,True,ON,2025-09-12,STD,0.066,0.326,0.157,0.031,True,False,True,IN
U_6937cce1e8,I-1,OCI,AU,PHONEPE,ISSUER_10,True,True,ON,2026-04-09,STD,0.548,-0.185,0.685,-0.011,False,True,False,IN
U_21fc7525b6,I-1,FOREIGN_NATIONAL,LK,BHIM,ISSUER_10,True,True,ON,2025-01-23,STD,0.95,-0.028,0.395,0.115,True,False,True,IN
U_d384e2d707,I-4,OCI,REST,PHONEPE,ISSUER_04,True,True,ON,2025-12-18,STD,0.075,-0.159,0.361,-0.149,True,True,False,IN
U_f737b32d7c,I-2,FOREIGN_NATIONAL,US,PHONEPE,ISSUER_11,True,True,ON,2025-12-27,ELEVATED,0.719,-0.196,0.369,0.126,True,True,True,IN
U_6fc3d642f6,I-1,FOREIGN_NATIONAL,US,PHONEPE,ISSUER_02,True,False,ON,2026-06-13,STD,0.222,0.216,0.197,0.038,True,True,False,IN
U_39736268d1,I-1,FOREIGN_NATIONAL,REST,GPAY,ISSUER_08,True,True,ON,2025-03-02,STD,0.588,-0.13,0.866,-0.15,True,False,True,IN
U_c19db53dc0,I-1,OCI,GB,PHONEPE,ISSUER_04,True,True,ON,2025-04-19,STD,0.132,-0.034,0.119,0.2,True,True,False,IN
U_2855d4b690,I-3,NRI,IN,PHONEPE,ISSUER_11,True,False,ON,2026-05-18,STD,0.71,0.289,0.217,-0.074,True,False,True,IN
U_e1036d56fb,I-3,NRI,IN,GPAY,ISSUER_05,True,True,ON,2025-02-10,STD,0.669,0.6,0.338,0.21,False,False,True,IN
U_b230f30f61,I-3,NRI,IN,BHIM,ISSUER_02,False,True,ON,2025-09-10,STD,0.672,-0.063,0.189,0.105,False,False,False,IN
U_f3caef4d6b,I-1,FOREIGN_NATIONAL,GB,BHIM,ISSUER_06,True,True,ON,2024-12-27,STD,0.733,0.303,0.171,-0.15,True,True,False,IN
U_3f12e7682e,I-1,FOREIGN_NATIONAL,US,BHIM,ISSUER_07,True,True,ON,2025-09-08,STD,0.705,-0.309,0.775,0.04,False,True,True,IN
U_d3a6dce96e,I-3,NRI,IN,PHONEPE,ISSUER_01,False,False,ON,2025-07-09,STD,0.201,0.225,0.375,0.157,False,False,True,IN
U_f703b89125,I-2,FOREIGN_NATIONAL,GB,PHONEPE,ISSUER_03,True,True,ON,2026-07-21,STD,0.108,-0.328,0.72,-0.086,False,False,True,IN
U_94bc12b81c,I-1,FOREIGN_NATIONAL,BD,BHIM,ISSUER_05,True,True,ON,2025-02-17,STD,0.827,-0.022,0.828,0.212,True,True,True,IN
U_3bc177d7e3,I-1,FOREIGN_NATIONAL,AU,GPAY,ISSUER_07,True,True,ON,2025-11-16,STD,0.852,0.313,0.288,-0.106,True,True,True,IN
U_f96201bd7a,I-3,NRI,IN,GPAY,ISSUER_10,True,True,ON,2024-08-31,STD,0.522,-0.053,0.112,0.159,True,True,True,IN
U_067e95fc02,I-3,NRI,IN,GPAY,ISSUER_04,True,True,ON,2025-02-03,STD,0.672,0.263,0.074,-0.107,True,False,False,IN
U_439b7042c3,I-1,FOREIGN_NATIONAL,REST,GPAY,ISSUER_08,True,False,ON,2026-04-04,STD,0.413,-0.092,0.471,-0.11,True,True,False,IN
U_8971ef298d,I-4,OCI,LK,BHIM,ISSUER_02,True,True,ON,2026-03-11,STD,0.124,0.492,0.413,-0.15,True,True,False,IN
U_f2a21efcd3,I-2,FOREIGN_NATIONAL,BD,BHIM,ISSUER_10,True,False,ON,2025-08-11,STD,0.535,0.444,0.051,0.114,True,True,True,IN
U_08d8b67ff5,I-3,NRI,IN,GPAY,ISSUER_06,True,True,ON,2024-10-16,STD,0.422,-0.237,0.615,-0.15,True,False,False,IN
U_8588e20a9c,I-1,OCI,BD,GPAY,ISSUER_03,True,True,ON,2026-06-03,STD,0.388,0.227,0.517,0.067,False,True,False,IN
U_f9270f7c9f,I-1,OCI,REST,BHIM,ISSUER_10,True,True,ON,2026-07-03,STD,0.398,0.424,0.144,0.208,True,True,True,IN
U_30f222d358,I-3,NRI,IN,BHIM,ISSUER_04,True,True,ON,2024-11-15,STD,0.289,-0.023,0.327,0.112,True,True,True,IN
U_626b380292,I-3,NRI,IN,BHIM,ISSUER_07,True,True,ON,2024-12-09,STD,0.745,0.033,0.164,0.12,True,True,False,IN
U_5cde8535d9,I-1,FOREIGN_NATIONAL,MY,PHONEPE,ISSUER_06,True,True,ON,2024-12-20,STD,0.47,0.297,0.485,-0.15,True,False,True,IN
U_aca6b32551,I-3,NRI,IN,GPAY,ISSUER_08,True,True,ON,2025-04-15,STD,0.575,0.191,0.332,0.153,True,False,True,IN
U_157e286abb,I-3,NRI,IN,GPAY,ISSUER_02,True,True,ON,2025-05-01,STD,0.613,0.184,0.124,0.004,True,True,False,IN
U_04fac9cf55,I-3,NRI,IN,BHIM,ISSUER_11,True,False,ON,2025-08-08,STD,0.555,0.145,0.09,0.184,True,False,True,IN
U_7132a24699,I-3,NRI,IN,BHIM,ISSUER_02,True,True,ON,2025-10-21,STD,0.585,-0.019,0.638,-0.15,True,True,False,IN
U_05f895e700,I-1,FOREIGN_NATIONAL,US,PHONEPE,ISSUER_01,True,True,ON,2025-11-22,STD,0.154,-0.105,0.335,-0.052,True,True,False,IN
U_323b93c6c5,I-1,FOREIGN_NATIONAL,AE,GPAY,ISSUER_03,True,False,ON,2025-07-22,STD,0.405,-0.012,0.822,-0.15,False,False,False,IN
U_2e54032fb0,I-2,FOREIGN_NATIONAL,AU,PHONEPE,ISSUER_02,True,True,ON,2025-07-30,STD,0.702,0.104,0.397,0.096,True,False,False,IN
U_0cf633cffc,I-4,FOREIGN_NATIONAL,BD,BHIM,ISSUER_01,True,True,ON,2024-10-30,STD,0.639,-0.22,0.189,0.079,True,True,False,IN
U_9bb7494298,I-4,FOREIGN_NATIONAL,GB,PHONEPE,ISSUER_03,True,True,ON,2025-01-04,STD,0.761,-0.132,0.95,-0.15,False,True,False,IN
U_9b54ef79ae,I-1,FOREIGN_NATIONAL,US,GPAY,ISSUER_07,True,True,ON,2025-03-08,STD,0.769,-0.128,0.328,0.057,True,True,False,IN
U_464efca307,I-1,FOREIGN_NATIONAL,CA,BHIM,ISSUER_08,True,True,ON,2025-04-26,STD,0.28,0.05,0.186,-0.065,False,False,True,IN
U_5c0cedb0db,I-1,FOREIGN_NATIONAL,SG,BHIM,ISSUER_10,False,True,ON,2026-05-22,STD,0.261,0.166,0.385,0.047,True,True,False,IN
U_08917cab27,I-4,FOREIGN_NATIONAL,US,BHIM,ISSUER_07,True,True,ON,2026-03-23,STD,0.769,0.192,0.477,-0.063,False,True,False,IN
U_e7ee04860f,I-1,FOREIGN_NATIONAL,REST,GPAY,ISSUER_12,True,True,ON,2024-12-07,STD,0.163,-0.167,0.227,0.223,True,True,False,IN
U_fbceb33e34,I-3,NRI,IN,PHONEPE,ISSUER_12,True,True,ON,2026-06-27,STD,0.344,-0.053,0.722,-0.15,True,False,True,IN
U_eb87208c80,I-3,NRI,IN,GPAY,ISSUER_04,True,True,ON,2025-01-22,STD,0.217,-0.169,0.603,0.181,False,False,False,IN
U_13c5855f19,I-3,NRI,IN,GPAY,ISSUER_06,True,True,ON,2025-04-13,STD,0.738,-0.034,0.404,0.121,True,True,True,IN
U_a596b70e59,I-2,OCI,GB,GPAY,ISSUER_03,True,True,ON,2024-11-22,STD,0.455,-0.087,0.335,0.022,True,False,True,IN
U_1eddcc06b5,I-3,NRI,IN,GPAY,ISSUER_07,False,True,ON,2026-07-11,STD,0.81,0.109,0.4,0.125,True,True,True,IN
U_997107f203,I-2,FOREIGN_NATIONAL,REST,PHONEPE,ISSUER_03,True,True,ON,2025-06-15,STD,0.459,-0.13,0.369,0.085,True,True,False,IN
U_7b9c7df8cc,I-2,FOREIGN_NATIONAL,REST,GPAY,ISSUER_05,True,True,ON,2025-08-25,STD,0.718,-0.209,0.726,-0.15,True,False,False,IN
U_627696d94a,I-1,OCI,US,BHIM,ISSUER_09,False,True,ON,2025-05-11,STD,0.35,0.221,0.145,0.196,True,False,False,IN
U_864412c4ff,I-2,FOREIGN_NATIONAL,SG,PHONEPE,ISSUER_02,True,True,ON,2024-09-20,STD,0.576,0.072,0.378,0.121,True,True,True,IN
U_9be7c53507,I-3,NRI,IN,BHIM,ISSUER_10,True,True,ON,2025-09-25,STD,0.503,0.464,0.445,-0.15,False,False,True,IN
U_1c88601b6a,I-3,NRI,IN,GPAY,ISSUER_06,True,True,ON,2024-10-25,STD,0.137,0.22,0.403,0.032,True,True,False,IN
U_606f3c3932,I-1,FOREIGN_NATIONAL,US,GPAY,ISSUER_06,True,True,ON,2026-04-20,STD,0.367,0.241,0.15,-0.062,True,False,False,IN
U_7b41d066a9,I-3,NRI,IN,GPAY,ISSUER_07,True,True,ON,2025-09-09,STD,0.659,0.347,0.587,0.132,True,True,False,IN
U_5d7f602990,I-4,OCI,BD,PHONEPE,ISSUER_04,True,True,ON,2026-02-04,STD,0.918,0.197,0.178,0.2,True,True,False,IN
U_2fedb669f4,I-1,FOREIGN_NATIONAL,REST,PHONEPE,ISSUER_01,True,True,ON,2026-05-24,STD,0.28,0.357,0.527,0.064,True,True,True,IN
U_ec97e79fd6,I-3,NRI,IN,GPAY,ISSUER_03,True,True,ON,2026-01-23,STD,0.329,0.451,0.151,0.287,True,True,False,IN
U_eb50cfb38b,I-1,FOREIGN_NATIONAL,MY,BHIM,ISSUER_06,True,True,ON,2024-09-17,STD,0.704,0.212,0.422,0.008,True,False,False,IN
U_992066a95f,I-4,OCI,US,GPAY,ISSUER_12,True,True,ON,2026-05-03,ELEVATED,0.453,-0.006,0.247,0.149,True,False,False,IN
U_e7a1ee88a3,I-3,NRI,IN,PHONEPE,ISSUER_10,False,True,ON,2026-03-27,STD,0.259,0.083,0.285,0.075,True,True,True,IN
U_a637aedc70,I-1,FOREIGN_NATIONAL,CA,BHIM,ISSUER_01,False,True,ON,2025-10-19,STD,0.697,0.069,0.357,-0.095,True,True,True,IN
U_dbedfef65d,I-2,OCI,REST,PHONEPE,ISSUER_05,True,True,ON,2025-10-20,STD,0.56,0.157,0.301,0.042,True,False,False,IN
U_f74bf578a5,I-3,NRI,IN,BHIM,ISSUER_12,True,True,ON,2026-05-09,STD,0.945,0.6,0.264,0.18,True,True,False,IN
U_8a4f96c4ba,I-2,FOREIGN_NATIONAL,DE,PHONEPE,ISSUER_09,True,True,ON,2025-07-24,STD,0.014,0.395,0.387,-0.045,True,True,True,IN
U_91a1ac930e,I-1,FOREIGN_NATIONAL,GB,GPAY,ISSUER_10,True,True,ON,2025-01-23,STD,0.568,0.134,0.155,-0.024,False,True,True,IN
U_6684206054,I-4,FOREIGN_NATIONAL,AE,BHIM,ISSUER_12,True,True,ON,2025-12-05,STD,0.551,0.231,0.251,-0.12,True,False,True,IN
U_c1fae3f72f,I-1,FOREIGN_NATIONAL,US,PHONEPE,ISSUER_11,True,True,ON,2024-10-23,STD,0.225,0.202,0.213,0.024,True,False,True,IN
U_c3df2cbd67,I-3,NRI,IN,BHIM,ISSUER_03,True,True,ON,2024-10-03,STD,0.183,0.321,0.265,-0.132,True,False,True,IN
U_4dd30556fa,I-3,NRI,IN,BHIM,ISSUER_11,False,True,ON,2025-09-14,STD,0.038,0.093,0.122,0.013,True,True,True,IN
U_e5df6dc0af,I-3,NRI,IN,BHIM,ISSUER_07,False,True,ON,2026-04-03,STD,0.403,0.0,0.37,-0.15,False,True,False,IN
U_20f8757b9f,I-1,FOREIGN_NATIONAL,BD,BHIM,ISSUER_01,True,False,ON,2025-11-30,STD,0.892,0.152,0.352,-0.15,True,True,False,IN
U_7c055a7851,I-3,NRI,IN,PHONEPE,ISSUER_07,True,False,ON,2025-07-04,STD,0.815,0.107,0.175,0.044,True,True,False,IN
U_2c358f9874,I-2,OCI,AU,PHONEPE,ISSUER_02,True,True,ON,2026-06-07,STD,0.357,-0.063,0.931,0.159,False,True,True,IN
U_56a3f5a3fc,I-2,OCI,DE,BHIM,ISSUER_05,True,True,ON,2025-03-14,STD,0.815,-0.19,0.37,0.061,True,False,False,IN
U_a3304cc8d3,I-1,FOREIGN_NATIONAL,US,PHONEPE,ISSUER_01,False,True,ON,2025-07-28,STD,0.427,0.597,0.202,0.099,True,False,False,IN
U_d4140b33cc,I-1,OCI,LK,PHONEPE,ISSUER_07,True,True,ON,2025-01-05,STD,0.383,0.19,0.364,-0.15,True,False,True,IN
U_89ae6b6297,I-3,NRI,IN,GPAY,ISSUER_01,True,True,ON,2024-09-30,STD,0.551,-0.184,0.398,-0.15,True,False,False,IN
U_ea1f9dc6e4,I-2,FOREIGN_NATIONAL,CA,GPAY,ISSUER_03,True,True,ON,2026-05-12,STD,0.341,0.025,0.323,-0.011,True,True,False,IN
U_32875e8531,I-1,FOREIGN_NATIONAL,AU,BHIM,ISSUER_07,True,False,ON,2025-12-12,STD,0.567,0.239,0.336,-0.15,True,True,False,IN
U_60b6e97b4d,I-3,NRI,IN,PHONEPE,ISSUER_03,True,True,ON,2025-11-16,STD,0.22,-0.125,0.482,-0.047,True,True,True,IN
U_b2f03495cb,I-1,FOREIGN_NATIONAL,REST,GPAY,ISSUER_04,True,True,ON,2026-04-04,STD,0.443,-0.145,0.571,-0.15,False,False,False,IN
U_6bcef94d03,I-3,NRI,IN,BHIM,ISSUER_09,True,True,ON,2025-09-02,STD,0.571,0.037,0.511,-0.15,False,True,False,IN
U_f6a03862b0,I-1,FOREIGN_NATIONAL,MY,PHONEPE,ISSUER_06,True,True,ON,2024-11-15,STD,0.271,0.084,0.376,-0.092,True,True,False,IN
U_b2537ea2fe,I-3,NRI,IN,BHIM,ISSUER_03,False,True,ON,2025-03-17,STD,0.788,0.261,0.281,0.103,True,True,False,IN
U_ff58cc2348,I-3,NRI,IN,BHIM,ISSUER_05,True,True,ON,2025-11-12,STD,0.633,0.01,0.093,-0.007,False,False,False,IN
U_67448a87c9,I-1,FOREIGN_NATIONAL,REST,GPAY,ISSUER_06,False,True,ON,2025-06-24,STD,0.594,0.301,0.476,-0.006,True,False,True,IN
U_2bbc6356ee,I-1,FOREIGN_NATIONAL,REST,BHIM,ISSUER_09,True,True,ON,2025-09-14,STD,0.095,0.003,0.271,0.049,True,True,False,IN
U_1df1d7afda,I-4,FOREIGN_NATIONAL,REST,BHIM,ISSUER_05,True,True,ON,2025-06-09,STD,0.452,0.247,0.186,-0.15,False,False,True,IN
U_17e3a6c0a6,I-1,FOREIGN_NATIONAL,NP,BHIM,ISSUER_06,False,True,ON,2026-01-14,STD,0.856,-0.246,0.058,0.056,True,True,False,IN
U_cbdbe5e511,I-1,FOREIGN_NATIONAL,SG,BHIM,ISSUER_09,False,True,ON,2026-06-14,STD,0.712,0.534,0.22,-0.08,True,False,False,IN
U_51c0e7484e,I-1,OCI,REST,GPAY,ISSUER_08,True,True,ON,2025-05-01,STD,0.498,-0.249,0.538,-0.046,True,True,True,IN
U_21cac91e66,I-3,NRI,IN,PHONEPE,ISSUER_11,True,True,ON,2025-09-18,STD,0.695,0.075,0.397,0.056,True,True,True,IN
U_6f052dc64b,I-3,NRI,IN,PHONEPE,ISSUER_02,False,True,ON,2024-11-27,STD,0.234,0.175,0.563,0.082,True,True,True,IN
U_e2f3e7e540,I-1,FOREIGN_NATIONAL,US,GPAY,ISSUER_02,False,True,ON,2024-09-24,STD,0.619,0.249,0.231,0.12,True,False,False,IN
U_99ff261fed,I-1,FOREIGN_NATIONAL,AU,GPAY,ISSUER_06,True,True,ON,2025-05-02,STD,0.581,0.071,0.437,-0.013,True,True,False,IN
U_3f45e9e323,I-4,FOREIGN_NATIONAL,BD,BHIM,ISSUER_10,False,True,ON,2024-11-29,STD,0.386,0.047,0.389,-0.133,True,True,True,IN
U_ec37982d64,I-1,FOREIGN_NATIONAL,AE,BHIM,ISSUER_08,False,True,ON,2025-12-13,STD,0.876,-0.09,0.873,-0.107,True,True,False,IN
U_bb60caa181,I-1,FOREIGN_NATIONAL,SG,PHONEPE,ISSUER_07,False,True,ON,2024-08-22,STD,0.101,0.083,0.378,0.026,True,False,True,IN
U_31e999768f,I-1,FOREIGN_NATIONAL,NP,BHIM,ISSUER_09,True,True,ON,2026-04-07,STD,0.793,-0.109,0.433,0.003,True,True,False,IN
U_27775d254b,I-2,OCI,BD,BHIM,ISSUER_11,True,True,ON,2026-06-04,STD,0.389,-0.071,0.19,0.218,False,False,False,IN
U_98f0f19738,I-4,FOREIGN_NATIONAL,US,BHIM,ISSUER_01,False,True,ON,2025-09-11,STD,0.749,0.17,0.263,0.062,True,True,False,IN
U_5ece27b3c4,I-1,FOREIGN_NATIONAL,BD,BHIM,ISSUER_06,False,True,ON,2026-02-23,STD,0.373,-0.38,0.254,0.112,True,True,False,IN
U_e711d4104d,I-3,NRI,IN,PHONEPE,ISSUER_01,False,True,ON,2024-10-17,STD,0.189,0.321,0.545,-0.107,True,False,True,IN
U_4f271067fc,I-4,FOREIGN_NATIONAL,REST,PHONEPE,ISSUER_05,True,True,ON,2024-09-04,STD,0.878,0.271,0.216,0.252,True,True,True,IN
U_11bc952c09,I-1,FOREIGN_NATIONAL,GB,BHIM,ISSUER_06,True,False,ON,2024-08-23,STD,0.171,0.358,0.141,0.034,True,True,True,IN
U_70ff37216b,I-4,FOREIGN_NATIONAL,REST,GPAY,ISSUER_01,False,True,ON,2025-09-15,STD,0.545,0.172,0.422,0.034,True,True,True,IN
U_e04bcd76a7,I-3,NRI,IN,GPAY,ISSUER_05,True,True,ON,2026-05-31,STD,0.039,0.096,0.373,-0.15,False,False,True,IN
U_78a584060b,I-1,OCI,GB,BHIM,ISSUER_01,False,True,ON,2024-11-24,STD,0.164,0.058,0.261,0.015,True,True,True,IN
U_9964457849,I-3,NRI,IN,BHIM,ISSUER_01,True,True,ON,2025-04-13,STD,0.817,-0.234,0.201,-0.065,True,False,True,IN
U_5e9d4ea786,I-4,FOREIGN_NATIONAL,AE,BHIM,ISSUER_11,True,True,ON,2026-04-05,STD,0.808,0.015,0.42,0.185,True,True,False,IN
U_f9735f28bf,I-4,OCI,GB,PHONEPE,ISSUER_05,True,True,ON,2025-10-08,STD,0.031,0.056,0.096,0.025,True,False,True,IN
U_a99818ecfc,I-3,NRI,IN,GPAY,ISSUER_06,False,True,ON,2024-10-14,STD,0.33,0.294,0.235,-0.15,True,True,False,IN
U_114ca4ff07,I-3,NRI,IN,GPAY,ISSUER_02,True,False,ON,2024-11-03,ELEVATED,0.12,0.257,0.206,0.14,True,True,False,IN
U_49a8aefd22,I-3,NRI,IN,PHONEPE,ISSUER_08,False,True,ON,2025-04-14,STD,0.74,-0.14,0.517,-0.087,True,True,True,IN
U_ac347556c8,I-2,FOREIGN_NATIONAL,DE,GPAY,ISSUER_03,False,True,ON,2026-03-01,STD,0.865,0.507,0.245,0.118,True,True,True,IN
U_6dbf6b4631,I-4,FOREIGN_NATIONAL,FR,BHIM,ISSUER_06,True,True,ON,2025-08-13,STD,0.678,-0.138,0.537,0.294,False,True,False,IN
U_66cd9e669c,I-3,NRI,IN,GPAY,ISSUER_02,True,True,ON,2026-02-13,STD,0.048,0.239,0.331,0.084,True,True,True,IN
U_87a94ee59b,I-2,OCI,US,BHIM,ISSUER_12,True,True,ON,2025-07-25,STD,0.292,-0.045,0.566,-0.032,True,False,True,IN
U_a7ab3a24f5,I-2,FOREIGN_NATIONAL,FR,BHIM,ISSUER_10,False,True,ON,2025-01-06,STD,0.467,-0.15,0.47,0.027,True,False,True,IN
U_e3f42bee1a,I-2,FOREIGN_NATIONAL,LK,PHONEPE,ISSUER_12,True,True,ON,2026-05-13,STD,0.546,-0.119,0.344,0.141,True,False,True,IN
U_326aa75403,I-2,FOREIGN_NATIONAL,BD,BHIM,ISSUER_02,True,False,ON,2024-11-29,STD,0.893,0.319,0.459,0.102,False,True,True,IN
U_0c9eddde74,I-1,OCI,MY,PHONEPE,ISSUER_05,False,True,ON,2025-07-10,STD,0.281,-0.037,0.616,-0.078,True,True,True,IN
U_9c7bf41db0,I-3,NRI,IN,GPAY,ISSUER_10,True,True,ON,2024-12-04,STD,0.514,0.245,0.326,0.088,True,True,True,IN
U_f956d27d9f,I-1,FOREIGN_NATIONAL,US,PHONEPE,ISSUER_05,False,False,ON,2025-10-17,STD,0.802,-0.079,0.569,-0.15,True,True,False,IN
U_b89b9a2f8f,I-2,OCI,BD,GPAY,ISSUER_03,True,True,ON,2025-05-24,STD,0.484,0.074,0.306,0.005,True,True,False,IN
U_50af4dd174,I-2,FOREIGN_NATIONAL,US,GPAY,ISSUER_04,True,False,ON,2025-07-03,STD,0.811,0.429,0.263,0.308,True,True,True,IN
U_b2acb22216,I-1,FOREIGN_NATIONAL,CA,PHONEPE,ISSUER_12,True,False,ON,2025-06-05,STD,0.341,0.449,0.097,0.24,True,False,False,IN
U_71eb50e855,I-3,NRI,IN,PHONEPE,ISSUER_11,False,True,ON,2024-11-16,RESTRICTED,0.109,0.099,0.27,0.403,True,True,False,IN
U_4bf9b5f036,I-1,FOREIGN_NATIONAL,AU,BHIM,ISSUER_01,True,True,ON,2025-10-24,STD,0.157,0.41,0.493,0.147,True,True,False,IN
U_0ea611f099,I-4,FOREIGN_NATIONAL,BD,PHONEPE,ISSUER_04,False,True,ON,2025-10-15,STD,0.147,0.058,0.433,-0.097,False,False,False,IN
U_f6d3aa3314,I-1,FOREIGN_NATIONAL,US,BHIM,ISSUER_06,False,True,ON,2025-10-06,STD,0.793,0.175,0.332,0.182,True,True,False,IN
U_3b715b1aaa,I-1,FOREIGN_NATIONAL,AE,BHIM,ISSUER_01,True,True,ON,2026-06-20,STD,0.643,-0.347,0.895,-0.138,True,False,False,IN
U_f1a5dba579,I-1,OCI,BD,PHONEPE,ISSUER_02,True,True,ON,2026-04-08,STD,0.21,-0.137,0.343,-0.01,False,False,True,IN
U_fe98c63cb7,I-3,NRI,IN,PHONEPE,ISSUER_07,True,False,ON,2025-07-08,STD,0.592,0.153,0.231,0.425,True,True,True,IN
U_8962ee3951,I-3,NRI,IN,PHONEPE,ISSUER_10,False,True,ON,2026-07-15,STD,0.749,-0.333,0.297,0.182,True,True,False,IN
U_d2dd114619,I-3,NRI,IN,BHIM,ISSUER_09,True,True,ON,2024-09-28,STD,0.444,-0.218,0.905,-0.077,True,True,True,IN
U_26d726322e,I-3,NRI,IN,GPAY,ISSUER_06,True,True,ON,2025-06-22,STD,0.202,0.092,0.37,-0.029,False,False,True,IN
U_ac8265d65d,I-4,FOREIGN_NATIONAL,NP,GPAY,ISSUER_04,True,True,ON,2025-07-09,STD,0.149,0.246,0.144,-0.15,False,False,True,IN
U_08379488fe,I-3,NRI,IN,GPAY,ISSUER_07,True,True,ON,2025-02-04,STD,0.315,0.314,0.499,0.321,False,True,True,IN
U_9d8afee124,I-3,NRI,IN,GPAY,ISSUER_01,True,True,ON,2025-03-10,STD,0.41,0.185,0.214,0.211,True,True,True,IN
U_6f0371ed40,I-1,OCI,FR,BHIM,ISSUER_01,True,True,ON,2025-12-06,STD,0.153,0.332,0.24,0.058,False,True,True,IN
U_5fe73d571b,I-1,FOREIGN_NATIONAL,US,PHONEPE,ISSUER_04,False,True,ON,2025-04-20,STD,0.731,0.269,0.122,-0.012,True,False,True,IN
U_c4c0555f07,I-1,OCI,LK,BHIM,ISSUER_05,True,True,ON,2025-09-19,STD,0.359,0.083,0.295,0.019,True,False,True,IN
U_df0cd572c7,I-3,NRI,IN,PHONEPE,ISSUER_04,True,True,ON,2025-04-12,STD,0.152,-0.05,0.36,0.008,True,False,False,IN
U_676a907dc1,I-1,FOREIGN_NATIONAL,AE,PHONEPE,ISSUER_12,False,False,ON,2026-05-31,STD,0.247,-0.148,0.439,-0.15,True,False,True,IN
U_6e874149dd,I-4,FOREIGN_NATIONAL,LK,GPAY,ISSUER_01,True,True,ON,2026-02-16,ELEVATED,0.135,0.107,0.183,0.084,True,True,True,IN
U_6bf1cba74f,I-1,FOREIGN_NATIONAL,MY,GPAY,ISSUER_01,True,True,ON,2024-10-02,STD,0.488,-0.174,0.13,0.229,True,True,True,IN
U_16b1eb4493,I-4,FOREIGN_NATIONAL,AE,BHIM,ISSUER_01,True,True,ON,2025-10-22,STD,0.708,0.046,0.154,0.09,True,True,False,IN
U_e61d2abb39,I-3,NRI,IN,PHONEPE,ISSUER_01,True,False,ON,2026-06-12,STD,0.208,0.108,0.052,0.219,False,True,True,IN
U_2e0284891e,I-1,FOREIGN_NATIONAL,CA,PHONEPE,ISSUER_12,True,True,ON,2026-02-03,STD,0.513,-0.164,0.156,0.028,False,False,False,IN
U_424f247659,I-3,NRI,IN,GPAY,ISSUER_01,True,True,ON,2026-03-30,ELEVATED,0.596,0.016,0.259,-0.035,True,True,False,IN
U_c4c655f583,I-3,NRI,IN,BHIM,ISSUER_06,False,True,ON,2025-06-06,STD,0.5,0.048,0.541,0.003,True,True,True,IN
U_c1a034f5b9,I-2,FOREIGN_NATIONAL,US,GPAY,ISSUER_05,False,True,ON,2025-01-26,STD,0.558,-0.227,0.271,-0.097,True,False,True,IN
U_f0106c4d49,I-3,NRI,IN,BHIM,ISSUER_04,True,True,ON,2025-02-10,STD,0.334,0.435,0.154,-0.15,True,False,False,IN
U_9855509100,I-1,FOREIGN_NATIONAL,AU,BHIM,ISSUER_10,False,True,ON,2024-10-30,STD,0.35,0.6,0.072,0.291,True,True,False,IN
U_7185f57883,I-1,FOREIGN_NATIONAL,GB,PHONEPE,ISSUER_12,True,False,ON,2025-08-16,STD,0.34,-0.043,0.137,0.085,False,True,True,IN
U_41fd479712,I-1,OCI,BD,BHIM,ISSUER_01,True,False,ON,2025-12-26,STD,0.613,0.203,0.36,-0.016,True,True,False,IN
U_3302c39b37,I-1,FOREIGN_NATIONAL,US,BHIM,ISSUER_10,True,True,ON,2025-09-14,STD,0.145,0.457,0.168,0.081,True,True,True,IN
U_e74ef2b9d5,I-3,NRI,IN,GPAY,ISSUER_12,False,True,ON,2025-06-23,STD,0.324,-0.059,0.518,0.011,True,False,True,IN
U_003de0e3c5,I-1,OCI,REST,GPAY,ISSUER_05,True,True,ON,2025-09-25,STD,0.308,0.159,0.416,0.107,True,True,False,IN
U_b6272a7406,I-3,NRI,IN,BHIM,ISSUER_09,True,True,ON,2024-09-07,STD,0.86,-0.087,0.674,0.084,True,True,True,IN
U_bd1007d9f8,I-4,FOREIGN_NATIONAL,AU,BHIM,ISSUER_08,True,True,ON,2026-01-08,STD,0.44,0.088,0.285,0.108,True,False,True,IN
U_98c02c0acf,I-3,NRI,IN,PHONEPE,ISSUER_09,True,True,ON,2025-12-22,STD,0.474,0.238,0.268,-0.051,True,False,True,IN
U_66024abc03,I-3,NRI,IN,GPAY,ISSUER_11,True,True,ON,2025-10-09,STD,0.754,0.275,0.199,0.11,True,True,True,IN
U_72a6a2085c,I-1,FOREIGN_NATIONAL,DE,PHONEPE,ISSUER_09,True,True,ON,2025-10-10,STD,0.634,0.409,0.048,0.28,True,True,True,IN
U_fdc31f2f6c,I-1,FOREIGN_NATIONAL,US,BHIM,ISSUER_11,True,False,ON,2025-01-01,STD,0.428,0.44,0.396,0.092,True,True,False,IN
U_8d932f689b,I-2,FOREIGN_NATIONAL,US,GPAY,ISSUER_10,False,False,ON,2025-02-13,STD,0.638,-0.09,0.489,0.035,True,True,True,IN
U_f644f8c39e,I-1,FOREIGN_NATIONAL,MY,BHIM,ISSUER_10,True,True,ON,2024-11-28,ELEVATED,0.241,-0.064,0.345,0.111,True,False,False,IN
U_7b4c7299a4,I-1,FOREIGN_NATIONAL,GB,GPAY,ISSUER_02,False,True,ON,2024-10-21,STD,0.413,-0.066,0.305,0.092,True,True,False,IN
U_94c93e58b7,I-3,NRI,IN,GPAY,ISSUER_05,True,True,ON,2024-12-21,STD,0.562,0.351,0.118,0.062,False,True,True,IN
U_c2c8530c76,I-3,NRI,IN,GPAY,ISSUER_08,True,True,ON,2025-09-07,STD,0.65,0.287,0.369,-0.074,False,False,False,IN
U_43a0e8b62e,I-3,NRI,IN,BHIM,ISSUER_03,True,True,ON,2024-08-11,STD,0.544,0.032,0.311,-0.055,True,True,False,IN
U_d891a5d8bb,I-1,FOREIGN_NATIONAL,REST,GPAY,ISSUER_04,True,True,ON,2026-05-18,STD,0.799,0.076,0.497,0.063,True,True,True,IN
U_2531c70481,I-2,FOREIGN_NATIONAL,DE,GPAY,ISSUER_07,True,True,ON,2024-08-28,STD,0.383,0.174,0.188,0.016,False,True,False,IN
U_bb58b6f608,I-1,FOREIGN_NATIONAL,REST,PHONEPE,ISSUER_05,True,True,ON,2025-03-09,STD,0.546,-0.112,0.251,-0.069,True,False,True,IN
U_21d23ebe5f,I-4,OCI,GB,GPAY,ISSUER_10,True,False,ON,2025-08-06,STD,0.822,0.111,0.231,0.219,True,False,True,IN
U_0e72f56555,I-3,NRI,IN,BHIM,ISSUER_08,False,True,ON,2025-02-07,STD,0.419,0.228,0.187,0.048,False,True,True,IN
U_87313024e1,I-1,OCI,US,GPAY,ISSUER_01,True,True,ON,2025-04-03,STD,0.414,-0.124,0.896,0.05,True,True,True,IN
U_d1ea8029bb,I-4,FOREIGN_NATIONAL,REST,PHONEPE,ISSUER_09,True,False,ON,2026-06-07,STD,0.832,0.193,0.169,0.075,False,False,False,IN
U_7ccc890a2f,I-4,FOREIGN_NATIONAL,MY,PHONEPE,ISSUER_12,True,True,ON,2025-11-05,STD,0.22,0.252,0.538,-0.15,True,True,False,IN
U_1adbc8aefc,I-4,FOREIGN_NATIONAL,REST,BHIM,ISSUER_10,True,True,ON,2024-10-20,STD,0.31,0.202,0.257,0.003,True,True,True,IN
U_2572fba926,I-1,OCI,CA,GPAY,ISSUER_01,False,True,ON,2026-06-05,STD,0.631,0.158,0.266,-0.089,True,True,False,IN
U_a305a70666,I-1,OCI,GB,GPAY,ISSUER_08,True,True,ON,2025-05-07,STD,0.641,0.084,0.239,0.202,True,True,False,IN
U_4c40990f87,I-3,NRI,IN,GPAY,ISSUER_02,True,True,ON,2025-10-03,STD,0.433,0.13,0.516,-0.15,False,True,True,IN
U_cc52032a41,I-1,FOREIGN_NATIONAL,US,GPAY,ISSUER_10,True,True,ON,2025-08-09,STD,0.089,0.242,0.221,0.169,True,True,True,IN
U_290a8984c0,I-3,NRI,IN,PHONEPE,ISSUER_02,True,True,ON,2024-10-13,STD,0.349,0.055,0.155,0.134,True,True,False,IN
U_1dac9e2118,I-3,NRI,IN,GPAY,ISSUER_12,True,True,ON,2025-01-29,STD,0.305,0.189,0.236,-0.094,True,False,False,IN
U_f4f8b090e2,I-1,FOREIGN_NATIONAL,DE,BHIM,ISSUER_03,False,True,ON,2025-12-08,STD,0.087,0.31,0.373,0.05,True,True,False,IN
U_c51e52eeef,I-1,FOREIGN_NATIONAL,AU,GPAY,ISSUER_09,True,True,ON,2024-10-22,STD,0.436,0.155,0.336,-0.15,True,True,True,IN
U_916b20bfe6,I-1,OCI,LK,BHIM,ISSUER_09,True,True,ON,2024-12-14,STD,0.38,0.353,0.262,0.018,False,True,True,IN
U_e6f7da0280,I-4,FOREIGN_NATIONAL,REST,PHONEPE,ISSUER_06,True,True,ON,2025-06-10,STD,0.308,0.316,0.184,0.214,True,True,False,IN
U_d378bdb4e4,I-1,OCI,BD,PHONEPE,ISSUER_09,True,True,ON,2026-02-13,STD,0.211,0.377,0.182,0.156,True,True,False,IN
U_c36c2ee60b,I-4,OCI,CA,BHIM,ISSUER_02,True,True,ON,2026-01-07,STD,0.149,-0.169,0.581,-0.015,True,True,False,IN
U_07226f6a58,I-2,FOREIGN_NATIONAL,GB,BHIM,ISSUER_06,True,True,ON,2026-03-03,STD,0.406,0.071,0.325,0.082,True,True,False,IN
U_ddf91e38e7,I-3,NRI,IN,GPAY,ISSUER_08,True,True,ON,2025-03-31,STD,0.545,0.192,0.51,-0.007,True,True,False,IN
U_76d0a38adc,I-1,FOREIGN_NATIONAL,AU,BHIM,ISSUER_04,True,True,ON,2024-08-15,STD,0.077,0.245,0.28,0.036,True,True,True,IN
U_118f9b90ab,I-3,NRI,IN,GPAY,ISSUER_10,False,True,ON,2024-11-04,STD,0.56,0.095,0.413,0.074,False,False,False,IN
U_537653f942,I-4,OCI,GB,BHIM,ISSUER_01,True,True,ON,2026-02-22,STD,0.213,-0.026,0.127,0.343,True,True,True,IN
U_e9493f2293,I-1,FOREIGN_NATIONAL,DE,PHONEPE,ISSUER_08,True,True,ON,2025-11-17,STD,0.693,0.303,0.419,-0.084,False,True,False,IN
U_d01cf9534e,I-4,OCI,BD,GPAY,ISSUER_07,True,True,ON,2025-12-17,STD,0.378,0.211,0.166,-0.001,True,True,True,IN
U_400697d0a3,I-2,FOREIGN_NATIONAL,US,PHONEPE,ISSUER_04,True,True,ON,2024-08-22,STD,0.629,0.531,0.223,0.063,True,True,True,IN
U_afbc0cd991,I-3,NRI,IN,GPAY,ISSUER_11,True,True,ON,2026-06-12,STD,0.557,0.127,0.36,0.062,True,True,False,IN
U_f9df4792c5,I-3,NRI,IN,BHIM,ISSUER_03,True,True,ON,2025-12-12,STD,0.516,-0.079,0.084,0.119,True,True,True,IN
U_173bdd6ae6,I-1,FOREIGN_NATIONAL,REST,BHIM,ISSUER_11,True,True,ON,2025-06-29,STD,0.455,0.311,0.289,0.034,True,True,True,IN
U_5e8edd5bad,I-2,OCI,SG,BHIM,ISSUER_10,True,True,ON,2025-07-08,STD,0.189,0.26,0.248,0.102,True,False,True,IN
U_f28258afa7,I-3,NRI,IN,PHONEPE,ISSUER_11,True,True,ON,2025-09-07,STD,0.374,0.221,0.371,-0.123,True,False,True,IN
U_94329ec455,I-2,FOREIGN_NATIONAL,NP,GPAY,ISSUER_09,True,False,ON,2026-03-25,STD,0.37,0.167,0.166,0.37,True,True,True,IN
U_0f8b4511be,I-1,OCI,AU,BHIM,ISSUER_08,True,False,ON,2024-12-04,STD,0.425,0.431,0.257,0.062,True,True,False,IN
U_a5f69bb761,I-3,NRI,IN,PHONEPE,ISSUER_11,True,True,ON,2024-10-29,STD,0.667,0.215,0.433,-0.126,False,True,True,IN
U_4412879689,I-1,FOREIGN_NATIONAL,BD,GPAY,ISSUER_09,True,True,ON,2026-05-19,STD,0.385,-0.265,0.914,-0.15,True,True,True,IN
U_5bebf55872,I-2,FOREIGN_NATIONAL,REST,GPAY,ISSUER_02,True,True,ON,2024-11-07,STD,0.431,0.275,0.333,0.017,True,False,False,IN
U_c3b245a3ea,I-1,FOREIGN_NATIONAL,GB,GPAY,ISSUER_07,True,True,ON,2025-04-07,STD,0.217,-0.002,0.629,0.058,True,True,False,IN
U_7e122fab9c,I-1,OCI,AU,BHIM,ISSUER_01,False,True,ON,2025-10-20,STD,0.306,0.21,0.342,0.065,True,True,True,IN
U_de8d5ad57f,I-3,NRI,IN,BHIM,ISSUER_10,True,True,ON,2026-07-24,STD,0.42,-0.141,0.939,0.068,True,True,True,IN
U_589aeaa163,I-1,FOREIGN_NATIONAL,MY,BHIM,ISSUER_06,True,False,ON,2024-11-27,STD,0.633,0.202,0.585,-0.01,True,False,True,IN
U_5ae6996e58,I-1,FOREIGN_NATIONAL,BD,BHIM,ISSUER_12,True,True,ON,2025-12-13,STD,0.787,0.306,0.421,-0.148,False,True,False,IN
U_e98d770651,I-1,FOREIGN_NATIONAL,US,PHONEPE,ISSUER_10,False,True,ON,2024-11-22,STD,0.392,0.517,0.18,0.112,True,False,True,IN
U_233ba6e6a1,I-3,NRI,IN,PHONEPE,ISSUER_09,True,True,ON,2025-01-19,STD,0.559,0.441,0.122,0.103,False,True,False,IN
U_38519cfc10,I-4,OCI,CA,BHIM,ISSUER_12,True,True,ON,2025-11-17,STD,0.168,0.052,0.469,-0.116,True,True,False,IN
U_aa66b8fce3,I-1,OCI,GB,PHONEPE,ISSUER_03,True,True,ON,2024-11-14,STD,0.778,0.187,0.636,0.132,True,True,False,IN
U_e9933f8173,I-4,FOREIGN_NATIONAL,NP,BHIM,ISSUER_01,False,True,ON,2024-08-19,STD,0.543,0.228,0.549,-0.15,True,True,True,IN
U_4f389e4668,I-1,FOREIGN_NATIONAL,AU,PHONEPE,ISSUER_05,True,True,ON,2024-10-12,STD,0.46,0.345,0.38,0.114,True,False,False,IN
U_696796d5a6,I-4,OCI,REST,BHIM,ISSUER_09,True,True,ON,2026-02-24,STD,0.885,0.093,0.158,-0.131,False,True,False,IN
U_93326328f7,I-3,NRI,IN,PHONEPE,ISSUER_08,True,True,ON,2026-06-23,STD,0.866,0.591,0.542,-0.102,True,True,False,IN
U_f41a883348,I-1,FOREIGN_NATIONAL,NP,BHIM,ISSUER_12,True,True,ON,2025-12-09,STD,0.592,-0.046,0.64,-0.1,True,False,True,IN
U_b6bf2716d8,I-1,FOREIGN_NATIONAL,REST,BHIM,ISSUER_12,True,True,ON,2025-07-03,STD,0.313,0.247,0.476,-0.051,True,True,False,IN
U_3b7b81e68f,I-1,FOREIGN_NATIONAL,REST,BHIM,ISSUER_03,True,False,ON,2024-08-21,STD,0.715,0.033,0.14,-0.005,True,True,True,IN
U_95f52fe1cf,I-4,FOREIGN_NATIONAL,REST,GPAY,ISSUER_11,False,True,ON,2026-02-02,STD,0.528,0.164,0.335,-0.15,False,True,True,IN
U_387e839f91,I-3,NRI,IN,BHIM,ISSUER_07,False,True,ON,2025-06-01,STD,0.39,-0.062,0.91,-0.1,True,False,False,IN
U_1a2f1e92b6,I-1,FOREIGN_NATIONAL,AE,BHIM,ISSUER_06,True,True,ON,2025-08-31,STD,0.482,0.416,0.42,0.085,True,True,True,IN
U_f06e5a8a0c,I-1,OCI,GB,GPAY,ISSUER_07,True,True,ON,2024-10-06,ELEVATED,0.614,0.002,0.354,-0.05,True,False,False,IN
U_323cc36dce,I-2,OCI,REST,BHIM,ISSUER_05,True,True,ON,2025-11-08,STD,0.715,0.211,0.454,-0.15,True,True,False,IN
U_7d0a3e435f,I-2,FOREIGN_NATIONAL,AU,GPAY,ISSUER_11,False,True,ON,2025-12-24,STD,0.615,0.015,0.501,0.047,False,True,False,IN
U_fca9d4b5f4,I-2,OCI,US,BHIM,ISSUER_10,False,True,ON,2026-05-24,STD,0.77,0.395,0.01,0.249,True,True,False,IN
U_fb01c05e09,I-1,FOREIGN_NATIONAL,GB,PHONEPE,ISSUER_08,True,False,ON,2024-10-06,STD,0.327,-0.041,0.359,0.143,True,True,True,IN
U_752d00a3ac,I-4,FOREIGN_NATIONAL,NP,BHIM,ISSUER_10,True,True,ON,2026-01-21,STD,0.377,0.185,0.231,0.178,True,False,True,IN
U_b03189887d,I-1,FOREIGN_NATIONAL,GB,PHONEPE,ISSUER_08,True,True,ON,2025-07-13,STD,0.205,-0.049,0.886,0.04,True,False,False,IN
U_aa5f526283,I-3,NRI,IN,BHIM,ISSUER_03,True,True,ON,2025-10-15,STD,0.36,-0.022,0.451,0.087,False,True,False,IN
U_79e92f29c3,I-3,NRI,IN,GPAY,ISSUER_09,True,False,ON,2026-02-17,STD,0.512,-0.066,0.09,-0.082,False,True,False,IN
U_54de9cd770,I-3,NRI,IN,PHONEPE,ISSUER_02,True,True,ON,2025-05-31,STD,0.518,-0.016,0.214,-0.021,True,True,False,IN
U_fa3c01db0b,I-1,OCI,CA,GPAY,ISSUER_05,True,False,ON,2026-01-25,STD,0.373,0.048,0.235,-0.141,True,True,False,IN
U_cf7e7e0e0f,I-4,OCI,REST,GPAY,ISSUER_10,True,False,ON,2025-09-04,STD,0.689,0.097,0.313,0.14,True,False,False,IN
U_2b14b4040e,I-3,NRI,IN,GPAY,ISSUER_09,True,False,ON,2025-12-28,STD,0.511,0.16,0.499,0.03,True,False,False,IN
U_21c6d90b18,I-1,FOREIGN_NATIONAL,SG,PHONEPE,ISSUER_08,True,True,ON,2024-11-29,STD,0.206,-0.036,0.273,0.317,True,True,True,IN
U_563a9c4c03,I-1,FOREIGN_NATIONAL,REST,GPAY,ISSUER_12,True,True,ON,2025-12-10,STD,0.4,0.071,0.426,-0.064,True,True,True,IN
U_9e5a49ec27,I-4,OCI,REST,GPAY,ISSUER_03,False,True,ON,2025-01-05,STD,0.782,0.3,0.444,-0.15,False,True,False,IN
U_c459eda5eb,I-2,OCI,GB,PHONEPE,ISSUER_05,True,True,ON,2026-05-13,STD,0.778,-0.118,0.354,-0.115,False,True,True,IN
U_50cf7301ba,I-4,FOREIGN_NATIONAL,REST,GPAY,ISSUER_06,True,True,ON,2025-03-24,STD,0.527,-0.165,0.491,-0.007,True,True,False,IN
U_f99f7e52c3,I-3,NRI,IN,PHONEPE,ISSUER_12,True,True,ON,2025-03-05,STD,0.314,0.255,0.247,0.206,True,True,True,IN
U_bc35bd409b,I-1,FOREIGN_NATIONAL,REST,GPAY,ISSUER_10,True,True,ON,2024-12-04,STD,0.641,0.073,0.112,-0.014,True,True,False,IN
U_1bb81d7841,I-1,OCI,LK,BHIM,ISSUER_05,True,True,ON,2025-11-27,STD,0.388,0.001,0.405,0.022,True,False,True,IN
U_d2a389137d,I-4,FOREIGN_NATIONAL,NP,BHIM,ISSUER_10,True,True,ON,2025-07-28,STD,0.245,-0.172,0.73,0.034,True,True,True,IN
U_483f7daf98,I-1,FOREIGN_NATIONAL,US,PHONEPE,ISSUER_02,True,False,ON,2025-09-26,STD,0.585,0.381,0.129,-0.042,True,False,False,IN
U_8a2fe9c389,I-1,OCI,AE,BHIM,ISSUER_08,True,True,ON,2024-12-18,STD,0.397,-0.121,0.469,0.032,True,True,True,IN
U_37be353147,I-1,OCI,GB,BHIM,ISSUER_12,False,False,ON,2025-03-13,STD,0.261,-0.101,0.285,0.222,True,True,True,IN
U_a083641840,I-3,NRI,IN,BHIM,ISSUER_09,True,True,ON,2025-04-21,STD,0.845,0.148,0.37,-0.02,True,True,False,IN
U_e1f53f2b29,I-1,FOREIGN_NATIONAL,CA,BHIM,ISSUER_10,True,True,ON,2026-07-26,STD,0.38,0.389,0.53,-0.012,True,True,False,IN
U_30e6cd806d,I-3,NRI,IN,GPAY,ISSUER_12,True,True,ON,2025-06-09,STD,0.345,-0.06,0.825,-0.15,True,True,True,IN
U_9268b426a5,I-1,FOREIGN_NATIONAL,CA,BHIM,ISSUER_08,True,True,ON,2026-06-14,STD,0.682,0.011,0.307,-0.084,True,True,True,IN
U_b71bed5862,I-1,OCI,REST,BHIM,ISSUER_12,False,False,ON,2026-02-15,STD,0.733,0.052,0.527,-0.07,False,False,True,IN
U_1e0d50a553,I-2,OCI,BD,BHIM,ISSUER_08,False,True,ON,2025-04-06,STD,0.764,-0.371,0.332,0.157,True,False,False,IN
U_5502006803,I-3,NRI,IN,PHONEPE,ISSUER_06,False,True,ON,2025-03-02,STD,0.059,0.187,0.291,-0.133,False,False,False,IN
U_a3cfcb2cc6,I-3,NRI,IN,PHONEPE,ISSUER_10,True,True,ON,2024-10-11,STD,0.908,-0.206,0.326,0.182,True,True,False,IN
U_2593d251dc,I-3,NRI,IN,PHONEPE,ISSUER_11,True,True,ON,2025-11-02,STD,0.197,0.248,0.245,0.114,True,False,True,IN
U_c32b6778e1,I-3,NRI,IN,BHIM,ISSUER_01,True,True,ON,2026-06-23,STD,0.557,0.282,0.205,0.274,True,False,True,IN
U_d9fb375f4e,I-4,FOREIGN_NATIONAL,REST,BHIM,ISSUER_11,True,True,ON,2025-12-23,STD,0.276,-0.149,0.178,0.055,True,True,True,IN
U_14ed603b59,I-1,FOREIGN_NATIONAL,REST,BHIM,ISSUER_06,True,True,ON,2026-05-26,STD,0.297,-0.125,0.689,-0.094,True,True,True,IN
U_bd4adc6a5f,I-1,FOREIGN_NATIONAL,US,BHIM,ISSUER_08,True,True,ON,2026-01-22,ELEVATED,0.894,0.217,0.102,0.055,True,True,True,IN
U_d3778e580b,I-2,FOREIGN_NATIONAL,AE,GPAY,ISSUER_06,False,True,ON,2025-12-16,STD,0.731,-0.075,0.563,-0.042,False,True,False,IN
U_4359b0540a,I-3,NRI,IN,BHIM,ISSUER_08,False,True,ON,2024-08-30,STD,0.313,0.23,0.415,0.035,True,True,True,IN
U_15958fb73e,I-3,NRI,IN,BHIM,ISSUER_09,True,True,ON,2025-06-10,STD,0.633,0.371,0.444,0.064,True,False,False,IN
U_14d4ccaffc,I-1,OCI,US,BHIM,ISSUER_12,True,True,ON,2025-10-09,STD,0.496,0.152,0.21,0.156,True,False,True,IN
U_fd31d86f9a,I-4,FOREIGN_NATIONAL,AU,PHONEPE,ISSUER_11,False,True,ON,2024-11-26,STD,0.4,-0.283,0.759,-0.045,True,True,True,IN
U_7e51841f70,I-3,NRI,IN,BHIM,ISSUER_07,True,True,ON,2026-07-27,STD,0.384,-0.125,0.357,-0.15,True,True,False,IN
U_5257d87b51,I-1,FOREIGN_NATIONAL,AE,BHIM,ISSUER_03,False,False,ON,2025-06-08,STD,0.802,0.153,0.431,-0.15,True,False,True,IN
U_f4fc14c6db,I-1,OCI,SG,PHONEPE,ISSUER_11,True,True,ON,2025-11-20,STD,0.535,-0.024,0.516,-0.135,False,False,True,IN
U_4787b05f24,I-1,FOREIGN_NATIONAL,BD,BHIM,ISSUER_03,True,True,ON,2024-08-20,STD,0.829,0.225,0.262,-0.03,False,True,False,IN
U_28e8bac6f8,I-3,NRI,IN,PHONEPE,ISSUER_11,True,True,ON,2024-08-27,STD,0.456,0.064,0.424,-0.135,True,True,True,IN
U_102dee636c,I-3,NRI,IN,PHONEPE,ISSUER_08,False,True,ON,2025-07-21,STD,0.75,0.55,0.469,0.121,True,False,False,IN
U_3778b23190,I-1,FOREIGN_NATIONAL,SG,GPAY,ISSUER_09,True,True,ON,2026-07-26,STD,0.473,0.235,0.126,0.109,True,True,False,IN
U_904e115678,I-3,NRI,IN,PHONEPE,ISSUER_12,True,True,ON,2026-01-21,STD,0.74,0.177,0.272,-0.066,True,True,True,IN
U_dfee5d1801,I-1,OCI,CA,BHIM,ISSUER_05,True,True,ON,2026-06-14,STD,0.771,-0.371,0.328,0.022,True,True,True,IN
U_a0562bae75,I-3,NRI,IN,PHONEPE,ISSUER_03,True,True,ON,2025-11-05,STD,0.493,0.097,0.548,-0.15,True,False,True,IN
U_b5ea5ec876,I-1,OCI,US,PHONEPE,ISSUER_03,True,True,ON,2026-03-28,STD,0.479,0.395,0.117,0.108,True,True,False,IN
U_16deb4ec63,I-3,NRI,IN,BHIM,ISSUER_01,True,True,ON,2025-09-16,STD,0.498,-0.366,0.394,-0.134,True,False,False,IN
U_ff7c4ad7eb,I-2,FOREIGN_NATIONAL,AU,GPAY,ISSUER_12,True,True,ON,2026-06-15,STD,0.366,0.297,0.163,0.118,True,False,True,IN
U_9b2c582e87,I-1,FOREIGN_NATIONAL,DE,BHIM,ISSUER_06,True,True,ON,2025-03-17,STD,0.462,0.147,0.049,0.069,True,False,False,IN
U_9949364c8d,I-1,OCI,GB,BHIM,ISSUER_04,True,True,ON,2025-05-06,STD,0.842,-0.058,0.554,0.206,True,True,False,IN
U_acb67fb3fa,I-1,FOREIGN_NATIONAL,AE,BHIM,ISSUER_09,True,True,ON,2025-06-12,STD,0.559,0.187,0.326,0.032,False,True,True,IN
U_7f64c67310,I-2,FOREIGN_NATIONAL,US,BHIM,ISSUER_06,True,False,ON,2026-01-20,STD,0.313,0.176,0.169,0.335,False,True,False,IN
U_96709b5db8,I-4,OCI,SG,PHONEPE,ISSUER_07,True,False,ON,2024-08-22,STD,0.195,0.202,0.232,0.126,True,False,False,IN
U_706f1bbdea,I-3,NRI,IN,PHONEPE,ISSUER_08,True,True,ON,2026-03-26,STD,0.719,0.589,0.195,-0.054,True,True,False,IN
U_d8624a25a0,I-3,NRI,IN,PHONEPE,ISSUER_08,True,False,ON,2026-06-18,STD,0.361,0.154,0.092,0.056,True,True,False,IN
U_0a8f92804b,I-3,NRI,IN,BHIM,ISSUER_12,True,True,ON,2025-09-21,STD,0.886,0.177,0.425,-0.08,True,True,False,IN
U_52eb28472d,I-4,FOREIGN_NATIONAL,AE,PHONEPE,ISSUER_01,True,True,ON,2025-05-10,STD,0.542,-0.121,0.186,0.057,True,False,True,IN
U_1921368ce6,I-1,OCI,BD,GPAY,ISSUER_08,True,False,ON,2024-12-17,STD,0.044,-0.004,0.083,-0.048,True,True,False,IN
U_6b6144a9fb,I-1,FOREIGN_NATIONAL,AE,PHONEPE,ISSUER_07,False,True,ON,2026-06-09,STD,0.988,0.393,0.118,0.317,True,False,False,IN
U_ac5baf1f1c,I-3,NRI,IN,BHIM,ISSUER_09,False,True,ON,2026-03-19,STD,0.936,0.109,0.297,-0.112,True,True,True,IN
U_10feb7d8a5,I-3,NRI,IN,PHONEPE,ISSUER_08,True,True,ON,2025-02-13,STD,0.688,0.191,0.275,0.086,False,True,True,IN
U_9ef4d8bf34,I-1,OCI,NP,BHIM,ISSUER_03,True,True,ON,2024-11-21,STD,0.269,0.366,0.154,0.081,True,False,False,IN
U_646746f301,I-1,FOREIGN_NATIONAL,AU,GPAY,ISSUER_11,False,True,ON,2025-02-10,STD,0.703,0.01,0.213,0.086,True,True,True,IN
U_83c21e0c6d,I-3,NRI,IN,BHIM,ISSUER_11,True,True,ON,2025-05-02,STD,0.228,0.433,0.554,-0.018,True,True,True,IN
U_a0fd74f193,I-1,FOREIGN_NATIONAL,CA,GPAY,ISSUER_08,True,True,ON,2025-11-05,STD,0.875,0.386,0.234,0.137,True,False,True,IN
U_9309462c3d,I-2,OCI,REST,GPAY,ISSUER_08,True,True,ON,2026-02-11,STD,0.934,0.161,0.112,0.114,True,False,True,IN
U_bb588e3823,I-1,FOREIGN_NATIONAL,CA,PHONEPE,ISSUER_01,True,True,ON,2025-10-24,STD,0.653,0.34,0.081,0.323,True,True,True,IN
U_16a0eaaec7,I-2,FOREIGN_NATIONAL,GB,GPAY,ISSUER_09,True,True,ON,2025-10-07,STD,0.732,-0.096,0.359,0.11,True,True,False,IN
U_b6ee7c34ca,I-2,FOREIGN_NATIONAL,FR,PHONEPE,ISSUER_08,True,False,ON,2025-10-15,STD,0.546,-0.291,0.244,-0.15,True,True,False,IN
U_50d14327f8,I-3,NRI,IN,PHONEPE,ISSUER_06,True,True,ON,2025-12-07,STD,0.677,0.129,0.313,-0.129,True,False,False,IN
U_0398ec1e72,I-1,FOREIGN_NATIONAL,REST,PHONEPE,ISSUER_02,True,True,ON,2025-02-04,STD,0.846,-0.084,0.529,-0.13,True,True,True,IN
U_0db061b35d,I-1,FOREIGN_NATIONAL,GB,PHONEPE,ISSUER_02,True,False,ON,2025-01-18,STD,0.619,0.076,0.384,0.183,False,True,False,IN
U_bfcf8c728d,I-1,FOREIGN_NATIONAL,REST,PHONEPE,ISSUER_03,True,True,ON,2024-09-08,STD,0.408,0.081,0.472,0.21,False,True,True,IN
U_4c4653c1b7,I-1,FOREIGN_NATIONAL,REST,PHONEPE,ISSUER_01,True,True,ON,2026-04-28,STD,0.727,-0.198,0.829,-0.15,True,True,True,IN
U_400b08c922,I-4,FOREIGN_NATIONAL,BD,BHIM,ISSUER_08,False,False,ON,2025-12-30,STD,0.613,-0.171,0.712,-0.15,True,True,True,IN
U_be405897cf,I-3,NRI,IN,PHONEPE,ISSUER_02,True,True,ON,2026-07-31,STD,0.624,-0.028,0.873,-0.15,True,True,True,IN
U_0b0ec9985e,I-1,FOREIGN_NATIONAL,REST,PHONEPE,ISSUER_09,True,True,ON,2024-12-03,STD,0.636,0.077,0.278,-0.061,True,True,False,IN
U_a768ea05a0,I-1,FOREIGN_NATIONAL,GB,GPAY,ISSUER_09,True,True,ON,2026-06-11,STD,0.664,-0.076,0.802,-0.058,True,True,True,IN
U_9e43cc6dd8,I-4,OCI,DE,GPAY,ISSUER_12,False,True,ON,2024-10-05,ELEVATED,0.337,-0.064,0.501,-0.003,True,True,True,IN
U_9152498ae5,I-1,OCI,REST,BHIM,ISSUER_12,True,True,ON,2025-04-28,STD,0.609,0.22,0.132,-0.05,True,True,True,IN
U_37d189f699,I-1,OCI,GB,GPAY,ISSUER_06,True,True,ON,2026-04-16,STD,0.562,0.193,0.227,0.145,True,True,True,IN
U_3d3a0c1f0b,I-1,FOREIGN_NATIONAL,REST,GPAY,ISSUER_04,True,True,ON,2026-03-07,ELEVATED,0.148,0.42,0.148,0.014,True,False,True,IN
U_02bd1234f7,I-4,FOREIGN_NATIONAL,US,PHONEPE,ISSUER_11,False,True,ON,2026-04-28,STD,0.241,-0.188,0.523,0.054,True,True,True,IN
U_6ea0e04a65,I-4,FOREIGN_NATIONAL,US,PHONEPE,ISSUER_10,True,False,ON,2026-03-19,STD,0.198,0.226,0.22,0.097,True,True,False,IN
U_01b95a6db7,I-2,FOREIGN_NATIONAL,US,PHONEPE,ISSUER_03,True,True,ON,2025-02-25,STD,0.862,0.305,0.588,-0.102,True,False,True,IN
U_b714b3f4ee,I-3,NRI,IN,BHIM,ISSUER_02,True,True,ON,2024-10-27,STD,0.584,0.144,0.288,-0.067,True,True,False,IN
U_d4d1e3a2eb,I-1,FOREIGN_NATIONAL,BD,GPAY,ISSUER_09,True,False,ON,2025-02-06,STD,0.083,0.092,0.19,0.07,True,True,False,IN
U_9492cf84a2,I-1,OCI,LK,PHONEPE,ISSUER_10,True,True,ON,2025-05-21,STD,0.478,-0.092,0.818,-0.0,True,False,False,IN
U_0e3c1c64a2,I-3,NRI,IN,PHONEPE,ISSUER_08,True,True,ON,2025-11-10,STD,0.493,0.024,0.13,0.155,False,True,False,IN
U_7982132b88,I-1,FOREIGN_NATIONAL,FR,PHONEPE,ISSUER_02,True,False,ON,2024-12-07,STD,0.661,0.125,0.325,-0.145,True,True,False,IN
U_89f8bd6ea0,I-3,NRI,IN,GPAY,ISSUER_07,False,False,ON,2026-05-16,STD,0.605,-0.29,0.446,0.058,True,True,False,IN
U_6a543d2526,I-3,NRI,IN,GPAY,ISSUER_09,True,False,ON,2025-03-07,STD,0.622,0.351,0.071,0.284,False,False,True,IN
U_9b16640a0e,I-4,FOREIGN_NATIONAL,US,GPAY,ISSUER_01,True,True,ON,2025-01-25,STD,0.556,-0.189,0.191,0.324,True,False,True,IN
U_4e4350610b,I-4,OCI,AE,BHIM,ISSUER_03,True,True,ON,2025-02-11,ELEVATED,0.538,0.227,0.178,-0.073,True,True,True,IN
U_88952d1ea3,I-3,NRI,IN,PHONEPE,ISSUER_03,True,True,ON,2026-03-10,STD,0.451,-0.183,0.641,-0.118,True,True,True,IN
U_4f949a0215,I-2,OCI,BD,PHONEPE,ISSUER_02,True,True,ON,2026-02-02,STD,0.622,-0.078,0.272,-0.15,True,True,True,IN
U_fc2f2c0cc5,I-4,OCI,CA,GPAY,ISSUER_04,True,True,ON,2025-03-23,STD,0.946,-0.193,0.489,0.105,True,False,False,IN
U_e9c6d23813,I-3,NRI,IN,BHIM,ISSUER_06,False,True,ON,2024-08-29,STD,0.271,0.264,0.395,-0.15,False,True,True,IN
U_876c71894c,I-3,NRI,IN,BHIM,ISSUER_01,True,False,ON,2025-06-01,STD,0.322,-0.067,0.496,-0.012,True,True,False,IN
U_26541fe7a8,I-3,NRI,IN,PHONEPE,ISSUER_12,True,True,ON,2025-08-13,STD,0.619,0.097,0.391,0.025,True,True,False,IN
U_94b5236f79,I-3,NRI,IN,BHIM,ISSUER_08,False,True,ON,2025-04-08,STD,0.484,-0.064,0.687,-0.15,False,True,False,IN
U_467a9585a1,I-3,NRI,IN,GPAY,ISSUER_02,False,True,ON,2026-01-23,STD,0.058,0.119,0.034,0.291,True,True,True,IN
U_c3549027bb,I-2,OCI,GB,BHIM,ISSUER_07,True,True,ON,2025-07-28,ELEVATED,0.557,0.058,0.222,0.002,True,True,True,IN
U_e6f47d9d6d,I-3,NRI,IN,PHONEPE,ISSUER_10,True,True,ON,2025-06-26,STD,0.528,0.134,0.176,0.126,True,True,False,IN
U_336b750d8b,I-2,FOREIGN_NATIONAL,REST,PHONEPE,ISSUER_04,True,False,ON,2025-09-26,STD,0.363,-0.025,0.361,0.079,False,True,True,IN
U_653d2a2114,I-4,OCI,BD,BHIM,ISSUER_07,True,False,ON,2024-08-18,STD,0.487,0.233,0.108,0.334,False,True,True,IN
U_5c754736d1,I-1,FOREIGN_NATIONAL,US,PHONEPE,ISSUER_08,True,True,ON,2024-10-27,STD,0.19,0.212,0.193,-0.039,False,True,True,IN
U_d8b6e8ac7f,I-3,NRI,IN,GPAY,ISSUER_05,True,True,ON,2024-12-21,STD,0.399,0.191,0.11,0.044,True,True,True,IN
U_68cd55cc45,I-2,FOREIGN_NATIONAL,AE,BHIM,ISSUER_05,True,True,ON,2026-02-28,STD,0.383,0.022,0.183,0.204,True,False,False,IN
U_c7e9b6f1d5,I-3,NRI,IN,PHONEPE,ISSUER_02,True,True,ON,2025-09-02,STD,0.923,0.456,0.321,0.139,True,True,False,IN
U_f0f5132c39,I-1,OCI,AU,PHONEPE,ISSUER_01,True,True,ON,2025-10-25,STD,0.559,0.027,0.147,-0.15,False,True,False,IN
U_223912ffbd,I-3,NRI,IN,PHONEPE,ISSUER_09,True,True,ON,2026-01-30,STD,0.645,0.424,0.297,-0.15,False,True,True,IN
U_e48ff45a96,I-3,NRI,IN,PHONEPE,ISSUER_07,True,True,ON,2025-12-18,STD,0.896,0.017,0.233,-0.019,True,True,False,IN
U_9e2ee00b35,I-1,FOREIGN_NATIONAL,BD,PHONEPE,ISSUER_12,True,True,ON,2025-11-26,STD,0.799,0.378,0.034,0.034,True,True,True,IN
U_bafffbe09c,I-4,FOREIGN_NATIONAL,DE,GPAY,ISSUER_03,True,True,ON,2025-07-14,STD,0.39,-0.208,0.439,-0.138,True,True,True,IN
U_9144e99222,I-3,NRI,IN,PHONEPE,ISSUER_01,True,True,ON,2025-04-23,STD,0.766,-0.092,0.226,0.028,True,False,False,IN
U_3aaf9b25ce,I-4,FOREIGN_NATIONAL,BD,GPAY,ISSUER_10,True,True,ON,2025-09-19,STD,0.852,0.165,0.203,0.105,True,True,False,IN
U_e28469794b,I-1,FOREIGN_NATIONAL,REST,PHONEPE,ISSUER_11,False,True,ON,2026-01-22,STD,0.928,0.279,0.123,0.185,True,True,True,IN
U_c26c66044a,I-1,FOREIGN_NATIONAL,BD,PHONEPE,ISSUER_08,False,True,ON,2026-03-20,STD,0.089,0.231,0.14,0.108,True,True,False,IN
U_6d65ed2a3f,I-3,NRI,IN,PHONEPE,ISSUER_06,True,True,ON,2026-02-02,STD,0.37,0.095,0.432,-0.008,False,True,False,IN
U_76cdad5640,I-3,NRI,IN,GPAY,ISSUER_01,True,False,ON,2024-11-28,STD,0.608,-0.043,0.613,-0.007,True,False,False,IN
U_f3de22362f,I-1,FOREIGN_NATIONAL,REST,PHONEPE,ISSUER_07,True,True,ON,2026-03-14,STD,0.323,0.458,0.167,0.202,True,True,True,IN
U_c3f9f4f0ef,I-3,NRI,IN,PHONEPE,ISSUER_06,True,True,ON,2026-01-13,STD,0.745,0.331,0.202,0.053,True,True,True,IN
U_fe835fc138,I-1,OCI,REST,PHONEPE,ISSUER_09,True,False,ON,2026-04-26,STD,0.531,0.226,0.12,-0.15,True,False,False,IN
U_4c5b7447a1,I-1,FOREIGN_NATIONAL,MY,BHIM,ISSUER_07,False,True,ON,2025-11-03,STD,0.289,0.34,0.437,0.075,False,True,True,IN
U_e51af62838,I-3,NRI,IN,PHONEPE,ISSUER_04,True,True,ON,2026-01-03,STD,0.93,-0.372,0.612,0.19,False,False,False,IN
U_f06b4ca69b,I-3,NRI,IN,BHIM,ISSUER_01,True,False,ON,2025-06-23,STD,0.488,0.219,0.424,-0.15,True,True,False,IN
U_1a177a900a,I-1,FOREIGN_NATIONAL,REST,BHIM,ISSUER_01,True,True,ON,2024-11-30,STD,0.683,0.168,0.109,-0.09,False,True,False,IN
U_4429314ed7,I-1,OCI,GB,PHONEPE,ISSUER_12,True,False,ON,2026-02-09,STD,0.38,-0.154,0.635,0.049,True,False,False,IN
U_1b605cbc5f,I-3,NRI,IN,BHIM,ISSUER_01,True,True,ON,2025-03-03,STD,0.174,0.145,0.57,-0.15,True,False,False,IN
U_a74d43e277,I-3,NRI,IN,PHONEPE,ISSUER_11,True,True,ON,2025-08-21,ELEVATED,0.579,0.129,0.185,0.222,True,True,False,IN
U_ba65ee6e0d,I-3,NRI,IN,GPAY,ISSUER_12,False,True,ON,2024-08-28,STD,0.504,-0.061,0.184,-0.066,True,False,False,IN
U_5255a43bd4,I-1,FOREIGN_NATIONAL,AU,PHONEPE,ISSUER_05,True,True,ON,2025-11-29,STD,0.255,-0.122,0.327,0.217,True,True,False,IN
U_657738db74,I-1,OCI,GB,PHONEPE,ISSUER_09,True,True,ON,2024-08-28,STD,0.625,0.093,0.168,-0.103,False,False,False,IN
U_a6a4d51e5a,I-1,FOREIGN_NATIONAL,US,BHIM,ISSUER_02,True,False,ON,2026-01-30,STD,0.307,0.259,0.218,-0.15,True,True,False,IN
U_682ee3f95f,I-2,FOREIGN_NATIONAL,REST,GPAY,ISSUER_10,False,True,ON,2024-11-02,STD,0.549,0.03,0.14,0.176,False,True,False,IN
U_9571ce4b88,I-2,FOREIGN_NATIONAL,AU,PHONEPE,ISSUER_10,True,True,ON,2025-12-15,STD,0.45,0.194,0.358,0.09,True,True,True,IN
U_de8ee61722,I-3,NRI,IN,GPAY,ISSUER_06,True,True,ON,2024-08-24,STD,0.229,0.117,0.225,-0.026,True,True,False,IN
U_70727f8ec7,I-3,NRI,IN,PHONEPE,ISSUER_11,True,True,ON,2024-08-18,STD,0.119,-0.09,0.766,-0.15,False,True,False,IN
U_e4f1d25bbf,I-3,NRI,IN,BHIM,ISSUER_05,True,True,ON,2025-12-13,STD,0.249,0.182,0.405,-0.139,True,False,True,IN
U_b220e7173f,I-1,OCI,REST,BHIM,ISSUER_07,True,True,ON,2026-01-27,STD,0.174,0.277,0.203,-0.062,False,True,False,IN
U_d47f38be8d,I-3,NRI,IN,BHIM,ISSUER_12,False,True,ON,2024-08-14,STD,0.735,0.016,0.406,0.08,True,True,False,IN
U_cc2ab9517d,I-1,FOREIGN_NATIONAL,AE,GPAY,ISSUER_04,False,False,ON,2026-05-22,STD,0.233,0.002,0.443,-0.028,True,True,False,IN
U_b78ca1d640,I-1,OCI,GB,PHONEPE,ISSUER_04,True,False,ON,2026-07-12,STD,0.559,-0.006,0.383,0.151,True,True,True,IN
U_5b0950fb77,I-2,FOREIGN_NATIONAL,NP,PHONEPE,ISSUER_06,True,True,ON,2026-07-26,ELEVATED,0.679,0.365,0.036,-0.15,True,True,False,IN
U_147387c2a5,I-2,FOREIGN_NATIONAL,US,BHIM,ISSUER_08,True,True,ON,2025-10-14,RESTRICTED,0.296,0.6,0.308,-0.063,False,False,True,IN
U_e9528b9196,I-1,FOREIGN_NATIONAL,BD,BHIM,ISSUER_10,True,True,ON,2025-11-27,STD,0.665,0.265,0.268,0.05,True,True,False,IN
U_88ed62dff5,I-3,NRI,IN,PHONEPE,ISSUER_04,True,True,ON,2026-06-01,STD,0.135,0.457,0.425,-0.092,True,True,False,IN
U_5ac9c2f295,I-3,NRI,IN,GPAY,ISSUER_02,True,True,ON,2025-12-18,STD,0.178,0.307,0.415,-0.038,True,False,False,IN
U_5a4d37642b,I-1,FOREIGN_NATIONAL,GB,GPAY,ISSUER_05,True,True,ON,2025-11-23,STD,0.743,-0.031,0.191,-0.137,True,False,False,IN
U_5be7c19af0,I-3,NRI,IN,PHONEPE,ISSUER_07,False,True,ON,2025-11-13,STD,0.808,0.027,0.116,0.292,True,True,False,IN
U_f15c6fefa8,I-3,NRI,IN,BHIM,ISSUER_10,True,True,ON,2024-10-02,STD,0.038,0.223,0.404,-0.039,True,False,False,IN
U_074504eed8,I-4,FOREIGN_NATIONAL,US,GPAY,ISSUER_02,True,True,ON,2026-06-29,STD,0.652,0.085,0.121,0.13,True,True,True,IN
U_45944f945b,I-4,OCI,BD,BHIM,ISSUER_08,True,False,ON,2026-04-19,STD,0.278,-0.016,0.211,0.208,False,False,True,IN
U_281a5db0d2,I-4,FOREIGN_NATIONAL,REST,GPAY,ISSUER_12,True,True,ON,2026-02-13,STD,0.719,0.365,0.176,0.078,True,True,True,IN
U_dc46353716,I-4,OCI,US,GPAY,ISSUER_08,True,True,ON,2025-09-01,STD,0.704,-0.256,0.33,-0.15,True,True,True,IN
U_0046775c79,I-1,FOREIGN_NATIONAL,BD,GPAY,ISSUER_10,True,True,ON,2025-08-12,STD,0.424,-0.097,0.472,0.042,True,True,False,IN
U_a81d35bb8c,I-4,OCI,BD,GPAY,ISSUER_03,False,True,ON,2025-09-15,STD,0.522,0.108,0.219,0.153,True,True,True,IN
U_91c29caa80,I-1,FOREIGN_NATIONAL,SG,BHIM,ISSUER_11,True,True,ON,2026-06-05,STD,0.565,0.6,0.636,-0.056,True,True,True,IN
U_286503c016,I-4,FOREIGN_NATIONAL,LK,PHONEPE,ISSUER_11,True,False,ON,2025-10-15,STD,0.53,0.162,0.057,0.12,True,False,False,IN
U_1382f61552,I-3,NRI,IN,PHONEPE,ISSUER_08,True,True,ON,2025-05-25,STD,0.396,-0.054,0.271,0.058,True,True,True,IN
U_4d5a4bb251,I-3,NRI,IN,BHIM,ISSUER_06,True,True,ON,2025-09-21,STD,0.781,-0.213,0.524,-0.086,True,True,True,IN
U_b1c5c03372,I-1,FOREIGN_NATIONAL,US,GPAY,ISSUER_08,True,True,ON,2026-01-12,STD,0.3,-0.351,0.143,0.202,True,True,False,IN
U_dc3820070b,I-3,NRI,IN,BHIM,ISSUER_01,True,True,ON,2025-09-21,STD,0.583,-0.029,0.325,0.17,True,True,True,IN
U_edd463b2ca,I-3,NRI,IN,PHONEPE,ISSUER_01,False,True,ON,2025-08-20,STD,0.683,0.267,0.145,0.12,True,False,False,IN
U_77bf150e4f,I-2,FOREIGN_NATIONAL,CA,PHONEPE,ISSUER_07,True,False,ON,2026-05-20,STD,0.605,0.229,0.255,0.162,True,True,True,IN
U_5b9e9cd791,I-1,FOREIGN_NATIONAL,BD,PHONEPE,ISSUER_04,True,True,ON,2025-05-05,STD,0.617,-0.103,0.55,-0.017,True,True,True,IN
U_4145a61db0,I-1,FOREIGN_NATIONAL,US,GPAY,ISSUER_12,True,True,ON,2025-06-12,STD,0.806,0.327,0.253,0.085,True,True,False,IN
U_548ff2fc8b,I-1,FOREIGN_NATIONAL,AE,BHIM,ISSUER_09,True,True,ON,2026-06-23,STD,0.871,0.162,0.595,-0.005,True,False,True,IN
U_4add4a7240,I-3,NRI,IN,BHIM,ISSUER_07,True,True,ON,2025-01-08,STD,0.554,0.013,0.17,0.021,True,False,False,IN
U_246409586d,I-1,FOREIGN_NATIONAL,REST,PHONEPE,ISSUER_04,True,True,ON,2026-03-31,STD,0.203,-0.128,0.558,-0.15,True,True,True,IN
U_9bd83a145f,I-3,NRI,IN,PHONEPE,ISSUER_07,True,True,ON,2026-06-08,STD,0.808,0.258,0.35,-0.15,True,True,True,IN
U_6f44c38b96,I-1,FOREIGN_NATIONAL,AE,PHONEPE,ISSUER_03,True,True,ON,2025-01-02,STD,0.312,0.325,0.341,0.232,True,False,True,IN
U_9613c297a5,I-4,OCI,REST,PHONEPE,ISSUER_03,False,False,ON,2025-08-10,STD,0.445,-0.179,0.729,0.046,True,True,False,IN
U_aaf696233e,I-2,FOREIGN_NATIONAL,AU,PHONEPE,ISSUER_07,True,True,ON,2024-12-05,STD,0.376,-0.325,0.057,-0.15,True,True,True,IN
U_a63e9cd3c1,I-3,NRI,IN,PHONEPE,ISSUER_08,True,True,ON,2024-10-19,ELEVATED,0.638,0.218,0.068,0.246,True,False,False,IN
U_08fd19a6f5,I-3,NRI,IN,GPAY,ISSUER_04,True,True,ON,2024-11-11,STD,0.207,0.444,0.319,0.055,False,True,False,IN
U_4bfbe1479c,I-3,NRI,IN,BHIM,ISSUER_07,True,True,ON,2025-04-26,STD,0.729,0.237,0.348,0.031,False,False,False,IN
U_cef1ca0353,I-3,NRI,IN,BHIM,ISSUER_06,True,True,ON,2025-04-03,STD,0.416,0.442,0.227,-0.048,True,True,False,IN
U_33142f52ec,I-2,OCI,NP,PHONEPE,ISSUER_05,True,True,ON,2024-08-12,STD,0.274,0.028,0.576,-0.1,True,True,True,IN
U_70b963cd1f,I-1,FOREIGN_NATIONAL,REST,PHONEPE,ISSUER_04,True,True,ON,2026-05-02,STD,0.43,0.196,0.387,-0.097,True,True,True,IN
U_158b4a8e39,I-1,FOREIGN_NATIONAL,AU,GPAY,ISSUER_12,True,False,ON,2024-12-04,ELEVATED,0.585,0.103,0.072,0.051,False,True,False,IN
U_2b8ced6195,I-2,FOREIGN_NATIONAL,REST,GPAY,ISSUER_11,True,True,ON,2025-09-09,STD,0.424,0.005,0.452,0.141,True,True,False,IN
U_bd0fca14b1,I-1,FOREIGN_NATIONAL,REST,PHONEPE,ISSUER_04,True,True,ON,2025-03-06,STD,0.688,0.315,0.278,-0.05,True,False,True,IN
U_604fe7ccdd,I-1,FOREIGN_NATIONAL,REST,BHIM,ISSUER_06,True,True,ON,2026-06-25,STD,0.668,0.014,0.311,0.117,True,True,False,IN
U_a3a9579ff1,I-3,NRI,IN,PHONEPE,ISSUER_09,True,True,ON,2026-04-01,STD,0.242,-0.106,0.143,0.168,True,True,True,IN
U_f080ca9d13,I-3,NRI,IN,PHONEPE,ISSUER_04,True,True,ON,2024-12-29,STD,0.684,0.261,0.325,-0.131,True,True,True,IN
U_3e72bfca54,I-1,FOREIGN_NATIONAL,US,PHONEPE,ISSUER_07,True,True,ON,2024-10-12,STD,0.305,-0.075,0.398,0.1,True,False,True,IN
U_6169daaa65,I-3,NRI,IN,PHONEPE,ISSUER_04,True,True,ON,2025-11-16,STD,0.486,-0.188,0.742,-0.15,False,True,False,IN
U_f5b6c6b940,I-2,FOREIGN_NATIONAL,AE,GPAY,ISSUER_06,True,True,ON,2025-02-18,STD,0.604,-0.066,0.709,-0.102,True,False,True,IN
U_c8d395f594,I-2,FOREIGN_NATIONAL,REST,PHONEPE,ISSUER_01,True,False,ON,2026-07-11,STD,0.305,0.406,0.47,-0.136,True,False,False,IN
U_fafc3000af,I-3,NRI,IN,GPAY,ISSUER_03,False,True,ON,2026-01-07,STD,0.622,-0.088,0.258,0.056,False,True,True,IN
U_2e1685de36,I-3,NRI,IN,GPAY,ISSUER_11,False,True,ON,2025-04-30,STD,0.795,0.01,0.114,0.071,True,True,False,IN
U_180a4982f0,I-3,NRI,IN,PHONEPE,ISSUER_10,True,True,ON,2026-07-21,STD,0.778,0.058,0.392,0.016,True,False,False,IN
U_d9d6cd5b31,I-2,FOREIGN_NATIONAL,SG,BHIM,ISSUER_07,True,True,ON,2025-12-26,STD,0.627,0.443,0.269,0.057,True,False,True,IN
U_24f52f3397,I-1,OCI,AE,PHONEPE,ISSUER_03,True,True,ON,2025-09-18,STD,0.647,-0.258,0.603,0.134,True,False,False,IN
U_1f08df92cb,I-3,NRI,IN,PHONEPE,ISSUER_10,True,False,ON,2026-03-23,STD,0.164,-0.041,0.542,0.084,False,True,True,IN
U_d9b1656cfd,I-3,NRI,IN,PHONEPE,ISSUER_08,True,True,ON,2026-05-24,STD,0.507,0.275,0.314,0.071,True,True,False,IN
U_ee7816ed83,I-1,OCI,NP,BHIM,ISSUER_07,False,True,ON,2025-09-09,ELEVATED,0.344,0.027,0.275,0.048,True,False,True,IN
U_a63e3bbb53,I-3,NRI,IN,GPAY,ISSUER_06,True,True,ON,2025-01-15,STD,0.533,0.275,0.272,0.249,True,True,False,IN
U_d9e93ea050,I-4,FOREIGN_NATIONAL,REST,BHIM,ISSUER_03,True,True,ON,2025-01-17,STD,0.391,0.069,0.247,0.089,True,False,True,IN
U_f9edf4edc1,I-1,FOREIGN_NATIONAL,AE,PHONEPE,ISSUER_11,True,True,ON,2025-11-21,ELEVATED,0.394,-0.282,0.612,-0.097,False,True,False,IN
U_2118273c71,I-4,FOREIGN_NATIONAL,NP,BHIM,ISSUER_12,True,True,ON,2025-12-23,STD,0.702,0.068,0.275,0.103,True,True,True,IN
U_d6dcd99009,I-1,OCI,CA,BHIM,ISSUER_05,True,False,ON,2024-12-01,STD,0.208,0.018,0.373,0.032,True,True,False,IN
U_4f6d9546ca,I-1,OCI,SG,BHIM,ISSUER_03,True,True,ON,2024-12-07,STD,0.311,-0.06,0.364,0.113,False,False,True,IN
U_3eb65f1ada,I-1,FOREIGN_NATIONAL,BD,BHIM,ISSUER_07,True,True,ON,2025-11-17,ELEVATED,0.083,0.147,0.403,0.11,False,False,False,IN
U_93bf5c7d98,I-1,FOREIGN_NATIONAL,FR,PHONEPE,ISSUER_02,True,True,ON,2025-04-26,STD,0.236,0.283,0.246,0.102,True,True,False,IN
U_1246b2d186,I-3,NRI,IN,BHIM,ISSUER_08,False,True,ON,2025-03-31,STD,0.4,-0.035,0.845,-0.105,False,True,True,IN
U_cfa019912e,I-2,FOREIGN_NATIONAL,AE,BHIM,ISSUER_08,False,True,ON,2025-01-22,STD,0.51,0.082,0.45,0.202,True,True,False,IN
U_f9cd8db1a9,I-3,NRI,IN,GPAY,ISSUER_03,True,False,ON,2026-03-20,STD,0.231,0.299,0.232,-0.079,False,True,False,IN
U_0908dff2a3,I-1,OCI,US,PHONEPE,ISSUER_02,True,True,ON,2026-03-01,STD,0.768,0.021,0.503,-0.15,True,True,True,IN
U_bc1284cc27,I-3,NRI,IN,GPAY,ISSUER_11,True,True,ON,2025-04-09,STD,0.878,0.347,0.269,-0.081,True,True,False,IN
U_cd8028d166,I-1,FOREIGN_NATIONAL,DE,BHIM,ISSUER_01,True,True,ON,2026-07-16,STD,0.368,0.106,0.291,0.237,True,True,False,IN
U_3c4c2749d6,I-1,FOREIGN_NATIONAL,BD,GPAY,ISSUER_01,True,True,ON,2025-08-24,STD,0.814,0.156,0.238,-0.15,True,True,False,IN
U_5d8f3324a4,I-3,NRI,IN,BHIM,ISSUER_11,True,True,ON,2026-03-01,STD,0.57,0.125,0.174,0.219,False,True,True,IN
U_b92976fbd4,I-3,NRI,IN,GPAY,ISSUER_02,True,True,ON,2025-10-14,STD,0.827,-0.078,0.258,0.038,True,True,True,IN
U_1fa454444d,I-3,NRI,IN,BHIM,ISSUER_07,True,True,ON,2025-08-30,STD,0.446,0.131,0.213,-0.077,True,False,False,IN
U_06fd77fa90,I-1,FOREIGN_NATIONAL,AE,GPAY,ISSUER_03,True,True,ON,2025-04-18,STD,0.554,0.054,0.53,-0.117,False,False,True,IN
U_cbc38c3be7,I-1,OCI,REST,GPAY,ISSUER_07,True,True,ON,2024-11-27,STD,0.494,0.255,0.217,-0.06,True,True,False,IN
U_ed1ef7c279,I-1,OCI,AE,BHIM,ISSUER_03,False,True,ON,2025-12-17,STD,0.206,-0.229,0.235,-0.15,True,True,False,IN
U_b5f0fa0e0b,I-1,FOREIGN_NATIONAL,AU,PHONEPE,ISSUER_08,True,True,ON,2026-04-16,STD,0.549,-0.09,0.234,-0.088,True,True,False,IN
U_c6e6c72008,I-2,FOREIGN_NATIONAL,BD,GPAY,ISSUER_02,True,True,ON,2026-06-30,STD,0.7,0.22,0.325,-0.15,True,False,False,IN
U_4780ed9c57,I-2,OCI,REST,GPAY,ISSUER_11,True,True,ON,2025-10-14,STD,0.532,0.022,0.121,-0.035,True,True,True,IN
U_6285890c8f,I-3,NRI,IN,PHONEPE,ISSUER_03,True,True,ON,2025-12-11,STD,0.512,-0.236,0.251,0.057,True,True,True,IN
U_60d7542665,I-1,OCI,REST,PHONEPE,ISSUER_05,True,True,ON,2026-02-09,STD,0.988,0.004,0.236,0.092,False,False,True,IN
U_baece7cf3c,I-3,NRI,IN,PHONEPE,ISSUER_03,True,True,ON,2026-04-19,STD,0.435,0.434,0.071,-0.06,True,False,True,IN
U_d831c49fc3,I-1,FOREIGN_NATIONAL,NP,BHIM,ISSUER_10,True,True,ON,2025-04-15,STD,0.781,0.124,0.126,-0.041,False,True,True,IN
U_5d7bf18196,I-3,NRI,IN,BHIM,ISSUER_05,True,True,ON,2026-04-13,STD,0.592,0.02,0.228,0.207,True,False,False,IN
U_125b481fb6,I-3,NRI,IN,PHONEPE,ISSUER_03,True,True,ON,2024-09-29,STD,0.867,0.025,0.163,0.059,True,True,True,IN
U_94bfa3445e,I-4,FOREIGN_NATIONAL,GB,GPAY,ISSUER_05,True,True,ON,2024-08-23,STD,0.232,0.308,0.164,-0.024,True,False,False,IN
U_dd3142c05d,I-3,NRI,IN,GPAY,ISSUER_01,True,True,ON,2024-09-10,STD,0.361,0.205,0.464,-0.15,True,False,True,IN
U_f2ca6bf1c6,I-1,FOREIGN_NATIONAL,US,GPAY,ISSUER_06,True,True,ON,2025-02-09,STD,0.829,0.369,0.161,0.197,False,False,False,IN
U_891dce48d6,I-1,FOREIGN_NATIONAL,MY,BHIM,ISSUER_05,True,True,ON,2025-09-01,STD,0.722,-0.017,0.545,0.027,True,False,False,IN
U_f11a007faa,I-1,FOREIGN_NATIONAL,REST,GPAY,ISSUER_11,False,True,ON,2024-12-19,STD,0.17,-0.071,0.608,0.045,False,True,True,IN
U_9a0029c031,I-1,OCI,REST,GPAY,ISSUER_02,True,False,ON,2025-07-02,STD,0.443,0.31,0.277,-0.089,True,False,False,IN
U_d627241936,I-1,FOREIGN_NATIONAL,US,GPAY,ISSUER_08,True,True,ON,2025-09-06,STD,0.853,0.115,0.22,-0.007,True,True,True,IN
U_5f12e69430,I-1,FOREIGN_NATIONAL,REST,GPAY,ISSUER_08,True,True,ON,2025-11-10,ELEVATED,0.616,-0.107,0.545,-0.068,True,True,False,IN
U_3752645785,I-3,NRI,IN,GPAY,ISSUER_11,True,False,ON,2025-06-12,STD,0.243,0.048,0.172,0.015,False,False,False,IN
U_c25d40e4f0,I-3,NRI,IN,GPAY,ISSUER_03,False,True,ON,2026-06-25,STD,0.715,-0.091,0.753,-0.084,True,False,True,IN
U_69addf7409,I-1,FOREIGN_NATIONAL,FR,PHONEPE,ISSUER_08,True,False,ON,2025-01-22,STD,0.402,0.057,0.334,-0.062,True,False,True,IN
U_8b36b8e35c,I-4,FOREIGN_NATIONAL,AE,BHIM,ISSUER_02,True,True,ON,2025-08-01,STD,0.251,-0.016,0.449,-0.044,True,False,True,IN
U_5537f999b3,I-1,FOREIGN_NATIONAL,LK,BHIM,ISSUER_12,False,False,ON,2025-01-11,STD,0.672,0.385,0.376,-0.076,True,False,False,IN
U_64d233a1b7,I-2,FOREIGN_NATIONAL,SG,BHIM,ISSUER_08,True,True,ON,2026-06-13,STD,0.901,0.18,0.522,0.049,True,False,True,IN
U_3df4e731a2,I-1,OCI,REST,PHONEPE,ISSUER_04,False,False,ON,2025-08-19,STD,0.641,-0.053,0.434,-0.061,True,True,False,IN
U_09ada1fa0a,I-3,NRI,IN,PHONEPE,ISSUER_09,True,True,ON,2024-12-13,STD,0.772,0.246,0.14,0.082,True,True,True,IN
U_34c7c25f57,I-1,FOREIGN_NATIONAL,MY,BHIM,ISSUER_10,True,False,ON,2024-08-26,STD,0.619,0.136,0.09,0.051,True,False,False,IN
U_63e7d9c005,I-1,OCI,DE,BHIM,ISSUER_02,True,True,ON,2025-05-09,STD,0.638,0.6,0.201,0.252,False,False,False,IN
U_27c369c266,I-3,NRI,IN,GPAY,ISSUER_02,True,True,ON,2025-08-25,STD,0.332,0.254,0.325,-0.063,True,True,False,IN
U_d8975052fc,I-1,FOREIGN_NATIONAL,GB,GPAY,ISSUER_07,True,True,ON,2026-07-19,STD,0.624,0.255,0.172,-0.054,True,False,True,IN
U_c0438c1836,I-3,NRI,IN,GPAY,ISSUER_08,True,True,ON,2024-10-21,STD,0.441,0.336,0.439,-0.035,True,True,True,IN
U_4af9dd764f,I-2,FOREIGN_NATIONAL,GB,BHIM,ISSUER_11,True,False,ON,2025-06-20,STD,0.328,0.196,0.147,-0.037,False,False,False,IN
U_2f8517e417,I-1,OCI,BD,GPAY,ISSUER_02,False,False,ON,2025-05-16,STD,0.406,0.192,0.584,0.031,True,True,True,IN
U_84c2e7f9e0,I-3,NRI,IN,PHONEPE,ISSUER_11,True,True,ON,2026-06-01,STD,0.531,-0.144,0.815,-0.136,True,False,False,IN
U_51e1cf00f8,I-1,OCI,NP,BHIM,ISSUER_04,True,True,ON,2026-06-26,STD,0.516,0.371,0.366,-0.05,False,True,False,IN
U_66ea0dbbaa,I-1,OCI,REST,BHIM,ISSUER_06,True,True,ON,2025-06-13,STD,0.31,0.028,0.285,0.022,False,True,True,IN
U_9322f71635,I-1,FOREIGN_NATIONAL,REST,GPAY,ISSUER_08,True,True,ON,2026-02-27,STD,0.689,0.028,0.212,0.114,True,False,False,IN
U_b0961648fa,I-3,NRI,IN,BHIM,ISSUER_05,False,True,ON,2024-09-30,STD,0.338,-0.088,0.451,-0.147,False,False,True,IN
U_53c41cd9c3,I-1,FOREIGN_NATIONAL,NP,GPAY,ISSUER_12,True,True,ON,2025-10-25,STD,0.391,0.524,0.031,0.121,True,True,False,IN
U_01ebc694de,I-1,FOREIGN_NATIONAL,DE,PHONEPE,ISSUER_12,True,True,ON,2025-04-02,ELEVATED,0.447,-0.127,0.295,-0.058,True,True,True,IN
U_96cf409199,I-1,FOREIGN_NATIONAL,BD,GPAY,ISSUER_12,True,True,ON,2025-04-02,STD,0.205,-0.073,0.648,-0.15,False,False,True,IN
U_aba4d842d4,I-3,NRI,IN,GPAY,ISSUER_06,True,True,ON,2025-01-17,STD,0.457,0.195,0.226,0.223,False,True,True,IN
U_974603c60c,I-1,OCI,AE,BHIM,ISSUER_11,False,True,ON,2025-03-31,STD,0.28,-0.096,0.412,-0.095,False,True,False,IN
U_ae79fcb90b,I-1,FOREIGN_NATIONAL,BD,PHONEPE,ISSUER_01,True,True,ON,2025-10-13,STD,0.153,0.033,0.497,-0.129,True,True,False,IN
U_da5ea754a4,I-2,OCI,SG,BHIM,ISSUER_11,True,True,ON,2026-06-23,STD,0.659,0.052,0.213,0.256,False,True,False,IN
U_03802a0597,I-2,FOREIGN_NATIONAL,US,GPAY,ISSUER_11,True,True,ON,2025-01-12,STD,0.295,-0.265,0.445,-0.15,True,True,True,IN
U_4e57da631e,I-3,NRI,IN,BHIM,ISSUER_07,True,True,ON,2025-05-08,STD,0.697,0.039,0.208,-0.082,True,True,False,IN
U_65f05fbfd2,I-3,NRI,IN,PHONEPE,ISSUER_06,True,True,ON,2025-06-20,STD,0.018,0.205,0.21,0.174,True,True,True,IN
U_d28ce41deb,I-1,FOREIGN_NATIONAL,REST,BHIM,ISSUER_01,True,True,ON,2026-04-07,STD,0.179,0.242,0.242,0.258,True,False,True,IN
U_e969c297d4,I-1,OCI,BD,PHONEPE,ISSUER_03,True,True,ON,2026-06-14,STD,0.582,0.178,0.231,0.263,False,True,False,IN
U_3bfa41c4b7,I-1,FOREIGN_NATIONAL,BD,GPAY,ISSUER_05,False,True,ON,2025-06-12,STD,0.687,0.038,0.241,-0.15,False,False,False,IN
U_e5db5209a7,I-3,NRI,IN,PHONEPE,ISSUER_09,True,True,ON,2025-03-18,STD,0.523,0.023,0.205,-0.028,True,True,False,IN
U_4ccb99d037,I-1,FOREIGN_NATIONAL,DE,PHONEPE,ISSUER_03,True,True,ON,2025-02-12,STD,0.261,0.284,0.56,0.025,True,True,False,IN
U_5e997bce5d,I-1,OCI,REST,GPAY,ISSUER_01,True,True,ON,2025-11-09,STD,0.072,0.079,0.167,0.022,False,False,False,IN
U_9bb1affc3c,I-1,FOREIGN_NATIONAL,BD,GPAY,ISSUER_06,False,True,ON,2024-11-30,STD,0.568,-0.123,0.468,-0.119,True,True,True,IN
U_1954e1310d,I-1,FOREIGN_NATIONAL,BD,BHIM,ISSUER_07,True,True,ON,2024-09-04,STD,0.938,0.197,0.32,0.232,True,False,False,IN
U_e6233b3140,I-4,FOREIGN_NATIONAL,MY,GPAY,ISSUER_03,True,True,ON,2024-09-03,STD,0.106,0.041,0.237,0.195,True,False,False,IN
U_a420178e71,I-1,OCI,CA,BHIM,ISSUER_01,True,True,ON,2026-07-27,STD,0.721,-0.31,0.231,0.05,False,False,False,IN
U_e34f3ac711,I-3,NRI,IN,BHIM,ISSUER_04,True,True,ON,2025-11-26,STD,0.367,0.187,0.293,0.228,False,False,False,IN
U_db75d905be,I-3,NRI,IN,PHONEPE,ISSUER_03,True,True,ON,2025-09-24,STD,0.776,-0.101,0.19,-0.15,True,True,True,IN
U_664b8bf6c4,I-3,NRI,IN,BHIM,ISSUER_06,False,True,ON,2025-04-21,STD,0.439,0.185,0.414,-0.072,False,False,False,IN
U_9eb0990b28,I-2,OCI,US,PHONEPE,ISSUER_06,True,True,ON,2026-07-26,STD,0.969,-0.279,0.71,0.064,True,False,True,IN
U_8e821413c1,I-3,NRI,IN,BHIM,ISSUER_07,True,True,ON,2025-08-12,STD,0.363,-0.042,0.417,-0.15,True,True,False,IN
U_c84db8599c,I-3,NRI,IN,BHIM,ISSUER_01,True,True,ON,2024-11-03,STD,0.631,0.048,0.287,0.203,True,True,True,IN
U_c6386d04c5,I-1,OCI,CA,GPAY,ISSUER_09,True,True,ON,2025-11-19,STD,0.574,0.028,0.331,-0.025,True,False,False,IN
U_29828fd65a,I-4,FOREIGN_NATIONAL,US,GPAY,ISSUER_01,True,True,ON,2025-04-20,STD,0.574,-0.122,0.36,0.131,True,False,False,IN
U_6962825919,I-1,OCI,REST,PHONEPE,ISSUER_05,False,True,ON,2025-11-28,STD,0.377,0.01,0.123,0.196,True,False,False,IN
U_a6139081a5,I-1,FOREIGN_NATIONAL,REST,GPAY,ISSUER_06,True,True,ON,2026-01-06,STD,0.478,-0.034,0.615,-0.15,True,True,False,IN
U_65b66aaf14,I-1,FOREIGN_NATIONAL,US,BHIM,ISSUER_02,True,True,ON,2026-05-29,STD,0.916,-0.103,0.493,-0.15,True,True,False,IN
U_73af6a1cba,I-3,NRI,IN,PHONEPE,ISSUER_07,True,True,ON,2025-06-06,STD,0.248,-0.216,0.95,-0.15,True,True,False,IN
U_0abbff8a63,I-3,NRI,IN,PHONEPE,ISSUER_09,True,True,ON,2025-09-26,STD,0.518,0.104,0.229,0.199,True,True,False,IN
U_2344e51c05,I-1,OCI,BD,BHIM,ISSUER_08,False,True,ON,2026-01-25,STD,0.639,0.095,0.146,0.05,False,False,True,IN
U_eb0d670da6,I-3,NRI,IN,PHONEPE,ISSUER_10,True,True,ON,2026-07-30,STD,0.598,0.275,0.325,0.125,True,True,False,IN
U_0f7931d505,I-1,OCI,AE,BHIM,ISSUER_09,False,True,ON,2025-10-31,STD,0.791,-0.025,0.181,-0.028,True,True,False,IN
U_95bde1840f,I-3,NRI,IN,GPAY,ISSUER_05,False,True,ON,2024-12-12,STD,0.9,0.236,0.129,0.083,True,True,True,IN
U_da5b2942c4,I-1,OCI,US,GPAY,ISSUER_02,True,True,ON,2026-06-17,ELEVATED,0.344,0.045,0.115,0.124,False,True,False,IN
U_5620654fb5,I-1,FOREIGN_NATIONAL,REST,GPAY,ISSUER_08,True,True,ON,2026-07-30,STD,0.35,0.207,0.219,0.199,False,True,False,IN
U_7fe779fe72,I-1,OCI,REST,PHONEPE,ISSUER_06,True,True,ON,2025-03-22,STD,0.537,0.096,0.33,0.181,True,True,True,IN
U_5519906316,I-4,FOREIGN_NATIONAL,GB,BHIM,ISSUER_05,True,False,ON,2024-08-18,STD,0.029,0.224,0.147,-0.046,True,False,False,IN
U_c60e77409c,I-3,NRI,IN,GPAY,ISSUER_04,False,True,ON,2025-01-16,STD,0.868,0.042,0.052,0.167,True,True,False,IN
U_26820a7c41,I-3,NRI,IN,PHONEPE,ISSUER_04,False,True,ON,2024-09-06,STD,0.183,-0.163,0.308,0.022,True,False,True,IN
U_5a63640718,I-4,FOREIGN_NATIONAL,REST,BHIM,ISSUER_03,True,True,ON,2026-06-18,STD,0.383,0.452,0.276,0.019,False,False,False,IN
U_b0dd43469a,I-4,OCI,REST,PHONEPE,ISSUER_08,True,True,ON,2025-04-19,STD,0.791,-0.116,0.092,0.029,True,True,True,IN
U_cdb232a178,I-2,OCI,GB,GPAY,ISSUER_02,True,True,ON,2025-11-09,STD,0.352,0.189,0.054,0.032,True,False,True,IN
U_ac6cff1f0c,I-1,FOREIGN_NATIONAL,US,GPAY,ISSUER_09,True,True,ON,2026-05-21,STD,0.701,0.265,0.289,-0.066,True,True,False,IN
U_a8430b8fc2,I-1,FOREIGN_NATIONAL,SG,GPAY,ISSUER_08,True,True,ON,2025-03-09,STD,0.68,0.112,0.212,0.012,True,True,True,IN
U_4c17fcd96a,I-1,FOREIGN_NATIONAL,AE,PHONEPE,ISSUER_06,False,True,ON,2025-08-15,STD,0.349,0.6,0.185,0.022,True,True,True,IN
U_c7549ab31e,I-1,FOREIGN_NATIONAL,US,PHONEPE,ISSUER_02,True,True,ON,2025-05-26,STD,0.259,0.283,0.403,0.004,True,True,True,IN
U_ade0efd87f,I-3,NRI,IN,GPAY,ISSUER_06,True,True,ON,2025-09-02,STD,0.829,0.496,0.203,-0.15,True,False,True,IN
U_4e03babc16,I-4,OCI,BD,GPAY,ISSUER_05,True,True,ON,2025-05-27,STD,0.302,0.399,0.115,0.129,True,True,False,IN
U_9b20abae92,I-1,FOREIGN_NATIONAL,DE,PHONEPE,ISSUER_11,True,True,ON,2024-09-21,STD,0.783,0.156,0.369,0.017,True,True,False,IN
U_d52d23d95e,I-1,FOREIGN_NATIONAL,AE,GPAY,ISSUER_04,True,True,ON,2024-09-10,STD,0.939,0.323,0.222,-0.103,False,True,False,IN
U_60bdae566d,I-1,FOREIGN_NATIONAL,AE,GPAY,ISSUER_10,False,True,ON,2024-11-25,ELEVATED,0.736,0.153,0.529,0.302,False,True,True,IN
U_7bff13a45f,I-4,OCI,FR,BHIM,ISSUER_08,True,True,ON,2026-06-28,STD,0.448,0.065,0.057,0.128,True,False,False,IN
U_a868d00f0d,I-1,FOREIGN_NATIONAL,SG,BHIM,ISSUER_09,True,False,ON,2024-11-03,STD,0.113,-0.08,0.358,0.231,False,True,False,IN
U_219f341b39,I-1,OCI,REST,GPAY,ISSUER_11,True,True,ON,2025-10-05,STD,0.187,0.342,0.206,0.116,True,True,True,IN
U_34a194ed0d,I-3,NRI,IN,BHIM,ISSUER_10,True,True,ON,2026-04-14,STD,0.618,-0.021,0.377,0.007,False,False,False,IN
U_adf4f0b5fb,I-3,NRI,IN,GPAY,ISSUER_02,True,True,ON,2026-07-31,STD,0.333,-0.149,0.465,-0.112,False,False,True,IN
U_3b00602e41,I-1,FOREIGN_NATIONAL,MY,BHIM,ISSUER_03,True,True,ON,2025-06-21,STD,0.286,-0.115,0.399,-0.15,True,False,True,IN
U_8600f69cf0,I-1,FOREIGN_NATIONAL,BD,GPAY,ISSUER_05,True,False,ON,2026-04-15,STD,0.533,0.2,0.091,0.145,True,True,False,IN
U_29a5304743,I-1,OCI,SG,PHONEPE,ISSUER_12,True,True,ON,2025-03-13,STD,0.946,0.302,0.352,0.138,False,False,True,IN
U_779612b3e1,I-1,FOREIGN_NATIONAL,GB,GPAY,ISSUER_10,True,True,ON,2025-07-23,STD,0.331,0.255,0.238,0.2,True,False,False,IN
U_254b9a2c84,I-3,NRI,IN,BHIM,ISSUER_02,True,True,ON,2025-06-18,STD,0.558,-0.254,0.462,0.009,True,False,True,IN
U_557db22316,I-4,OCI,REST,BHIM,ISSUER_03,True,True,ON,2025-11-04,STD,0.136,0.13,0.233,0.45,True,True,True,IN
U_024cd5005a,I-3,NRI,IN,BHIM,ISSUER_05,True,True,ON,2025-02-18,STD,0.691,-0.197,0.629,-0.022,False,False,True,IN
U_fd4df7a0b6,I-2,FOREIGN_NATIONAL,GB,BHIM,ISSUER_03,True,True,ON,2024-09-03,STD,0.248,0.008,0.274,0.015,True,True,False,IN
U_3571e6cc7a,I-3,NRI,IN,GPAY,ISSUER_12,True,True,ON,2026-02-13,STD,0.376,-0.045,0.353,-0.104,True,True,False,IN
U_3beae65726,I-3,NRI,IN,GPAY,ISSUER_10,True,True,ON,2025-12-07,STD,0.383,0.209,0.256,-0.02,False,True,False,IN
U_2a96cbf488,I-1,FOREIGN_NATIONAL,LK,GPAY,ISSUER_06,True,True,ON,2026-05-22,STD,0.072,0.432,0.133,0.015,True,True,False,IN
U_c97709a274,I-1,OCI,REST,BHIM,ISSUER_08,True,True,ON,2025-01-10,STD,0.269,-0.175,0.215,0.021,True,False,False,IN
U_ec83d30584,I-3,NRI,IN,GPAY,ISSUER_08,False,False,ON,2025-04-17,STD,0.167,0.395,0.545,0.015,True,False,False,IN
U_d0de6557b9,I-1,OCI,REST,BHIM,ISSUER_12,True,True,ON,2026-06-25,STD,0.888,0.465,0.425,-0.047,True,True,False,IN
U_8a5c3917bb,I-1,FOREIGN_NATIONAL,US,PHONEPE,ISSUER_08,True,True,ON,2024-10-20,STD,0.686,-0.4,0.516,-0.115,True,False,True,IN
U_f68a041e4c,I-2,FOREIGN_NATIONAL,BD,PHONEPE,ISSUER_07,False,True,ON,2024-12-30,STD,0.361,0.112,0.169,-0.067,True,False,True,IN
U_415cae3184,I-4,OCI,REST,BHIM,ISSUER_12,True,True,ON,2025-06-25,STD,0.954,0.456,0.223,-0.042,False,True,True,IN
U_95767d0a1e,I-1,FOREIGN_NATIONAL,CA,BHIM,ISSUER_10,False,True,ON,2026-06-02,STD,0.682,-0.02,0.744,-0.15,True,True,True,IN
U_d20ff585df,I-4,OCI,US,BHIM,ISSUER_03,True,True,ON,2025-10-10,STD,0.544,-0.055,0.654,-0.149,True,True,False,IN
U_cfdbc50557,I-1,FOREIGN_NATIONAL,US,PHONEPE,ISSUER_03,True,False,ON,2025-07-20,STD,0.322,0.599,0.478,0.029,True,True,True,IN
U_a3222c5b80,I-3,NRI,IN,BHIM,ISSUER_11,False,True,ON,2026-01-15,STD,0.44,0.171,0.417,-0.075,True,False,True,IN
U_dd81c50dc8,I-1,OCI,NP,BHIM,ISSUER_07,True,True,ON,2025-08-20,STD,0.735,0.28,0.381,-0.041,True,False,False,IN
U_758d0ac0a1,I-1,FOREIGN_NATIONAL,US,PHONEPE,ISSUER_10,True,True,ON,2025-11-11,STD,0.343,0.47,0.324,-0.012,True,True,True,IN
U_70c44faed7,I-1,FOREIGN_NATIONAL,DE,PHONEPE,ISSUER_10,False,True,ON,2025-02-04,ELEVATED,0.232,0.271,0.259,-0.11,True,False,True,IN
U_76a8b2c5ec,I-3,NRI,IN,GPAY,ISSUER_08,True,True,ON,2025-12-22,RESTRICTED,0.703,0.171,0.325,0.136,True,True,False,IN
U_654e19f018,I-1,FOREIGN_NATIONAL,CA,BHIM,ISSUER_09,True,True,ON,2025-05-16,STD,0.083,0.021,0.368,-0.01,True,True,False,IN
U_5417e4040e,I-1,FOREIGN_NATIONAL,GB,BHIM,ISSUER_11,False,False,ON,2026-01-29,STD,0.288,0.435,0.149,0.059,False,True,True,IN
U_8abc2fab8f,I-2,FOREIGN_NATIONAL,AU,PHONEPE,ISSUER_10,True,False,ON,2025-06-26,STD,0.29,0.064,0.513,-0.15,False,False,True,IN
U_7d8fbd2a7f,I-2,FOREIGN_NATIONAL,AE,PHONEPE,ISSUER_01,True,True,ON,2024-12-14,STD,0.466,0.597,0.452,0.036,True,True,False,IN
U_e296d4800d,I-3,NRI,IN,BHIM,ISSUER_09,True,False,ON,2025-09-11,STD,0.489,-0.159,0.744,0.16,True,False,True,IN
U_89d50300c0,I-3,NRI,IN,PHONEPE,ISSUER_02,True,True,ON,2025-04-22,STD,0.164,0.338,0.173,-0.095,True,True,False,IN
U_256cada58f,I-4,OCI,REST,BHIM,ISSUER_08,True,True,ON,2024-10-03,STD,0.764,-0.317,0.752,-0.004,True,False,True,IN
U_1b755f266a,I-3,NRI,IN,BHIM,ISSUER_05,True,True,ON,2026-07-03,STD,0.383,0.001,0.458,-0.138,True,True,True,IN
U_6b7b43ae9b,I-3,NRI,IN,GPAY,ISSUER_05,True,True,ON,2026-01-27,STD,0.329,0.254,0.428,-0.15,False,False,False,IN
U_7e618879e0,I-1,FOREIGN_NATIONAL,BD,BHIM,ISSUER_03,False,True,ON,2025-11-16,ELEVATED,0.407,0.034,0.108,0.343,True,True,False,IN
U_712fbef1b1,I-1,FOREIGN_NATIONAL,REST,BHIM,ISSUER_04,True,True,ON,2026-01-02,STD,0.515,-0.288,0.244,0.063,True,True,False,IN
U_87e58f9472,I-1,OCI,REST,BHIM,ISSUER_02,True,True,ON,2024-11-02,STD,0.786,0.6,0.294,0.094,True,True,False,IN
U_5d73f478f1,I-2,OCI,GB,GPAY,ISSUER_04,True,True,ON,2026-05-01,STD,0.097,0.354,0.224,0.202,False,True,False,IN
U_c09e012b09,I-1,FOREIGN_NATIONAL,DE,BHIM,ISSUER_06,False,True,ON,2025-06-18,STD,0.489,0.265,0.117,-0.015,True,False,False,IN
U_5a42185060,I-4,FOREIGN_NATIONAL,BD,PHONEPE,ISSUER_11,True,True,ON,2025-02-17,STD,0.343,0.285,0.66,-0.114,False,False,True,IN
U_15d96b4cc1,I-3,NRI,IN,BHIM,ISSUER_01,True,True,ON,2024-09-18,STD,0.644,-0.247,0.528,0.012,False,True,False,IN
U_b85a98922c,I-3,NRI,IN,GPAY,ISSUER_06,True,True,ON,2025-10-16,STD,0.444,-0.039,0.401,-0.137,False,True,True,IN
U_abb01f5f61,I-1,OCI,BD,GPAY,ISSUER_11,False,True,ON,2026-01-27,STD,0.478,0.131,0.183,0.163,True,True,False,IN
U_6e54119148,I-1,FOREIGN_NATIONAL,GB,GPAY,ISSUER_06,False,True,ON,2025-10-18,STD,0.429,0.154,0.298,-0.114,True,False,False,IN
U_a756a6ea93,I-1,FOREIGN_NATIONAL,REST,BHIM,ISSUER_06,False,False,ON,2024-09-30,STD,0.475,0.078,0.043,0.202,True,True,False,IN
U_bfd58f8812,I-1,FOREIGN_NATIONAL,REST,BHIM,ISSUER_10,True,False,ON,2024-10-14,STD,0.57,0.275,0.329,-0.05,True,False,True,IN
U_a85edcc9e9,I-1,OCI,BD,PHONEPE,ISSUER_08,True,True,ON,2025-01-13,STD,0.211,-0.063,0.571,0.133,True,True,False,IN
U_b8be9c0578,I-3,NRI,IN,BHIM,ISSUER_07,True,True,ON,2026-03-03,STD,0.317,0.241,0.287,0.225,True,False,False,IN
U_fa289e0abe,I-3,NRI,IN,GPAY,ISSUER_11,False,True,ON,2025-09-13,STD,0.472,-0.324,0.276,0.059,True,False,True,IN
U_a21a496aa2,I-3,NRI,IN,PHONEPE,ISSUER_07,False,True,ON,2026-02-07,STD,0.091,-0.118,0.304,-0.019,False,True,False,IN
U_dac5b0bdd3,I-1,FOREIGN_NATIONAL,CA,PHONEPE,ISSUER_11,True,True,ON,2026-04-29,STD,0.552,-0.063,0.216,-0.15,True,False,True,IN
U_76fc19638d,I-3,NRI,IN,PHONEPE,ISSUER_12,True,True,ON,2025-10-29,STD,0.666,0.188,0.195,0.076,True,False,True,IN
U_ead4c766cf,I-1,FOREIGN_NATIONAL,AE,BHIM,ISSUER_01,True,False,ON,2024-12-31,STD,0.502,0.308,0.465,0.117,True,True,True,IN
U_a19be03dfb,I-1,FOREIGN_NATIONAL,CA,PHONEPE,ISSUER_07,False,True,ON,2026-03-19,STD,0.929,0.258,0.671,-0.124,True,False,True,IN
U_31ee18755f,I-3,NRI,IN,BHIM,ISSUER_12,False,True,ON,2025-01-27,STD,0.803,0.092,0.112,0.185,False,True,True,IN
U_a117d06650,I-3,NRI,IN,GPAY,ISSUER_06,True,True,ON,2025-08-10,STD,0.34,0.292,0.154,0.018,True,True,False,IN
U_7589b94041,I-3,NRI,IN,BHIM,ISSUER_06,True,True,ON,2024-12-11,STD,0.141,0.376,0.503,-0.15,False,True,False,IN
U_bdf7d708df,I-1,FOREIGN_NATIONAL,SG,BHIM,ISSUER_11,True,True,ON,2026-03-28,STD,0.451,-0.388,0.582,-0.107,True,False,True,IN
U_dfc9bf99ab,I-3,NRI,IN,GPAY,ISSUER_02,True,True,ON,2024-09-11,STD,0.917,-0.08,0.95,-0.099,True,True,True,IN
U_95f5f0b30f,I-1,FOREIGN_NATIONAL,REST,BHIM,ISSUER_03,True,True,ON,2024-09-02,STD,0.165,0.171,0.106,0.401,True,True,True,IN
U_ea66efcc87,I-1,OCI,DE,GPAY,ISSUER_06,False,True,ON,2024-10-22,STD,0.794,0.122,0.258,-0.149,True,False,True,IN
U_fbffa8ac6c,I-2,FOREIGN_NATIONAL,US,PHONEPE,ISSUER_04,False,True,ON,2025-05-24,STD,0.177,-0.216,0.449,-0.15,True,True,False,IN
U_3cb065ae7d,I-1,OCI,US,BHIM,ISSUER_12,True,True,ON,2026-04-30,STD,0.715,0.522,0.162,0.323,True,True,False,IN
U_63821ddeea,I-3,NRI,IN,PHONEPE,ISSUER_10,True,False,ON,2024-09-29,STD,0.638,0.044,0.128,0.21,True,True,True,IN
U_95d68f5bf2,I-1,FOREIGN_NATIONAL,US,GPAY,ISSUER_02,True,True,ON,2024-10-05,STD,0.664,0.006,0.067,0.236,False,True,False,IN
U_bb0f74d19c,I-4,OCI,REST,BHIM,ISSUER_05,True,False,ON,2026-02-06,STD,0.196,0.139,0.018,0.208,True,True,True,IN
U_4c6b915aef,I-3,NRI,IN,GPAY,ISSUER_07,True,True,ON,2025-06-15,STD,0.454,-0.088,0.808,-0.098,True,True,True,IN
U_07fe4fd04b,I-1,OCI,GB,BHIM,ISSUER_08,True,False,ON,2025-04-25,STD,0.789,-0.277,0.441,0.139,True,False,True,IN
U_4e19d062f2,I-1,OCI,US,GPAY,ISSUER_02,True,False,ON,2026-05-17,ELEVATED,0.67,0.161,0.112,-0.075,True,True,True,IN
U_e827197530,I-1,OCI,AE,BHIM,ISSUER_09,True,True,ON,2026-04-20,STD,0.686,0.056,0.189,-0.053,True,True,True,IN
U_097064a047,I-3,NRI,IN,BHIM,ISSUER_01,True,True,ON,2024-11-08,STD,0.342,0.346,0.413,0.014,False,True,False,IN
U_4f6aef0be3,I-1,FOREIGN_NATIONAL,CA,BHIM,ISSUER_08,True,True,ON,2025-11-01,RESTRICTED,0.874,-0.128,0.655,-0.15,True,False,True,IN
U_f8884faf71,I-1,FOREIGN_NATIONAL,REST,GPAY,ISSUER_09,True,True,ON,2025-04-17,STD,0.16,0.029,0.029,0.091,True,False,True,IN
U_f52b024c25,I-1,OCI,US,GPAY,ISSUER_03,True,False,ON,2024-08-22,STD,0.183,-0.091,0.23,0.094,False,False,True,IN
U_f318465535,I-1,OCI,US,GPAY,ISSUER_11,True,False,ON,2026-05-16,STD,0.9,0.378,0.376,0.252,True,True,False,IN
U_7f1828c813,I-1,FOREIGN_NATIONAL,CA,PHONEPE,ISSUER_06,True,False,ON,2025-03-20,ELEVATED,0.589,0.3,0.089,0.164,True,True,False,IN
U_b5eba49157,I-1,FOREIGN_NATIONAL,CA,GPAY,ISSUER_04,True,False,ON,2026-04-10,STD,0.638,-0.072,0.232,0.289,True,True,True,IN
U_e00558456a,I-2,FOREIGN_NATIONAL,NP,BHIM,ISSUER_03,False,True,ON,2025-10-30,STD,0.428,0.155,0.086,0.123,False,False,True,IN
U_5ae85a4927,I-1,OCI,US,PHONEPE,ISSUER_05,False,True,ON,2026-06-07,STD,0.561,0.329,0.085,0.257,True,False,False,IN
U_f119174541,I-1,FOREIGN_NATIONAL,FR,PHONEPE,ISSUER_04,True,True,ON,2025-10-30,STD,0.596,-0.216,0.785,0.009,True,False,False,IN
U_936ccb8b05,I-1,FOREIGN_NATIONAL,CA,BHIM,ISSUER_04,True,True,ON,2025-12-13,STD,0.611,0.125,0.468,0.03,True,False,False,IN
U_6e9cb6d719,I-3,NRI,IN,GPAY,ISSUER_02,True,True,ON,2025-09-04,STD,0.756,0.062,0.299,-0.15,True,True,False,IN
U_f977e580b7,I-3,NRI,IN,GPAY,ISSUER_01,False,False,ON,2025-05-16,STD,0.392,0.477,0.278,-0.076,True,False,False,IN
U_63d2c50ac7,I-1,FOREIGN_NATIONAL,BD,PHONEPE,ISSUER_02,True,True,ON,2026-02-06,STD,0.819,-0.221,0.676,-0.15,True,True,True,IN
U_2e931d8bc3,I-3,NRI,IN,PHONEPE,ISSUER_06,False,True,ON,2025-02-23,STD,0.401,-0.113,0.352,0.097,False,False,False,IN
U_f4eb731e22,I-4,FOREIGN_NATIONAL,BD,BHIM,ISSUER_06,False,True,ON,2025-07-12,STD,0.153,0.11,0.287,0.03,True,False,True,IN
U_927203cfee,I-3,NRI,IN,PHONEPE,ISSUER_07,True,True,ON,2026-02-06,STD,0.293,0.434,0.548,0.056,True,False,True,IN
U_deb8f1046f,I-1,FOREIGN_NATIONAL,US,PHONEPE,ISSUER_09,True,True,ON,2026-06-27,STD,0.308,0.368,0.348,0.043,False,False,True,IN
U_9699fa7545,I-3,NRI,IN,PHONEPE,ISSUER_07,True,True,ON,2025-10-13,STD,0.512,0.078,0.349,-0.082,True,True,False,IN
U_fdc1d8fcde,I-3,NRI,IN,PHONEPE,ISSUER_06,True,True,ON,2026-05-21,STD,0.336,-0.0,0.582,0.035,True,True,False,IN
U_7b338616c8,I-3,NRI,IN,BHIM,ISSUER_07,True,True,ON,2024-09-05,STD,0.208,-0.158,0.391,0.158,False,True,True,IN
U_e09a1c8473,I-3,NRI,IN,GPAY,ISSUER_06,False,True,ON,2026-05-04,STD,0.752,0.085,0.046,0.308,True,False,True,IN
U_e265908e37,I-1,FOREIGN_NATIONAL,BD,GPAY,ISSUER_01,True,False,ON,2025-06-07,STD,0.699,-0.296,0.449,0.066,False,False,True,IN
U_4a6af612f7,I-3,NRI,IN,PHONEPE,ISSUER_05,True,True,ON,2024-08-28,STD,0.547,-0.192,0.449,-0.035,False,True,False,IN
U_6457222e23,I-4,FOREIGN_NATIONAL,BD,GPAY,ISSUER_02,False,True,ON,2024-10-25,RESTRICTED,0.688,-0.368,0.444,-0.15,True,True,False,IN
U_309a406936,I-3,NRI,IN,PHONEPE,ISSUER_09,True,True,ON,2024-08-14,STD,0.562,0.221,0.187,0.02,True,True,True,IN
U_9a3ccea822,I-3,NRI,IN,PHONEPE,ISSUER_06,True,True,ON,2024-10-15,STD,0.336,0.183,0.314,-0.031,True,True,True,IN
U_cda066b104,I-2,FOREIGN_NATIONAL,FR,BHIM,ISSUER_12,True,True,ON,2026-01-25,STD,0.17,0.27,0.203,0.156,True,True,False,IN
U_b4f74d69ac,I-3,NRI,IN,PHONEPE,ISSUER_10,False,True,ON,2025-07-30,STD,0.85,-0.14,0.243,-0.15,True,False,True,IN
U_6325fbaf4c,I-1,FOREIGN_NATIONAL,CA,BHIM,ISSUER_12,True,True,ON,2026-06-29,STD,0.687,0.178,0.213,0.059,True,False,True,IN
U_14e59f02c3,I-1,OCI,US,GPAY,ISSUER_11,True,True,ON,2025-05-21,RESTRICTED,0.729,0.358,0.279,-0.108,True,False,False,IN
U_792806376e,I-3,NRI,IN,PHONEPE,ISSUER_01,True,True,ON,2025-11-18,STD,0.3,-0.15,0.122,0.271,True,True,True,IN
U_992b99f779,I-3,NRI,IN,GPAY,ISSUER_04,False,True,ON,2025-01-09,STD,0.621,0.06,0.049,0.026,True,False,False,IN
U_c3aeac86de,I-1,FOREIGN_NATIONAL,REST,PHONEPE,ISSUER_10,True,True,ON,2025-01-03,STD,0.563,-0.068,0.125,0.213,True,False,True,IN
U_8b8ee9f4fc,I-3,NRI,IN,PHONEPE,ISSUER_03,True,False,ON,2025-08-29,STD,0.751,-0.112,0.441,-0.15,True,True,False,IN
U_096f0caaf8,I-1,OCI,US,BHIM,ISSUER_05,True,True,ON,2025-07-20,STD,0.521,0.6,0.448,-0.102,True,False,True,IN
U_1c829ddff9,I-3,NRI,IN,BHIM,ISSUER_12,True,True,ON,2025-12-27,STD,0.346,0.063,0.203,-0.005,True,False,False,IN
U_85fd58f032,I-2,FOREIGN_NATIONAL,GB,GPAY,ISSUER_10,True,True,ON,2024-11-24,STD,0.716,0.125,0.368,-0.112,True,True,False,IN
U_c0034e1ef8,I-2,FOREIGN_NATIONAL,US,BHIM,ISSUER_02,True,False,ON,2024-12-27,STD,0.371,-0.008,0.558,0.053,True,False,False,IN
U_0bbcf1d678,I-1,OCI,REST,PHONEPE,ISSUER_05,True,True,ON,2024-10-11,STD,0.383,-0.356,0.5,-0.064,False,True,True,IN
U_6acc599c6a,I-3,NRI,IN,PHONEPE,ISSUER_12,True,True,ON,2025-12-28,STD,0.509,0.269,0.536,-0.028,True,True,False,IN
U_97c456f49a,I-4,OCI,GB,BHIM,ISSUER_11,True,True,ON,2025-07-19,STD,0.842,0.156,0.437,-0.02,True,True,True,IN
U_50027fde2f,I-1,FOREIGN_NATIONAL,BD,GPAY,ISSUER_06,True,True,ON,2025-10-20,STD,0.397,0.188,0.074,0.134,True,True,False,IN
U_07695a9fee,I-3,NRI,IN,PHONEPE,ISSUER_11,False,True,ON,2024-09-23,STD,0.434,0.477,0.61,-0.043,True,True,True,IN
U_6bd39a9b9a,I-3,NRI,IN,GPAY,ISSUER_07,True,True,ON,2026-03-27,STD,0.77,0.306,0.46,-0.06,True,True,False,IN
U_07e687b64f,I-1,FOREIGN_NATIONAL,GB,GPAY,ISSUER_10,True,True,ON,2024-08-15,STD,0.096,0.6,0.293,-0.086,True,True,True,IN
U_7bb6fd6cf8,I-1,OCI,NP,BHIM,ISSUER_12,True,True,ON,2025-10-27,STD,0.381,0.095,0.23,0.251,False,False,True,IN
U_efc93e8a4b,I-3,NRI,IN,PHONEPE,ISSUER_02,True,True,ON,2025-01-03,STD,0.373,0.317,0.196,0.289,True,True,True,IN
U_75cdb46954,I-1,FOREIGN_NATIONAL,NP,PHONEPE,ISSUER_05,False,True,ON,2025-10-02,ELEVATED,0.599,0.407,0.188,0.191,True,True,False,IN
U_65e250d2e1,I-4,OCI,GB,GPAY,ISSUER_08,True,True,ON,2025-09-23,STD,0.194,0.6,0.313,-0.15,False,True,False,IN
U_be6cabb853,I-3,NRI,IN,BHIM,ISSUER_01,True,False,ON,2024-12-20,STD,0.848,-0.282,0.397,0.117,True,True,True,IN
U_644d6d8653,I-1,OCI,BD,PHONEPE,ISSUER_09,True,True,ON,2025-07-08,STD,0.129,0.174,0.059,0.149,False,False,True,IN
U_7798edbc80,I-1,FOREIGN_NATIONAL,AE,PHONEPE,ISSUER_06,True,True,ON,2026-05-14,STD,0.369,-0.116,0.502,0.145,True,False,False,IN
U_3b164d1662,I-3,NRI,IN,BHIM,ISSUER_07,True,True,ON,2025-07-31,STD,0.88,-0.094,0.201,-0.079,True,False,True,IN
U_49a66b523d,I-3,NRI,IN,GPAY,ISSUER_02,True,True,ON,2025-05-03,STD,0.439,0.069,0.328,-0.15,True,False,False,IN
U_474cd795d8,I-1,FOREIGN_NATIONAL,FR,GPAY,ISSUER_05,True,True,ON,2025-12-04,STD,0.722,-0.056,0.287,0.106,False,True,False,IN
U_72664c1889,I-1,OCI,BD,PHONEPE,ISSUER_12,False,False,ON,2026-01-16,STD,0.444,-0.246,0.894,-0.15,True,False,True,IN
U_b8e60270e0,I-1,FOREIGN_NATIONAL,GB,PHONEPE,ISSUER_08,True,True,ON,2026-01-29,STD,0.357,0.037,0.241,-0.15,False,True,False,IN
U_b00cfcb565,I-1,FOREIGN_NATIONAL,REST,GPAY,ISSUER_09,True,True,ON,2025-08-28,STD,0.491,0.428,0.542,-0.104,True,True,False,IN
U_f53cfe4725,I-1,OCI,AU,GPAY,ISSUER_09,True,False,ON,2025-01-27,STD,0.648,0.128,0.213,-0.05,True,True,True,IN
U_56b5d55f38,I-4,FOREIGN_NATIONAL,REST,PHONEPE,ISSUER_01,False,True,ON,2025-01-21,STD,0.504,0.04,0.331,0.116,True,True,True,IN
U_7ca12a650f,I-1,FOREIGN_NATIONAL,GB,BHIM,ISSUER_01,False,False,ON,2025-02-01,STD,0.285,0.037,0.313,0.129,True,False,False,IN
U_1dad042084,I-1,FOREIGN_NATIONAL,US,GPAY,ISSUER_01,True,True,ON,2025-08-25,STD,0.743,0.314,0.34,0.141,False,True,True,IN
U_a5f613b9a7,I-2,FOREIGN_NATIONAL,CA,BHIM,ISSUER_09,True,False,ON,2026-03-19,STD,0.189,0.039,0.424,0.092,True,False,True,IN
U_cad04e04c3,I-1,OCI,REST,PHONEPE,ISSUER_06,False,True,ON,2026-03-15,STD,0.674,0.266,0.11,-0.103,True,False,False,IN
U_5291859d70,I-1,OCI,US,PHONEPE,ISSUER_08,False,True,ON,2025-05-21,STD,0.484,0.298,0.182,0.105,False,True,False,IN
U_d2cb97de6b,I-2,FOREIGN_NATIONAL,REST,PHONEPE,ISSUER_03,False,True,ON,2025-10-27,STD,0.458,-0.052,0.412,0.089,True,False,True,IN
U_4c62439215,I-4,FOREIGN_NATIONAL,CA,PHONEPE,ISSUER_10,True,True,ON,2026-04-30,STD,0.375,0.331,0.015,0.337,True,True,False,IN
U_21f90cf278,I-3,NRI,IN,BHIM,ISSUER_03,True,True,ON,2024-09-17,STD,0.523,-0.213,0.607,-0.054,True,False,False,IN
U_90597eb727,I-4,FOREIGN_NATIONAL,GB,GPAY,ISSUER_04,True,True,ON,2026-05-26,STD,0.392,0.292,0.2,-0.15,False,True,True,IN
U_62c50a3a6f,I-1,FOREIGN_NATIONAL,REST,PHONEPE,ISSUER_12,True,False,ON,2024-12-26,STD,0.76,0.223,0.249,-0.114,True,False,True,IN
U_4c31d22c04,I-1,FOREIGN_NATIONAL,CA,GPAY,ISSUER_02,True,True,ON,2024-09-23,STD,0.135,0.08,0.312,0.13,False,True,True,IN
U_c46bd8e621,I-3,NRI,IN,BHIM,ISSUER_03,True,False,ON,2025-03-12,STD,0.307,-0.171,0.198,-0.15,False,True,False,IN
U_df04568734,I-2,FOREIGN_NATIONAL,US,BHIM,ISSUER_01,False,True,ON,2025-01-30,STD,0.303,0.472,0.361,-0.15,True,True,True,IN
U_f2092415e0,I-1,FOREIGN_NATIONAL,NP,PHONEPE,ISSUER_06,False,True,ON,2026-05-03,STD,0.673,0.254,0.389,-0.15,True,True,True,IN
U_4494b07d8b,I-3,NRI,IN,PHONEPE,ISSUER_04,True,False,ON,2025-05-29,STD,0.175,0.6,0.298,0.084,True,False,True,IN
U_943f84e6aa,I-3,NRI,IN,PHONEPE,ISSUER_11,True,True,ON,2025-02-10,STD,0.473,0.147,0.512,-0.021,True,False,False,IN
U_0586e181ed,I-3,NRI,IN,BHIM,ISSUER_09,True,True,ON,2025-06-18,STD,0.377,0.056,0.082,0.221,True,True,False,IN
U_bdfc9036c2,I-1,FOREIGN_NATIONAL,US,PHONEPE,ISSUER_06,True,False,ON,2025-09-02,STD,0.658,-0.043,0.533,0.047,True,True,True,IN
U_7bc12d1b8a,I-2,FOREIGN_NATIONAL,GB,GPAY,ISSUER_09,True,True,ON,2026-05-16,STD,0.739,-0.277,0.124,0.217,False,False,True,IN
U_847b81b5b3,I-1,FOREIGN_NATIONAL,US,BHIM,ISSUER_02,True,True,ON,2024-12-07,STD,0.751,-0.172,0.24,-0.15,True,False,True,IN
U_2cd5a0e39b,I-1,FOREIGN_NATIONAL,MY,PHONEPE,ISSUER_11,False,True,ON,2025-04-28,STD,0.554,0.116,0.426,0.275,False,True,False,IN
U_c21f9f53f1,I-3,NRI,IN,BHIM,ISSUER_05,False,True,ON,2025-08-13,STD,0.774,-0.101,0.631,-0.15,True,False,False,IN
U_e02d15b613,I-4,OCI,BD,BHIM,ISSUER_04,True,True,ON,2025-04-17,ELEVATED,0.315,0.004,0.238,0.005,False,False,False,IN
U_802041a4d4,I-1,OCI,NP,GPAY,ISSUER_04,True,True,ON,2024-10-06,STD,0.484,0.39,0.292,-0.105,True,True,False,IN
U_10f01c7ded,I-3,NRI,IN,GPAY,ISSUER_12,True,False,ON,2025-10-24,STD,0.672,-0.145,0.717,-0.107,True,False,True,IN
U_2d34e57459,I-1,OCI,REST,GPAY,ISSUER_08,True,True,ON,2024-09-11,STD,0.743,0.14,0.338,0.037,True,True,False,IN
U_9b8d118f5e,I-3,NRI,IN,PHONEPE,ISSUER_01,True,True,ON,2026-04-07,STD,0.472,-0.225,0.591,-0.15,False,True,True,IN
U_1914b5aacc,I-1,FOREIGN_NATIONAL,GB,PHONEPE,ISSUER_04,True,True,ON,2024-08-30,STD,0.316,-0.109,0.11,0.054,True,False,False,IN
U_e9a925c594,I-1,OCI,CA,PHONEPE,ISSUER_04,True,True,ON,2025-03-15,STD,0.151,0.392,0.175,-0.15,True,False,False,IN
U_ba9acd1386,I-1,FOREIGN_NATIONAL,MY,PHONEPE,ISSUER_02,True,True,ON,2025-03-04,STD,0.177,0.245,0.012,0.195,True,True,False,IN
U_ac6bda3329,I-2,FOREIGN_NATIONAL,REST,GPAY,ISSUER_10,True,True,ON,2025-08-16,STD,0.332,0.225,0.072,-0.148,True,True,False,IN
U_fd68a58459,I-2,OCI,FR,GPAY,ISSUER_07,True,True,ON,2026-06-18,RESTRICTED,0.437,0.043,0.266,-0.03,False,True,False,IN
U_9adca45c50,I-1,FOREIGN_NATIONAL,NP,GPAY,ISSUER_07,True,True,ON,2026-05-18,STD,0.377,0.125,0.218,-0.083,True,True,True,IN
U_7d06007609,I-3,NRI,IN,GPAY,ISSUER_10,True,True,ON,2025-05-01,STD,0.272,0.059,0.364,0.295,False,False,False,IN
U_8813446887,I-2,OCI,GB,BHIM,ISSUER_11,True,True,ON,2025-06-22,STD,0.665,-0.116,0.292,0.069,False,True,True,IN
U_b68f8aadd3,I-1,FOREIGN_NATIONAL,REST,BHIM,ISSUER_08,True,True,ON,2025-10-31,STD,0.434,-0.001,0.25,-0.018,True,True,True,IN
U_ecfd64ec9f,I-1,FOREIGN_NATIONAL,AU,BHIM,ISSUER_11,True,True,ON,2026-01-16,STD,0.669,0.303,0.52,-0.15,True,True,True,IN
U_6dadd62084,I-2,OCI,AU,BHIM,ISSUER_01,True,True,ON,2025-07-01,RESTRICTED,0.588,0.303,0.097,-0.021,False,True,True,IN
U_3612502eab,I-1,FOREIGN_NATIONAL,DE,GPAY,ISSUER_08,False,True,ON,2026-05-03,STD,0.75,-0.163,0.366,-0.15,False,False,True,IN
U_ae3612f114,I-3,NRI,IN,BHIM,ISSUER_03,True,False,ON,2026-04-11,STD,0.226,0.382,0.36,-0.04,True,False,True,IN
U_ea40af6e45,I-4,FOREIGN_NATIONAL,AE,BHIM,ISSUER_04,True,True,ON,2024-12-14,STD,0.751,0.138,0.03,0.012,True,True,True,IN
U_3316ef96d7,I-1,OCI,SG,BHIM,ISSUER_01,False,True,ON,2025-03-30,STD,0.637,-0.078,0.586,-0.138,True,False,False,IN
U_359cb13b0f,I-1,OCI,LK,BHIM,ISSUER_12,False,False,ON,2026-04-02,STD,0.302,0.123,0.32,0.192,True,True,False,IN
U_2ddda60aa8,I-1,OCI,DE,PHONEPE,ISSUER_12,True,True,ON,2024-12-07,STD,0.411,0.235,0.455,0.186,False,False,False,IN
U_0fc04827dd,I-1,OCI,REST,PHONEPE,ISSUER_11,True,False,ON,2025-05-21,STD,0.247,0.277,0.369,0.192,True,True,False,IN
U_3bb551fe41,I-1,FOREIGN_NATIONAL,GB,GPAY,ISSUER_04,False,False,ON,2024-10-09,STD,0.676,0.292,0.265,0.085,True,True,False,IN
U_b6e86b4f13,I-3,NRI,IN,PHONEPE,ISSUER_08,True,False,ON,2025-10-25,STD,0.596,-0.035,0.521,-0.033,False,True,True,IN
U_a0a80239d8,I-1,FOREIGN_NATIONAL,US,GPAY,ISSUER_08,True,True,ON,2026-03-27,STD,0.568,0.127,0.198,-0.006,True,True,False,IN
U_286538c7a9,I-1,FOREIGN_NATIONAL,SG,PHONEPE,ISSUER_06,True,True,ON,2024-09-17,STD,0.894,0.149,0.265,0.076,True,True,False,IN
U_a270d9df65,I-1,OCI,DE,GPAY,ISSUER_04,True,True,ON,2025-12-06,STD,0.445,0.41,0.399,0.152,True,True,True,IN
U_b68e7817af,I-2,FOREIGN_NATIONAL,REST,GPAY,ISSUER_02,True,True,ON,2026-07-12,STD,0.35,-0.216,0.662,0.064,True,True,True,IN
U_a6b1d97041,I-1,FOREIGN_NATIONAL,REST,PHONEPE,ISSUER_03,True,True,ON,2026-05-03,STD,0.7,-0.159,0.768,0.018,False,True,False,IN
U_796428245e,I-1,OCI,REST,GPAY,ISSUER_09,True,True,ON,2025-07-24,STD,0.522,-0.021,0.78,-0.15,True,False,True,IN
U_e2b27a06c2,I-1,FOREIGN_NATIONAL,FR,BHIM,ISSUER_05,True,False,ON,2024-10-05,STD,0.507,-0.02,0.576,-0.048,True,False,False,IN
U_dc26978b1f,I-1,FOREIGN_NATIONAL,US,GPAY,ISSUER_05,False,True,ON,2026-02-04,STD,0.291,-0.091,0.175,0.081,False,True,False,IN
U_c4cba414ce,I-3,NRI,IN,BHIM,ISSUER_06,True,True,ON,2025-10-28,STD,0.612,-0.107,0.144,0.004,False,True,False,IN
U_013e65658e,I-1,FOREIGN_NATIONAL,REST,GPAY,ISSUER_12,True,False,ON,2026-05-21,STD,0.756,-0.094,0.738,0.019,True,True,False,IN
U_b9352414c3,I-1,FOREIGN_NATIONAL,LK,BHIM,ISSUER_07,False,True,ON,2025-11-27,STD,0.044,-0.061,0.462,0.049,True,False,False,IN
U_983d051ccd,I-1,FOREIGN_NATIONAL,MY,BHIM,ISSUER_02,False,True,ON,2025-09-25,ELEVATED,0.583,0.304,0.104,-0.141,True,False,False,IN
U_2e671f8e37,I-2,OCI,GB,BHIM,ISSUER_11,True,True,ON,2025-12-23,STD,0.925,0.377,0.62,-0.064,True,False,False,IN
U_1f0abcdf83,I-4,OCI,LK,PHONEPE,ISSUER_08,True,True,ON,2026-04-25,STD,0.144,0.18,0.092,0.45,False,False,False,IN
U_d6255fbb58,I-1,OCI,US,PHONEPE,ISSUER_10,True,True,ON,2024-11-03,STD,0.951,0.356,0.302,-0.117,True,False,False,IN
U_65edacd5b7,I-1,FOREIGN_NATIONAL,REST,GPAY,ISSUER_02,False,False,ON,2024-11-07,STD,0.525,-0.035,0.667,-0.045,True,True,False,IN
U_0abc95fbbb,I-1,FOREIGN_NATIONAL,US,GPAY,ISSUER_01,True,True,ON,2025-01-20,STD,0.871,0.364,0.201,0.156,True,True,True,IN
U_daa02e34d2,I-3,NRI,IN,GPAY,ISSUER_01,True,True,ON,2024-11-06,ELEVATED,0.465,0.6,0.31,0.186,True,True,True,IN
U_4950259669,I-1,FOREIGN_NATIONAL,AE,BHIM,ISSUER_06,False,True,ON,2026-05-07,STD,0.844,-0.22,0.234,-0.048,False,True,True,IN
U_0659cc621d,I-3,NRI,IN,BHIM,ISSUER_04,True,True,ON,2026-01-13,STD,0.492,-0.009,0.584,-0.15,False,True,False,IN
U_18e3e703c1,I-3,NRI,IN,PHONEPE,ISSUER_04,True,True,ON,2026-04-24,STD,0.628,0.163,0.532,0.022,True,False,False,IN
U_fa8fd409f2,I-1,FOREIGN_NATIONAL,US,BHIM,ISSUER_10,True,True,ON,2026-03-24,STD,0.583,0.097,0.146,-0.052,True,True,True,IN
U_fb437cfad9,I-3,NRI,IN,BHIM,ISSUER_09,True,True,ON,2026-02-06,STD,0.785,0.1,0.24,0.109,False,False,False,IN
U_783ebac4b8,I-3,NRI,IN,PHONEPE,ISSUER_10,True,True,ON,2025-12-25,STD,0.29,0.19,0.282,0.157,True,False,True,IN
U_ff90478740,I-4,OCI,NP,PHONEPE,ISSUER_10,True,True,ON,2024-11-12,STD,0.421,-0.276,0.205,-0.008,True,True,True,IN
U_34d0254019,I-1,FOREIGN_NATIONAL,LK,BHIM,ISSUER_08,True,True,ON,2026-01-13,STD,0.345,0.321,0.26,0.061,True,True,False,IN
U_b25e15e441,I-3,NRI,IN,BHIM,ISSUER_08,True,True,ON,2026-05-07,STD,0.763,0.282,0.116,0.088,True,True,False,IN
U_abbc7fc047,I-1,OCI,US,PHONEPE,ISSUER_12,True,True,ON,2024-08-24,STD,0.608,0.164,0.153,0.129,True,True,True,IN
U_727e63d918,I-1,FOREIGN_NATIONAL,GB,BHIM,ISSUER_11,True,False,ON,2024-09-11,STD,0.95,0.533,0.151,0.105,True,True,False,IN
U_cafefc196f,I-4,FOREIGN_NATIONAL,AU,BHIM,ISSUER_08,True,True,ON,2025-08-05,STD,0.912,0.168,0.102,0.202,True,True,True,IN
U_503245a8ff,I-4,FOREIGN_NATIONAL,FR,BHIM,ISSUER_08,True,True,ON,2026-02-11,STD,0.385,0.044,0.437,-0.014,False,False,False,IN
U_e20c2f496d,I-1,FOREIGN_NATIONAL,GB,BHIM,ISSUER_12,True,True,ON,2026-01-19,STD,0.185,0.281,0.418,-0.0,True,True,False,IN
U_f16200d056,I-1,FOREIGN_NATIONAL,US,BHIM,ISSUER_08,False,True,ON,2026-07-20,STD,0.226,-0.346,0.504,-0.034,True,True,True,IN
U_1b79ad13c4,I-3,NRI,IN,BHIM,ISSUER_03,True,True,ON,2026-04-25,STD,0.872,0.177,0.439,-0.077,False,True,False,IN
U_09f80f9d1f,I-3,NRI,IN,PHONEPE,ISSUER_11,True,True,ON,2025-07-29,STD,0.707,-0.211,0.628,-0.15,True,False,False,IN
U_20f66f1b2c,I-1,FOREIGN_NATIONAL,SG,GPAY,ISSUER_03,True,True,ON,2026-05-16,STD,0.164,-0.009,0.349,0.084,True,False,False,IN
U_dc6240c9f6,I-1,FOREIGN_NATIONAL,US,BHIM,ISSUER_04,True,True,ON,2026-04-05,STD,0.642,0.019,0.223,0.047,True,True,True,IN
U_13143eb226,I-1,FOREIGN_NATIONAL,AU,PHONEPE,ISSUER_07,True,True,ON,2025-01-25,ELEVATED,0.397,0.056,0.29,0.215,True,True,True,IN
U_85d01787d2,I-1,FOREIGN_NATIONAL,US,BHIM,ISSUER_07,True,True,ON,2025-12-29,STD,0.143,-0.022,0.652,-0.099,True,True,True,IN
U_60c827046e,I-3,NRI,IN,GPAY,ISSUER_02,True,True,ON,2025-07-27,STD,0.435,0.001,0.389,-0.117,True,False,False,IN
U_dee15dbfc3,I-3,NRI,IN,GPAY,ISSUER_06,True,True,ON,2025-04-16,STD,0.336,0.144,0.321,0.037,True,True,False,IN
U_347507e53d,I-3,NRI,IN,BHIM,ISSUER_05,True,True,ON,2026-04-11,STD,0.792,-0.293,0.533,-0.15,True,False,True,IN
U_96305ca532,I-1,OCI,REST,GPAY,ISSUER_02,True,True,ON,2025-10-31,STD,0.341,0.098,0.299,0.074,False,True,False,IN
U_94bae4d9dd,I-4,OCI,BD,GPAY,ISSUER_11,False,True,ON,2025-12-31,STD,0.31,0.2,0.266,-0.067,True,True,True,IN
U_741023458e,I-1,FOREIGN_NATIONAL,REST,PHONEPE,ISSUER_01,True,True,ON,2026-02-21,STD,0.337,0.308,0.291,0.037,True,True,False,IN
U_343b8e4ab4,I-3,NRI,IN,BHIM,ISSUER_04,True,True,ON,2026-05-27,STD,0.381,0.013,0.353,-0.086,True,True,True,IN
U_9731d57efb,I-3,NRI,IN,PHONEPE,ISSUER_01,False,True,ON,2025-06-28,STD,0.684,0.353,0.256,0.054,True,False,True,IN
U_6417f3c261,I-1,OCI,REST,PHONEPE,ISSUER_07,True,True,ON,2025-02-23,ELEVATED,0.817,0.096,0.323,-0.078,True,True,False,IN
U_53c7d64bc7,I-1,OCI,AE,BHIM,ISSUER_03,True,True,ON,2024-11-04,STD,0.804,0.429,0.179,0.087,True,True,True,IN
U_ae49d89f58,I-1,FOREIGN_NATIONAL,LK,BHIM,ISSUER_12,True,True,ON,2024-10-31,STD,0.279,-0.307,0.421,-0.012,True,True,True,IN
U_93d2ee28b6,I-1,OCI,CA,GPAY,ISSUER_01,True,True,ON,2026-07-08,STD,0.355,0.01,0.136,0.418,True,True,True,IN
U_13ee2ff697,I-3,NRI,IN,GPAY,ISSUER_09,True,True,ON,2025-07-15,ELEVATED,0.865,0.154,0.34,0.255,True,True,False,IN
U_6561cd68c9,I-3,NRI,IN,GPAY,ISSUER_04,False,True,ON,2024-12-28,STD,0.279,-0.076,0.214,-0.006,True,True,True,IN
U_8cb3273520,I-4,FOREIGN_NATIONAL,SG,GPAY,ISSUER_03,True,False,ON,2025-10-27,STD,0.455,-0.08,0.779,-0.012,True,True,False,IN
U_cdb381f354,I-3,NRI,IN,PHONEPE,ISSUER_11,True,True,ON,2026-07-12,STD,0.314,0.53,0.173,0.223,True,True,False,IN
U_4fe09d2b13,I-3,NRI,IN,BHIM,ISSUER_05,True,False,ON,2024-11-20,ELEVATED,0.414,0.116,0.295,0.184,False,True,False,IN
U_607539260d,I-3,NRI,IN,GPAY,ISSUER_03,True,True,ON,2026-03-15,STD,0.764,-0.354,0.239,0.09,True,False,True,IN
U_6fedd172de,I-1,FOREIGN_NATIONAL,LK,PHONEPE,ISSUER_01,False,True,ON,2026-01-21,STD,0.787,-0.18,0.241,-0.009,True,True,True,IN
U_75655977f0,I-3,NRI,IN,BHIM,ISSUER_01,True,True,ON,2025-01-04,STD,0.653,0.088,0.12,0.08,True,False,False,IN
U_992d04cf43,I-2,OCI,REST,PHONEPE,ISSUER_04,False,True,ON,2026-01-30,STD,0.649,0.197,0.414,0.216,False,True,False,IN
U_53b10c38b9,I-2,FOREIGN_NATIONAL,NP,BHIM,ISSUER_07,True,False,ON,2026-05-09,STD,0.805,0.001,0.439,-0.091,True,True,False,IN
U_ee203faf49,I-1,FOREIGN_NATIONAL,SG,PHONEPE,ISSUER_03,True,True,ON,2024-09-29,STD,0.212,0.123,0.176,-0.15,True,True,True,IN
U_bef6cc41ac,I-3,NRI,IN,PHONEPE,ISSUER_11,False,True,ON,2026-04-25,STD,0.329,-0.002,0.66,-0.083,True,True,False,IN
U_0b3b89d362,I-1,OCI,US,PHONEPE,ISSUER_10,True,False,ON,2026-01-21,STD,0.676,0.242,0.212,-0.019,True,False,False,IN
U_21dca9fbb1,I-1,OCI,US,GPAY,ISSUER_05,False,True,ON,2024-10-13,STD,0.196,-0.219,0.236,-0.15,True,True,True,IN
U_55192466d5,I-3,NRI,IN,BHIM,ISSUER_07,True,True,ON,2025-02-22,STD,0.748,0.355,0.048,0.188,True,True,True,IN
U_1ebbf65566,I-4,OCI,AU,PHONEPE,ISSUER_03,True,True,ON,2024-09-18,STD,0.49,0.13,0.249,0.075,False,False,False,IN
U_f4f7663fd2,I-4,FOREIGN_NATIONAL,GB,BHIM,ISSUER_09,True,True,ON,2026-07-20,STD,0.442,0.159,0.088,0.176,False,False,True,IN
U_2eacca1614,I-1,OCI,BD,PHONEPE,ISSUER_02,True,True,ON,2025-10-30,ELEVATED,0.751,-0.343,0.157,0.154,True,True,True,IN
U_77a8447177,I-1,FOREIGN_NATIONAL,REST,PHONEPE,ISSUER_06,True,False,ON,2026-03-12,STD,0.484,-0.38,0.803,-0.15,True,False,True,IN
U_4ace693862,I-4,FOREIGN_NATIONAL,CA,BHIM,ISSUER_11,True,True,ON,2025-11-05,STD,0.64,0.418,0.096,-0.0,True,False,False,IN
U_8147e716b8,I-1,FOREIGN_NATIONAL,US,PHONEPE,ISSUER_03,True,True,ON,2024-08-17,STD,0.761,0.332,0.324,0.106,False,True,False,IN
U_9ef45fd4f0,I-3,NRI,IN,PHONEPE,ISSUER_03,True,False,ON,2025-07-21,STD,0.594,0.109,0.123,0.026,True,True,False,IN
U_c661748777,I-1,FOREIGN_NATIONAL,SG,PHONEPE,ISSUER_01,True,True,ON,2025-07-23,STD,0.436,0.477,0.362,0.087,True,False,True,IN
U_dedf71d9b1,I-1,FOREIGN_NATIONAL,REST,BHIM,ISSUER_05,True,True,ON,2025-07-16,STD,0.734,0.242,0.361,-0.09,False,True,False,IN
U_830dde7b5e,I-4,FOREIGN_NATIONAL,NP,BHIM,ISSUER_02,True,True,ON,2024-11-19,STD,0.357,0.142,0.17,0.233,True,True,False,IN
U_eea2f1ff21,I-1,FOREIGN_NATIONAL,DE,GPAY,ISSUER_02,True,True,ON,2025-02-05,STD,0.265,-0.272,0.698,-0.15,True,True,True,IN
U_c35fb87448,I-1,FOREIGN_NATIONAL,AE,BHIM,ISSUER_02,True,True,ON,2025-07-21,STD,0.487,0.233,0.395,-0.06,False,True,True,IN
U_42afc482b8,I-4,FOREIGN_NATIONAL,US,BHIM,ISSUER_10,True,True,ON,2025-11-17,STD,0.609,0.465,0.381,0.033,True,True,False,IN
U_0e2d3eba8c,I-3,NRI,IN,PHONEPE,ISSUER_02,False,True,ON,2024-08-31,STD,0.225,-0.325,0.536,-0.118,True,True,True,IN
U_bdba00a578,I-3,NRI,IN,GPAY,ISSUER_07,False,True,ON,2024-11-21,STD,0.682,0.149,0.028,0.108,True,True,False,IN
U_a934404dbe,I-4,FOREIGN_NATIONAL,FR,PHONEPE,ISSUER_06,False,False,ON,2025-07-12,STD,0.597,-0.033,0.487,0.053,False,True,False,IN
U_fe2c574a30,I-3,NRI,IN,BHIM,ISSUER_09,True,False,ON,2026-07-29,STD,0.637,-0.135,0.453,-0.129,True,False,False,IN
U_8ca0809f30,I-4,FOREIGN_NATIONAL,AE,BHIM,ISSUER_09,False,True,ON,2026-01-18,STD,0.542,0.443,0.309,-0.029,True,True,True,IN
U_60725b1158,I-1,OCI,US,BHIM,ISSUER_08,True,False,ON,2024-08-16,STD,0.068,0.065,0.13,-0.021,True,True,True,IN
U_dd241c87a4,I-4,FOREIGN_NATIONAL,LK,GPAY,ISSUER_07,True,True,ON,2025-03-08,STD,0.263,0.134,0.365,0.098,True,False,True,IN
U_5ce793d2bb,I-1,OCI,DE,BHIM,ISSUER_02,True,True,ON,2025-12-23,STD,0.325,0.08,0.218,0.222,True,True,False,IN
U_36d954b3a4,I-1,FOREIGN_NATIONAL,CA,BHIM,ISSUER_10,True,True,ON,2024-11-06,STD,0.828,0.181,0.377,0.215,True,True,False,IN
U_88725a36fe,I-1,OCI,CA,GPAY,ISSUER_02,True,True,ON,2025-09-24,STD,0.627,-0.169,0.124,-0.076,True,False,False,IN
U_b6e757c450,I-1,FOREIGN_NATIONAL,CA,PHONEPE,ISSUER_11,True,False,ON,2026-06-10,STD,0.665,0.001,0.413,0.245,True,True,True,IN
U_62a772117e,I-2,FOREIGN_NATIONAL,BD,GPAY,ISSUER_02,True,True,ON,2026-03-04,STD,0.806,-0.019,0.109,-0.009,True,False,False,IN
U_6e5c393fee,I-3,NRI,IN,GPAY,ISSUER_02,True,True,ON,2025-08-16,STD,0.674,0.083,0.081,0.135,True,False,False,IN
U_b4f876ba9f,I-3,NRI,IN,BHIM,ISSUER_02,True,True,ON,2025-10-11,STD,0.429,0.149,0.104,-0.002,False,False,True,IN
U_5c4b2ab022,I-4,OCI,BD,PHONEPE,ISSUER_06,True,True,ON,2026-07-20,STD,0.649,0.6,0.257,-0.071,False,True,True,IN
U_b5efe9dadd,I-2,FOREIGN_NATIONAL,GB,BHIM,ISSUER_07,True,True,ON,2026-06-01,STD,0.509,-0.05,0.538,-0.023,False,True,True,IN
U_947860f501,I-1,FOREIGN_NATIONAL,REST,GPAY,ISSUER_10,True,True,ON,2026-01-11,STD,0.997,-0.08,0.475,-0.15,False,True,False,IN
U_94a44659cc,I-3,NRI,IN,BHIM,ISSUER_06,True,True,ON,2025-03-16,STD,0.062,0.228,0.479,0.266,False,False,False,IN
U_64e31918cc,I-2,OCI,AU,GPAY,ISSUER_01,True,True,ON,2026-05-16,STD,0.744,-0.013,0.436,-0.033,False,True,True,IN
U_1e2c4b8073,I-4,OCI,US,PHONEPE,ISSUER_12,True,True,ON,2025-04-11,STD,0.174,-0.042,0.522,0.005,False,False,True,IN
U_c1b5a077e6,I-4,FOREIGN_NATIONAL,BD,BHIM,ISSUER_12,True,False,ON,2025-01-03,STD,0.286,-0.315,0.258,-0.03,True,True,False,IN
U_cb87536312,I-1,FOREIGN_NATIONAL,GB,PHONEPE,ISSUER_04,True,True,ON,2026-03-23,STD,0.596,-0.27,0.403,-0.15,True,True,False,IN
U_1e34413013,I-2,FOREIGN_NATIONAL,US,GPAY,ISSUER_09,True,True,ON,2025-01-13,STD,0.865,-0.043,0.346,-0.15,False,True,True,IN
U_43bc4b5d5a,I-3,NRI,IN,GPAY,ISSUER_09,False,True,ON,2025-10-28,STD,0.086,-0.079,0.251,-0.028,False,True,False,IN
U_78b4f626aa,I-3,NRI,IN,BHIM,ISSUER_04,True,True,ON,2024-12-14,STD,0.329,-0.253,0.375,-0.085,False,True,True,IN
U_cc88374c0c,I-3,NRI,IN,GPAY,ISSUER_07,True,True,ON,2025-04-11,STD,0.677,-0.205,0.207,0.15,False,True,False,IN
U_666ffb2d56,I-4,FOREIGN_NATIONAL,AE,PHONEPE,ISSUER_02,True,True,ON,2025-03-31,STD,0.584,0.28,0.324,0.19,True,True,False,IN
U_31996a605e,I-2,FOREIGN_NATIONAL,AE,GPAY,ISSUER_12,False,True,ON,2025-09-18,STD,0.591,0.102,0.43,0.181,True,True,True,IN
U_fe01c80db2,I-1,OCI,US,PHONEPE,ISSUER_04,False,True,ON,2025-09-04,STD,0.534,0.05,0.405,0.032,False,True,True,IN
U_af9cdb5553,I-3,NRI,IN,GPAY,ISSUER_08,True,True,ON,2025-05-08,STD,0.042,0.12,0.171,-0.046,True,True,False,IN
U_d0b22de59b,I-1,FOREIGN_NATIONAL,US,PHONEPE,ISSUER_03,True,True,ON,2025-08-27,STD,0.443,0.06,0.314,0.118,True,True,False,IN
U_64abde1d37,I-3,NRI,IN,BHIM,ISSUER_10,False,True,ON,2024-09-08,STD,0.83,-0.022,0.446,0.024,True,False,False,IN
U_0ac0869912,I-1,FOREIGN_NATIONAL,AU,PHONEPE,ISSUER_12,True,True,ON,2025-07-16,STD,0.229,0.067,0.14,0.084,True,True,True,IN
U_1588104805,I-4,FOREIGN_NATIONAL,NP,BHIM,ISSUER_10,True,True,ON,2025-05-01,STD,0.109,0.354,0.208,0.002,True,True,True,IN
U_f9ed5323a1,I-3,NRI,IN,PHONEPE,ISSUER_11,False,True,ON,2026-02-28,STD,0.52,-0.154,0.452,0.139,True,True,True,IN
U_29bf841389,I-2,FOREIGN_NATIONAL,REST,GPAY,ISSUER_10,True,True,ON,2024-08-16,STD,0.229,-0.4,0.378,-0.084,True,True,True,IN
U_69a2767e89,I-2,FOREIGN_NATIONAL,US,GPAY,ISSUER_01,True,True,ON,2026-05-13,STD,0.735,0.101,0.223,0.155,False,True,True,IN
U_2191582621,I-3,NRI,IN,GPAY,ISSUER_03,True,True,ON,2026-07-07,STD,0.655,0.344,0.257,0.091,True,True,False,IN
U_ec2c5a5acd,I-1,FOREIGN_NATIONAL,AU,PHONEPE,ISSUER_02,True,True,ON,2024-12-17,STD,0.372,0.436,0.313,0.033,False,False,False,IN
U_60584f2351,I-1,OCI,CA,PHONEPE,ISSUER_05,True,True,ON,2026-01-21,STD,0.518,0.235,0.234,0.184,True,True,True,IN
U_3e41e56a94,I-1,FOREIGN_NATIONAL,GB,BHIM,ISSUER_04,True,True,ON,2026-07-31,STD,0.755,0.6,0.146,0.122,True,True,True,IN
U_ca9746a9d9,I-4,FOREIGN_NATIONAL,US,BHIM,ISSUER_06,True,True,ON,2025-07-27,STD,0.209,0.114,0.227,0.242,True,False,False,IN
U_a7832dde83,I-3,NRI,IN,PHONEPE,ISSUER_11,True,True,ON,2025-12-22,STD,0.695,0.274,0.23,0.042,True,True,True,IN
U_e43e739ecc,I-2,FOREIGN_NATIONAL,DE,GPAY,ISSUER_10,True,True,ON,2024-12-08,ELEVATED,0.358,0.053,0.228,-0.148,True,True,True,IN
U_0e979a61c4,I-3,NRI,IN,PHONEPE,ISSUER_11,True,True,ON,2024-11-03,STD,0.364,0.168,0.487,-0.037,True,False,False,IN
U_56fc8da5bf,I-3,NRI,IN,GPAY,ISSUER_03,True,True,ON,2026-02-27,STD,0.333,0.037,0.189,0.167,True,False,True,IN
U_e3fc6c01d8,I-3,NRI,IN,BHIM,ISSUER_11,False,True,ON,2025-07-14,STD,0.529,0.079,0.352,0.045,True,False,False,IN
U_085eb2ed61,I-3,NRI,IN,GPAY,ISSUER_11,True,True,ON,2026-07-29,STD,0.467,-0.359,0.909,-0.15,True,True,True,IN
U_cdd6dd6500,I-1,FOREIGN_NATIONAL,US,BHIM,ISSUER_07,True,True,ON,2026-02-10,STD,0.576,0.084,0.503,0.171,True,True,False,IN
U_2df1f2eccb,I-4,FOREIGN_NATIONAL,BD,BHIM,ISSUER_08,True,True,ON,2025-03-08,STD,0.442,0.209,0.245,-0.071,False,True,False,IN
U_fb42a70235,I-3,NRI,IN,GPAY,ISSUER_01,True,True,ON,2024-08-31,STD,0.326,0.267,0.071,0.235,True,True,False,IN
U_af7cdc1ac6,I-1,FOREIGN_NATIONAL,US,BHIM,ISSUER_11,False,True,ON,2026-07-15,STD,0.288,-0.135,0.511,0.105,True,False,True,IN
U_837271ae6e,I-4,OCI,REST,GPAY,ISSUER_09,True,True,ON,2025-01-30,STD,0.673,-0.196,0.241,0.108,True,True,True,IN
U_5ebe4afeb1,I-1,FOREIGN_NATIONAL,AU,BHIM,ISSUER_11,True,True,ON,2025-08-25,STD,0.102,0.035,0.068,-0.15,True,False,False,IN
U_3c1b75d6b6,I-1,FOREIGN_NATIONAL,US,BHIM,ISSUER_05,True,True,ON,2025-02-20,STD,0.207,0.012,0.105,0.126,True,False,False,IN
U_572ef0a751,I-2,FOREIGN_NATIONAL,REST,PHONEPE,ISSUER_07,True,True,ON,2026-07-08,STD,0.371,0.087,0.254,0.097,True,True,True,IN
U_50484e472b,I-2,FOREIGN_NATIONAL,US,GPAY,ISSUER_05,True,True,ON,2025-08-27,STD,0.203,0.163,0.285,0.044,True,True,False,IN
U_aa0b75f8e9,I-1,FOREIGN_NATIONAL,US,PHONEPE,ISSUER_07,True,True,ON,2024-08-17,STD,0.73,0.317,0.322,-0.091,True,True,False,IN
U_c3ca2b2a0c,I-1,FOREIGN_NATIONAL,US,GPAY,ISSUER_04,True,True,ON,2026-02-09,STD,0.73,0.139,0.185,0.025,True,False,True,IN
U_03c8815d19,I-3,NRI,IN,PHONEPE,ISSUER_05,True,True,ON,2025-07-25,STD,0.556,-0.248,0.696,-0.009,False,True,True,IN
U_ae056977e4,I-1,FOREIGN_NATIONAL,AE,PHONEPE,ISSUER_06,True,True,ON,2024-11-25,STD,0.665,0.345,0.455,-0.15,True,False,True,IN
U_7e905eba68,I-3,NRI,IN,BHIM,ISSUER_01,True,True,ON,2026-07-26,STD,0.499,-0.138,0.343,-0.066,False,True,True,IN
U_e98862737c,I-1,FOREIGN_NATIONAL,REST,GPAY,ISSUER_01,True,True,ON,2026-03-16,STD,0.782,-0.031,0.58,0.017,False,True,True,IN
U_a350160a66,I-1,OCI,US,GPAY,ISSUER_09,True,True,ON,2025-08-01,STD,0.562,0.066,0.356,-0.15,True,True,False,IN
U_93a65eb9ac,I-1,OCI,SG,PHONEPE,ISSUER_06,True,True,ON,2025-03-26,STD,0.584,0.246,0.104,-0.012,True,True,False,IN
U_3dc8036de5,I-3,NRI,IN,GPAY,ISSUER_10,True,True,ON,2025-06-13,STD,0.447,0.344,0.44,-0.063,True,True,False,IN
U_86551e4cfa,I-3,NRI,IN,BHIM,ISSUER_08,True,True,ON,2025-11-03,STD,0.691,0.296,0.22,0.048,False,True,False,IN
U_487b3b3d16,I-3,NRI,IN,GPAY,ISSUER_10,True,True,ON,2026-05-23,STD,0.749,-0.224,0.59,-0.15,False,False,True,IN
U_f8cd67ea5c,I-4,FOREIGN_NATIONAL,MY,GPAY,ISSUER_06,True,True,ON,2025-06-28,STD,0.365,0.213,0.044,-0.15,True,False,False,IN
U_da2dbdbfd6,I-1,FOREIGN_NATIONAL,GB,PHONEPE,ISSUER_10,True,True,ON,2026-03-06,STD,0.261,0.49,0.251,0.287,True,True,False,IN
U_71d79bfde6,I-2,OCI,CA,GPAY,ISSUER_06,True,True,ON,2026-07-04,STD,0.57,0.196,0.325,-0.105,False,True,False,IN
U_6dccf29609,I-1,FOREIGN_NATIONAL,DE,GPAY,ISSUER_08,True,True,ON,2025-07-04,STD,0.088,0.342,0.213,-0.043,True,True,True,IN
U_11b4ddb9f5,I-1,FOREIGN_NATIONAL,AU,PHONEPE,ISSUER_03,True,True,ON,2025-04-18,STD,0.644,-0.202,0.175,0.067,True,False,True,IN
U_5680379f9c,I-3,NRI,IN,PHONEPE,ISSUER_10,True,True,ON,2024-12-01,STD,0.59,0.265,0.468,-0.085,False,True,True,IN
U_893d5ca20b,I-4,FOREIGN_NATIONAL,REST,GPAY,ISSUER_07,True,True,ON,2025-03-30,STD,0.482,0.051,0.42,0.264,True,False,True,IN
U_4c77c2a470,I-3,NRI,IN,PHONEPE,ISSUER_07,True,True,ON,2024-10-02,STD,0.475,-0.163,0.347,0.102,True,False,False,IN
U_1b45164660,I-1,FOREIGN_NATIONAL,LK,BHIM,ISSUER_08,True,True,ON,2026-07-24,ELEVATED,0.786,0.14,0.569,-0.15,False,True,True,IN
U_853b41bd9c,I-1,FOREIGN_NATIONAL,US,PHONEPE,ISSUER_11,False,True,ON,2026-01-15,STD,0.679,0.539,0.259,-0.045,True,False,True,IN
U_6d527f034d,I-3,NRI,IN,BHIM,ISSUER_03,True,True,ON,2026-06-05,STD,0.042,0.049,0.325,0.051,True,True,True,IN
U_a36aa166c0,I-1,FOREIGN_NATIONAL,REST,GPAY,ISSUER_08,True,True,ON,2026-06-28,STD,0.459,0.245,0.223,0.093,True,True,True,IN
U_9fa9d164d5,I-1,FOREIGN_NATIONAL,DE,GPAY,ISSUER_02,True,False,ON,2025-08-09,STD,0.249,0.15,0.386,-0.073,False,False,True,IN
U_c881235fb9,I-3,NRI,IN,BHIM,ISSUER_12,False,False,ON,2024-11-17,STD,0.306,-0.134,0.16,0.335,True,False,False,IN
U_2caa70cfa1,I-1,OCI,GB,GPAY,ISSUER_05,True,True,ON,2026-05-17,STD,0.522,-0.021,0.213,-0.15,False,False,False,IN
U_56a5b8aa3d,I-1,OCI,REST,BHIM,ISSUER_10,True,True,ON,2024-10-21,STD,0.497,0.239,0.17,0.15,True,False,True,IN
U_e2cdefb1df,I-1,OCI,AU,BHIM,ISSUER_02,True,True,ON,2025-11-11,STD,0.778,-0.23,0.577,-0.15,True,False,False,IN
U_92f72f5808,I-1,FOREIGN_NATIONAL,REST,GPAY,ISSUER_11,True,False,ON,2025-03-17,STD,0.723,-0.25,0.865,-0.101,True,False,True,IN
U_33060b4bd8,I-2,FOREIGN_NATIONAL,AE,BHIM,ISSUER_04,True,True,ON,2024-11-17,STD,0.08,-0.042,0.104,-0.071,True,False,True,IN
U_e9b53cecf4,I-1,FOREIGN_NATIONAL,AE,PHONEPE,ISSUER_12,False,True,ON,2025-03-17,STD,0.92,0.128,0.465,0.02,False,True,True,IN
U_c4dcf6bdff,I-4,FOREIGN_NATIONAL,LK,BHIM,ISSUER_09,True,True,ON,2024-09-01,STD,0.732,0.02,0.356,-0.129,True,True,True,IN
U_fe302af6ec,I-1,OCI,GB,PHONEPE,ISSUER_11,True,True,ON,2025-11-13,STD,0.607,0.298,0.221,-0.092,True,False,True,IN
U_8f309e5e04,I-4,FOREIGN_NATIONAL,US,BHIM,ISSUER_12,True,False,ON,2026-01-02,STD,0.443,-0.114,0.483,0.236,True,True,True,IN
U_3bc7973cfe,I-4,FOREIGN_NATIONAL,REST,PHONEPE,ISSUER_03,True,True,ON,2024-11-01,STD,0.977,0.6,0.123,0.006,True,True,True,IN
U_24b48305ef,I-4,FOREIGN_NATIONAL,US,PHONEPE,ISSUER_02,True,True,ON,2025-10-21,STD,0.522,0.497,0.156,0.258,False,True,False,IN
U_414640b3cd,I-3,NRI,IN,PHONEPE,ISSUER_06,False,True,ON,2025-08-27,STD,0.72,0.025,0.458,0.058,True,True,True,IN
U_4dce1394b1,I-2,FOREIGN_NATIONAL,BD,BHIM,ISSUER_09,True,True,ON,2025-08-26,STD,0.162,-0.084,0.106,0.145,True,True,True,IN
U_a2cf48e046,I-1,OCI,US,GPAY,ISSUER_07,True,True,ON,2026-01-29,STD,0.331,0.08,0.196,0.193,False,True,True,IN
U_ab3c67f7ab,I-4,OCI,LK,BHIM,ISSUER_08,True,True,ON,2025-07-26,STD,0.586,-0.081,0.496,-0.047,True,False,False,IN
U_e353ba5041,I-4,FOREIGN_NATIONAL,GB,PHONEPE,ISSUER_10,True,True,ON,2025-02-18,STD,0.166,0.107,0.047,0.068,True,False,True,IN
U_f0cf8fbcf8,I-3,NRI,IN,PHONEPE,ISSUER_01,True,False,ON,2025-01-03,STD,0.689,-0.015,0.702,0.029,True,True,False,IN
U_00177bf506,I-3,NRI,IN,PHONEPE,ISSUER_09,True,True,ON,2024-10-20,STD,0.422,-0.265,0.417,0.107,False,True,False,IN
U_6d1b5e3c18,I-3,NRI,IN,PHONEPE,ISSUER_01,True,True,ON,2024-12-27,STD,0.728,-0.033,0.7,-0.085,True,True,False,IN
U_5aaa85d52e,I-1,OCI,REST,PHONEPE,ISSUER_05,True,True,ON,2025-04-25,STD,0.459,0.309,0.212,-0.14,True,True,False,IN
U_69139c246b,I-3,NRI,IN,GPAY,ISSUER_06,True,True,ON,2024-08-13,STD,0.412,0.166,0.282,-0.15,True,False,True,IN
U_47dc655ef5,I-3,NRI,IN,GPAY,ISSUER_04,True,True,ON,2024-10-07,STD,0.701,-0.006,0.95,0.06,True,False,True,IN
U_47c89444f8,I-3,NRI,IN,BHIM,ISSUER_12,True,True,ON,2025-07-08,STD,0.184,-0.085,0.167,-0.15,True,True,True,IN
U_44a0c60c9c,I-2,FOREIGN_NATIONAL,GB,BHIM,ISSUER_10,True,True,ON,2025-07-24,STD,0.394,0.068,0.463,-0.1,True,True,False,IN
U_2c1353e708,I-3,NRI,IN,BHIM,ISSUER_12,True,True,ON,2026-07-31,STD,0.643,-0.026,0.874,-0.15,True,True,True,IN
U_eae73fe507,I-2,FOREIGN_NATIONAL,GB,BHIM,ISSUER_01,False,True,ON,2024-11-30,STD,0.676,-0.122,0.824,-0.15,True,False,False,IN
U_53204ad2d9,I-3,NRI,IN,BHIM,ISSUER_07,False,True,ON,2024-10-27,STD,0.637,0.071,0.273,-0.146,True,False,True,IN
U_98601536d8,I-1,FOREIGN_NATIONAL,DE,BHIM,ISSUER_10,False,True,ON,2026-05-30,STD,0.715,0.159,0.242,0.208,True,True,True,IN
U_10681af252,I-2,FOREIGN_NATIONAL,US,BHIM,ISSUER_10,True,True,ON,2025-09-25,STD,0.85,0.102,0.378,-0.114,True,True,False,IN
U_1c81c4e679,I-1,OCI,AU,PHONEPE,ISSUER_11,True,True,ON,2026-05-08,STD,0.703,0.119,0.493,-0.15,False,True,True,IN
U_5c75d139a0,I-3,NRI,IN,BHIM,ISSUER_04,True,True,ON,2025-05-17,STD,0.816,-0.067,0.211,0.098,True,True,True,IN
U_ce70f9fd78,I-3,NRI,IN,GPAY,ISSUER_11,True,True,ON,2025-09-17,STD,0.45,0.113,0.041,-0.039,False,False,False,IN
U_12e45a7275,I-1,OCI,MY,GPAY,ISSUER_01,True,True,ON,2024-08-30,STD,0.668,0.316,0.119,-0.015,True,False,False,IN
U_afcc1fe54c,I-3,NRI,IN,GPAY,ISSUER_11,True,True,ON,2025-07-02,STD,0.215,0.151,0.26,-0.031,True,False,True,IN
U_14f50f71d3,I-2,OCI,GB,GPAY,ISSUER_03,True,True,ON,2025-12-19,STD,0.593,0.342,0.211,0.183,True,True,True,IN
U_4e2c34535c,I-1,FOREIGN_NATIONAL,US,PHONEPE,ISSUER_04,True,True,ON,2024-10-31,STD,0.92,0.074,0.336,0.052,False,True,True,IN
U_463c49a4bb,I-2,FOREIGN_NATIONAL,US,BHIM,ISSUER_02,True,True,ON,2025-11-04,STD,0.663,0.011,0.389,-0.15,True,True,False,IN
U_62a5a545de,I-2,FOREIGN_NATIONAL,NP,BHIM,ISSUER_01,False,False,ON,2025-09-03,STD,0.092,-0.009,0.334,-0.125,True,False,False,IN
U_366e168f30,I-1,FOREIGN_NATIONAL,AE,PHONEPE,ISSUER_11,True,True,ON,2026-03-31,STD,0.622,-0.022,0.331,0.001,True,True,False,IN
U_fba185dba8,I-1,FOREIGN_NATIONAL,CA,GPAY,ISSUER_10,True,True,ON,2025-12-15,STD,0.619,0.293,0.193,0.122,False,False,False,IN
U_79b6fa16d4,I-1,FOREIGN_NATIONAL,US,BHIM,ISSUER_08,True,True,ON,2024-10-05,STD,0.517,-0.096,0.176,0.088,True,False,False,IN
U_7af45aed51,I-3,NRI,IN,GPAY,ISSUER_07,True,True,ON,2024-12-22,STD,0.222,0.036,0.428,0.1,True,True,False,IN
U_1ab300d5c6,I-4,FOREIGN_NATIONAL,GB,GPAY,ISSUER_09,True,True,ON,2025-02-06,STD,0.632,0.6,0.287,-0.116,True,True,True,IN
U_b561f9c874,I-3,NRI,IN,PHONEPE,ISSUER_10,True,True,ON,2024-11-08,STD,0.185,-0.171,0.259,-0.053,True,True,False,IN
U_809c2a4da4,I-3,NRI,IN,BHIM,ISSUER_08,False,True,ON,2024-11-23,ELEVATED,0.428,0.214,0.173,0.273,True,False,False,IN
U_d09e92dc39,I-3,NRI,IN,PHONEPE,ISSUER_04,True,True,ON,2025-09-12,STD,0.368,0.012,0.396,0.048,True,False,False,IN
U_7ba82da94c,I-1,FOREIGN_NATIONAL,LK,PHONEPE,ISSUER_06,True,True,ON,2024-12-13,STD,0.831,0.101,0.533,0.068,True,True,False,IN
U_db143f7648,I-1,FOREIGN_NATIONAL,REST,PHONEPE,ISSUER_07,True,True,ON,2025-12-09,STD,0.695,0.014,0.424,-0.084,False,False,False,IN
U_9fde4e3dfe,I-1,OCI,AE,GPAY,ISSUER_03,True,True,ON,2026-05-23,STD,0.434,-0.149,0.39,0.072,False,True,True,IN
U_259d12428c,I-3,NRI,IN,PHONEPE,ISSUER_04,True,True,ON,2026-07-26,STD,0.372,-0.4,0.484,-0.054,True,False,False,IN
U_6f34ca3b5a,I-3,NRI,IN,PHONEPE,ISSUER_01,False,True,ON,2025-05-23,STD,0.474,-0.073,0.297,0.02,True,True,False,IN
U_1a852305d3,I-2,FOREIGN_NATIONAL,SG,PHONEPE,ISSUER_10,True,True,ON,2025-01-25,STD,0.621,-0.064,0.568,-0.116,False,True,False,IN
U_db10391a33,I-1,FOREIGN_NATIONAL,REST,PHONEPE,ISSUER_03,True,True,ON,2026-07-26,STD,0.82,-0.243,0.369,0.02,False,True,True,IN
U_bfbb7065d9,I-1,FOREIGN_NATIONAL,DE,GPAY,ISSUER_09,False,True,ON,2026-06-12,STD,0.355,0.335,0.036,0.232,True,True,False,IN
U_45064d9619,I-1,FOREIGN_NATIONAL,REST,PHONEPE,ISSUER_07,True,True,ON,2025-04-19,STD,0.747,0.203,0.568,0.033,True,True,False,IN
U_90974da302,I-1,FOREIGN_NATIONAL,NP,PHONEPE,ISSUER_11,True,True,ON,2025-06-24,STD,0.596,0.108,0.194,-0.055,True,False,True,IN
U_85cbb62335,I-1,FOREIGN_NATIONAL,BD,PHONEPE,ISSUER_06,False,True,ON,2025-06-02,STD,0.5,-0.221,0.374,-0.15,False,True,True,IN
U_d995fc40d1,I-1,FOREIGN_NATIONAL,REST,PHONEPE,ISSUER_07,True,True,ON,2025-06-06,STD,0.807,-0.347,0.207,0.236,False,False,False,IN
U_26e3ca5b68,I-4,OCI,BD,BHIM,ISSUER_05,True,True,ON,2025-02-20,STD,0.514,-0.331,0.116,0.051,True,True,True,IN
U_74a35d0419,I-3,NRI,IN,BHIM,ISSUER_01,True,True,ON,2025-08-31,STD,0.925,0.396,0.311,0.005,True,True,False,IN
U_77ee142f05,I-1,FOREIGN_NATIONAL,AU,GPAY,ISSUER_07,True,True,ON,2024-09-21,STD,0.413,-0.253,0.636,0.036,True,True,False,IN
U_2ced9f6a74,I-1,FOREIGN_NATIONAL,DE,GPAY,ISSUER_08,False,True,ON,2025-06-08,STD,0.152,-0.03,0.543,0.079,True,True,False,IN
U_8d3fa5d418,I-2,FOREIGN_NATIONAL,FR,GPAY,ISSUER_06,True,True,ON,2024-10-06,STD,0.317,-0.009,0.743,-0.15,True,False,False,IN
U_a77a5b1359,I-1,OCI,GB,BHIM,ISSUER_11,False,True,ON,2025-12-06,STD,0.573,0.334,0.289,0.04,True,True,False,IN
U_40fdaf2c8a,I-3,NRI,IN,GPAY,ISSUER_07,True,False,ON,2026-03-04,STD,0.696,0.048,0.337,0.031,True,True,False,IN
U_8ba81b48f6,I-1,FOREIGN_NATIONAL,NP,GPAY,ISSUER_04,False,True,ON,2025-05-16,STD,0.848,0.238,0.279,-0.024,True,False,False,IN
U_c746eb8244,I-4,FOREIGN_NATIONAL,US,PHONEPE,ISSUER_01,True,False,ON,2024-10-28,STD,0.48,0.161,0.098,0.141,False,True,True,IN
U_311addeaff,I-2,FOREIGN_NATIONAL,MY,GPAY,ISSUER_07,True,True,ON,2025-05-23,STD,0.249,-0.159,0.532,0.01,False,False,True,IN
U_a6846c2e03,I-3,NRI,IN,GPAY,ISSUER_12,True,True,ON,2025-11-21,STD,0.567,-0.179,0.347,0.231,False,True,True,IN
U_7f62cf7c7b,I-3,NRI,IN,BHIM,ISSUER_01,True,True,ON,2026-03-09,STD,0.745,-0.133,0.232,-0.15,True,True,False,IN
U_1c47c0530d,I-3,NRI,IN,BHIM,ISSUER_08,True,False,ON,2025-11-21,STD,0.897,-0.292,0.347,0.091,True,False,True,IN
U_81ac8a005f,I-1,FOREIGN_NATIONAL,DE,BHIM,ISSUER_02,False,True,ON,2026-04-07,STD,0.72,0.009,0.143,0.086,True,True,False,IN
U_e4e9c7a11e,I-1,FOREIGN_NATIONAL,US,GPAY,ISSUER_06,True,True,ON,2025-03-12,STD,0.584,0.017,0.301,0.056,True,True,True,IN
U_f2a370fd45,I-3,NRI,IN,PHONEPE,ISSUER_02,True,True,ON,2025-12-18,STD,0.139,0.135,0.158,0.246,True,True,False,IN
U_2125edc31c,I-1,OCI,AU,GPAY,ISSUER_09,False,True,ON,2024-08-19,STD,0.424,0.177,0.194,0.01,True,False,True,IN
U_7bd705cb17,I-3,NRI,IN,PHONEPE,ISSUER_04,True,True,ON,2024-12-08,STD,0.714,0.233,0.187,0.105,True,True,False,IN
U_ab12fe6c43,I-3,NRI,IN,PHONEPE,ISSUER_09,True,True,ON,2026-04-29,STD,0.487,0.121,0.187,0.304,False,True,True,IN
U_467c2c54e3,I-1,OCI,BD,BHIM,ISSUER_11,True,True,ON,2025-03-23,STD,0.319,-0.2,0.325,-0.096,False,True,False,IN
U_e331b356a6,I-1,FOREIGN_NATIONAL,US,GPAY,ISSUER_06,True,True,ON,2025-05-11,STD,0.86,0.132,0.342,0.039,True,True,True,IN
U_84cf52af1f,I-1,FOREIGN_NATIONAL,REST,PHONEPE,ISSUER_03,True,True,ON,2026-04-20,STD,0.535,-0.383,0.82,-0.133,True,False,False,IN
U_6fc91ccdc9,I-1,FOREIGN_NATIONAL,AU,PHONEPE,ISSUER_03,True,True,ON,2024-08-14,STD,0.638,0.297,0.088,0.005,True,False,False,IN
U_80520e0b3a,I-1,FOREIGN_NATIONAL,US,GPAY,ISSUER_04,True,True,ON,2025-02-18,ELEVATED,0.716,-0.066,0.01,-0.049,True,True,False,IN
U_11856e25f2,I-1,OCI,LK,BHIM,ISSUER_03,False,True,ON,2025-11-24,STD,0.293,-0.071,0.16,0.095,False,True,False,IN
U_cfeed8370f,I-1,OCI,US,GPAY,ISSUER_08,False,True,ON,2025-06-11,STD,0.444,-0.166,0.635,-0.077,False,False,False,IN
U_aedc5b7f46,I-1,FOREIGN_NATIONAL,AU,BHIM,ISSUER_03,True,True,ON,2024-09-06,STD,0.4,0.564,0.103,0.117,False,True,False,IN
U_1282524272,I-4,OCI,US,BHIM,ISSUER_11,True,True,ON,2024-08-22,STD,0.365,0.142,0.142,0.155,True,True,True,IN
U_aa0e69b2ca,I-3,NRI,IN,BHIM,ISSUER_11,True,False,ON,2025-06-13,STD,0.557,-0.145,0.511,-0.15,False,False,True,IN
U_40bf207619,I-3,NRI,IN,BHIM,ISSUER_05,False,True,ON,2026-02-26,STD,0.465,0.256,0.139,0.051,True,True,True,IN
U_765d2edcb1,I-1,FOREIGN_NATIONAL,SG,PHONEPE,ISSUER_03,True,True,ON,2026-07-11,STD,0.391,0.387,0.251,0.024,False,True,True,IN
U_9ddaeb2efd,I-3,NRI,IN,BHIM,ISSUER_05,False,False,ON,2025-03-21,STD,0.267,0.459,0.124,-0.075,False,True,True,IN
U_04f77b6ee8,I-1,FOREIGN_NATIONAL,AE,BHIM,ISSUER_06,False,True,ON,2026-05-19,STD,0.941,0.1,0.356,0.126,True,False,False,IN
U_f0fca79d7d,I-3,NRI,IN,PHONEPE,ISSUER_08,True,True,ON,2025-08-15,STD,0.372,0.275,0.176,0.005,True,True,False,IN
U_5e8c871735,I-1,OCI,AU,BHIM,ISSUER_07,True,False,ON,2025-01-24,STD,0.813,0.001,0.224,0.049,False,True,False,IN
U_76bcae8247,I-4,OCI,REST,BHIM,ISSUER_06,True,True,ON,2025-02-18,STD,0.441,-0.044,0.417,-0.15,True,True,False,IN
U_178da8bd43,I-3,NRI,IN,GPAY,ISSUER_01,True,True,ON,2026-01-23,STD,0.678,-0.137,0.717,-0.15,False,False,False,IN
U_eb10a6653f,I-4,FOREIGN_NATIONAL,GB,GPAY,ISSUER_12,True,True,ON,2025-11-14,STD,0.318,0.097,0.221,0.241,False,False,False,IN
U_8709eea770,I-1,FOREIGN_NATIONAL,GB,BHIM,ISSUER_06,True,True,ON,2025-09-25,STD,0.876,0.136,0.375,-0.084,True,True,False,IN
U_b20c68d69c,I-3,NRI,IN,PHONEPE,ISSUER_08,True,True,ON,2025-02-06,STD,0.129,0.308,0.426,-0.107,False,False,False,IN
U_1b6464bd70,I-1,FOREIGN_NATIONAL,NP,PHONEPE,ISSUER_02,True,True,ON,2025-07-01,STD,0.856,-0.017,0.512,-0.079,True,True,True,IN
U_33db2db563,I-1,FOREIGN_NATIONAL,REST,BHIM,ISSUER_03,True,True,ON,2025-05-06,STD,0.229,-0.121,0.119,0.13,False,False,True,IN
U_1ef0e53d43,I-1,OCI,BD,GPAY,ISSUER_04,False,True,ON,2024-11-06,STD,0.754,0.251,0.131,-0.035,False,False,True,IN
U_2554a22c31,I-2,FOREIGN_NATIONAL,AU,PHONEPE,ISSUER_07,False,False,ON,2025-03-20,STD,0.977,-0.168,0.126,-0.049,True,False,False,IN
U_bef1ac1bcc,I-3,NRI,IN,GPAY,ISSUER_09,True,True,ON,2024-09-01,STD,0.404,0.17,0.278,-0.15,True,True,True,IN
U_ca2acdcccb,I-2,FOREIGN_NATIONAL,SG,PHONEPE,ISSUER_04,True,True,ON,2026-03-11,STD,0.52,0.172,0.341,0.146,True,True,False,IN
U_9960e25d31,I-3,NRI,IN,BHIM,ISSUER_07,False,False,ON,2025-08-25,STD,0.84,0.256,0.12,-0.036,True,False,False,IN
U_1d57d22c8d,I-1,FOREIGN_NATIONAL,REST,GPAY,ISSUER_11,True,True,ON,2026-02-01,STD,0.786,0.253,0.125,-0.007,True,True,True,IN
U_34b604814b,I-1,OCI,DE,GPAY,ISSUER_11,True,True,ON,2024-09-23,STD,0.847,-0.218,0.525,-0.12,False,True,False,IN
U_32e9234a21,I-3,NRI,IN,GPAY,ISSUER_09,True,True,ON,2026-04-04,RESTRICTED,0.611,0.031,0.243,0.155,True,True,True,IN
U_2d7d257435,I-1,FOREIGN_NATIONAL,GB,BHIM,ISSUER_09,True,True,ON,2024-09-19,STD,0.937,-0.025,0.348,0.153,False,True,False,IN
U_3e9adb4d3f,I-4,FOREIGN_NATIONAL,REST,PHONEPE,ISSUER_05,False,False,ON,2024-09-05,STD,0.454,0.061,0.285,-0.08,False,True,False,IN
U_0aa1138ad5,I-1,FOREIGN_NATIONAL,BD,BHIM,ISSUER_04,True,True,ON,2025-07-30,STD,0.42,0.126,0.363,0.013,False,False,False,IN
U_276745ce93,I-1,FOREIGN_NATIONAL,US,GPAY,ISSUER_12,True,True,ON,2024-08-19,STD,0.297,0.457,0.629,-0.15,True,False,True,IN
U_b7f3c70cc5,I-3,NRI,IN,BHIM,ISSUER_06,True,True,ON,2026-06-19,STD,0.002,-0.171,0.547,-0.15,True,False,True,IN
U_384c2cc8a8,I-3,NRI,IN,GPAY,ISSUER_01,True,True,ON,2025-07-01,STD,0.691,0.271,0.216,0.111,False,True,False,IN
U_2a5109702d,I-1,OCI,NP,GPAY,ISSUER_07,True,True,ON,2025-02-23,STD,0.294,0.033,0.373,-0.15,False,False,False,IN
U_2c956417a6,I-3,NRI,IN,GPAY,ISSUER_04,True,True,ON,2025-12-16,STD,0.365,0.218,0.166,0.085,True,True,True,IN
U_9810c8342b,I-3,NRI,IN,BHIM,ISSUER_09,True,True,ON,2026-05-25,STD,0.174,0.291,0.347,-0.037,True,False,False,IN
U_97f2f0e078,I-1,FOREIGN_NATIONAL,DE,PHONEPE,ISSUER_01,True,True,ON,2025-08-31,STD,0.474,0.005,0.376,-0.117,True,False,True,IN
U_61eb414848,I-1,OCI,AU,PHONEPE,ISSUER_11,True,True,ON,2025-04-09,STD,0.361,-0.289,0.95,-0.09,True,False,True,IN
U_6de20f6b36,I-1,FOREIGN_NATIONAL,LK,PHONEPE,ISSUER_01,True,True,ON,2025-05-26,STD,0.743,0.14,0.177,-0.077,False,False,True,IN
U_91217ebbbc,I-3,NRI,IN,BHIM,ISSUER_07,True,False,ON,2026-02-17,STD,0.581,-0.301,0.57,-0.114,True,True,True,IN
U_28fa68d89c,I-3,NRI,IN,GPAY,ISSUER_03,True,False,ON,2024-11-29,STD,0.716,0.147,0.515,0.095,True,True,False,IN
U_5aed858be4,I-2,FOREIGN_NATIONAL,MY,GPAY,ISSUER_03,False,True,ON,2026-04-05,STD,0.102,0.064,0.365,-0.03,True,True,False,IN
U_0e7d47bac4,I-4,FOREIGN_NATIONAL,NP,PHONEPE,ISSUER_01,True,True,ON,2026-03-09,STD,0.689,0.294,0.189,-0.027,False,False,True,IN
U_593ed14200,I-3,NRI,IN,BHIM,ISSUER_06,True,True,ON,2024-11-15,STD,0.819,0.337,0.533,-0.11,False,False,True,IN
U_1eb9539430,I-3,NRI,IN,GPAY,ISSUER_01,False,True,ON,2026-04-12,STD,0.54,-0.121,0.173,0.298,False,True,False,IN
U_58e10ea0f0,I-1,FOREIGN_NATIONAL,GB,PHONEPE,ISSUER_05,True,True,ON,2025-10-01,STD,0.791,0.346,0.289,-0.064,False,False,True,IN
U_3d0b7c6c1f,I-4,FOREIGN_NATIONAL,GB,BHIM,ISSUER_02,True,True,ON,2025-06-25,STD,0.694,-0.023,0.743,0.315,False,True,True,IN
U_ddd28e8260,I-4,OCI,LK,GPAY,ISSUER_11,True,True,ON,2025-04-06,STD,0.177,0.09,0.26,0.154,False,False,True,IN
U_b6821eae07,I-1,OCI,BD,BHIM,ISSUER_07,True,True,ON,2025-04-11,STD,0.586,0.087,0.405,0.224,True,False,False,IN
U_ce28bbe49e,I-4,FOREIGN_NATIONAL,DE,PHONEPE,ISSUER_05,True,True,ON,2025-09-03,STD,0.244,0.114,0.024,0.248,False,False,True,IN
U_baf6d41b40,I-1,FOREIGN_NATIONAL,AE,PHONEPE,ISSUER_04,True,True,ON,2025-09-03,STD,0.726,-0.16,0.735,0.003,False,False,True,IN
U_21decb74b4,I-3,NRI,IN,BHIM,ISSUER_10,True,True,ON,2025-09-04,STD,0.469,0.176,0.21,0.182,False,True,False,IN
U_cbb6028499,I-3,NRI,IN,PHONEPE,ISSUER_10,True,True,ON,2025-11-12,STD,0.859,0.313,0.252,-0.098,True,False,True,IN
U_83e21fcc8d,I-2,OCI,US,PHONEPE,ISSUER_02,False,True,ON,2025-03-07,STD,0.472,-0.051,0.68,-0.15,False,True,False,IN
U_4965da3a05,I-4,FOREIGN_NATIONAL,REST,GPAY,ISSUER_01,False,True,ON,2025-07-18,STD,0.975,-0.006,0.522,0.181,True,True,True,IN
U_82db572632,I-1,FOREIGN_NATIONAL,GB,GPAY,ISSUER_09,True,True,ON,2025-05-03,STD,0.477,0.337,0.485,-0.058,True,True,False,IN
U_d24f286e54,I-4,FOREIGN_NATIONAL,AE,BHIM,ISSUER_07,True,True,ON,2025-08-05,STD,0.409,0.238,0.23,0.253,True,True,False,IN
U_8d2b53c72d,I-3,NRI,IN,PHONEPE,ISSUER_10,False,True,ON,2025-05-19,STD,0.504,-0.215,0.267,0.024,True,True,True,IN
U_4ed104bbae,I-1,FOREIGN_NATIONAL,CA,GPAY,ISSUER_01,True,True,ON,2024-11-07,STD,0.596,0.029,0.344,0.133,True,True,True,IN
U_16e82fdcf2,I-4,FOREIGN_NATIONAL,AE,GPAY,ISSUER_06,True,True,ON,2025-03-02,STD,0.765,-0.16,0.857,-0.115,False,False,True,IN
U_47ec844b38,I-3,NRI,IN,GPAY,ISSUER_02,True,True,ON,2024-10-07,STD,0.296,0.076,0.077,0.122,False,False,False,IN
U_efbada89ea,I-1,FOREIGN_NATIONAL,BD,PHONEPE,ISSUER_04,False,True,ON,2026-03-20,STD,0.701,0.009,0.221,0.154,True,False,True,IN
U_dcc5f5457b,I-3,NRI,IN,PHONEPE,ISSUER_01,True,True,ON,2025-11-27,STD,0.482,-0.118,0.385,0.133,True,True,True,IN
U_5549cd76be,I-1,FOREIGN_NATIONAL,REST,BHIM,ISSUER_10,True,True,ON,2025-01-22,STD,0.852,0.442,0.474,-0.005,False,False,True,IN
U_8ddb7952da,I-3,NRI,IN,GPAY,ISSUER_12,True,True,ON,2026-02-11,STD,0.254,-0.021,0.516,-0.061,True,True,False,IN
U_d5080211ad,I-1,OCI,BD,BHIM,ISSUER_01,False,True,ON,2026-06-24,STD,0.28,-0.4,0.832,-0.039,False,True,False,IN
U_ce96946427,I-1,FOREIGN_NATIONAL,US,GPAY,ISSUER_10,True,True,ON,2026-07-10,STD,0.138,0.359,0.155,-0.079,True,True,True,IN
U_534869fbd1,I-1,FOREIGN_NATIONAL,AU,PHONEPE,ISSUER_10,True,True,ON,2024-12-22,STD,0.438,0.358,0.153,0.033,True,False,False,IN
U_ff05eefef7,I-3,NRI,IN,PHONEPE,ISSUER_02,True,True,ON,2025-09-21,STD,0.534,0.158,0.277,0.066,True,True,False,IN
U_c9015209f7,I-3,NRI,IN,PHONEPE,ISSUER_09,True,True,ON,2025-12-17,STD,0.379,0.207,0.32,0.259,False,True,True,IN
U_6360c6520f,I-2,FOREIGN_NATIONAL,BD,PHONEPE,ISSUER_06,True,True,ON,2025-02-05,STD,0.371,0.066,0.065,0.154,True,False,True,IN
U_128a3a2bf9,I-1,FOREIGN_NATIONAL,LK,PHONEPE,ISSUER_11,True,True,ON,2024-11-19,STD,0.681,0.276,0.137,0.15,True,True,False,IN
U_f738cc53a8,I-3,NRI,IN,PHONEPE,ISSUER_08,True,True,ON,2025-10-07,STD,0.344,-0.396,0.245,0.247,False,False,False,IN
U_d5da3a3a0f,I-3,NRI,IN,GPAY,ISSUER_01,True,True,ON,2026-07-29,STD,0.672,0.172,0.272,0.108,True,True,False,IN
U_fe6762d9a1,I-3,NRI,IN,PHONEPE,ISSUER_01,False,True,ON,2026-05-12,ELEVATED,0.579,-0.171,0.652,0.005,True,True,True,IN
U_e50aedb219,I-1,FOREIGN_NATIONAL,BD,GPAY,ISSUER_05,True,True,ON,2026-01-17,ELEVATED,0.079,0.424,0.176,0.14,True,False,False,IN
U_85d33636a0,I-2,FOREIGN_NATIONAL,FR,BHIM,ISSUER_11,True,False,ON,2025-10-14,STD,0.256,0.119,0.218,0.303,True,True,False,IN
U_05e7f16157,I-3,NRI,IN,BHIM,ISSUER_05,True,True,ON,2026-03-01,ELEVATED,0.465,0.064,0.127,0.169,True,False,True,IN
U_a15ef6755d,I-1,OCI,REST,PHONEPE,ISSUER_10,True,False,ON,2024-08-14,STD,0.175,0.258,0.293,0.037,True,False,True,IN
U_df0155c5c6,I-2,FOREIGN_NATIONAL,DE,BHIM,ISSUER_11,True,False,ON,2025-12-18,STD,0.697,-0.4,0.583,0.036,False,False,True,IN
U_aa13219fb1,I-2,FOREIGN_NATIONAL,US,GPAY,ISSUER_08,True,True,ON,2025-12-27,STD,0.413,-0.153,0.632,0.008,True,False,True,IN
U_b1ebfa1fd9,I-1,FOREIGN_NATIONAL,AU,GPAY,ISSUER_03,True,True,ON,2025-02-28,STD,0.14,0.306,0.365,-0.1,True,True,False,IN
U_737c56daa4,I-3,NRI,IN,GPAY,ISSUER_03,True,True,ON,2025-09-29,STD,0.456,-0.084,0.296,0.158,True,True,False,IN
U_1f8be56f05,I-3,NRI,IN,PHONEPE,ISSUER_02,False,True,ON,2024-09-01,STD,0.488,-0.167,0.444,0.168,True,True,False,IN
U_b636194c67,I-3,NRI,IN,BHIM,ISSUER_10,True,True,ON,2025-03-11,STD,0.295,-0.102,0.59,-0.09,False,False,True,IN
U_41e9e9713c,I-1,FOREIGN_NATIONAL,AU,GPAY,ISSUER_08,True,False,ON,2025-12-14,STD,0.395,-0.078,0.087,0.268,True,False,True,IN
U_f931b6664e,I-3,NRI,IN,BHIM,ISSUER_01,True,True,ON,2025-12-09,STD,0.788,0.283,0.382,0.103,True,False,False,IN
U_bd6c4ef3b7,I-3,NRI,IN,PHONEPE,ISSUER_07,True,True,ON,2025-03-03,STD,0.642,0.126,0.304,-0.107,False,False,False,IN
U_0953b613e5,I-2,FOREIGN_NATIONAL,CA,PHONEPE,ISSUER_08,True,False,ON,2025-02-27,STD,0.904,0.419,0.197,0.052,False,False,False,IN
U_015edbdf9c,I-1,OCI,NP,BHIM,ISSUER_08,True,True,ON,2025-09-27,STD,0.215,0.001,0.182,-0.12,True,True,False,IN
U_e564e7ed5a,I-3,NRI,IN,GPAY,ISSUER_09,True,True,ON,2025-05-03,STD,0.62,0.093,0.085,0.115,True,True,False,IN
U_c73a183e3c,I-1,FOREIGN_NATIONAL,REST,BHIM,ISSUER_05,False,True,ON,2025-03-05,STD,0.368,-0.036,0.222,0.124,True,True,True,IN
U_27b9a78ac1,I-4,OCI,REST,GPAY,ISSUER_02,True,True,ON,2024-08-25,STD,0.342,0.315,0.198,0.173,False,True,True,IN
U_3ecc9fb5d8,I-1,FOREIGN_NATIONAL,REST,PHONEPE,ISSUER_08,True,False,ON,2026-06-09,STD,0.572,0.068,0.158,0.173,True,False,True,IN
U_918bc62d24,I-2,FOREIGN_NATIONAL,US,PHONEPE,ISSUER_01,True,False,ON,2024-09-24,STD,0.271,0.184,0.052,0.135,True,False,False,IN
U_05a25b50c8,I-1,FOREIGN_NATIONAL,GB,PHONEPE,ISSUER_01,True,False,ON,2026-06-02,STD,0.904,-0.021,0.331,0.201,True,False,False,IN
U_728b61b329,I-1,FOREIGN_NATIONAL,REST,GPAY,ISSUER_10,True,False,ON,2025-04-30,STD,0.371,0.44,0.359,-0.072,True,False,True,IN
U_da32989cab,I-4,FOREIGN_NATIONAL,US,BHIM,ISSUER_04,True,True,ON,2025-12-14,STD,0.626,0.327,0.371,0.177,True,True,False,IN
U_80ea11d279,I-1,FOREIGN_NATIONAL,US,BHIM,ISSUER_09,True,True,ON,2024-10-30,STD,0.496,0.239,0.01,-0.044,True,True,True,IN
U_4c25aa0126,I-1,FOREIGN_NATIONAL,REST,BHIM,ISSUER_01,True,True,ON,2026-06-09,STD,0.589,0.299,0.224,0.158,True,True,True,IN
U_08302d60e9,I-1,FOREIGN_NATIONAL,GB,PHONEPE,ISSUER_03,True,True,ON,2025-09-20,STD,0.35,0.002,0.215,0.118,True,True,False,IN
U_6eb486ce0c,I-3,NRI,IN,PHONEPE,ISSUER_02,True,True,ON,2025-11-24,ELEVATED,0.591,0.16,0.189,0.128,True,False,False,IN
U_3a3ecf162d,I-4,OCI,GB,BHIM,ISSUER_10,True,False,ON,2025-12-10,STD,0.646,-0.4,0.561,-0.013,True,True,True,IN
U_12e7d8b909,I-4,FOREIGN_NATIONAL,SG,BHIM,ISSUER_06,False,True,ON,2025-11-11,STD,0.215,-0.142,0.636,-0.02,True,True,False,IN
U_4830d21008,I-1,FOREIGN_NATIONAL,AE,GPAY,ISSUER_05,True,True,ON,2025-12-29,STD,0.907,0.184,0.584,-0.044,True,True,False,IN
U_fa82dc5d1f,I-1,FOREIGN_NATIONAL,AE,GPAY,ISSUER_09,True,True,ON,2025-09-03,STD,0.979,-0.016,0.749,-0.15,True,True,False,IN
U_9efba2be27,I-1,FOREIGN_NATIONAL,BD,BHIM,ISSUER_10,True,True,ON,2025-06-22,STD,0.548,-0.042,0.502,-0.15,False,False,True,IN
U_b9791abdeb,I-3,NRI,IN,BHIM,ISSUER_05,True,True,ON,2026-07-28,STD,0.414,0.197,0.148,-0.097,False,True,False,IN
U_ec0a23c507,I-2,FOREIGN_NATIONAL,REST,PHONEPE,ISSUER_05,True,True,ON,2024-09-14,STD,0.225,0.371,0.383,-0.15,True,False,False,IN
U_76fd6fb991,I-3,NRI,IN,BHIM,ISSUER_02,True,True,ON,2025-12-30,STD,0.82,0.039,0.273,0.026,True,False,True,IN
U_5422a395b6,I-1,FOREIGN_NATIONAL,GB,BHIM,ISSUER_03,False,True,ON,2025-11-29,STD,0.454,0.169,0.413,0.279,True,False,True,IN
U_cc2f3cd632,I-3,NRI,IN,PHONEPE,ISSUER_08,True,False,ON,2026-05-14,STD,0.768,-0.067,0.659,-0.081,True,False,True,IN
U_bf86e9c325,I-1,FOREIGN_NATIONAL,MY,BHIM,ISSUER_07,False,True,ON,2025-12-16,STD,0.597,0.202,0.513,0.028,False,True,True,IN
U_d0e1444b07,I-1,FOREIGN_NATIONAL,AU,PHONEPE,ISSUER_03,True,True,ON,2025-11-23,ELEVATED,0.836,-0.185,0.267,-0.09,False,True,True,IN
U_c91050079f,I-1,OCI,GB,GPAY,ISSUER_09,False,True,ON,2025-02-28,STD,0.081,0.093,0.503,-0.026,True,True,True,IN
U_d1f4f6cc8a,I-3,NRI,IN,BHIM,ISSUER_05,False,True,ON,2024-12-21,STD,0.211,0.34,0.197,0.048,True,False,True,IN
U_1621e65036,I-1,FOREIGN_NATIONAL,REST,BHIM,ISSUER_07,True,True,ON,2026-07-26,STD,0.484,0.05,0.437,0.189,True,False,False,IN
U_d805ff5bdc,I-4,OCI,FR,GPAY,ISSUER_05,False,True,ON,2026-03-31,STD,0.315,0.241,0.08,0.027,False,True,False,IN
U_2c40e2d9aa,I-1,FOREIGN_NATIONAL,REST,PHONEPE,ISSUER_05,True,True,ON,2025-07-19,STD,0.388,-0.047,0.731,-0.033,True,False,False,IN
U_a7dabbfcd8,I-3,NRI,IN,BHIM,ISSUER_10,True,True,ON,2024-09-23,STD,0.409,0.223,0.165,0.192,True,False,True,IN
U_f33f80c82e,I-3,NRI,IN,GPAY,ISSUER_05,True,True,ON,2026-01-14,ELEVATED,0.477,-0.117,0.238,-0.039,True,False,True,IN
U_db8a37b727,I-1,FOREIGN_NATIONAL,US,BHIM,ISSUER_02,True,True,ON,2025-05-29,STD,0.403,0.406,0.386,-0.15,True,False,False,IN
U_2fa1972d60,I-1,OCI,SG,PHONEPE,ISSUER_01,True,False,ON,2025-11-11,STD,0.438,0.099,0.39,-0.032,False,True,True,IN
U_30dba2c4a3,I-2,FOREIGN_NATIONAL,MY,BHIM,ISSUER_12,True,True,ON,2026-07-21,STD,0.492,-0.1,0.703,-0.124,True,True,False,IN
U_31b269cab4,I-3,NRI,IN,GPAY,ISSUER_07,True,True,ON,2025-04-18,STD,0.708,-0.048,0.583,-0.044,True,False,True,IN
U_7249592284,I-3,NRI,IN,GPAY,ISSUER_01,True,True,ON,2025-02-04,STD,0.447,-0.093,0.702,0.047,True,False,True,IN
U_280dff119c,I-2,FOREIGN_NATIONAL,US,PHONEPE,ISSUER_03,True,True,ON,2025-04-18,STD,0.709,0.6,0.312,0.249,False,True,False,IN
U_26dea2aa36,I-2,FOREIGN_NATIONAL,DE,GPAY,ISSUER_08,False,True,ON,2026-04-17,STD,0.573,0.223,0.368,-0.15,True,True,False,IN
U_f00d36e99d,I-1,FOREIGN_NATIONAL,NP,GPAY,ISSUER_08,True,True,ON,2024-09-03,STD,0.421,0.155,0.408,0.04,True,True,True,IN
U_659ff2e380,I-2,FOREIGN_NATIONAL,US,PHONEPE,ISSUER_12,False,True,ON,2025-05-03,STD,0.616,-0.099,0.418,0.009,False,True,False,IN
U_726a6e517b,I-2,FOREIGN_NATIONAL,AE,PHONEPE,ISSUER_03,False,True,ON,2024-11-12,STD,0.138,0.463,0.298,0.029,False,False,False,IN
U_e9e1a861a6,I-1,FOREIGN_NATIONAL,AU,GPAY,ISSUER_11,True,False,ON,2025-12-22,STD,0.52,0.094,0.352,-0.031,True,True,True,IN
U_52385c1f10,I-1,FOREIGN_NATIONAL,REST,BHIM,ISSUER_06,True,True,ON,2024-12-30,STD,0.091,0.043,0.258,0.129,True,False,False,IN
U_859f56450d,I-3,NRI,IN,PHONEPE,ISSUER_09,False,True,ON,2026-06-28,STD,0.405,0.111,0.356,-0.077,True,False,False,IN
U_b24b4f478a,I-3,NRI,IN,GPAY,ISSUER_12,True,True,ON,2024-10-24,STD,0.75,-0.185,0.691,-0.15,True,True,False,IN
U_4fbc39a3d2,I-3,NRI,IN,GPAY,ISSUER_04,True,True,ON,2025-06-29,STD,0.348,0.372,0.36,-0.149,True,True,True,IN
U_e7ff9a02da,I-3,NRI,IN,GPAY,ISSUER_11,False,True,ON,2025-05-28,STD,0.798,0.287,0.347,0.043,True,True,True,IN
U_f7b26eb114,I-1,OCI,CA,BHIM,ISSUER_02,True,True,ON,2025-02-03,ELEVATED,0.795,0.462,0.43,-0.027,True,True,False,IN
U_10e3103190,I-1,FOREIGN_NATIONAL,CA,BHIM,ISSUER_09,True,True,ON,2024-09-17,STD,0.202,0.166,0.25,0.032,False,False,False,IN
U_e83e1d090a,I-3,NRI,IN,BHIM,ISSUER_11,True,True,ON,2025-02-19,STD,0.541,0.354,0.065,0.002,False,False,True,IN
U_765c5d40a5,I-1,FOREIGN_NATIONAL,LK,PHONEPE,ISSUER_11,True,True,ON,2025-04-15,STD,0.771,0.155,0.271,0.175,True,True,True,IN
U_90bffbc5b3,I-4,FOREIGN_NATIONAL,LK,BHIM,ISSUER_10,True,False,ON,2025-10-09,STD,0.418,0.177,0.04,0.047,True,False,True,IN
U_f04ac8867b,I-1,FOREIGN_NATIONAL,DE,BHIM,ISSUER_03,True,True,ON,2026-07-15,STD,0.277,0.11,0.115,-0.15,True,True,False,IN
U_5cbd31a22a,I-1,FOREIGN_NATIONAL,GB,GPAY,ISSUER_05,True,True,ON,2024-09-11,STD,0.232,0.109,0.259,-0.15,False,True,True,IN
U_514ffb2643,I-3,NRI,IN,BHIM,ISSUER_11,True,True,ON,2025-12-23,STD,0.58,0.001,0.248,0.265,False,False,False,IN
U_78a3e15461,I-4,FOREIGN_NATIONAL,GB,BHIM,ISSUER_10,True,False,ON,2025-12-31,STD,0.873,0.223,0.221,-0.033,True,True,False,IN
U_a7557582f8,I-1,OCI,GB,GPAY,ISSUER_05,True,True,ON,2026-01-06,STD,0.322,-0.05,0.382,-0.042,True,True,True,IN
U_f781db23c3,I-1,OCI,BD,PHONEPE,ISSUER_10,True,True,ON,2025-06-26,STD,0.159,0.213,0.192,0.238,True,True,False,IN
U_91c724c05f,I-2,OCI,SG,PHONEPE,ISSUER_12,True,True,ON,2026-04-02,STD,0.541,0.244,0.272,-0.005,True,False,False,IN
U_44bd0bf796,I-1,OCI,US,GPAY,ISSUER_04,True,True,ON,2025-11-10,STD,0.655,0.488,0.263,0.097,True,False,True,IN
U_e5527ba692,I-1,OCI,DE,PHONEPE,ISSUER_09,True,True,ON,2026-01-10,STD,0.451,0.24,0.148,0.177,True,False,True,IN
U_0f3cdfc9df,I-1,FOREIGN_NATIONAL,REST,BHIM,ISSUER_11,True,True,ON,2025-09-14,STD,0.322,0.089,0.44,-0.15,True,True,True,IN
U_b79f6bb825,I-4,FOREIGN_NATIONAL,BD,PHONEPE,ISSUER_05,True,True,ON,2024-12-22,STD,0.755,0.005,0.56,0.135,False,True,False,IN
U_889a3add15,I-1,FOREIGN_NATIONAL,US,PHONEPE,ISSUER_07,True,True,ON,2025-08-04,STD,0.461,0.511,0.448,0.087,True,True,True,IN
U_c0fbfccc13,I-3,NRI,IN,GPAY,ISSUER_05,False,True,ON,2025-06-06,STD,0.362,0.143,0.49,-0.115,False,False,True,IN
U_b9f69a5a92,I-2,OCI,GB,PHONEPE,ISSUER_04,True,True,ON,2026-02-22,ELEVATED,0.742,0.128,0.414,-0.021,True,False,True,IN
U_d4ed2187c6,I-3,NRI,IN,GPAY,ISSUER_06,True,True,ON,2025-07-08,STD,0.252,0.494,0.355,0.084,False,True,True,IN
U_fa7ebf1108,I-4,FOREIGN_NATIONAL,BD,PHONEPE,ISSUER_03,True,True,ON,2025-10-15,STD,0.061,-0.4,0.036,0.039,True,True,True,IN
U_d196ccc3a5,I-4,OCI,SG,BHIM,ISSUER_02,True,True,ON,2026-07-26,STD,0.567,0.183,0.099,-0.029,True,True,False,IN
U_17cec1264a,I-1,FOREIGN_NATIONAL,US,PHONEPE,ISSUER_10,False,False,ON,2026-05-20,STD,0.34,0.227,0.306,0.11,True,False,True,IN
U_1797fac185,I-3,NRI,IN,PHONEPE,ISSUER_12,False,False,ON,2025-12-26,STD,0.3,-0.137,0.392,0.001,True,False,True,IN
U_7a883aec95,I-1,OCI,FR,GPAY,ISSUER_12,True,True,ON,2025-07-10,ELEVATED,0.701,0.229,0.332,0.057,True,False,False,IN
U_c0af829bb6,I-3,NRI,IN,GPAY,ISSUER_02,True,True,ON,2025-01-04,STD,0.325,0.284,0.082,0.154,True,True,True,IN
U_1d3c552baf,I-4,FOREIGN_NATIONAL,CA,BHIM,ISSUER_01,False,True,ON,2025-01-12,STD,0.601,0.097,0.046,0.053,True,False,False,IN
U_5dc494519f,I-1,OCI,REST,PHONEPE,ISSUER_01,True,True,ON,2025-05-18,STD,0.737,0.45,0.22,0.052,False,False,False,IN
U_97befb386f,I-4,OCI,GB,GPAY,ISSUER_02,True,True,ON,2025-11-11,STD,0.351,-0.364,0.146,-0.147,True,False,True,IN
U_0802e5e654,I-3,NRI,IN,BHIM,ISSUER_05,True,True,ON,2026-07-17,STD,0.859,-0.008,0.95,-0.071,True,True,True,IN
U_1cb03d25db,I-3,NRI,IN,GPAY,ISSUER_03,False,True,ON,2026-07-23,STD,0.533,-0.175,0.615,-0.15,True,True,False,IN
U_684d77bccb,I-2,FOREIGN_NATIONAL,MY,BHIM,ISSUER_09,True,True,ON,2025-10-18,STD,0.635,0.276,0.273,0.149,True,True,True,IN
U_b019ee1935,I-4,FOREIGN_NATIONAL,REST,GPAY,ISSUER_10,True,True,ON,2025-08-09,STD,0.68,0.344,0.256,-0.044,False,True,True,IN
U_deb7b53bc1,I-3,NRI,IN,BHIM,ISSUER_04,True,True,ON,2025-07-17,STD,0.29,0.321,0.108,-0.014,False,False,True,IN
U_5a2fe0e236,I-1,FOREIGN_NATIONAL,CA,PHONEPE,ISSUER_01,False,True,ON,2024-11-13,STD,0.42,0.265,0.364,0.337,False,True,True,IN
U_d63401db03,I-3,NRI,IN,PHONEPE,ISSUER_06,True,True,ON,2026-01-09,STD,0.774,0.289,0.154,0.081,True,True,False,IN
U_30424e9747,I-1,FOREIGN_NATIONAL,SG,GPAY,ISSUER_06,True,True,ON,2024-08-23,STD,0.498,0.09,0.486,0.138,True,False,True,IN
U_83f80d021a,I-1,FOREIGN_NATIONAL,US,BHIM,ISSUER_05,True,True,ON,2026-06-29,STD,0.436,0.263,0.03,0.264,True,False,False,IN
U_043d9b8ff4,I-1,FOREIGN_NATIONAL,REST,BHIM,ISSUER_10,True,True,ON,2025-11-08,STD,0.214,0.179,0.512,-0.08,False,True,True,IN
U_804c89e694,I-3,NRI,IN,GPAY,ISSUER_10,True,True,ON,2026-01-05,STD,0.366,0.118,0.204,0.004,True,True,True,IN
U_b3df615b3a,I-4,FOREIGN_NATIONAL,NP,PHONEPE,ISSUER_01,True,True,ON,2025-05-23,STD,0.134,0.078,0.348,-0.085,True,True,False,IN
U_eb946de9bb,I-1,FOREIGN_NATIONAL,REST,BHIM,ISSUER_09,False,True,ON,2025-08-18,STD,0.411,-0.124,0.435,0.127,True,True,False,IN
U_dae477d5d8,I-1,FOREIGN_NATIONAL,FR,PHONEPE,ISSUER_05,True,True,ON,2025-06-27,STD,0.623,0.029,0.384,-0.15,True,True,False,IN
U_430375b33f,I-1,FOREIGN_NATIONAL,AU,BHIM,ISSUER_05,True,True,ON,2025-01-12,STD,0.119,0.345,0.406,-0.115,False,True,False,IN
U_3d9ffa5220,I-3,NRI,IN,BHIM,ISSUER_09,True,True,ON,2025-07-21,STD,0.198,0.029,0.201,0.147,True,True,False,IN
U_1c1dfe129e,I-2,FOREIGN_NATIONAL,US,PHONEPE,ISSUER_02,True,True,ON,2026-05-18,STD,0.262,0.372,0.213,0.111,True,True,False,IN
U_f0ce0377da,I-3,NRI,IN,BHIM,ISSUER_06,True,False,ON,2026-02-19,STD,0.634,0.105,0.27,0.278,True,True,False,IN
U_1d7576c4ab,I-2,FOREIGN_NATIONAL,REST,PHONEPE,ISSUER_09,True,True,ON,2024-12-27,STD,0.789,0.217,0.091,0.093,True,True,False,IN
U_e91ba00a89,I-1,FOREIGN_NATIONAL,AE,GPAY,ISSUER_10,False,True,ON,2025-07-04,STD,0.363,-0.141,0.066,0.283,True,True,False,IN
U_edc5660360,I-3,NRI,IN,PHONEPE,ISSUER_09,True,True,ON,2024-09-12,STD,0.382,0.082,0.265,0.17,True,False,True,IN
U_9f186b696e,I-2,FOREIGN_NATIONAL,AU,PHONEPE,ISSUER_04,True,True,ON,2025-06-13,STD,0.233,0.024,0.39,-0.15,True,True,True,IN
U_72343a713d,I-4,FOREIGN_NATIONAL,AE,GPAY,ISSUER_01,True,True,ON,2025-09-08,STD,0.882,0.44,0.155,0.136,True,True,False,IN
U_ff684cc89d,I-3,NRI,IN,GPAY,ISSUER_03,True,True,ON,2026-05-08,STD,0.106,0.293,0.128,0.216,False,True,False,IN
U_c9308db099,I-1,FOREIGN_NATIONAL,DE,GPAY,ISSUER_12,False,True,ON,2025-11-06,STD,0.343,0.208,0.186,-0.015,True,True,True,IN
U_beb6713477,I-1,FOREIGN_NATIONAL,REST,GPAY,ISSUER_04,True,True,ON,2024-08-14,STD,0.17,-0.037,0.609,0.065,False,False,True,IN
U_1c14557769,I-3,NRI,IN,BHIM,ISSUER_11,True,False,ON,2025-07-18,STD,0.297,0.429,0.073,0.016,True,False,False,IN
U_5a4d9a7086,I-1,FOREIGN_NATIONAL,US,GPAY,ISSUER_08,True,True,ON,2026-04-11,STD,0.57,-0.215,0.608,-0.15,False,False,True,IN
U_7e26cc948a,I-1,FOREIGN_NATIONAL,GB,GPAY,ISSUER_02,True,True,ON,2026-04-14,STD,0.582,-0.164,0.159,-0.15,True,True,False,IN
U_70c3cee48e,I-2,FOREIGN_NATIONAL,BD,PHONEPE,ISSUER_02,True,True,ON,2026-01-29,STD,0.443,-0.081,0.634,-0.15,True,True,False,IN
U_540bc90c34,I-3,NRI,IN,PHONEPE,ISSUER_07,True,True,ON,2026-01-27,STD,0.189,0.329,0.336,-0.15,True,False,True,IN
U_755be7c522,I-3,NRI,IN,BHIM,ISSUER_01,False,True,ON,2026-06-29,STD,0.709,0.199,0.47,-0.046,True,False,True,IN
U_0769461d2e,I-3,NRI,IN,GPAY,ISSUER_11,True,True,ON,2025-05-08,STD,0.546,0.309,0.118,0.171,True,False,False,IN
U_8fe5d1c1f9,I-3,NRI,IN,BHIM,ISSUER_01,True,False,ON,2024-09-15,STD,0.754,0.368,0.483,0.207,False,False,False,IN
U_3bdd3a658b,I-2,FOREIGN_NATIONAL,BD,BHIM,ISSUER_06,False,True,ON,2026-02-12,STD,0.194,-0.122,0.525,-0.125,True,True,True,IN
U_46f0c0a975,I-1,FOREIGN_NATIONAL,AE,PHONEPE,ISSUER_09,True,True,ON,2025-12-01,STD,0.15,-0.003,0.748,-0.13,True,False,False,IN
U_98e25e3bce,I-3,NRI,IN,GPAY,ISSUER_02,True,True,ON,2024-10-20,STD,0.891,-0.126,0.201,0.235,True,True,False,IN
U_6da9d9b02f,I-3,NRI,IN,GPAY,ISSUER_04,True,True,ON,2026-01-14,ELEVATED,0.28,0.176,0.104,0.024,True,True,False,IN
U_35453accff,I-4,OCI,CA,PHONEPE,ISSUER_08,True,True,ON,2025-09-26,STD,0.381,0.049,0.311,-0.14,True,True,False,IN
U_d9bd44ab96,I-1,FOREIGN_NATIONAL,NP,PHONEPE,ISSUER_02,False,False,ON,2025-06-22,STD,0.638,0.057,0.186,0.062,False,True,False,IN
U_0275980ea4,I-1,FOREIGN_NATIONAL,GB,GPAY,ISSUER_05,True,True,ON,2025-11-05,STD,0.298,0.167,0.312,-0.15,True,True,True,IN
U_66d25a6a32,I-1,OCI,US,BHIM,ISSUER_11,True,True,ON,2025-08-16,STD,0.104,0.176,0.399,-0.15,True,True,False,IN
U_43c61fcf34,I-1,FOREIGN_NATIONAL,AU,BHIM,ISSUER_06,True,True,ON,2024-12-15,STD,0.412,0.072,0.09,0.066,True,False,False,IN
U_24328bf2c9,I-1,FOREIGN_NATIONAL,REST,BHIM,ISSUER_04,True,True,ON,2026-01-06,STD,0.675,-0.069,0.359,0.088,True,False,True,IN
U_382df671b0,I-3,NRI,IN,GPAY,ISSUER_03,True,True,ON,2025-11-26,STD,0.238,-0.044,0.866,-0.15,True,False,False,IN
U_6c2b9c0837,I-3,NRI,IN,PHONEPE,ISSUER_07,True,True,ON,2025-08-15,STD,0.869,0.571,0.077,-0.039,True,False,False,IN
U_4c2a43a1c1,I-1,OCI,GB,GPAY,ISSUER_09,True,True,ON,2025-09-22,STD,0.291,-0.103,0.342,0.102,True,True,True,IN
U_62c02a32e1,I-3,NRI,IN,GPAY,ISSUER_04,True,True,ON,2024-11-22,STD,0.139,-0.4,0.437,-0.136,True,False,False,IN
U_b8080f0351,I-4,OCI,REST,BHIM,ISSUER_02,True,True,ON,2025-08-10,STD,0.085,0.241,0.275,0.079,True,True,True,IN
U_98f8380ad4,I-3,NRI,IN,BHIM,ISSUER_11,False,True,ON,2025-03-17,STD,0.281,0.049,0.012,0.37,True,True,False,IN
U_8bae17d52a,I-3,NRI,IN,PHONEPE,ISSUER_04,True,True,ON,2025-01-29,STD,0.744,-0.117,0.807,0.033,True,True,False,IN
U_6641e6737f,I-2,FOREIGN_NATIONAL,REST,GPAY,ISSUER_09,True,True,ON,2025-02-11,STD,0.671,0.212,0.123,-0.066,False,True,True,IN
U_e8ac9b8427,I-4,OCI,SG,GPAY,ISSUER_08,False,True,ON,2024-12-24,STD,0.855,-0.023,0.212,0.062,False,True,True,IN
U_8331753272,I-1,FOREIGN_NATIONAL,FR,BHIM,ISSUER_03,True,True,ON,2026-01-08,STD,0.364,0.067,0.45,0.146,False,True,True,IN
U_71760410a3,I-3,NRI,IN,GPAY,ISSUER_04,True,True,ON,2025-05-19,STD,0.33,0.364,0.221,0.122,True,True,True,IN
U_5854ce85ed,I-2,FOREIGN_NATIONAL,SG,GPAY,ISSUER_10,True,True,ON,2025-02-26,STD,0.372,0.091,0.288,0.049,True,False,False,IN
U_fb6e7950b7,I-1,FOREIGN_NATIONAL,MY,PHONEPE,ISSUER_06,True,True,ON,2026-01-17,STD,0.334,0.261,0.234,0.329,True,True,True,IN
U_1cf486673c,I-3,NRI,IN,GPAY,ISSUER_07,True,True,ON,2025-10-25,STD,0.397,0.095,0.225,0.203,False,False,False,IN
U_0fad9d6085,I-2,FOREIGN_NATIONAL,REST,BHIM,ISSUER_08,True,True,ON,2025-05-18,STD,0.17,0.157,0.363,-0.006,False,True,True,IN
U_048d6c04bf,I-1,OCI,BD,GPAY,ISSUER_02,False,True,ON,2025-12-05,STD,0.635,-0.22,0.642,0.161,True,False,False,IN
U_03c283b34a,I-4,FOREIGN_NATIONAL,DE,PHONEPE,ISSUER_07,False,True,ON,2025-10-22,STD,0.374,0.288,0.182,0.194,True,False,True,IN
U_71688ab9c1,I-1,FOREIGN_NATIONAL,DE,BHIM,ISSUER_10,True,True,ON,2024-08-17,STD,0.532,0.096,0.266,0.15,True,False,True,IN
U_3e5d61393c,I-3,NRI,IN,GPAY,ISSUER_08,True,True,ON,2025-04-19,STD,0.597,-0.145,0.313,0.16,True,False,False,IN
U_007097f3d9,I-2,FOREIGN_NATIONAL,AU,BHIM,ISSUER_09,True,False,ON,2025-12-30,STD,0.673,-0.038,0.477,-0.15,True,True,True,IN
U_71597ee8e3,I-3,NRI,IN,BHIM,ISSUER_09,True,True,ON,2026-02-26,STD,0.247,-0.246,0.011,0.052,True,True,True,IN
U_8ad20df116,I-3,NRI,IN,BHIM,ISSUER_12,False,True,ON,2024-11-03,STD,0.076,0.127,0.084,0.105,True,True,True,IN
U_fb70a11f90,I-3,NRI,IN,PHONEPE,ISSUER_01,False,True,ON,2025-03-31,STD,0.633,-0.008,0.288,-0.125,True,True,True,IN
U_847213ac7e,I-1,OCI,CA,PHONEPE,ISSUER_11,True,True,ON,2025-08-22,STD,0.773,-0.292,0.661,-0.15,True,True,False,IN
U_980be6530a,I-2,OCI,DE,GPAY,ISSUER_02,True,True,ON,2025-08-05,STD,0.466,0.182,0.276,-0.069,True,False,False,IN
U_0e17a84019,I-1,FOREIGN_NATIONAL,AU,BHIM,ISSUER_04,True,True,ON,2025-11-30,STD,0.154,0.204,0.414,-0.15,True,False,True,IN
U_ed5b3a937f,I-3,NRI,IN,BHIM,ISSUER_09,True,True,ON,2024-11-17,STD,0.13,0.106,0.362,-0.15,False,False,False,IN
U_bfc7d6a55a,I-1,FOREIGN_NATIONAL,US,BHIM,ISSUER_03,False,True,ON,2025-01-15,STD,0.178,0.012,0.177,0.03,True,False,True,IN
U_4eb9b330d6,I-3,NRI,IN,GPAY,ISSUER_09,True,True,ON,2026-05-18,STD,0.523,0.427,0.246,0.007,True,False,True,IN
U_55bea6628a,I-1,FOREIGN_NATIONAL,US,GPAY,ISSUER_09,True,False,ON,2024-11-03,STD,0.544,-0.162,0.846,-0.118,True,False,True,IN
U_826533374c,I-1,FOREIGN_NATIONAL,GB,GPAY,ISSUER_09,False,True,ON,2026-07-21,STD,0.811,0.054,0.439,-0.114,True,False,True,IN
U_ca0f10a1df,I-1,OCI,SG,BHIM,ISSUER_06,True,True,ON,2025-07-01,STD,0.881,0.106,0.375,0.202,True,True,True,IN
U_ccfc0647cf,I-1,FOREIGN_NATIONAL,CA,PHONEPE,ISSUER_04,False,True,ON,2026-07-30,STD,0.733,-0.183,0.248,0.113,True,True,True,IN
U_3e9d21c5c3,I-2,OCI,REST,PHONEPE,ISSUER_05,True,True,ON,2025-05-08,STD,0.615,-0.183,0.118,-0.052,True,False,True,IN
U_caf38aef40,I-3,NRI,IN,BHIM,ISSUER_11,True,True,ON,2025-05-04,STD,0.527,0.226,0.217,0.199,True,False,False,IN
U_6e7c509604,I-4,OCI,US,PHONEPE,ISSUER_06,True,True,ON,2026-01-08,STD,0.51,0.077,0.259,0.066,True,False,True,IN
U_018cebb6a2,I-2,FOREIGN_NATIONAL,GB,BHIM,ISSUER_06,True,True,ON,2026-01-24,STD,0.229,-0.111,0.95,-0.15,True,True,False,IN
U_3fd81f2f5c,I-3,NRI,IN,GPAY,ISSUER_06,True,False,ON,2025-10-15,STD,0.486,0.339,0.342,-0.058,True,True,True,IN
U_49ea116d35,I-4,FOREIGN_NATIONAL,REST,GPAY,ISSUER_08,False,True,ON,2025-07-30,STD,0.108,0.542,0.302,0.058,False,True,False,IN
U_5611c952e9,I-1,OCI,US,PHONEPE,ISSUER_02,False,True,ON,2026-06-24,STD,0.357,0.198,0.503,-0.15,True,True,True,IN
U_5429199e4d,I-1,FOREIGN_NATIONAL,REST,PHONEPE,ISSUER_04,True,False,ON,2025-05-11,STD,0.188,0.079,0.216,0.235,True,False,True,IN
U_9725305629,I-2,FOREIGN_NATIONAL,CA,BHIM,ISSUER_02,True,True,ON,2025-12-12,STD,0.338,-0.261,0.431,0.093,True,False,True,IN
U_a55cfba3b4,I-3,NRI,IN,PHONEPE,ISSUER_09,False,True,ON,2025-07-09,STD,0.341,0.6,0.206,-0.011,False,True,False,IN
U_9eb0e9b485,I-1,FOREIGN_NATIONAL,AU,PHONEPE,ISSUER_11,True,True,ON,2025-01-16,STD,0.497,-0.055,0.142,0.068,False,False,False,IN
U_74444a0f6c,I-2,FOREIGN_NATIONAL,NP,BHIM,ISSUER_04,True,True,ON,2026-07-23,STD,0.764,0.052,0.153,0.175,False,True,True,IN
U_73cd98381a,I-3,NRI,IN,PHONEPE,ISSUER_04,False,False,ON,2026-07-14,STD,0.198,-0.172,0.434,0.089,True,False,False,IN
U_143c3b712c,I-3,NRI,IN,PHONEPE,ISSUER_09,True,True,ON,2025-01-15,STD,0.749,0.24,0.135,-0.022,True,False,True,IN
U_6d2d7b9328,I-3,NRI,IN,BHIM,ISSUER_01,True,True,ON,2024-09-16,STD,0.144,0.237,0.138,-0.084,True,False,True,IN
U_55d46e7638,I-3,NRI,IN,GPAY,ISSUER_01,True,False,ON,2024-12-30,STD,0.73,0.175,0.331,0.084,False,False,True,IN
U_81f28291f8,I-3,NRI,IN,PHONEPE,ISSUER_02,True,True,ON,2024-11-05,STD,0.444,0.479,0.341,-0.065,True,True,False,IN
U_f09fcbdb2f,I-1,FOREIGN_NATIONAL,BD,BHIM,ISSUER_01,True,True,ON,2025-02-23,STD,0.661,0.001,0.265,0.087,True,False,True,IN
U_652a753554,I-3,NRI,IN,PHONEPE,ISSUER_06,False,True,ON,2025-07-21,STD,0.73,-0.255,0.149,-0.015,True,False,False,IN
U_3f24567672,I-3,NRI,IN,GPAY,ISSUER_11,True,True,ON,2024-12-25,STD,0.957,-0.095,0.515,-0.15,True,False,False,IN
U_b14a196615,I-1,FOREIGN_NATIONAL,GB,PHONEPE,ISSUER_10,True,True,ON,2025-06-28,STD,0.646,-0.091,0.577,-0.15,True,False,True,IN
U_f3188465ab,I-1,FOREIGN_NATIONAL,MY,BHIM,ISSUER_04,False,True,ON,2025-03-06,STD,0.303,-0.011,0.356,-0.014,True,True,False,IN
U_da0046f580,I-4,FOREIGN_NATIONAL,US,PHONEPE,ISSUER_12,True,True,ON,2024-10-12,STD,0.334,0.302,0.409,-0.072,False,True,False,IN
U_1c54cb6049,I-1,OCI,AE,BHIM,ISSUER_12,True,True,ON,2024-09-17,STD,0.487,0.369,0.165,0.133,False,True,True,IN
U_9c7207800f,I-1,FOREIGN_NATIONAL,FR,PHONEPE,ISSUER_08,False,True,ON,2025-07-13,STD,0.46,-0.047,0.38,-0.045,True,True,False,IN
U_f503d674a5,I-4,OCI,REST,BHIM,ISSUER_03,True,True,ON,2025-08-02,STD,0.63,0.196,0.338,0.048,False,True,False,IN
U_36ad230901,I-1,OCI,REST,GPAY,ISSUER_08,False,True,ON,2024-10-31,STD,0.261,0.185,0.47,-0.058,True,False,True,IN
U_39ca4e7f43,I-4,OCI,REST,BHIM,ISSUER_11,True,True,ON,2025-12-27,STD,0.316,0.113,0.286,0.202,False,False,True,IN
U_9fb757c3f1,I-3,NRI,IN,GPAY,ISSUER_03,True,True,ON,2026-02-03,STD,0.45,0.008,0.18,0.06,True,False,True,IN
U_e0b44a76d9,I-3,NRI,IN,BHIM,ISSUER_04,True,True,ON,2025-05-10,STD,0.265,0.155,0.327,0.124,False,True,True,IN
U_9f78265da2,I-2,FOREIGN_NATIONAL,REST,BHIM,ISSUER_07,True,True,ON,2025-11-18,STD,0.491,-0.06,0.068,0.185,True,False,False,IN
U_ad32fb9ac8,I-3,NRI,IN,GPAY,ISSUER_12,False,True,ON,2025-12-06,STD,0.65,-0.079,0.107,0.003,True,True,True,IN
U_cbc39a2671,I-4,FOREIGN_NATIONAL,BD,BHIM,ISSUER_06,True,True,ON,2025-04-19,STD,0.447,0.32,0.261,0.05,False,True,True,IN
U_da0fa67b4f,I-3,NRI,IN,GPAY,ISSUER_07,True,True,ON,2026-06-13,STD,0.193,-0.146,0.272,-0.06,True,True,False,IN
U_59ca7456ab,I-1,OCI,SG,GPAY,ISSUER_03,True,True,ON,2025-11-05,STD,0.455,0.256,0.228,0.097,True,True,True,IN
U_1a6bf29586,I-3,NRI,IN,BHIM,ISSUER_05,True,True,ON,2025-03-14,ELEVATED,0.728,0.131,0.146,-0.023,True,True,False,IN
U_c8dd616678,I-1,FOREIGN_NATIONAL,CA,BHIM,ISSUER_04,True,True,ON,2024-12-19,STD,0.156,-0.085,0.218,0.265,True,False,True,IN
U_05703ac350,I-1,FOREIGN_NATIONAL,CA,GPAY,ISSUER_06,True,True,ON,2025-01-26,STD,0.538,-0.185,0.286,0.034,True,True,True,IN
U_cea5ab6ccf,I-3,NRI,IN,PHONEPE,ISSUER_10,True,True,ON,2024-10-12,STD,0.601,0.031,0.201,0.079,True,False,False,IN
U_5c30cddcbb,I-4,FOREIGN_NATIONAL,REST,BHIM,ISSUER_04,False,True,ON,2026-06-03,STD,0.649,-0.131,0.218,-0.15,True,False,False,IN
U_5f979b1663,I-1,FOREIGN_NATIONAL,AU,PHONEPE,ISSUER_12,True,True,ON,2025-04-07,STD,0.425,0.19,0.03,0.291,True,True,True,IN
U_ff16a47569,I-1,FOREIGN_NATIONAL,US,PHONEPE,ISSUER_11,True,False,ON,2025-08-22,STD,0.319,0.069,0.269,0.051,False,True,False,IN
U_fc1ec22678,I-1,FOREIGN_NATIONAL,CA,PHONEPE,ISSUER_02,True,False,ON,2025-04-26,STD,0.142,-0.016,0.248,0.12,True,True,True,IN
U_e59b31ad87,I-3,NRI,IN,PHONEPE,ISSUER_11,True,True,ON,2025-03-24,STD,0.43,0.085,0.237,0.082,True,False,True,IN
U_8b14921ea8,I-1,FOREIGN_NATIONAL,REST,PHONEPE,ISSUER_12,False,False,ON,2025-07-08,STD,0.109,0.275,0.212,-0.06,True,True,True,IN
U_454d2bd462,I-1,FOREIGN_NATIONAL,AE,GPAY,ISSUER_04,True,True,ON,2024-11-07,STD,0.141,-0.201,0.47,0.037,True,False,False,IN
U_1df4240e70,I-1,OCI,AU,BHIM,ISSUER_07,False,False,ON,2025-09-12,STD,0.736,-0.042,0.231,-0.021,False,True,True,IN
U_00751afb28,I-2,FOREIGN_NATIONAL,DE,PHONEPE,ISSUER_06,True,True,ON,2025-07-05,STD,0.606,0.272,0.251,-0.022,False,True,False,IN
U_30fc567b9a,I-3,NRI,IN,GPAY,ISSUER_11,True,True,ON,2025-01-22,STD,0.288,-0.151,0.32,0.006,True,True,False,IN
U_47ecb9bd10,I-1,OCI,REST,BHIM,ISSUER_10,True,True,ON,2025-05-10,STD,0.401,-0.174,0.549,-0.047,False,True,True,IN
U_06c662c6c1,I-3,NRI,IN,BHIM,ISSUER_02,True,True,ON,2026-07-18,STD,0.555,0.175,0.143,0.098,True,False,True,IN
U_60b09d836a,I-2,FOREIGN_NATIONAL,BD,GPAY,ISSUER_10,True,False,ON,2025-03-17,STD,0.801,0.069,0.128,0.202,True,True,False,IN
U_12ffca2f88,I-3,NRI,IN,PHONEPE,ISSUER_09,True,True,ON,2024-08-28,STD,0.175,0.005,0.257,-0.045,True,True,True,IN
U_51829e7d40,I-4,FOREIGN_NATIONAL,REST,BHIM,ISSUER_04,True,True,ON,2025-12-15,STD,0.629,-0.052,0.213,0.033,True,False,False,IN
U_83774dff66,I-1,FOREIGN_NATIONAL,BD,PHONEPE,ISSUER_11,True,True,ON,2025-03-22,STD,0.303,0.06,0.134,0.113,True,False,True,IN
U_4d99c87bf5,I-4,FOREIGN_NATIONAL,US,PHONEPE,ISSUER_07,True,True,ON,2025-03-30,STD,0.15,0.169,0.385,-0.142,False,False,True,IN
U_3fc5a48377,I-1,FOREIGN_NATIONAL,NP,PHONEPE,ISSUER_07,True,True,ON,2025-11-29,ELEVATED,0.715,0.176,0.189,-0.02,True,True,True,IN
U_7339f1f9eb,I-2,FOREIGN_NATIONAL,AU,PHONEPE,ISSUER_11,False,True,ON,2025-03-13,STD,0.666,0.374,0.164,0.002,True,True,False,IN
U_6451958fef,I-3,NRI,IN,PHONEPE,ISSUER_09,True,False,ON,2025-01-13,STD,0.753,-0.126,0.275,0.136,True,True,True,IN
U_ee29d45546,I-1,FOREIGN_NATIONAL,GB,PHONEPE,ISSUER_12,True,True,ON,2025-06-10,STD,0.747,0.002,0.361,0.257,True,True,False,IN
U_811510df93,I-4,FOREIGN_NATIONAL,NP,PHONEPE,ISSUER_06,True,False,ON,2025-06-18,STD,0.305,0.593,0.317,-0.037,True,True,True,IN
U_ce7abea522,I-3,NRI,IN,BHIM,ISSUER_11,False,True,ON,2025-05-14,STD,0.445,0.213,0.067,-0.009,False,True,True,IN
U_1501ab5d28,I-2,OCI,NP,BHIM,ISSUER_08,True,True,ON,2026-04-09,STD,0.342,-0.03,0.358,-0.14,True,True,False,IN
U_c9ac08bee5,I-3,NRI,IN,BHIM,ISSUER_08,True,True,ON,2025-03-03,STD,0.395,-0.242,0.153,0.124,True,True,True,IN
U_0f44b440a5,I-1,FOREIGN_NATIONAL,GB,PHONEPE,ISSUER_11,False,True,ON,2026-06-13,STD,0.719,-0.112,0.147,0.276,True,True,False,IN
U_322abececd,I-1,FOREIGN_NATIONAL,AU,GPAY,ISSUER_04,True,True,ON,2025-08-14,STD,0.431,0.383,0.179,0.124,True,True,False,IN
U_34e7e4c381,I-4,FOREIGN_NATIONAL,REST,GPAY,ISSUER_09,True,True,ON,2026-06-17,STD,0.628,-0.089,0.558,-0.15,True,True,True,IN
U_93e66e0a7e,I-1,OCI,CA,PHONEPE,ISSUER_12,False,True,ON,2025-05-26,STD,0.017,0.001,0.449,-0.085,True,False,False,IN
U_e621b29a75,I-1,FOREIGN_NATIONAL,DE,BHIM,ISSUER_08,True,True,ON,2025-11-14,STD,0.731,0.538,0.177,0.07,True,True,False,IN
U_7348a59df1,I-1,FOREIGN_NATIONAL,AU,BHIM,ISSUER_06,True,True,ON,2025-03-18,STD,0.076,0.117,0.313,-0.07,True,True,False,IN
U_c38079efff,I-3,NRI,IN,BHIM,ISSUER_11,True,True,ON,2024-10-12,ELEVATED,0.552,-0.14,0.557,0.007,False,False,False,IN
U_d26710357d,I-3,NRI,IN,PHONEPE,ISSUER_08,True,True,ON,2026-06-27,STD,0.89,-0.133,0.652,-0.15,True,True,False,IN
U_f63ecd05fe,I-2,FOREIGN_NATIONAL,US,PHONEPE,ISSUER_03,True,True,ON,2025-08-15,STD,0.323,0.342,0.159,0.061,True,True,False,IN
U_981950a8c1,I-1,FOREIGN_NATIONAL,AU,BHIM,ISSUER_05,True,True,ON,2026-06-07,STD,0.683,0.304,0.143,0.003,True,True,True,IN
U_143fa0a498,I-3,NRI,IN,PHONEPE,ISSUER_10,False,True,ON,2025-08-10,STD,0.555,-0.157,0.135,-0.018,True,True,True,IN
U_d0f163435b,I-1,FOREIGN_NATIONAL,REST,GPAY,ISSUER_08,True,True,ON,2025-07-21,RESTRICTED,0.207,0.242,0.446,0.044,True,False,True,IN
U_a12fb70420,I-3,NRI,IN,BHIM,ISSUER_05,False,True,ON,2025-01-24,ELEVATED,0.68,0.03,0.163,0.23,True,False,True,IN
U_37d9518bca,I-1,FOREIGN_NATIONAL,MY,GPAY,ISSUER_05,True,True,ON,2024-08-26,STD,0.233,0.022,0.355,0.186,False,True,True,IN
U_d4203f247a,I-1,OCI,AE,PHONEPE,ISSUER_10,True,True,ON,2024-10-23,STD,0.712,0.404,0.385,-0.014,True,False,False,IN
U_67747e1810,I-1,OCI,BD,GPAY,ISSUER_10,True,True,ON,2025-04-20,STD,0.935,-0.17,0.603,0.062,False,True,True,IN
U_ef9c8237d9,I-1,FOREIGN_NATIONAL,US,BHIM,ISSUER_03,True,True,ON,2025-01-22,STD,0.441,0.058,0.319,-0.15,True,False,True,IN
U_0fd3451130,I-1,FOREIGN_NATIONAL,AU,GPAY,ISSUER_07,True,True,ON,2025-10-13,STD,0.301,-0.013,0.644,-0.15,False,False,True,IN
U_2de4250be3,I-2,FOREIGN_NATIONAL,LK,BHIM,ISSUER_12,True,True,ON,2025-12-19,STD,0.532,0.457,0.265,0.088,True,True,False,IN
U_852228ebcc,I-1,OCI,REST,PHONEPE,ISSUER_10,True,True,ON,2025-11-04,STD,0.185,-0.123,0.079,0.036,False,False,True,IN
U_24a65d7dca,I-3,NRI,IN,BHIM,ISSUER_11,True,True,ON,2026-02-02,STD,0.741,0.423,0.411,0.016,True,False,True,IN
U_7001a1d862,I-1,FOREIGN_NATIONAL,MY,GPAY,ISSUER_10,True,True,ON,2025-02-20,STD,0.715,0.043,0.136,0.141,True,True,False,IN
U_60075c7713,I-2,OCI,BD,GPAY,ISSUER_01,True,True,ON,2025-10-13,STD,0.936,-0.061,0.824,-0.019,True,True,True,IN
U_34ba1369c1,I-4,OCI,AE,BHIM,ISSUER_10,True,True,ON,2024-11-08,STD,0.832,0.005,0.354,0.089,False,True,True,IN
U_3543a7d138,I-1,OCI,REST,PHONEPE,ISSUER_07,True,True,ON,2024-08-31,STD,0.682,0.151,0.272,-0.15,True,True,True,IN
U_18c8ab54aa,I-1,OCI,FR,GPAY,ISSUER_07,True,True,ON,2026-05-17,STD,0.5,0.363,0.395,-0.15,False,False,True,IN
U_4999afe48a,I-1,FOREIGN_NATIONAL,BD,BHIM,ISSUER_11,False,True,ON,2025-04-16,STD,0.417,-0.163,0.351,-0.08,True,True,True,IN
U_a2b60fedab,I-1,OCI,AU,BHIM,ISSUER_03,True,False,ON,2024-10-18,STD,0.789,-0.205,0.492,0.086,True,True,False,IN
U_b29d227c8d,I-3,NRI,IN,GPAY,ISSUER_09,True,True,ON,2026-01-30,STD,0.612,-0.333,0.462,0.177,True,False,True,IN
U_64a3e3ad14,I-1,FOREIGN_NATIONAL,BD,BHIM,ISSUER_05,True,True,ON,2026-06-28,STD,0.876,0.334,0.334,0.205,True,False,True,IN
U_e2f992ae2a,I-3,NRI,IN,PHONEPE,ISSUER_10,True,True,ON,2026-04-30,STD,0.861,-0.047,0.071,0.259,False,True,False,IN
U_2988adc8c6,I-2,OCI,MY,BHIM,ISSUER_04,False,True,ON,2025-09-22,STD,0.798,0.475,0.272,-0.15,True,True,False,IN
U_add9e50a0b,I-3,NRI,IN,PHONEPE,ISSUER_11,True,True,ON,2024-12-31,STD,0.392,-0.029,0.561,-0.046,True,True,True,IN
U_1a9f07d86e,I-3,NRI,IN,BHIM,ISSUER_12,True,True,ON,2025-03-24,STD,0.642,-0.039,0.085,-0.018,True,True,True,IN
U_e142fad750,I-4,FOREIGN_NATIONAL,GB,BHIM,ISSUER_04,True,False,ON,2025-08-03,STD,0.852,-0.127,0.224,-0.15,True,False,False,IN
U_216cbe5e58,I-1,OCI,SG,GPAY,ISSUER_06,True,True,ON,2024-11-20,STD,0.229,0.178,0.407,0.197,True,True,True,IN
U_f3c7830a18,I-3,NRI,IN,PHONEPE,ISSUER_02,False,True,ON,2024-08-24,STD,0.607,-0.261,0.036,0.064,False,True,True,IN
U_160fd7dca1,I-3,NRI,IN,PHONEPE,ISSUER_05,True,True,ON,2024-10-31,STD,0.498,-0.396,0.026,0.029,False,False,True,IN
U_818dfe78e9,I-1,FOREIGN_NATIONAL,LK,BHIM,ISSUER_07,False,True,ON,2025-05-04,STD,0.403,0.26,0.119,-0.15,False,False,False,IN
U_e6302ae3a8,I-1,OCI,REST,GPAY,ISSUER_10,False,True,ON,2025-09-01,RESTRICTED,0.325,0.053,0.43,0.028,True,True,True,IN
U_b5877018e6,I-4,FOREIGN_NATIONAL,BD,BHIM,ISSUER_01,True,False,ON,2025-10-01,STD,0.519,0.114,0.249,0.165,True,True,True,IN
U_3892c21438,I-1,FOREIGN_NATIONAL,CA,GPAY,ISSUER_09,True,True,ON,2025-07-24,STD,0.407,0.109,0.179,0.143,True,True,False,IN
U_6923fa5fc7,I-3,NRI,IN,BHIM,ISSUER_07,True,False,ON,2026-02-27,STD,0.228,0.094,0.565,-0.078,True,True,False,IN
U_3a101a990a,I-1,FOREIGN_NATIONAL,AE,PHONEPE,ISSUER_05,True,True,ON,2024-09-25,STD,0.679,-0.259,0.318,0.149,True,True,True,IN
U_c372580a74,I-1,FOREIGN_NATIONAL,REST,BHIM,ISSUER_07,True,True,ON,2025-04-29,STD,0.511,0.298,0.251,-0.15,False,True,False,IN
U_aadfbb7387,I-1,FOREIGN_NATIONAL,REST,GPAY,ISSUER_11,True,True,ON,2026-05-15,STD,0.398,-0.085,0.477,-0.106,True,True,False,IN
U_f653af9a6c,I-2,FOREIGN_NATIONAL,GB,PHONEPE,ISSUER_04,True,False,ON,2025-11-02,STD,0.172,-0.275,0.078,0.402,True,True,False,IN
U_e5d3198bed,I-1,FOREIGN_NATIONAL,AU,PHONEPE,ISSUER_11,True,True,ON,2025-12-18,STD,0.408,0.095,0.443,-0.096,False,True,False,IN
U_c4d7270ae8,I-3,NRI,IN,GPAY,ISSUER_06,True,True,ON,2026-05-27,STD,0.472,-0.239,0.546,-0.035,True,True,True,IN
U_f058b60158,I-3,NRI,IN,PHONEPE,ISSUER_04,True,True,ON,2026-02-18,STD,0.89,-0.373,0.185,0.098,True,False,True,IN
U_b3c3598c43,I-1,OCI,DE,PHONEPE,ISSUER_03,True,True,ON,2026-06-24,STD,0.804,0.135,0.214,0.213,True,False,True,IN
U_1592e8b297,I-2,FOREIGN_NATIONAL,SG,GPAY,ISSUER_10,False,True,ON,2025-07-20,STD,0.764,0.372,0.189,0.281,True,False,True,IN
U_f8e13c734f,I-1,FOREIGN_NATIONAL,REST,BHIM,ISSUER_12,True,True,ON,2025-12-14,STD,0.757,0.6,0.491,-0.077,True,False,False,IN
U_7da4f8c789,I-1,FOREIGN_NATIONAL,SG,PHONEPE,ISSUER_07,True,True,ON,2024-12-03,STD,0.521,0.315,0.266,0.207,True,True,True,IN
U_14bf6a6547,I-3,NRI,IN,GPAY,ISSUER_05,True,True,ON,2026-03-08,STD,0.191,0.24,0.408,-0.15,True,True,False,IN
U_0f9f7ee78e,I-1,FOREIGN_NATIONAL,AE,BHIM,ISSUER_10,False,True,ON,2025-12-24,STD,0.659,0.114,0.437,-0.054,True,True,False,IN
U_b2f7c65109,I-2,FOREIGN_NATIONAL,CA,GPAY,ISSUER_02,True,True,ON,2025-03-06,STD,0.052,-0.272,0.12,0.094,True,True,True,IN
U_25fabce6a2,I-3,NRI,IN,PHONEPE,ISSUER_07,True,True,ON,2026-02-09,STD,0.621,-0.165,0.292,0.195,True,True,True,IN
U_991bfe9f0a,I-3,NRI,IN,PHONEPE,ISSUER_07,True,True,ON,2026-01-29,STD,0.117,0.549,0.386,0.018,True,True,False,IN
U_5a9f8e7c35,I-1,FOREIGN_NATIONAL,AE,BHIM,ISSUER_03,True,False,ON,2025-01-14,STD,0.482,0.142,0.045,0.256,True,True,False,IN
U_015d3da4bf,I-1,FOREIGN_NATIONAL,GB,BHIM,ISSUER_04,True,True,ON,2024-10-22,STD,0.531,-0.001,0.474,0.039,True,True,False,IN
U_2d3a7e1854,I-1,OCI,GB,GPAY,ISSUER_03,False,True,ON,2024-08-23,STD,0.225,-0.328,0.867,-0.102,True,False,False,IN
U_1957692a83,I-1,FOREIGN_NATIONAL,MY,BHIM,ISSUER_02,True,True,ON,2026-06-24,STD,0.309,0.462,0.055,0.168,True,False,True,IN
U_8cbc24c8ef,I-1,FOREIGN_NATIONAL,CA,BHIM,ISSUER_12,False,True,ON,2024-09-28,STD,0.47,-0.225,0.141,0.174,True,True,True,IN
U_74ef457168,I-1,OCI,AE,BHIM,ISSUER_04,True,False,ON,2024-11-08,STD,0.588,-0.116,0.4,-0.051,True,False,False,IN
U_bfaff90628,I-1,FOREIGN_NATIONAL,BD,GPAY,ISSUER_08,True,True,ON,2025-11-15,STD,0.599,0.101,0.07,0.111,True,False,True,IN
U_7ec81be4e6,I-2,OCI,GB,PHONEPE,ISSUER_08,True,True,ON,2026-03-29,STD,0.711,0.14,0.388,-0.035,True,True,True,IN
U_766a4f4804,I-3,NRI,IN,GPAY,ISSUER_07,True,True,ON,2025-01-27,STD,0.158,-0.171,0.307,-0.104,True,False,False,IN
U_12596fd32e,I-3,NRI,IN,GPAY,ISSUER_03,True,True,ON,2026-07-20,STD,0.346,0.136,0.508,0.072,True,False,False,IN
U_f316967330,I-4,FOREIGN_NATIONAL,REST,GPAY,ISSUER_02,True,True,ON,2024-11-17,STD,0.322,-0.183,0.667,-0.15,True,False,False,IN
U_7d6ba38773,I-3,NRI,IN,GPAY,ISSUER_10,True,True,ON,2025-03-11,STD,0.67,0.277,0.402,0.095,False,False,True,IN
U_6a2aed1e37,I-1,FOREIGN_NATIONAL,BD,PHONEPE,ISSUER_05,True,True,ON,2025-01-17,STD,0.761,0.217,0.268,0.009,True,True,False,IN
U_8246809d15,I-3,NRI,IN,GPAY,ISSUER_05,False,False,ON,2025-01-21,STD,0.221,0.023,0.159,0.096,True,True,True,IN
U_88cb5f0079,I-1,FOREIGN_NATIONAL,MY,PHONEPE,ISSUER_08,True,True,ON,2026-07-02,STD,0.422,0.061,0.42,-0.124,True,True,False,IN
U_645e2af259,I-1,FOREIGN_NATIONAL,BD,BHIM,ISSUER_11,True,False,ON,2026-04-16,STD,0.625,-0.008,0.45,-0.096,False,False,True,IN
U_ee08e2c4ac,I-3,NRI,IN,GPAY,ISSUER_05,False,True,ON,2025-08-11,STD,0.463,0.16,0.324,0.13,True,True,False,IN
U_36d2551c8b,I-1,FOREIGN_NATIONAL,REST,GPAY,ISSUER_07,False,True,ON,2024-09-19,STD,0.737,0.296,0.101,0.181,True,False,True,IN
U_ad46288821,I-3,NRI,IN,PHONEPE,ISSUER_09,False,True,ON,2026-01-06,STD,0.326,0.111,0.357,-0.124,True,False,True,IN
U_85a5b0a3ad,I-1,OCI,REST,PHONEPE,ISSUER_11,True,True,ON,2026-04-08,STD,0.409,-0.284,0.267,0.011,True,False,True,IN
U_2159aa305b,I-2,FOREIGN_NATIONAL,BD,BHIM,ISSUER_04,True,True,ON,2024-08-14,STD,0.622,-0.149,0.313,-0.014,False,True,True,IN
U_ab548679bf,I-3,NRI,IN,BHIM,ISSUER_02,True,True,ON,2025-02-28,STD,0.798,0.231,0.337,-0.062,False,False,True,IN
U_c4f18e6051,I-3,NRI,IN,PHONEPE,ISSUER_12,True,True,ON,2024-11-04,STD,0.563,-0.243,0.73,0.039,False,True,False,IN
U_bb1b4cb050,I-1,FOREIGN_NATIONAL,DE,GPAY,ISSUER_07,False,True,ON,2025-07-17,STD,0.243,0.12,0.158,0.211,True,False,False,IN
U_2a064a10ed,I-1,OCI,BD,GPAY,ISSUER_06,True,True,ON,2025-12-09,STD,0.454,0.277,0.294,0.137,True,True,False,IN
U_cac43599b7,I-2,FOREIGN_NATIONAL,REST,GPAY,ISSUER_01,True,True,ON,2026-06-10,STD,0.758,0.074,0.169,-0.12,True,True,True,IN
U_42ee47bba3,I-4,FOREIGN_NATIONAL,GB,PHONEPE,ISSUER_05,True,True,ON,2025-03-18,STD,0.796,0.097,0.227,0.042,True,True,False,IN
U_1c585181a8,I-3,NRI,IN,GPAY,ISSUER_11,True,True,ON,2026-07-02,STD,0.182,-0.208,0.274,-0.15,False,False,False,IN
U_221fd68f87,I-4,FOREIGN_NATIONAL,BD,BHIM,ISSUER_04,True,True,ON,2026-04-23,STD,0.562,0.068,0.229,0.081,True,True,False,IN
U_1ace482121,I-1,FOREIGN_NATIONAL,DE,BHIM,ISSUER_03,True,False,ON,2025-09-11,STD,0.509,0.141,0.16,0.102,True,True,False,IN
U_89c19143f6,I-1,FOREIGN_NATIONAL,CA,GPAY,ISSUER_11,False,True,ON,2026-06-19,STD,0.612,0.041,0.249,0.029,True,True,False,IN
U_da91ee8fb9,I-3,NRI,IN,GPAY,ISSUER_08,True,True,ON,2026-07-11,STD,0.091,0.159,0.126,0.094,False,True,True,IN
U_7d2c843dbc,I-2,FOREIGN_NATIONAL,DE,GPAY,ISSUER_08,True,True,ON,2026-05-12,STD,0.275,-0.103,0.42,0.184,True,True,True,IN
U_43af69b37b,I-3,NRI,IN,PHONEPE,ISSUER_10,False,True,ON,2025-06-16,RESTRICTED,0.741,0.422,0.112,0.241,True,False,True,IN
U_3ccc1e78ac,I-3,NRI,IN,PHONEPE,ISSUER_12,True,True,ON,2024-12-15,STD,0.45,0.069,0.17,0.111,True,False,True,IN
U_329e1a8ee0,I-2,OCI,REST,PHONEPE,ISSUER_07,False,False,ON,2025-10-14,STD,0.695,0.467,0.328,0.331,True,True,False,IN
U_9d264d9439,I-3,NRI,IN,BHIM,ISSUER_08,True,True,ON,2024-09-02,STD,0.545,0.134,0.204,0.054,True,True,False,IN
U_f0ce00b0b1,I-3,NRI,IN,GPAY,ISSUER_11,False,True,ON,2026-04-23,STD,0.674,-0.112,0.686,-0.034,True,True,True,IN
U_effcb8422a,I-3,NRI,IN,PHONEPE,ISSUER_12,True,False,ON,2025-12-16,STD,0.917,0.288,0.483,-0.139,True,False,True,IN
U_641c604e3d,I-1,FOREIGN_NATIONAL,LK,GPAY,ISSUER_03,True,True,ON,2025-07-12,STD,0.922,-0.272,0.431,-0.002,True,True,True,IN
U_d7eb45e209,I-3,NRI,IN,BHIM,ISSUER_03,True,True,ON,2026-05-15,STD,0.037,0.255,0.481,-0.079,True,True,False,IN
U_4f1e2c29b6,I-1,FOREIGN_NATIONAL,FR,BHIM,ISSUER_04,True,True,ON,2024-12-04,STD,0.898,-0.4,0.621,-0.059,False,True,True,IN
U_10b5cabefa,I-4,FOREIGN_NATIONAL,SG,BHIM,ISSUER_08,True,False,ON,2025-04-01,STD,0.328,0.6,0.163,0.045,False,False,True,IN
U_2dd55f5daf,I-1,FOREIGN_NATIONAL,US,PHONEPE,ISSUER_11,True,True,ON,2025-12-17,STD,0.556,0.378,0.189,-0.047,True,True,True,IN
U_abd2084e12,I-3,NRI,IN,PHONEPE,ISSUER_07,False,True,ON,2024-11-15,STD,0.265,0.071,0.424,0.038,True,True,True,IN
U_6eee343bae,I-1,FOREIGN_NATIONAL,REST,PHONEPE,ISSUER_07,True,True,ON,2025-01-24,STD,0.423,-0.099,0.255,-0.033,True,True,False,IN
U_df5dd0ac6a,I-1,FOREIGN_NATIONAL,SG,PHONEPE,ISSUER_02,False,True,ON,2025-03-25,STD,0.879,0.143,0.199,0.046,True,False,True,IN
U_7a396f86b1,I-1,FOREIGN_NATIONAL,LK,GPAY,ISSUER_03,False,True,ON,2026-06-03,STD,0.707,0.353,0.338,-0.121,True,True,True,IN
U_5ab07f4843,I-2,FOREIGN_NATIONAL,BD,PHONEPE,ISSUER_03,True,True,ON,2026-04-09,STD,0.492,0.6,0.291,-0.085,True,True,False,IN
U_aac4ac4b67,I-4,FOREIGN_NATIONAL,US,GPAY,ISSUER_05,True,True,ON,2025-08-06,STD,0.546,-0.312,0.181,0.025,True,True,True,IN
U_befa9fa956,I-3,NRI,IN,GPAY,ISSUER_05,True,True,ON,2026-02-04,STD,0.384,0.11,0.394,0.149,True,True,True,IN
U_f8404ded74,I-2,OCI,REST,BHIM,ISSUER_12,False,True,ON,2025-05-14,ELEVATED,0.754,0.426,0.35,0.066,True,True,False,IN
U_6f2d3e0603,I-3,NRI,IN,GPAY,ISSUER_01,True,True,ON,2024-12-31,STD,0.449,-0.267,0.088,0.197,True,True,True,IN
U_74ef2be312,I-3,NRI,IN,PHONEPE,ISSUER_08,False,False,ON,2025-09-15,STD,0.748,0.044,0.174,0.099,False,True,True,IN
U_6119ff0c93,I-1,OCI,US,PHONEPE,ISSUER_06,True,True,ON,2025-12-10,STD,0.312,-0.038,0.95,-0.15,False,True,False,IN
U_3df78f94bb,I-1,FOREIGN_NATIONAL,US,GPAY,ISSUER_09,True,True,ON,2026-05-25,STD,0.429,-0.319,0.536,-0.056,True,False,True,IN
U_71cd7c0c09,I-3,NRI,IN,BHIM,ISSUER_10,True,True,ON,2025-11-19,STD,0.614,-0.143,0.345,-0.15,True,True,False,IN
U_84f5ea413d,I-1,OCI,GB,BHIM,ISSUER_02,False,True,ON,2025-08-25,STD,0.637,0.054,0.282,-0.15,False,True,True,IN
U_8960847739,I-2,FOREIGN_NATIONAL,US,BHIM,ISSUER_12,True,True,ON,2026-07-07,STD,0.52,0.344,0.286,0.179,True,False,False,IN
U_a6e969ed85,I-1,FOREIGN_NATIONAL,REST,PHONEPE,ISSUER_10,True,False,ON,2024-12-05,STD,0.748,-0.056,0.59,-0.051,True,True,False,IN
U_5903043e69,I-1,OCI,NP,PHONEPE,ISSUER_12,True,False,ON,2025-06-20,STD,0.358,-0.145,0.564,0.0,False,True,True,IN
U_766f059ae5,I-1,FOREIGN_NATIONAL,REST,GPAY,ISSUER_08,True,True,ON,2025-05-07,STD,0.306,0.123,0.234,-0.021,True,True,True,IN
U_d3a023bf31,I-1,FOREIGN_NATIONAL,US,BHIM,ISSUER_02,True,True,ON,2026-07-30,STD,0.285,-0.142,0.603,-0.15,False,False,False,IN
U_5c4f985132,I-2,FOREIGN_NATIONAL,BD,BHIM,ISSUER_02,False,True,ON,2026-04-17,STD,0.359,-0.327,0.189,-0.034,True,False,True,IN
U_99b406146c,I-3,NRI,IN,BHIM,ISSUER_07,True,True,ON,2026-06-18,STD,0.413,0.021,0.073,0.147,True,True,False,IN
U_79a8d71802,I-1,FOREIGN_NATIONAL,CA,BHIM,ISSUER_09,True,True,ON,2025-08-01,STD,0.627,0.264,0.36,-0.034,False,True,True,IN
U_9dc118ae00,I-1,FOREIGN_NATIONAL,GB,GPAY,ISSUER_08,True,False,ON,2025-01-27,STD,0.809,0.284,0.174,-0.002,True,True,True,IN
U_a58c2c3c00,I-1,FOREIGN_NATIONAL,GB,GPAY,ISSUER_04,False,True,ON,2025-11-27,STD,0.775,-0.228,0.236,0.041,True,False,True,IN
U_e29223bc27,I-3,NRI,IN,PHONEPE,ISSUER_07,False,True,ON,2025-06-03,STD,0.728,0.277,0.348,-0.15,False,True,False,IN
U_1a9aa42aeb,I-4,FOREIGN_NATIONAL,CA,GPAY,ISSUER_02,True,True,ON,2026-07-01,STD,0.091,0.095,0.343,-0.15,True,True,False,IN
U_e99193e765,I-3,NRI,IN,PHONEPE,ISSUER_05,True,True,ON,2026-03-30,STD,0.681,0.464,0.267,-0.059,False,True,True,IN
U_ac71026c98,I-3,NRI,IN,GPAY,ISSUER_09,True,True,ON,2026-06-12,STD,0.714,0.178,0.521,-0.094,False,False,True,IN
U_b6b2891acd,I-1,OCI,LK,BHIM,ISSUER_02,True,True,ON,2025-03-21,ELEVATED,0.769,0.376,0.017,0.212,False,False,False,IN
U_25081db043,I-3,NRI,IN,PHONEPE,ISSUER_08,True,False,ON,2026-04-18,STD,0.639,0.469,0.241,0.11,True,True,False,IN
U_b5248441ad,I-3,NRI,IN,BHIM,ISSUER_05,True,True,ON,2024-10-08,STD,0.797,0.136,0.483,-0.038,True,True,True,IN
U_d9fb028fa4,I-1,FOREIGN_NATIONAL,BD,BHIM,ISSUER_07,True,True,ON,2026-02-23,STD,0.336,0.112,0.161,0.161,True,False,True,IN
U_ea9440e90a,I-1,FOREIGN_NATIONAL,CA,PHONEPE,ISSUER_07,True,False,ON,2025-12-17,STD,0.58,0.241,0.449,-0.07,False,False,True,IN
U_34c3bf80cc,I-1,OCI,LK,GPAY,ISSUER_07,False,True,ON,2025-03-26,STD,0.447,0.584,0.299,-0.088,True,False,True,IN
U_7d552ab5c5,I-4,OCI,SG,BHIM,ISSUER_05,True,True,ON,2025-01-16,STD,0.384,0.358,0.284,-0.102,True,True,False,IN
U_61020011ac,I-4,OCI,GB,PHONEPE,ISSUER_03,True,True,ON,2025-08-06,STD,0.58,-0.148,0.315,-0.021,False,False,True,IN
U_b1de66898b,I-3,NRI,IN,BHIM,ISSUER_07,True,True,ON,2024-12-24,STD,0.794,0.127,0.041,0.103,True,False,False,IN
U_61a369f783,I-1,FOREIGN_NATIONAL,AE,BHIM,ISSUER_08,True,True,ON,2025-07-09,STD,0.718,0.117,0.308,0.007,True,False,True,IN
U_f48ced151d,I-3,NRI,IN,PHONEPE,ISSUER_11,False,True,ON,2025-07-17,STD,0.156,0.433,0.468,-0.014,False,True,True,IN
U_2e50c0a19d,I-2,FOREIGN_NATIONAL,AU,GPAY,ISSUER_06,True,False,ON,2025-09-24,STD,0.803,-0.4,0.434,-0.15,True,True,False,IN
U_db9f471205,I-3,NRI,IN,GPAY,ISSUER_12,True,True,ON,2025-02-16,STD,0.183,0.339,0.342,-0.057,False,True,True,IN
U_16f2dd51a3,I-1,FOREIGN_NATIONAL,US,BHIM,ISSUER_08,True,True,ON,2025-12-08,STD,0.76,0.19,0.452,0.094,True,False,True,IN
U_5add85e0f1,I-3,NRI,IN,GPAY,ISSUER_12,True,True,ON,2025-08-10,STD,0.485,0.052,0.463,-0.03,True,True,True,IN
U_b745827615,I-4,FOREIGN_NATIONAL,GB,BHIM,ISSUER_03,True,False,ON,2025-12-11,STD,0.578,0.239,0.316,0.026,True,False,True,IN
U_950b19684b,I-3,NRI,IN,PHONEPE,ISSUER_07,False,True,ON,2026-01-13,ELEVATED,0.542,0.261,0.049,0.153,True,True,True,IN
U_07ecf23d93,I-3,NRI,IN,PHONEPE,ISSUER_11,True,False,ON,2025-10-15,STD,0.428,-0.007,0.819,-0.15,False,False,True,IN
U_a7f3f689ab,I-1,FOREIGN_NATIONAL,AE,GPAY,ISSUER_02,True,False,ON,2024-12-18,STD,0.129,0.105,0.368,-0.15,True,False,True,IN
U_a84c4ba4ef,I-1,FOREIGN_NATIONAL,DE,PHONEPE,ISSUER_09,True,False,ON,2026-07-06,STD,0.66,0.366,0.338,-0.017,True,True,False,IN
U_d103097036,I-2,FOREIGN_NATIONAL,REST,GPAY,ISSUER_03,True,True,ON,2025-12-18,STD,0.446,0.273,0.265,0.235,False,True,True,IN
U_5b9a30c576,I-2,FOREIGN_NATIONAL,US,BHIM,ISSUER_08,False,True,ON,2025-04-20,STD,0.39,-0.136,0.789,-0.013,False,False,False,IN
U_e7b45a074b,I-3,NRI,IN,BHIM,ISSUER_01,True,True,ON,2026-04-20,STD,0.544,0.134,0.684,0.007,True,True,False,IN
U_75939c0566,I-3,NRI,IN,GPAY,ISSUER_02,True,True,ON,2025-09-21,STD,0.265,-0.229,0.34,-0.002,False,False,True,IN
U_74fa4ab508,I-4,OCI,REST,PHONEPE,ISSUER_02,True,True,ON,2025-09-05,STD,0.726,0.154,0.382,0.097,False,True,False,IN
U_223b467dc3,I-1,FOREIGN_NATIONAL,FR,GPAY,ISSUER_09,False,True,ON,2025-07-07,STD,0.79,0.107,0.145,0.05,True,True,True,IN
U_c6c997806f,I-1,FOREIGN_NATIONAL,GB,BHIM,ISSUER_02,True,True,ON,2025-06-29,STD,0.795,0.534,0.166,0.225,True,True,False,IN
U_66cd7d2dcb,I-1,FOREIGN_NATIONAL,AE,PHONEPE,ISSUER_10,False,True,ON,2025-05-10,STD,0.13,-0.4,0.235,0.192,True,False,True,IN
U_91f958ceb7,I-1,OCI,US,GPAY,ISSUER_09,True,True,ON,2024-11-03,STD,0.311,0.098,0.038,0.169,False,True,False,IN
U_7044801b62,I-3,NRI,IN,PHONEPE,ISSUER_06,False,True,ON,2025-07-15,STD,0.785,0.296,0.366,0.062,True,False,False,IN
U_4609cec612,I-3,NRI,IN,GPAY,ISSUER_08,True,True,ON,2025-07-07,STD,0.832,-0.047,0.21,0.127,True,True,True,IN
U_59eaa3ffac,I-3,NRI,IN,BHIM,ISSUER_12,True,True,ON,2026-01-05,STD,0.152,-0.242,0.7,-0.065,False,True,True,IN
U_46263141be,I-3,NRI,IN,PHONEPE,ISSUER_05,True,True,ON,2025-03-14,STD,0.842,0.108,0.117,0.015,True,False,True,IN
U_8c829bf988,I-3,NRI,IN,BHIM,ISSUER_07,True,False,ON,2025-03-08,STD,0.659,0.225,0.354,0.125,True,True,False,IN
U_7247699412,I-3,NRI,IN,GPAY,ISSUER_12,True,True,ON,2026-06-03,ELEVATED,0.528,0.047,0.365,0.064,True,True,True,IN
U_f71be5be77,I-4,OCI,US,GPAY,ISSUER_04,True,True,ON,2025-10-15,STD,0.403,0.232,0.442,0.019,False,True,False,IN
U_64c2a50b05,I-3,NRI,IN,BHIM,ISSUER_02,False,True,ON,2026-01-01,STD,0.193,0.149,0.312,-0.15,False,False,True,IN
U_2b19e5dabc,I-1,OCI,REST,PHONEPE,ISSUER_02,True,False,ON,2025-03-17,STD,0.465,-0.032,0.246,0.108,True,True,True,IN
U_62ed314803,I-3,NRI,IN,BHIM,ISSUER_09,True,True,ON,2025-06-18,STD,0.081,0.018,0.264,0.151,True,False,False,IN
U_b605be8085,I-3,NRI,IN,GPAY,ISSUER_06,True,True,ON,2024-10-16,STD,0.474,0.012,0.297,0.083,True,True,True,IN
U_98eff12e57,I-1,OCI,AU,BHIM,ISSUER_02,True,True,ON,2025-03-05,STD,0.157,0.388,0.085,0.138,True,False,True,IN
U_ff872707c9,I-1,FOREIGN_NATIONAL,AE,GPAY,ISSUER_07,True,True,ON,2025-05-16,STD,0.75,0.304,0.473,-0.055,True,True,True,IN
U_084b51c22d,I-1,FOREIGN_NATIONAL,AU,PHONEPE,ISSUER_06,True,True,ON,2026-02-02,STD,0.134,0.386,0.264,0.098,True,True,True,IN
U_0e1ae80f3a,I-1,FOREIGN_NATIONAL,FR,GPAY,ISSUER_02,True,True,ON,2025-02-04,STD,0.372,-0.026,0.496,0.102,True,True,False,IN
U_c66a558b7a,I-1,OCI,REST,GPAY,ISSUER_09,True,True,ON,2025-04-21,STD,0.266,-0.146,0.882,-0.15,True,True,True,IN
U_549c582864,I-2,FOREIGN_NATIONAL,AU,GPAY,ISSUER_09,True,True,ON,2025-08-10,STD,0.44,0.124,0.196,-0.031,False,False,True,IN
U_3056287b3f,I-4,OCI,GB,PHONEPE,ISSUER_11,True,True,ON,2025-07-04,STD,0.209,-0.055,0.688,0.024,True,True,False,IN
U_80fe47a02d,I-4,FOREIGN_NATIONAL,US,GPAY,ISSUER_07,True,True,ON,2026-01-09,STD,0.644,0.354,0.507,0.075,False,True,True,IN
U_ac4e96d2b3,I-3,NRI,IN,BHIM,ISSUER_01,True,True,ON,2026-03-09,STD,0.333,0.211,0.223,0.048,True,True,True,IN
U_e191d0600c,I-1,OCI,US,GPAY,ISSUER_06,False,True,ON,2024-10-02,STD,0.879,-0.23,0.491,0.015,True,True,False,IN
U_cfc8248baf,I-1,FOREIGN_NATIONAL,LK,PHONEPE,ISSUER_05,True,False,ON,2025-02-18,STD,0.908,0.055,0.521,-0.111,False,True,True,IN
U_7ae83cd459,I-1,FOREIGN_NATIONAL,CA,GPAY,ISSUER_02,True,False,ON,2024-09-03,STD,0.15,0.23,0.189,0.189,False,False,True,IN
U_6c78dc2960,I-2,OCI,AE,GPAY,ISSUER_11,True,False,ON,2025-08-20,STD,0.695,0.386,0.345,0.188,True,False,True,IN
U_308a68f177,I-1,OCI,REST,PHONEPE,ISSUER_11,True,False,ON,2026-06-03,STD,0.299,0.506,0.484,-0.15,True,False,True,IN
U_bd4a8fc3ca,I-3,NRI,IN,PHONEPE,ISSUER_06,True,False,ON,2026-01-17,ELEVATED,0.629,0.057,0.258,0.081,True,True,False,IN
U_2fb6dcb1ac,I-3,NRI,IN,BHIM,ISSUER_09,False,True,ON,2025-02-21,STD,0.315,0.04,0.146,0.102,False,True,False,IN
U_5e50f6697c,I-1,FOREIGN_NATIONAL,US,PHONEPE,ISSUER_06,True,True,ON,2024-10-10,STD,0.687,0.24,0.117,0.241,True,False,False,IN
U_3c5be478ca,I-3,NRI,IN,BHIM,ISSUER_12,True,True,ON,2025-06-08,STD,0.409,0.27,0.205,0.111,True,True,True,IN
U_8dc1e94b6e,I-3,NRI,IN,BHIM,ISSUER_12,True,True,ON,2025-03-04,STD,0.558,-0.143,0.745,-0.15,False,True,True,IN
U_10696affdb,I-1,FOREIGN_NATIONAL,LK,GPAY,ISSUER_11,False,True,ON,2025-09-18,STD,0.343,-0.275,0.95,-0.15,False,True,True,IN
U_a50a1ea1c9,I-3,NRI,IN,GPAY,ISSUER_11,True,True,ON,2026-07-31,STD,0.821,0.322,0.592,-0.004,False,False,False,IN
U_6dcb43479c,I-1,FOREIGN_NATIONAL,US,PHONEPE,ISSUER_02,False,True,ON,2024-09-01,STD,0.263,0.222,0.03,0.14,True,True,True,IN
U_2e984e5bbb,I-4,FOREIGN_NATIONAL,AE,PHONEPE,ISSUER_11,True,True,ON,2026-06-01,ELEVATED,0.328,-0.005,0.47,-0.126,False,True,False,IN
U_3fce9fbca3,I-3,NRI,IN,PHONEPE,ISSUER_08,False,True,ON,2025-07-16,STD,0.267,0.062,0.097,0.098,True,True,True,IN
U_d0625ad71c,I-1,FOREIGN_NATIONAL,REST,PHONEPE,ISSUER_06,True,True,ON,2025-05-10,STD,0.856,0.22,0.204,0.122,True,True,False,IN
U_ff16e140d1,I-1,FOREIGN_NATIONAL,BD,BHIM,ISSUER_05,True,True,ON,2025-11-26,STD,0.806,-0.141,0.362,-0.13,False,True,False,IN
U_b247c20f7f,I-1,OCI,GB,BHIM,ISSUER_07,True,True,ON,2024-11-11,STD,0.846,-0.019,0.687,0.179,True,False,False,IN
U_653015fb0b,I-4,FOREIGN_NATIONAL,REST,BHIM,ISSUER_04,False,False,ON,2025-09-01,STD,0.057,0.172,0.254,-0.111,True,False,True,IN
U_088b9cae15,I-3,NRI,IN,PHONEPE,ISSUER_06,True,True,ON,2025-09-11,STD,0.576,0.028,0.4,0.126,True,True,True,IN
U_f0c3ac912a,I-3,NRI,IN,BHIM,ISSUER_05,True,True,ON,2026-04-25,STD,0.349,0.308,0.347,0.025,True,True,True,IN
U_0d44210060,I-1,OCI,US,GPAY,ISSUER_02,True,True,ON,2024-11-12,STD,0.152,-0.132,0.24,-0.14,True,False,True,IN
U_70596c3f48,I-3,NRI,IN,BHIM,ISSUER_07,True,True,ON,2026-01-09,STD,0.615,0.015,0.022,-0.034,True,False,True,IN
U_313151780d,I-3,NRI,IN,PHONEPE,ISSUER_08,True,True,ON,2025-02-09,ELEVATED,0.613,0.314,0.452,-0.02,True,True,False,IN
U_a966f8fc45,I-1,OCI,REST,BHIM,ISSUER_04,True,False,ON,2025-06-30,STD,0.418,0.022,0.504,-0.15,True,True,True,IN
U_aac78eac7c,I-1,OCI,US,BHIM,ISSUER_08,True,False,ON,2025-09-14,STD,0.385,-0.149,0.417,0.13,True,True,True,IN
U_0fcc85b77a,I-1,FOREIGN_NATIONAL,MY,BHIM,ISSUER_01,False,True,ON,2024-10-27,ELEVATED,0.898,0.288,0.046,0.161,True,True,False,IN
U_b5c6147f32,I-4,OCI,US,BHIM,ISSUER_04,True,True,ON,2026-05-26,STD,0.295,0.078,0.578,-0.15,True,True,False,IN
U_b1f96d6e1f,I-1,FOREIGN_NATIONAL,AU,GPAY,ISSUER_12,True,True,ON,2025-10-26,STD,0.421,-0.172,0.337,-0.097,True,True,False,IN
U_24bcaea169,I-1,OCI,REST,BHIM,ISSUER_01,False,True,ON,2026-04-06,STD,0.652,0.049,0.203,0.144,True,False,False,IN
U_3cbed62f7c,I-2,OCI,AE,PHONEPE,ISSUER_08,True,True,ON,2025-09-17,STD,0.182,-0.116,0.876,-0.077,True,True,True,IN
U_ccb515bb0d,I-1,FOREIGN_NATIONAL,AU,GPAY,ISSUER_12,True,False,ON,2025-08-17,STD,0.448,0.261,0.199,0.195,False,True,False,IN
U_a17a14329a,I-4,FOREIGN_NATIONAL,BD,BHIM,ISSUER_01,True,True,ON,2024-10-03,STD,0.65,0.305,0.452,0.091,True,False,True,IN
U_fd2ee947aa,I-1,FOREIGN_NATIONAL,REST,GPAY,ISSUER_12,True,True,ON,2024-09-07,STD,0.708,-0.024,0.347,-0.053,True,False,False,IN
U_105b5226c8,I-3,NRI,IN,PHONEPE,ISSUER_06,True,True,ON,2024-12-01,STD,0.714,0.082,0.393,-0.0,False,True,True,IN
U_967d7ccf61,I-3,NRI,IN,PHONEPE,ISSUER_05,True,True,ON,2026-04-10,STD,0.536,0.128,0.229,-0.021,True,True,True,IN
U_e331852321,I-1,OCI,US,GPAY,ISSUER_11,True,True,ON,2025-04-20,STD,0.329,0.006,0.471,-0.005,True,True,True,IN
U_2f4f7881a1,I-1,FOREIGN_NATIONAL,SG,GPAY,ISSUER_12,True,True,ON,2026-03-20,STD,0.495,-0.109,0.153,0.036,True,True,True,IN
U_b4a2535aa9,I-3,NRI,IN,GPAY,ISSUER_04,True,True,ON,2026-06-21,STD,0.253,-0.056,0.687,-0.15,True,False,False,IN
U_a292618cea,I-3,NRI,IN,GPAY,ISSUER_04,True,True,ON,2026-02-28,STD,0.581,0.228,0.183,0.172,True,True,True,IN
U_591132edf9,I-4,FOREIGN_NATIONAL,REST,BHIM,ISSUER_08,True,True,ON,2026-03-10,STD,0.742,-0.056,0.628,-0.068,True,False,False,IN
U_14cd5a1c71,I-1,FOREIGN_NATIONAL,NP,PHONEPE,ISSUER_09,True,True,ON,2025-09-20,STD,0.755,0.307,0.184,0.005,False,False,False,IN
U_9cdae9f059,I-1,OCI,US,BHIM,ISSUER_09,True,True,ON,2025-10-03,STD,0.77,0.298,0.281,0.07,True,True,True,IN
U_a00ba98a5e,I-1,OCI,US,GPAY,ISSUER_12,True,True,ON,2026-06-08,STD,0.713,0.016,0.351,0.171,True,True,True,IN
U_6b55bb6577,I-2,OCI,GB,PHONEPE,ISSUER_10,True,True,ON,2025-09-24,STD,0.468,0.118,0.365,0.056,True,False,False,IN
U_81ef2c4153,I-1,FOREIGN_NATIONAL,LK,PHONEPE,ISSUER_12,True,True,ON,2024-10-25,ELEVATED,0.451,0.386,0.19,-0.15,True,True,False,IN
U_9f11d0392c,I-2,FOREIGN_NATIONAL,US,PHONEPE,ISSUER_10,True,True,ON,2026-03-07,STD,0.309,0.082,0.102,-0.01,True,True,False,IN
U_551adbf182,I-3,NRI,IN,GPAY,ISSUER_09,True,True,ON,2025-01-21,STD,0.68,0.203,0.181,0.054,True,True,True,IN
U_4929b104f0,I-3,NRI,IN,BHIM,ISSUER_02,True,True,ON,2025-05-22,STD,0.617,0.117,0.289,-0.15,True,True,True,IN
U_8f73db3472,I-1,FOREIGN_NATIONAL,FR,GPAY,ISSUER_08,True,True,ON,2025-10-07,STD,0.981,0.182,0.12,0.121,True,True,False,IN
U_7a3a72bdd2,I-4,FOREIGN_NATIONAL,AE,PHONEPE,ISSUER_08,False,True,ON,2026-04-05,STD,0.47,0.039,0.418,0.188,True,True,False,IN
U_3feb5ac21e,I-4,OCI,GB,PHONEPE,ISSUER_11,True,True,ON,2025-06-25,STD,0.504,-0.154,0.399,-0.15,False,True,False,IN
U_b86284c08d,I-1,FOREIGN_NATIONAL,US,PHONEPE,ISSUER_07,True,True,ON,2024-12-22,STD,0.091,0.091,0.459,0.127,True,False,True,IN
U_536a56eba4,I-3,NRI,IN,PHONEPE,ISSUER_07,False,True,ON,2025-02-04,STD,0.87,0.32,0.525,-0.15,True,True,False,IN
U_c4a41f8b86,I-3,NRI,IN,PHONEPE,ISSUER_11,True,False,ON,2024-11-02,STD,0.448,0.026,0.336,-0.108,False,True,False,IN
U_35d530a8c4,I-1,OCI,REST,BHIM,ISSUER_08,True,True,ON,2025-05-07,STD,0.841,0.422,0.292,-0.01,True,False,False,IN
U_ef4e99f7d0,I-1,OCI,REST,PHONEPE,ISSUER_05,False,True,ON,2024-09-21,STD,0.533,0.324,0.251,0.154,True,True,False,IN
U_513f5ad644,I-1,FOREIGN_NATIONAL,AE,GPAY,ISSUER_03,True,True,ON,2026-02-21,STD,0.754,0.098,0.042,0.015,True,True,False,IN
U_5af5ad168b,I-3,NRI,IN,BHIM,ISSUER_05,False,True,ON,2025-09-28,STD,0.475,0.022,0.229,0.061,False,True,True,IN
U_e49182ce74,I-4,FOREIGN_NATIONAL,REST,PHONEPE,ISSUER_07,True,True,ON,2024-11-27,STD,0.688,0.414,0.137,0.013,True,False,True,IN
U_e04b9c9d74,I-3,NRI,IN,GPAY,ISSUER_05,True,True,ON,2026-07-11,STD,0.248,0.224,0.065,0.045,True,False,False,IN
U_d0436b6184,I-2,OCI,AU,BHIM,ISSUER_05,True,True,ON,2025-09-29,STD,0.265,0.112,0.459,0.001,True,True,False,IN
U_c89701f345,I-1,FOREIGN_NATIONAL,BD,GPAY,ISSUER_06,True,True,ON,2025-12-17,STD,0.84,0.104,0.124,-0.028,True,True,True,IN
U_c302e39258,I-2,FOREIGN_NATIONAL,REST,GPAY,ISSUER_05,True,True,ON,2024-12-30,STD,0.219,0.263,0.013,0.128,True,True,False,IN
U_d244eeccf5,I-1,FOREIGN_NATIONAL,SG,PHONEPE,ISSUER_08,True,False,ON,2026-04-13,STD,0.565,0.189,0.373,-0.044,True,False,True,IN
U_e6a6837185,I-3,NRI,IN,PHONEPE,ISSUER_06,True,True,ON,2026-03-13,STD,0.753,0.252,0.49,0.048,False,True,False,IN
U_e54f79001f,I-1,FOREIGN_NATIONAL,FR,GPAY,ISSUER_12,True,False,ON,2025-06-22,STD,0.273,0.197,0.234,-0.029,False,False,True,IN
U_b5bdf3f821,I-1,FOREIGN_NATIONAL,AU,BHIM,ISSUER_11,True,True,ON,2025-12-10,STD,0.31,0.267,0.166,0.05,True,False,True,IN
U_c1e92de600,I-3,NRI,IN,BHIM,ISSUER_10,True,False,ON,2024-09-03,ELEVATED,0.523,0.6,0.082,0.019,False,True,True,IN
U_ed27d81226,I-1,FOREIGN_NATIONAL,BD,GPAY,ISSUER_03,True,True,ON,2024-11-18,STD,0.793,0.062,0.58,0.1,False,True,True,IN
U_d387288505,I-1,OCI,US,GPAY,ISSUER_01,True,True,ON,2025-12-26,STD,0.856,0.206,0.155,0.311,True,False,True,IN
U_4189f4437b,I-1,FOREIGN_NATIONAL,CA,GPAY,ISSUER_08,False,True,ON,2025-09-10,STD,0.591,0.504,0.331,0.111,True,True,True,IN
U_343be9251c,I-1,OCI,SG,BHIM,ISSUER_07,True,True,ON,2025-12-24,STD,0.811,-0.156,0.592,0.056,False,True,True,IN
U_1f1f4ba9ac,I-1,FOREIGN_NATIONAL,LK,GPAY,ISSUER_07,True,True,ON,2026-03-02,STD,0.815,0.054,0.183,0.087,True,True,True,IN
U_0ccf4470e4,I-1,FOREIGN_NATIONAL,GB,BHIM,ISSUER_08,True,True,ON,2026-07-15,STD,0.747,-0.049,0.151,0.123,True,False,True,IN
U_1c9b629a38,I-1,FOREIGN_NATIONAL,MY,PHONEPE,ISSUER_02,True,True,ON,2025-06-26,STD,0.346,0.148,0.204,0.03,True,False,False,IN
U_7ee021b30d,I-1,OCI,GB,GPAY,ISSUER_11,True,True,ON,2024-10-15,ELEVATED,0.444,-0.036,0.188,0.185,True,True,False,IN
U_5266f50bc4,I-3,NRI,IN,GPAY,ISSUER_03,False,True,ON,2024-12-27,STD,0.934,0.235,0.359,0.028,True,False,True,IN
U_f4f3b6a864,I-3,NRI,IN,GPAY,ISSUER_05,False,True,ON,2025-06-14,STD,0.249,-0.195,0.342,0.062,True,True,True,IN
U_71542f228b,I-3,NRI,IN,BHIM,ISSUER_04,False,True,ON,2025-08-14,STD,0.549,0.093,0.07,-0.069,True,True,False,IN
U_cf0bfbcc15,I-3,NRI,IN,BHIM,ISSUER_01,True,True,ON,2025-10-13,STD,0.911,0.031,0.201,0.088,True,False,False,IN
U_b623021f5d,I-2,FOREIGN_NATIONAL,CA,GPAY,ISSUER_01,True,True,ON,2026-01-24,STD,0.447,0.129,0.109,0.175,False,True,True,IN
U_02f240b426,I-1,OCI,AE,PHONEPE,ISSUER_09,False,True,ON,2025-03-30,STD,0.445,-0.388,0.565,-0.089,True,True,False,IN
U_bae6ab496e,I-3,NRI,IN,PHONEPE,ISSUER_05,True,True,ON,2025-02-10,STD,0.36,0.039,0.341,-0.011,True,True,False,IN
U_7f2f6d8358,I-1,FOREIGN_NATIONAL,US,GPAY,ISSUER_02,True,True,ON,2026-03-13,STD,0.784,0.134,0.337,-0.04,True,False,False,IN
U_90dc2a6e21,I-4,FOREIGN_NATIONAL,US,BHIM,ISSUER_04,False,False,ON,2025-07-09,STD,0.465,0.488,0.299,0.262,False,True,False,IN
U_c0dda03e6c,I-3,NRI,IN,PHONEPE,ISSUER_02,True,True,ON,2024-09-21,STD,0.708,0.059,0.506,0.072,False,False,True,IN
U_c272951ac4,I-3,NRI,IN,BHIM,ISSUER_07,True,False,ON,2026-06-28,STD,0.628,-0.053,0.243,-0.15,True,False,False,IN
U_d6aee91e0a,I-1,FOREIGN_NATIONAL,REST,PHONEPE,ISSUER_01,True,True,ON,2026-01-09,STD,0.319,0.102,0.138,0.16,True,True,False,IN
U_0dc8681be3,I-1,FOREIGN_NATIONAL,MY,GPAY,ISSUER_05,False,True,ON,2025-05-03,STD,0.108,0.496,0.413,0.212,False,False,False,IN
U_6fedec4ef9,I-3,NRI,IN,PHONEPE,ISSUER_05,True,True,ON,2024-10-17,STD,0.755,-0.308,0.453,0.052,True,True,False,IN
U_d1871eaf3d,I-1,FOREIGN_NATIONAL,SG,BHIM,ISSUER_01,False,True,ON,2025-05-28,STD,0.557,-0.137,0.365,-0.048,True,False,True,IN
U_65e6d3abe3,I-1,FOREIGN_NATIONAL,AU,PHONEPE,ISSUER_09,False,True,ON,2025-01-24,STD,0.676,0.261,0.277,-0.15,True,True,True,IN
U_46e6eb366b,I-3,NRI,IN,PHONEPE,ISSUER_08,True,True,ON,2025-01-27,STD,0.453,0.246,0.188,0.104,True,False,False,IN
U_9035fbd6ff,I-1,FOREIGN_NATIONAL,REST,GPAY,ISSUER_04,True,True,ON,2025-05-10,STD,0.236,-0.142,0.255,-0.095,True,True,False,IN
U_3d426cdd79,I-1,FOREIGN_NATIONAL,REST,PHONEPE,ISSUER_05,True,True,ON,2025-04-02,STD,0.528,-0.312,0.95,-0.116,True,False,False,IN
U_4dc47c0eb5,I-3,NRI,IN,BHIM,ISSUER_05,True,True,ON,2025-03-29,STD,0.349,0.032,0.48,-0.071,False,True,True,IN
U_7d43fcf103,I-1,FOREIGN_NATIONAL,US,PHONEPE,ISSUER_02,True,True,ON,2025-09-14,STD,0.279,0.213,0.318,-0.03,True,False,True,IN
U_47003094c6,I-3,NRI,IN,BHIM,ISSUER_02,True,True,ON,2024-09-06,STD,0.47,0.342,0.361,0.423,True,True,True,IN
U_334e3b8f72,I-1,FOREIGN_NATIONAL,REST,BHIM,ISSUER_03,True,True,ON,2026-01-02,STD,0.442,0.117,0.214,0.117,True,False,True,IN
U_c0849c5932,I-3,NRI,IN,BHIM,ISSUER_09,True,True,ON,2025-01-11,STD,0.539,0.401,0.058,-0.135,True,False,False,IN
U_e8bf15ad2b,I-3,NRI,IN,PHONEPE,ISSUER_03,True,True,ON,2026-05-16,STD,0.525,-0.196,0.606,-0.15,True,False,False,IN
U_b11d089563,I-4,FOREIGN_NATIONAL,AU,PHONEPE,ISSUER_02,False,True,ON,2026-02-06,STD,0.39,0.052,0.378,-0.103,True,True,True,IN
U_6492ae5bfe,I-1,OCI,REST,BHIM,ISSUER_01,True,True,ON,2025-04-29,STD,0.704,-0.202,0.338,-0.108,False,False,True,IN
U_7176168152,I-1,FOREIGN_NATIONAL,MY,BHIM,ISSUER_09,True,True,ON,2024-11-08,STD,0.896,0.043,0.072,0.126,True,False,True,IN
U_07ec2b0404,I-1,FOREIGN_NATIONAL,SG,GPAY,ISSUER_08,True,False,ON,2026-01-07,STD,0.561,0.288,0.24,0.089,True,True,False,IN
U_4269816502,I-2,FOREIGN_NATIONAL,US,GPAY,ISSUER_09,True,True,ON,2024-08-12,STD,0.397,-0.4,0.682,-0.15,True,True,True,IN
U_8fc766428a,I-4,FOREIGN_NATIONAL,US,GPAY,ISSUER_08,True,True,ON,2026-03-13,ELEVATED,0.878,0.184,0.172,0.176,True,True,False,IN
U_2d33a4760b,I-3,NRI,IN,GPAY,ISSUER_10,True,True,ON,2024-10-07,STD,0.824,0.008,0.265,-0.039,True,True,True,IN
U_fc45929bef,I-1,FOREIGN_NATIONAL,AU,PHONEPE,ISSUER_12,True,True,ON,2025-02-03,STD,0.326,0.219,0.322,0.277,True,True,True,IN
U_d7d563df07,I-3,NRI,IN,PHONEPE,ISSUER_05,False,True,ON,2025-08-09,STD,0.979,0.137,0.323,0.102,False,True,False,IN
U_3584e0165e,I-3,NRI,IN,GPAY,ISSUER_11,False,True,ON,2025-04-23,STD,0.375,-0.097,0.582,0.078,False,False,True,IN
U_181d005a1a,I-3,NRI,IN,PHONEPE,ISSUER_10,True,True,ON,2025-10-21,STD,0.236,-0.4,0.417,0.031,True,True,False,IN
U_fa6024905a,I-2,FOREIGN_NATIONAL,AE,PHONEPE,ISSUER_09,False,True,ON,2025-09-04,STD,0.402,0.479,0.449,0.037,True,True,True,IN
U_84025ddbbe,I-1,FOREIGN_NATIONAL,MY,GPAY,ISSUER_03,True,True,ON,2024-11-28,STD,0.489,0.044,0.017,0.237,True,False,True,IN
U_cab0f946c8,I-4,OCI,AU,BHIM,ISSUER_04,True,True,ON,2025-12-29,STD,0.316,0.068,0.193,0.052,True,False,True,IN
U_c34d4e9d20,I-1,FOREIGN_NATIONAL,FR,PHONEPE,ISSUER_06,False,False,ON,2025-11-30,STD,0.561,-0.011,0.199,0.058,True,True,False,IN
U_d36705480f,I-3,NRI,IN,PHONEPE,ISSUER_05,True,True,ON,2025-06-02,STD,0.339,0.139,0.186,0.205,True,False,True,IN
U_71c6f00e29,I-2,OCI,LK,GPAY,ISSUER_08,True,True,ON,2025-03-15,STD,0.47,-0.223,0.216,-0.103,False,False,True,IN
U_088af02532,I-3,NRI,IN,BHIM,ISSUER_04,True,True,ON,2026-01-17,STD,0.719,-0.115,0.609,-0.15,True,False,False,IN
U_69bbc7c429,I-2,FOREIGN_NATIONAL,US,PHONEPE,ISSUER_03,False,True,ON,2025-08-18,STD,0.798,0.145,0.366,-0.06,True,False,False,IN
U_cf8a5375c8,I-4,FOREIGN_NATIONAL,MY,PHONEPE,ISSUER_09,True,True,ON,2025-04-09,STD,0.748,-0.099,0.222,0.14,True,False,True,IN
U_442c52fe44,I-1,FOREIGN_NATIONAL,AU,BHIM,ISSUER_04,True,True,ON,2026-07-04,STD,0.776,0.063,0.368,-0.11,True,True,True,IN
U_290f715544,I-3,NRI,IN,PHONEPE,ISSUER_10,True,True,ON,2025-05-06,STD,0.656,0.058,0.148,0.088,True,False,False,IN
U_02f6bbf8bb,I-3,NRI,IN,GPAY,ISSUER_05,True,True,ON,2025-07-15,STD,0.832,0.255,0.312,-0.083,True,False,False,IN
U_f61a79fd14,I-1,FOREIGN_NATIONAL,BD,GPAY,ISSUER_08,True,True,ON,2024-11-14,ELEVATED,0.375,-0.134,0.638,0.018,True,False,True,IN
U_c1f17eece0,I-1,FOREIGN_NATIONAL,REST,PHONEPE,ISSUER_01,False,True,ON,2024-08-13,STD,0.383,0.107,0.213,-0.019,True,False,False,IN
U_7940890496,I-1,OCI,AU,BHIM,ISSUER_06,True,True,ON,2025-02-08,STD,0.654,0.056,0.258,-0.078,True,True,True,IN
U_2b4eeca26a,I-1,FOREIGN_NATIONAL,GB,PHONEPE,ISSUER_04,True,True,ON,2025-07-23,STD,0.721,0.249,0.221,0.054,True,True,False,IN
U_1926ac6d1e,I-1,OCI,SG,BHIM,ISSUER_09,True,True,ON,2024-11-09,STD,0.774,0.446,0.33,-0.011,True,True,True,IN
U_dbdf0b647b,I-3,NRI,IN,BHIM,ISSUER_09,True,True,ON,2025-12-29,STD,0.386,0.015,0.254,-0.107,False,False,True,IN
U_366ed2ab14,I-1,OCI,US,GPAY,ISSUER_05,True,True,ON,2024-12-07,STD,0.3,-0.274,0.387,-0.064,True,True,False,IN
U_b43a8fad9a,I-1,FOREIGN_NATIONAL,AE,GPAY,ISSUER_11,False,True,ON,2025-08-25,STD,0.796,0.105,0.176,0.113,True,False,False,IN
U_1a9eb2df9e,I-1,FOREIGN_NATIONAL,SG,BHIM,ISSUER_09,True,True,ON,2026-06-14,STD,0.659,0.082,0.08,0.001,True,True,False,IN
U_2cecd8eadb,I-1,FOREIGN_NATIONAL,REST,GPAY,ISSUER_10,True,True,ON,2025-05-06,STD,0.453,0.077,0.446,0.054,False,False,True,IN
U_40b00ac701,I-3,NRI,IN,BHIM,ISSUER_11,True,False,ON,2025-03-13,STD,0.262,0.029,0.509,0.078,True,False,False,IN
U_26c8cbd18a,I-1,FOREIGN_NATIONAL,GB,GPAY,ISSUER_03,True,True,ON,2025-05-03,STD,0.828,0.206,0.138,0.19,False,True,False,IN
U_54cc93ed6c,I-3,NRI,IN,PHONEPE,ISSUER_11,True,True,ON,2025-04-29,STD,0.372,0.126,0.045,0.255,True,False,False,IN
U_097e6d1c12,I-3,NRI,IN,BHIM,ISSUER_09,False,True,ON,2025-08-11,STD,0.495,0.024,0.183,0.119,True,True,True,IN
U_b56f862436,I-2,FOREIGN_NATIONAL,AU,PHONEPE,ISSUER_12,True,False,ON,2024-12-04,STD,0.697,-0.11,0.398,0.037,True,False,True,IN
U_335868636d,I-2,OCI,NP,GPAY,ISSUER_10,True,True,ON,2025-03-16,STD,0.415,-0.317,0.229,-0.128,True,False,False,IN
U_c08b14952a,I-3,NRI,IN,BHIM,ISSUER_01,True,True,ON,2026-03-06,STD,0.618,0.486,0.377,0.184,True,False,False,IN
U_66846ed879,I-2,FOREIGN_NATIONAL,MY,PHONEPE,ISSUER_04,True,True,ON,2025-02-01,STD,0.298,-0.054,0.372,0.019,True,True,True,IN
U_9dabc07510,I-1,OCI,CA,PHONEPE,ISSUER_03,True,True,ON,2025-02-18,STD,0.225,0.121,0.343,0.047,True,True,False,IN
U_4487ffd218,I-4,OCI,BD,GPAY,ISSUER_12,True,True,ON,2025-11-10,STD,0.333,0.183,0.325,-0.062,True,False,True,IN
U_7b50387af1,I-1,OCI,REST,PHONEPE,ISSUER_12,True,True,ON,2026-02-11,STD,0.478,0.437,0.157,0.153,True,True,False,IN
U_8d02f09a31,I-1,FOREIGN_NATIONAL,REST,GPAY,ISSUER_03,True,True,ON,2025-05-23,STD,0.23,0.048,0.381,0.049,True,True,True,IN
U_0f5833e283,I-1,FOREIGN_NATIONAL,BD,GPAY,ISSUER_01,True,True,ON,2025-03-06,STD,0.555,0.587,0.245,0.206,False,True,True,IN
U_68d881a21f,I-1,OCI,AU,BHIM,ISSUER_09,True,True,ON,2026-05-25,STD,0.543,0.222,0.277,-0.009,True,True,False,IN
U_73cc6b0893,I-3,NRI,IN,PHONEPE,ISSUER_08,True,True,ON,2025-09-22,STD,0.586,-0.333,0.291,0.234,False,True,False,IN
U_e650e0f3f3,I-2,FOREIGN_NATIONAL,AU,GPAY,ISSUER_06,False,True,ON,2026-01-01,STD,0.597,0.106,0.363,0.07,True,False,True,IN
U_61ef8c7b19,I-3,NRI,IN,PHONEPE,ISSUER_03,True,True,ON,2025-08-21,STD,0.098,0.058,0.525,0.302,True,False,False,IN
U_af5509b54b,I-1,FOREIGN_NATIONAL,AE,BHIM,ISSUER_06,True,True,ON,2026-04-30,RESTRICTED,0.543,0.035,0.37,0.157,True,False,True,IN
U_53973a65d2,I-4,OCI,MY,GPAY,ISSUER_01,False,True,ON,2026-03-17,STD,0.177,0.229,0.148,0.011,True,False,True,IN
U_676ad28e29,I-1,OCI,GB,BHIM,ISSUER_06,True,False,ON,2024-12-11,STD,0.067,-0.001,0.656,-0.09,True,False,True,IN
U_e13221c2fa,I-4,OCI,US,PHONEPE,ISSUER_07,True,True,ON,2026-02-17,STD,0.284,-0.191,0.565,-0.15,True,True,False,IN
U_fc0a7bace8,I-1,FOREIGN_NATIONAL,GB,PHONEPE,ISSUER_11,True,True,ON,2026-07-30,STD,0.915,-0.161,0.139,0.151,True,True,False,IN
U_6da52ef656,I-3,NRI,IN,PHONEPE,ISSUER_04,False,True,ON,2025-07-31,STD,0.786,0.223,0.356,-0.093,True,True,True,IN
U_d1334151e4,I-3,NRI,IN,PHONEPE,ISSUER_06,True,False,ON,2026-05-30,STD,0.443,0.167,0.219,-0.026,True,True,True,IN
U_e90cb24ed1,I-1,FOREIGN_NATIONAL,REST,GPAY,ISSUER_11,True,True,ON,2025-03-23,STD,0.307,0.144,0.393,0.248,False,False,True,IN
U_964cc43f1a,I-3,NRI,IN,BHIM,ISSUER_07,True,True,ON,2025-12-21,STD,0.447,-0.239,0.17,0.128,False,True,False,IN
U_65bdde846a,I-4,FOREIGN_NATIONAL,US,GPAY,ISSUER_10,True,True,ON,2025-08-28,STD,0.212,0.04,0.359,0.011,True,False,False,IN
U_0dc845c017,I-1,OCI,REST,BHIM,ISSUER_09,True,True,ON,2024-12-09,STD,0.349,-0.226,0.601,-0.134,True,True,False,IN
U_439a6bed4f,I-3,NRI,IN,BHIM,ISSUER_12,True,True,ON,2025-12-03,STD,0.662,0.305,0.219,-0.15,True,True,True,IN
U_1cd6018748,I-3,NRI,IN,BHIM,ISSUER_05,True,True,ON,2025-12-30,STD,0.84,0.33,0.526,-0.112,False,False,False,IN
U_d9c75b48df,I-3,NRI,IN,BHIM,ISSUER_11,True,True,ON,2025-04-09,STD,0.204,0.29,0.182,0.038,True,True,False,IN
U_79aa887d91,I-3,NRI,IN,BHIM,ISSUER_07,True,True,ON,2025-01-20,STD,0.489,0.573,0.14,0.041,True,True,False,IN
U_ebb7b8d354,I-2,FOREIGN_NATIONAL,DE,GPAY,ISSUER_07,True,True,ON,2024-11-24,STD,0.728,-0.084,0.529,-0.108,False,True,True,IN
U_67e4947d6d,I-1,FOREIGN_NATIONAL,US,GPAY,ISSUER_12,True,True,ON,2024-12-25,STD,0.262,0.009,0.246,0.119,False,False,False,IN
U_18c43bfeeb,I-2,FOREIGN_NATIONAL,SG,PHONEPE,ISSUER_09,False,True,ON,2025-11-19,STD,0.644,0.472,0.165,-0.069,False,True,True,IN
U_a2e4ab8d0e,I-2,FOREIGN_NATIONAL,MY,PHONEPE,ISSUER_05,False,True,ON,2025-10-23,RESTRICTED,0.758,-0.101,0.367,0.24,True,True,False,IN
U_4d8cb45bd1,I-3,NRI,IN,BHIM,ISSUER_08,True,True,ON,2024-10-16,STD,0.206,0.243,0.36,0.056,True,True,False,IN
U_6d0e000a09,I-4,FOREIGN_NATIONAL,AE,BHIM,ISSUER_03,False,False,ON,2025-11-22,STD,0.559,-0.09,0.404,0.107,False,True,False,IN
U_3064f2492f,I-4,OCI,FR,PHONEPE,ISSUER_05,True,False,ON,2025-01-29,STD,0.71,0.6,0.122,0.129,True,False,True,IN
U_a2e39060d2,I-2,FOREIGN_NATIONAL,LK,PHONEPE,ISSUER_07,True,True,ON,2025-10-27,STD,0.636,-0.006,0.498,0.104,True,True,True,IN
U_ed17092d80,I-4,FOREIGN_NATIONAL,REST,BHIM,ISSUER_12,True,True,ON,2025-05-02,STD,0.477,0.309,0.386,-0.008,True,False,True,IN
U_ccf5ab357e,I-1,OCI,REST,GPAY,ISSUER_11,True,True,ON,2024-12-16,STD,0.757,0.095,0.182,-0.111,True,True,True,IN
U_c10a266d93,I-1,OCI,NP,GPAY,ISSUER_03,True,True,ON,2025-07-02,STD,0.363,0.459,0.343,-0.006,True,True,True,IN
U_6337fd7837,I-1,FOREIGN_NATIONAL,DE,PHONEPE,ISSUER_05,True,False,ON,2025-01-13,STD,0.595,-0.084,0.552,0.006,True,True,True,IN
U_9dcbff477a,I-1,FOREIGN_NATIONAL,LK,PHONEPE,ISSUER_01,True,True,ON,2024-11-27,STD,0.17,-0.196,0.728,-0.102,False,True,False,IN
U_5e90744c24,I-3,NRI,IN,PHONEPE,ISSUER_02,True,True,ON,2024-10-12,RESTRICTED,0.514,0.131,0.185,0.026,True,True,True,IN
U_c72c1ed1c9,I-1,FOREIGN_NATIONAL,CA,PHONEPE,ISSUER_05,True,True,ON,2025-01-12,STD,0.866,-0.06,0.255,0.138,False,True,True,IN
U_e838307b17,I-3,NRI,IN,PHONEPE,ISSUER_06,True,True,ON,2026-03-28,STD,0.797,-0.198,0.106,0.012,False,False,False,IN
U_dbcbc62f3b,I-1,FOREIGN_NATIONAL,MY,PHONEPE,ISSUER_06,True,True,ON,2026-03-27,STD,0.648,0.212,0.154,0.034,True,True,True,IN
U_52026ccbc0,I-1,FOREIGN_NATIONAL,BD,GPAY,ISSUER_06,True,False,ON,2025-05-05,STD,0.123,0.226,0.275,0.075,True,False,False,IN
U_65370a81a5,I-1,FOREIGN_NATIONAL,US,BHIM,ISSUER_07,False,True,ON,2024-09-29,STD,0.666,0.302,0.217,0.138,True,True,False,IN
U_5bb17260c9,I-3,NRI,IN,BHIM,ISSUER_04,True,True,ON,2024-10-25,STD,0.396,-0.338,0.613,-0.15,True,True,True,IN
U_1f8d4cd741,I-2,FOREIGN_NATIONAL,GB,PHONEPE,ISSUER_10,False,True,ON,2024-10-03,STD,0.541,0.18,0.265,0.17,True,True,False,IN
U_48569c78e1,I-3,NRI,IN,BHIM,ISSUER_03,True,True,ON,2024-12-15,STD,0.781,0.02,0.519,0.033,True,False,False,IN
U_1558a46b1c,I-1,OCI,BD,BHIM,ISSUER_10,True,True,ON,2025-06-30,STD,0.697,-0.159,0.357,0.15,True,False,False,IN
U_497188a107,I-3,NRI,IN,PHONEPE,ISSUER_02,True,True,ON,2025-12-03,STD,0.744,-0.233,0.29,-0.138,True,False,False,IN
U_0af69c30f8,I-1,FOREIGN_NATIONAL,US,BHIM,ISSUER_05,False,True,ON,2025-08-25,STD,0.657,0.14,0.423,0.215,True,False,False,IN
U_75315c54b7,I-1,FOREIGN_NATIONAL,AE,BHIM,ISSUER_12,True,True,ON,2026-07-18,STD,0.408,0.062,0.259,-0.045,True,True,True,IN
U_362af35e20,I-1,FOREIGN_NATIONAL,CA,BHIM,ISSUER_09,True,False,ON,2025-02-27,STD,0.596,0.338,0.457,0.206,True,True,False,IN
U_4f58a1d508,I-3,NRI,IN,BHIM,ISSUER_07,True,True,ON,2025-01-01,STD,0.857,-0.09,0.313,-0.084,False,False,True,IN
U_76da57d893,I-1,FOREIGN_NATIONAL,GB,GPAY,ISSUER_04,True,True,ON,2026-02-20,STD,0.767,0.132,0.277,-0.133,False,False,True,IN
U_c747467dc9,I-4,OCI,BD,BHIM,ISSUER_11,True,True,ON,2025-07-03,STD,0.365,0.018,0.364,-0.15,True,False,False,IN
U_8a31589432,I-3,NRI,IN,PHONEPE,ISSUER_12,False,True,ON,2025-10-08,STD,0.335,-0.045,0.312,-0.101,True,True,False,IN
U_3371a4ab90,I-1,OCI,GB,PHONEPE,ISSUER_10,True,True,ON,2025-11-10,STD,0.561,0.517,0.069,0.08,True,True,True,IN
U_77e59b3f8a,I-4,OCI,SG,GPAY,ISSUER_11,True,True,ON,2025-12-25,STD,0.387,-0.029,0.61,-0.15,True,False,True,IN
U_eee2e91fec,I-3,NRI,IN,PHONEPE,ISSUER_03,True,True,ON,2025-07-05,STD,0.589,0.394,0.217,0.085,False,False,True,IN
U_710719a133,I-1,FOREIGN_NATIONAL,REST,GPAY,ISSUER_04,True,True,ON,2025-03-26,STD,0.893,0.187,0.289,-0.011,True,True,True,IN
U_dd4c7e6c22,I-1,FOREIGN_NATIONAL,REST,BHIM,ISSUER_08,True,True,ON,2025-11-23,STD,0.815,-0.146,0.538,-0.038,True,False,True,IN
U_fb0e48035a,I-2,FOREIGN_NATIONAL,AU,GPAY,ISSUER_07,True,True,ON,2024-10-08,STD,0.797,-0.115,0.745,-0.15,True,True,False,IN
U_c66248bc8c,I-1,FOREIGN_NATIONAL,AE,BHIM,ISSUER_03,True,True,ON,2026-05-14,STD,0.557,0.142,0.272,-0.15,True,True,True,IN
U_0dba316c16,I-4,FOREIGN_NATIONAL,US,BHIM,ISSUER_02,True,True,ON,2025-09-06,STD,0.7,-0.195,0.524,0.156,True,False,True,IN
U_df665db930,I-1,FOREIGN_NATIONAL,AE,GPAY,ISSUER_09,False,True,ON,2026-03-13,STD,0.469,-0.076,0.399,-0.087,True,True,False,IN
U_abc42dad88,I-3,NRI,IN,BHIM,ISSUER_01,False,True,ON,2025-01-05,STD,0.468,-0.238,0.577,-0.15,True,True,False,IN
U_fb6a11f5df,I-3,NRI,IN,BHIM,ISSUER_12,True,True,ON,2026-02-23,STD,0.721,0.237,0.257,0.093,True,True,False,IN
U_be127c1b78,I-3,NRI,IN,BHIM,ISSUER_04,True,True,ON,2026-04-23,STD,0.244,0.235,0.521,-0.036,False,False,True,IN
U_262624a75a,I-2,FOREIGN_NATIONAL,CA,PHONEPE,ISSUER_01,False,True,ON,2026-02-25,STD,0.422,0.055,0.335,0.058,True,True,False,IN
U_5d85b870eb,I-4,OCI,CA,GPAY,ISSUER_09,True,True,ON,2025-05-30,STD,0.289,0.142,0.411,0.212,False,False,False,IN
U_371450e04d,I-2,OCI,REST,PHONEPE,ISSUER_06,True,True,ON,2026-02-11,STD,0.073,0.474,0.559,-0.028,True,True,True,IN
U_df261fd1bb,I-2,FOREIGN_NATIONAL,SG,PHONEPE,ISSUER_12,False,True,ON,2025-02-01,STD,0.202,0.045,0.399,-0.017,False,True,False,IN
U_c3b8cad838,I-3,NRI,IN,GPAY,ISSUER_10,True,True,ON,2025-06-30,STD,0.466,0.333,0.122,0.127,False,True,False,IN
U_8ee05e7584,I-3,NRI,IN,BHIM,ISSUER_05,True,False,ON,2024-12-01,STD,0.22,-0.4,0.175,-0.095,True,False,True,IN
U_e00810f273,I-2,OCI,CA,GPAY,ISSUER_01,False,True,ON,2025-07-04,STD,0.321,0.052,0.155,-0.001,True,True,False,IN
U_25119e852e,I-1,FOREIGN_NATIONAL,AU,GPAY,ISSUER_03,True,False,ON,2026-07-05,STD,0.458,-0.114,0.574,0.004,False,True,True,IN
U_1d5c5377fd,I-1,FOREIGN_NATIONAL,SG,BHIM,ISSUER_08,True,True,ON,2025-08-31,STD,0.356,0.144,0.221,-0.075,False,False,True,IN
U_a988e0163f,I-4,FOREIGN_NATIONAL,US,BHIM,ISSUER_03,False,True,ON,2025-05-03,STD,0.277,0.375,0.371,0.006,False,True,False,IN
U_4a2f1b5452,I-3,NRI,IN,BHIM,ISSUER_09,True,False,ON,2025-12-30,STD,0.706,0.105,0.165,0.214,True,True,True,IN
U_541a6959ac,I-1,FOREIGN_NATIONAL,DE,BHIM,ISSUER_03,True,True,ON,2026-06-26,STD,0.503,0.354,0.272,-0.15,False,False,True,IN
U_3dc07da44e,I-4,FOREIGN_NATIONAL,US,PHONEPE,ISSUER_09,True,True,ON,2024-12-21,STD,0.576,-0.204,0.794,-0.086,True,False,True,IN
U_ec3120b222,I-1,FOREIGN_NATIONAL,GB,GPAY,ISSUER_12,False,True,ON,2025-11-29,STD,0.113,-0.181,0.245,-0.049,True,True,True,IN
U_4d7a57f121,I-3,NRI,IN,BHIM,ISSUER_07,True,True,ON,2026-07-18,STD,0.7,0.095,0.167,0.047,False,True,False,IN
U_621e38669f,I-4,FOREIGN_NATIONAL,DE,GPAY,ISSUER_11,True,True,ON,2026-03-29,STD,0.391,0.356,0.19,0.115,False,True,True,IN
U_e0959017e4,I-3,NRI,IN,GPAY,ISSUER_10,True,True,ON,2025-08-27,STD,0.291,-0.064,0.494,-0.15,True,True,True,IN
U_04ade8ee70,I-3,NRI,IN,BHIM,ISSUER_06,True,True,ON,2026-05-02,ELEVATED,0.802,0.276,0.251,0.005,True,True,True,IN
U_6612f70afc,I-3,NRI,IN,BHIM,ISSUER_05,False,True,ON,2025-11-17,STD,0.206,0.293,0.505,-0.15,True,False,False,IN
U_19f746c668,I-1,FOREIGN_NATIONAL,REST,GPAY,ISSUER_03,True,False,ON,2025-06-09,STD,0.288,0.111,0.324,0.064,False,False,True,IN
U_c47b7a8856,I-3,NRI,IN,PHONEPE,ISSUER_11,True,True,ON,2025-01-26,STD,0.818,0.256,0.493,-0.031,False,True,False,IN
U_e54700525d,I-1,FOREIGN_NATIONAL,REST,BHIM,ISSUER_03,True,True,ON,2026-04-21,STD,0.349,-0.218,0.53,-0.15,True,True,True,IN
U_9723f5b50f,I-1,OCI,AE,BHIM,ISSUER_05,False,False,ON,2025-04-02,STD,0.902,0.294,0.218,0.114,False,True,False,IN
U_9c3b0873f6,I-2,OCI,REST,PHONEPE,ISSUER_11,False,True,ON,2025-09-15,STD,0.849,0.205,0.103,0.049,True,False,True,IN
U_80a6e6143b,I-4,FOREIGN_NATIONAL,REST,BHIM,ISSUER_01,False,True,ON,2025-06-26,STD,0.18,0.122,0.098,0.184,True,True,False,IN
U_a66e613500,I-2,FOREIGN_NATIONAL,GB,BHIM,ISSUER_08,True,True,ON,2024-12-20,STD,0.533,-0.061,0.348,0.013,True,True,False,IN
U_549f466225,I-1,OCI,BD,PHONEPE,ISSUER_10,False,True,ON,2025-10-09,STD,0.275,0.357,0.295,-0.123,True,False,True,IN
U_c430bf0952,I-1,FOREIGN_NATIONAL,AE,PHONEPE,ISSUER_02,False,True,ON,2026-05-06,STD,0.551,0.278,0.377,0.031,True,True,True,IN
U_167de824c9,I-3,NRI,IN,PHONEPE,ISSUER_11,True,True,ON,2026-07-15,STD,0.241,0.6,0.443,0.163,True,False,True,IN
U_c91fb8b7ac,I-3,NRI,IN,GPAY,ISSUER_02,True,True,ON,2025-04-05,STD,0.936,0.261,0.109,-0.031,False,True,True,IN
U_f49484f083,I-3,NRI,IN,PHONEPE,ISSUER_08,True,True,ON,2025-08-23,STD,0.679,-0.109,0.852,0.119,True,True,False,IN
U_94727ccf00,I-1,FOREIGN_NATIONAL,AU,GPAY,ISSUER_06,True,True,ON,2024-11-21,STD,0.133,0.567,0.43,-0.05,False,False,False,IN
U_9675e816ba,I-4,FOREIGN_NATIONAL,DE,PHONEPE,ISSUER_09,True,True,ON,2024-12-24,STD,0.222,0.248,0.203,0.141,True,False,False,IN
U_96b90acf47,I-2,FOREIGN_NATIONAL,DE,BHIM,ISSUER_06,False,True,ON,2025-06-24,STD,0.444,-0.025,0.325,0.269,False,True,False,IN
U_629c988b15,I-1,FOREIGN_NATIONAL,US,GPAY,ISSUER_05,True,True,ON,2025-02-03,STD,0.594,0.243,0.297,-0.029,True,True,True,IN
U_864f46828e,I-3,NRI,IN,PHONEPE,ISSUER_09,True,True,ON,2025-11-13,ELEVATED,0.855,-0.163,0.47,-0.15,True,True,True,IN
U_88004fff76,I-3,NRI,IN,PHONEPE,ISSUER_11,True,True,ON,2025-01-08,STD,0.296,-0.072,0.356,-0.125,True,True,True,IN
U_65c751c43d,I-4,FOREIGN_NATIONAL,AU,GPAY,ISSUER_07,True,True,ON,2024-08-14,STD,0.873,0.099,0.069,-0.105,True,True,False,IN
U_ad5b2f86b1,I-1,FOREIGN_NATIONAL,LK,GPAY,ISSUER_03,True,True,ON,2025-12-30,STD,0.423,-0.071,0.653,0.129,False,False,True,IN
U_d53ffa4349,I-1,FOREIGN_NATIONAL,DE,PHONEPE,ISSUER_10,True,False,ON,2025-04-03,ELEVATED,0.673,-0.144,0.254,0.017,True,True,True,IN
U_3c5cbdefc9,I-1,FOREIGN_NATIONAL,US,PHONEPE,ISSUER_02,True,True,ON,2026-06-22,STD,0.642,-0.001,0.492,-0.15,True,True,True,IN
U_466b978b35,I-3,NRI,IN,PHONEPE,ISSUER_06,True,False,ON,2024-11-04,STD,0.53,-0.148,0.694,-0.081,True,True,False,IN
U_c46a29e689,I-3,NRI,IN,BHIM,ISSUER_12,True,True,ON,2025-04-09,STD,0.61,-0.092,0.668,-0.072,True,True,True,IN
U_d6a66043b9,I-2,OCI,NP,BHIM,ISSUER_12,True,True,ON,2026-07-07,STD,0.511,-0.4,0.501,-0.15,True,True,True,IN
U_b34de71685,I-1,FOREIGN_NATIONAL,BD,BHIM,ISSUER_08,True,True,ON,2025-03-09,STD,0.453,0.171,0.181,-0.15,True,False,False,IN
U_b18088c750,I-1,FOREIGN_NATIONAL,US,GPAY,ISSUER_08,True,False,ON,2025-10-17,STD,0.466,0.284,0.149,-0.001,True,True,True,IN
U_acb61d0a58,I-1,FOREIGN_NATIONAL,DE,BHIM,ISSUER_12,True,True,ON,2024-08-13,STD,0.286,0.042,0.198,0.121,False,False,False,IN
U_ac44155d12,I-1,OCI,US,GPAY,ISSUER_04,False,True,ON,2024-11-01,STD,0.635,-0.37,0.788,-0.15,True,False,False,IN
U_65579e8a99,I-3,NRI,IN,BHIM,ISSUER_01,False,True,ON,2024-12-03,STD,0.94,-0.143,0.237,0.013,True,False,False,IN
U_549434fb1f,I-2,OCI,SG,GPAY,ISSUER_01,True,True,ON,2025-01-08,STD,0.066,-0.233,0.319,-0.093,True,False,True,IN
U_ab8bc01cea,I-3,NRI,IN,BHIM,ISSUER_05,True,True,ON,2025-01-02,STD,0.624,0.52,0.305,0.004,False,False,False,IN
U_694dfd9890,I-3,NRI,IN,PHONEPE,ISSUER_03,True,True,ON,2026-04-12,STD,0.498,0.122,0.403,-0.073,False,False,False,IN
U_baf505f304,I-1,FOREIGN_NATIONAL,US,PHONEPE,ISSUER_05,True,True,ON,2024-09-22,STD,0.555,0.03,0.319,0.197,False,False,True,IN
U_7dd244f667,I-1,FOREIGN_NATIONAL,US,BHIM,ISSUER_12,True,False,ON,2024-11-30,STD,0.283,0.083,0.351,0.245,False,False,False,IN
U_23543bee0f,I-3,NRI,IN,PHONEPE,ISSUER_05,True,True,ON,2026-06-29,STD,0.891,0.357,0.28,0.148,True,True,True,IN
U_9c16219134,I-1,OCI,FR,BHIM,ISSUER_11,True,True,ON,2025-05-08,STD,0.31,0.086,0.403,0.158,False,True,True,IN
U_c031b03441,I-3,NRI,IN,GPAY,ISSUER_10,False,True,ON,2026-07-26,STD,0.65,-0.1,0.95,-0.099,True,True,False,IN
U_b25419ff88,I-2,FOREIGN_NATIONAL,GB,PHONEPE,ISSUER_09,True,True,ON,2026-04-16,ELEVATED,0.409,0.465,0.227,0.276,True,True,False,IN
U_ad8b2e0fcc,I-1,FOREIGN_NATIONAL,REST,PHONEPE,ISSUER_08,True,False,ON,2025-07-31,ELEVATED,0.732,-0.343,0.475,-0.057,False,False,True,IN
U_43b81b4b4b,I-3,NRI,IN,GPAY,ISSUER_12,True,True,ON,2025-04-17,ELEVATED,0.851,0.333,0.417,0.1,True,True,False,IN
