trip_id,user_id,direction,corridor_pair,purpose,start_date,end_date,party_size,budget_inr,is_first_trip_to_corridor
TRIP_754110a654,U_fa624bccc8,OUT,IN_NP,TRANSIT,2025-07-11,2025-07-19,4,6801.0,True
TRIP_b6bc032196,U_afac4a04f8,OUT,IN_AE,EVENT,2025-12-31,2026-01-02,1,34190.0,True
TRIP_193cefa12d,U_10a11fd7b7,OUT,OTHER_R2,MEDICAL,2024-11-05,2024-11-14,1,9208.0,True
TRIP_be724f25ab,U_a92b3e924e,OUT,IN_LK,VFR,2025-12-11,2025-12-19,3,22429.0,True
TRIP_a36c9a0388,U_a92b3e924e,OUT,IN_AE,MEDICAL,2025-02-06,2025-02-13,2,18952.0,True
TRIP_03a1b96c84,U_a92b3e924e,OUT,IN_QA,EVENT,2024-10-25,2024-11-04,4,6497.0,True
TRIP_8b5bb1af8a,U_f5f444dc64,OUT,OTHER_R2,EDUCATION,2025-08-25,2025-08-28,3,7087.0,True
TRIP_0c9a26d37d,U_f5f444dc64,OUT,IN_KH,VFR,2025-03-20,2025-04-02,4,7706.0,True
TRIP_4a15131b81,U_f4c9a503e4,OUT,IN_BT,LEISURE,2024-09-25,2024-10-07,2,10432.0,True
TRIP_3c7dd6b948,U_f4c9a503e4,OUT,IN_AE,LEISURE,2025-12-31,2026-01-02,3,9181.0,True
TRIP_8de4d5929e,U_1a2965c880,OUT,IN_MU,EDUCATION,2024-09-10,2024-09-22,1,18664.0,True
TRIP_1268931a8a,U_29c3498d97,OUT,IN_AE,LEISURE,2024-12-14,2024-12-17,3,23467.0,True
TRIP_5a4ba5aad5,U_10b6b121e9,OUT,IN_BT,VFR,2024-10-14,2024-10-27,3,25251.0,True
TRIP_91f72608dc,U_10b6b121e9,OUT,OTHER_R2,LEISURE,2025-09-13,2025-09-20,2,12272.0,True
TRIP_1d1a179533,U_10b6b121e9,OUT,IN_SG,LEISURE,2025-01-19,2025-01-30,1,2556.0,True
TRIP_53fd118d7c,U_1e33acf6f2,OUT,IN_AE,LEISURE,2025-01-02,2025-01-13,1,6281.0,True
TRIP_57cd741dd8,U_1e33acf6f2,OUT,IN_LK,LEISURE,2026-06-26,2026-07-04,1,11900.0,True
TRIP_aee16fc2c0,U_1e33acf6f2,OUT,IN_SG,EDUCATION,2026-04-23,2026-05-04,3,7569.0,True
TRIP_92d5c5ee07,U_9f1a8645df,OUT,IN_BT,LEISURE,2025-04-13,2025-04-18,4,5439.0,True
TRIP_89c49fb023,U_f6568ebeb6,OUT,OTHER_R2,MEDICAL,2025-04-24,2025-05-03,1,8724.0,True
TRIP_65a9c399be,U_8f0591f34a,OUT,IN_SG,BUSINESS,2025-06-16,2025-06-23,4,28663.0,True
TRIP_cd30457cf4,U_8f0591f34a,OUT,IN_AE,BUSINESS,2025-11-04,2025-11-06,3,26294.0,True
TRIP_69a7f0df97,U_90f28c5ac2,OUT,OTHER_R2,LEISURE,2025-12-10,2025-12-14,2,46268.0,True
TRIP_f94de878a7,U_90f28c5ac2,OUT,IN_BT,EDUCATION,2025-07-02,2025-07-15,1,6132.0,True
TRIP_b7c496f6d3,U_0b23ae4d04,OUT,IN_AE,MEDICAL,2026-02-20,2026-02-25,2,21083.0,True
TRIP_a6bdd94b83,U_0b23ae4d04,OUT,IN_AE,MEDICAL,2025-10-31,2025-11-14,2,24569.0,False
TRIP_dfe9aa0095,U_0b23ae4d04,OUT,OTHER_R2,MEDICAL,2024-11-28,2024-12-05,1,12399.0,True
TRIP_238421f59f,U_c36c23baca,OUT,IN_AE,EVENT,2025-08-15,2025-08-20,4,41259.0,True
TRIP_9d38298532,U_c23ac7f498,OUT,IN_BT,MEDICAL,2024-09-24,2024-10-02,3,34560.0,True
TRIP_05c9933e46,U_c23ac7f498,OUT,IN_QA,LEISURE,2024-10-21,2024-11-01,4,20936.0,True
TRIP_98bb674172,U_cc67657053,OUT,IN_LK,LEISURE,2025-11-21,2025-11-29,1,8015.0,True
TRIP_9def6df0ba,U_cc67657053,OUT,IN_BT,LEISURE,2026-04-02,2026-04-09,4,25251.0,True
TRIP_80c6a9bbbb,U_058c3338a3,OUT,IN_SG,MEDICAL,2026-02-01,2026-02-04,2,12917.0,True
TRIP_70c59f7be7,U_935241c0df,OUT,IN_AE,MEDICAL,2025-01-12,2025-01-21,4,18878.0,True
TRIP_f15242e295,U_935241c0df,OUT,IN_NP,BUSINESS,2026-04-06,2026-04-15,2,21891.0,True
TRIP_a7dff813e4,U_84a218dfc3,OUT,IN_QA,VFR,2025-12-24,2026-01-07,1,11016.0,True
TRIP_397743f199,U_020f53a751,OUT,IN_NP,LEISURE,2025-06-19,2025-06-29,1,7917.0,True
TRIP_ee08127695,U_9c19236920,OUT,OTHER_R2,LEISURE,2024-08-26,2024-09-05,3,8358.0,True
TRIP_303d23746b,U_6248293760,OUT,IN_AE,LEISURE,2025-09-08,2025-09-20,2,27550.0,True
TRIP_b47dda23b7,U_5f136b9a20,OUT,IN_AE,EDUCATION,2026-02-12,2026-02-19,3,21360.0,True
TRIP_520beadd18,U_5f136b9a20,OUT,IN_LK,EDUCATION,2024-10-13,2024-10-19,2,17737.0,True
TRIP_375c3d401f,U_5f136b9a20,OUT,IN_AE,EDUCATION,2024-09-01,2024-09-10,4,14710.0,True
TRIP_85d76e8a22,U_bcd2fc48f7,OUT,IN_SG,VFR,2025-04-03,2025-04-17,2,2554.0,True
TRIP_efc9792784,U_bcd2fc48f7,OUT,OTHER_R2,LEISURE,2025-05-01,2025-05-09,4,6986.0,True
TRIP_d5c01c3b47,U_0ab2159f49,OUT,IN_SG,LEISURE,2025-06-27,2025-07-07,2,11665.0,True
TRIP_9f1c600612,U_e5e6a9ad66,OUT,IN_QA,BUSINESS,2025-06-23,2025-07-05,1,14987.0,True
TRIP_0d12d1c9a5,U_e5e6a9ad66,OUT,IN_AE,VFR,2025-05-19,2025-05-27,3,6335.0,True
TRIP_2822036222,U_72dfd2ad1f,OUT,IN_SG,LEISURE,2026-02-03,2026-02-06,1,4354.0,True
TRIP_b878b08fb8,U_72dfd2ad1f,OUT,IN_MU,LEISURE,2024-08-20,2024-08-25,4,3575.0,True
TRIP_c765b1f810,U_72dfd2ad1f,OUT,OTHER_R2,PILGRIMAGE,2025-04-19,2025-04-23,4,13389.0,True
TRIP_4518a21ad7,U_1191b974e5,OUT,IN_BT,PILGRIMAGE,2026-01-20,2026-01-25,1,6951.0,True
TRIP_4efaa2cd91,U_1191b974e5,OUT,OTHER_R2,TRANSIT,2025-10-20,2025-10-22,3,7845.0,True
TRIP_db4d5453af,U_1191b974e5,OUT,IN_AE,BUSINESS,2024-10-26,2024-10-30,4,83639.0,True
TRIP_2347b1aa37,U_1191b974e5,OUT,IN_FR,PILGRIMAGE,2026-06-15,2026-06-19,2,8707.0,True
TRIP_47fd13b35a,U_1fb68f15a4,OUT,OTHER_R2,EDUCATION,2026-05-06,2026-05-13,1,7868.0,True
TRIP_2bd3e728e8,U_91f38ae6dc,OUT,IN_NP,LEISURE,2024-11-01,2024-11-09,2,16865.0,True
TRIP_29f63b4fe3,U_91f38ae6dc,OUT,IN_KH,PILGRIMAGE,2025-04-03,2025-04-10,3,13834.0,True
TRIP_6d12558e39,U_91f38ae6dc,OUT,IN_AE,BUSINESS,2025-10-05,2025-10-13,4,33978.0,True
TRIP_60ce015fee,U_91f38ae6dc,OUT,IN_NP,LEISURE,2025-10-16,2025-10-30,4,13355.0,True
TRIP_b4af86012a,U_1ac216b11d,OUT,IN_AE,BUSINESS,2026-03-24,2026-04-01,3,8508.0,True
TRIP_731d705c51,U_1ac216b11d,OUT,IN_AE,MEDICAL,2024-10-03,2024-10-10,2,10414.0,False
TRIP_bb6af2f6c1,U_baad3c2af9,OUT,OTHER_R2,LEISURE,2026-06-27,2026-07-07,2,19485.0,True
TRIP_91fe0ebe69,U_baad3c2af9,OUT,IN_BT,LEISURE,2026-03-21,2026-03-30,1,11730.0,True
TRIP_3167ef3f40,U_baad3c2af9,OUT,IN_AE,LEISURE,2025-11-03,2025-11-16,3,44669.0,True
TRIP_d9ea163b5f,U_baad3c2af9,OUT,IN_QA,EVENT,2025-04-23,2025-05-04,2,24017.0,True
TRIP_b89901d03f,U_aee726623f,OUT,IN_SG,EDUCATION,2026-06-09,2026-06-18,3,21995.0,True
TRIP_ac47230328,U_aee726623f,OUT,IN_QA,LEISURE,2025-02-17,2025-02-25,4,45226.0,True
TRIP_9fb780ff57,U_ad71a24056,OUT,IN_SG,LEISURE,2025-05-15,2025-05-26,2,12273.0,True
TRIP_35b691139e,U_ad71a24056,OUT,IN_AE,VFR,2024-10-21,2024-10-30,4,9997.0,True
TRIP_018602d090,U_ad71a24056,OUT,OTHER_R2,LEISURE,2025-01-08,2025-01-13,1,9384.0,True
TRIP_cb5a528bfd,U_630ad5817c,OUT,IN_SG,BUSINESS,2026-02-12,2026-02-18,4,8260.0,True
TRIP_f77067c48a,U_c1be4b15e7,OUT,IN_AE,BUSINESS,2025-07-12,2025-07-25,4,3170.0,True
TRIP_f4fd6cda3d,U_d906067867,OUT,OTHER_R2,LEISURE,2026-03-06,2026-03-14,1,6127.0,True
TRIP_039e0312af,U_d906067867,OUT,IN_NP,EVENT,2025-05-28,2025-05-30,3,7930.0,True
TRIP_2f3df55f2a,U_d906067867,OUT,IN_SG,MEDICAL,2025-04-26,2025-05-08,2,3598.0,True
TRIP_9f9012ef8f,U_d906067867,OUT,IN_NP,EDUCATION,2025-01-22,2025-01-28,4,22307.0,False
TRIP_74467ef699,U_d906067867,OUT,IN_MU,LEISURE,2025-07-15,2025-07-23,3,16003.0,True
TRIP_d8cca20392,U_47156a783e,OUT,IN_QA,TRANSIT,2025-04-09,2025-04-12,3,9070.0,True
TRIP_1cc3428df9,U_47156a783e,OUT,IN_NP,BUSINESS,2026-01-17,2026-01-27,4,5443.0,True
TRIP_0d1ab8bc36,U_28a245e63b,OUT,OTHER_R2,LEISURE,2024-08-21,2024-08-28,3,14327.0,True
TRIP_a76fc165d1,U_28a245e63b,OUT,IN_NP,EDUCATION,2026-04-20,2026-04-26,1,10250.0,True
TRIP_ec407b650e,U_28a245e63b,OUT,IN_AE,LEISURE,2026-06-12,2026-06-18,1,25080.0,True
TRIP_6fb275824d,U_31b29bb935,OUT,IN_QA,LEISURE,2025-05-19,2025-05-25,3,25637.0,True
TRIP_9494310240,U_d458aa6986,OUT,IN_NP,LEISURE,2025-09-25,2025-10-05,3,3892.0,True
TRIP_b22ffe5720,U_d458aa6986,OUT,OTHER_R2,EDUCATION,2025-09-18,2025-09-30,2,4523.0,True
TRIP_e960a16b0b,U_45962350af,OUT,IN_AE,LEISURE,2025-12-06,2025-12-19,3,24061.0,True
TRIP_54fb3ac679,U_95ea64c9a5,OUT,OTHER_R2,EVENT,2025-03-16,2025-03-19,2,4731.0,True
TRIP_b4d65b7793,U_e95b5f7b2a,OUT,IN_AE,MEDICAL,2026-07-01,2026-07-06,3,21786.0,True
TRIP_a4e4e4a83d,U_e95b5f7b2a,OUT,IN_NP,BUSINESS,2026-05-02,2026-05-09,2,11425.0,True
TRIP_09c997c568,U_3244b30a06,OUT,IN_AE,LEISURE,2025-04-23,2025-05-03,4,14214.0,True
TRIP_ddb450b4e4,U_3244b30a06,OUT,IN_SG,BUSINESS,2025-08-14,2025-08-20,2,30843.0,True
TRIP_367206b100,U_5dc7f0fae1,OUT,IN_MU,LEISURE,2026-03-27,2026-03-29,2,37315.0,True
TRIP_97ad976ab0,U_5dc7f0fae1,OUT,IN_AE,LEISURE,2026-05-14,2026-05-27,3,7607.0,True
TRIP_5da91fef9d,U_d507c95bd3,OUT,IN_SG,BUSINESS,2026-07-03,2026-07-11,1,18707.0,True
TRIP_e02a21cb86,U_d507c95bd3,OUT,IN_BT,LEISURE,2025-05-27,2025-06-08,1,17836.0,True
TRIP_63e470646a,U_d962412ca8,OUT,IN_FR,LEISURE,2025-04-19,2025-04-25,4,5334.0,True
TRIP_5f9db793b6,U_d962412ca8,OUT,IN_AE,LEISURE,2024-09-30,2024-10-10,2,7876.0,True
TRIP_aa84256635,U_756bffb3e0,OUT,IN_AE,EDUCATION,2025-05-06,2025-05-19,4,13206.0,True
TRIP_1dc23bcac9,U_0759548b57,OUT,OTHER_R2,LEISURE,2026-04-04,2026-04-10,3,5690.0,True
TRIP_45cf41d183,U_3004b8c7ce,OUT,IN_AE,BUSINESS,2024-12-07,2024-12-15,3,21387.0,True
TRIP_6bbf5f9a4f,U_3004b8c7ce,OUT,IN_SG,LEISURE,2026-01-20,2026-02-01,3,15619.0,True
TRIP_c7de085be9,U_f18af2ad07,OUT,OTHER_R2,BUSINESS,2024-10-29,2024-11-04,1,15468.0,True
TRIP_6c082e0e10,U_5b16691df9,OUT,IN_AE,LEISURE,2025-08-17,2025-08-30,1,11578.0,True
TRIP_b02d9ca8c1,U_5b16691df9,OUT,OTHER_R2,EVENT,2025-01-20,2025-01-24,3,44355.0,True
TRIP_933a49783e,U_6b76b4b20a,OUT,IN_QA,LEISURE,2025-03-29,2025-04-10,3,6189.0,True
TRIP_a31f8b4161,U_6b76b4b20a,OUT,OTHER_R2,LEISURE,2024-08-25,2024-09-03,4,8071.0,True
TRIP_807d24d850,U_01f2255829,OUT,OTHER_R2,EDUCATION,2025-08-04,2025-08-16,4,7309.0,True
TRIP_5518eff5d4,U_01f2255829,OUT,IN_AE,MEDICAL,2026-05-04,2026-05-11,4,8933.0,True
TRIP_b93430d2af,U_e6d85cc260,OUT,OTHER_R2,BUSINESS,2025-04-21,2025-04-30,3,2393.0,True
TRIP_736c5eb1d3,U_f8dbb91bd5,OUT,IN_NP,VFR,2026-03-06,2026-03-18,3,18374.0,True
TRIP_cd0b2686cc,U_f9280aaecf,OUT,IN_NP,TRANSIT,2025-07-26,2025-07-28,4,19296.0,True
TRIP_ef6c26637b,U_f9280aaecf,OUT,OTHER_R2,VFR,2026-01-27,2026-02-07,3,29058.0,True
TRIP_f903471394,U_f9280aaecf,OUT,IN_QA,VFR,2026-04-12,2026-04-26,2,18323.0,True
TRIP_fd431278fd,U_ffe0756d52,OUT,IN_LK,LEISURE,2025-02-25,2025-03-01,4,29333.0,True
TRIP_4d926071f6,U_ffe0756d52,OUT,IN_AE,PILGRIMAGE,2026-03-15,2026-03-23,3,22399.0,True
TRIP_e013d15b6a,U_fcb8cfba9a,OUT,IN_AE,MEDICAL,2026-05-16,2026-05-28,2,43896.0,True
TRIP_788e76359b,U_20f969819b,OUT,IN_MU,MEDICAL,2025-02-19,2025-02-23,1,11592.0,True
TRIP_1c26a35671,U_4286180589,OUT,IN_AE,LEISURE,2026-04-08,2026-04-22,2,7572.0,True
TRIP_423cbb53d9,U_4286180589,OUT,IN_NP,EVENT,2024-12-27,2025-01-02,4,17015.0,True
TRIP_78eca86fbd,U_561670e3e7,OUT,IN_AE,TRANSIT,2025-05-12,2025-05-23,2,11128.0,True
TRIP_e31e6a6db5,U_561670e3e7,OUT,IN_QA,BUSINESS,2024-08-24,2024-09-02,2,6571.0,True
TRIP_943e394716,U_561670e3e7,OUT,IN_AE,BUSINESS,2024-08-30,2024-09-09,1,21441.0,False
TRIP_38a061427c,U_d4f0a6e51a,OUT,IN_SG,LEISURE,2025-05-01,2025-05-04,3,5243.0,True
TRIP_0333fe921b,U_73576cd1bf,OUT,IN_BT,BUSINESS,2025-12-04,2025-12-08,3,15232.0,True
TRIP_f7a91ab686,U_520ea4082d,OUT,IN_AE,LEISURE,2025-06-27,2025-07-03,4,6706.0,True
TRIP_f10bed9829,U_520ea4082d,OUT,IN_AE,EVENT,2025-12-05,2025-12-10,3,22601.0,False
TRIP_a18ecf79ff,U_cbb4dcf4c0,OUT,IN_AE,MEDICAL,2026-03-17,2026-03-19,3,5655.0,True
TRIP_2bcd59fee2,U_cbb4dcf4c0,OUT,OTHER_R2,BUSINESS,2025-06-19,2025-07-02,3,17306.0,True
TRIP_8c4b3fa4bb,U_cbb4dcf4c0,OUT,IN_BT,BUSINESS,2025-03-16,2025-03-21,4,27221.0,True
TRIP_7076034ee7,U_9155ca0773,OUT,IN_AE,EDUCATION,2026-02-16,2026-02-20,3,6888.0,True
TRIP_9b6bf31316,U_9155ca0773,OUT,IN_AE,EDUCATION,2025-04-04,2025-04-13,1,4812.0,False
TRIP_9e0e495f49,U_9155ca0773,OUT,IN_MU,MEDICAL,2025-09-01,2025-09-08,4,13429.0,True
TRIP_56fda24e8c,U_9155ca0773,OUT,OTHER_R2,EDUCATION,2025-06-07,2025-06-16,2,43171.0,True
TRIP_2d1f13a93a,U_2ad34a3bf3,OUT,IN_QA,MEDICAL,2025-01-16,2025-01-24,3,20817.0,True
TRIP_945eaa913d,U_2ad34a3bf3,OUT,IN_FR,MEDICAL,2025-05-14,2025-05-22,2,2592.0,True
TRIP_a910ea7a0a,U_87fe12d322,OUT,IN_FR,MEDICAL,2026-01-29,2026-02-10,2,6037.0,True
TRIP_13682aa97d,U_76e4d2dc7b,OUT,IN_KH,MEDICAL,2025-03-03,2025-03-10,1,15692.0,True
TRIP_d7b96ca8c3,U_a8d3ffd489,OUT,IN_AE,BUSINESS,2025-05-01,2025-05-12,1,6746.0,True
TRIP_dfe37d03fc,U_076a8ec27b,OUT,IN_AE,BUSINESS,2026-02-06,2026-02-17,2,3735.0,True
TRIP_0b7a6e0c92,U_b822ba1d21,OUT,IN_AE,VFR,2026-02-05,2026-02-13,1,16641.0,True
TRIP_a6b50a86c2,U_b822ba1d21,OUT,IN_BT,TRANSIT,2024-09-24,2024-10-04,1,16773.0,True
TRIP_dde5baae6d,U_34a2d8055f,OUT,IN_AE,LEISURE,2025-02-15,2025-02-19,3,16645.0,True
TRIP_affec78bb1,U_49b44ddc0b,OUT,IN_AE,LEISURE,2025-04-22,2025-05-02,2,30275.0,True
TRIP_5012191085,U_49b44ddc0b,OUT,IN_AE,EDUCATION,2025-02-28,2025-03-03,2,6143.0,True
TRIP_5b67c7a920,U_52decfd3e5,OUT,IN_AE,LEISURE,2025-12-26,2025-12-29,4,4111.0,True
TRIP_10d8758530,U_1c30f113f4,OUT,OTHER_R2,BUSINESS,2025-02-25,2025-03-04,2,43320.0,True
TRIP_39abb68f97,U_1c30f113f4,OUT,IN_AE,EVENT,2025-02-07,2025-02-21,2,8359.0,True
TRIP_633d4a6d8e,U_3c32f77fb5,OUT,IN_SG,PILGRIMAGE,2024-10-20,2024-10-29,3,78416.0,True
TRIP_a59842ec19,U_3c32f77fb5,OUT,OTHER_R2,LEISURE,2025-11-22,2025-11-29,4,8309.0,True
TRIP_b80ab13597,U_2693468689,OUT,IN_AE,EVENT,2025-07-03,2025-07-08,4,12697.0,True
TRIP_b70659b7cf,U_2693468689,OUT,IN_AE,VFR,2025-08-06,2025-08-20,4,19573.0,False
TRIP_622ad51da7,U_5c97893a22,OUT,IN_AE,EDUCATION,2026-06-04,2026-06-15,3,9999.0,True
TRIP_6f91881298,U_5c97893a22,OUT,IN_LK,LEISURE,2025-08-10,2025-08-15,2,12427.0,True
TRIP_36d8ace6c1,U_dd0173036f,OUT,IN_SG,EDUCATION,2024-09-19,2024-09-21,2,31535.0,True
TRIP_bf976a8be6,U_dd0173036f,OUT,IN_AE,EDUCATION,2025-02-25,2025-03-03,2,25053.0,True
TRIP_7d4ad31b34,U_18646cffa8,OUT,IN_AE,VFR,2026-05-29,2026-06-11,2,8132.0,True
TRIP_dc82277776,U_18646cffa8,OUT,IN_AE,LEISURE,2025-02-10,2025-02-13,3,16005.0,True
TRIP_27e5c97c79,U_ce9f57ea4f,OUT,IN_MU,VFR,2026-01-29,2026-02-10,3,23921.0,True
TRIP_e20c205f1d,U_ce9f57ea4f,OUT,IN_AE,LEISURE,2026-03-19,2026-04-02,1,4077.0,True
TRIP_fec24aeeba,U_fd1c0e327f,OUT,OTHER_R2,MEDICAL,2025-01-29,2025-02-11,4,6693.0,True
TRIP_9de2c027e6,U_bbbd41cfcb,OUT,IN_NP,LEISURE,2025-12-24,2026-01-01,1,33586.0,True
TRIP_1ddbe56bca,U_bbbd41cfcb,OUT,IN_AE,LEISURE,2025-07-05,2025-07-10,3,17224.0,True
TRIP_0decca002d,U_2883c57cce,OUT,IN_AE,LEISURE,2026-06-17,2026-06-30,2,11874.0,True
TRIP_39e9a57de3,U_2883c57cce,OUT,IN_MU,LEISURE,2024-09-23,2024-10-03,1,19969.0,True
TRIP_45b30fdc18,U_2883c57cce,OUT,IN_SG,EVENT,2024-11-21,2024-11-24,4,15714.0,True
TRIP_d887b37dbe,U_99bf7c8fd7,OUT,IN_SG,BUSINESS,2024-11-05,2024-11-09,1,21613.0,True
TRIP_3c59e5bc1e,U_09f2bbe992,OUT,IN_AE,LEISURE,2025-12-21,2026-01-02,4,6044.0,True
TRIP_827c19d66f,U_09f2bbe992,OUT,IN_AE,LEISURE,2025-04-04,2025-04-12,2,9494.0,False
TRIP_c1c8cc9617,U_7ab1be4a05,OUT,IN_AE,LEISURE,2025-04-04,2025-04-12,1,21525.0,True
TRIP_28ec5fec34,U_7183f0f61c,OUT,IN_AE,EDUCATION,2025-01-02,2025-01-05,2,58450.0,True
TRIP_9c2f84d4ee,U_ffa0e2c7e7,OUT,IN_NP,EVENT,2026-03-13,2026-03-27,3,22737.0,True
TRIP_01cfcb89a4,U_11e8cbe40a,OUT,OTHER_R2,LEISURE,2025-06-11,2025-06-18,4,43715.0,True
TRIP_c92fffb1b7,U_6bfce08443,OUT,OTHER_R2,PILGRIMAGE,2024-09-24,2024-10-07,4,3364.0,True
TRIP_204d77c799,U_9248823a7d,OUT,IN_AE,VFR,2025-12-21,2026-01-02,3,10016.0,True
TRIP_4530935bb0,U_96eed4a1a2,OUT,IN_AE,BUSINESS,2026-03-18,2026-03-24,3,7446.0,True
TRIP_666429a8cb,U_3760d7b3ef,OUT,IN_FR,BUSINESS,2025-08-30,2025-09-10,2,41010.0,True
TRIP_64eb1d2541,U_3760d7b3ef,OUT,IN_AE,TRANSIT,2025-11-30,2025-12-12,4,49244.0,True
TRIP_43eabe269e,U_dfb4594836,OUT,IN_NP,PILGRIMAGE,2025-12-04,2025-12-17,3,32303.0,True
TRIP_6d176a3dad,U_27a829d547,OUT,IN_AE,LEISURE,2025-12-21,2025-12-25,2,5339.0,True
TRIP_228b4fe109,U_655fc54a13,OUT,IN_NP,LEISURE,2024-12-16,2024-12-30,3,5227.0,True
TRIP_ca7d4ae5f8,U_daced4479f,OUT,IN_SG,LEISURE,2025-06-02,2025-06-14,4,12410.0,True
TRIP_4017bcdea4,U_daced4479f,OUT,OTHER_R2,VFR,2024-09-19,2024-09-23,3,10026.0,True
TRIP_0bc1fa4012,U_ad11a86cfa,OUT,OTHER_R2,TRANSIT,2025-12-16,2025-12-19,1,11592.0,True
TRIP_81227ae97f,U_ad11a86cfa,OUT,IN_AE,PILGRIMAGE,2024-09-16,2024-09-18,3,6467.0,True
TRIP_30ca2aaf0b,U_15cd16d551,OUT,IN_SG,LEISURE,2025-02-04,2025-02-16,3,10587.0,True
TRIP_5f8bb5ec23,U_15cd16d551,OUT,IN_NP,EDUCATION,2026-05-30,2026-06-09,2,18183.0,True
TRIP_e78b84ce0a,U_024c5f6337,OUT,OTHER_R2,LEISURE,2025-10-15,2025-10-20,3,4155.0,True
TRIP_9e1069ec9b,U_aaef02e513,OUT,IN_BT,BUSINESS,2025-08-16,2025-08-20,1,191149.0,True
TRIP_5aa8a4d6f0,U_08e486c071,OUT,IN_AE,LEISURE,2026-06-26,2026-06-29,1,5858.0,True
TRIP_b9872f4eb2,U_ee84f99872,OUT,IN_NP,LEISURE,2024-09-10,2024-09-12,1,6805.0,True
TRIP_0fac515156,U_ee84f99872,OUT,IN_MU,LEISURE,2024-11-23,2024-12-02,2,2946.0,True
TRIP_98c8319373,U_ee84f99872,OUT,IN_SG,LEISURE,2025-03-29,2025-04-11,3,31586.0,True
TRIP_e0821ac0d9,U_ee84f99872,OUT,IN_NP,VFR,2025-07-15,2025-07-27,2,19722.0,False
TRIP_9f38cb0c20,U_494c350aaf,OUT,IN_LK,LEISURE,2025-08-01,2025-08-07,3,19514.0,True
TRIP_39bc360c51,U_494c350aaf,OUT,IN_AE,EDUCATION,2026-02-04,2026-02-17,3,11856.0,True
TRIP_7d1237e256,U_494c350aaf,OUT,IN_AE,VFR,2026-03-04,2026-03-14,3,33733.0,False
TRIP_d3c33154ba,U_be0745d681,OUT,IN_SG,EVENT,2025-03-30,2025-04-08,2,9603.0,True
TRIP_2fb76a1240,U_ebc0178046,OUT,IN_AE,LEISURE,2026-05-02,2026-05-13,2,9936.0,True
TRIP_4a5c7fdead,U_ebc0178046,OUT,IN_BT,BUSINESS,2024-12-18,2024-12-23,1,16084.0,True
TRIP_f44948be1c,U_87deaf9f48,OUT,IN_NP,LEISURE,2026-01-25,2026-01-30,1,5278.0,True
TRIP_37ed037730,U_87deaf9f48,OUT,OTHER_R2,LEISURE,2025-03-16,2025-03-19,3,2340.0,True
TRIP_1568b03911,U_87deaf9f48,OUT,IN_AE,EDUCATION,2025-12-24,2025-12-30,1,31026.0,True
TRIP_8a1e18f95b,U_961d2b241c,OUT,IN_AE,VFR,2025-02-21,2025-03-04,1,6682.0,True
TRIP_f4e1b994e8,U_8110382c31,OUT,IN_MU,PILGRIMAGE,2025-06-19,2025-06-22,3,15094.0,True
TRIP_4f05aa839b,U_8110382c31,OUT,IN_SG,LEISURE,2025-01-20,2025-01-27,2,36691.0,True
TRIP_e770d6807c,U_ac2df7bb76,OUT,IN_AE,TRANSIT,2025-10-07,2025-10-12,2,8293.0,True
TRIP_a355d660fe,U_937832af66,OUT,OTHER_R2,LEISURE,2025-05-27,2025-06-06,3,14106.0,True
TRIP_7435fb4f81,U_937832af66,OUT,IN_AE,BUSINESS,2025-10-30,2025-11-01,2,31019.0,True
TRIP_090f96cf1b,U_937832af66,OUT,IN_AE,VFR,2025-03-14,2025-03-21,1,6664.0,True
TRIP_89fc08942b,U_15217cf805,OUT,IN_AE,LEISURE,2024-09-08,2024-09-11,1,54983.0,True
TRIP_9bc6414802,U_15217cf805,OUT,OTHER_R2,LEISURE,2026-02-16,2026-02-18,3,3533.0,True
TRIP_9f155a1df8,U_15217cf805,OUT,IN_AE,BUSINESS,2026-01-30,2026-02-07,3,73779.0,False
TRIP_7aac5f0a82,U_4c1ade7a07,OUT,IN_AE,LEISURE,2025-06-28,2025-07-02,4,10205.0,True
TRIP_0fceeba532,U_4c1ade7a07,OUT,IN_FR,EDUCATION,2025-10-11,2025-10-21,3,5108.0,True
TRIP_4bf7f402cd,U_12147192e7,OUT,OTHER_R2,LEISURE,2025-09-01,2025-09-09,4,36437.0,True
TRIP_73196d94a5,U_12147192e7,OUT,IN_AE,LEISURE,2026-07-06,2026-07-13,1,23423.0,True
TRIP_05620416c0,U_12147192e7,OUT,OTHER_R2,LEISURE,2024-12-18,2024-12-31,4,12356.0,False
TRIP_d29bb55c67,U_52faf88166,OUT,IN_QA,LEISURE,2025-07-26,2025-07-31,4,49045.0,True
TRIP_6ff41784aa,U_52faf88166,OUT,IN_QA,BUSINESS,2025-09-12,2025-09-21,4,10922.0,False
TRIP_267bd3d894,U_52faf88166,OUT,OTHER_R2,EDUCATION,2024-11-30,2024-12-07,1,26956.0,True
TRIP_6976ff328a,U_5fc500ad74,OUT,IN_NP,LEISURE,2026-04-18,2026-04-25,2,23553.0,True
TRIP_893e15661f,U_8181334afa,OUT,IN_AE,LEISURE,2025-01-19,2025-01-30,2,4474.0,True
TRIP_d839a0d3b0,U_56da22a179,OUT,OTHER_R2,LEISURE,2025-02-02,2025-02-12,2,6842.0,True
TRIP_7faf971aa1,U_56da22a179,OUT,IN_AE,VFR,2025-01-16,2025-01-26,3,3040.0,True
TRIP_32e257f060,U_46eba05f62,OUT,IN_AE,MEDICAL,2025-12-02,2025-12-12,1,7683.0,True
TRIP_c84dcb3e54,U_46eba05f62,OUT,IN_AE,EDUCATION,2026-06-15,2026-06-19,1,9738.0,True
TRIP_af61a8714c,U_2870971475,OUT,OTHER_R2,EDUCATION,2025-06-22,2025-06-29,1,10404.0,True
TRIP_cee97dbfd2,U_e53511da3f,OUT,IN_NP,LEISURE,2024-09-09,2024-09-15,3,6997.0,True
TRIP_43ad603195,U_e53511da3f,OUT,IN_SG,BUSINESS,2025-10-23,2025-10-29,3,6954.0,True
TRIP_1d749ebc49,U_e7735de837,OUT,IN_NP,VFR,2025-04-18,2025-04-25,3,39613.0,True
TRIP_6c6e81d3af,U_f356cd73cf,OUT,IN_SG,EVENT,2026-01-20,2026-01-22,4,16736.0,True
TRIP_2f5b5b3418,U_f356cd73cf,OUT,IN_SG,LEISURE,2025-09-23,2025-10-03,4,27282.0,False
TRIP_c9139581ea,U_f356cd73cf,OUT,IN_FR,LEISURE,2026-03-10,2026-03-15,4,95189.0,True
TRIP_a760b3a7d7,U_f356cd73cf,OUT,IN_AE,LEISURE,2025-12-05,2025-12-12,1,17205.0,True
TRIP_20228f9787,U_f356cd73cf,OUT,OTHER_R2,PILGRIMAGE,2025-06-19,2025-06-27,3,34951.0,True
TRIP_7f39945cd5,U_afd4d4ad0c,OUT,IN_SG,MEDICAL,2025-08-19,2025-08-31,4,41897.0,True
TRIP_4f550540d4,U_bd0fa24bd1,OUT,IN_AE,LEISURE,2026-06-10,2026-06-14,3,39597.0,True
TRIP_c84dfda5a2,U_bd0fa24bd1,OUT,IN_SG,EDUCATION,2025-12-07,2025-12-09,3,4914.0,True
TRIP_1d4c829957,U_cfef73537c,OUT,OTHER_R2,LEISURE,2025-09-03,2025-09-05,3,30695.0,True
TRIP_b5923a149a,U_cfef73537c,OUT,IN_NP,VFR,2024-09-09,2024-09-11,2,2514.0,True
TRIP_d7527d1739,U_f3b489c3c2,OUT,OTHER_R2,PILGRIMAGE,2026-06-14,2026-06-18,3,18274.0,True
TRIP_5391e48476,U_1f9329919b,OUT,IN_AE,EDUCATION,2026-05-01,2026-05-14,2,9596.0,True
TRIP_4143130dc7,U_4a27c44fa1,OUT,IN_AE,MEDICAL,2026-06-12,2026-06-18,4,11410.0,True
TRIP_c805879c2b,U_5d0b8cdcb2,OUT,OTHER_R2,LEISURE,2025-04-09,2025-04-19,4,10544.0,True
TRIP_2418fd5ea1,U_5d0b8cdcb2,OUT,IN_KH,PILGRIMAGE,2026-06-25,2026-06-28,1,3998.0,True
TRIP_a239d77672,U_4d62f7c425,OUT,IN_AE,VFR,2024-12-21,2025-01-01,1,10666.0,True
TRIP_25f0857465,U_4d62f7c425,OUT,IN_BT,BUSINESS,2025-01-13,2025-01-23,3,17443.0,True
TRIP_2b76312900,U_4c50324d66,OUT,IN_AE,BUSINESS,2026-02-20,2026-02-27,3,17089.0,True
TRIP_be9df40210,U_9d0bb748d9,OUT,IN_MU,PILGRIMAGE,2026-07-11,2026-07-15,3,3430.0,True
TRIP_3c121f144d,U_99c3768377,OUT,IN_AE,LEISURE,2025-03-06,2025-03-10,1,20876.0,True
TRIP_7bc278f1f6,U_e88d598ede,OUT,OTHER_R2,LEISURE,2026-03-14,2026-03-16,1,9530.0,True
TRIP_b55f7391e4,U_e88d598ede,OUT,IN_LK,EDUCATION,2025-04-07,2025-04-18,2,10828.0,True
TRIP_7f34f9b4d6,U_9cdc2ddd7f,OUT,IN_AE,BUSINESS,2025-08-12,2025-08-17,3,6782.0,True
TRIP_c2cf526b7b,U_855e425040,OUT,IN_BT,BUSINESS,2025-02-10,2025-02-16,4,58640.0,True
TRIP_af03265a9b,U_dab9e438bc,OUT,IN_AE,EVENT,2024-11-07,2024-11-13,3,10561.0,True
TRIP_2d32606110,U_dab9e438bc,OUT,IN_AE,LEISURE,2025-11-28,2025-12-12,4,18864.0,False
TRIP_1966f145ca,U_dab9e438bc,OUT,IN_AE,VFR,2025-07-14,2025-07-24,2,3536.0,False
TRIP_fe73ccfc77,U_1f1ba2efc6,OUT,IN_NP,TRANSIT,2025-04-21,2025-04-24,3,30571.0,True
TRIP_71e240cb45,U_1f1ba2efc6,OUT,IN_AE,LEISURE,2026-04-14,2026-04-24,2,26177.0,True
TRIP_9b01a5c0f2,U_dbc46eb083,OUT,IN_MU,LEISURE,2024-12-22,2024-12-26,3,33951.0,True
TRIP_bb41c90a06,U_dbc46eb083,OUT,OTHER_R2,PILGRIMAGE,2026-03-16,2026-03-20,3,8008.0,True
TRIP_782227e243,U_dbc46eb083,OUT,IN_AE,VFR,2025-10-01,2025-10-07,3,17268.0,True
TRIP_e7d374a24a,U_432ab61c5a,OUT,IN_AE,EVENT,2024-09-15,2024-09-21,2,3619.0,True
TRIP_2183affc8f,U_432ab61c5a,OUT,IN_NP,BUSINESS,2025-06-13,2025-06-18,2,14917.0,True
TRIP_175a31b696,U_432ab61c5a,OUT,IN_QA,LEISURE,2025-11-07,2025-11-18,1,6593.0,True
TRIP_a649de0627,U_ed2fb93df1,OUT,IN_LK,EDUCATION,2026-03-05,2026-03-15,3,35131.0,True
TRIP_3e8740401f,U_e47646f74a,OUT,IN_AE,VFR,2025-09-16,2025-09-28,2,9768.0,True
TRIP_7415c91a51,U_e47646f74a,OUT,IN_AE,LEISURE,2024-12-08,2024-12-18,3,15202.0,True
TRIP_c8fa2079a6,U_e47646f74a,OUT,OTHER_R2,LEISURE,2024-08-16,2024-08-28,3,4472.0,True
TRIP_5212c886ae,U_e47646f74a,OUT,IN_AE,LEISURE,2026-05-18,2026-05-27,3,9787.0,False
TRIP_94594a6105,U_6797478266,OUT,IN_NP,LEISURE,2025-01-21,2025-01-31,2,16833.0,True
TRIP_1fd73c6685,U_6797478266,OUT,IN_SG,VFR,2026-06-03,2026-06-16,1,31005.0,True
TRIP_b7f7fd34de,U_6797478266,OUT,OTHER_R2,TRANSIT,2025-11-05,2025-11-07,1,4872.0,True
TRIP_cceada134c,U_07bf341506,OUT,IN_SG,MEDICAL,2026-01-24,2026-01-31,3,16149.0,True
TRIP_b0c94cb92c,U_51984d440b,OUT,IN_NP,BUSINESS,2025-08-06,2025-08-19,2,11769.0,True
TRIP_39925693b4,U_51984d440b,OUT,IN_QA,BUSINESS,2026-01-17,2026-01-21,3,18370.0,True
TRIP_68d059bcb6,U_fb0f1b2af4,OUT,IN_AE,LEISURE,2025-09-16,2025-09-24,4,11547.0,True
TRIP_878ad87dfb,U_bdee1b8856,OUT,IN_QA,LEISURE,2026-03-26,2026-04-07,3,8548.0,True
TRIP_da5f946538,U_a99aabaf35,OUT,IN_BT,VFR,2025-10-13,2025-10-26,3,33030.0,True
TRIP_3e676f5c3d,U_91e8d0de7d,OUT,OTHER_R2,VFR,2024-10-21,2024-10-29,3,9830.0,True
TRIP_07ba634332,U_91e8d0de7d,OUT,IN_SG,BUSINESS,2026-06-20,2026-06-23,3,6653.0,True
TRIP_1cd29702ca,U_b300a38659,OUT,IN_AE,LEISURE,2025-07-31,2025-08-13,3,9032.0,True
TRIP_0778d81ba4,U_42ef358db9,OUT,OTHER_R2,VFR,2025-11-10,2025-11-19,4,8304.0,True
TRIP_3db50870e9,U_3b9b37e556,OUT,OTHER_R2,VFR,2025-05-11,2025-05-23,4,1949.0,True
TRIP_c72a84ce28,U_a2622cc617,OUT,IN_NP,LEISURE,2025-03-04,2025-03-18,2,12880.0,True
TRIP_2900a39590,U_a2622cc617,OUT,IN_AE,VFR,2026-05-24,2026-06-01,2,15554.0,True
TRIP_53be61a935,U_ab1548a0c2,OUT,IN_AE,BUSINESS,2026-01-31,2026-02-05,4,13719.0,True
TRIP_24b70a3452,U_2bf7472e6b,OUT,IN_FR,EVENT,2025-08-24,2025-09-05,4,13436.0,True
TRIP_38be6eb0b3,U_828b02176f,OUT,OTHER_R2,BUSINESS,2025-05-09,2025-05-14,2,6009.0,True
TRIP_67cdb89ff9,U_828b02176f,OUT,IN_AE,EDUCATION,2024-10-12,2024-10-25,1,25672.0,True
TRIP_637774aa32,U_828b02176f,OUT,IN_SG,LEISURE,2025-12-07,2025-12-19,2,51180.0,True
TRIP_b15f6fdd3b,U_828b02176f,OUT,IN_LK,VFR,2025-06-13,2025-06-24,4,17912.0,True
TRIP_17395e57b2,U_7eb9e0a6cc,OUT,IN_SG,PILGRIMAGE,2026-06-18,2026-06-29,3,26729.0,True
TRIP_023fa2a599,U_7eb9e0a6cc,OUT,IN_AE,PILGRIMAGE,2026-03-12,2026-03-16,1,19750.0,True
TRIP_9b5419f713,U_894f4ea38c,OUT,IN_KH,EDUCATION,2025-12-02,2025-12-16,4,6630.0,True
TRIP_115661e10f,U_a8487f3219,OUT,IN_AE,LEISURE,2025-09-20,2025-10-02,2,28674.0,True
TRIP_925fa66525,U_5e7e08c634,OUT,IN_LK,LEISURE,2025-09-11,2025-09-14,4,13849.0,True
TRIP_f763f4e506,U_5e7e08c634,OUT,IN_BT,EDUCATION,2025-04-20,2025-04-24,2,7930.0,True
TRIP_6f7e7b30d7,U_9110ffdc11,OUT,IN_AE,BUSINESS,2024-09-08,2024-09-15,3,3095.0,True
TRIP_072c12f733,U_9110ffdc11,OUT,IN_SG,LEISURE,2024-12-27,2025-01-01,2,1892.0,True
TRIP_0fc06774cb,U_8ed35dfba0,OUT,IN_SG,VFR,2025-01-22,2025-01-30,1,3291.0,True
TRIP_daae6172d0,U_8ed35dfba0,OUT,IN_SG,VFR,2024-11-02,2024-11-07,3,12188.0,True
TRIP_ddda6a3783,U_567c72e269,OUT,IN_QA,LEISURE,2026-04-24,2026-05-03,3,11346.0,True
TRIP_45792b6f40,U_67a09c98bd,OUT,IN_QA,LEISURE,2025-12-29,2026-01-08,2,85439.0,True
TRIP_24c39f0255,U_b124a99754,OUT,IN_AE,LEISURE,2025-08-25,2025-09-05,3,16151.0,True
TRIP_2affb06804,U_ef4ede212f,OUT,IN_AE,BUSINESS,2025-02-09,2025-02-16,3,6608.0,True
TRIP_acd0d37dce,U_120331c51c,OUT,IN_AE,BUSINESS,2024-12-29,2025-01-06,4,3468.0,True
TRIP_ca2adbe5c4,U_120331c51c,OUT,IN_QA,LEISURE,2025-07-22,2025-08-03,1,18529.0,True
TRIP_3b1db16892,U_bc497d631f,OUT,OTHER_R2,BUSINESS,2024-10-07,2024-10-13,2,11379.0,True
TRIP_d3ba06bf17,U_01761d8855,OUT,IN_AE,LEISURE,2026-03-11,2026-03-15,1,36450.0,True
TRIP_97fde79b2d,U_3933bfa6e8,OUT,IN_SG,MEDICAL,2026-03-22,2026-04-03,4,16726.0,True
TRIP_55d9131851,U_3933bfa6e8,OUT,IN_BT,LEISURE,2026-04-05,2026-04-07,2,13734.0,True
TRIP_fb7deb8e16,U_3933bfa6e8,OUT,IN_AE,BUSINESS,2026-01-17,2026-01-25,1,25098.0,True
TRIP_211d330519,U_3933bfa6e8,OUT,IN_NP,VFR,2025-07-31,2025-08-04,3,8689.0,True
TRIP_b2bd475eee,U_c531d9c630,OUT,IN_NP,LEISURE,2024-11-19,2024-11-23,4,18735.0,True
TRIP_33b8b71c5e,U_c531d9c630,OUT,IN_BT,VFR,2024-10-09,2024-10-23,3,16290.0,True
TRIP_cfd50d2413,U_abac7b9e69,OUT,IN_AE,BUSINESS,2025-10-07,2025-10-20,2,7041.0,True
TRIP_34fef54167,U_abac7b9e69,OUT,IN_SG,EDUCATION,2024-08-21,2024-08-30,3,23652.0,True
TRIP_ea567c4520,U_dbd845c551,OUT,IN_AE,LEISURE,2025-06-14,2025-06-21,2,26865.0,True
TRIP_3538a6cd54,U_717c026747,OUT,IN_AE,TRANSIT,2025-05-20,2025-06-01,1,2757.0,True
TRIP_6517b46841,U_717c026747,OUT,IN_NP,LEISURE,2026-01-14,2026-01-27,1,21112.0,True
TRIP_6f0870dff0,U_47cbcc223f,OUT,IN_AE,BUSINESS,2025-11-22,2025-12-05,4,3406.0,True
TRIP_203cfcbf84,U_47cbcc223f,OUT,IN_AE,VFR,2024-10-06,2024-10-11,2,14399.0,False
TRIP_c7d6de8aa2,U_47cbcc223f,OUT,IN_LK,VFR,2026-03-17,2026-03-22,1,9903.0,True
TRIP_e5e3c035bd,U_ae40a61c3f,OUT,IN_AE,VFR,2025-10-29,2025-11-05,4,14090.0,True
TRIP_ed9067e81c,U_ae40a61c3f,OUT,IN_AE,LEISURE,2025-06-16,2025-06-25,1,42662.0,False
TRIP_ba8d2cc3cb,U_bb3269b89b,OUT,IN_LK,EDUCATION,2025-06-26,2025-06-28,2,20651.0,True
TRIP_d65938cb76,U_bb3269b89b,OUT,IN_NP,LEISURE,2026-07-03,2026-07-09,4,8060.0,True
TRIP_a9185b6788,U_bb3269b89b,OUT,IN_SG,BUSINESS,2026-02-09,2026-02-14,1,31036.0,True
TRIP_162d738f7f,U_bb3269b89b,OUT,IN_SG,VFR,2024-10-02,2024-10-12,4,11323.0,True
TRIP_b0dae72a1a,U_a2b4d18f11,OUT,IN_SG,MEDICAL,2025-03-27,2025-04-05,3,5907.0,True
TRIP_c17ccb26a1,U_a2b4d18f11,OUT,OTHER_R2,EDUCATION,2025-01-16,2025-01-29,2,14898.0,True
TRIP_fd7d5d2bcf,U_a2b4d18f11,OUT,IN_LK,MEDICAL,2025-11-26,2025-12-05,2,4569.0,True
TRIP_c53f9ff01c,U_56d1067654,OUT,IN_AE,EDUCATION,2026-07-02,2026-07-08,4,32977.0,True
TRIP_1bd809666d,U_56d1067654,OUT,IN_AE,MEDICAL,2025-03-22,2025-03-30,4,25488.0,False
TRIP_8192d78f11,U_56d1067654,OUT,IN_AE,EDUCATION,2025-06-21,2025-07-02,1,10501.0,False
TRIP_7e45cbf3ab,U_531e34d00e,OUT,IN_BT,EVENT,2024-12-27,2025-01-05,3,10057.0,True
TRIP_68aedd8fb5,U_531e34d00e,OUT,IN_NP,TRANSIT,2024-12-13,2024-12-16,1,4651.0,True
TRIP_8ee357d5c6,U_531e34d00e,OUT,IN_NP,LEISURE,2026-06-25,2026-06-29,3,4022.0,False
TRIP_3ee585e021,U_531e34d00e,OUT,IN_AE,PILGRIMAGE,2024-11-16,2024-11-24,4,3741.0,True
TRIP_a71ad9d360,U_60f78c4202,OUT,IN_AE,LEISURE,2025-01-18,2025-01-27,1,4783.0,True
TRIP_112c02b26f,U_522b2501ef,OUT,OTHER_R2,MEDICAL,2025-02-21,2025-03-04,1,7043.0,True
TRIP_281e6315e3,U_1a76b430dc,OUT,IN_QA,VFR,2025-12-05,2025-12-17,3,22905.0,True
TRIP_2c6a05a7c7,U_1a76b430dc,OUT,IN_AE,MEDICAL,2024-10-14,2024-10-18,1,78923.0,True
TRIP_968898ecd8,U_cdaeabd9c0,OUT,OTHER_R2,MEDICAL,2026-05-15,2026-05-22,2,6024.0,True
TRIP_f2a47ce3fc,U_1de7faa2b3,OUT,IN_AE,BUSINESS,2024-09-04,2024-09-08,1,13080.0,True
TRIP_a8f166cdd9,U_1de7faa2b3,OUT,OTHER_R2,VFR,2024-12-23,2025-01-01,4,4713.0,True
TRIP_49599e78fd,U_1de7faa2b3,OUT,IN_NP,LEISURE,2025-01-12,2025-01-19,1,15473.0,True
TRIP_79f31917b5,U_c797c00993,OUT,IN_QA,VFR,2025-11-05,2025-11-07,3,16479.0,True
TRIP_71611bc5a9,U_c797c00993,OUT,IN_NP,TRANSIT,2025-08-14,2025-08-24,1,13621.0,True
TRIP_628ee492ad,U_a24ed6f6d8,OUT,IN_NP,TRANSIT,2026-06-03,2026-06-06,4,33695.0,True
TRIP_53d60ffe9e,U_a24ed6f6d8,OUT,IN_QA,LEISURE,2025-10-08,2025-10-17,3,7026.0,True
TRIP_9d11f6fe3f,U_29185108f4,OUT,IN_QA,EDUCATION,2026-04-09,2026-04-15,2,12491.0,True
TRIP_f10a4bc8a4,U_f74804270c,OUT,OTHER_R2,BUSINESS,2025-10-13,2025-10-27,4,8115.0,True
TRIP_d9384d3a67,U_9239873cce,OUT,IN_SG,BUSINESS,2026-01-30,2026-02-10,3,6234.0,True
TRIP_c518017ab6,U_dca703199f,OUT,IN_QA,LEISURE,2026-02-26,2026-03-10,4,46597.0,True
TRIP_80b21906bf,U_c1660d84cb,OUT,IN_QA,VFR,2025-10-15,2025-10-19,3,12637.0,True
TRIP_4d3a5d12b4,U_c1660d84cb,OUT,IN_SG,EDUCATION,2026-02-21,2026-02-23,4,10106.0,True
TRIP_24c0783538,U_2a198224e0,OUT,IN_AE,MEDICAL,2025-06-10,2025-06-19,1,5783.0,True
TRIP_f6b756d024,U_8857d3b469,OUT,IN_SG,LEISURE,2026-01-24,2026-01-30,4,26835.0,True
TRIP_49c15f62c3,U_8857d3b469,OUT,IN_LK,TRANSIT,2025-11-11,2025-11-13,1,2207.0,True
TRIP_d78f026dd9,U_8857d3b469,OUT,IN_LK,LEISURE,2024-12-18,2024-12-29,1,41504.0,False
TRIP_4eb4f8d4dd,U_5adf640d9e,OUT,IN_BT,LEISURE,2024-12-17,2024-12-28,1,13988.0,True
TRIP_fef1bddcbc,U_9cb2797c15,OUT,IN_AE,LEISURE,2025-03-04,2025-03-13,3,12920.0,True
TRIP_b985f4ddc1,U_9cb2797c15,OUT,IN_QA,TRANSIT,2026-06-14,2026-06-21,1,10905.0,True
TRIP_41aef51f43,U_e3bec5de11,OUT,OTHER_R2,EDUCATION,2026-02-09,2026-02-22,4,59693.0,True
TRIP_8368d4c2bd,U_7b9ccedc71,OUT,IN_MU,EDUCATION,2025-02-20,2025-02-27,3,15986.0,True
TRIP_a638d4ffe6,U_2fb9300a77,OUT,IN_KH,PILGRIMAGE,2026-01-23,2026-02-06,4,19226.0,True
TRIP_a4f812cba2,U_2fb9300a77,OUT,IN_AE,LEISURE,2025-10-09,2025-10-19,3,23317.0,True
TRIP_d16ff0beee,U_cfa5fb24a3,OUT,IN_SG,EDUCATION,2026-03-19,2026-03-22,1,3054.0,True
TRIP_237e7e051a,U_f4313ebb6a,OUT,IN_MU,LEISURE,2025-11-26,2025-11-29,3,23283.0,True
TRIP_8c2802690c,U_7e4a52b460,OUT,IN_SG,PILGRIMAGE,2025-09-15,2025-09-19,4,7549.0,True
TRIP_5664a2a8d7,U_7e4a52b460,OUT,IN_AE,PILGRIMAGE,2026-07-04,2026-07-16,3,15929.0,True
TRIP_ae17070854,U_7e4a52b460,OUT,IN_LK,VFR,2026-02-17,2026-02-22,2,17494.0,True
TRIP_c641af9015,U_dba4b5cc1f,OUT,IN_QA,VFR,2025-09-14,2025-09-16,2,13138.0,True
TRIP_9389c5d4be,U_dba4b5cc1f,OUT,IN_AE,EVENT,2025-02-05,2025-02-08,4,21820.0,True
TRIP_c4cfa46f07,U_d141b760d1,OUT,OTHER_R2,TRANSIT,2025-10-05,2025-10-11,1,15825.0,True
TRIP_b4687dbca0,U_5e497c9015,OUT,IN_AE,MEDICAL,2025-07-06,2025-07-17,3,6199.0,True
TRIP_7467c73ae3,U_5e497c9015,OUT,IN_SG,BUSINESS,2025-03-01,2025-03-07,3,6005.0,True
TRIP_9e13ef3e8a,U_1339265dbc,OUT,IN_SG,LEISURE,2025-10-23,2025-10-30,4,10645.0,True
TRIP_7f6293fcbe,U_2831d20432,OUT,OTHER_R2,VFR,2026-01-31,2026-02-08,4,17174.0,True
TRIP_8cb5833c37,U_461c89df95,OUT,IN_SG,BUSINESS,2024-10-06,2024-10-13,4,28221.0,True
TRIP_83f5db6c64,U_f533e22207,OUT,IN_AE,MEDICAL,2025-09-22,2025-09-28,1,10732.0,True
TRIP_e8fbe86eab,U_f533e22207,OUT,IN_QA,LEISURE,2025-12-15,2025-12-28,2,26529.0,True
TRIP_fb693ec274,U_8b2a13c2e4,OUT,IN_AE,TRANSIT,2025-10-21,2025-11-02,4,4313.0,True
TRIP_913841ee54,U_bd91bdf1eb,OUT,OTHER_R2,LEISURE,2025-04-07,2025-04-12,1,42345.0,True
TRIP_54a3dfd368,U_bd91bdf1eb,OUT,IN_AE,LEISURE,2026-03-10,2026-03-22,1,35052.0,True
TRIP_f0cef84a08,U_1742e28700,OUT,IN_AE,LEISURE,2024-10-02,2024-10-14,3,14548.0,True
TRIP_427ed4cde6,U_56dc0b439c,OUT,IN_AE,VFR,2026-02-19,2026-02-24,4,5652.0,True
TRIP_b2d997bcb8,U_56dc0b439c,OUT,IN_QA,MEDICAL,2024-12-11,2024-12-18,2,5930.0,True
TRIP_ca2d5468ea,U_44c00061ff,OUT,IN_NP,TRANSIT,2026-03-10,2026-03-12,2,3747.0,True
TRIP_3825b351ec,U_4875e928d9,OUT,IN_QA,EDUCATION,2025-10-31,2025-11-14,1,9071.0,True
TRIP_382967304e,U_fe10b582b8,OUT,IN_AE,LEISURE,2025-02-15,2025-02-26,1,8128.0,True
TRIP_2cb614f98e,U_04b13c4c4a,OUT,IN_LK,MEDICAL,2025-03-04,2025-03-17,4,17486.0,True
TRIP_56f0112fd0,U_04b13c4c4a,OUT,IN_SG,PILGRIMAGE,2025-10-28,2025-11-04,4,22031.0,True
TRIP_3b27511a6a,U_ca1598cfe1,OUT,IN_QA,BUSINESS,2025-10-19,2025-10-21,1,13889.0,True
TRIP_c0b340c643,U_ca1598cfe1,OUT,IN_AE,LEISURE,2024-12-05,2024-12-08,1,14152.0,True
TRIP_8835405654,U_ae37c5d8cf,OUT,IN_NP,LEISURE,2025-12-02,2025-12-04,1,20569.0,True
TRIP_bd4ba3bc8f,U_061aa18b6d,OUT,IN_SG,EVENT,2025-09-04,2025-09-09,4,11489.0,True
TRIP_51113113db,U_ceae7eef9a,OUT,IN_AE,PILGRIMAGE,2026-01-07,2026-01-19,3,26760.0,True
TRIP_84402b5ec5,U_ceae7eef9a,OUT,IN_AE,EDUCATION,2026-03-25,2026-04-06,2,31461.0,False
TRIP_04946e3a26,U_c1a6b29ed6,OUT,IN_NP,LEISURE,2026-06-28,2026-07-10,4,10758.0,True
TRIP_afcaf1fbff,U_c1a6b29ed6,OUT,IN_AE,LEISURE,2026-03-14,2026-03-16,2,12236.0,True
TRIP_4b65a7404b,U_c84125ec03,OUT,IN_AE,TRANSIT,2025-02-26,2025-03-05,1,20769.0,True
TRIP_200494c1f8,U_c3a0b3a700,OUT,IN_FR,LEISURE,2026-04-08,2026-04-18,3,5491.0,True
TRIP_78fdc8f548,U_c17aafe450,OUT,IN_AE,EDUCATION,2024-10-29,2024-11-05,3,59749.0,True
TRIP_b1180f429a,U_ad6c58eb7c,OUT,IN_QA,LEISURE,2025-01-07,2025-01-09,3,36942.0,True
TRIP_f1ab2e2e27,U_8a0df22cd1,OUT,IN_KH,LEISURE,2025-02-21,2025-03-01,1,8824.0,True
TRIP_b028d1dedb,U_870c5b76f1,OUT,OTHER_R2,MEDICAL,2025-11-22,2025-11-25,1,3620.0,True
TRIP_4fa9bad715,U_2369fb107a,OUT,IN_SG,LEISURE,2025-06-03,2025-06-15,3,13957.0,True
TRIP_fc6d1c5df3,U_bec0b60379,OUT,IN_QA,VFR,2026-04-05,2026-04-11,1,11559.0,True
TRIP_bbc6cfab75,U_9d375eefaa,OUT,IN_AE,EDUCATION,2025-03-08,2025-03-13,2,24398.0,True
TRIP_c2271fa086,U_9d375eefaa,OUT,OTHER_R2,EDUCATION,2024-10-21,2024-11-01,1,27548.0,True
TRIP_829079f275,U_660e8577fb,OUT,IN_FR,LEISURE,2025-09-30,2025-10-10,3,29077.0,True
TRIP_03b20354b0,U_660e8577fb,OUT,IN_NP,LEISURE,2024-12-18,2024-12-25,1,4603.0,True
TRIP_974afbb3c0,U_660e8577fb,OUT,OTHER_R2,PILGRIMAGE,2025-06-12,2025-06-23,1,3418.0,True
TRIP_580fd8f082,U_c0ea74a57a,OUT,IN_AE,PILGRIMAGE,2025-03-17,2025-03-24,1,11622.0,True
TRIP_ac01ffd6d4,U_c0ea74a57a,OUT,IN_LK,VFR,2025-04-06,2025-04-09,1,13418.0,True
TRIP_cba04a7752,U_c0ea74a57a,OUT,IN_AE,LEISURE,2024-08-30,2024-09-02,1,16424.0,False
TRIP_58a09cdc7d,U_b1d4c8cb85,OUT,OTHER_R2,VFR,2025-01-24,2025-01-26,4,14451.0,True
TRIP_e6ea68feda,U_788d9886cd,OUT,IN_AE,PILGRIMAGE,2026-06-04,2026-06-14,3,13947.0,True
TRIP_5c4246799c,U_788d9886cd,OUT,IN_QA,LEISURE,2025-11-14,2025-11-25,4,12087.0,True
TRIP_326624317a,U_a10ff721bb,OUT,IN_NP,LEISURE,2026-01-17,2026-01-20,2,5860.0,True
TRIP_b30aa0be34,U_1b9f744189,OUT,IN_AE,BUSINESS,2024-11-20,2024-11-24,2,69156.0,True
TRIP_f5d933509a,U_1a68a1360d,OUT,IN_NP,LEISURE,2025-05-06,2025-05-15,4,7763.0,True
TRIP_a10c6b2f1e,U_a8aafb231b,OUT,IN_SG,MEDICAL,2025-12-13,2025-12-19,1,30849.0,True
TRIP_7ceb529542,U_a8aafb231b,OUT,OTHER_R2,EDUCATION,2024-12-04,2024-12-07,2,21462.0,True
TRIP_ea7e2ff1cf,U_a8aafb231b,OUT,IN_KH,EDUCATION,2026-06-17,2026-06-22,2,3996.0,True
TRIP_606ccc0683,U_a8aafb231b,OUT,IN_QA,EDUCATION,2024-09-12,2024-09-18,1,22600.0,True
TRIP_6b2917289e,U_fd2d47f34c,OUT,IN_NP,LEISURE,2025-03-22,2025-03-26,4,5193.0,True
TRIP_025c6c2a53,U_fd2d47f34c,OUT,OTHER_R2,LEISURE,2024-09-27,2024-10-01,1,24552.0,True
TRIP_1524603d7d,U_199b97172c,OUT,IN_AE,EVENT,2024-08-13,2024-08-20,4,32075.0,True
TRIP_f228f0fd9f,U_199b97172c,OUT,OTHER_R2,LEISURE,2025-12-23,2025-12-31,3,10408.0,True
TRIP_63269e3189,U_9689e4bdaa,OUT,IN_AE,EDUCATION,2025-09-06,2025-09-14,2,23977.0,True
TRIP_89311d1eb4,U_9689e4bdaa,OUT,OTHER_R2,EVENT,2025-03-04,2025-03-11,4,17145.0,True
TRIP_a563b16bf8,U_8322428d03,OUT,IN_LK,LEISURE,2024-08-27,2024-09-09,4,52836.0,True
TRIP_2d38fa169b,U_193c65bdda,OUT,OTHER_R2,MEDICAL,2026-02-06,2026-02-20,4,11295.0,True
TRIP_aef5f0e6d7,U_193c65bdda,OUT,IN_BT,MEDICAL,2025-10-10,2025-10-21,3,8176.0,True
TRIP_392fbd222d,U_6c91572fec,OUT,IN_SG,EDUCATION,2025-06-11,2025-06-13,2,16580.0,True
TRIP_2e12813a28,U_cd443325dd,OUT,IN_BT,EVENT,2025-01-22,2025-01-28,4,21305.0,True
TRIP_8c2f99b8c2,U_cd443325dd,OUT,OTHER_R2,VFR,2026-07-08,2026-07-16,2,7114.0,True
TRIP_f4f930e632,U_cd443325dd,OUT,IN_NP,LEISURE,2025-01-24,2025-02-04,3,13859.0,True
TRIP_82200e6a19,U_2b5f7c2477,OUT,IN_AE,BUSINESS,2025-04-18,2025-04-27,2,4888.0,True
TRIP_b33d9553bd,U_41baa068ec,OUT,IN_BT,PILGRIMAGE,2025-04-16,2025-04-30,1,7814.0,True
TRIP_45da47a961,U_41baa068ec,OUT,IN_FR,VFR,2026-05-07,2026-05-11,3,18866.0,True
TRIP_a6be4c8b56,U_41baa068ec,OUT,IN_BT,VFR,2025-06-10,2025-06-12,4,4514.0,False
TRIP_0437842d77,U_40f81fc8f5,OUT,IN_AE,LEISURE,2025-10-21,2025-10-23,3,6507.0,True
TRIP_ea0b19879e,U_19ae21c9c8,OUT,IN_AE,BUSINESS,2024-09-25,2024-10-08,3,5358.0,True
TRIP_d0b58a400b,U_cce224e3cc,OUT,IN_SG,LEISURE,2024-10-12,2024-10-17,3,15748.0,True
TRIP_28cd806280,U_cce224e3cc,OUT,IN_AE,LEISURE,2026-01-04,2026-01-12,1,24351.0,True
TRIP_7c96bef5c3,U_cce224e3cc,OUT,IN_NP,LEISURE,2025-05-10,2025-05-16,2,3752.0,True
TRIP_9d6eecc14c,U_a74ba73d98,OUT,IN_AE,MEDICAL,2025-03-04,2025-03-10,3,3846.0,True
TRIP_7772e17bdf,U_f8a228bcd9,OUT,IN_SG,BUSINESS,2024-12-07,2024-12-14,4,15965.0,True
TRIP_ba053062f6,U_f8a228bcd9,OUT,OTHER_R2,LEISURE,2026-04-27,2026-05-03,3,14883.0,True
TRIP_5e7b0d9501,U_8d6366ac86,OUT,IN_QA,VFR,2025-06-10,2025-06-16,3,53388.0,True
TRIP_9cf0c30a0d,U_c99afdda76,OUT,IN_NP,EVENT,2025-05-11,2025-05-16,4,15246.0,True
TRIP_23d3d9991b,U_123470cebe,OUT,IN_SG,TRANSIT,2025-07-06,2025-07-16,1,14187.0,True
TRIP_282cd491fb,U_5b82e8c5fd,OUT,IN_QA,BUSINESS,2025-03-17,2025-03-26,1,7486.0,True
TRIP_ad8d9c2631,U_5b82e8c5fd,OUT,IN_SG,LEISURE,2025-01-25,2025-02-06,4,34612.0,True
TRIP_656d83f35b,U_e9dd576ac6,OUT,IN_AE,LEISURE,2026-06-13,2026-06-15,3,12289.0,True
TRIP_17403b56ff,U_9b3b9d6663,OUT,IN_SG,EDUCATION,2024-08-18,2024-08-24,1,26478.0,True
TRIP_ba63114751,U_12fee39790,OUT,IN_SG,VFR,2025-08-18,2025-09-01,1,15202.0,True
TRIP_3464895556,U_0e0e1561fa,OUT,IN_BT,LEISURE,2026-05-10,2026-05-22,1,7744.0,True
TRIP_f198133183,U_9620a54795,OUT,IN_BT,EDUCATION,2025-08-25,2025-09-08,4,13805.0,True
TRIP_efcd51f9e5,U_e70fb754c1,OUT,IN_NP,LEISURE,2025-05-30,2025-06-08,4,8634.0,True
TRIP_3cc1a90136,U_e70fb754c1,OUT,OTHER_R2,LEISURE,2025-04-26,2025-04-29,3,11894.0,True
TRIP_f67adcbe5c,U_a7ed6be9ea,OUT,IN_NP,TRANSIT,2025-04-11,2025-04-20,3,17977.0,True
TRIP_15cd5a4c84,U_0b07939a8a,OUT,IN_NP,LEISURE,2024-12-17,2024-12-25,1,32822.0,True
TRIP_9e199f1091,U_505a1c7624,OUT,IN_AE,MEDICAL,2024-10-19,2024-10-26,4,13525.0,True
TRIP_231686c744,U_505a1c7624,OUT,IN_SG,EDUCATION,2025-01-19,2025-01-31,1,8008.0,True
TRIP_4b6917c2f6,U_0555b92a13,OUT,OTHER_R2,LEISURE,2026-06-19,2026-06-25,1,22391.0,True
TRIP_ed757568b3,U_0555b92a13,OUT,OTHER_R2,VFR,2025-03-24,2025-03-26,3,26949.0,False
TRIP_962ffdb5cb,U_0555b92a13,OUT,IN_BT,LEISURE,2025-10-14,2025-10-20,1,78926.0,True
TRIP_6ff795e983,U_0555b92a13,OUT,IN_NP,LEISURE,2026-02-16,2026-02-19,4,8503.0,True
TRIP_467791911e,U_864eb394e2,OUT,IN_FR,MEDICAL,2025-11-09,2025-11-23,1,10142.0,True
TRIP_b8ec5c255a,U_0a1f0196af,OUT,IN_BT,LEISURE,2026-02-11,2026-02-20,2,18729.0,True
TRIP_61a9af11f4,U_7626638bb5,OUT,IN_QA,LEISURE,2025-08-12,2025-08-17,2,70242.0,True
TRIP_d01a85e886,U_17b1555803,OUT,IN_QA,BUSINESS,2026-03-27,2026-04-03,2,4479.0,True
TRIP_c4fbfef381,U_bf40d4d5a5,OUT,OTHER_R2,LEISURE,2025-10-21,2025-11-03,3,8009.0,True
TRIP_eb096173be,U_0a73be271e,OUT,IN_AE,EDUCATION,2025-02-14,2025-02-27,2,13032.0,True
TRIP_168829b906,U_498bb90ef4,OUT,IN_SG,LEISURE,2026-02-06,2026-02-17,1,29982.0,True
TRIP_8f460d7ca0,U_3f9c0b6825,OUT,IN_QA,EDUCATION,2024-10-10,2024-10-14,3,14380.0,True
TRIP_f6abf7c589,U_65146315fc,OUT,IN_AE,VFR,2026-01-17,2026-01-27,1,47681.0,True
TRIP_1367d12a3a,U_89f6d7ad73,OUT,IN_QA,PILGRIMAGE,2026-02-05,2026-02-17,4,12725.0,True
TRIP_7587d937a8,U_264be099a7,OUT,IN_AE,LEISURE,2024-10-19,2024-11-01,3,15401.0,True
TRIP_3407ab7e02,U_af235335cd,OUT,OTHER_R2,EVENT,2026-02-12,2026-02-17,1,5875.0,True
TRIP_e1256ef80f,U_9f8ab68525,OUT,IN_NP,LEISURE,2025-04-26,2025-05-01,4,2044.0,True
TRIP_4233eb5eeb,U_9f8ab68525,OUT,IN_QA,BUSINESS,2026-01-19,2026-01-29,4,32950.0,True
TRIP_b884575fe9,U_5eee65a61e,OUT,IN_FR,LEISURE,2026-07-07,2026-07-21,1,9200.0,True
TRIP_895b678f47,U_9e17bff7bc,OUT,IN_AE,EDUCATION,2024-11-23,2024-12-01,4,1992.0,True
TRIP_263321d5f4,U_1c9e35b8b0,OUT,OTHER_R2,LEISURE,2026-03-16,2026-03-25,4,23698.0,True
TRIP_821b63c94c,U_1c9e35b8b0,OUT,IN_QA,LEISURE,2026-05-03,2026-05-05,3,3952.0,True
TRIP_d86230750c,U_1c9e35b8b0,OUT,IN_SG,LEISURE,2025-08-16,2025-08-27,1,8568.0,True
TRIP_e5b04e27e0,U_735721a965,OUT,IN_KH,LEISURE,2026-05-28,2026-06-08,1,9324.0,True
TRIP_90d4ab2b99,U_735721a965,OUT,OTHER_R2,MEDICAL,2025-11-13,2025-11-24,2,7581.0,True
TRIP_29c9ee2324,U_34f75339bf,OUT,IN_BT,VFR,2026-03-16,2026-03-20,2,8102.0,True
TRIP_640f938b2a,U_24ceb06579,OUT,IN_FR,LEISURE,2025-04-19,2025-04-26,1,10607.0,True
TRIP_4d6015e261,U_24ceb06579,OUT,IN_AE,EDUCATION,2025-02-26,2025-03-12,2,4982.0,True
TRIP_b4bc35cd32,U_a0c1af29b2,OUT,OTHER_R2,LEISURE,2025-05-08,2025-05-19,4,12337.0,True
TRIP_59961d0ded,U_7c358270e9,OUT,OTHER_R2,PILGRIMAGE,2025-03-02,2025-03-15,4,38698.0,True
TRIP_a5bfe8cf46,U_7c358270e9,OUT,IN_SG,EDUCATION,2025-02-14,2025-02-27,4,28870.0,True
TRIP_7f5fbe2a53,U_6429f34d25,OUT,IN_QA,VFR,2025-01-03,2025-01-10,2,9614.0,True
TRIP_f732fab716,U_6429f34d25,OUT,IN_SG,LEISURE,2024-09-07,2024-09-12,2,13499.0,True
TRIP_d1750538fd,U_664eb7d126,OUT,IN_FR,LEISURE,2026-04-01,2026-04-04,2,25602.0,True
TRIP_fe41436c2a,U_2ad01f4c8c,OUT,IN_AE,EVENT,2024-09-09,2024-09-12,4,12528.0,True
TRIP_448e98576c,U_ed3535d91f,OUT,OTHER_R2,BUSINESS,2025-05-23,2025-05-28,1,28349.0,True
TRIP_41106da60c,U_ed3535d91f,OUT,IN_NP,VFR,2025-08-29,2025-09-09,3,16135.0,True
TRIP_99c0ae26a3,U_ed3535d91f,OUT,IN_FR,LEISURE,2025-04-16,2025-04-19,2,33179.0,True
TRIP_06317e85bb,U_ed3535d91f,OUT,IN_AE,LEISURE,2024-08-31,2024-09-03,3,12449.0,True
TRIP_41d358d651,U_315a8b83a6,OUT,IN_AE,VFR,2025-02-21,2025-03-05,3,9351.0,True
TRIP_35e0ab6c41,U_6a086a3ebd,OUT,IN_QA,VFR,2024-09-01,2024-09-10,1,10360.0,True
TRIP_78c3402bed,U_66e0bc18f2,OUT,IN_AE,LEISURE,2024-11-18,2024-11-29,4,50488.0,True
TRIP_7aaf427768,U_efcd7b8b0d,OUT,IN_AE,EVENT,2025-08-13,2025-08-21,4,7538.0,True
TRIP_2768b890d6,U_efcd7b8b0d,OUT,IN_MU,LEISURE,2025-07-17,2025-07-28,3,77492.0,True
TRIP_0769c33a76,U_efcd7b8b0d,OUT,IN_MU,EDUCATION,2026-06-22,2026-07-06,2,11077.0,True
TRIP_95e4b8852b,U_efcd7b8b0d,OUT,OTHER_R2,TRANSIT,2024-11-10,2024-11-14,2,58512.0,True
TRIP_2f0228a612,U_3fbd9e4444,OUT,IN_AE,VFR,2025-11-07,2025-11-18,2,9155.0,True
TRIP_2798aeb29f,U_3fbd9e4444,OUT,IN_AE,TRANSIT,2025-08-19,2025-09-02,3,5848.0,False
TRIP_d75abea037,U_3fbd9e4444,OUT,IN_QA,LEISURE,2026-06-04,2026-06-13,1,192571.0,True
TRIP_f8fbd008d8,U_3fbd9e4444,OUT,IN_SG,PILGRIMAGE,2025-06-01,2025-06-08,4,8825.0,True
TRIP_03b9219057,U_ad4427ea90,OUT,IN_FR,BUSINESS,2025-10-01,2025-10-12,4,23863.0,True
TRIP_52d9454857,U_8af33d18d3,OUT,IN_AE,VFR,2026-04-28,2026-05-03,4,7520.0,True
TRIP_1acbd2082d,U_7d57d43ced,OUT,IN_LK,EVENT,2025-10-25,2025-11-08,1,10368.0,True
TRIP_f98da58a3a,U_7d57d43ced,OUT,IN_AE,EDUCATION,2025-09-13,2025-09-22,2,19596.0,True
TRIP_db998c3397,U_cba9d2c3db,OUT,OTHER_R2,EDUCATION,2026-05-03,2026-05-08,4,13038.0,True
TRIP_5c0419a141,U_cba9d2c3db,OUT,IN_NP,VFR,2025-04-01,2025-04-07,3,39319.0,True
TRIP_c44ca1bb13,U_cba9d2c3db,OUT,IN_AE,PILGRIMAGE,2026-05-30,2026-06-02,1,16272.0,True
TRIP_efa68859f0,U_4849f61d94,OUT,IN_AE,VFR,2025-03-10,2025-03-15,4,17408.0,True
TRIP_b84cf991be,U_34a05cef14,OUT,IN_QA,LEISURE,2024-09-07,2024-09-14,3,14043.0,True
TRIP_7ee3dfb302,U_18d410a810,OUT,OTHER_R2,EDUCATION,2024-11-23,2024-11-29,2,12216.0,True
TRIP_ad25ca8e98,U_5c21bc24de,OUT,IN_QA,VFR,2024-08-26,2024-09-08,2,5867.0,True
TRIP_6e7ae7049f,U_5c21bc24de,OUT,IN_NP,EDUCATION,2024-08-31,2024-09-14,2,63149.0,True
TRIP_b924838f77,U_19ef60d005,OUT,IN_MU,PILGRIMAGE,2025-06-20,2025-06-26,4,17412.0,True
TRIP_173c17a588,U_19ef60d005,OUT,IN_AE,EDUCATION,2026-03-14,2026-03-16,2,9532.0,True
TRIP_b7d50b70c4,U_202f3ffa58,OUT,IN_SG,MEDICAL,2026-01-13,2026-01-25,1,19050.0,True
TRIP_c3d67ab440,U_b653ee2bdf,OUT,OTHER_R2,LEISURE,2026-01-08,2026-01-17,4,33646.0,True
TRIP_b5d6ab5bb6,U_b653ee2bdf,OUT,IN_SG,EDUCATION,2026-01-04,2026-01-08,4,19509.0,True
TRIP_a9827ce1bb,U_7fae3f3651,OUT,OTHER_R2,LEISURE,2026-01-24,2026-02-01,3,7471.0,True
TRIP_7e14c821d2,U_7fae3f3651,OUT,IN_AE,LEISURE,2024-10-21,2024-10-25,3,7245.0,True
TRIP_67655979aa,U_7fae3f3651,OUT,IN_FR,LEISURE,2025-07-14,2025-07-22,2,4337.0,True
TRIP_0022731f35,U_a16a7c187d,OUT,OTHER_R2,LEISURE,2025-05-08,2025-05-10,3,37162.0,True
TRIP_28e4ac6766,U_a16a7c187d,OUT,IN_FR,LEISURE,2025-10-21,2025-10-24,1,11693.0,True
TRIP_c0e096cc82,U_2b5bb52ba3,OUT,IN_QA,BUSINESS,2025-02-01,2025-02-03,3,7416.0,True
TRIP_3fbad94599,U_2b5bb52ba3,OUT,IN_MU,BUSINESS,2025-08-28,2025-09-06,3,7234.0,True
TRIP_ff0e860eb0,U_2b5bb52ba3,OUT,IN_BT,LEISURE,2024-08-17,2024-08-21,4,112074.0,True
TRIP_270acc9b82,U_3c425b399a,OUT,OTHER_R2,LEISURE,2026-06-10,2026-06-18,2,6537.0,True
TRIP_8b54e08ec1,U_3c425b399a,OUT,IN_LK,MEDICAL,2026-03-19,2026-03-31,1,10588.0,True
TRIP_acdc411948,U_3c425b399a,OUT,IN_LK,TRANSIT,2026-01-29,2026-02-06,2,15125.0,True
TRIP_addcf77a52,U_3c425b399a,OUT,IN_NP,PILGRIMAGE,2026-05-20,2026-05-31,3,2856.0,True
TRIP_fccb3fe95e,U_3c425b399a,OUT,IN_FR,BUSINESS,2025-07-16,2025-07-22,2,4431.0,True
TRIP_b10c2411fa,U_3d75613782,OUT,IN_AE,LEISURE,2025-03-29,2025-04-05,4,15482.0,True
TRIP_d9eabe5a97,U_3d75613782,OUT,IN_NP,LEISURE,2025-01-28,2025-02-09,4,41821.0,True
TRIP_2a3decd2c6,U_3d75613782,OUT,IN_AE,LEISURE,2024-11-06,2024-11-08,4,8385.0,False
TRIP_c29c980e73,U_3d75613782,OUT,IN_LK,PILGRIMAGE,2024-12-17,2024-12-24,3,5128.0,True
TRIP_07eac225fd,U_f055d8185a,OUT,IN_SG,LEISURE,2024-10-25,2024-11-02,2,9221.0,True
TRIP_ad50ace81c,U_b797f3d8b1,OUT,IN_AE,MEDICAL,2025-09-03,2025-09-15,2,15751.0,True
TRIP_9771c33506,U_b797f3d8b1,OUT,IN_SG,EDUCATION,2025-12-31,2026-01-08,3,109399.0,True
TRIP_df614cd1be,U_178ad0ddfe,OUT,IN_AE,EDUCATION,2026-06-15,2026-06-24,1,13044.0,True
TRIP_ec17ce91ea,U_178ad0ddfe,OUT,IN_FR,VFR,2024-11-21,2024-11-24,3,17960.0,True
TRIP_d071b336be,U_178ad0ddfe,OUT,IN_AE,MEDICAL,2026-04-07,2026-04-21,4,7826.0,True
TRIP_304e154119,U_4e4fd5afd2,OUT,IN_AE,EDUCATION,2026-06-11,2026-06-13,3,1053.0,True
TRIP_d5cc26edf0,U_4e4fd5afd2,OUT,IN_QA,EDUCATION,2024-10-06,2024-10-20,4,5898.0,True
TRIP_649d9be989,U_333b326852,OUT,IN_AE,MEDICAL,2024-08-17,2024-08-25,3,7313.0,True
TRIP_7f651fd585,U_333b326852,OUT,IN_AE,EDUCATION,2026-04-06,2026-04-12,1,24801.0,False
TRIP_5845838c6e,U_a6b4958d47,OUT,IN_KH,VFR,2024-10-02,2024-10-12,2,18271.0,True
TRIP_0d0070a7a9,U_a6b4958d47,OUT,IN_QA,VFR,2025-08-11,2025-08-13,3,20357.0,True
TRIP_c695684f2c,U_a6b4958d47,OUT,IN_SG,VFR,2025-01-31,2025-02-03,1,46715.0,True
TRIP_09c322cb89,U_f961712c97,OUT,IN_QA,EDUCATION,2025-10-24,2025-10-29,2,24416.0,True
TRIP_c652fdc777,U_d1f06cdfed,OUT,IN_AE,VFR,2025-06-10,2025-06-24,4,10024.0,True
TRIP_9e2762669c,U_d1f06cdfed,OUT,IN_QA,BUSINESS,2024-10-07,2024-10-09,4,4673.0,True
TRIP_4bb29fc6b7,U_730b42db6c,OUT,IN_NP,EDUCATION,2026-03-09,2026-03-13,2,1645.0,True
TRIP_70b86057fb,U_919fc055f9,OUT,IN_LK,PILGRIMAGE,2025-07-28,2025-07-30,1,10180.0,True
TRIP_099060c047,U_919fc055f9,OUT,IN_AE,MEDICAL,2025-03-02,2025-03-12,4,14985.0,True
TRIP_78ed0a2f48,U_919fc055f9,OUT,IN_SG,VFR,2026-01-17,2026-01-27,3,13212.0,True
TRIP_33be2ced0b,U_919fc055f9,OUT,OTHER_R2,EVENT,2024-09-29,2024-10-04,1,15363.0,True
TRIP_b3e4944e83,U_39b2aa10ae,OUT,IN_QA,LEISURE,2026-05-29,2026-06-03,4,10231.0,True
TRIP_8dc6b3bf27,U_39b2aa10ae,OUT,IN_AE,MEDICAL,2025-06-14,2025-06-20,4,12575.0,True
TRIP_2d8d9257c8,U_39b2aa10ae,OUT,OTHER_R2,LEISURE,2026-02-20,2026-02-27,2,14185.0,True
TRIP_223761f6b0,U_39b2aa10ae,OUT,IN_LK,PILGRIMAGE,2025-10-24,2025-10-28,2,11433.0,True
TRIP_e173e07664,U_9afa4b0a9d,OUT,IN_MU,VFR,2025-01-13,2025-01-21,2,4610.0,True
TRIP_4578277bed,U_6de7fcab2f,OUT,IN_AE,LEISURE,2024-09-23,2024-10-01,3,29841.0,True
TRIP_248d33d28d,U_6de7fcab2f,OUT,IN_AE,LEISURE,2025-12-07,2025-12-21,2,44225.0,False
TRIP_0b868a7a29,U_55fc891e48,OUT,IN_MU,LEISURE,2024-12-22,2024-12-28,2,7398.0,True
TRIP_a1178e637c,U_55fc891e48,OUT,IN_NP,VFR,2025-03-27,2025-04-09,3,6827.0,True
TRIP_7a8fb32663,U_6098c63c37,OUT,IN_SG,EDUCATION,2025-09-24,2025-10-04,4,7890.0,True
TRIP_c05ff9bb61,U_6098c63c37,OUT,OTHER_R2,VFR,2025-04-06,2025-04-09,4,80640.0,True
TRIP_a404edc0f5,U_6098c63c37,OUT,IN_NP,TRANSIT,2025-07-18,2025-07-26,4,17222.0,True
TRIP_697e6e3df7,U_6098c63c37,OUT,IN_NP,LEISURE,2024-11-17,2024-11-24,1,34559.0,False
TRIP_845c213f57,U_9bad06305f,OUT,IN_AE,LEISURE,2025-06-10,2025-06-20,1,12533.0,True
TRIP_5deb258df4,U_879fedf377,OUT,IN_NP,EDUCATION,2025-10-23,2025-11-03,3,7159.0,True
TRIP_8602f4cc2e,U_879fedf377,OUT,OTHER_R2,LEISURE,2025-01-19,2025-01-27,2,9669.0,True
TRIP_a786fb1338,U_57a4fd365c,OUT,IN_KH,MEDICAL,2025-01-07,2025-01-20,1,26490.0,True
TRIP_34ca825088,U_5c45224133,OUT,OTHER_R2,LEISURE,2025-06-19,2025-06-27,3,6990.0,True
TRIP_64eaace369,U_1de2d6e5cb,OUT,IN_BT,BUSINESS,2025-06-01,2025-06-07,2,21051.0,True
TRIP_55b1f44d8c,U_1de2d6e5cb,OUT,IN_AE,MEDICAL,2024-08-22,2024-09-04,4,10692.0,True
TRIP_49d84008da,U_56955c76eb,OUT,IN_SG,BUSINESS,2024-08-28,2024-09-06,2,30360.0,True
TRIP_3b151d5a3f,U_56955c76eb,OUT,IN_AE,BUSINESS,2026-02-11,2026-02-18,4,7715.0,True
TRIP_1c97af241f,U_56955c76eb,OUT,IN_NP,MEDICAL,2025-05-24,2025-06-02,1,12775.0,True
TRIP_32c30ae559,U_92b3f648ab,OUT,IN_AE,TRANSIT,2026-02-17,2026-02-28,4,13620.0,True
TRIP_c152dc6240,U_92b3f648ab,OUT,IN_AE,LEISURE,2024-09-07,2024-09-19,4,7615.0,True
TRIP_a3e6533d5c,U_5937994911,OUT,IN_SG,EDUCATION,2025-08-04,2025-08-08,1,6662.0,True
TRIP_8edf0518dd,U_5937994911,OUT,IN_SG,MEDICAL,2024-09-01,2024-09-11,4,16679.0,False
TRIP_54f7409e83,U_5937994911,OUT,IN_BT,EDUCATION,2025-03-16,2025-03-22,2,14928.0,True
TRIP_1d913a4ce9,U_5937994911,OUT,IN_BT,MEDICAL,2025-01-01,2025-01-14,3,7910.0,True
TRIP_d8ef478990,U_f5c009d3a5,OUT,OTHER_R2,BUSINESS,2026-04-14,2026-04-28,4,7415.0,True
TRIP_1dadb04427,U_cec5002ca0,OUT,IN_AE,LEISURE,2026-06-02,2026-06-14,3,3281.0,True
TRIP_3f7871c366,U_1a228e8e19,OUT,IN_NP,EDUCATION,2024-10-31,2024-11-09,2,8348.0,True
TRIP_fb2ca6e9f2,U_1a228e8e19,OUT,OTHER_R2,VFR,2024-10-20,2024-10-23,3,8254.0,True
TRIP_105255b6cb,U_9316e90c2f,OUT,IN_QA,VFR,2025-12-11,2025-12-25,2,7013.0,True
TRIP_7063431d58,U_378af55291,OUT,IN_QA,EVENT,2025-03-02,2025-03-16,2,32032.0,True
TRIP_61ce8d3f77,U_c636364515,OUT,IN_AE,BUSINESS,2024-08-14,2024-08-25,2,5729.0,True
TRIP_387a87cbc2,U_74674bc1b5,OUT,IN_SG,LEISURE,2025-05-25,2025-05-27,2,15674.0,True
TRIP_2012cf225f,U_034cf4ce6f,OUT,IN_FR,MEDICAL,2025-02-04,2025-02-18,3,10993.0,True
TRIP_3bf4dc2573,U_d0c44c7c56,OUT,IN_AE,MEDICAL,2026-07-01,2026-07-04,4,13476.0,True
TRIP_bb838c389e,U_5c58757fe0,OUT,OTHER_R2,VFR,2025-02-11,2025-02-23,1,4477.0,True
TRIP_1ab70a7c0d,U_1569f41384,OUT,IN_LK,LEISURE,2026-01-26,2026-02-07,4,15875.0,True
TRIP_5e690c0cfe,U_222b6db881,OUT,IN_NP,BUSINESS,2026-02-12,2026-02-26,1,4187.0,True
TRIP_1143392d9b,U_9797cd0ebb,OUT,IN_BT,LEISURE,2025-03-01,2025-03-14,4,10573.0,True
TRIP_8728569773,U_e258667ec0,OUT,IN_AE,EDUCATION,2024-11-14,2024-11-16,3,8310.0,True
TRIP_6a4d8d7db5,U_e258667ec0,OUT,IN_AE,MEDICAL,2026-02-03,2026-02-12,4,18049.0,False
TRIP_aff37e174d,U_e258667ec0,OUT,IN_AE,EDUCATION,2025-09-01,2025-09-07,1,11178.0,False
TRIP_029ba1f088,U_e258667ec0,OUT,IN_SG,MEDICAL,2025-12-06,2025-12-19,3,7227.0,True
TRIP_f5ed68cfd8,U_f195920899,OUT,IN_BT,LEISURE,2025-12-31,2026-01-07,4,5778.0,True
TRIP_97566a3ea5,U_820f908f99,OUT,IN_LK,VFR,2026-03-18,2026-04-01,3,2585.0,True
TRIP_82d59f32df,U_820f908f99,OUT,IN_SG,BUSINESS,2025-04-09,2025-04-14,3,7738.0,True
TRIP_253cb1e396,U_3f5ca42636,OUT,IN_QA,MEDICAL,2024-09-02,2024-09-09,1,7365.0,True
TRIP_3033a087af,U_3f5ca42636,OUT,IN_NP,BUSINESS,2024-11-13,2024-11-25,2,37837.0,True
TRIP_5936ea884b,U_9aebda942d,OUT,OTHER_R2,VFR,2025-09-02,2025-09-10,4,30502.0,True
TRIP_8d395ce43e,U_a3dae6ff79,OUT,IN_NP,PILGRIMAGE,2024-11-04,2024-11-15,4,12995.0,True
TRIP_e423a935f2,U_a3dae6ff79,OUT,IN_BT,PILGRIMAGE,2026-07-02,2026-07-13,2,31973.0,True
TRIP_e7428ef43f,U_381e766226,OUT,IN_AE,EVENT,2026-04-29,2026-05-02,3,42757.0,True
TRIP_474a0fdffc,U_db66e0e055,OUT,IN_QA,LEISURE,2024-11-10,2024-11-17,4,9636.0,True
TRIP_262024c014,U_db66e0e055,OUT,IN_SG,LEISURE,2026-07-11,2026-07-17,3,74741.0,True
TRIP_220c85e5a9,U_db66e0e055,OUT,IN_AE,LEISURE,2024-09-27,2024-10-04,2,15147.0,True
TRIP_dff9f8e81a,U_8302090bf3,OUT,IN_NP,LEISURE,2025-02-13,2025-02-18,2,9229.0,True
TRIP_ddaeee0544,U_ac33b0c510,OUT,IN_AE,VFR,2026-04-11,2026-04-19,3,41825.0,True
TRIP_711391aec8,U_e24705cd33,OUT,IN_QA,PILGRIMAGE,2025-12-31,2026-01-11,1,24874.0,True
TRIP_8cdfdc2678,U_e24705cd33,OUT,IN_AE,LEISURE,2025-11-05,2025-11-15,1,19034.0,True
TRIP_bf79b4619c,U_2734c35f16,OUT,IN_AE,BUSINESS,2025-10-02,2025-10-16,1,16546.0,True
TRIP_a044385721,U_c94fce112a,OUT,IN_AE,LEISURE,2025-07-05,2025-07-07,4,22377.0,True
TRIP_2f639b173e,U_c94fce112a,OUT,OTHER_R2,EDUCATION,2025-12-29,2026-01-10,1,9111.0,True
TRIP_25e769b5d0,U_c94fce112a,OUT,IN_LK,BUSINESS,2026-05-21,2026-05-30,3,46229.0,True
TRIP_2b9a4cb35c,U_d295327092,OUT,IN_BT,LEISURE,2025-12-03,2025-12-08,2,47213.0,True
TRIP_f2a02ed823,U_d295327092,OUT,IN_LK,VFR,2025-02-23,2025-03-06,3,64003.0,True
TRIP_18faebd1a9,U_238e0ee2f9,OUT,IN_SG,PILGRIMAGE,2025-10-07,2025-10-09,2,6628.0,True
TRIP_6d4ee001e1,U_94f5b27a60,OUT,IN_QA,EDUCATION,2025-05-27,2025-05-29,2,11782.0,True
TRIP_5e76d7b84a,U_ee4f334a33,OUT,IN_AE,LEISURE,2026-06-12,2026-06-19,3,59347.0,True
TRIP_06f0d79875,U_ee4f334a33,OUT,IN_LK,EDUCATION,2025-06-03,2025-06-15,1,4420.0,True
TRIP_b252d5bae1,U_ee4f334a33,OUT,IN_NP,LEISURE,2025-03-26,2025-03-28,4,14366.0,True
TRIP_99fc00f898,U_ee4f334a33,OUT,IN_QA,EDUCATION,2026-05-10,2026-05-17,3,30279.0,True
TRIP_120d918be1,U_ee4f334a33,OUT,IN_AE,LEISURE,2025-01-05,2025-01-13,4,12613.0,False
TRIP_dcc1339025,U_b7c64c6a3d,OUT,IN_AE,PILGRIMAGE,2025-09-04,2025-09-09,2,11625.0,True
TRIP_ee263ff153,U_b7c64c6a3d,OUT,IN_NP,LEISURE,2025-03-08,2025-03-11,2,5742.0,True
TRIP_1234678e1e,U_368b061c02,OUT,IN_BT,LEISURE,2026-05-08,2026-05-18,4,23041.0,True
TRIP_2f2b2ffa4f,U_368b061c02,OUT,IN_LK,LEISURE,2025-04-15,2025-04-20,2,25830.0,True
TRIP_b89ca17558,U_368b061c02,OUT,OTHER_R2,LEISURE,2025-05-07,2025-05-09,1,13801.0,True
TRIP_0b118df504,U_1bad3547c5,OUT,OTHER_R2,MEDICAL,2026-03-05,2026-03-09,1,4218.0,True
TRIP_22a425b6fe,U_73a600e68c,OUT,IN_BT,PILGRIMAGE,2026-04-09,2026-04-12,1,2351.0,True
TRIP_54ea193971,U_73a600e68c,OUT,OTHER_R2,EVENT,2025-09-13,2025-09-16,3,21662.0,True
TRIP_e7c20a1785,U_f28fc944e7,OUT,IN_NP,EDUCATION,2025-08-21,2025-08-30,3,13149.0,True
TRIP_22ea516a3a,U_1567fa5e23,OUT,IN_AE,LEISURE,2025-11-28,2025-12-03,1,36045.0,True
TRIP_472a8f4269,U_058d70b201,OUT,OTHER_R2,LEISURE,2026-03-27,2026-04-06,1,20206.0,True
TRIP_3e46788d34,U_368bcdce44,OUT,IN_BT,LEISURE,2025-09-07,2025-09-21,1,33194.0,True
TRIP_3495650c95,U_b86731aa1f,OUT,IN_AE,LEISURE,2025-08-25,2025-08-28,1,22690.0,True
TRIP_b276b163d6,U_69b85afd6e,OUT,OTHER_R2,VFR,2025-01-12,2025-01-17,1,11474.0,True
TRIP_f85e13fa0a,U_79a99877f8,OUT,IN_BT,MEDICAL,2025-01-07,2025-01-16,1,11237.0,True
TRIP_b5d8828aaa,U_79a99877f8,OUT,IN_QA,LEISURE,2025-05-10,2025-05-22,1,32714.0,True
TRIP_50a826b009,U_a24cb34912,OUT,IN_AE,MEDICAL,2026-05-17,2026-05-31,3,12994.0,True
TRIP_fdde3427a4,U_07a99cc25b,OUT,OTHER_R2,VFR,2025-07-13,2025-07-16,2,10939.0,True
TRIP_5ce37476d3,U_7bda63e8a8,OUT,IN_AE,PILGRIMAGE,2026-01-28,2026-02-02,1,8531.0,True
TRIP_f1f337aca9,U_70cb62131a,OUT,IN_BT,LEISURE,2026-06-24,2026-06-30,1,22128.0,True
TRIP_4072cda553,U_70cb62131a,OUT,OTHER_R2,VFR,2025-04-12,2025-04-21,2,12868.0,True
TRIP_f45c782bde,U_3fc862abae,OUT,IN_MU,LEISURE,2026-03-06,2026-03-08,2,55179.0,True
TRIP_e89452990c,U_13c9e83b7a,OUT,IN_AE,LEISURE,2024-08-16,2024-08-19,2,16819.0,True
TRIP_e88b7561a2,U_2c682039ba,OUT,IN_SG,LEISURE,2025-02-04,2025-02-13,1,5432.0,True
TRIP_7f757c735b,U_2c682039ba,OUT,OTHER_R2,VFR,2025-12-31,2026-01-04,3,40439.0,True
TRIP_501001784e,U_2df4062c6f,OUT,IN_NP,LEISURE,2025-04-26,2025-04-29,1,5438.0,True
TRIP_af17975017,U_2df4062c6f,OUT,OTHER_R2,LEISURE,2025-03-07,2025-03-10,4,3639.0,True
TRIP_57757f1736,U_2df4062c6f,OUT,IN_AE,EVENT,2026-06-20,2026-07-03,4,6734.0,True
TRIP_e558caa8b2,U_d79b24cb4b,OUT,IN_AE,LEISURE,2025-04-05,2025-04-09,1,31603.0,True
TRIP_1589af9882,U_d79b24cb4b,OUT,IN_FR,LEISURE,2026-04-27,2026-04-30,1,4706.0,True
TRIP_035b019e23,U_dc0aafba00,OUT,IN_AE,EDUCATION,2025-07-23,2025-08-06,2,25374.0,True
TRIP_bc974a0709,U_3007f7e92f,OUT,IN_QA,BUSINESS,2025-09-04,2025-09-07,2,9997.0,True
TRIP_1ac0e3172f,U_5a418c00c9,OUT,OTHER_R2,LEISURE,2025-12-12,2025-12-19,3,2218.0,True
TRIP_f15e10003c,U_5a418c00c9,OUT,IN_AE,VFR,2024-12-13,2024-12-25,3,15791.0,True
TRIP_b0acd61b28,U_392796c5e5,OUT,OTHER_R2,PILGRIMAGE,2026-01-18,2026-01-30,2,5161.0,True
TRIP_ccc22b4569,U_392796c5e5,OUT,IN_BT,LEISURE,2026-06-30,2026-07-02,3,6908.0,True
TRIP_a87db4fd55,U_392796c5e5,OUT,IN_NP,LEISURE,2025-06-19,2025-06-29,2,18542.0,True
TRIP_21fc581f32,U_de7832e47b,OUT,IN_NP,BUSINESS,2025-08-25,2025-09-01,4,17591.0,True
TRIP_7b8a98c8f0,U_de7832e47b,OUT,IN_AE,VFR,2025-12-21,2025-12-31,3,19498.0,True
TRIP_eb6f3cfcb1,U_fcf723917c,OUT,OTHER_R2,PILGRIMAGE,2026-04-09,2026-04-12,4,23284.0,True
TRIP_10859f4028,U_fcf723917c,OUT,OTHER_R2,EVENT,2026-03-02,2026-03-04,1,13170.0,True
TRIP_61f891e8cf,U_39b2c74f68,OUT,IN_AE,EDUCATION,2025-03-23,2025-03-28,4,14383.0,True
TRIP_8b368366fc,U_39b2c74f68,OUT,IN_BT,MEDICAL,2024-12-17,2024-12-30,2,26503.0,True
TRIP_c63d6908f3,U_39b2c74f68,OUT,IN_FR,EDUCATION,2026-05-26,2026-06-01,3,4451.0,True
TRIP_c9dd4e4c0f,U_9c99488119,OUT,IN_AE,LEISURE,2025-08-27,2025-09-10,2,20320.0,True
TRIP_3f3e7c1c88,U_1ab3dd611a,OUT,IN_AE,EDUCATION,2026-01-21,2026-01-24,1,9950.0,True
TRIP_ba2af9f673,U_ff3607bb6e,OUT,IN_AE,LEISURE,2025-11-10,2025-11-23,3,11088.0,True
TRIP_56dc8fc3c9,U_ff3607bb6e,OUT,IN_FR,BUSINESS,2024-12-07,2024-12-20,2,21683.0,True
TRIP_0b16b6143f,U_5992624c6f,OUT,IN_AE,EDUCATION,2026-01-06,2026-01-11,2,9435.0,True
TRIP_96342a240f,U_d3b64f683e,OUT,IN_AE,BUSINESS,2025-01-12,2025-01-21,1,61420.0,True
TRIP_615a1623ee,U_6a4d5dafd5,OUT,IN_AE,LEISURE,2024-09-30,2024-10-12,4,60063.0,True
TRIP_55af958872,U_6a4d5dafd5,OUT,OTHER_R2,EDUCATION,2025-09-21,2025-09-27,4,13865.0,True
TRIP_6f0a567c1e,U_f1e6571c86,OUT,IN_SG,MEDICAL,2024-11-11,2024-11-17,1,29048.0,True
TRIP_a50061da43,U_2f33265b5d,OUT,OTHER_R2,EDUCATION,2024-12-24,2025-01-07,1,39843.0,True
TRIP_51fcc4ff62,U_2f33265b5d,OUT,IN_AE,MEDICAL,2025-06-10,2025-06-18,2,27122.0,True
TRIP_65138c8221,U_900a406f2e,OUT,IN_AE,VFR,2024-11-22,2024-11-27,1,25687.0,True
TRIP_7ad7e831d6,U_900a406f2e,OUT,IN_AE,LEISURE,2026-01-31,2026-02-03,2,12352.0,False
TRIP_ee8e5d536c,U_02f9bdee94,OUT,OTHER_R2,LEISURE,2024-12-06,2024-12-12,4,2507.0,True
TRIP_9364ebd3bd,U_02f9bdee94,OUT,IN_FR,VFR,2026-06-14,2026-06-19,1,15849.0,True
TRIP_fd96ab321a,U_02f9bdee94,OUT,IN_AE,LEISURE,2024-09-28,2024-10-11,2,26810.0,True
TRIP_4f640314a6,U_cc8a98382c,OUT,IN_NP,LEISURE,2024-12-10,2024-12-17,1,13506.0,True
TRIP_154829a9dd,U_dfbd3877f3,OUT,OTHER_R2,LEISURE,2025-07-01,2025-07-03,4,9881.0,True
TRIP_ffe146e480,U_a621a224f2,OUT,IN_SG,LEISURE,2026-02-13,2026-02-20,4,3992.0,True
TRIP_fceed02e22,U_2f3fff93ac,OUT,IN_BT,LEISURE,2024-10-17,2024-10-29,2,8073.0,True
TRIP_1ea5232583,U_2f3fff93ac,OUT,IN_AE,LEISURE,2024-11-17,2024-11-19,3,10988.0,True
TRIP_0c96f8ed09,U_79d09e3745,OUT,IN_NP,LEISURE,2025-09-15,2025-09-17,3,15619.0,True
TRIP_6dedddd41e,U_79d09e3745,OUT,IN_SG,LEISURE,2026-01-27,2026-02-09,3,40576.0,True
TRIP_64b5a13aac,U_455d9aa1d6,OUT,IN_NP,LEISURE,2025-05-21,2025-06-03,4,18050.0,True
TRIP_a6704a0a5d,U_da5a658f4a,OUT,IN_AE,VFR,2026-01-19,2026-01-29,4,21571.0,True
TRIP_4b2c95adbb,U_8ca815c38d,OUT,IN_MU,LEISURE,2026-02-14,2026-02-16,2,9210.0,True
TRIP_becfda6cfd,U_8ca815c38d,OUT,IN_AE,TRANSIT,2024-11-07,2024-11-21,3,7484.0,True
TRIP_579ae17df6,U_8ca815c38d,OUT,OTHER_R2,BUSINESS,2025-03-26,2025-04-05,1,12528.0,True
TRIP_d51161e883,U_989e811f69,OUT,IN_NP,PILGRIMAGE,2024-08-18,2024-08-30,3,11098.0,True
TRIP_b5b26e8a1c,U_989e811f69,OUT,IN_NP,BUSINESS,2024-10-28,2024-10-30,1,22688.0,False
TRIP_ba9ea8883b,U_989e811f69,OUT,OTHER_R2,MEDICAL,2025-09-16,2025-09-18,2,31166.0,True
TRIP_e7778b0296,U_be6203aed3,OUT,IN_NP,LEISURE,2026-03-08,2026-03-22,1,9512.0,True
TRIP_0182b5d1e6,U_3207c3b17b,OUT,IN_QA,LEISURE,2024-08-16,2024-08-26,3,12077.0,True
TRIP_7ff9808698,U_057a19a68e,OUT,IN_AE,LEISURE,2024-10-30,2024-11-09,4,4051.0,True
TRIP_6dcc7e0a8e,U_520253c34e,OUT,IN_QA,EDUCATION,2026-02-12,2026-02-23,1,3301.0,True
TRIP_1abe9455e1,U_520253c34e,OUT,IN_MU,LEISURE,2025-07-13,2025-07-16,3,111541.0,True
TRIP_d469f4a76c,U_e238dcd0b2,OUT,IN_LK,MEDICAL,2025-01-23,2025-02-01,2,27117.0,True
TRIP_746d8faf66,U_0ccecec6e6,OUT,OTHER_R2,LEISURE,2024-12-01,2024-12-15,3,5954.0,True
TRIP_514c9b44cc,U_0ccecec6e6,OUT,OTHER_R2,LEISURE,2026-01-24,2026-02-01,1,13291.0,False
TRIP_3406d7c374,U_0ccecec6e6,OUT,IN_LK,LEISURE,2025-05-05,2025-05-11,2,15623.0,True
TRIP_497f628e9d,U_0ccecec6e6,OUT,IN_AE,LEISURE,2025-07-25,2025-08-01,4,8223.0,True
TRIP_858cb72a94,U_310943af4d,OUT,IN_LK,MEDICAL,2026-04-13,2026-04-18,3,44160.0,True
TRIP_550a3b56b2,U_749f97d87d,OUT,IN_QA,LEISURE,2025-02-23,2025-02-27,2,14240.0,True
TRIP_ba5c3e8834,U_749f97d87d,OUT,OTHER_R2,BUSINESS,2026-02-05,2026-02-17,3,9368.0,True
TRIP_16368ff90f,U_8b4c661471,OUT,OTHER_R2,LEISURE,2025-05-12,2025-05-21,4,7227.0,True
TRIP_78b9dbf2f2,U_8b4c661471,OUT,IN_NP,EDUCATION,2025-09-16,2025-09-18,3,10610.0,True
TRIP_7bd3d819aa,U_05b589f874,OUT,IN_BT,LEISURE,2024-10-29,2024-11-07,1,3863.0,True
TRIP_1210f7de41,U_54791ca3a3,OUT,IN_AE,VFR,2024-11-11,2024-11-24,1,7703.0,True
TRIP_6ae016090d,U_87a1e110de,OUT,IN_NP,LEISURE,2025-04-29,2025-05-05,2,5355.0,True
TRIP_3afb93369f,U_87a1e110de,OUT,OTHER_R2,EVENT,2025-02-19,2025-03-05,1,9340.0,True
TRIP_cb92e2aa9c,U_87a1e110de,OUT,OTHER_R2,LEISURE,2026-06-07,2026-06-15,4,14531.0,False
TRIP_0710d0a262,U_87a1e110de,OUT,IN_QA,LEISURE,2025-02-23,2025-02-28,3,7756.0,True
TRIP_0aedb24c29,U_83ed6a5f4d,OUT,IN_AE,VFR,2025-04-28,2025-05-12,2,9430.0,True
TRIP_6c4d507e5b,U_454dae053b,OUT,IN_AE,VFR,2025-01-17,2025-01-28,4,19505.0,True
TRIP_3032fe3c76,U_454dae053b,OUT,IN_AE,LEISURE,2025-07-13,2025-07-16,4,21525.0,False
TRIP_8adec0e760,U_62414e6f52,OUT,IN_SG,LEISURE,2025-08-11,2025-08-25,1,10211.0,True
TRIP_b3b91bee83,U_0e20e2737a,OUT,IN_AE,LEISURE,2025-10-25,2025-11-07,1,54922.0,True
TRIP_1959e83b5a,U_0e20e2737a,OUT,IN_MU,BUSINESS,2025-03-26,2025-03-30,4,4459.0,True
TRIP_09e99b1752,U_4db4566c7b,OUT,OTHER_R2,BUSINESS,2026-05-16,2026-05-23,3,5255.0,True
TRIP_926fd53f64,U_4db4566c7b,OUT,IN_AE,TRANSIT,2026-06-02,2026-06-05,1,49075.0,True
TRIP_ec7078a021,U_3144f5b38c,OUT,IN_AE,LEISURE,2024-11-09,2024-11-17,2,8621.0,True
TRIP_1132eca1e2,U_831282eb56,OUT,IN_SG,LEISURE,2025-07-24,2025-07-29,4,37851.0,True
TRIP_e2c1017d43,U_b352f9acdc,OUT,OTHER_R2,LEISURE,2025-08-15,2025-08-21,1,25286.0,True
TRIP_eea33c7b8c,U_b352f9acdc,OUT,IN_AE,LEISURE,2026-05-04,2026-05-06,1,15123.0,True
TRIP_dbfaf40929,U_b352f9acdc,OUT,IN_AE,EDUCATION,2025-05-15,2025-05-20,3,2894.0,False
TRIP_47803aef8e,U_b352f9acdc,OUT,OTHER_R2,EVENT,2024-09-28,2024-10-02,1,12783.0,False
TRIP_c3816f60ff,U_0c9b693daa,OUT,IN_AE,MEDICAL,2025-09-19,2025-09-27,2,10639.0,True
TRIP_ee2fd6751c,U_f7035a542e,OUT,IN_SG,LEISURE,2025-12-07,2025-12-09,3,24778.0,True
TRIP_5e1b45249b,U_f7035a542e,OUT,IN_NP,MEDICAL,2024-12-30,2025-01-03,4,20187.0,True
TRIP_b7edbeee4b,U_e7f2f891a8,OUT,IN_AE,LEISURE,2025-08-16,2025-08-18,3,17741.0,True
TRIP_a904ca5ba8,U_e7f2f891a8,OUT,IN_AE,EVENT,2026-06-13,2026-06-22,2,9023.0,False
TRIP_5ea034fa98,U_e7f2f891a8,OUT,IN_NP,BUSINESS,2025-01-09,2025-01-20,2,18609.0,True
TRIP_7d28fb8940,U_e7f2f891a8,OUT,IN_AE,LEISURE,2026-02-27,2026-03-07,2,14998.0,False
TRIP_4b0234cc84,U_b10358831f,OUT,IN_MU,EDUCATION,2024-10-01,2024-10-12,1,40663.0,True
TRIP_ddbff627f7,U_b10358831f,OUT,IN_AE,EDUCATION,2024-09-25,2024-09-29,2,35021.0,True
TRIP_b2dcc849e4,U_b10358831f,OUT,IN_AE,MEDICAL,2024-12-21,2024-12-23,3,5464.0,True
TRIP_3fad3d03a8,U_7c3cd53a47,OUT,IN_BT,PILGRIMAGE,2026-03-18,2026-04-01,1,38242.0,True
TRIP_1f66ea1e28,U_660efe8e66,OUT,IN_NP,LEISURE,2025-05-27,2025-06-08,4,10225.0,True
TRIP_3f7ec3f6b0,U_660efe8e66,OUT,IN_NP,LEISURE,2025-02-19,2025-02-22,3,14914.0,False
TRIP_9fd0a5a5f0,U_236fad8267,OUT,OTHER_R2,PILGRIMAGE,2024-10-27,2024-11-05,2,4142.0,True
TRIP_baf7aeadc1,U_91a4344f21,OUT,IN_QA,MEDICAL,2025-09-24,2025-10-04,2,7487.0,True
TRIP_30f092de5f,U_91a4344f21,OUT,IN_SG,MEDICAL,2025-10-12,2025-10-20,1,22821.0,True
TRIP_f5930880ae,U_91a4344f21,OUT,IN_AE,EDUCATION,2025-06-01,2025-06-14,1,10064.0,True
TRIP_044c5d22a2,U_e95eafe005,OUT,OTHER_R2,EDUCATION,2024-12-27,2025-01-05,3,10292.0,True
TRIP_bce1b6cb87,U_004499e1e2,OUT,IN_AE,EDUCATION,2026-02-17,2026-02-27,3,14134.0,True
TRIP_f92d7198d1,U_b18ba74f7b,OUT,IN_SG,LEISURE,2026-05-04,2026-05-15,1,25253.0,True
TRIP_f5c2541b64,U_b18ba74f7b,OUT,IN_NP,BUSINESS,2026-01-09,2026-01-18,3,2702.0,True
TRIP_203addd101,U_4cc7f8bb14,OUT,IN_LK,LEISURE,2024-12-05,2024-12-15,1,20624.0,True
TRIP_4d5ef121b7,U_8796b22989,OUT,IN_AE,BUSINESS,2024-11-09,2024-11-15,4,42673.0,True
TRIP_bffa15ae78,U_c3dd216b65,OUT,IN_SG,MEDICAL,2026-01-10,2026-01-16,3,13852.0,True
TRIP_b155a5029d,U_2f413d402d,OUT,OTHER_R2,EDUCATION,2025-05-19,2025-05-31,2,14695.0,True
TRIP_faf1e70be8,U_3be3e76024,OUT,IN_BT,LEISURE,2025-11-10,2025-11-23,3,6664.0,True
TRIP_aa13802498,U_3be3e76024,OUT,IN_SG,TRANSIT,2026-03-07,2026-03-16,2,20067.0,True
TRIP_972fb69dbc,U_5eb251497f,OUT,IN_QA,BUSINESS,2024-11-13,2024-11-18,3,42818.0,True
TRIP_07875fce33,U_5eb251497f,OUT,IN_QA,BUSINESS,2024-12-05,2024-12-14,2,20673.0,False
TRIP_3dafec766e,U_5eb251497f,OUT,IN_SG,LEISURE,2025-08-13,2025-08-16,1,12575.0,True
TRIP_78341d745f,U_5eb251497f,OUT,IN_SG,MEDICAL,2026-06-04,2026-06-16,4,13104.0,False
TRIP_98767f57cf,U_f23f45e565,OUT,IN_AE,EDUCATION,2024-09-19,2024-09-30,1,4626.0,True
TRIP_58284e090b,U_f23f45e565,OUT,IN_LK,VFR,2024-09-23,2024-09-27,3,14644.0,True
TRIP_b94e8919c2,U_fee2729a64,OUT,OTHER_R2,MEDICAL,2025-07-14,2025-07-20,1,39522.0,True
TRIP_e5977cd980,U_5b5d589bb6,OUT,OTHER_R2,EDUCATION,2024-12-08,2024-12-20,2,10576.0,True
TRIP_319e3cfd22,U_ef8c0d2131,OUT,IN_BT,BUSINESS,2024-11-27,2024-12-07,4,8317.0,True
TRIP_91bbd52dbf,U_ef8c0d2131,OUT,OTHER_R2,LEISURE,2024-10-31,2024-11-06,2,11033.0,True
TRIP_50000f8ebf,U_b6be840665,OUT,IN_SG,LEISURE,2024-12-12,2024-12-24,1,10915.0,True
TRIP_00fa34d899,U_b6be840665,OUT,OTHER_R2,BUSINESS,2026-07-01,2026-07-11,3,44782.0,True
TRIP_345aff51e9,U_77757fc378,OUT,IN_NP,LEISURE,2025-05-06,2025-05-12,2,38039.0,True
TRIP_45f6da5c67,U_2ab1365d4b,OUT,OTHER_R2,BUSINESS,2025-03-18,2025-03-25,2,6801.0,True
TRIP_634c4cb7d9,U_2ab1365d4b,OUT,IN_AE,LEISURE,2026-04-07,2026-04-15,2,4523.0,True
TRIP_ebb18514c6,U_2ab1365d4b,OUT,IN_LK,EDUCATION,2025-01-22,2025-01-29,4,5870.0,True
TRIP_83b4a32059,U_5bb0a4fc44,OUT,IN_LK,VFR,2024-10-10,2024-10-20,2,27288.0,True
TRIP_7e886c9eff,U_4ebbde0f92,OUT,IN_BT,LEISURE,2025-01-11,2025-01-17,3,37685.0,True
TRIP_8d2c878511,U_433265f3f2,OUT,IN_SG,LEISURE,2025-02-09,2025-02-23,2,15485.0,True
TRIP_0109d93a33,U_0d23d217b2,OUT,IN_NP,VFR,2025-11-04,2025-11-11,2,40470.0,True
TRIP_488a26e67f,U_f2e6e8552f,OUT,IN_AE,BUSINESS,2024-08-27,2024-09-07,4,4871.0,True
TRIP_70f999c75d,U_94ed8d5ecb,OUT,IN_AE,EVENT,2026-06-10,2026-06-16,2,24589.0,True
TRIP_937f79c46a,U_94ed8d5ecb,OUT,OTHER_R2,LEISURE,2024-08-17,2024-08-21,2,27240.0,True
TRIP_52de1ca8f8,U_255c087fcb,OUT,IN_SG,LEISURE,2026-04-24,2026-04-26,2,9062.0,True
TRIP_6b4f46ccd5,U_942b1c28e4,OUT,IN_QA,BUSINESS,2025-07-27,2025-08-04,2,23122.0,True
TRIP_b906886aae,U_942b1c28e4,OUT,OTHER_R2,VFR,2025-05-02,2025-05-15,4,5241.0,True
TRIP_4b271be489,U_942b1c28e4,OUT,IN_AE,EVENT,2024-10-28,2024-11-03,1,9903.0,True
TRIP_0c0bbdca02,U_e04b3a445b,OUT,IN_AE,TRANSIT,2025-06-14,2025-06-23,4,5405.0,True
TRIP_b39077922d,U_e04b3a445b,OUT,IN_AE,VFR,2026-01-25,2026-02-06,4,20173.0,False
TRIP_6c8f3621fb,U_53c234e391,OUT,IN_AE,EVENT,2025-06-14,2025-06-23,3,15606.0,True
TRIP_05c642e3bb,U_53c234e391,OUT,IN_MU,VFR,2026-02-02,2026-02-14,1,4936.0,True
TRIP_be3b6e51d9,U_1365a75f33,OUT,IN_AE,VFR,2024-10-05,2024-10-08,3,13316.0,True
TRIP_2a8568157a,U_feda5971a6,OUT,IN_QA,MEDICAL,2026-06-20,2026-07-01,1,57351.0,True
TRIP_c6949ba16f,U_feda5971a6,OUT,IN_QA,EDUCATION,2026-07-04,2026-07-18,3,8725.0,True
TRIP_198607a7e5,U_53a4d16946,OUT,IN_BT,LEISURE,2025-01-05,2025-01-08,1,14336.0,True
TRIP_606c70e787,U_53a4d16946,OUT,OTHER_R2,MEDICAL,2024-12-05,2024-12-10,4,2721.0,True
TRIP_10b06bf14a,U_53a4d16946,OUT,IN_QA,LEISURE,2024-10-25,2024-10-29,3,8765.0,True
TRIP_c8840e3a77,U_d7a6b48ded,OUT,IN_AE,PILGRIMAGE,2024-12-16,2024-12-25,3,9578.0,True
TRIP_341d4db2e6,U_a045f12119,OUT,IN_SG,LEISURE,2024-12-22,2024-12-29,2,7181.0,True
TRIP_cfd9c2cfcd,U_a045f12119,OUT,OTHER_R2,EDUCATION,2025-01-09,2025-01-20,2,6914.0,True
TRIP_e4a873cb83,U_a045f12119,OUT,IN_FR,LEISURE,2024-12-21,2024-12-28,3,20151.0,True
TRIP_e64f44f3b5,U_42e44d6986,OUT,IN_NP,EDUCATION,2025-02-11,2025-02-20,1,38948.0,True
TRIP_63a6f933f2,U_42e44d6986,OUT,IN_KH,LEISURE,2025-11-18,2025-11-29,3,37505.0,True
TRIP_08a2a55247,U_42e44d6986,OUT,IN_AE,LEISURE,2025-09-28,2025-10-04,3,56004.0,True
TRIP_b209a8aa3c,U_a1abdf296e,OUT,IN_AE,PILGRIMAGE,2024-11-17,2024-11-28,1,7833.0,True
TRIP_bf3aaeaaf1,U_a1abdf296e,OUT,IN_QA,TRANSIT,2024-11-27,2024-12-06,3,10352.0,True
TRIP_2781bbbd0e,U_9ec348399e,OUT,IN_QA,VFR,2025-09-13,2025-09-21,3,7425.0,True
TRIP_a2dd80c918,U_9ec348399e,OUT,IN_NP,VFR,2025-12-29,2026-01-05,2,3787.0,True
TRIP_4cbab3c3c5,U_5a1c18cbde,OUT,IN_AE,EDUCATION,2026-02-11,2026-02-13,2,24808.0,True
TRIP_65e1b01be4,U_7906cab0cb,OUT,IN_AE,LEISURE,2026-06-15,2026-06-17,2,26907.0,True
TRIP_f0eb56f113,U_584aa16bfb,OUT,IN_SG,LEISURE,2025-01-28,2025-02-10,1,43120.0,True
TRIP_3ceca1b1da,U_584aa16bfb,OUT,IN_AE,BUSINESS,2025-12-09,2025-12-22,2,16159.0,True
TRIP_a6126f1c3a,U_7dce38e2d9,OUT,IN_NP,BUSINESS,2025-08-16,2025-08-28,1,16960.0,True
TRIP_9c77f5430e,U_5e70392af7,OUT,IN_BT,PILGRIMAGE,2024-12-25,2024-12-31,4,13963.0,True
TRIP_74b4f09f01,U_5e70392af7,OUT,OTHER_R2,PILGRIMAGE,2026-03-07,2026-03-14,4,8427.0,True
TRIP_2eb9959fed,U_535174cc59,OUT,OTHER_R2,BUSINESS,2024-12-22,2024-12-29,1,22510.0,True
TRIP_2dab869375,U_ad7cdee362,OUT,OTHER_R2,MEDICAL,2024-08-12,2024-08-23,1,10073.0,True
TRIP_b688069b9f,U_ad7cdee362,OUT,IN_AE,LEISURE,2025-05-23,2025-05-27,3,24087.0,True
TRIP_2828a6aac5,U_51df161ce3,OUT,IN_NP,LEISURE,2025-07-12,2025-07-24,1,37139.0,True
TRIP_a40c359d95,U_43141e5089,OUT,IN_KH,VFR,2025-07-05,2025-07-13,1,82511.0,True
TRIP_344dd2a972,U_43141e5089,OUT,IN_FR,EVENT,2026-03-10,2026-03-24,4,19118.0,True
TRIP_65c10a72cd,U_b09023e646,OUT,IN_NP,VFR,2024-11-09,2024-11-13,2,3580.0,True
TRIP_5cd60c80df,U_b09023e646,OUT,IN_NP,VFR,2024-12-03,2024-12-13,3,3438.0,False
TRIP_42f0d03c82,U_e59341e720,OUT,IN_BT,MEDICAL,2025-11-14,2025-11-25,1,9755.0,True
TRIP_39703043bb,U_8dbebba9d5,OUT,IN_AE,EDUCATION,2025-01-31,2025-02-09,4,6751.0,True
TRIP_5e79aca92a,U_f2675d3802,OUT,OTHER_R2,MEDICAL,2026-02-21,2026-03-02,3,7478.0,True
TRIP_8426ed442d,U_5260bc1436,OUT,OTHER_R2,BUSINESS,2025-05-11,2025-05-13,4,14940.0,True
TRIP_6304acf7b4,U_8b1a865457,OUT,IN_QA,EDUCATION,2025-10-13,2025-10-26,3,6409.0,True
TRIP_cb0cccdd9e,U_91ec18b6a9,OUT,IN_AE,TRANSIT,2025-11-06,2025-11-17,3,20242.0,True
TRIP_708b1473ae,U_e01275b4fc,OUT,IN_AE,EVENT,2026-01-11,2026-01-14,1,5129.0,True
TRIP_c4eccac404,U_3e47a594d3,OUT,IN_QA,BUSINESS,2026-07-08,2026-07-21,2,16707.0,True
TRIP_082d264a00,U_3e47a594d3,OUT,IN_AE,EDUCATION,2026-02-14,2026-02-21,1,3428.0,True
TRIP_5765bbfb81,U_3e47a594d3,OUT,OTHER_R2,VFR,2026-01-23,2026-01-27,4,14107.0,True
TRIP_1906c8a05b,U_15e21d25f8,OUT,IN_AE,MEDICAL,2026-05-21,2026-05-26,2,11526.0,True
TRIP_79623225c1,U_15e21d25f8,OUT,IN_AE,LEISURE,2026-01-06,2026-01-17,1,16156.0,False
TRIP_c7c3b15ea3,U_15e21d25f8,OUT,IN_QA,LEISURE,2025-04-12,2025-04-24,1,7332.0,True
TRIP_faec9418e1,U_e458cf97b6,OUT,IN_BT,LEISURE,2024-10-20,2024-10-31,1,39913.0,True
TRIP_ee67fa4c2c,U_2b4d39aa3b,OUT,IN_AE,EVENT,2025-11-23,2025-11-30,2,5413.0,True
TRIP_3931808c81,U_b9f2d65f44,OUT,IN_NP,BUSINESS,2026-05-29,2026-06-03,3,15105.0,True
TRIP_3b9aca5336,U_0d8e7ba0f2,OUT,IN_NP,BUSINESS,2025-01-04,2025-01-08,3,12125.0,True
TRIP_d2211f61b9,U_e75c766d17,OUT,IN_SG,LEISURE,2025-07-17,2025-07-19,1,3706.0,True
TRIP_6963c349e9,U_a95b569826,OUT,IN_NP,LEISURE,2025-08-02,2025-08-13,3,38583.0,True
TRIP_016abd9bbc,U_4c7094b08a,OUT,IN_FR,LEISURE,2026-02-02,2026-02-16,1,10895.0,True
TRIP_6ef69cc52c,U_4c7094b08a,OUT,IN_AE,LEISURE,2025-11-29,2025-12-11,3,5064.0,True
TRIP_74da0c1408,U_480222bde6,OUT,IN_AE,LEISURE,2025-04-23,2025-04-27,2,3353.0,True
TRIP_e474abffb5,U_480222bde6,OUT,IN_QA,LEISURE,2024-10-07,2024-10-20,4,22996.0,True
TRIP_0d394e9ffb,U_f641bc8ef9,OUT,IN_LK,BUSINESS,2025-09-15,2025-09-28,3,21996.0,True
TRIP_8f2be79394,U_3139a5e2c1,OUT,IN_NP,MEDICAL,2025-07-27,2025-08-09,3,5954.0,True
TRIP_50fc5f1e3d,U_3139a5e2c1,OUT,IN_AE,MEDICAL,2025-05-16,2025-05-19,4,5888.0,True
TRIP_f9e2066eaa,U_8227a3fac4,OUT,IN_AE,LEISURE,2025-05-17,2025-05-27,1,12516.0,True
TRIP_67e6cc9797,U_8227a3fac4,OUT,IN_QA,VFR,2025-10-06,2025-10-10,2,26278.0,True
TRIP_fdefb0bd6a,U_8227a3fac4,OUT,OTHER_R2,EDUCATION,2025-05-07,2025-05-19,1,6410.0,True
TRIP_693a78da67,U_8227a3fac4,OUT,IN_AE,LEISURE,2025-08-10,2025-08-19,2,30549.0,False
TRIP_379b5c6337,U_efff671473,OUT,IN_LK,LEISURE,2026-05-23,2026-05-28,1,12628.0,True
TRIP_78a24e00c1,U_334b8f515a,OUT,IN_BT,LEISURE,2025-09-15,2025-09-19,3,18200.0,True
TRIP_ee0c66d04d,U_3503ee0236,OUT,OTHER_R2,LEISURE,2025-06-18,2025-06-30,4,14306.0,True
TRIP_b8ffe7cb5d,U_fd97da0a34,OUT,IN_AE,MEDICAL,2026-02-10,2026-02-21,1,13750.0,True
TRIP_854c170d72,U_fd97da0a34,OUT,IN_QA,EVENT,2025-01-31,2025-02-09,4,12158.0,True
TRIP_19f31b018d,U_a833d7da86,OUT,IN_AE,LEISURE,2025-08-17,2025-08-25,1,13486.0,True
TRIP_4ac611eead,U_6fda31d05a,OUT,IN_SG,EVENT,2025-08-09,2025-08-17,1,54608.0,True
TRIP_97e4c5e442,U_6fda31d05a,OUT,IN_SG,LEISURE,2026-03-19,2026-03-21,3,22041.0,False
TRIP_1570d8fabe,U_e3b4a7da18,OUT,IN_MU,LEISURE,2025-03-18,2025-03-29,3,10694.0,True
TRIP_a1bda2e805,U_e3b4a7da18,OUT,IN_QA,LEISURE,2025-07-02,2025-07-04,1,4856.0,True
TRIP_3127faa33d,U_4f4f99ed22,OUT,IN_AE,LEISURE,2025-02-27,2025-03-10,3,11685.0,True
TRIP_9d8de16831,U_301a767753,OUT,OTHER_R2,LEISURE,2026-03-17,2026-03-19,4,19850.0,True
TRIP_47701d2e4a,U_705b2eac86,OUT,IN_BT,TRANSIT,2026-06-22,2026-07-06,2,10257.0,True
TRIP_7878216556,U_27f676c3ba,OUT,IN_BT,MEDICAL,2025-11-26,2025-11-29,2,9201.0,True
TRIP_daf3594138,U_8451a000e5,OUT,IN_KH,MEDICAL,2026-03-04,2026-03-08,2,25781.0,True
TRIP_d36d1ee797,U_8451a000e5,OUT,IN_NP,MEDICAL,2025-01-31,2025-02-11,4,15247.0,True
TRIP_24953633f3,U_8451a000e5,OUT,IN_NP,EDUCATION,2025-06-12,2025-06-16,1,4041.0,False
TRIP_75ae967800,U_1702306ccc,OUT,IN_AE,MEDICAL,2026-03-07,2026-03-12,4,24135.0,True
TRIP_d4282b8cfa,U_e100b12f38,OUT,IN_QA,LEISURE,2026-03-27,2026-04-08,3,52429.0,True
TRIP_28837cab33,U_8c13fc1cef,OUT,IN_SG,BUSINESS,2026-06-17,2026-06-24,1,32742.0,True
TRIP_8d7bf32ddb,U_39d5451b3d,OUT,IN_NP,BUSINESS,2026-07-04,2026-07-07,3,14834.0,True
TRIP_57669917b0,U_dc514b536b,OUT,IN_LK,VFR,2024-12-17,2024-12-22,1,7831.0,True
TRIP_217f632d66,U_13a02520dd,OUT,IN_AE,VFR,2025-05-25,2025-06-04,2,23984.0,True
TRIP_1ff1c432df,U_13a02520dd,OUT,IN_AE,VFR,2025-12-22,2026-01-01,3,20325.0,True
TRIP_190f012414,U_b2f531e347,OUT,IN_SG,VFR,2024-09-27,2024-10-09,4,14605.0,True
TRIP_56d267a558,U_d84aab2a71,OUT,OTHER_R2,VFR,2025-08-12,2025-08-14,3,29873.0,True
TRIP_4fd0d69253,U_d84aab2a71,OUT,IN_SG,LEISURE,2025-11-28,2025-12-12,1,9613.0,True
TRIP_2ce60d869f,U_6c6a3c7548,OUT,IN_LK,LEISURE,2025-03-02,2025-03-10,3,7624.0,True
TRIP_04368c387f,U_6c6a3c7548,OUT,IN_AE,TRANSIT,2026-02-24,2026-03-05,1,4168.0,True
TRIP_2a7d5af5b8,U_6c6a3c7548,OUT,IN_NP,EVENT,2026-02-14,2026-02-24,4,27626.0,True
TRIP_35323e32fb,U_6c6a3c7548,OUT,OTHER_R2,LEISURE,2025-09-25,2025-10-09,3,19518.0,True
TRIP_df01fe500a,U_d65879baeb,OUT,IN_AE,TRANSIT,2024-08-22,2024-08-25,1,20205.0,True
TRIP_d7df7a9588,U_03536591b8,OUT,IN_AE,LEISURE,2026-03-18,2026-03-28,2,21952.0,True
TRIP_26b90cb428,U_03536591b8,OUT,IN_LK,BUSINESS,2025-05-16,2025-05-23,1,42291.0,True
TRIP_f78dadbeb6,U_9bed31dbbb,OUT,IN_AE,LEISURE,2025-12-19,2025-12-22,2,12240.0,True
TRIP_7afcf15db0,U_f021ad7378,OUT,IN_QA,BUSINESS,2025-04-19,2025-04-27,1,56378.0,True
TRIP_6f71dab02f,U_aa369eecd1,OUT,IN_AE,LEISURE,2025-05-19,2025-05-26,4,22999.0,True
TRIP_75f40b3d96,U_ea0c98d162,OUT,IN_QA,VFR,2024-09-12,2024-09-25,4,23627.0,True
TRIP_ab09b2ccf5,U_6161224721,OUT,IN_FR,LEISURE,2026-04-18,2026-04-25,4,12131.0,True
TRIP_8e095cb7ce,U_6161224721,OUT,IN_FR,MEDICAL,2025-07-02,2025-07-13,2,3809.0,False
TRIP_ddbe018036,U_6161224721,OUT,IN_NP,BUSINESS,2025-03-11,2025-03-13,4,6762.0,True
TRIP_9663a7628a,U_0cbea08984,OUT,IN_AE,TRANSIT,2026-04-01,2026-04-07,4,3420.0,True
TRIP_d9fb2be518,U_b9d11f4acc,OUT,IN_AE,LEISURE,2025-03-16,2025-03-26,4,6179.0,True
TRIP_104feb4512,U_6e4ff5d99b,OUT,IN_AE,PILGRIMAGE,2026-02-14,2026-02-17,3,13194.0,True
TRIP_f78ae58d8b,U_12827fd9bb,OUT,IN_AE,PILGRIMAGE,2025-11-29,2025-12-03,3,17264.0,True
TRIP_fa4461e030,U_12827fd9bb,OUT,IN_SG,BUSINESS,2025-01-18,2025-01-28,2,7750.0,True
TRIP_7cfaafdbac,U_ae6c05d18a,OUT,IN_QA,LEISURE,2024-12-30,2025-01-01,3,16671.0,True
TRIP_0887c561bf,U_ae6c05d18a,OUT,IN_QA,LEISURE,2025-04-22,2025-05-04,4,5902.0,True
TRIP_7430efd02d,U_ae6c05d18a,OUT,IN_SG,LEISURE,2025-02-11,2025-02-18,3,4214.0,True
TRIP_4c0594ae9b,U_ccbe52784d,OUT,IN_NP,LEISURE,2025-04-26,2025-05-10,2,3995.0,True
TRIP_a6d0bac0fd,U_dfb22380c1,OUT,IN_FR,LEISURE,2024-11-05,2024-11-12,1,4177.0,True
TRIP_61f59049c3,U_5e87d8ef44,OUT,OTHER_R2,LEISURE,2026-05-04,2026-05-16,3,29043.0,True
TRIP_5f8404348d,U_d4b005e6de,OUT,IN_AE,BUSINESS,2025-06-15,2025-06-24,4,5409.0,True
TRIP_40b0fb305d,U_d4b005e6de,OUT,IN_KH,TRANSIT,2025-10-18,2025-10-21,2,12374.0,True
TRIP_aaefc74dc5,U_d4b005e6de,OUT,IN_NP,TRANSIT,2026-04-19,2026-05-01,3,36368.0,True
TRIP_e4d7072c04,U_58f479c4be,OUT,OTHER_R2,LEISURE,2025-04-30,2025-05-12,4,4728.0,True
TRIP_d8dd6820e5,U_5a74201374,OUT,IN_QA,BUSINESS,2025-05-15,2025-05-20,4,19320.0,True
TRIP_26dbb6be74,U_ce966df800,OUT,OTHER_R2,PILGRIMAGE,2026-05-29,2026-06-09,3,16539.0,True
TRIP_8be038c82d,U_04199d1e68,OUT,IN_MU,EDUCATION,2025-03-21,2025-03-25,2,4942.0,True
TRIP_e69576b2ee,U_97040cc49f,OUT,IN_NP,LEISURE,2026-06-02,2026-06-12,2,33802.0,True
TRIP_3467e4c251,U_97040cc49f,OUT,IN_MU,LEISURE,2025-11-12,2025-11-17,4,18988.0,True
TRIP_05e6a9db96,U_15c510800f,OUT,OTHER_R2,LEISURE,2025-04-29,2025-05-13,3,10017.0,True
TRIP_2f469efcec,U_15c510800f,OUT,IN_AE,MEDICAL,2026-06-04,2026-06-14,4,42197.0,True
TRIP_ee3e76c9d4,U_c728fdf3a1,OUT,IN_AE,PILGRIMAGE,2025-10-17,2025-10-27,4,10853.0,True
TRIP_30998e6b52,U_c728fdf3a1,OUT,IN_AE,LEISURE,2025-04-07,2025-04-09,2,2356.0,False
TRIP_73359d1feb,U_c728fdf3a1,OUT,IN_AE,LEISURE,2024-09-11,2024-09-23,2,38259.0,False
TRIP_aa461e7703,U_c728fdf3a1,OUT,IN_AE,VFR,2026-01-27,2026-02-06,3,9329.0,False
TRIP_7be00a7370,U_d460964852,OUT,OTHER_R2,LEISURE,2026-06-08,2026-06-16,4,33414.0,True
TRIP_12a0de3400,U_d460964852,OUT,IN_SG,EVENT,2025-02-12,2025-02-20,1,10486.0,True
TRIP_6165a6bb7f,U_d460964852,OUT,IN_AE,PILGRIMAGE,2026-02-27,2026-03-03,3,59998.0,True
TRIP_d7c28b2cf3,U_d460964852,OUT,OTHER_R2,LEISURE,2025-08-02,2025-08-13,3,8985.0,True
TRIP_d93d6cae86,U_d460964852,OUT,IN_FR,EDUCATION,2024-10-04,2024-10-13,4,30615.0,True
TRIP_8dba4f7cb7,U_d460964852,OUT,IN_AE,BUSINESS,2026-05-22,2026-05-25,3,13113.0,True
TRIP_f63eb77830,U_919414679d,OUT,IN_AE,LEISURE,2025-08-21,2025-08-28,2,13868.0,True
TRIP_723f631f17,U_7a764c2b77,OUT,OTHER_R2,LEISURE,2025-11-29,2025-12-10,3,6777.0,True
TRIP_ab9be05822,U_7a764c2b77,OUT,IN_NP,BUSINESS,2026-05-12,2026-05-24,2,8177.0,True
TRIP_7e82a30935,U_e750a43c01,OUT,OTHER_R2,VFR,2024-11-25,2024-11-27,1,23987.0,True
TRIP_5961fc6952,U_e750a43c01,OUT,IN_NP,LEISURE,2024-12-09,2024-12-20,2,22607.0,True
TRIP_4f5ab6f35a,U_e750a43c01,OUT,IN_AE,LEISURE,2025-11-08,2025-11-10,1,10487.0,True
TRIP_bb8b38de88,U_105875c160,OUT,IN_AE,LEISURE,2026-01-06,2026-01-19,2,54685.0,True
TRIP_3486d638d4,U_105875c160,OUT,IN_MU,LEISURE,2026-05-15,2026-05-29,3,14914.0,True
TRIP_8acf086465,U_c05aaf27a9,OUT,IN_SG,PILGRIMAGE,2025-08-31,2025-09-08,2,12969.0,True
TRIP_bd5f9da9b2,U_c05aaf27a9,OUT,IN_NP,BUSINESS,2024-09-28,2024-10-08,2,10476.0,True
TRIP_fdc7969fd8,U_c05aaf27a9,OUT,IN_QA,LEISURE,2025-06-03,2025-06-06,3,30883.0,True
TRIP_a344572c21,U_c05aaf27a9,OUT,IN_AE,EVENT,2025-12-17,2025-12-20,1,25022.0,True
TRIP_194a483b41,U_19e0b7d281,OUT,IN_MU,BUSINESS,2026-01-19,2026-02-02,3,4990.0,True
TRIP_c1e503fac1,U_19e0b7d281,OUT,IN_NP,BUSINESS,2024-08-30,2024-09-07,1,5645.0,True
TRIP_2cf1c89648,U_700c2e3e47,OUT,IN_NP,BUSINESS,2025-12-21,2025-12-25,2,25528.0,True
TRIP_af17c43039,U_700c2e3e47,OUT,IN_AE,BUSINESS,2026-01-01,2026-01-05,1,21952.0,True
TRIP_c0db8f45c8,U_700c2e3e47,OUT,IN_QA,LEISURE,2025-01-23,2025-02-03,4,18217.0,True
TRIP_ea43cf28a1,U_f89ed6713c,OUT,IN_AE,LEISURE,2026-05-08,2026-05-10,4,4141.0,True
TRIP_40eb9993f7,U_039f0a339a,OUT,IN_AE,EVENT,2026-07-11,2026-07-16,3,15453.0,True
TRIP_f347a4819c,U_4491383c93,OUT,OTHER_R2,VFR,2024-12-27,2025-01-07,3,31316.0,True
TRIP_f168cbfab3,U_4491383c93,OUT,IN_NP,MEDICAL,2025-06-30,2025-07-14,2,10666.0,True
TRIP_9854857268,U_4491383c93,OUT,IN_FR,EVENT,2024-12-04,2024-12-06,3,20068.0,True
TRIP_ad8a685253,U_4491383c93,OUT,IN_QA,LEISURE,2025-07-21,2025-07-27,1,7194.0,True
TRIP_e5188a74c0,U_bbd84c105b,OUT,IN_NP,TRANSIT,2025-05-07,2025-05-13,4,24011.0,True
TRIP_c4075fb7f0,U_bbd84c105b,OUT,IN_NP,LEISURE,2026-03-07,2026-03-20,4,40607.0,False
TRIP_521c91d61e,U_bbd84c105b,OUT,IN_NP,LEISURE,2024-10-16,2024-10-30,3,5344.0,False
TRIP_f51aa9beaa,U_2b65830a24,OUT,IN_AE,VFR,2025-08-25,2025-09-04,1,9575.0,True
TRIP_6bcb373e0e,U_2b65830a24,OUT,IN_NP,VFR,2024-12-18,2024-12-25,3,19716.0,True
TRIP_87c6b4e37a,U_1431dfe950,OUT,IN_MU,VFR,2024-11-10,2024-11-15,1,21207.0,True
TRIP_ee0b96b172,U_e990c580c0,OUT,IN_AE,EVENT,2026-07-04,2026-07-13,2,18779.0,True
TRIP_714d7f36a4,U_e990c580c0,OUT,OTHER_R2,LEISURE,2024-08-26,2024-09-02,3,25935.0,True
TRIP_dccc0e650f,U_e990c580c0,OUT,IN_BT,TRANSIT,2026-05-16,2026-05-28,3,3139.0,True
TRIP_156a510d57,U_e3aa658f74,OUT,OTHER_R2,VFR,2024-09-29,2024-10-10,3,29588.0,True
TRIP_8d4366cb5a,U_4eb14e7283,OUT,IN_NP,BUSINESS,2025-04-03,2025-04-13,2,10235.0,True
TRIP_06196b3fca,U_f742ad86d9,OUT,IN_SG,VFR,2026-05-15,2026-05-26,2,28137.0,True
TRIP_b22b30496b,U_fc8cfe20d4,OUT,OTHER_R2,TRANSIT,2024-12-01,2024-12-11,3,30029.0,True
TRIP_d708a01f3f,U_fc8cfe20d4,OUT,IN_SG,VFR,2024-08-16,2024-08-22,4,11209.0,True
TRIP_07400cc03b,U_fc8cfe20d4,OUT,IN_SG,TRANSIT,2025-08-23,2025-08-29,2,126444.0,True
TRIP_97f9834f39,U_14be458aef,OUT,IN_SG,MEDICAL,2025-04-24,2025-05-02,3,52644.0,True
TRIP_d3d474d39d,U_4f11820fbb,OUT,IN_AE,LEISURE,2025-04-16,2025-04-26,4,36661.0,True
TRIP_17a1ecfe16,U_4f11820fbb,OUT,IN_NP,VFR,2024-09-12,2024-09-17,4,3311.0,True
TRIP_7fe0d93031,U_4f11820fbb,OUT,IN_LK,TRANSIT,2025-05-01,2025-05-08,1,18126.0,True
TRIP_b45a39133e,U_4f11820fbb,OUT,IN_SG,BUSINESS,2026-05-27,2026-06-03,4,5394.0,True
TRIP_1082c4d2aa,U_c4b06b3208,OUT,OTHER_R2,BUSINESS,2025-10-16,2025-10-30,2,18620.0,True
TRIP_e3790bb45f,U_c4b06b3208,OUT,IN_AE,TRANSIT,2024-10-24,2024-11-02,4,10964.0,True
TRIP_54cb018853,U_c4b06b3208,OUT,IN_SG,EDUCATION,2026-05-30,2026-06-10,3,6657.0,True
TRIP_7749c0aa3b,U_c4b06b3208,OUT,IN_AE,LEISURE,2025-06-19,2025-06-22,2,18284.0,True
TRIP_45d22dc3ba,U_7834943727,OUT,IN_QA,EDUCATION,2024-11-19,2024-11-24,1,14731.0,True
TRIP_81dba2f651,U_7834943727,OUT,IN_SG,BUSINESS,2025-01-21,2025-01-28,2,3711.0,True
TRIP_a02d8f37ad,U_7834943727,OUT,OTHER_R2,LEISURE,2024-09-25,2024-09-27,1,7259.0,True
TRIP_d48702bbb1,U_7834943727,OUT,IN_AE,VFR,2026-04-29,2026-05-09,4,5943.0,True
TRIP_5c6583d9a8,U_2d47c90688,OUT,IN_AE,LEISURE,2025-08-12,2025-08-24,4,11736.0,True
TRIP_349f198d97,U_148e3e78bc,OUT,IN_AE,MEDICAL,2024-12-02,2024-12-15,4,27905.0,True
TRIP_2ccadde2dd,U_148e3e78bc,OUT,IN_AE,VFR,2025-06-27,2025-07-02,2,9416.0,False
TRIP_073260a569,U_148e3e78bc,OUT,IN_AE,BUSINESS,2025-05-09,2025-05-13,3,4293.0,False
TRIP_6188ecafb8,U_7efa3fa598,OUT,IN_SG,MEDICAL,2026-03-29,2026-04-03,4,4700.0,True
TRIP_7a8364d5e4,U_f8e3a48683,OUT,IN_SG,EDUCATION,2025-06-18,2025-06-26,3,7072.0,True
TRIP_043e0a6be0,U_f8e3a48683,OUT,IN_KH,EDUCATION,2025-03-15,2025-03-20,4,10444.0,True
TRIP_e49ae25df5,U_b63fe67fad,OUT,IN_BT,EDUCATION,2025-02-01,2025-02-09,1,4823.0,True
TRIP_2639d13143,U_e264faa0d0,OUT,IN_AE,LEISURE,2025-04-13,2025-04-22,4,33917.0,True
TRIP_c4ff2713ab,U_4f5c0ea731,OUT,OTHER_R2,LEISURE,2024-10-10,2024-10-12,4,10381.0,True
TRIP_95653daa6d,U_4f5c0ea731,OUT,IN_BT,LEISURE,2024-11-18,2024-11-21,2,106635.0,True
TRIP_5af3b1baf4,U_4f5c0ea731,OUT,IN_FR,PILGRIMAGE,2025-01-01,2025-01-15,1,15158.0,True
TRIP_27e50adc40,U_4f5c0ea731,OUT,IN_BT,PILGRIMAGE,2025-10-16,2025-10-20,3,10340.0,False
TRIP_6b346e2d12,U_e79eae633e,OUT,IN_LK,VFR,2024-09-03,2024-09-08,1,247543.0,True
TRIP_45150e98bd,U_2498b6f12b,OUT,IN_AE,BUSINESS,2025-03-29,2025-04-10,4,28624.0,True
TRIP_03f71b9f15,U_2498b6f12b,OUT,IN_NP,LEISURE,2025-06-01,2025-06-08,1,20240.0,True
TRIP_329d7efdb0,U_2498b6f12b,OUT,IN_AE,EDUCATION,2026-02-10,2026-02-17,1,9897.0,True
TRIP_1124167c37,U_441e65c011,OUT,OTHER_R2,MEDICAL,2025-04-03,2025-04-08,4,4591.0,True
TRIP_a71373b70c,U_49f9ab78ac,OUT,IN_NP,BUSINESS,2024-12-10,2024-12-16,4,16638.0,True
TRIP_a3e435ce8c,U_49f9ab78ac,OUT,IN_SG,EDUCATION,2025-06-02,2025-06-15,1,11232.0,True
TRIP_e2a5c57bb7,U_49f9ab78ac,OUT,IN_SG,LEISURE,2024-10-01,2024-10-11,3,49515.0,True
TRIP_a090e3883f,U_c387d427ac,OUT,IN_AE,VFR,2026-06-03,2026-06-14,2,11345.0,True
TRIP_08ea683a59,U_c387d427ac,OUT,IN_NP,LEISURE,2025-09-27,2025-10-07,4,2153.0,True
TRIP_da4fa7b3ee,U_c387d427ac,OUT,IN_NP,LEISURE,2024-12-14,2024-12-22,2,9423.0,False
TRIP_1c82749050,U_c387d427ac,OUT,IN_QA,LEISURE,2025-03-23,2025-03-25,2,25222.0,True
TRIP_ce7c724b9d,U_c387d427ac,OUT,IN_LK,LEISURE,2026-04-27,2026-05-05,4,55487.0,True
TRIP_e7bf82117f,U_c387d427ac,OUT,IN_NP,EVENT,2024-10-23,2024-11-01,4,14861.0,False
TRIP_6cb8a71d34,U_c45a8427c4,OUT,IN_AE,LEISURE,2025-06-24,2025-06-29,4,4871.0,True
TRIP_199b2e6f4c,U_c45a8427c4,OUT,OTHER_R2,BUSINESS,2025-02-24,2025-03-06,3,52592.0,True
TRIP_a39693621a,U_023fa3d40d,OUT,OTHER_R2,TRANSIT,2024-12-12,2024-12-25,1,2783.0,True
TRIP_ea71baf082,U_023fa3d40d,OUT,IN_NP,BUSINESS,2025-04-26,2025-05-09,4,11706.0,True
TRIP_b5e2ccb5e3,U_023fa3d40d,OUT,OTHER_R2,EDUCATION,2024-11-26,2024-12-06,3,2656.0,False
TRIP_f97478b713,U_98db661b4a,OUT,IN_QA,MEDICAL,2025-08-18,2025-08-30,2,6276.0,True
TRIP_40415bb522,U_98db661b4a,OUT,IN_AE,LEISURE,2024-09-10,2024-09-22,4,10132.0,True
TRIP_fb68d2a0f6,U_442951d4ea,OUT,IN_SG,TRANSIT,2025-07-25,2025-08-03,3,26193.0,True
TRIP_583ba94d79,U_1033bb3fe6,OUT,IN_AE,BUSINESS,2025-03-25,2025-04-03,4,14974.0,True
TRIP_d50f9a8fb6,U_560ccfee38,OUT,IN_AE,PILGRIMAGE,2026-04-16,2026-04-27,3,5232.0,True
TRIP_5d330680a5,U_560ccfee38,OUT,IN_AE,BUSINESS,2025-11-06,2025-11-12,2,10236.0,True
TRIP_1b7d9d1ebd,U_f30d6f00a6,OUT,IN_AE,LEISURE,2026-02-08,2026-02-14,1,6193.0,True
TRIP_cb7fdb0952,U_f30d6f00a6,OUT,IN_AE,LEISURE,2024-09-22,2024-09-29,3,23327.0,False
TRIP_53c42b3b86,U_a97fb359cd,OUT,IN_AE,TRANSIT,2025-09-14,2025-09-21,2,13286.0,True
TRIP_11ba400975,U_a97fb359cd,OUT,IN_AE,BUSINESS,2025-10-01,2025-10-15,1,105261.0,True
TRIP_eef4e9c6ff,U_27519fc33a,OUT,IN_AE,EVENT,2025-03-19,2025-03-27,2,28709.0,True
TRIP_b8e629cf4c,U_27519fc33a,OUT,IN_LK,MEDICAL,2024-12-18,2024-12-24,3,11510.0,True
TRIP_d572f392d6,U_27519fc33a,OUT,IN_SG,LEISURE,2025-01-29,2025-02-10,4,3569.0,True
TRIP_1f121def93,U_384c0559e4,OUT,IN_AE,EDUCATION,2026-01-11,2026-01-15,1,65624.0,True
TRIP_0035c9d7b7,U_384c0559e4,OUT,IN_AE,LEISURE,2026-04-20,2026-04-25,2,10406.0,False
TRIP_e13a4fbad1,U_89a50a786a,OUT,IN_AE,LEISURE,2026-01-03,2026-01-12,1,12469.0,True
TRIP_6e9c5da642,U_89a50a786a,OUT,OTHER_R2,BUSINESS,2025-05-07,2025-05-20,1,44854.0,True
TRIP_cda0999fcb,U_104fdaac08,OUT,OTHER_R2,LEISURE,2025-11-11,2025-11-20,3,10933.0,True
TRIP_38a0748c33,U_104fdaac08,OUT,IN_AE,LEISURE,2024-12-16,2024-12-22,1,14342.0,True
TRIP_eb1dcb477f,U_8988921ac6,OUT,IN_AE,EDUCATION,2025-07-11,2025-07-18,3,13969.0,True
TRIP_012c527f04,U_e542558196,OUT,IN_AE,EDUCATION,2026-03-19,2026-03-22,4,17001.0,True
TRIP_0c42405dbb,U_e542558196,OUT,OTHER_R2,EDUCATION,2025-11-12,2025-11-18,3,64117.0,True
TRIP_a2f078963c,U_e542558196,OUT,IN_AE,EDUCATION,2025-08-16,2025-08-25,1,25729.0,False
TRIP_23bcae4df5,U_e542558196,OUT,IN_AE,MEDICAL,2024-12-21,2024-12-29,4,15414.0,False
TRIP_6ef10d18ab,U_f34833f115,OUT,IN_SG,TRANSIT,2024-09-19,2024-09-24,4,28059.0,True
TRIP_f0e4b216b3,U_2eebed665a,OUT,IN_AE,LEISURE,2025-10-10,2025-10-22,2,31237.0,True
TRIP_1bf8747c8e,U_c41a853c2e,OUT,IN_SG,LEISURE,2025-12-23,2025-12-27,1,10555.0,True
TRIP_5a12223459,U_5565c317ab,OUT,IN_NP,LEISURE,2025-06-27,2025-07-07,2,6508.0,True
TRIP_626f881080,U_5565c317ab,OUT,IN_QA,VFR,2025-11-27,2025-12-11,3,15654.0,True
TRIP_5251fc1bd8,U_1e24353d4b,OUT,IN_SG,BUSINESS,2025-11-19,2025-11-30,4,7473.0,True
TRIP_b032691e93,U_7e7b88ad62,OUT,IN_NP,LEISURE,2026-05-19,2026-05-21,2,19075.0,True
TRIP_63e801da27,U_7e7b88ad62,OUT,IN_SG,BUSINESS,2026-07-03,2026-07-05,1,23977.0,True
TRIP_24e2280bdc,U_1435fde162,OUT,IN_MU,LEISURE,2025-07-07,2025-07-09,4,25059.0,True
TRIP_1a9f3c905f,U_1435fde162,OUT,IN_AE,LEISURE,2026-03-19,2026-03-26,2,15366.0,True
TRIP_2d0ee0a24e,U_2b1a0f1952,OUT,IN_QA,LEISURE,2026-04-15,2026-04-19,2,5992.0,True
TRIP_6639d197c4,U_2b1a0f1952,OUT,IN_AE,LEISURE,2024-09-09,2024-09-11,2,9425.0,True
TRIP_c9752baa54,U_58b103d20d,OUT,OTHER_R2,BUSINESS,2024-10-31,2024-11-14,3,10240.0,True
TRIP_062af2ac86,U_58b103d20d,OUT,IN_AE,LEISURE,2025-11-05,2025-11-08,1,26468.0,True
TRIP_78d8ebd8a2,U_eb27a5e334,OUT,IN_FR,PILGRIMAGE,2026-04-23,2026-05-04,2,14502.0,True
TRIP_9bbbb9bc51,U_639aa0d69f,OUT,IN_NP,EDUCATION,2025-08-12,2025-08-25,4,28396.0,True
TRIP_b27bf7e923,U_639aa0d69f,OUT,IN_AE,EDUCATION,2025-08-21,2025-08-29,1,6664.0,True
TRIP_af40e88ef9,U_639aa0d69f,OUT,OTHER_R2,MEDICAL,2025-03-31,2025-04-12,3,7168.0,True
TRIP_247447a0bb,U_c45c941c8a,OUT,IN_MU,LEISURE,2024-09-05,2024-09-15,3,11020.0,True
TRIP_ffd08a3ec9,U_c45c941c8a,OUT,IN_NP,LEISURE,2024-09-26,2024-10-03,1,20721.0,True
TRIP_490bb24f17,U_d692d547d3,OUT,IN_QA,EDUCATION,2026-06-24,2026-06-29,2,11112.0,True
TRIP_fea77646b2,U_37faa02718,OUT,OTHER_R2,VFR,2025-06-04,2025-06-08,4,25527.0,True
TRIP_13d7aa2db3,U_6c7c9d6458,OUT,IN_FR,EVENT,2025-11-09,2025-11-17,4,2599.0,True
TRIP_7673bb34dd,U_6c7c9d6458,OUT,IN_LK,BUSINESS,2024-12-08,2024-12-13,2,5257.0,True
TRIP_16a17ce31a,U_48770ad083,OUT,IN_NP,VFR,2025-11-13,2025-11-21,1,1685.0,True
TRIP_0f68d27f8b,U_c8b756d00e,OUT,IN_AE,BUSINESS,2025-12-16,2025-12-20,4,3961.0,True
TRIP_8b2387e4ed,U_ff1b5a459c,OUT,IN_SG,BUSINESS,2025-02-09,2025-02-22,4,16960.0,True
TRIP_8599472530,U_ff1b5a459c,OUT,IN_AE,LEISURE,2026-05-24,2026-05-28,4,45871.0,True
TRIP_f6ac9a5509,U_f5b6972ae3,OUT,IN_SG,LEISURE,2026-02-06,2026-02-11,3,53732.0,True
TRIP_ad71eac198,U_f5b6972ae3,OUT,IN_SG,LEISURE,2024-12-27,2025-01-01,3,14631.0,False
TRIP_97dc894720,U_bfbbcb446a,OUT,IN_AE,EVENT,2026-01-18,2026-01-23,4,46746.0,True
TRIP_223b3c9fd3,U_bfbbcb446a,OUT,IN_SG,BUSINESS,2026-03-27,2026-04-08,4,6608.0,True
TRIP_88a57376e0,U_bfbbcb446a,OUT,OTHER_R2,LEISURE,2024-11-10,2024-11-18,3,9107.0,True
TRIP_8be473fbdc,U_822b625c54,OUT,IN_KH,LEISURE,2025-12-22,2026-01-03,2,14895.0,True
TRIP_f528010974,U_7623e13323,OUT,IN_LK,VFR,2026-02-23,2026-03-09,2,6898.0,True
TRIP_08a98054b6,U_62708ffa90,OUT,IN_FR,LEISURE,2025-01-15,2025-01-23,1,10435.0,True
TRIP_54f4630ae8,U_24a7e87434,OUT,IN_FR,VFR,2026-03-02,2026-03-09,1,8933.0,True
TRIP_f62dd09095,U_24a7e87434,OUT,IN_AE,LEISURE,2026-01-22,2026-02-03,2,13631.0,True
TRIP_c8de5c34ee,U_445fc4eada,OUT,IN_AE,VFR,2025-07-01,2025-07-09,2,32488.0,True
TRIP_f3c808b3ea,U_445fc4eada,OUT,OTHER_R2,LEISURE,2026-05-11,2026-05-18,4,4230.0,True
TRIP_cabbd62677,U_5c968b9b9c,OUT,IN_AE,EDUCATION,2025-01-30,2025-02-13,1,7018.0,True
TRIP_10e256b97e,U_180da51489,OUT,IN_FR,VFR,2025-02-27,2025-03-08,3,11432.0,True
TRIP_bdef641cd5,U_6c58c7106c,OUT,OTHER_R2,LEISURE,2025-01-10,2025-01-17,4,19050.0,True
TRIP_7107ccfaad,U_d1ad6a6a3d,OUT,IN_FR,TRANSIT,2025-05-15,2025-05-25,3,13019.0,True
TRIP_2a9d36f1a6,U_2142e786b7,OUT,OTHER_R2,LEISURE,2024-12-11,2024-12-17,4,18380.0,True
TRIP_eb87ec6be0,U_cf7fccc5f8,OUT,IN_SG,VFR,2025-08-28,2025-09-02,2,8421.0,True
TRIP_88c58e74a2,U_d5cb437aea,OUT,IN_QA,BUSINESS,2024-12-22,2025-01-01,2,15770.0,True
TRIP_2fc7990e0f,U_a828d2c2d8,OUT,IN_QA,LEISURE,2025-10-31,2025-11-10,4,1426.0,True
TRIP_12582af674,U_b918bfb1f9,OUT,IN_NP,LEISURE,2026-01-25,2026-01-27,4,5575.0,True
TRIP_9d9fcf37f5,U_b918bfb1f9,OUT,IN_QA,PILGRIMAGE,2025-02-22,2025-02-26,3,6479.0,True
TRIP_d77496689d,U_31cb086cd3,OUT,IN_AE,LEISURE,2025-07-27,2025-08-04,1,5121.0,True
TRIP_da5d30fda3,U_19840344a9,OUT,IN_AE,BUSINESS,2026-01-04,2026-01-12,2,26965.0,True
TRIP_b2e431cefb,U_8f07508fa8,OUT,IN_SG,LEISURE,2026-07-03,2026-07-09,4,10365.0,True
TRIP_31bbb8713f,U_8f07508fa8,OUT,IN_AE,LEISURE,2024-11-25,2024-11-27,3,13257.0,True
TRIP_c815d29fa9,U_8f07508fa8,OUT,IN_AE,BUSINESS,2026-02-04,2026-02-16,2,16410.0,False
TRIP_5f5991859c,U_8f07508fa8,OUT,IN_AE,LEISURE,2026-03-21,2026-03-28,1,14625.0,False
TRIP_043eaa6159,U_6b59c7e50a,OUT,IN_AE,LEISURE,2026-04-01,2026-04-09,3,20297.0,True
TRIP_1d12be025d,U_6b59c7e50a,OUT,IN_AE,LEISURE,2026-06-12,2026-06-23,1,13990.0,False
TRIP_b5bed41944,U_6b59c7e50a,OUT,IN_SG,VFR,2024-10-05,2024-10-09,2,44937.0,True
TRIP_7eb8fa7056,U_6b59c7e50a,OUT,OTHER_R2,LEISURE,2024-09-13,2024-09-20,2,16339.0,True
TRIP_9f5a7608d7,U_f70ffdaecd,OUT,IN_AE,EDUCATION,2026-03-28,2026-04-02,1,5114.0,True
TRIP_c69873cf29,U_f70ffdaecd,OUT,OTHER_R2,VFR,2026-04-08,2026-04-20,4,11162.0,True
TRIP_c9808f361c,U_f70ffdaecd,OUT,IN_NP,LEISURE,2025-05-23,2025-05-25,3,20342.0,True
TRIP_fbb7aeeae0,U_f70ffdaecd,OUT,OTHER_R2,VFR,2025-01-23,2025-01-26,4,13022.0,True
TRIP_a8f97f9a58,U_f70ffdaecd,OUT,IN_MU,LEISURE,2026-06-29,2026-07-04,1,11602.0,True
TRIP_b0898ccbea,U_39e7cc0b99,OUT,IN_MU,EVENT,2025-07-03,2025-07-06,4,20903.0,True
TRIP_c17939ff59,U_39e7cc0b99,OUT,IN_QA,LEISURE,2024-12-28,2025-01-10,3,4808.0,True
TRIP_f91d06718d,U_39e7cc0b99,OUT,IN_AE,EDUCATION,2026-05-03,2026-05-07,4,29365.0,True
TRIP_4154b2cb5e,U_4184a34fc8,OUT,OTHER_R2,LEISURE,2025-08-30,2025-09-05,3,7534.0,True
TRIP_0013cb3de0,U_6157e01e73,OUT,OTHER_R2,EVENT,2026-01-07,2026-01-10,1,9534.0,True
TRIP_d9b65ae846,U_4c375282b2,OUT,IN_KH,PILGRIMAGE,2025-02-04,2025-02-07,4,7572.0,True
TRIP_062d2c23f7,U_4c375282b2,OUT,IN_AE,PILGRIMAGE,2024-11-22,2024-12-06,2,10819.0,True
TRIP_87f1be8cba,U_cbb8e7503a,OUT,OTHER_R2,LEISURE,2026-02-02,2026-02-05,1,12772.0,True
TRIP_b8b0687631,U_cbb8e7503a,OUT,IN_QA,TRANSIT,2024-12-16,2024-12-22,1,12016.0,True
TRIP_ecc492fb82,U_cbb8e7503a,OUT,IN_MU,EVENT,2025-10-28,2025-11-07,1,3173.0,True
TRIP_9754ae5888,U_a3aa1c6915,OUT,IN_AE,VFR,2025-07-04,2025-07-13,1,12490.0,True
TRIP_6df46cdbdf,U_3c9d3a42c4,OUT,IN_QA,MEDICAL,2026-02-25,2026-03-11,2,57343.0,True
TRIP_8a6ea2d171,U_3c9d3a42c4,OUT,OTHER_R2,EDUCATION,2026-01-05,2026-01-07,3,8176.0,True
TRIP_d027b83e00,U_d9a215e09c,OUT,IN_SG,LEISURE,2025-08-14,2025-08-18,3,102874.0,True
TRIP_8b65823118,U_13b640ed39,OUT,IN_MU,VFR,2025-12-11,2025-12-18,2,14506.0,True
TRIP_f2b080b471,U_9c86c3752c,OUT,OTHER_R2,BUSINESS,2024-09-21,2024-09-28,3,10241.0,True
TRIP_72137a0544,U_9c86c3752c,OUT,IN_AE,BUSINESS,2026-05-25,2026-06-02,1,13484.0,True
TRIP_f625613ed4,U_27a07fb104,OUT,IN_AE,LEISURE,2024-08-30,2024-09-12,2,17914.0,True
TRIP_095d6a7dfa,U_48384fba35,OUT,IN_SG,LEISURE,2025-08-15,2025-08-21,1,12911.0,True
TRIP_d88adea4cc,U_237777994e,OUT,IN_AE,VFR,2026-03-09,2026-03-21,1,24464.0,True
TRIP_1d97fbb355,U_237777994e,OUT,IN_BT,VFR,2024-10-10,2024-10-16,2,11253.0,True
TRIP_99a15ac958,U_82ea2178f8,OUT,IN_QA,EDUCATION,2024-08-31,2024-09-11,3,10176.0,True
TRIP_dc80d03535,U_8828027063,OUT,IN_BT,VFR,2025-01-28,2025-02-09,4,14467.0,True
TRIP_781c5f8fa1,U_8828027063,OUT,IN_AE,PILGRIMAGE,2025-07-25,2025-08-02,3,26812.0,True
TRIP_294f5507e6,U_38290ebf1c,OUT,IN_SG,LEISURE,2024-11-14,2024-11-27,1,18440.0,True
TRIP_a856b36c62,U_8877b1c72d,OUT,IN_QA,LEISURE,2024-08-15,2024-08-27,4,18014.0,True
TRIP_54d2dd9ef3,U_8877b1c72d,OUT,OTHER_R2,LEISURE,2025-12-02,2025-12-07,2,26743.0,True
TRIP_37271f28c4,U_8877b1c72d,OUT,IN_AE,LEISURE,2026-05-20,2026-05-29,4,15361.0,True
TRIP_e6b39defe8,U_8cde76e6db,OUT,IN_AE,LEISURE,2026-03-19,2026-03-25,3,44048.0,True
TRIP_c1c5d43452,U_8cde76e6db,OUT,IN_BT,LEISURE,2025-04-21,2025-04-29,2,2945.0,True
TRIP_1d7d935214,U_a218e70e96,OUT,OTHER_R2,BUSINESS,2024-11-20,2024-11-27,4,20065.0,True
TRIP_04d416c204,U_a218e70e96,OUT,IN_BT,BUSINESS,2025-12-26,2025-12-30,2,15697.0,True
TRIP_274fe71edf,U_a218e70e96,OUT,OTHER_R2,LEISURE,2025-05-20,2025-05-25,2,16092.0,False
TRIP_0d94dad50e,U_74d78534af,OUT,IN_AE,EDUCATION,2025-10-17,2025-10-26,2,6349.0,True
TRIP_f623a485c9,U_74d78534af,OUT,IN_NP,TRANSIT,2026-06-22,2026-06-29,2,49549.0,True
TRIP_498a50009d,U_749464cf89,OUT,IN_SG,LEISURE,2025-11-01,2025-11-07,1,25878.0,True
TRIP_39f1d61a6e,U_7a00e87599,OUT,IN_AE,EDUCATION,2025-11-16,2025-11-26,4,4519.0,True
TRIP_0f6f11ae56,U_eb0c2ab2d9,OUT,IN_AE,LEISURE,2025-05-22,2025-06-01,1,22717.0,True
TRIP_f010e7524d,U_eb0c2ab2d9,OUT,IN_SG,TRANSIT,2026-03-28,2026-04-06,2,23968.0,True
TRIP_e4aaa968e0,U_cd00df53f9,OUT,IN_SG,MEDICAL,2025-09-13,2025-09-15,4,8186.0,True
TRIP_23e2660d03,U_09814cb859,OUT,OTHER_R2,LEISURE,2024-10-03,2024-10-16,4,5721.0,True
TRIP_810782f48d,U_09814cb859,OUT,OTHER_R2,LEISURE,2025-08-15,2025-08-27,4,20350.0,False
TRIP_766993c77a,U_401493d96b,OUT,IN_FR,LEISURE,2025-04-19,2025-04-21,4,22239.0,True
TRIP_79606c6ede,U_401493d96b,OUT,OTHER_R2,EVENT,2025-11-15,2025-11-22,3,20010.0,True
TRIP_237875c678,U_ba27192e4b,OUT,IN_AE,LEISURE,2026-01-26,2026-02-07,3,7802.0,True
TRIP_d65d3bfb30,U_ba27192e4b,OUT,OTHER_R2,MEDICAL,2026-05-10,2026-05-18,2,39231.0,True
TRIP_39d985265b,U_18d3b89e74,OUT,IN_AE,BUSINESS,2025-04-12,2025-04-25,3,13046.0,True
TRIP_ff1dc78578,U_18d3b89e74,OUT,OTHER_R2,LEISURE,2025-03-31,2025-04-10,3,44522.0,True
TRIP_5f8c4526f8,U_18d3b89e74,OUT,IN_SG,LEISURE,2026-04-17,2026-05-01,4,29939.0,True
TRIP_e88a71df7b,U_5285b752dc,OUT,IN_AE,BUSINESS,2025-05-01,2025-05-03,1,67886.0,True
TRIP_198fa0c8f2,U_fa7e2dc803,OUT,IN_QA,EVENT,2025-12-11,2025-12-20,4,15412.0,True
TRIP_6e05bdeedb,U_71c2f3a23b,OUT,OTHER_R2,BUSINESS,2025-11-15,2025-11-24,4,15744.0,True
TRIP_0f30659110,U_71c2f3a23b,OUT,IN_QA,LEISURE,2025-01-22,2025-01-24,1,3483.0,True
TRIP_801ab5edfe,U_71c2f3a23b,OUT,IN_FR,MEDICAL,2025-05-28,2025-05-31,2,29405.0,True
TRIP_4e50a90f21,U_a1dc0c9d54,OUT,IN_QA,BUSINESS,2026-03-16,2026-03-28,2,16828.0,True
TRIP_25e52fac5f,U_9825c38b7f,OUT,IN_NP,LEISURE,2024-09-13,2024-09-16,3,9007.0,True
TRIP_5804849fbb,U_9825c38b7f,OUT,IN_SG,VFR,2025-07-03,2025-07-11,3,9877.0,True
TRIP_ca669b3871,U_a5fd4730af,OUT,IN_AE,EDUCATION,2026-04-30,2026-05-07,3,12692.0,True
TRIP_24d0da3ee3,U_f3f93b9eec,OUT,IN_AE,EDUCATION,2024-11-20,2024-11-29,2,26042.0,True
TRIP_432ae40115,U_f3f93b9eec,OUT,OTHER_R2,LEISURE,2024-09-21,2024-10-04,4,7771.0,True
TRIP_210640f88b,U_cd083bdd4c,OUT,IN_NP,BUSINESS,2026-06-25,2026-07-09,1,18451.0,True
TRIP_ea9501fcfe,U_2dc15df4ba,OUT,IN_NP,BUSINESS,2025-05-11,2025-05-16,2,4801.0,True
TRIP_c3e7d5b225,U_eb48adbf62,OUT,OTHER_R2,MEDICAL,2026-01-12,2026-01-17,4,39127.0,True
TRIP_f0f23cebcb,U_f04e84a6bd,OUT,OTHER_R2,LEISURE,2025-12-20,2026-01-03,2,26752.0,True
TRIP_aa16d2e86d,U_844fd8b97b,OUT,IN_AE,PILGRIMAGE,2025-04-21,2025-05-02,2,14818.0,True
TRIP_dda6caaf34,U_96bf316e63,OUT,IN_BT,LEISURE,2025-12-24,2026-01-04,3,23533.0,True
TRIP_cb03c0e1c0,U_96bf316e63,OUT,IN_SG,BUSINESS,2025-05-15,2025-05-26,4,24405.0,True
TRIP_55b9ccc890,U_96bf316e63,OUT,IN_FR,BUSINESS,2025-07-11,2025-07-22,2,18680.0,True
TRIP_360b45b0a0,U_eaf26d7b8e,OUT,IN_LK,LEISURE,2026-03-17,2026-03-20,3,9751.0,True
TRIP_b8e22c9b60,U_eaf26d7b8e,OUT,IN_LK,BUSINESS,2024-12-19,2025-01-02,3,4314.0,False
TRIP_24ccccdebe,U_eaf26d7b8e,OUT,IN_AE,LEISURE,2024-08-11,2024-08-25,3,38976.0,True
TRIP_0ca2d790f8,U_eaf26d7b8e,OUT,IN_QA,VFR,2026-04-20,2026-04-29,1,16678.0,True
TRIP_20740ff957,U_60b369f8a4,OUT,OTHER_R2,LEISURE,2025-11-18,2025-11-30,3,9586.0,True
TRIP_4e7b1da27a,U_84a5b290c2,OUT,IN_NP,EDUCATION,2025-10-16,2025-10-20,4,7856.0,True
TRIP_5f91416370,U_84a5b290c2,OUT,IN_AE,VFR,2025-10-29,2025-11-02,1,15992.0,True
TRIP_0b83d4a8af,U_c93f820229,OUT,IN_AE,BUSINESS,2024-09-14,2024-09-22,3,14400.0,True
TRIP_2c7487211a,U_54d9615ff2,OUT,IN_LK,EDUCATION,2026-04-15,2026-04-26,4,5604.0,True
TRIP_fd7153b2c1,U_8a487c04c5,OUT,IN_LK,BUSINESS,2025-10-17,2025-10-21,2,48482.0,True
TRIP_a1bfec827e,U_91af56b1ae,OUT,IN_AE,LEISURE,2025-07-27,2025-07-29,2,11944.0,True
TRIP_5b28f1992c,U_91af56b1ae,OUT,IN_AE,MEDICAL,2025-10-12,2025-10-17,3,37806.0,True
TRIP_f00c10e2ae,U_91af56b1ae,OUT,IN_AE,VFR,2024-10-03,2024-10-17,3,20244.0,True
TRIP_64706ddf1c,U_f26d5ccf4a,OUT,IN_NP,VFR,2024-12-13,2024-12-18,2,5461.0,True
TRIP_1c1c295431,U_f26d5ccf4a,OUT,IN_SG,LEISURE,2025-01-05,2025-01-15,2,24736.0,True
TRIP_6d4af2f9f4,U_1f68f213d5,OUT,IN_SG,LEISURE,2025-09-13,2025-09-15,4,11332.0,True
TRIP_651cd46121,U_1f68f213d5,OUT,IN_BT,EVENT,2026-03-28,2026-04-03,2,19052.0,True
TRIP_cfc0cf8681,U_1f68f213d5,OUT,IN_AE,LEISURE,2025-02-20,2025-02-24,2,17136.0,True
TRIP_93d80bb913,U_012e1521de,OUT,IN_LK,BUSINESS,2025-11-18,2025-11-25,2,18279.0,True
TRIP_ad371cadd5,U_012e1521de,OUT,OTHER_R2,MEDICAL,2025-02-21,2025-03-05,1,11651.0,True
TRIP_80e997234c,U_a9f85a72ee,OUT,IN_NP,MEDICAL,2025-12-02,2025-12-04,2,14724.0,True
TRIP_cc5cb2403c,U_a9f85a72ee,OUT,IN_KH,MEDICAL,2025-12-15,2025-12-26,1,67554.0,True
TRIP_84fc4e42e2,U_c298d26b93,OUT,OTHER_R2,LEISURE,2025-07-12,2025-07-16,2,9855.0,True
TRIP_f7802a0f8d,U_c298d26b93,OUT,IN_SG,LEISURE,2024-12-08,2024-12-19,3,6176.0,True
TRIP_1a7696fd68,U_d7fe64d40f,OUT,IN_AE,MEDICAL,2026-03-09,2026-03-22,3,19659.0,True
TRIP_724744d9c5,U_0028fd4728,OUT,IN_AE,LEISURE,2025-07-18,2025-07-22,2,11254.0,True
TRIP_7a7a667f72,U_cc71eede2f,OUT,IN_SG,TRANSIT,2025-06-29,2025-07-09,2,45799.0,True
TRIP_6b58d2ec48,U_37a8c29449,OUT,IN_LK,LEISURE,2025-04-18,2025-04-28,3,31992.0,True
TRIP_074ae3b163,U_24a00d7183,OUT,IN_AE,LEISURE,2026-02-10,2026-02-18,4,58054.0,True
TRIP_ab6f673bcb,U_59538aeddb,OUT,IN_FR,VFR,2026-04-09,2026-04-21,3,20581.0,True
TRIP_e603afbec1,U_4f8027c206,OUT,OTHER_R2,EDUCATION,2025-06-17,2025-06-22,2,13983.0,True
TRIP_f15998d5cc,U_4f8027c206,OUT,IN_NP,EDUCATION,2025-02-13,2025-02-20,4,27782.0,True
TRIP_4145512267,U_4f8027c206,OUT,IN_LK,MEDICAL,2025-02-28,2025-03-03,1,15970.0,True
TRIP_a9685e6a58,U_af932e6b7d,OUT,IN_NP,LEISURE,2026-06-02,2026-06-16,1,16975.0,True
TRIP_ae93cecd16,U_8bbb010780,OUT,IN_QA,BUSINESS,2026-04-20,2026-04-30,3,17873.0,True
TRIP_95ab09b29e,U_90c61b4f80,OUT,IN_LK,EVENT,2024-12-31,2025-01-03,3,25643.0,True
TRIP_192cbd640d,U_90c61b4f80,OUT,IN_NP,LEISURE,2025-05-10,2025-05-18,3,14006.0,True
TRIP_5604661596,U_90c61b4f80,OUT,IN_MU,LEISURE,2025-07-09,2025-07-22,2,4656.0,True
TRIP_47a66b583c,U_6a312d3498,OUT,OTHER_R2,VFR,2025-12-25,2025-12-31,4,17970.0,True
TRIP_0b18ef31ee,U_e431ff523b,OUT,IN_LK,LEISURE,2025-10-01,2025-10-06,2,5792.0,True
TRIP_833a3695f8,U_e431ff523b,OUT,IN_KH,LEISURE,2024-11-28,2024-12-09,4,26236.0,True
TRIP_036652d653,U_3c36988d5c,OUT,IN_NP,BUSINESS,2024-11-18,2024-11-28,4,5961.0,True
TRIP_f16198831a,U_3c36988d5c,OUT,IN_QA,LEISURE,2025-05-19,2025-05-29,3,5105.0,True
TRIP_b20b1f9905,U_3c36988d5c,OUT,IN_BT,LEISURE,2025-06-27,2025-07-09,1,13237.0,True
TRIP_bb7c4466e9,U_55f09e07ca,OUT,OTHER_R2,LEISURE,2026-01-03,2026-01-16,1,22144.0,True
TRIP_f7b53033a1,U_5c121c2a72,OUT,IN_NP,LEISURE,2025-01-29,2025-02-05,1,55311.0,True
TRIP_51906a0b5b,U_5c121c2a72,OUT,IN_AE,LEISURE,2025-08-16,2025-08-30,1,17215.0,True
TRIP_d9d0d85aae,U_fbeb8d0125,OUT,IN_AE,VFR,2025-11-08,2025-11-10,2,2813.0,True
TRIP_7c268264cd,U_a74e42fd6b,OUT,IN_AE,TRANSIT,2025-08-27,2025-08-31,3,11421.0,True
TRIP_7425c1b3f7,U_a74e42fd6b,OUT,IN_AE,BUSINESS,2025-05-29,2025-06-07,3,27439.0,True
TRIP_106f4e2e15,U_a74e42fd6b,OUT,IN_NP,LEISURE,2026-02-18,2026-02-22,1,6651.0,True
TRIP_e27d7dd10a,U_a01c0f9846,OUT,IN_QA,VFR,2026-02-03,2026-02-13,2,8761.0,True
TRIP_278ed7122c,U_b55341a675,OUT,IN_LK,MEDICAL,2025-04-27,2025-05-10,1,14926.0,True
TRIP_0d988c0c8b,U_e6459ab3c7,OUT,IN_SG,VFR,2026-07-02,2026-07-06,2,9092.0,True
TRIP_1ccc24b808,U_e6459ab3c7,OUT,IN_NP,VFR,2025-09-24,2025-09-29,4,4674.0,True
TRIP_c05221dc86,U_e6459ab3c7,OUT,IN_FR,PILGRIMAGE,2024-08-23,2024-09-06,3,6358.0,True
TRIP_265dc87975,U_07866ced6c,OUT,IN_NP,LEISURE,2026-06-12,2026-06-17,2,13318.0,True
TRIP_218a43ad67,U_a0755ec651,OUT,IN_NP,EDUCATION,2025-11-27,2025-12-03,1,5783.0,True
TRIP_4b1a456b69,U_a0755ec651,OUT,IN_LK,LEISURE,2025-10-24,2025-10-27,4,21773.0,True
TRIP_5f86b1fe98,U_1c7f1a60cd,OUT,IN_AE,LEISURE,2024-10-20,2024-10-28,2,23970.0,True
TRIP_e388ace4ea,U_1c7f1a60cd,OUT,IN_KH,MEDICAL,2025-01-28,2025-02-01,1,5457.0,True
TRIP_e828c2eeac,U_94ea97d148,OUT,IN_QA,BUSINESS,2025-08-15,2025-08-29,1,12954.0,True
TRIP_e5befdea5f,U_94ea97d148,OUT,IN_LK,LEISURE,2025-09-10,2025-09-18,1,10067.0,True
TRIP_adfbd66f86,U_94ea97d148,OUT,IN_AE,LEISURE,2025-03-13,2025-03-15,3,33701.0,True
TRIP_6ee8c8c1d3,U_4da705844b,OUT,IN_AE,LEISURE,2024-10-20,2024-10-26,2,40021.0,True
TRIP_6ffc724f93,U_86166a2e22,OUT,IN_AE,PILGRIMAGE,2026-02-18,2026-02-21,4,43588.0,True
TRIP_a32204a5b7,U_c80490d1d2,OUT,OTHER_R2,MEDICAL,2024-08-11,2024-08-19,3,6518.0,True
TRIP_498c80de6b,U_93d457ec10,OUT,IN_AE,LEISURE,2024-12-02,2024-12-15,2,16773.0,True
TRIP_dc8f3b927c,U_bb6ca7c006,OUT,IN_KH,EDUCATION,2024-12-08,2024-12-11,2,41036.0,True
TRIP_4de96d1f6a,U_bb6ca7c006,OUT,OTHER_R2,EDUCATION,2026-07-03,2026-07-11,4,6089.0,True
TRIP_10366bf185,U_2d1c6575c8,OUT,IN_SG,VFR,2025-11-05,2025-11-19,4,13027.0,True
TRIP_eff87bc208,U_d93a22dfa3,OUT,IN_SG,LEISURE,2025-12-30,2026-01-12,2,21116.0,True
TRIP_245ce34f7b,U_d93a22dfa3,OUT,IN_NP,LEISURE,2024-10-28,2024-11-05,3,4856.0,True
TRIP_d3487c4809,U_a8154e49cf,OUT,OTHER_R2,LEISURE,2025-05-17,2025-05-30,2,8772.0,True
TRIP_f270c125fa,U_dd2f15c6af,OUT,IN_SG,BUSINESS,2024-08-15,2024-08-27,1,12994.0,True
TRIP_6513ec6266,U_dd2f15c6af,OUT,IN_MU,TRANSIT,2025-07-23,2025-08-03,3,11162.0,True
TRIP_3c6ffeb7dc,U_dd2f15c6af,OUT,IN_NP,VFR,2026-04-18,2026-04-24,4,18407.0,True
TRIP_f6dec6e92d,U_cc62daa716,OUT,IN_LK,EVENT,2025-08-13,2025-08-17,3,3386.0,True
TRIP_8e295cc3c1,U_cc62daa716,OUT,IN_SG,PILGRIMAGE,2025-09-01,2025-09-14,4,19350.0,True
TRIP_8b6819c034,U_9eb22e28a2,OUT,OTHER_R2,VFR,2024-10-01,2024-10-15,4,14982.0,True
TRIP_a9c006b7db,U_d71410e82e,OUT,IN_AE,MEDICAL,2026-05-29,2026-06-10,1,4890.0,True
TRIP_1cc70c667e,U_d71410e82e,OUT,IN_AE,BUSINESS,2024-12-03,2024-12-12,2,18502.0,False
TRIP_042be607b4,U_0b0c623a54,OUT,IN_QA,LEISURE,2025-09-11,2025-09-18,3,7523.0,True
TRIP_aa0da5f4cb,U_0b0c623a54,OUT,IN_SG,EDUCATION,2024-09-13,2024-09-15,4,6407.0,True
TRIP_bae4298c2a,U_6eb4af7405,OUT,OTHER_R2,LEISURE,2024-09-24,2024-09-30,1,11904.0,True
TRIP_b71a045c05,U_27f554f40b,OUT,IN_NP,EDUCATION,2025-06-23,2025-06-27,4,11612.0,True
TRIP_29d077c0a4,U_27f554f40b,OUT,IN_MU,LEISURE,2025-01-10,2025-01-20,2,6478.0,True
TRIP_37ca039817,U_27f554f40b,OUT,IN_LK,EDUCATION,2026-05-18,2026-05-22,1,8580.0,True
TRIP_ceff7af129,U_27f554f40b,OUT,IN_SG,BUSINESS,2025-05-18,2025-06-01,3,24808.0,True
TRIP_b3356fcc6b,U_29a4f62434,OUT,IN_NP,LEISURE,2024-10-03,2024-10-17,4,48157.0,True
TRIP_ed36c3cb41,U_3a63463506,OUT,IN_SG,LEISURE,2026-06-19,2026-06-22,1,2969.0,True
TRIP_14cb42b261,U_48c224c00e,OUT,IN_AE,EVENT,2025-12-02,2025-12-13,3,4631.0,True
TRIP_61531a55e9,U_3ab180a653,OUT,OTHER_R2,VFR,2025-12-09,2025-12-15,1,28626.0,True
TRIP_65f99dd163,U_3ab180a653,OUT,IN_BT,EVENT,2025-06-23,2025-06-25,1,16588.0,True
TRIP_4631b7f7fe,U_0b5b431498,OUT,OTHER_R2,PILGRIMAGE,2025-02-09,2025-02-18,2,21522.0,True
TRIP_eebec6b180,U_8bd3a19e70,OUT,IN_AE,EDUCATION,2024-09-28,2024-09-30,1,3636.0,True
TRIP_228df75e03,U_8bd3a19e70,OUT,IN_SG,PILGRIMAGE,2026-05-19,2026-06-02,2,8263.0,True
TRIP_931c7b170d,U_1731b53bc7,OUT,OTHER_R2,MEDICAL,2026-04-20,2026-05-01,2,12428.0,True
TRIP_40fc3e5418,U_c02413d9fd,OUT,IN_QA,LEISURE,2026-03-19,2026-03-31,2,14810.0,True
TRIP_2bbb683ab4,U_2c40b9399d,OUT,IN_SG,EDUCATION,2024-11-17,2024-11-22,2,8545.0,True
TRIP_80ea624291,U_72b600c63f,OUT,IN_AE,VFR,2025-11-20,2025-12-04,1,11213.0,True
TRIP_b503fc38e4,U_f2bf0789fd,OUT,IN_LK,MEDICAL,2025-11-01,2025-11-06,2,35414.0,True
TRIP_170c3de1da,U_f2bf0789fd,OUT,IN_MU,LEISURE,2025-04-02,2025-04-11,3,2893.0,True
TRIP_8a82eeec11,U_f2bf0789fd,OUT,OTHER_R2,VFR,2025-02-18,2025-02-21,2,22503.0,True
TRIP_f08a361ed3,U_b35e4e2359,OUT,IN_LK,LEISURE,2025-02-20,2025-02-28,1,1034.0,True
TRIP_db8e6ac866,U_b35e4e2359,OUT,IN_AE,BUSINESS,2025-08-15,2025-08-29,1,15971.0,True
TRIP_94122eed27,U_332eb1e3b5,OUT,IN_LK,PILGRIMAGE,2026-06-25,2026-06-27,4,23059.0,True
TRIP_f9d2be1304,U_332eb1e3b5,OUT,IN_BT,EVENT,2025-05-22,2025-05-28,4,11946.0,True
TRIP_991ab31b87,U_9069b14139,OUT,IN_AE,BUSINESS,2025-12-13,2025-12-18,1,6629.0,True
TRIP_a63ca4720a,U_9069b14139,OUT,IN_AE,EDUCATION,2024-12-12,2024-12-22,4,53086.0,True
TRIP_b6f5898438,U_9069b14139,OUT,IN_FR,LEISURE,2026-02-01,2026-02-13,2,16628.0,True
TRIP_addaeec320,U_99ed62df4f,OUT,IN_BT,EVENT,2026-01-18,2026-01-29,1,13182.0,True
TRIP_b0e39d78cf,U_99ed62df4f,OUT,IN_NP,PILGRIMAGE,2024-09-27,2024-09-29,4,17458.0,True
TRIP_5e4afc7ea6,U_515ab22079,OUT,IN_AE,EVENT,2025-05-28,2025-06-06,2,38242.0,True
TRIP_7e841caf81,U_e2cb83f33b,OUT,IN_MU,LEISURE,2024-11-09,2024-11-11,3,1244.0,True
TRIP_33b47f043f,U_78785acf1f,OUT,IN_QA,TRANSIT,2026-06-27,2026-07-05,2,13034.0,True
TRIP_11fcaecb51,U_f3fc43c83a,OUT,IN_NP,EDUCATION,2026-05-02,2026-05-06,3,30566.0,True
TRIP_12c4bb73f6,U_67666f82ef,OUT,IN_QA,LEISURE,2026-01-22,2026-01-25,3,4365.0,True
TRIP_8981c4e10d,U_f5f86811c9,OUT,IN_AE,EDUCATION,2025-07-09,2025-07-16,2,14260.0,True
TRIP_ff93b3ab7f,U_f5f86811c9,OUT,IN_AE,EDUCATION,2025-11-25,2025-12-04,1,8451.0,False
TRIP_5450c4b2e8,U_a6c774e717,OUT,OTHER_R2,BUSINESS,2025-11-16,2025-11-23,4,21833.0,True
TRIP_705fccf124,U_a6c774e717,OUT,IN_AE,LEISURE,2025-01-31,2025-02-09,3,39443.0,True
TRIP_46fc6a4fdb,U_3f17a58a24,OUT,IN_LK,LEISURE,2025-12-12,2025-12-15,4,12758.0,True
TRIP_82d3338824,U_3f17a58a24,OUT,OTHER_R2,PILGRIMAGE,2025-09-29,2025-10-05,2,9015.0,True
TRIP_1c13db2590,U_3f17a58a24,OUT,IN_AE,BUSINESS,2024-10-20,2024-10-22,3,17571.0,True
TRIP_484708965e,U_3f17a58a24,OUT,IN_KH,LEISURE,2025-12-14,2025-12-16,4,5138.0,True
TRIP_61c10dd0ac,U_6739fdd499,OUT,IN_AE,LEISURE,2025-02-10,2025-02-21,1,214904.0,True
TRIP_d738a6d3af,U_6739fdd499,OUT,IN_NP,PILGRIMAGE,2024-10-16,2024-10-24,3,15974.0,True
TRIP_75edca14c8,U_695fbe4ee9,OUT,IN_LK,TRANSIT,2025-02-06,2025-02-19,1,4418.0,True
TRIP_4d8c2543b5,U_695fbe4ee9,OUT,IN_SG,LEISURE,2026-06-24,2026-07-02,2,10685.0,True
TRIP_23b9f32d4e,U_695fbe4ee9,OUT,IN_AE,EVENT,2025-10-04,2025-10-18,2,70356.0,True
TRIP_26fd3c4e50,U_b9da09a6da,OUT,OTHER_R2,VFR,2026-01-26,2026-01-29,3,23078.0,True
TRIP_e21e5a97d5,U_b9da09a6da,OUT,IN_SG,BUSINESS,2024-08-26,2024-08-30,2,25328.0,True
TRIP_ed5ac300cf,U_5962380f57,OUT,IN_SG,LEISURE,2026-04-11,2026-04-23,1,3166.0,True
TRIP_e836051bdc,U_c78d523e04,OUT,IN_BT,LEISURE,2025-08-19,2025-09-02,3,20864.0,True
TRIP_0419bd5b2e,U_224eb2cf0a,OUT,IN_SG,PILGRIMAGE,2025-08-18,2025-08-22,2,24543.0,True
TRIP_77a2b41c9a,U_9dfce82f44,OUT,IN_LK,LEISURE,2025-03-11,2025-03-18,1,5099.0,True
TRIP_03280fc0c0,U_9dfce82f44,OUT,IN_BT,BUSINESS,2026-04-06,2026-04-10,1,24818.0,True
TRIP_0e83b53cec,U_1733dbf206,OUT,OTHER_R2,LEISURE,2025-01-15,2025-01-27,1,11015.0,True
TRIP_885c5d546a,U_92d65d79d7,OUT,IN_LK,LEISURE,2024-09-17,2024-09-26,4,6680.0,True
TRIP_c5de58d321,U_d7c5d5d84a,OUT,OTHER_R2,PILGRIMAGE,2024-12-10,2024-12-19,4,22331.0,True
TRIP_cd583bdda7,U_c71d0297ae,OUT,OTHER_R2,LEISURE,2026-03-24,2026-03-27,3,24827.0,True
TRIP_c998f3042d,U_c71d0297ae,OUT,IN_BT,LEISURE,2025-06-15,2025-06-25,4,11217.0,True
TRIP_d93e1c05b0,U_46417fe600,OUT,OTHER_R2,MEDICAL,2024-09-23,2024-09-28,1,25859.0,True
TRIP_9455ebad8a,U_c86966bcb3,OUT,IN_SG,EDUCATION,2024-11-30,2024-12-08,1,4392.0,True
TRIP_dbe22f8959,U_c86966bcb3,OUT,IN_NP,VFR,2026-02-13,2026-02-22,3,6824.0,True
TRIP_8719dc5dcb,U_dd027b8093,OUT,IN_FR,PILGRIMAGE,2024-10-19,2024-10-21,2,12715.0,True
TRIP_ce90a72c3b,U_dd027b8093,OUT,OTHER_R2,TRANSIT,2025-04-22,2025-05-02,4,14757.0,True
TRIP_3a9f94012a,U_dd027b8093,OUT,IN_NP,LEISURE,2024-11-14,2024-11-26,1,3496.0,True
TRIP_ec6f084cf8,U_046870db27,OUT,IN_MU,LEISURE,2024-09-27,2024-10-10,1,14479.0,True
TRIP_f2ec421ac3,U_556d55df48,OUT,IN_AE,LEISURE,2025-01-23,2025-01-31,1,4766.0,True
TRIP_e934058e2b,U_4e7c23fc45,OUT,IN_AE,BUSINESS,2024-12-31,2025-01-12,2,36425.0,True
TRIP_3d096ee04d,U_4e7c23fc45,OUT,IN_AE,BUSINESS,2025-10-01,2025-10-05,4,11009.0,False
TRIP_035649a079,U_4e7c23fc45,OUT,IN_SG,LEISURE,2026-03-07,2026-03-20,3,49330.0,True
TRIP_031bf61e8f,U_314323475a,OUT,OTHER_R2,EDUCATION,2025-10-24,2025-10-31,2,6532.0,True
TRIP_dc32fc5309,U_314323475a,OUT,OTHER_R2,LEISURE,2024-11-03,2024-11-14,4,6388.0,False
TRIP_c07f469ca8,U_1737f4b29a,OUT,IN_AE,PILGRIMAGE,2024-08-12,2024-08-14,2,18439.0,True
TRIP_55468f88f1,U_1737f4b29a,OUT,IN_AE,VFR,2026-04-21,2026-04-26,1,11310.0,False
TRIP_99c0b45ff7,U_3ffa6d11b1,OUT,IN_NP,LEISURE,2024-12-14,2024-12-19,4,23492.0,True
TRIP_4989183b4a,U_3ffa6d11b1,OUT,IN_AE,EDUCATION,2025-01-22,2025-01-24,2,37244.0,True
TRIP_4466dbed8e,U_3ffa6d11b1,OUT,OTHER_R2,PILGRIMAGE,2025-09-20,2025-10-03,2,7423.0,True
TRIP_529e37fee6,U_c6454a7aa1,OUT,IN_AE,EVENT,2026-05-08,2026-05-11,3,35809.0,True
TRIP_d06a27da5c,U_c6454a7aa1,OUT,IN_QA,BUSINESS,2026-03-22,2026-04-05,1,5060.0,True
TRIP_7ed3968fc7,U_8ea172e002,OUT,OTHER_R2,BUSINESS,2024-11-15,2024-11-26,1,11562.0,True
TRIP_8475567ae5,U_be7dd08bc6,OUT,OTHER_R2,VFR,2025-07-03,2025-07-09,3,7856.0,True
TRIP_66f8ba3e97,U_be7dd08bc6,OUT,IN_SG,BUSINESS,2025-07-14,2025-07-25,4,7235.0,True
TRIP_7e5f87fd63,U_1129112f37,OUT,IN_NP,PILGRIMAGE,2026-02-07,2026-02-16,1,9684.0,True
TRIP_8cc8d66f8e,U_1129112f37,OUT,IN_QA,LEISURE,2025-02-15,2025-02-18,1,86170.0,True
TRIP_2cfffc48b5,U_1129112f37,OUT,OTHER_R2,EVENT,2026-03-14,2026-03-22,1,5139.0,True
TRIP_6674c690a2,U_83b7a92e49,OUT,IN_AE,LEISURE,2025-06-11,2025-06-25,3,1549.0,True
TRIP_4aa6c1920b,U_83b7a92e49,OUT,IN_SG,LEISURE,2025-06-08,2025-06-15,2,6561.0,True
TRIP_54b5b289fe,U_83b7a92e49,OUT,IN_QA,LEISURE,2025-09-27,2025-10-10,3,7530.0,True
TRIP_22c11fd9d5,U_6424306bc8,OUT,IN_AE,LEISURE,2024-10-12,2024-10-14,1,7427.0,True
TRIP_9efe607512,U_6424306bc8,OUT,IN_SG,EDUCATION,2025-02-19,2025-03-04,2,18854.0,True
TRIP_5b60f194c7,U_7616e787de,OUT,OTHER_R2,BUSINESS,2024-11-01,2024-11-13,1,9293.0,True
TRIP_7fd7ed088e,U_b7f74810e2,OUT,OTHER_R2,VFR,2024-12-14,2024-12-18,2,17527.0,True
TRIP_5de921ccfd,U_ba95fbf072,OUT,IN_AE,LEISURE,2025-12-29,2026-01-09,2,8084.0,True
TRIP_75dfb87991,U_ba95fbf072,OUT,IN_SG,LEISURE,2026-06-04,2026-06-12,3,18003.0,True
TRIP_11feafab26,U_c4d67c7189,OUT,IN_AE,LEISURE,2025-02-22,2025-02-27,3,10328.0,True
TRIP_7578aa7860,U_a310fe7a60,OUT,IN_AE,VFR,2025-05-25,2025-06-06,1,35904.0,True
TRIP_7bc1374c9f,U_a310fe7a60,OUT,IN_AE,MEDICAL,2025-01-03,2025-01-07,4,4633.0,False
TRIP_bbec1a9602,U_0290e3548a,OUT,IN_NP,TRANSIT,2026-05-03,2026-05-12,4,12685.0,True
TRIP_8e39ae9dad,U_ec62ed490e,OUT,IN_QA,LEISURE,2024-12-20,2024-12-26,1,7663.0,True
TRIP_9af27f92d3,U_93f204d45a,OUT,OTHER_R2,BUSINESS,2026-03-30,2026-04-08,2,1171.0,True
TRIP_0d91824e96,U_93f204d45a,OUT,IN_AE,BUSINESS,2024-10-29,2024-11-02,2,13813.0,True
TRIP_0ebfa2b096,U_d67bee3804,OUT,IN_QA,MEDICAL,2024-11-19,2024-12-03,3,8256.0,True
TRIP_066a3c2e05,U_03bda01ab9,OUT,IN_NP,LEISURE,2025-04-05,2025-04-12,3,30300.0,True
TRIP_edbeb8d934,U_03bda01ab9,OUT,IN_AE,EDUCATION,2026-06-11,2026-06-19,4,12162.0,True
TRIP_273b82c1dc,U_840284db7c,OUT,IN_FR,LEISURE,2024-08-24,2024-09-04,4,8239.0,True
TRIP_63c083d9d2,U_840284db7c,OUT,IN_AE,PILGRIMAGE,2025-06-29,2025-07-07,3,24102.0,True
TRIP_335f87a2b8,U_fa108db14a,OUT,IN_QA,BUSINESS,2025-10-13,2025-10-27,4,39968.0,True
TRIP_a26410c288,U_fa108db14a,OUT,OTHER_R2,LEISURE,2026-01-30,2026-02-10,4,19617.0,True
TRIP_a0addb3d92,U_84f4263fe1,OUT,IN_AE,EDUCATION,2025-02-27,2025-03-07,2,3846.0,True
TRIP_865b8d0a57,U_70cf5ace1a,OUT,IN_SG,LEISURE,2025-11-20,2025-12-01,3,29343.0,True
TRIP_c784893f04,U_01b00b6efb,OUT,IN_KH,LEISURE,2025-06-25,2025-07-03,4,28357.0,True
TRIP_5335db4f84,U_01b00b6efb,OUT,IN_SG,LEISURE,2024-10-29,2024-11-07,3,2413.0,True
TRIP_15b71951fb,U_01b00b6efb,OUT,IN_NP,LEISURE,2026-04-30,2026-05-10,4,5383.0,True
TRIP_10fad3ae08,U_c9d31d20da,OUT,IN_SG,EDUCATION,2025-06-26,2025-07-03,3,9446.0,True
TRIP_e41c477b04,U_c9d31d20da,OUT,IN_LK,EDUCATION,2024-09-24,2024-09-28,2,31858.0,True
TRIP_95b963cbb9,U_3ea8cb2ebc,OUT,IN_NP,LEISURE,2026-01-04,2026-01-06,1,2606.0,True
TRIP_ada0998494,U_3ea8cb2ebc,OUT,IN_AE,BUSINESS,2024-08-20,2024-08-22,1,13315.0,True
TRIP_6b78ddd9c8,U_3ea8cb2ebc,OUT,IN_SG,VFR,2025-10-04,2025-10-12,1,5155.0,True
TRIP_4feb52d587,U_3ea8cb2ebc,OUT,IN_SG,VFR,2025-04-23,2025-05-02,2,4571.0,False
TRIP_7ffeed7aad,U_3ea8cb2ebc,OUT,IN_QA,BUSINESS,2024-12-16,2024-12-30,4,18257.0,True
TRIP_d5e483bec3,U_73a33759b0,OUT,IN_SG,MEDICAL,2025-11-27,2025-12-11,4,2436.0,True
TRIP_c4378cafa7,U_943eead8ad,OUT,IN_BT,LEISURE,2025-05-10,2025-05-15,2,5313.0,True
TRIP_eadc85a87a,U_943eead8ad,OUT,IN_AE,BUSINESS,2024-12-28,2025-01-04,3,11387.0,True
TRIP_05c0657cf2,U_f54848bde3,OUT,OTHER_R2,BUSINESS,2025-01-24,2025-02-03,1,14350.0,True
TRIP_a6c668361a,U_cb84614af6,OUT,OTHER_R2,MEDICAL,2025-12-25,2026-01-07,4,3895.0,True
TRIP_6c741d70bd,U_cb84614af6,OUT,IN_MU,EDUCATION,2026-06-03,2026-06-16,1,5865.0,True
TRIP_6f65821395,U_cb84614af6,OUT,IN_SG,MEDICAL,2025-10-09,2025-10-11,3,6144.0,True
TRIP_b251f11318,U_cb84614af6,OUT,IN_AE,EDUCATION,2026-05-22,2026-05-31,3,10962.0,True
TRIP_d69fa0ead1,U_613988843b,OUT,IN_AE,LEISURE,2025-06-10,2025-06-19,1,3995.0,True
TRIP_e13edd789b,U_f7c6de5ccf,OUT,IN_NP,VFR,2024-09-11,2024-09-16,3,10754.0,True
TRIP_a4e85f4dbe,U_f7c6de5ccf,OUT,IN_LK,VFR,2024-10-04,2024-10-09,3,18304.0,True
TRIP_eebd582cd5,U_fa3205ce0c,OUT,IN_AE,TRANSIT,2025-04-26,2025-05-09,4,7285.0,True
TRIP_e210bc49a8,U_a44197d1e9,OUT,IN_SG,LEISURE,2025-10-31,2025-11-09,4,22817.0,True
TRIP_26e93c93c1,U_a44197d1e9,OUT,IN_AE,PILGRIMAGE,2024-10-20,2024-10-25,1,5051.0,True
TRIP_b7b0a849c5,U_75eafb82d6,OUT,IN_QA,BUSINESS,2026-02-24,2026-03-08,1,21887.0,True
TRIP_059652f319,U_c9d0dbbbcb,OUT,IN_SG,LEISURE,2026-01-31,2026-02-09,3,72958.0,True
TRIP_2056fa013e,U_9b3270ca6b,OUT,IN_SG,LEISURE,2024-11-19,2024-11-22,2,4049.0,True
TRIP_b178715dbf,U_04fbe818cc,OUT,IN_SG,LEISURE,2024-12-14,2024-12-23,1,14407.0,True
TRIP_bfa3f46b16,U_04fbe818cc,OUT,IN_AE,LEISURE,2024-08-16,2024-08-18,3,39164.0,True
TRIP_eb9771f49a,U_ad611f108c,OUT,OTHER_R2,EDUCATION,2025-07-28,2025-08-07,2,28666.0,True
TRIP_162c4e0d60,U_b7a865f4d5,OUT,OTHER_R2,VFR,2025-03-01,2025-03-15,4,6507.0,True
TRIP_165821bfff,U_1127f4eb69,OUT,IN_NP,VFR,2024-09-08,2024-09-19,3,8147.0,True
TRIP_78b5ef8f04,U_1127f4eb69,OUT,IN_AE,EVENT,2025-09-01,2025-09-04,2,22201.0,True
TRIP_e961745619,U_2d96cef0ff,OUT,OTHER_R2,LEISURE,2024-10-29,2024-11-03,4,29223.0,True
TRIP_ac74c4cb66,U_2d96cef0ff,OUT,IN_NP,LEISURE,2024-09-07,2024-09-17,4,52710.0,True
TRIP_d84ac935a2,U_01b39d8b19,OUT,IN_SG,LEISURE,2024-12-13,2024-12-25,2,34245.0,True
TRIP_91964b86d3,U_01b39d8b19,OUT,OTHER_R2,BUSINESS,2024-09-14,2024-09-26,4,6848.0,True
TRIP_b665209e2d,U_01b39d8b19,OUT,IN_AE,MEDICAL,2024-10-06,2024-10-10,4,21901.0,True
TRIP_eed9b39915,U_01b39d8b19,OUT,IN_AE,LEISURE,2024-12-04,2024-12-17,1,21099.0,True
TRIP_e11933cb25,U_3934aca02c,OUT,OTHER_R2,EDUCATION,2026-05-14,2026-05-18,2,7903.0,True
TRIP_83d7e940e1,U_bca8209783,OUT,IN_SG,VFR,2026-07-05,2026-07-19,3,12658.0,True
TRIP_6b6b36640c,U_bca8209783,OUT,IN_AE,LEISURE,2024-10-08,2024-10-20,3,36952.0,True
TRIP_8d15daed95,U_8d2e888a1f,OUT,IN_QA,VFR,2026-04-24,2026-04-27,2,9527.0,True
TRIP_4402811abf,U_8d2e888a1f,OUT,IN_AE,BUSINESS,2025-11-02,2025-11-15,4,8976.0,True
TRIP_2d6afbb9da,U_f818bec317,OUT,IN_AE,BUSINESS,2026-01-15,2026-01-17,1,9494.0,True
TRIP_4278a961ba,U_374a9a9825,OUT,IN_NP,LEISURE,2025-07-01,2025-07-07,2,5651.0,True
TRIP_0148e7f98f,U_374a9a9825,OUT,OTHER_R2,MEDICAL,2026-03-22,2026-03-31,1,12866.0,True
TRIP_2986325840,U_374a9a9825,OUT,OTHER_R2,VFR,2025-07-16,2025-07-19,4,6057.0,False
TRIP_40b23bfed9,U_476915349b,OUT,IN_AE,VFR,2025-11-07,2025-11-18,2,19736.0,True
TRIP_bd4176b6e4,U_476915349b,OUT,IN_MU,LEISURE,2025-05-14,2025-05-28,2,9559.0,True
TRIP_1999508d81,U_bf67c380de,OUT,OTHER_R2,VFR,2024-10-10,2024-10-15,2,5537.0,True
TRIP_d7aa32be70,U_bf67c380de,OUT,IN_AE,TRANSIT,2025-09-20,2025-09-28,2,1554.0,True
TRIP_869c17bc18,U_7af6d3bd0c,OUT,OTHER_R2,LEISURE,2025-02-26,2025-03-12,2,9202.0,True
TRIP_b17551a9d2,U_7496c8d5d4,OUT,IN_SG,MEDICAL,2025-11-09,2025-11-16,3,17417.0,True
TRIP_ba5ff38f95,U_1543c1889d,OUT,IN_SG,LEISURE,2025-01-10,2025-01-17,3,25606.0,True
TRIP_db2f0bf1f2,U_1543c1889d,OUT,OTHER_R2,TRANSIT,2025-10-13,2025-10-27,2,4147.0,True
TRIP_c6255bb0eb,U_40496fe82b,OUT,IN_SG,EDUCATION,2026-05-18,2026-05-25,3,9900.0,True
TRIP_a7a9f0433f,U_0e039208d4,OUT,IN_AE,TRANSIT,2026-05-05,2026-05-11,4,16842.0,True
TRIP_341fe775a4,U_0e039208d4,OUT,IN_AE,VFR,2025-09-09,2025-09-23,1,6486.0,False
TRIP_2be23f0a7a,U_90a62b6ccc,OUT,IN_LK,BUSINESS,2025-07-10,2025-07-18,3,18197.0,True
TRIP_8071078586,U_094f1a8e42,OUT,IN_BT,LEISURE,2025-03-31,2025-04-09,4,10456.0,True
TRIP_920a9c7c4a,U_60419c5dd0,OUT,IN_LK,MEDICAL,2024-12-17,2024-12-24,4,18154.0,True
TRIP_81db5cf7c1,U_a92497d802,OUT,IN_NP,LEISURE,2025-04-08,2025-04-16,4,45693.0,True
TRIP_ce48762c8a,U_a92497d802,OUT,IN_SG,LEISURE,2026-03-27,2026-04-02,2,32889.0,True
TRIP_56a3b0b9f0,U_a92497d802,OUT,IN_LK,EVENT,2024-10-12,2024-10-16,4,39744.0,True
TRIP_b7e683bfc2,U_a92497d802,OUT,IN_AE,LEISURE,2025-05-31,2025-06-11,1,3946.0,True
TRIP_020025fa8d,U_3215c9b05e,OUT,IN_LK,LEISURE,2025-02-01,2025-02-07,4,3153.0,True
TRIP_cf17041155,U_d0f8557948,OUT,IN_SG,TRANSIT,2025-12-05,2025-12-19,4,5570.0,True
TRIP_912e02fd6d,U_d0f8557948,OUT,IN_AE,VFR,2026-01-16,2026-01-20,3,4695.0,True
TRIP_5d388b3de1,U_4db1cca860,OUT,IN_SG,LEISURE,2026-03-18,2026-03-30,4,7539.0,True
TRIP_b2661e7521,U_0d81eb76ad,OUT,IN_NP,LEISURE,2025-03-04,2025-03-08,4,12046.0,True
TRIP_74f2c982ad,U_4ef2626adb,OUT,IN_QA,LEISURE,2025-04-10,2025-04-17,2,13915.0,True
TRIP_3c2a8d7f3a,U_4ef2626adb,OUT,IN_SG,LEISURE,2026-04-26,2026-05-05,3,6767.0,True
TRIP_5228f5f4fe,U_e34946ae4e,OUT,IN_LK,LEISURE,2025-06-06,2025-06-10,3,11872.0,True
TRIP_68fb728ca1,U_3623bd40ec,OUT,IN_BT,EDUCATION,2025-03-05,2025-03-08,3,4640.0,True
TRIP_a3b39cf687,U_3623bd40ec,OUT,IN_AE,LEISURE,2025-01-31,2025-02-02,4,14452.0,True
TRIP_96c060bcc2,U_9b5ff76dfb,OUT,IN_QA,PILGRIMAGE,2025-08-18,2025-08-23,3,15658.0,True
TRIP_a3cceeba66,U_21a1d26011,OUT,IN_KH,TRANSIT,2025-12-31,2026-01-14,4,3862.0,True
TRIP_e43ac1f96f,U_21a1d26011,OUT,IN_NP,LEISURE,2026-06-14,2026-06-27,2,24392.0,True
TRIP_ec45464fb6,U_d2ca9d877d,OUT,OTHER_R2,LEISURE,2026-04-21,2026-04-23,3,24380.0,True
TRIP_8e02f60001,U_155b33c8f2,OUT,OTHER_R2,MEDICAL,2026-03-26,2026-03-30,2,20947.0,True
TRIP_5679ac5a68,U_155b33c8f2,OUT,IN_AE,MEDICAL,2025-04-06,2025-04-10,3,10475.0,True
TRIP_ce0d7b7447,U_155b33c8f2,OUT,IN_BT,MEDICAL,2025-08-16,2025-08-28,4,5857.0,True
TRIP_61d0d9f38e,U_155b33c8f2,OUT,IN_AE,MEDICAL,2025-02-10,2025-02-23,1,14316.0,False
TRIP_c63ff57a4d,U_89a5b3ad34,OUT,IN_QA,LEISURE,2025-03-13,2025-03-17,3,10372.0,True
TRIP_dd058994df,U_e49c40746d,OUT,IN_AE,LEISURE,2025-09-02,2025-09-14,2,79174.0,True
TRIP_289ec729bd,U_3111506fe4,OUT,IN_MU,EDUCATION,2026-06-25,2026-07-07,1,5980.0,True
TRIP_821d8cfb1f,U_b188c1ac1b,OUT,IN_SG,PILGRIMAGE,2025-04-05,2025-04-10,3,4353.0,True
TRIP_dc4e65e822,U_b188c1ac1b,OUT,OTHER_R2,LEISURE,2025-08-08,2025-08-12,3,23679.0,True
TRIP_7b69b45f4f,U_b188c1ac1b,OUT,IN_NP,EDUCATION,2026-06-24,2026-06-27,3,20204.0,True
TRIP_6fd37af02a,U_d12688109d,OUT,IN_AE,LEISURE,2025-07-21,2025-07-24,4,19278.0,True
TRIP_1dbba6dce6,U_ef4228f8b2,OUT,IN_AE,EDUCATION,2026-04-28,2026-05-10,1,30911.0,True
TRIP_0dcd3f42d5,U_791fab228f,OUT,IN_MU,LEISURE,2026-04-20,2026-04-25,3,56384.0,True
TRIP_c4c67323da,U_a127108201,OUT,IN_AE,LEISURE,2025-11-12,2025-11-23,4,39558.0,True
TRIP_03a149c41c,U_a127108201,OUT,IN_QA,LEISURE,2025-12-18,2025-12-21,4,10864.0,True
TRIP_977dbaea42,U_011152228b,OUT,IN_AE,MEDICAL,2025-01-08,2025-01-16,2,30624.0,True
TRIP_cf98865640,U_011152228b,OUT,IN_NP,EDUCATION,2025-07-14,2025-07-23,3,13637.0,True
TRIP_26df6a57ac,U_c85a6ff6c9,OUT,IN_NP,VFR,2025-04-24,2025-04-29,1,4864.0,True
TRIP_9f68f04e97,U_c85a6ff6c9,OUT,IN_AE,LEISURE,2024-09-23,2024-10-07,2,4759.0,True
TRIP_170a9be2dd,U_c85a6ff6c9,OUT,OTHER_R2,LEISURE,2024-09-12,2024-09-15,2,7246.0,True
TRIP_aa62105659,U_b31ea3ea82,OUT,IN_NP,EDUCATION,2025-03-28,2025-04-05,4,4154.0,True
TRIP_89bde62f1a,U_7072276cff,OUT,OTHER_R2,TRANSIT,2025-08-09,2025-08-17,4,7629.0,True
TRIP_347584011c,U_7072276cff,OUT,IN_SG,LEISURE,2026-06-23,2026-07-01,4,19938.0,True
TRIP_3f1650b010,U_7072276cff,OUT,IN_NP,VFR,2026-01-31,2026-02-09,3,37269.0,True
TRIP_25211b8e37,U_7072276cff,OUT,IN_NP,BUSINESS,2024-10-07,2024-10-17,3,16334.0,False
TRIP_5c1713ce0f,U_774a7dcdb3,OUT,IN_BT,EVENT,2025-01-04,2025-01-13,3,30992.0,True
TRIP_4dd4fa4d0e,U_4ee960c007,OUT,IN_SG,LEISURE,2024-10-06,2024-10-17,4,20776.0,True
TRIP_88a9706cf4,U_4ee960c007,OUT,IN_BT,VFR,2026-03-09,2026-03-22,2,60303.0,True
TRIP_b9bdb34570,U_dbde34c871,OUT,IN_AE,EDUCATION,2025-12-26,2025-12-31,1,29580.0,True
TRIP_79b2f2dd0f,U_dbde34c871,OUT,OTHER_R2,EDUCATION,2024-12-15,2024-12-26,1,12139.0,True
TRIP_ad85ba5eff,U_2955640601,OUT,IN_QA,LEISURE,2025-05-03,2025-05-16,1,5482.0,True
TRIP_84b397a99d,U_25a232185e,OUT,IN_AE,LEISURE,2024-12-26,2025-01-08,2,4508.0,True
TRIP_0c2b1f7091,U_25a232185e,OUT,IN_AE,LEISURE,2024-08-25,2024-08-28,3,8434.0,True
TRIP_aa20664015,U_5e656bf270,OUT,IN_BT,LEISURE,2024-09-07,2024-09-11,1,6891.0,True
TRIP_a56be2553a,U_b7f501d5c6,OUT,IN_FR,EDUCATION,2026-01-03,2026-01-08,3,18204.0,True
TRIP_b099e85bc6,U_b7f501d5c6,OUT,IN_AE,VFR,2026-03-29,2026-04-09,3,12812.0,True
TRIP_37ffd9d1b9,U_13bc840067,OUT,IN_LK,MEDICAL,2025-05-13,2025-05-18,2,41823.0,True
TRIP_b284dd3bff,U_13bc840067,OUT,IN_SG,EDUCATION,2025-10-31,2025-11-04,1,5874.0,True
TRIP_065ec9c644,U_13bc840067,OUT,IN_BT,LEISURE,2024-11-08,2024-11-12,1,33136.0,True
TRIP_1619dd24ef,U_13bc840067,OUT,OTHER_R2,VFR,2025-10-13,2025-10-17,2,27041.0,True
TRIP_3fe9ec75ff,U_f20751ed84,OUT,IN_NP,MEDICAL,2025-11-17,2025-11-28,2,5327.0,True
TRIP_6a63d8053c,U_f20751ed84,OUT,IN_AE,LEISURE,2026-01-10,2026-01-23,3,10320.0,True
TRIP_8c36a0b58c,U_f20751ed84,OUT,OTHER_R2,LEISURE,2026-01-07,2026-01-16,4,38697.0,True
TRIP_69148dd07c,U_f431b4b375,OUT,OTHER_R2,LEISURE,2024-08-31,2024-09-10,1,107064.0,True
TRIP_483cfafa0a,U_f431b4b375,OUT,IN_SG,VFR,2026-06-26,2026-07-09,4,10769.0,True
TRIP_654c888166,U_c6a449ee0c,OUT,IN_AE,BUSINESS,2025-11-29,2025-12-09,1,10897.0,True
TRIP_72158e949c,U_1fe57e8e4e,OUT,IN_LK,VFR,2026-06-06,2026-06-11,4,18321.0,True
TRIP_28589196e8,U_cfd3bae9db,OUT,IN_QA,VFR,2025-05-24,2025-06-01,4,11187.0,True
TRIP_2b2c19e7dc,U_cfd3bae9db,OUT,IN_AE,BUSINESS,2026-06-18,2026-06-20,3,10708.0,True
TRIP_8ba408a8bc,U_cf56144378,OUT,IN_MU,EDUCATION,2025-09-03,2025-09-08,2,4466.0,True
TRIP_49c9531601,U_cf56144378,OUT,IN_QA,EDUCATION,2025-04-06,2025-04-09,4,3718.0,True
TRIP_e6d172d351,U_ee64f4275f,OUT,IN_NP,LEISURE,2025-09-26,2025-10-08,4,62115.0,True
TRIP_7977d4f5aa,U_225434e49f,OUT,IN_AE,BUSINESS,2025-02-22,2025-03-07,3,12658.0,True
TRIP_ef93f52026,U_225434e49f,OUT,IN_SG,BUSINESS,2025-02-15,2025-02-24,2,8896.0,True
TRIP_f4948e1176,U_225434e49f,OUT,IN_AE,PILGRIMAGE,2025-04-24,2025-04-27,4,15789.0,True
TRIP_2de39dfd72,U_225434e49f,OUT,IN_AE,VFR,2026-01-03,2026-01-13,2,50783.0,True
TRIP_163d223672,U_225434e49f,OUT,OTHER_R2,VFR,2026-02-09,2026-02-16,4,19168.0,True
TRIP_ffb38f0f12,U_b25fe9a914,OUT,IN_AE,LEISURE,2026-05-01,2026-05-09,4,36363.0,True
TRIP_bc93eb3930,U_b25fe9a914,OUT,IN_KH,LEISURE,2024-12-29,2025-01-11,3,15775.0,True
TRIP_ff60e24154,U_b25fe9a914,OUT,IN_FR,PILGRIMAGE,2025-12-17,2025-12-31,1,13360.0,True
TRIP_5b3d444216,U_b25fe9a914,OUT,IN_QA,TRANSIT,2026-05-13,2026-05-16,2,33778.0,True
TRIP_305363514f,U_b25fe9a914,OUT,IN_SG,VFR,2024-08-16,2024-08-19,2,155771.0,True
TRIP_3c86986f79,U_b25fe9a914,OUT,IN_QA,LEISURE,2024-09-19,2024-10-01,2,29844.0,False
TRIP_0cd9aa52ee,U_37ceccf988,OUT,IN_AE,VFR,2025-09-07,2025-09-12,3,5711.0,True
TRIP_9a516ec22a,U_76d761d487,OUT,IN_NP,VFR,2024-09-23,2024-09-25,1,33208.0,True
TRIP_08cc28e95a,U_d7aec47e05,OUT,IN_AE,LEISURE,2026-07-06,2026-07-14,2,4248.0,True
TRIP_821ab69e50,U_d7aec47e05,OUT,IN_AE,VFR,2025-01-12,2025-01-22,3,15325.0,True
TRIP_d21d9fda50,U_739696548b,OUT,OTHER_R2,BUSINESS,2025-06-07,2025-06-09,3,14213.0,True
TRIP_67e41c56b6,U_5cafbde047,OUT,IN_LK,BUSINESS,2025-05-27,2025-06-10,4,5530.0,True
TRIP_f303d3c074,U_b337dec21f,OUT,IN_AE,BUSINESS,2024-09-28,2024-10-03,1,15929.0,True
TRIP_5b2a4fa651,U_92037a431f,OUT,IN_AE,LEISURE,2025-07-06,2025-07-20,4,17636.0,True
TRIP_67bca163b2,U_92037a431f,OUT,IN_AE,TRANSIT,2024-11-29,2024-12-12,3,22877.0,True
TRIP_f8241d7ead,U_6c4cceb327,OUT,IN_AE,LEISURE,2025-08-30,2025-09-04,1,5448.0,True
TRIP_1d5346086c,U_dade6da5bd,OUT,IN_AE,LEISURE,2025-01-18,2025-01-27,4,5591.0,True
TRIP_ac625b7f27,U_a20b6a12c8,OUT,IN_AE,LEISURE,2025-02-25,2025-03-07,4,11003.0,True
TRIP_ddc93cd3ec,U_a20b6a12c8,OUT,IN_NP,BUSINESS,2025-06-17,2025-06-20,1,10081.0,True
TRIP_66a564839f,U_a20b6a12c8,OUT,OTHER_R2,VFR,2024-11-08,2024-11-21,2,38643.0,True
TRIP_f7dbde1339,U_a20b6a12c8,OUT,IN_AE,BUSINESS,2025-04-09,2025-04-16,2,22351.0,False
TRIP_818fcb8ef8,U_c2021f7f68,OUT,IN_AE,LEISURE,2025-04-22,2025-04-29,3,10015.0,True
TRIP_1d5be53cf3,U_c2021f7f68,OUT,IN_AE,BUSINESS,2025-06-13,2025-06-27,3,7398.0,False
TRIP_d5b7a3768e,U_c2021f7f68,OUT,IN_AE,LEISURE,2025-07-30,2025-08-12,3,4705.0,False
TRIP_d45296af0b,U_c2021f7f68,OUT,IN_AE,LEISURE,2026-06-22,2026-06-29,4,79385.0,False
TRIP_9fa39620b6,U_10a0d59bb7,OUT,IN_LK,VFR,2026-01-28,2026-02-06,2,23279.0,True
TRIP_96945e3ea1,U_1013a8eb75,OUT,IN_SG,LEISURE,2025-08-31,2025-09-10,2,21240.0,True
TRIP_08eadb2268,U_1013a8eb75,OUT,OTHER_R2,LEISURE,2026-03-15,2026-03-21,4,19231.0,True
TRIP_61d60c3462,U_b8ccae6361,OUT,IN_AE,MEDICAL,2024-12-03,2024-12-17,4,3690.0,True
TRIP_a985e7668a,U_b8ccae6361,OUT,OTHER_R2,MEDICAL,2024-11-14,2024-11-19,1,10566.0,True
TRIP_68c45f6e1b,U_225238ec2c,OUT,OTHER_R2,LEISURE,2024-10-01,2024-10-09,1,9265.0,True
TRIP_6fb7b2188a,U_4a4fd33878,OUT,IN_AE,BUSINESS,2025-03-01,2025-03-06,2,8989.0,True
TRIP_2ff3b3c237,U_c8fc28d982,OUT,IN_FR,BUSINESS,2026-02-07,2026-02-12,2,14806.0,True
TRIP_8cecdaa0b0,U_ee356f1e6f,OUT,IN_AE,BUSINESS,2025-09-20,2025-09-29,4,7373.0,True
TRIP_1dc895025d,U_ee356f1e6f,OUT,IN_AE,VFR,2026-03-18,2026-03-21,1,26648.0,False
TRIP_60a4fb528f,U_c3d951d599,OUT,IN_AE,LEISURE,2024-09-14,2024-09-24,4,15785.0,True
TRIP_981bd6532c,U_28d057d077,OUT,OTHER_R2,LEISURE,2025-08-16,2025-08-27,1,34500.0,True
TRIP_f50dfcdce7,U_28d057d077,OUT,IN_AE,LEISURE,2025-01-04,2025-01-06,1,80800.0,True
TRIP_b3355c56d8,U_28d057d077,OUT,IN_NP,EVENT,2025-01-31,2025-02-03,4,44921.0,True
TRIP_9904d477c5,U_28d057d077,OUT,IN_BT,EVENT,2025-08-01,2025-08-06,2,20137.0,True
TRIP_ddf21e852f,U_8d07039f21,OUT,IN_NP,LEISURE,2025-03-18,2025-04-01,3,2273.0,True
TRIP_f04c11d5fb,U_15498bb097,OUT,IN_AE,LEISURE,2024-09-20,2024-09-23,3,16509.0,True
TRIP_4ca370a004,U_15498bb097,OUT,IN_AE,LEISURE,2026-07-08,2026-07-16,4,29137.0,False
TRIP_480538c5df,U_15498bb097,OUT,IN_AE,VFR,2025-06-14,2025-06-18,3,11274.0,False
TRIP_11e9ba886f,U_c34ca14e21,OUT,IN_AE,VFR,2025-08-22,2025-08-25,3,37904.0,True
TRIP_5c90cf8c2d,U_78ddc62978,OUT,OTHER_R2,LEISURE,2026-05-01,2026-05-13,4,14009.0,True
TRIP_af2cdc7208,U_78ddc62978,OUT,IN_QA,PILGRIMAGE,2024-11-07,2024-11-16,2,17027.0,True
TRIP_996ba47a2b,U_ad3dd9f267,OUT,IN_LK,LEISURE,2024-12-28,2025-01-06,4,15284.0,True
TRIP_f6dd983a44,U_ad3dd9f267,OUT,IN_AE,LEISURE,2025-04-17,2025-04-27,1,27741.0,True
TRIP_db4dc2045b,U_52dc9561ca,OUT,IN_AE,EDUCATION,2024-11-28,2024-12-01,1,15978.0,True
TRIP_e62ffe3583,U_52dc9561ca,OUT,IN_SG,LEISURE,2026-01-21,2026-02-02,3,5429.0,True
TRIP_d1541a0ea1,U_4d49795550,OUT,IN_QA,VFR,2026-05-17,2026-05-28,3,23050.0,True
TRIP_f69a4ce425,U_4025260e3c,OUT,OTHER_R2,LEISURE,2025-04-29,2025-05-03,1,14562.0,True
TRIP_4f3ff9df72,U_2bfe7343c5,OUT,IN_AE,LEISURE,2025-11-05,2025-11-12,3,22325.0,True
TRIP_f79e866b9b,U_2bfe7343c5,OUT,IN_AE,LEISURE,2024-08-22,2024-09-04,2,17278.0,False
TRIP_4941b0daf6,U_2bfe7343c5,OUT,IN_AE,VFR,2025-02-18,2025-03-03,3,16694.0,False
TRIP_1c6f54b342,U_396eca8546,OUT,IN_NP,VFR,2024-10-26,2024-11-01,4,50259.0,True
TRIP_1e78ef6889,U_396eca8546,OUT,IN_AE,LEISURE,2025-04-10,2025-04-19,2,10918.0,True
TRIP_c70732932e,U_f76e7eb2b1,OUT,IN_SG,EDUCATION,2025-07-11,2025-07-22,4,12875.0,True
TRIP_6492202963,U_b7a11e8307,OUT,IN_AE,EDUCATION,2026-06-03,2026-06-16,4,28492.0,True
TRIP_0807c0dd28,U_b7a11e8307,OUT,IN_QA,EDUCATION,2025-06-08,2025-06-10,3,11404.0,True
TRIP_d06b04d87e,U_0197b69a8e,OUT,IN_AE,BUSINESS,2025-07-13,2025-07-21,2,24499.0,True
TRIP_6e4dd892fa,U_0197b69a8e,OUT,OTHER_R2,EDUCATION,2026-07-09,2026-07-14,1,22385.0,True
TRIP_afe2b34f17,U_2d9e70ac7f,OUT,IN_SG,MEDICAL,2025-06-22,2025-07-05,2,9848.0,True
TRIP_0fc4953c92,U_06db3285a6,OUT,IN_NP,EDUCATION,2026-01-12,2026-01-20,2,13604.0,True
TRIP_348f447189,U_06db3285a6,OUT,IN_BT,LEISURE,2025-07-17,2025-07-26,4,29780.0,True
TRIP_4160bc411b,U_3c6fc1ee73,OUT,IN_SG,LEISURE,2025-08-02,2025-08-13,4,48388.0,True
TRIP_718f35297c,U_7ba138cd18,OUT,IN_QA,LEISURE,2025-08-03,2025-08-12,1,12123.0,True
TRIP_89278c2617,U_7ba138cd18,OUT,IN_NP,LEISURE,2026-02-27,2026-03-13,1,12639.0,True
TRIP_2b4d2cf61e,U_14f746ec31,OUT,IN_AE,LEISURE,2026-03-01,2026-03-08,3,37731.0,True
TRIP_38cc3e40c6,U_14f746ec31,OUT,IN_AE,VFR,2025-08-26,2025-09-02,4,8114.0,True
TRIP_a0889cc8c3,U_14f746ec31,OUT,IN_QA,TRANSIT,2025-11-13,2025-11-21,2,7162.0,True
TRIP_15e5c9b9f6,U_bf70ed54ec,OUT,IN_MU,LEISURE,2025-03-04,2025-03-12,3,3889.0,True
TRIP_93e3cca2d9,U_f94043ba4b,OUT,IN_LK,LEISURE,2025-12-05,2025-12-13,4,31565.0,True
TRIP_e22f921ce4,U_f94043ba4b,OUT,IN_SG,TRANSIT,2026-07-04,2026-07-06,2,17641.0,True
TRIP_918e3d63b3,U_f94043ba4b,OUT,IN_LK,LEISURE,2025-05-10,2025-05-21,3,44171.0,True
TRIP_9c794c8051,U_f94043ba4b,OUT,IN_BT,PILGRIMAGE,2025-06-14,2025-06-28,1,14005.0,True
TRIP_abc93dcd1a,U_ef018f2804,OUT,IN_AE,VFR,2025-05-29,2025-06-03,4,16009.0,True
TRIP_22fdc3c94f,U_5032c19f4d,OUT,IN_AE,LEISURE,2026-02-04,2026-02-12,4,32973.0,True
TRIP_c17111182c,U_5032c19f4d,OUT,IN_SG,VFR,2026-07-03,2026-07-07,3,25900.0,True
TRIP_070213ff54,U_ac8aa0e8d3,OUT,IN_AE,EDUCATION,2024-11-19,2024-12-03,4,88443.0,True
TRIP_cb2b35103c,U_e84bd8e3e2,OUT,IN_AE,LEISURE,2025-03-23,2025-03-30,4,9130.0,True
TRIP_a3c39946ec,U_899330fe36,OUT,IN_AE,LEISURE,2026-03-24,2026-04-01,4,7528.0,True
TRIP_84918c1457,U_899330fe36,OUT,IN_SG,PILGRIMAGE,2025-07-30,2025-08-02,3,18579.0,True
TRIP_3621ce7c21,U_77aa9cc5bd,OUT,IN_LK,MEDICAL,2025-08-18,2025-08-30,1,21695.0,True
TRIP_ea13f3a388,U_8907a342db,OUT,IN_AE,LEISURE,2025-06-09,2025-06-21,3,18671.0,True
TRIP_c1a7374700,U_070570cc86,OUT,IN_SG,EDUCATION,2024-10-06,2024-10-18,3,6475.0,True
TRIP_a9586dacb5,U_dd8ffef97f,OUT,OTHER_R2,BUSINESS,2026-07-09,2026-07-19,2,21990.0,True
TRIP_de853ab16d,U_dd8ffef97f,OUT,IN_AE,VFR,2025-11-10,2025-11-24,3,21795.0,True
TRIP_dd01ceac58,U_7f9400870b,OUT,IN_AE,LEISURE,2026-06-15,2026-06-28,1,14554.0,True
TRIP_4e3d97524a,U_7f9400870b,OUT,IN_AE,EDUCATION,2024-09-13,2024-09-17,4,6174.0,True
TRIP_39d73c933f,U_7f9400870b,OUT,IN_NP,TRANSIT,2026-02-16,2026-02-26,1,11944.0,True
TRIP_1516247f6a,U_a6d225ed89,OUT,OTHER_R2,BUSINESS,2024-09-15,2024-09-22,2,16708.0,True
TRIP_fc5420ac23,U_4c7d7c0725,OUT,IN_BT,PILGRIMAGE,2025-11-04,2025-11-16,3,39859.0,True
TRIP_1441291ab9,U_4c7d7c0725,OUT,IN_AE,TRANSIT,2026-02-12,2026-02-18,3,21466.0,True
TRIP_9262644fbb,U_4c7d7c0725,OUT,IN_QA,LEISURE,2025-12-10,2025-12-19,1,20009.0,True
TRIP_c8377ec499,U_bad1a87ccb,OUT,IN_NP,EVENT,2025-09-17,2025-10-01,4,15515.0,True
TRIP_69fd010f7d,U_5d97e662f6,OUT,IN_KH,LEISURE,2025-05-20,2025-06-01,2,73257.0,True
TRIP_39231e2899,U_5d97e662f6,OUT,IN_AE,EVENT,2025-09-24,2025-10-04,4,22897.0,True
TRIP_0f8e0ff0bf,U_5d42be735c,OUT,OTHER_R2,LEISURE,2026-05-03,2026-05-12,4,26867.0,True
TRIP_55bc0392a3,U_5d42be735c,OUT,IN_AE,BUSINESS,2025-03-20,2025-03-26,4,19206.0,True
TRIP_e068be7337,U_5d42be735c,OUT,OTHER_R2,VFR,2025-01-24,2025-02-07,4,12707.0,False
TRIP_38cc96a791,U_5d42be735c,OUT,OTHER_R2,EVENT,2026-01-14,2026-01-18,3,10849.0,False
TRIP_4b62f40f0f,U_5db7cd31a7,OUT,IN_AE,LEISURE,2024-10-26,2024-11-07,4,10315.0,True
TRIP_eeb9eda43a,U_5db7cd31a7,OUT,IN_LK,LEISURE,2025-08-27,2025-08-31,4,9302.0,True
TRIP_2ec6e4a4a0,U_ff4614f196,OUT,IN_SG,EVENT,2025-10-16,2025-10-24,2,22108.0,True
TRIP_4e43baf264,U_ff4614f196,OUT,OTHER_R2,LEISURE,2026-06-17,2026-06-23,2,20910.0,True
TRIP_4aa1a35ae5,U_8ee7fce5a3,OUT,IN_FR,VFR,2026-04-24,2026-04-28,3,7359.0,True
TRIP_4825ab05c0,U_8ee7fce5a3,OUT,IN_AE,LEISURE,2024-10-28,2024-11-06,3,3231.0,True
TRIP_8754ab1b51,U_8ee7fce5a3,OUT,IN_AE,LEISURE,2026-06-15,2026-06-22,3,34959.0,True
TRIP_af98cbeb03,U_e8ac3f2c1b,OUT,IN_AE,LEISURE,2024-08-15,2024-08-28,3,9462.0,True
TRIP_2fbafc0ff8,U_e8ac3f2c1b,OUT,IN_NP,MEDICAL,2024-09-30,2024-10-03,4,8275.0,True
TRIP_40f20082b1,U_3958d096d8,OUT,IN_AE,PILGRIMAGE,2025-09-08,2025-09-19,2,42719.0,True
TRIP_39571c981f,U_3958d096d8,OUT,OTHER_R2,BUSINESS,2024-09-16,2024-09-22,4,8661.0,True
TRIP_088301e13e,U_6fec6dde08,OUT,IN_FR,LEISURE,2025-01-29,2025-02-01,2,26244.0,True
TRIP_72b89888e8,U_6fec6dde08,OUT,IN_AE,MEDICAL,2025-09-01,2025-09-09,1,55601.0,True
TRIP_46c81aab5d,U_f76f69f275,OUT,OTHER_R2,EDUCATION,2025-04-30,2025-05-05,3,17584.0,True
TRIP_7a6660c9b9,U_f76f69f275,OUT,OTHER_R2,LEISURE,2025-09-29,2025-10-13,3,38322.0,False
TRIP_19b21124c8,U_f94bcc4dd1,OUT,IN_QA,LEISURE,2025-08-19,2025-08-24,3,11146.0,True
TRIP_b60991324e,U_f94bcc4dd1,OUT,IN_NP,EVENT,2024-12-19,2024-12-30,2,21817.0,True
TRIP_a713a5c2a5,U_8924babf36,OUT,IN_AE,LEISURE,2025-04-17,2025-04-24,3,9492.0,True
TRIP_bdadaaa39d,U_8924babf36,OUT,IN_AE,PILGRIMAGE,2025-03-01,2025-03-12,4,5044.0,False
TRIP_f707d9de87,U_49acd80dc7,OUT,IN_QA,EVENT,2025-04-23,2025-04-28,4,2182.0,True
TRIP_10d1e584a9,U_49acd80dc7,OUT,IN_NP,LEISURE,2024-09-08,2024-09-20,3,38712.0,True
TRIP_1f79f771d5,U_49acd80dc7,OUT,OTHER_R2,EDUCATION,2024-12-19,2024-12-21,4,23044.0,True
TRIP_2b0af63e7d,U_7674c37968,OUT,IN_BT,LEISURE,2025-08-08,2025-08-15,1,8296.0,True
TRIP_270d07c992,U_7674c37968,OUT,OTHER_R2,LEISURE,2026-02-15,2026-02-21,2,14321.0,True
TRIP_01b64134bf,U_af4b5b7324,OUT,IN_LK,VFR,2025-04-05,2025-04-16,3,7940.0,True
TRIP_9cca2538c6,U_af4b5b7324,OUT,OTHER_R2,EDUCATION,2025-07-14,2025-07-24,2,12045.0,True
TRIP_5b8e65ba02,U_c172fd0c30,OUT,IN_AE,PILGRIMAGE,2026-01-17,2026-01-29,3,27827.0,True
TRIP_228407f36d,U_e0f947f69d,OUT,IN_BT,LEISURE,2025-09-22,2025-09-24,4,6921.0,True
TRIP_002657dcfa,U_444891dc82,OUT,IN_AE,VFR,2026-02-20,2026-02-28,1,24496.0,True
TRIP_1dd7d7f604,U_7819cb0601,OUT,IN_BT,VFR,2025-03-29,2025-04-07,4,3812.0,True
TRIP_29a851f19c,U_f0cfc146d1,OUT,IN_MU,EVENT,2026-04-18,2026-05-02,3,5619.0,True
TRIP_80bf97bbc4,U_f0cfc146d1,OUT,IN_AE,BUSINESS,2024-09-01,2024-09-05,2,11168.0,True
TRIP_a1034d0cbb,U_98e055b812,OUT,IN_FR,EDUCATION,2026-06-28,2026-06-30,2,9890.0,True
TRIP_c18de48033,U_49b9b9b9b0,OUT,OTHER_R2,LEISURE,2025-02-03,2025-02-08,2,18282.0,True
TRIP_d084fe4780,U_49b9b9b9b0,OUT,IN_QA,LEISURE,2024-11-11,2024-11-13,3,19320.0,True
TRIP_38c3976ced,U_0f9ae87335,OUT,IN_BT,LEISURE,2024-10-11,2024-10-20,3,87883.0,True
TRIP_ab64c541ae,U_249b7ee90c,OUT,IN_AE,TRANSIT,2024-09-06,2024-09-16,4,9227.0,True
TRIP_45818ff398,U_249b7ee90c,OUT,IN_SG,EVENT,2025-03-19,2025-03-28,1,7602.0,True
TRIP_ff1c27451a,U_8172a2e017,OUT,OTHER_R2,LEISURE,2024-09-17,2024-09-24,3,13150.0,True
TRIP_eb56d76147,U_2cadfa6b1b,OUT,IN_SG,LEISURE,2025-06-11,2025-06-14,3,12297.0,True
TRIP_7f9e47362d,U_2cadfa6b1b,OUT,IN_MU,VFR,2026-01-23,2026-01-29,2,6541.0,True
TRIP_f646297188,U_2cadfa6b1b,OUT,IN_QA,EDUCATION,2025-05-01,2025-05-05,3,14748.0,True
TRIP_ae6eb8b55b,U_2cadfa6b1b,OUT,IN_AE,LEISURE,2025-07-29,2025-08-08,4,11498.0,True
TRIP_c29e704f0e,U_0bf77ba4aa,OUT,IN_FR,BUSINESS,2026-03-28,2026-04-05,1,7705.0,True
TRIP_1fa04fcfec,U_0bf77ba4aa,OUT,IN_QA,LEISURE,2026-03-29,2026-04-09,2,5336.0,True
TRIP_8c42bcbbae,U_43525af82f,OUT,IN_AE,MEDICAL,2025-08-16,2025-08-23,3,10824.0,True
TRIP_cc223b060a,U_43525af82f,OUT,OTHER_R2,LEISURE,2025-07-20,2025-07-28,1,22763.0,True
TRIP_644f50340e,U_ecd0d9ea58,OUT,IN_SG,BUSINESS,2026-05-26,2026-05-28,2,7790.0,True
TRIP_f02da50648,U_ecd0d9ea58,OUT,IN_QA,TRANSIT,2026-05-08,2026-05-16,4,15998.0,True
TRIP_fc9361a7d6,U_59fb2dde2e,OUT,IN_QA,VFR,2026-02-16,2026-02-19,4,20175.0,True
TRIP_8cf2b667e7,U_59fb2dde2e,OUT,IN_AE,LEISURE,2024-09-04,2024-09-15,2,9774.0,True
TRIP_c7f5f1cb70,U_dc8543ec8b,OUT,IN_NP,BUSINESS,2026-05-21,2026-05-23,4,14358.0,True
TRIP_780c2de86d,U_6d5c18da2e,OUT,IN_AE,PILGRIMAGE,2024-11-12,2024-11-16,4,6127.0,True
TRIP_33e741d803,U_6d5c18da2e,OUT,IN_QA,BUSINESS,2026-06-20,2026-06-28,3,4438.0,True
TRIP_25f68da596,U_bace6d0ead,OUT,IN_SG,BUSINESS,2025-04-28,2025-05-02,3,6425.0,True
TRIP_42311e547d,U_bace6d0ead,OUT,IN_AE,BUSINESS,2026-06-25,2026-06-27,2,39782.0,True
TRIP_8f32e0c405,U_bace6d0ead,OUT,IN_MU,VFR,2024-12-15,2024-12-19,1,64984.0,True
TRIP_58af2be3e1,U_bace6d0ead,OUT,IN_NP,LEISURE,2025-04-30,2025-05-03,3,33551.0,True
TRIP_2f95be3d70,U_4aa574deb6,OUT,IN_LK,PILGRIMAGE,2026-06-25,2026-07-05,1,19445.0,True
TRIP_7bbc34a2b2,U_4aa574deb6,OUT,IN_MU,LEISURE,2025-07-16,2025-07-25,2,31895.0,True
TRIP_648de8261f,U_be766593fc,OUT,IN_SG,LEISURE,2024-09-06,2024-09-10,3,8704.0,True
TRIP_eb8e6226a4,U_dcaeaaacf9,OUT,IN_SG,BUSINESS,2024-10-23,2024-11-02,3,11898.0,True
TRIP_3121668e6c,U_610a458c97,OUT,IN_AE,LEISURE,2025-10-17,2025-10-24,2,5574.0,True
TRIP_46e8e9885f,U_610a458c97,OUT,IN_NP,TRANSIT,2026-04-30,2026-05-14,2,5042.0,True
TRIP_e5b9105dcd,U_610a458c97,OUT,IN_AE,LEISURE,2025-12-12,2025-12-19,1,23205.0,False
TRIP_cb56c1d368,U_610a458c97,OUT,IN_AE,BUSINESS,2024-09-19,2024-09-29,1,122927.0,False
TRIP_57f26228ad,U_aecfdf28bd,OUT,IN_AE,EDUCATION,2026-01-19,2026-01-27,3,19276.0,True
TRIP_f66d04adda,U_aecfdf28bd,OUT,IN_MU,PILGRIMAGE,2025-05-25,2025-06-04,4,42651.0,True
TRIP_48773f563e,U_74341da6e2,OUT,OTHER_R2,VFR,2025-10-18,2025-10-23,3,7642.0,True
TRIP_84e2fc47e0,U_74341da6e2,OUT,IN_FR,VFR,2025-03-13,2025-03-26,2,28082.0,True
TRIP_824828b05e,U_b92a7f919b,OUT,IN_SG,LEISURE,2026-01-14,2026-01-26,1,16485.0,True
TRIP_c2d662dce8,U_b92a7f919b,OUT,OTHER_R2,VFR,2026-02-06,2026-02-16,3,9081.0,True
TRIP_448c00673d,U_de343f3cf8,OUT,IN_AE,EDUCATION,2025-06-04,2025-06-11,2,25380.0,True
TRIP_4a72273865,U_de343f3cf8,OUT,IN_AE,EDUCATION,2025-02-16,2025-02-24,3,11962.0,False
TRIP_ff918ce851,U_51b849ab6b,OUT,IN_SG,LEISURE,2025-09-23,2025-09-29,3,9582.0,True
TRIP_2019e919fd,U_51b849ab6b,OUT,IN_BT,BUSINESS,2026-02-15,2026-03-01,4,7809.0,True
TRIP_182d8f1e03,U_4956358ab4,OUT,OTHER_R2,LEISURE,2024-11-24,2024-12-01,1,24388.0,True
TRIP_2e813fe09c,U_4956358ab4,OUT,IN_QA,VFR,2024-12-29,2025-01-04,3,8794.0,True
TRIP_0f386ad7c2,U_4956358ab4,OUT,OTHER_R2,LEISURE,2025-03-10,2025-03-14,1,33620.0,False
TRIP_8e40bd281e,U_27c891f2db,OUT,OTHER_R2,LEISURE,2026-02-02,2026-02-08,1,5003.0,True
TRIP_ab3f5fcffa,U_72b75c3875,OUT,IN_KH,TRANSIT,2026-05-25,2026-06-02,4,13869.0,True
TRIP_4fa0b3c9e0,U_1f527325f0,OUT,IN_SG,BUSINESS,2024-11-12,2024-11-16,4,6396.0,True
TRIP_1d8143834e,U_1f527325f0,OUT,IN_AE,EVENT,2025-11-25,2025-12-09,4,17651.0,True
TRIP_8eb99c128a,U_15ecff375f,OUT,OTHER_R2,LEISURE,2025-05-18,2025-05-30,4,24353.0,True
TRIP_bb65ffdaef,U_15ecff375f,OUT,IN_QA,BUSINESS,2025-03-20,2025-03-30,4,7740.0,True
TRIP_e0e9dcdc67,U_df72488c44,OUT,IN_AE,TRANSIT,2025-11-23,2025-11-25,3,21495.0,True
TRIP_e2e6db0f8b,U_df72488c44,OUT,IN_AE,VFR,2026-03-29,2026-04-11,2,28835.0,False
TRIP_7c3c285d28,U_bd4cfb9b34,OUT,IN_SG,VFR,2025-09-27,2025-10-08,1,29183.0,True
TRIP_985e11fd4e,U_bd4cfb9b34,OUT,IN_QA,LEISURE,2026-06-28,2026-07-11,4,44415.0,True
TRIP_8fb826eb56,U_45d3c63fda,OUT,IN_AE,MEDICAL,2025-06-26,2025-06-29,3,30294.0,True
TRIP_7a6629d093,U_e6b0eaaee5,OUT,IN_MU,VFR,2025-01-02,2025-01-16,3,38184.0,True
TRIP_0721e65c8a,U_a15a3e173f,OUT,IN_AE,VFR,2026-06-28,2026-06-30,1,8022.0,True
TRIP_6d73528833,U_a15a3e173f,OUT,IN_AE,PILGRIMAGE,2026-03-17,2026-03-20,2,4187.0,True
TRIP_859aafba68,U_a783708d6d,OUT,IN_SG,LEISURE,2025-03-19,2025-03-27,1,29630.0,True
TRIP_07351bce2f,U_a783708d6d,OUT,IN_NP,EDUCATION,2025-08-31,2025-09-05,2,15888.0,True
TRIP_bf6f38fb98,U_403e77f4be,OUT,OTHER_R2,LEISURE,2025-01-19,2025-01-24,3,4177.0,True
TRIP_5c2d157c83,U_38bd2fa35c,OUT,IN_KH,TRANSIT,2026-03-01,2026-03-07,1,50546.0,True
TRIP_c3cdb0615e,U_e280d9df59,OUT,IN_LK,BUSINESS,2026-05-13,2026-05-15,1,46408.0,True
TRIP_d21c847cb6,U_8982b2a75f,OUT,IN_BT,EVENT,2024-11-24,2024-12-05,2,34842.0,True
TRIP_f00fd8655c,U_8982b2a75f,OUT,IN_AE,BUSINESS,2026-06-20,2026-06-22,3,7839.0,True
TRIP_1b3b00e4f1,U_8982b2a75f,OUT,IN_AE,LEISURE,2025-03-24,2025-03-29,1,20987.0,True
TRIP_207a60e904,U_1972a64788,OUT,IN_AE,MEDICAL,2026-01-04,2026-01-09,2,5541.0,True
TRIP_489d54c2cd,U_1972a64788,OUT,OTHER_R2,EDUCATION,2024-10-08,2024-10-22,4,9617.0,True
TRIP_a519a3c7aa,U_4262003f70,OUT,IN_LK,VFR,2026-03-16,2026-03-21,4,12946.0,True
TRIP_392e849761,U_658a7c610b,OUT,IN_NP,LEISURE,2025-05-20,2025-06-03,3,10216.0,True
TRIP_2d25793afb,U_f54af6704f,OUT,IN_BT,EDUCATION,2025-10-15,2025-10-29,4,7768.0,True
TRIP_3e46bd0fd4,U_f54af6704f,OUT,IN_BT,EDUCATION,2026-02-19,2026-02-24,1,22433.0,True
TRIP_e2d54bf35c,U_933a399c05,OUT,IN_AE,LEISURE,2025-04-14,2025-04-23,1,17515.0,True
TRIP_7131a6c5fe,U_9c6b496eeb,OUT,IN_AE,VFR,2025-08-24,2025-09-02,4,13606.0,True
TRIP_3e8b761d42,U_23cda531ba,OUT,IN_LK,LEISURE,2025-07-29,2025-07-31,2,10959.0,True
TRIP_c35ce10bb9,U_23cda531ba,OUT,IN_SG,LEISURE,2025-02-19,2025-02-22,3,6748.0,True
TRIP_435cf469bf,U_90c0314c25,OUT,IN_AE,VFR,2025-04-15,2025-04-21,3,8897.0,True
TRIP_50ad4fddf3,U_90c0314c25,OUT,IN_SG,VFR,2025-12-09,2025-12-14,1,2533.0,True
TRIP_5aa131044d,U_90c0314c25,OUT,IN_AE,VFR,2025-02-20,2025-03-05,4,13045.0,True
TRIP_90a6d939c8,U_b46873f139,OUT,IN_BT,PILGRIMAGE,2024-09-08,2024-09-22,4,19493.0,True
TRIP_2fb19fc8a2,U_b46873f139,OUT,IN_AE,VFR,2024-11-21,2024-11-26,2,58554.0,True
TRIP_c8b848e72b,U_58bec1fbfc,OUT,OTHER_R2,VFR,2025-01-02,2025-01-10,4,17606.0,True
TRIP_75caf4bb54,U_58bec1fbfc,OUT,IN_AE,LEISURE,2026-01-10,2026-01-17,1,11152.0,True
TRIP_dc2d67d6ff,U_9a7f957731,OUT,IN_LK,MEDICAL,2025-02-25,2025-03-07,2,19919.0,True
TRIP_b3140fc69c,U_9a7f957731,OUT,OTHER_R2,BUSINESS,2025-06-11,2025-06-15,1,31658.0,True
TRIP_de3b91dcb0,U_b25eae054d,OUT,IN_AE,LEISURE,2025-08-06,2025-08-15,4,19687.0,True
TRIP_7d6507116d,U_b25eae054d,OUT,OTHER_R2,EDUCATION,2025-01-28,2025-02-09,2,23575.0,True
TRIP_5f7c0b5a6f,U_5454d78e3b,OUT,IN_AE,LEISURE,2025-05-19,2025-05-23,4,4374.0,True
TRIP_d4d4d77a8b,U_f20ef773c6,OUT,IN_BT,EDUCATION,2025-08-18,2025-08-23,1,7550.0,True
TRIP_8cdaf95e4f,U_f20ef773c6,OUT,IN_AE,LEISURE,2025-01-29,2025-02-07,2,12587.0,True
TRIP_46ab6594f2,U_f20ef773c6,OUT,IN_SG,LEISURE,2025-09-20,2025-09-28,2,18702.0,True
TRIP_2ce8de29c5,U_e5aca03335,OUT,IN_NP,VFR,2025-04-14,2025-04-21,2,16877.0,True
TRIP_e99b08cdc6,U_e5aca03335,OUT,IN_AE,LEISURE,2025-02-22,2025-03-02,1,37213.0,True
TRIP_1cd34c056f,U_e5aca03335,OUT,OTHER_R2,VFR,2025-11-08,2025-11-13,1,13695.0,True
TRIP_27f3684638,U_be4d41c343,OUT,IN_NP,LEISURE,2025-11-06,2025-11-19,1,6173.0,True
TRIP_82dcd455b5,U_be4d41c343,OUT,OTHER_R2,PILGRIMAGE,2024-09-22,2024-09-24,4,4349.0,True
TRIP_a4daa37d17,U_be4d41c343,OUT,IN_QA,LEISURE,2026-01-20,2026-01-28,2,23922.0,True
TRIP_9cf18b27a8,U_be4d41c343,OUT,IN_LK,BUSINESS,2026-05-27,2026-06-04,4,8304.0,True
TRIP_2ef8d6726b,U_be4d41c343,OUT,IN_AE,PILGRIMAGE,2025-08-08,2025-08-16,4,4165.0,True
TRIP_10be53b1f5,U_044d96a85b,OUT,IN_SG,BUSINESS,2024-12-12,2024-12-15,1,16902.0,True
TRIP_d97fc79e4f,U_044d96a85b,OUT,IN_SG,BUSINESS,2026-03-26,2026-04-05,1,33169.0,False
TRIP_b0998bcd01,U_044d96a85b,OUT,IN_AE,LEISURE,2025-06-28,2025-07-10,2,15001.0,True
TRIP_879029003d,U_044d96a85b,OUT,IN_QA,LEISURE,2026-07-09,2026-07-14,3,12687.0,True
TRIP_e5b8380a36,U_4bb65a2aa3,OUT,IN_AE,TRANSIT,2025-06-23,2025-07-07,2,41545.0,True
TRIP_3fef399e4b,U_7f50edc498,OUT,OTHER_R2,BUSINESS,2025-04-07,2025-04-13,2,2146.0,True
TRIP_f0526a061a,U_0aa4d95010,OUT,IN_AE,BUSINESS,2024-11-04,2024-11-17,2,44068.0,True
TRIP_1921d60d4c,U_1defe2bfb3,OUT,IN_MU,EVENT,2026-02-08,2026-02-20,1,21927.0,True
TRIP_c8c4100bf5,U_e3e02fc82d,OUT,OTHER_R2,LEISURE,2025-08-18,2025-09-01,4,23314.0,True
TRIP_87e2086c0a,U_e3e02fc82d,OUT,OTHER_R2,VFR,2025-12-08,2025-12-20,4,31938.0,False
TRIP_f30d23e9a0,U_e930e7ad20,OUT,IN_FR,LEISURE,2025-08-01,2025-08-12,1,4605.0,True
TRIP_a527733754,U_0231f6fec8,OUT,IN_AE,LEISURE,2026-04-14,2026-04-25,3,18188.0,True
TRIP_82f969cff9,U_0125a64d77,OUT,IN_NP,MEDICAL,2025-05-21,2025-05-31,2,52540.0,True
TRIP_ebecee931b,U_0125a64d77,OUT,IN_QA,EDUCATION,2026-05-14,2026-05-19,4,14564.0,True
TRIP_753dca177b,U_0125a64d77,OUT,IN_NP,TRANSIT,2025-04-26,2025-04-29,2,7994.0,False
TRIP_52f6040e15,U_2d2e139f57,OUT,IN_AE,VFR,2026-02-16,2026-03-02,4,6250.0,True
TRIP_730d6cdb3f,U_b3961197b8,OUT,IN_NP,BUSINESS,2025-03-08,2025-03-19,4,3503.0,True
TRIP_beb01f000a,U_b9bf0c2dbf,OUT,IN_BT,LEISURE,2026-04-08,2026-04-13,1,9439.0,True
TRIP_bbc9665162,U_822320fcf6,OUT,IN_AE,LEISURE,2025-10-01,2025-10-12,3,9716.0,True
TRIP_04fd002873,U_fbef7c027b,OUT,IN_AE,LEISURE,2024-08-24,2024-09-04,3,23499.0,True
TRIP_3876a2780c,U_fbef7c027b,OUT,IN_AE,TRANSIT,2025-07-25,2025-07-27,2,22076.0,True
TRIP_d61fece488,U_1f89894be8,OUT,IN_NP,BUSINESS,2026-04-23,2026-04-27,2,70563.0,True
TRIP_97b3bf7177,U_1f89894be8,OUT,IN_AE,BUSINESS,2025-05-17,2025-05-24,4,25434.0,True
TRIP_e1a068c754,U_1f89894be8,OUT,OTHER_R2,LEISURE,2025-03-10,2025-03-14,1,15993.0,True
TRIP_c2795ad74d,U_469ce25b7a,OUT,IN_MU,EDUCATION,2024-09-02,2024-09-13,2,13090.0,True
TRIP_2afa699ad6,U_0126332ef6,OUT,IN_AE,TRANSIT,2024-08-21,2024-08-31,3,4231.0,True
TRIP_062727ce4d,U_0126332ef6,OUT,IN_AE,LEISURE,2025-01-10,2025-01-21,1,6866.0,True
TRIP_05ec509d99,U_c9a500e119,OUT,IN_BT,LEISURE,2025-12-24,2026-01-03,4,15300.0,True
TRIP_6a72834341,U_c9a500e119,OUT,IN_BT,MEDICAL,2025-12-23,2025-12-25,2,39216.0,False
TRIP_81c58e8e2c,U_0c157b2ea5,OUT,IN_SG,EDUCATION,2024-09-23,2024-09-28,1,13106.0,True
TRIP_c37f6d77e8,U_0c157b2ea5,OUT,IN_AE,MEDICAL,2025-01-31,2025-02-09,3,25479.0,True
TRIP_11ee018357,U_0c157b2ea5,OUT,IN_FR,EDUCATION,2026-04-09,2026-04-19,1,22667.0,True
TRIP_4079973f7a,U_2f5a881400,OUT,OTHER_R2,LEISURE,2026-03-10,2026-03-14,3,26452.0,True
TRIP_7ebabedec3,U_64ee2ca020,OUT,IN_SG,PILGRIMAGE,2026-07-08,2026-07-19,3,16611.0,True
TRIP_246adc22c8,U_64ee2ca020,OUT,IN_BT,LEISURE,2026-03-26,2026-03-31,1,22066.0,True
TRIP_5653f08388,U_422a963647,OUT,IN_QA,VFR,2026-06-01,2026-06-10,3,10998.0,True
TRIP_89c5ce3614,U_1792d95545,OUT,IN_SG,EDUCATION,2025-04-13,2025-04-21,4,7213.0,True
TRIP_04c9ab5039,U_a8d2e243d3,OUT,OTHER_R2,PILGRIMAGE,2025-03-06,2025-03-17,4,16922.0,True
TRIP_1bd12deb06,U_03438d0285,OUT,IN_AE,LEISURE,2024-11-24,2024-11-29,1,7086.0,True
TRIP_07655f50dd,U_389f3a9020,OUT,IN_SG,PILGRIMAGE,2026-01-30,2026-02-05,4,6030.0,True
TRIP_6e35ecf929,U_ac3a14c9ae,OUT,IN_SG,TRANSIT,2025-04-23,2025-05-01,2,10278.0,True
TRIP_92daf5711b,U_ac3a14c9ae,OUT,IN_LK,BUSINESS,2025-04-28,2025-05-01,2,7700.0,True
TRIP_6ae4d1256e,U_ac3a14c9ae,OUT,IN_AE,LEISURE,2024-09-18,2024-09-20,3,75708.0,True
TRIP_81097da15f,U_aeb9d506b7,OUT,IN_AE,BUSINESS,2025-09-30,2025-10-03,4,7807.0,True
TRIP_07a1cd5c93,U_aeb9d506b7,OUT,IN_AE,LEISURE,2026-06-21,2026-06-27,4,12648.0,False
TRIP_1bf1e58c75,U_e21875842b,OUT,IN_AE,LEISURE,2025-02-02,2025-02-13,3,18202.0,True
TRIP_815a5c6356,U_e21875842b,OUT,IN_NP,LEISURE,2025-05-31,2025-06-13,1,3788.0,True
TRIP_873b4df466,U_f60731d5a6,OUT,IN_FR,VFR,2026-05-05,2026-05-08,3,82910.0,True
TRIP_dd6748ea73,U_f60731d5a6,OUT,IN_QA,EDUCATION,2025-10-21,2025-11-02,2,19633.0,True
TRIP_979ab98c6e,U_b1d8dd185a,OUT,IN_MU,LEISURE,2026-03-29,2026-04-11,3,17591.0,True
TRIP_7c3b4f17c5,U_fa917b8953,OUT,IN_BT,EDUCATION,2026-06-11,2026-06-14,2,12455.0,True
TRIP_24ce723e25,U_fa917b8953,OUT,IN_AE,EDUCATION,2026-02-09,2026-02-11,3,6419.0,True
TRIP_b2adebff7c,U_ea08d581b1,OUT,IN_MU,LEISURE,2026-05-03,2026-05-16,2,4468.0,True
TRIP_c661c2f80a,U_ea08d581b1,OUT,IN_BT,EVENT,2025-02-11,2025-02-22,4,19510.0,True
TRIP_bd76672fc5,U_ea08d581b1,OUT,OTHER_R2,EDUCATION,2025-02-20,2025-02-25,4,19733.0,True
TRIP_20e4c2fb37,U_92cd839504,OUT,IN_AE,BUSINESS,2026-05-04,2026-05-07,4,22611.0,True
TRIP_9263375abc,U_b161dd7004,OUT,IN_AE,LEISURE,2024-08-13,2024-08-24,1,26088.0,True
TRIP_a7c9f40572,U_3ce8e6f1f9,OUT,IN_KH,LEISURE,2024-12-18,2024-12-22,3,12031.0,True
TRIP_03eb88303b,U_3ce8e6f1f9,OUT,IN_LK,LEISURE,2024-12-09,2024-12-20,2,50329.0,True
TRIP_a4a1f3d7f9,U_3ce8e6f1f9,OUT,OTHER_R2,EVENT,2026-02-01,2026-02-06,4,9035.0,True
TRIP_3c8377f075,U_3ce8e6f1f9,OUT,IN_SG,LEISURE,2024-11-02,2024-11-13,3,12251.0,True
TRIP_421208d26c,U_3ce8e6f1f9,OUT,IN_NP,LEISURE,2025-06-11,2025-06-16,3,5536.0,True
TRIP_6f1c67b276,U_0749c9b75f,OUT,IN_AE,VFR,2025-11-25,2025-12-02,1,5946.0,True
TRIP_f3cc40e16f,U_49f2abd25f,OUT,IN_NP,EDUCATION,2025-09-08,2025-09-20,3,3094.0,True
TRIP_279558c349,U_1871276867,OUT,IN_BT,LEISURE,2024-12-10,2024-12-24,3,5645.0,True
TRIP_adc6e9d76c,U_91d96e89f1,OUT,IN_AE,LEISURE,2025-09-07,2025-09-12,4,24108.0,True
TRIP_af3ccf43c3,U_91d96e89f1,OUT,IN_QA,TRANSIT,2026-05-14,2026-05-26,4,7544.0,True
TRIP_d1da031a0d,U_91d96e89f1,OUT,IN_SG,VFR,2025-12-29,2026-01-08,3,12085.0,True
TRIP_9aedd7a561,U_91d96e89f1,OUT,OTHER_R2,LEISURE,2025-10-15,2025-10-27,4,12168.0,True
TRIP_c6dc1daf8d,U_1097be5423,OUT,IN_AE,BUSINESS,2026-04-17,2026-04-20,2,14505.0,True
TRIP_f333f7913c,U_81e624d5e0,OUT,IN_SG,VFR,2025-10-13,2025-10-18,3,14973.0,True
TRIP_06a64e9479,U_05b61523e6,OUT,IN_AE,TRANSIT,2025-03-08,2025-03-20,3,13913.0,True
TRIP_d59493bf0c,U_05b61523e6,OUT,IN_LK,EVENT,2025-11-13,2025-11-23,1,3537.0,True
TRIP_c1591691be,U_05b61523e6,OUT,IN_AE,EDUCATION,2025-06-24,2025-06-26,3,4297.0,True
TRIP_097f642036,U_05b61523e6,OUT,IN_NP,LEISURE,2026-03-25,2026-04-04,2,6259.0,True
TRIP_f722176b08,U_b4a4636d9f,OUT,OTHER_R2,LEISURE,2025-03-20,2025-03-30,2,27561.0,True
TRIP_691cbec9c9,U_b4a4636d9f,OUT,IN_SG,LEISURE,2025-08-01,2025-08-11,3,11833.0,True
TRIP_a9708f4f61,U_b4a4636d9f,OUT,IN_AE,EDUCATION,2025-06-11,2025-06-15,4,8580.0,True
TRIP_707903c53a,U_b4a4636d9f,OUT,IN_AE,MEDICAL,2026-02-15,2026-02-21,1,14673.0,False
TRIP_8d20a507c9,U_b4a4636d9f,OUT,IN_QA,BUSINESS,2025-08-29,2025-09-01,1,6342.0,True
TRIP_2932c58f9f,U_b4a4636d9f,OUT,IN_AE,EDUCATION,2026-05-14,2026-05-28,4,10516.0,False
TRIP_04f4d08372,U_2ab1268da3,OUT,IN_NP,VFR,2026-04-03,2026-04-15,2,7141.0,True
TRIP_47f50e2a04,U_d09c91e9b5,OUT,IN_SG,LEISURE,2025-04-16,2025-04-25,1,9620.0,True
TRIP_0fa46bc9a8,U_a07b833636,OUT,IN_SG,VFR,2025-04-06,2025-04-11,3,5542.0,True
TRIP_8c262f3fff,U_a07b833636,OUT,IN_MU,TRANSIT,2024-12-14,2024-12-19,2,24583.0,True
TRIP_1308af6003,U_a07b833636,OUT,IN_FR,PILGRIMAGE,2026-07-08,2026-07-19,3,27096.0,True
TRIP_4935e0e909,U_43e55815b4,OUT,IN_AE,LEISURE,2025-08-15,2025-08-22,3,11749.0,True
TRIP_1de6fcc8a8,U_43e55815b4,OUT,IN_SG,LEISURE,2024-10-06,2024-10-18,1,6743.0,True
TRIP_787e1cacf0,U_43e55815b4,OUT,IN_QA,VFR,2025-05-04,2025-05-08,1,7690.0,True
TRIP_4f734c649a,U_7a9a5558ff,OUT,OTHER_R2,TRANSIT,2026-02-18,2026-02-23,2,17715.0,True
TRIP_a8e88fc3c5,U_7a9a5558ff,OUT,IN_LK,LEISURE,2024-08-12,2024-08-18,3,37123.0,True
TRIP_9ef9aa455c,U_7a9a5558ff,OUT,IN_SG,LEISURE,2026-01-15,2026-01-17,3,17438.0,True
TRIP_1a072ce023,U_7a9a5558ff,OUT,IN_QA,PILGRIMAGE,2025-09-19,2025-09-27,3,7360.0,True
TRIP_55e97470a7,U_4a02a5eeb4,OUT,IN_SG,VFR,2025-12-29,2026-01-02,4,58723.0,True
TRIP_ba27624b47,U_4a02a5eeb4,OUT,IN_NP,LEISURE,2026-03-08,2026-03-14,3,81966.0,True
TRIP_2dd2daea3f,U_4a02a5eeb4,OUT,IN_SG,EVENT,2024-11-12,2024-11-19,1,24055.0,False
TRIP_9c7b76ac68,U_76d0ef2d5b,OUT,IN_NP,LEISURE,2025-12-03,2025-12-11,1,22376.0,True
TRIP_1c1930b4d6,U_76d0ef2d5b,OUT,IN_KH,LEISURE,2026-05-28,2026-05-31,3,15956.0,True
TRIP_16e2313d84,U_52c2934331,OUT,IN_BT,LEISURE,2026-05-03,2026-05-16,1,27155.0,True
TRIP_b606c88165,U_122227d187,OUT,IN_NP,EDUCATION,2025-02-13,2025-02-22,4,10766.0,True
TRIP_1a8dc98943,U_2739d327c9,OUT,IN_NP,LEISURE,2025-08-28,2025-08-31,1,27939.0,True
TRIP_7af50a86a5,U_f88c6586de,OUT,IN_QA,VFR,2024-09-20,2024-09-27,3,4662.0,True
TRIP_cff3eb979e,U_f88c6586de,OUT,IN_SG,LEISURE,2025-07-28,2025-08-01,1,8176.0,True
TRIP_d47531ce59,U_f88c6586de,OUT,IN_SG,BUSINESS,2025-03-18,2025-03-22,2,3631.0,True
TRIP_92ba59093b,U_2b86fa4194,OUT,IN_AE,LEISURE,2024-12-05,2024-12-10,2,2576.0,True
TRIP_815a44d544,U_2b86fa4194,OUT,IN_SG,EVENT,2026-06-10,2026-06-16,3,22197.0,True
TRIP_abb18a0689,U_3dc47714f1,OUT,IN_SG,LEISURE,2026-01-26,2026-02-01,3,25144.0,True
TRIP_4ec555d9f7,U_3dc47714f1,OUT,OTHER_R2,LEISURE,2026-01-18,2026-01-20,4,41438.0,True
TRIP_01cb2254e6,U_3dc47714f1,OUT,OTHER_R2,LEISURE,2024-09-27,2024-10-10,1,14772.0,True
TRIP_19337c2109,U_fa2cf3d7a9,OUT,IN_SG,MEDICAL,2026-03-29,2026-04-10,3,9213.0,True
TRIP_592eb269cd,U_4c61e45f0a,OUT,OTHER_R2,LEISURE,2026-03-22,2026-03-28,4,21906.0,True
TRIP_7e5738c0a5,U_29fa0edd2e,OUT,IN_QA,LEISURE,2026-06-18,2026-07-02,2,14700.0,True
TRIP_7ec3323410,U_29fa0edd2e,OUT,OTHER_R2,VFR,2025-11-12,2025-11-15,3,10730.0,True
TRIP_ab5a6d0551,U_c5cc0f7643,OUT,OTHER_R2,LEISURE,2025-11-30,2025-12-09,3,24072.0,True
TRIP_735d64cb0c,U_c5cc0f7643,OUT,OTHER_R2,LEISURE,2025-03-16,2025-03-26,1,4594.0,True
TRIP_5c38e123fa,U_194c29c158,OUT,OTHER_R2,LEISURE,2026-02-08,2026-02-13,2,30409.0,True
TRIP_dbfe78e08d,U_64e7f66903,OUT,OTHER_R2,BUSINESS,2025-10-09,2025-10-16,1,8038.0,True
TRIP_144fe03b2b,U_9918f47111,OUT,IN_AE,MEDICAL,2026-02-07,2026-02-14,1,16521.0,True
TRIP_51e9c986d6,U_755ea809c7,OUT,IN_AE,LEISURE,2026-07-06,2026-07-20,2,44709.0,True
TRIP_87bd6d2ca5,U_b696188449,OUT,IN_AE,PILGRIMAGE,2025-12-11,2025-12-14,2,19410.0,True
TRIP_6d898e2b99,U_0d7c63170c,OUT,IN_AE,VFR,2025-10-16,2025-10-21,1,7484.0,True
TRIP_ac8dbbb0eb,U_0d7c63170c,OUT,IN_BT,VFR,2026-06-05,2026-06-12,3,42588.0,True
TRIP_8e5f04fffc,U_033a0088a5,OUT,IN_KH,LEISURE,2025-06-09,2025-06-22,4,3076.0,True
TRIP_c19a247644,U_f7e7753140,OUT,IN_QA,EDUCATION,2026-01-15,2026-01-23,2,14056.0,True
TRIP_121574bb0f,U_26a93fda92,OUT,IN_NP,LEISURE,2025-10-02,2025-10-04,4,15440.0,True
TRIP_c4c68134fc,U_26a93fda92,OUT,OTHER_R2,EDUCATION,2026-01-20,2026-01-26,3,8628.0,True
TRIP_8a2ad5edb8,U_0ec1e2b558,OUT,IN_KH,PILGRIMAGE,2025-03-03,2025-03-17,1,18595.0,True
TRIP_79195c35bc,U_c78e1f854b,OUT,IN_SG,BUSINESS,2026-06-06,2026-06-17,1,15200.0,True
TRIP_37b05353c6,U_79df49e7dc,OUT,IN_AE,PILGRIMAGE,2024-11-13,2024-11-19,3,4506.0,True
TRIP_b04c8b4264,U_6fa303a5bf,OUT,IN_SG,LEISURE,2025-02-09,2025-02-20,3,6796.0,True
TRIP_4e80f01bc9,U_6fa303a5bf,OUT,IN_AE,LEISURE,2025-07-07,2025-07-13,3,9580.0,True
TRIP_39f4e57cd2,U_6fa303a5bf,OUT,IN_QA,BUSINESS,2026-05-07,2026-05-11,3,10878.0,True
TRIP_f66f5b2c97,U_6fa303a5bf,OUT,IN_AE,LEISURE,2025-12-27,2026-01-08,2,4433.0,False
TRIP_d3ee1deca5,U_07b66aba5d,OUT,IN_MU,PILGRIMAGE,2025-10-04,2025-10-08,2,5065.0,True
TRIP_e55a4c0d2b,U_07b66aba5d,OUT,IN_AE,EDUCATION,2025-12-07,2025-12-18,2,17025.0,True
TRIP_d46392d6cb,U_793e789eea,OUT,IN_AE,LEISURE,2025-05-01,2025-05-10,3,7656.0,True
TRIP_ef10825b17,U_5e89be1b21,OUT,IN_SG,VFR,2025-12-24,2025-12-26,3,12518.0,True
TRIP_f93bf8133c,U_5e89be1b21,OUT,IN_LK,LEISURE,2025-03-26,2025-03-31,2,15768.0,True
TRIP_44b2f447eb,U_eabe88ebfa,OUT,OTHER_R2,LEISURE,2025-12-12,2025-12-20,3,26214.0,True
TRIP_3e42fbbf20,U_c57d857133,OUT,IN_LK,PILGRIMAGE,2026-07-01,2026-07-08,1,8045.0,True
TRIP_03ca76c8d2,U_a64ddd2dab,OUT,IN_KH,LEISURE,2024-10-16,2024-10-30,1,23319.0,True
TRIP_582ea9353f,U_730735da94,OUT,IN_SG,VFR,2025-08-31,2025-09-03,2,6907.0,True
TRIP_1d2ce2acca,U_730735da94,OUT,IN_BT,LEISURE,2024-09-16,2024-09-21,1,66056.0,True
TRIP_6159b87b06,U_730735da94,OUT,OTHER_R2,LEISURE,2026-03-02,2026-03-16,3,5340.0,True
TRIP_e761e73c02,U_4a96dd95ed,OUT,IN_AE,MEDICAL,2025-10-23,2025-11-06,3,14099.0,True
TRIP_8961761995,U_b786186cf3,OUT,OTHER_R2,LEISURE,2026-02-20,2026-02-23,3,15139.0,True
TRIP_b8825fe23b,U_0497f19ed9,OUT,IN_FR,EVENT,2026-02-17,2026-02-27,3,18180.0,True
TRIP_30067f8145,U_844e40b6db,OUT,IN_SG,MEDICAL,2026-05-19,2026-05-29,4,10621.0,True
TRIP_8a30cb22b2,U_844e40b6db,OUT,IN_NP,EDUCATION,2025-03-10,2025-03-16,3,10405.0,True
TRIP_f15ba65b5b,U_844e40b6db,OUT,IN_AE,EDUCATION,2024-11-06,2024-11-12,2,41804.0,True
TRIP_388dc21e1b,U_18803c0fa7,OUT,IN_AE,LEISURE,2026-04-07,2026-04-15,3,6608.0,True
TRIP_1fb8638600,U_1a8622f6cd,OUT,IN_KH,LEISURE,2025-07-27,2025-07-31,2,6630.0,True
TRIP_cb43b267da,U_1a8622f6cd,OUT,IN_MU,VFR,2025-07-17,2025-07-27,3,7668.0,True
TRIP_375b2a8864,U_1a8622f6cd,OUT,OTHER_R2,LEISURE,2025-12-26,2026-01-02,1,3607.0,True
TRIP_d90e886a9d,U_b93ef73d6c,OUT,IN_BT,LEISURE,2025-08-21,2025-08-27,2,17673.0,True
TRIP_4f4f1bacc6,U_2da3294a13,OUT,IN_AE,LEISURE,2025-01-06,2025-01-08,1,12981.0,True
TRIP_9642ddbe9d,U_da46c371c2,OUT,IN_QA,EDUCATION,2025-04-19,2025-04-22,2,30115.0,True
TRIP_b27a8a6dab,U_da46c371c2,OUT,IN_NP,EDUCATION,2024-11-04,2024-11-09,4,12125.0,True
TRIP_1dbfb79da9,U_1c087e3b99,OUT,IN_AE,EDUCATION,2025-03-10,2025-03-15,4,29405.0,True
TRIP_847f5cac09,U_e435cfdb8c,OUT,IN_FR,LEISURE,2025-02-26,2025-03-12,4,1569.0,True
TRIP_7270f87988,U_e435cfdb8c,OUT,IN_BT,EDUCATION,2025-09-25,2025-09-27,4,11752.0,True
TRIP_8052b6c0b6,U_36e81c775b,OUT,IN_AE,PILGRIMAGE,2024-12-17,2024-12-19,1,4258.0,True
TRIP_1587822732,U_61f8cf8965,OUT,IN_AE,MEDICAL,2025-02-06,2025-02-08,1,10960.0,True
TRIP_dcc87e51e1,U_61f8cf8965,OUT,IN_AE,MEDICAL,2025-03-08,2025-03-17,3,5123.0,True
TRIP_6c8f0873eb,U_ead553ef66,OUT,IN_SG,TRANSIT,2025-11-04,2025-11-16,2,22863.0,True
TRIP_b028dee2ad,U_42deda465e,OUT,IN_LK,LEISURE,2024-11-15,2024-11-21,2,51372.0,True
TRIP_79626e69f0,U_1ab40d7027,OUT,IN_AE,LEISURE,2025-10-11,2025-10-16,4,13311.0,True
TRIP_12b7420072,U_5eb9d37eaf,OUT,OTHER_R2,EVENT,2026-03-10,2026-03-18,4,10138.0,True
TRIP_287cf39b86,U_0a387663ed,OUT,IN_SG,TRANSIT,2026-02-14,2026-02-26,3,23102.0,True
TRIP_707cef5429,U_31074aa221,OUT,OTHER_R2,LEISURE,2025-11-29,2025-12-08,3,21406.0,True
TRIP_7d7aa385d0,U_d97540e820,OUT,IN_AE,MEDICAL,2026-05-08,2026-05-14,4,18927.0,True
TRIP_537367f422,U_55dbdef6da,OUT,IN_SG,BUSINESS,2026-06-04,2026-06-10,4,39001.0,True
TRIP_81751a9845,U_55dbdef6da,OUT,IN_SG,LEISURE,2025-11-02,2025-11-12,2,14109.0,False
TRIP_0e2151514e,U_4ef6f8ec9e,OUT,IN_KH,VFR,2025-01-12,2025-01-15,3,6975.0,True
TRIP_e2ac28be03,U_4ef6f8ec9e,OUT,IN_BT,PILGRIMAGE,2024-12-24,2025-01-05,4,29698.0,True
TRIP_7107d70d01,U_aad0806573,OUT,IN_NP,EDUCATION,2026-04-03,2026-04-06,1,14862.0,True
TRIP_0282cf4ae9,U_7b9e9a8570,OUT,OTHER_R2,EDUCATION,2026-06-10,2026-06-18,3,4782.0,True
TRIP_30737d30e6,U_7b9e9a8570,OUT,IN_AE,BUSINESS,2025-05-20,2025-06-03,3,15290.0,True
TRIP_20d06fe138,U_7b9e9a8570,OUT,IN_QA,EDUCATION,2026-02-13,2026-02-24,2,5799.0,True
TRIP_cd60c522b4,U_7e2ce93833,OUT,IN_AE,PILGRIMAGE,2025-11-03,2025-11-13,4,6692.0,True
TRIP_a5bb06663b,U_7e2ce93833,OUT,IN_AE,PILGRIMAGE,2025-09-22,2025-10-04,4,12451.0,False
TRIP_161137f303,U_7e2ce93833,OUT,IN_LK,LEISURE,2026-06-10,2026-06-16,4,27095.0,True
TRIP_0eea70a9c4,U_1919f066cd,OUT,IN_AE,PILGRIMAGE,2026-07-09,2026-07-14,4,39035.0,True
TRIP_e0aa4f88f3,U_1919f066cd,OUT,OTHER_R2,VFR,2025-04-27,2025-05-11,3,18092.0,True
TRIP_1f39ef62f2,U_1919f066cd,OUT,IN_SG,LEISURE,2026-05-22,2026-05-27,3,4576.0,True
TRIP_9f0f0d49e3,U_dfdb65fc28,OUT,IN_NP,EVENT,2024-12-19,2024-12-22,4,3661.0,True
TRIP_f74fc0c281,U_dfdb65fc28,OUT,IN_LK,VFR,2025-10-30,2025-11-06,4,24588.0,True
TRIP_ce29a57dd8,U_b4b4502b32,OUT,IN_AE,LEISURE,2026-05-10,2026-05-21,2,18473.0,True
TRIP_0d1a25dd0d,U_b4b4502b32,OUT,IN_AE,EVENT,2025-10-09,2025-10-16,3,6911.0,False
TRIP_1374e87a3d,U_b4b4502b32,OUT,IN_AE,LEISURE,2025-09-10,2025-09-22,2,6555.0,False
TRIP_0af4e9a66c,U_b4b4502b32,OUT,IN_AE,VFR,2026-04-10,2026-04-14,3,18720.0,False
TRIP_8139424b08,U_8cf9a6068a,OUT,IN_SG,EDUCATION,2026-03-27,2026-04-08,4,8860.0,True
TRIP_8c452def64,U_8cf9a6068a,OUT,IN_FR,VFR,2024-12-17,2024-12-30,1,79589.0,True
TRIP_d2ce894093,U_bc831e6198,OUT,IN_SG,VFR,2025-11-15,2025-11-29,3,12584.0,True
TRIP_fecd505417,U_a686b328a8,OUT,IN_SG,LEISURE,2025-06-30,2025-07-06,2,8130.0,True
TRIP_36d7a73f2c,U_b3a06d6d0b,OUT,IN_FR,EVENT,2024-12-31,2025-01-11,4,8046.0,True
TRIP_dad376ffca,U_b3a06d6d0b,OUT,IN_AE,LEISURE,2026-04-21,2026-04-24,3,47484.0,True
TRIP_f82cad5b25,U_872d7894b1,OUT,IN_AE,BUSINESS,2024-10-15,2024-10-28,1,8348.0,True
TRIP_e92a21b04e,U_872d7894b1,OUT,IN_QA,LEISURE,2025-07-02,2025-07-12,3,16611.0,True
TRIP_43a7d1f7b8,U_872d7894b1,OUT,IN_MU,BUSINESS,2024-11-15,2024-11-25,1,7061.0,True
TRIP_013b1a9ff3,U_a4d2c858ef,OUT,IN_AE,PILGRIMAGE,2025-05-22,2025-05-26,1,7220.0,True
TRIP_75a22df583,U_a4d2c858ef,OUT,IN_SG,VFR,2024-08-26,2024-09-01,4,4457.0,True
TRIP_5a12de3074,U_e9d6634407,OUT,IN_AE,VFR,2026-04-22,2026-05-03,1,14364.0,True
TRIP_05e24def7e,U_e9d6634407,OUT,IN_AE,BUSINESS,2024-12-05,2024-12-09,2,69606.0,False
TRIP_6298daee2b,U_e9d6634407,OUT,IN_QA,LEISURE,2026-03-28,2026-04-06,3,23707.0,True
TRIP_87f5e1f12b,U_e9d6634407,OUT,OTHER_R2,PILGRIMAGE,2025-01-30,2025-02-04,2,19550.0,True
TRIP_75b55d5b77,U_24d04a992e,OUT,IN_AE,VFR,2025-06-02,2025-06-14,1,20842.0,True
TRIP_045e727437,U_24d04a992e,OUT,IN_AE,LEISURE,2025-05-28,2025-06-03,3,22197.0,False
TRIP_a4fb60d233,U_d6d7a0b7d4,OUT,IN_FR,LEISURE,2025-06-19,2025-06-25,1,33852.0,True
TRIP_e24ecce7ab,U_84e5641734,OUT,IN_QA,EDUCATION,2026-04-22,2026-04-28,4,38710.0,True
TRIP_545c9a16e1,U_43fd9b9f56,OUT,IN_KH,LEISURE,2025-03-20,2025-03-28,2,3521.0,True
TRIP_00e178f1e5,U_ebcce2af31,OUT,OTHER_R2,TRANSIT,2025-01-14,2025-01-28,1,8298.0,True
TRIP_d9eac1a732,U_ebcce2af31,OUT,OTHER_R2,BUSINESS,2025-07-17,2025-07-30,2,13126.0,False
TRIP_75e455d9f8,U_ebcce2af31,OUT,IN_KH,LEISURE,2025-08-12,2025-08-15,4,15072.0,True
TRIP_5fcfe698f2,U_8aa9999430,OUT,IN_AE,EVENT,2025-09-07,2025-09-21,1,4718.0,True
TRIP_4edf023b3f,U_8aa9999430,OUT,IN_AE,LEISURE,2025-06-15,2025-06-26,3,26399.0,False
TRIP_10216ffe25,U_472e890073,OUT,OTHER_R2,TRANSIT,2024-08-28,2024-09-07,3,8400.0,True
TRIP_547055fe2e,U_2d51162a0c,OUT,IN_AE,TRANSIT,2025-01-27,2025-01-30,4,8190.0,True
TRIP_a8da1adbe5,U_7650123dec,OUT,IN_LK,BUSINESS,2024-09-24,2024-09-27,4,9119.0,True
TRIP_ef9c9ae697,U_d1f9f9f34b,OUT,IN_AE,LEISURE,2026-05-23,2026-05-27,2,25675.0,True
TRIP_8a13a1a890,U_fbcf26bf36,OUT,IN_AE,LEISURE,2024-11-20,2024-11-22,4,24370.0,True
TRIP_c0cb9b4685,U_634d5259aa,OUT,IN_AE,BUSINESS,2025-01-26,2025-02-04,2,3299.0,True
TRIP_2b988e4351,U_634d5259aa,OUT,IN_AE,VFR,2025-06-16,2025-06-21,2,15798.0,False
TRIP_3d9c1e8457,U_b9ce51ed3c,OUT,IN_AE,VFR,2025-01-09,2025-01-17,3,24204.0,True
TRIP_f8be17f8db,U_b9ce51ed3c,OUT,IN_NP,LEISURE,2026-02-01,2026-02-05,1,11217.0,True
TRIP_2e3fc1177c,U_b9ce51ed3c,OUT,OTHER_R2,PILGRIMAGE,2025-02-14,2025-02-16,4,6216.0,True
TRIP_d5133cc1be,U_b9ce51ed3c,OUT,IN_AE,LEISURE,2026-04-23,2026-04-27,4,3492.0,False
TRIP_afc3592da6,U_cb01b75fc9,OUT,IN_QA,LEISURE,2026-02-01,2026-02-07,4,9063.0,True
TRIP_c0d967b6fc,U_63a967f9ab,OUT,OTHER_R2,PILGRIMAGE,2025-02-27,2025-03-07,4,5150.0,True
TRIP_41dce8e004,U_63a967f9ab,OUT,IN_NP,EVENT,2025-02-20,2025-03-04,1,5614.0,True
TRIP_535778a083,U_6fa1592b63,OUT,IN_BT,VFR,2024-09-05,2024-09-17,4,14599.0,True
TRIP_dc779bce4d,U_30cdc06d33,OUT,OTHER_R2,TRANSIT,2025-06-26,2025-07-03,2,6965.0,True
TRIP_a0702934d0,U_83ae903984,OUT,IN_MU,LEISURE,2026-01-13,2026-01-22,2,9351.0,True
TRIP_bfe69c7dda,U_83ae903984,OUT,IN_BT,EVENT,2024-10-17,2024-10-31,4,27572.0,True
TRIP_bf380f0aad,U_17efcbce99,OUT,IN_QA,EVENT,2024-09-01,2024-09-07,4,28303.0,True
TRIP_faf61a6862,U_5003ee08b2,OUT,OTHER_R2,LEISURE,2026-03-20,2026-04-02,3,4553.0,True
TRIP_8e32e911f4,U_5003ee08b2,OUT,IN_AE,VFR,2024-08-13,2024-08-26,1,19905.0,True
TRIP_5a5214a3cf,U_5003ee08b2,OUT,IN_AE,LEISURE,2025-05-26,2025-06-05,3,29486.0,True
TRIP_85efe5a724,U_e37fb7a91c,OUT,IN_NP,BUSINESS,2026-07-06,2026-07-09,1,3444.0,True
TRIP_3eb03eff82,U_b24d29f31e,OUT,IN_BT,EDUCATION,2026-05-15,2026-05-23,2,29770.0,True
TRIP_7472707648,U_e2af17b298,OUT,IN_AE,LEISURE,2025-10-29,2025-11-08,1,11487.0,True
TRIP_89a1ec01fa,U_ef715a7e24,OUT,IN_AE,PILGRIMAGE,2026-02-22,2026-02-24,2,2701.0,True
TRIP_d4a0cb7b36,U_ef715a7e24,OUT,OTHER_R2,MEDICAL,2025-09-20,2025-10-03,2,4215.0,True
TRIP_95ba85699a,U_ef715a7e24,OUT,IN_AE,PILGRIMAGE,2025-05-20,2025-05-29,4,14573.0,False
TRIP_5534f625c0,U_fcfed62313,OUT,IN_SG,LEISURE,2026-01-09,2026-01-22,3,19293.0,True
TRIP_9b7e89eaa2,U_fcfed62313,OUT,IN_AE,PILGRIMAGE,2026-03-20,2026-03-30,1,22242.0,True
TRIP_8f266eb504,U_493709c98a,OUT,IN_AE,BUSINESS,2026-05-09,2026-05-11,1,5027.0,True
TRIP_fe3f605c4e,U_03302a0242,OUT,IN_NP,MEDICAL,2025-11-09,2025-11-14,2,18291.0,True
TRIP_2218b8821b,U_ceee587487,OUT,OTHER_R2,LEISURE,2025-06-12,2025-06-16,1,27965.0,True
TRIP_8628f91ff6,U_f15c00c77b,OUT,IN_NP,LEISURE,2024-10-06,2024-10-14,4,30434.0,True
TRIP_08711cc907,U_f15c00c77b,OUT,OTHER_R2,LEISURE,2024-11-19,2024-11-27,3,7866.0,True
TRIP_d52f0a56db,U_11aadfeaee,OUT,IN_AE,LEISURE,2026-05-09,2026-05-18,3,3300.0,True
TRIP_d291cb1cde,U_11aadfeaee,OUT,IN_FR,BUSINESS,2025-10-22,2025-10-28,2,21297.0,True
TRIP_3bbc764a37,U_b2bff9077a,OUT,IN_AE,MEDICAL,2026-07-01,2026-07-12,2,11460.0,True
TRIP_2cb34521d9,U_7b486e83eb,OUT,IN_AE,TRANSIT,2025-07-10,2025-07-22,2,20123.0,True
TRIP_dfef3a02d8,U_64ea348713,OUT,IN_AE,EDUCATION,2025-08-16,2025-08-29,2,7432.0,True
TRIP_2389476709,U_46042831ed,OUT,IN_NP,VFR,2024-12-20,2025-01-02,2,10179.0,True
TRIP_f7f5f46b00,U_46042831ed,OUT,OTHER_R2,VFR,2025-09-11,2025-09-21,3,19827.0,True
TRIP_4eee727580,U_27d2742d76,OUT,IN_NP,LEISURE,2025-09-21,2025-09-23,2,6523.0,True
TRIP_f9b11cd672,U_27d2742d76,OUT,IN_NP,VFR,2024-09-30,2024-10-10,4,12768.0,False
TRIP_4306beddd1,U_8682e3fb96,OUT,IN_BT,PILGRIMAGE,2025-03-30,2025-04-08,2,6784.0,True
TRIP_8ba297daf1,U_0a550f5cba,OUT,IN_AE,LEISURE,2025-05-28,2025-06-10,4,2543.0,True
TRIP_d093cb408c,U_74bb99c7ae,OUT,IN_AE,EVENT,2026-03-22,2026-03-24,2,9063.0,True
TRIP_04fe04e1e6,U_74bb99c7ae,OUT,IN_AE,TRANSIT,2026-05-31,2026-06-09,4,1012.0,True
TRIP_47e1f1f325,U_ffe0234565,OUT,IN_SG,EVENT,2025-09-18,2025-09-23,1,12355.0,True
TRIP_29885ecc26,U_f91dac1040,OUT,IN_FR,LEISURE,2026-03-25,2026-04-01,1,11469.0,True
TRIP_19af22f974,U_f91dac1040,OUT,IN_LK,MEDICAL,2026-01-21,2026-02-02,2,20014.0,True
TRIP_cc1ee4570a,U_f91dac1040,OUT,IN_AE,EVENT,2025-04-16,2025-04-18,4,44297.0,True
TRIP_fdcd8bd6bb,U_c5dfeee2be,OUT,IN_FR,EDUCATION,2026-03-05,2026-03-13,4,3785.0,True
TRIP_423f34f1f0,U_ee41e66254,OUT,IN_AE,BUSINESS,2026-06-21,2026-06-24,4,15224.0,True
TRIP_9b99f5ffa6,U_ee41e66254,OUT,OTHER_R2,LEISURE,2024-08-21,2024-08-23,1,10352.0,True
TRIP_2320466dfa,U_8de27c64ca,OUT,IN_AE,TRANSIT,2025-02-08,2025-02-18,4,9883.0,True
TRIP_1c9d0112e1,U_8de27c64ca,OUT,IN_AE,MEDICAL,2026-06-09,2026-06-16,3,20411.0,True
TRIP_9d1fd9ec91,U_8de27c64ca,OUT,IN_SG,MEDICAL,2025-02-19,2025-02-26,2,17373.0,True
TRIP_638168c391,U_b655a325fc,OUT,IN_MU,LEISURE,2025-03-29,2025-04-02,2,5979.0,True
TRIP_9e47a1663b,U_54f8098884,OUT,IN_QA,LEISURE,2024-11-09,2024-11-16,2,5916.0,True
TRIP_c95d257fed,U_54f8098884,OUT,IN_AE,LEISURE,2026-03-01,2026-03-07,1,52105.0,True
TRIP_33ca07a186,U_48c60c19f2,OUT,IN_AE,BUSINESS,2024-11-06,2024-11-10,3,18626.0,True
TRIP_9e14d24d4f,U_48c60c19f2,OUT,IN_BT,VFR,2025-03-02,2025-03-06,3,12416.0,True
TRIP_930b8d44ff,U_b690d69135,OUT,OTHER_R2,LEISURE,2025-10-19,2025-10-24,1,10912.0,True
TRIP_feb3b73638,U_b690d69135,OUT,IN_AE,BUSINESS,2025-12-15,2025-12-26,2,11315.0,True
TRIP_8880a10502,U_1086c1216c,OUT,IN_MU,TRANSIT,2026-02-08,2026-02-18,4,9716.0,True
TRIP_178db4ec8e,U_f04b3f7899,OUT,IN_SG,TRANSIT,2025-11-06,2025-11-11,2,21177.0,True
TRIP_cbffefa5a2,U_f04b3f7899,OUT,IN_AE,VFR,2025-01-20,2025-01-26,4,17914.0,True
TRIP_0c98541b45,U_a555e8c55f,OUT,IN_BT,VFR,2024-12-23,2025-01-02,1,22922.0,True
TRIP_7686cf20e1,U_41bcad906f,OUT,IN_AE,LEISURE,2025-04-12,2025-04-24,4,34414.0,True
TRIP_90a3438a6a,U_41bcad906f,OUT,OTHER_R2,LEISURE,2026-05-06,2026-05-15,4,21642.0,True
TRIP_8f5fe34ef3,U_fc864ea5aa,OUT,IN_MU,LEISURE,2024-11-16,2024-11-21,4,4113.0,True
TRIP_ca48817e59,U_acdbc14a9d,OUT,IN_SG,EVENT,2025-05-24,2025-06-02,2,9644.0,True
TRIP_5b2c173e1c,U_6bc122f740,OUT,IN_AE,VFR,2025-08-13,2025-08-27,3,28186.0,True
TRIP_6abc9ff023,U_1a6a2c6321,OUT,IN_NP,MEDICAL,2026-03-07,2026-03-17,4,22072.0,True
TRIP_f4730df0e9,U_1a6a2c6321,OUT,IN_SG,MEDICAL,2025-06-02,2025-06-06,3,26082.0,True
TRIP_c49d0685ba,U_084bc794cf,OUT,IN_MU,MEDICAL,2025-11-15,2025-11-20,1,27334.0,True
TRIP_11660244d4,U_084bc794cf,OUT,IN_AE,VFR,2025-06-30,2025-07-09,3,2432.0,True
TRIP_86be22eae1,U_084bc794cf,OUT,IN_AE,EDUCATION,2025-05-03,2025-05-14,4,14133.0,False
TRIP_fd48227828,U_2c2a914195,OUT,OTHER_R2,VFR,2025-05-21,2025-05-23,4,16002.0,True
TRIP_d00ed90977,U_c29db887b7,OUT,IN_FR,EDUCATION,2024-12-02,2024-12-08,3,50011.0,True
TRIP_0ac8b80455,U_c29db887b7,OUT,IN_LK,MEDICAL,2026-04-18,2026-04-27,4,12840.0,True
TRIP_37a199f67f,U_57a0959804,OUT,IN_AE,BUSINESS,2024-08-28,2024-09-11,4,56630.0,True
TRIP_4c058b37d1,U_b8c0e75756,OUT,IN_QA,VFR,2025-10-28,2025-11-02,2,11348.0,True
TRIP_2295c2f337,U_b8c0e75756,OUT,IN_QA,EVENT,2024-10-26,2024-10-28,1,7621.0,False
TRIP_b591ba2bf7,U_18831ea160,OUT,IN_SG,LEISURE,2025-11-10,2025-11-21,2,5842.0,True
TRIP_9bf75fd023,U_18831ea160,OUT,IN_AE,VFR,2024-12-07,2024-12-13,2,46161.0,True
TRIP_d0f2d34bb6,U_82eef8f398,OUT,OTHER_R2,LEISURE,2025-04-29,2025-05-07,4,12495.0,True
TRIP_4b8cec239b,U_82eef8f398,OUT,IN_AE,VFR,2025-10-19,2025-10-25,2,41427.0,True
TRIP_c3a4c0b5bb,U_bcb16ea13f,OUT,IN_AE,EVENT,2026-03-28,2026-04-07,3,4099.0,True
TRIP_b9ea265f89,U_bcb16ea13f,OUT,IN_SG,LEISURE,2025-02-10,2025-02-16,3,9715.0,True
TRIP_ea6db5a6d8,U_19f0e36726,OUT,IN_MU,LEISURE,2026-01-10,2026-01-14,4,2271.0,True
TRIP_9c3305e1a8,U_509840b7cf,OUT,IN_AE,BUSINESS,2026-07-10,2026-07-14,4,6721.0,True
TRIP_9b34d44377,U_509840b7cf,OUT,IN_AE,EVENT,2026-03-03,2026-03-14,4,43370.0,True
TRIP_efcfafacff,U_509840b7cf,OUT,IN_AE,EDUCATION,2026-05-30,2026-06-10,2,40083.0,True
TRIP_51a01e3a29,U_2c9c90b24e,OUT,IN_AE,LEISURE,2026-03-16,2026-03-22,1,50180.0,True
TRIP_f1a2909f7a,U_2c9c90b24e,OUT,IN_NP,EVENT,2025-10-08,2025-10-19,3,13261.0,True
TRIP_76c283ba37,U_2c9c90b24e,OUT,IN_QA,LEISURE,2025-10-11,2025-10-14,1,10771.0,True
TRIP_75056d94a2,U_e95246afdb,OUT,OTHER_R2,LEISURE,2026-02-14,2026-02-27,3,17639.0,True
TRIP_1c8e0bbeb9,U_817428f505,OUT,IN_FR,BUSINESS,2025-05-29,2025-06-06,2,4394.0,True
TRIP_e8fa336a86,U_817428f505,OUT,IN_AE,LEISURE,2025-11-05,2025-11-10,1,10576.0,True
TRIP_1f58994c33,U_817428f505,OUT,IN_KH,TRANSIT,2026-06-26,2026-06-28,3,18863.0,True
TRIP_95f34edabf,U_e86e50507d,OUT,IN_AE,LEISURE,2024-11-28,2024-12-07,2,27486.0,True
TRIP_f08220ca7d,U_e86e50507d,OUT,IN_NP,LEISURE,2025-05-12,2025-05-14,1,16356.0,True
TRIP_9c89f7c22e,U_d182279223,OUT,IN_QA,LEISURE,2025-11-28,2025-12-05,1,36837.0,True
TRIP_acdc04479d,U_d182279223,OUT,IN_NP,LEISURE,2026-02-17,2026-02-23,3,27951.0,True
TRIP_251c6e7156,U_3f3a256935,OUT,IN_AE,LEISURE,2025-08-14,2025-08-28,1,3975.0,True
TRIP_273f91f61a,U_3f3a256935,OUT,OTHER_R2,BUSINESS,2025-03-05,2025-03-18,4,5834.0,True
TRIP_38f60dca27,U_bfbaf9ffd0,OUT,IN_AE,TRANSIT,2025-05-25,2025-06-06,4,16180.0,True
TRIP_eef904943d,U_bfbaf9ffd0,OUT,IN_AE,VFR,2025-08-22,2025-08-25,4,9858.0,True
TRIP_411af0ad4c,U_bfbaf9ffd0,OUT,IN_MU,EVENT,2024-09-27,2024-09-29,1,6040.0,True
TRIP_44e06bdcbc,U_bfbaf9ffd0,OUT,IN_AE,BUSINESS,2024-10-06,2024-10-09,4,13252.0,True
TRIP_4379299f00,U_f42e6d0320,OUT,OTHER_R2,VFR,2024-10-22,2024-11-01,2,3778.0,True
TRIP_658f1a42b0,U_a0de83992c,OUT,IN_KH,BUSINESS,2025-05-04,2025-05-12,1,7581.0,True
TRIP_ef02fd625f,U_a0de83992c,OUT,IN_NP,EVENT,2025-08-06,2025-08-20,1,17631.0,True
TRIP_3f155ea5bd,U_4f8a5afe78,OUT,IN_AE,VFR,2024-08-22,2024-08-29,1,36764.0,True
TRIP_8f68cdfe88,U_1d7751864e,OUT,IN_FR,EDUCATION,2025-06-05,2025-06-17,3,21341.0,True
TRIP_f918cf5496,U_1d7751864e,OUT,IN_LK,BUSINESS,2025-07-23,2025-07-30,4,24574.0,True
TRIP_baff74a039,U_5ca7fd62c2,OUT,IN_SG,MEDICAL,2026-04-02,2026-04-15,4,9476.0,True
TRIP_c16b102d51,U_5ca7fd62c2,OUT,OTHER_R2,LEISURE,2025-01-14,2025-01-21,3,46085.0,True
TRIP_db2850999b,U_5ca7fd62c2,OUT,IN_BT,EDUCATION,2024-11-03,2024-11-12,1,22188.0,True
TRIP_5b8164dbf4,U_5ca7fd62c2,OUT,IN_FR,LEISURE,2025-02-10,2025-02-22,2,23913.0,True
TRIP_f0f4bb6034,U_359896db41,OUT,IN_QA,LEISURE,2024-12-17,2024-12-26,3,2221.0,True
TRIP_25df1e636f,U_5cc70a369a,OUT,IN_BT,LEISURE,2026-03-06,2026-03-09,1,19854.0,True
TRIP_eb97892552,U_5cc70a369a,OUT,IN_SG,LEISURE,2025-04-26,2025-05-10,2,8255.0,True
TRIP_da158f61de,U_5cc70a369a,OUT,IN_NP,VFR,2025-07-06,2025-07-16,3,6011.0,True
TRIP_8e7b6fc206,U_5cc70a369a,OUT,IN_LK,EDUCATION,2025-09-07,2025-09-13,3,14333.0,True
TRIP_cb351ff2ce,U_5cc70a369a,OUT,OTHER_R2,TRANSIT,2025-10-28,2025-11-10,2,3377.0,True
TRIP_a808c99200,U_b91e00ce63,OUT,IN_AE,MEDICAL,2025-04-17,2025-04-26,1,55019.0,True
TRIP_425087d188,U_4bd90e2987,OUT,IN_AE,BUSINESS,2025-11-29,2025-12-08,4,14057.0,True
TRIP_0a5a9a9a8f,U_4bd90e2987,OUT,IN_NP,EDUCATION,2025-03-09,2025-03-23,2,20169.0,True
TRIP_9a9194d0e2,U_4ca44bf31f,OUT,IN_AE,LEISURE,2025-02-18,2025-02-26,1,20511.0,True
TRIP_b01fcdb66a,U_4ca44bf31f,OUT,IN_KH,BUSINESS,2025-01-19,2025-01-22,4,32327.0,True
TRIP_18a49429e0,U_4ca44bf31f,OUT,IN_FR,LEISURE,2025-08-18,2025-08-27,4,7339.0,True
TRIP_1a2368779c,U_dbc3810127,OUT,IN_FR,MEDICAL,2026-06-09,2026-06-15,4,4255.0,True
TRIP_50f0e12912,U_34af37bb5d,OUT,IN_AE,BUSINESS,2024-10-22,2024-10-31,1,18115.0,True
TRIP_a12f857d4c,U_00a6771e64,OUT,IN_QA,BUSINESS,2025-11-26,2025-11-29,4,10974.0,True
TRIP_af5636906c,U_f6b62a718b,OUT,IN_FR,LEISURE,2026-03-13,2026-03-21,4,21195.0,True
TRIP_a8c3b37110,U_ef6715c574,OUT,IN_NP,VFR,2025-11-11,2025-11-13,1,4346.0,True
TRIP_53cd460ef6,U_ef6715c574,OUT,IN_NP,LEISURE,2024-12-09,2024-12-22,2,18178.0,False
TRIP_2504e27f26,U_a802290cd2,OUT,IN_KH,PILGRIMAGE,2026-05-21,2026-06-01,3,8141.0,True
TRIP_ee988b24f9,U_3ae02591ac,OUT,IN_SG,MEDICAL,2024-12-30,2025-01-01,3,14437.0,True
TRIP_c6b3ca1d86,U_248b9a6d5c,OUT,IN_QA,LEISURE,2026-07-07,2026-07-21,1,57246.0,True
TRIP_de2bbfdf69,U_248b9a6d5c,OUT,OTHER_R2,TRANSIT,2025-01-22,2025-01-24,3,20430.0,True
TRIP_d4d632b65d,U_1984fe4f7e,OUT,IN_AE,LEISURE,2026-01-29,2026-02-05,1,14054.0,True
TRIP_bfe3706d7a,U_2fcf6129d3,OUT,IN_KH,LEISURE,2024-10-15,2024-10-22,4,25505.0,True
TRIP_a8fe140e71,U_2fcf6129d3,OUT,IN_AE,LEISURE,2025-08-30,2025-09-06,3,17404.0,True
TRIP_942b422411,U_6c80e6f7d1,OUT,IN_SG,LEISURE,2024-08-23,2024-08-26,4,11536.0,True
TRIP_6cb4f88611,U_7ce17ba956,OUT,IN_SG,LEISURE,2024-09-24,2024-09-27,4,22664.0,True
TRIP_ab8ba22307,U_5bf59d7476,OUT,OTHER_R2,BUSINESS,2025-11-27,2025-12-11,2,89288.0,True
TRIP_00027cd88f,U_56d8db4026,OUT,IN_NP,LEISURE,2025-12-12,2025-12-15,2,30643.0,True
TRIP_95fbcbec44,U_56d8db4026,OUT,IN_SG,LEISURE,2024-12-07,2024-12-09,3,28849.0,True
TRIP_7bf8c61fce,U_dfff31a852,OUT,IN_AE,EVENT,2026-02-22,2026-03-01,1,47223.0,True
TRIP_5ac3e8aa10,U_e07fe1a5b2,OUT,IN_LK,LEISURE,2024-08-16,2024-08-19,3,9292.0,True
TRIP_3361c0d2d1,U_886c703139,OUT,IN_BT,LEISURE,2024-12-02,2024-12-12,1,2341.0,True
TRIP_ec0048fde9,U_886c703139,OUT,IN_QA,MEDICAL,2025-03-14,2025-03-16,4,30308.0,True
TRIP_2cbbfa1da1,U_886c703139,OUT,IN_AE,VFR,2024-10-01,2024-10-08,4,5205.0,True
TRIP_1147a58d11,U_0b31514df2,OUT,IN_SG,LEISURE,2026-05-19,2026-05-27,4,21053.0,True
TRIP_77257c2a67,U_b0a15f8e42,OUT,IN_SG,LEISURE,2026-04-24,2026-05-01,4,24310.0,True
TRIP_16b90e9c83,U_b0a15f8e42,OUT,OTHER_R2,EVENT,2025-04-02,2025-04-08,3,40107.0,True
TRIP_dae74349eb,U_b0a15f8e42,OUT,IN_AE,LEISURE,2025-01-11,2025-01-23,1,4464.0,True
TRIP_646e97f1aa,U_032bb7c408,OUT,IN_FR,PILGRIMAGE,2025-05-15,2025-05-27,4,34570.0,True
TRIP_2077381ebe,U_032bb7c408,OUT,IN_NP,PILGRIMAGE,2025-02-06,2025-02-20,2,8322.0,True
TRIP_d8ccbb746a,U_da4569e8af,OUT,IN_MU,VFR,2024-12-08,2024-12-21,1,3259.0,True
TRIP_4a45b0d2aa,U_d3b8364293,OUT,IN_BT,LEISURE,2025-07-30,2025-08-07,2,9404.0,True
TRIP_386ab666f0,U_d3b8364293,OUT,OTHER_R2,EDUCATION,2025-10-30,2025-11-10,3,27986.0,True
TRIP_37d1258bcd,U_67661ea72f,OUT,IN_SG,LEISURE,2026-06-22,2026-06-26,1,45627.0,True
TRIP_61b0357bc9,U_67661ea72f,OUT,IN_AE,VFR,2025-04-23,2025-05-07,2,39770.0,True
TRIP_20a7bb9527,U_0d67a5d6c5,OUT,OTHER_R2,LEISURE,2026-06-15,2026-06-18,3,17626.0,True
TRIP_54db242252,U_77ac5be7a2,OUT,IN_LK,BUSINESS,2025-10-13,2025-10-21,1,9026.0,True
TRIP_0ef7925cfd,U_ee6e596d6d,OUT,OTHER_R2,LEISURE,2024-10-09,2024-10-15,3,37685.0,True
TRIP_0797f88965,U_f3aa7511f8,OUT,IN_AE,EDUCATION,2025-01-19,2025-01-22,4,17158.0,True
TRIP_9995c1ce20,U_6503abbb6d,OUT,IN_SG,MEDICAL,2026-03-26,2026-04-04,3,28005.0,True
TRIP_bc90c1b5e1,U_284845e2c7,OUT,IN_MU,LEISURE,2026-06-04,2026-06-12,4,23011.0,True
TRIP_a46bd04445,U_284845e2c7,OUT,IN_MU,TRANSIT,2025-04-02,2025-04-07,4,8163.0,False
TRIP_53fe56eea2,U_a6d3d5abbf,OUT,OTHER_R2,LEISURE,2026-04-03,2026-04-17,3,27560.0,True
TRIP_05b99fe3ae,U_a6d3d5abbf,OUT,IN_QA,LEISURE,2025-07-03,2025-07-14,4,20528.0,True
TRIP_60127f35ed,U_a25805685c,OUT,IN_AE,EDUCATION,2026-04-08,2026-04-19,1,11353.0,True
TRIP_f2761cc15f,U_a25805685c,OUT,OTHER_R2,MEDICAL,2025-04-26,2025-05-08,1,65300.0,True
TRIP_664f606c37,U_079969b734,OUT,IN_AE,VFR,2025-06-29,2025-07-12,4,16466.0,True
TRIP_7b58fc4429,U_079969b734,OUT,IN_BT,LEISURE,2024-12-04,2024-12-12,2,36295.0,True
TRIP_07485d2ea9,U_079969b734,OUT,IN_AE,PILGRIMAGE,2026-01-27,2026-01-31,2,22416.0,True
TRIP_d7152e440e,U_079969b734,OUT,IN_AE,LEISURE,2026-06-12,2026-06-25,4,4800.0,True
TRIP_67bba92029,U_f4c39024c3,OUT,IN_BT,LEISURE,2025-06-03,2025-06-11,2,16637.0,True
TRIP_2a9a0b967f,U_5c15f2d081,OUT,IN_KH,LEISURE,2026-05-20,2026-06-03,1,16148.0,True
TRIP_f94f9b350b,U_22336be1f5,OUT,IN_QA,TRANSIT,2025-09-04,2025-09-13,3,10496.0,True
TRIP_c13c619299,U_22336be1f5,OUT,IN_AE,LEISURE,2024-12-10,2024-12-13,1,25924.0,True
TRIP_5c2d90aefb,U_22336be1f5,OUT,IN_AE,LEISURE,2025-06-02,2025-06-09,3,10311.0,False
TRIP_dfa0f2b4b7,U_25461a2df8,OUT,IN_NP,VFR,2025-03-12,2025-03-24,2,4176.0,True
TRIP_8193bfdb35,U_ca22b980f1,OUT,IN_AE,VFR,2026-03-20,2026-03-23,1,4101.0,True
TRIP_b07d6e3b54,U_ca22b980f1,OUT,IN_QA,TRANSIT,2026-04-20,2026-05-04,3,32418.0,True
TRIP_c485d398e1,U_78a3ad2838,OUT,IN_AE,LEISURE,2026-04-27,2026-05-10,1,15088.0,True
TRIP_096e6a14fd,U_24f2807ad1,OUT,IN_SG,LEISURE,2025-06-20,2025-07-02,3,20893.0,True
TRIP_bedaacd439,U_725ff76207,OUT,IN_AE,BUSINESS,2026-07-05,2026-07-08,4,10093.0,True
TRIP_560f333342,U_725ff76207,OUT,IN_NP,LEISURE,2025-02-03,2025-02-12,4,36449.0,True
TRIP_67e23633ac,U_725ff76207,OUT,IN_NP,EDUCATION,2025-01-17,2025-01-30,2,3095.0,False
TRIP_30a06b1ad3,U_fef699b20c,OUT,IN_AE,BUSINESS,2025-02-26,2025-03-01,2,37341.0,True
TRIP_6f27a15365,U_0ad2fa908a,OUT,IN_AE,EVENT,2025-09-30,2025-10-07,4,50592.0,True
TRIP_2a5fed6f33,U_4fa7d8dc9b,OUT,IN_AE,EDUCATION,2025-06-28,2025-07-04,4,12983.0,True
TRIP_73806711d3,U_827c12c5f6,OUT,IN_AE,PILGRIMAGE,2025-02-03,2025-02-12,1,4988.0,True
TRIP_af539bdc32,U_827c12c5f6,OUT,IN_AE,EDUCATION,2025-01-16,2025-01-19,4,11535.0,True
TRIP_1aaa66b848,U_827c12c5f6,OUT,IN_SG,BUSINESS,2026-04-19,2026-04-22,4,17302.0,True
TRIP_b1ff137eee,U_66415b0fb0,OUT,IN_AE,LEISURE,2025-05-14,2025-05-24,4,30785.0,True
TRIP_c319b060dd,U_66415b0fb0,OUT,IN_AE,LEISURE,2025-04-26,2025-04-28,3,41233.0,False
TRIP_339357fe4f,U_e99b58a45a,OUT,IN_SG,EDUCATION,2024-12-31,2025-01-12,3,58595.0,True
TRIP_6b66c5b027,U_e99b58a45a,OUT,OTHER_R2,MEDICAL,2025-07-03,2025-07-14,4,15149.0,True
TRIP_7280aa51b1,U_c886537657,OUT,OTHER_R2,MEDICAL,2026-02-23,2026-03-06,4,11235.0,True
TRIP_3dae4f55d2,U_c886537657,OUT,OTHER_R2,EDUCATION,2025-12-05,2025-12-12,3,13751.0,True
TRIP_dae8d6e672,U_8d031878ec,OUT,IN_SG,MEDICAL,2025-08-03,2025-08-10,2,8929.0,True
TRIP_c3055dc864,U_8d031878ec,OUT,IN_NP,LEISURE,2025-01-26,2025-02-09,4,11263.0,True
TRIP_ee2605a0ac,U_8d031878ec,OUT,IN_SG,LEISURE,2024-09-01,2024-09-06,2,13282.0,True
TRIP_fae0bee950,U_994f52308d,OUT,IN_AE,VFR,2026-01-22,2026-01-31,1,10309.0,True
TRIP_e835861465,U_994f52308d,OUT,IN_AE,EVENT,2024-12-30,2025-01-11,1,12153.0,True
TRIP_dae3d08a82,U_80bee1ad88,OUT,IN_AE,BUSINESS,2025-10-18,2025-10-28,2,26215.0,True
TRIP_cd81f0a093,U_6c761c6de2,OUT,IN_NP,EVENT,2026-01-12,2026-01-19,3,6611.0,True
TRIP_6863b2fe5a,U_f9b3040528,OUT,IN_SG,LEISURE,2025-02-25,2025-03-10,3,13379.0,True
TRIP_0b2fb107ee,U_f9b3040528,OUT,IN_BT,EVENT,2025-05-25,2025-06-07,1,18489.0,True
TRIP_2535d47ea6,U_92b51ab9dd,OUT,IN_AE,EDUCATION,2026-04-22,2026-05-02,1,12154.0,True
TRIP_819cfedb51,U_ac2a212c30,OUT,IN_LK,MEDICAL,2026-06-04,2026-06-12,2,90518.0,True
TRIP_8c738efab9,U_0d58ff0e0e,OUT,OTHER_R2,TRANSIT,2025-10-21,2025-10-30,1,13736.0,True
TRIP_3db14df791,U_0d58ff0e0e,OUT,IN_NP,BUSINESS,2026-04-03,2026-04-07,3,22785.0,True
TRIP_4ef06c2f89,U_0d58ff0e0e,OUT,IN_AE,PILGRIMAGE,2024-09-18,2024-09-26,1,8820.0,True
TRIP_5df5b572f6,U_0d58ff0e0e,OUT,IN_MU,EVENT,2025-04-12,2025-04-14,2,15321.0,True
TRIP_35b0d50b8b,U_6efa2ca347,OUT,IN_NP,EVENT,2026-01-22,2026-01-30,4,8082.0,True
TRIP_0ec94ac377,U_4a9534f806,OUT,IN_AE,PILGRIMAGE,2025-10-12,2025-10-25,3,24733.0,True
TRIP_2581984be2,U_e97643509f,OUT,IN_QA,BUSINESS,2025-01-01,2025-01-09,3,15458.0,True
TRIP_c81f2a270c,U_e97643509f,OUT,IN_AE,TRANSIT,2024-08-25,2024-09-06,4,26757.0,True
TRIP_28b5499e8d,U_f81ff9d676,OUT,IN_LK,LEISURE,2024-10-10,2024-10-22,1,8534.0,True
TRIP_4bb38cf1d3,U_12794637e4,OUT,IN_SG,EVENT,2025-04-01,2025-04-08,4,57548.0,True
TRIP_4004269f14,U_12794637e4,OUT,IN_MU,EDUCATION,2024-08-18,2024-09-01,2,18252.0,True
TRIP_5e5d3563ae,U_0c8ab9b03b,OUT,IN_AE,LEISURE,2025-03-03,2025-03-14,4,6823.0,True
TRIP_f0d5e56579,U_0c8ab9b03b,OUT,IN_AE,LEISURE,2025-06-07,2025-06-18,4,2170.0,False
TRIP_6b278bf49f,U_0c8ab9b03b,OUT,IN_AE,LEISURE,2024-10-25,2024-10-31,3,4780.0,False
TRIP_c94b79a943,U_72d9f1b0be,OUT,IN_MU,LEISURE,2025-01-29,2025-02-03,3,12620.0,True
TRIP_aff16ed024,U_72d9f1b0be,OUT,IN_NP,LEISURE,2025-07-27,2025-07-30,4,13503.0,True
TRIP_f4e7a39b65,U_aec4d090c0,OUT,IN_NP,LEISURE,2025-02-14,2025-02-21,3,12348.0,True
TRIP_a435694069,U_aec4d090c0,OUT,IN_LK,BUSINESS,2026-04-16,2026-04-26,4,2575.0,True
TRIP_500de5612d,U_2b92d41313,OUT,IN_MU,MEDICAL,2025-10-28,2025-10-31,1,60142.0,True
TRIP_59d8c93553,U_023fc5d723,OUT,IN_AE,BUSINESS,2024-12-23,2025-01-05,1,12433.0,True
TRIP_a1b5600c15,U_023fc5d723,OUT,IN_NP,EVENT,2026-05-08,2026-05-13,4,13213.0,True
TRIP_759fed83e3,U_023fc5d723,OUT,OTHER_R2,LEISURE,2026-06-03,2026-06-17,1,16619.0,True
TRIP_dfec14b203,U_023fc5d723,OUT,IN_MU,LEISURE,2025-09-04,2025-09-18,4,4219.0,True
TRIP_3480956891,U_030a8bac7d,OUT,IN_AE,LEISURE,2025-01-21,2025-01-24,3,84720.0,True
TRIP_7c09695e4c,U_80474edd3a,OUT,IN_BT,MEDICAL,2025-08-31,2025-09-11,2,19669.0,True
TRIP_42659c53b6,U_80474edd3a,OUT,IN_SG,LEISURE,2025-10-28,2025-11-04,2,12173.0,True
TRIP_77290afde6,U_80474edd3a,OUT,IN_QA,BUSINESS,2025-03-03,2025-03-14,1,34321.0,True
TRIP_27421afc7e,U_60b718b051,OUT,IN_FR,VFR,2024-09-29,2024-10-09,1,5847.0,True
TRIP_b4f29badee,U_a14d4d463c,OUT,OTHER_R2,TRANSIT,2025-03-17,2025-03-30,1,25391.0,True
TRIP_8c4ee9682e,U_a14d4d463c,OUT,IN_AE,LEISURE,2025-12-22,2026-01-02,4,11783.0,True
TRIP_7fb8d3f411,U_aa659b066a,OUT,IN_SG,MEDICAL,2026-03-13,2026-03-17,2,20506.0,True
TRIP_73e13aaf2e,U_aa659b066a,OUT,IN_LK,PILGRIMAGE,2026-01-02,2026-01-09,1,31320.0,True
TRIP_15104e73e8,U_709b4a0900,OUT,IN_QA,MEDICAL,2026-01-28,2026-02-09,3,34775.0,True
TRIP_d847c3fbe4,U_709b4a0900,OUT,OTHER_R2,MEDICAL,2025-07-23,2025-07-27,1,7873.0,True
TRIP_9cc25a724f,U_709b4a0900,OUT,OTHER_R2,MEDICAL,2025-03-13,2025-03-19,2,6311.0,False
TRIP_8b9f04659b,U_f54b018dae,OUT,IN_FR,MEDICAL,2025-01-28,2025-02-11,4,3260.0,True
TRIP_5034c1abd1,U_f54b018dae,OUT,IN_SG,EDUCATION,2024-10-20,2024-10-24,2,120336.0,True
TRIP_d2cdbfc032,U_612c5b2d58,OUT,OTHER_R2,EVENT,2025-01-14,2025-01-26,2,8326.0,True
TRIP_f8527cfd05,U_2e1faee47e,OUT,IN_LK,EDUCATION,2025-11-17,2025-11-23,2,9629.0,True
TRIP_916abda627,U_bc247f4a2e,OUT,OTHER_R2,LEISURE,2025-10-26,2025-11-07,4,2474.0,True
TRIP_cba006f2a8,U_284a863d3b,OUT,IN_NP,BUSINESS,2025-10-05,2025-10-17,1,14473.0,True
TRIP_3769da46bb,U_b7a8733528,OUT,IN_AE,BUSINESS,2026-07-11,2026-07-19,3,14038.0,True
TRIP_ce3dee825b,U_1e2441f3ab,OUT,IN_AE,PILGRIMAGE,2026-05-11,2026-05-23,1,7361.0,True
TRIP_261f00061e,U_1e2441f3ab,OUT,IN_AE,BUSINESS,2025-06-25,2025-07-04,4,4515.0,False
TRIP_4aee4d8be3,U_a75a11c140,OUT,IN_QA,LEISURE,2026-06-15,2026-06-23,4,27953.0,True
TRIP_168e907ee7,U_1bcef5aa11,OUT,OTHER_R2,BUSINESS,2025-08-30,2025-09-13,1,16363.0,True
TRIP_da1d90dd73,U_4b33647b2f,OUT,IN_BT,LEISURE,2026-03-14,2026-03-17,2,13089.0,True
TRIP_b83440e79e,U_56fdd9d492,OUT,IN_AE,VFR,2026-01-10,2026-01-21,3,7016.0,True
TRIP_165661bf31,U_2849c938cc,OUT,OTHER_R2,LEISURE,2024-10-13,2024-10-24,3,49787.0,True
TRIP_92bc7fe56b,U_2849c938cc,OUT,IN_AE,TRANSIT,2025-08-29,2025-09-09,3,12055.0,True
TRIP_88acd35721,U_29b977351d,OUT,IN_NP,LEISURE,2025-01-21,2025-01-29,3,14305.0,True
TRIP_92966ca51b,U_4bb06373d8,OUT,IN_NP,VFR,2025-08-31,2025-09-08,4,9914.0,True
TRIP_2cb9012520,U_8c72599d90,OUT,IN_AE,LEISURE,2026-01-20,2026-01-29,4,28713.0,True
TRIP_97578f793e,U_09e5895955,OUT,OTHER_R2,PILGRIMAGE,2025-07-29,2025-08-03,3,8838.0,True
TRIP_c097c5c264,U_09e5895955,OUT,IN_AE,VFR,2026-05-09,2026-05-22,1,17999.0,True
TRIP_2e919fb5d8,U_09e5895955,OUT,IN_BT,PILGRIMAGE,2026-04-29,2026-05-11,1,10226.0,True
TRIP_674a392db9,U_60d0f8d3b7,OUT,IN_FR,LEISURE,2025-08-21,2025-08-29,4,7338.0,True
TRIP_789aa2e11c,U_60d0f8d3b7,OUT,IN_QA,LEISURE,2024-09-10,2024-09-13,2,21008.0,True
TRIP_d5fc217155,U_cd40ed5cb7,OUT,IN_SG,LEISURE,2025-03-16,2025-03-19,2,9596.0,True
TRIP_1e36a5b9ce,U_eb80ab4dbc,OUT,IN_SG,BUSINESS,2025-09-11,2025-09-15,4,35516.0,True
TRIP_1a9de3d756,U_eb80ab4dbc,OUT,OTHER_R2,LEISURE,2026-06-09,2026-06-21,3,48031.0,True
TRIP_9c6e8159de,U_eb80ab4dbc,OUT,IN_NP,LEISURE,2024-10-11,2024-10-16,2,11598.0,True
TRIP_d4c873eaa3,U_eb80ab4dbc,OUT,IN_FR,LEISURE,2024-11-27,2024-11-30,4,6786.0,True
TRIP_093587818b,U_62143dbf6e,OUT,IN_AE,LEISURE,2026-03-10,2026-03-23,4,9552.0,True
TRIP_95e5f92241,U_c7291dc054,OUT,IN_NP,MEDICAL,2024-11-07,2024-11-15,1,27323.0,True
TRIP_cdcd34cf4f,U_fbc7373a3c,OUT,IN_LK,LEISURE,2024-12-31,2025-01-11,2,15997.0,True
TRIP_1aec55f111,U_8743f7e8f1,OUT,OTHER_R2,TRANSIT,2026-03-25,2026-03-30,2,54926.0,True
TRIP_d8fd587401,U_8743f7e8f1,OUT,IN_AE,VFR,2024-08-17,2024-08-21,3,29970.0,True
TRIP_2e65275cd4,U_3e3f25b708,OUT,IN_LK,BUSINESS,2025-02-14,2025-02-25,3,3107.0,True
TRIP_86984750fb,U_3e3f25b708,OUT,IN_AE,MEDICAL,2025-07-08,2025-07-19,1,61494.0,True
TRIP_65b816c8cc,U_68787d08f7,OUT,IN_FR,LEISURE,2024-11-24,2024-12-07,2,11290.0,True
TRIP_881d4630ac,U_68787d08f7,OUT,IN_BT,PILGRIMAGE,2025-02-22,2025-02-25,1,9931.0,True
TRIP_d2909cc6b3,U_bb47bbd7fe,OUT,IN_SG,VFR,2024-12-23,2025-01-04,1,11938.0,True
TRIP_fd5ec98eaf,U_e52d3cf455,OUT,IN_AE,TRANSIT,2025-12-28,2026-01-06,3,6387.0,True
TRIP_100c854b0f,U_84562ced49,OUT,IN_LK,LEISURE,2026-05-21,2026-06-02,1,1900.0,True
TRIP_02a9518886,U_84562ced49,OUT,OTHER_R2,LEISURE,2025-03-26,2025-03-28,3,7750.0,True
TRIP_e39b6e888a,U_84562ced49,OUT,IN_AE,VFR,2025-05-28,2025-06-08,1,25667.0,True
TRIP_8471492bed,U_dc3ec57546,OUT,IN_AE,LEISURE,2026-03-12,2026-03-21,3,4084.0,True
TRIP_c2f030e1ef,U_dc3ec57546,OUT,IN_AE,VFR,2026-02-16,2026-03-01,4,3888.0,True
TRIP_e58e5f82da,U_dc3ec57546,OUT,IN_KH,LEISURE,2025-09-30,2025-10-12,2,13842.0,True
TRIP_0140ee3482,U_dc3ec57546,OUT,OTHER_R2,MEDICAL,2024-08-17,2024-08-21,1,4591.0,True
TRIP_6fb985ff91,U_97eb9d4b16,OUT,IN_BT,TRANSIT,2026-04-24,2026-05-08,4,25644.0,True
TRIP_9861786be7,U_97eb9d4b16,OUT,IN_FR,LEISURE,2025-06-15,2025-06-17,2,13176.0,True
TRIP_377b4782c4,U_97eb9d4b16,OUT,IN_SG,LEISURE,2026-04-25,2026-05-08,1,41522.0,True
TRIP_eb2dfcb295,U_97eb9d4b16,OUT,IN_BT,EDUCATION,2026-04-21,2026-04-29,4,34788.0,True
TRIP_8004926ac4,U_f21687462f,OUT,IN_AE,BUSINESS,2025-05-11,2025-05-23,1,16439.0,True
TRIP_4a58626946,U_820dec68a9,OUT,OTHER_R2,LEISURE,2024-09-05,2024-09-17,2,7629.0,True
TRIP_f160a2224c,U_5f0e8e9c6c,OUT,OTHER_R2,LEISURE,2025-03-04,2025-03-11,4,4639.0,True
TRIP_f53a1482ca,U_5f0e8e9c6c,OUT,IN_FR,LEISURE,2025-11-04,2025-11-15,3,9387.0,True
TRIP_980134dafb,U_29e9941dce,OUT,IN_BT,VFR,2025-07-11,2025-07-24,2,13119.0,True
TRIP_0ab6a0f553,U_29e9941dce,OUT,IN_QA,MEDICAL,2025-10-15,2025-10-19,2,6792.0,True
TRIP_49fd499ed6,U_f605b5ee40,OUT,IN_SG,BUSINESS,2025-07-17,2025-07-22,2,13806.0,True
TRIP_6ba7021291,U_0722fa1640,OUT,IN_QA,BUSINESS,2026-03-23,2026-04-05,4,9451.0,True
TRIP_801f4c2989,U_e34a8667e4,OUT,IN_NP,BUSINESS,2024-10-16,2024-10-18,3,13329.0,True
TRIP_4867766854,U_0be7988e2b,OUT,IN_LK,PILGRIMAGE,2024-12-06,2024-12-09,4,49003.0,True
TRIP_9ebf3ad475,U_d1644771f6,OUT,IN_AE,EDUCATION,2025-03-19,2025-04-01,4,14172.0,True
TRIP_3fa2c5402e,U_b36e77f42c,OUT,IN_FR,EDUCATION,2026-05-18,2026-05-20,3,15074.0,True
TRIP_7662e1a712,U_343086a371,OUT,IN_NP,MEDICAL,2025-06-25,2025-06-30,3,21498.0,True
TRIP_d8dc0397f6,U_ce80d779db,OUT,IN_QA,EVENT,2024-11-20,2024-11-23,4,6231.0,True
TRIP_d89c00cdd5,U_d6f1843c2a,OUT,IN_SG,BUSINESS,2025-09-21,2025-09-24,4,4565.0,True
TRIP_1d15b46d21,U_d6f1843c2a,OUT,OTHER_R2,EVENT,2025-12-14,2025-12-27,1,16814.0,True
TRIP_6994bf59fb,U_89e901ffbc,OUT,IN_BT,BUSINESS,2026-05-01,2026-05-11,2,8127.0,True
TRIP_8f1e1c96b4,U_371e1afaad,OUT,IN_NP,EDUCATION,2025-09-11,2025-09-20,1,10937.0,True
TRIP_de3ceb0ba6,U_20efec00b5,OUT,IN_SG,VFR,2025-12-04,2025-12-11,2,28826.0,True
TRIP_748f2d96a2,U_20efec00b5,OUT,OTHER_R2,VFR,2026-06-29,2026-07-08,4,24082.0,True
TRIP_104d9784cb,U_7d92eb0076,OUT,IN_AE,MEDICAL,2025-02-27,2025-03-08,2,10944.0,True
TRIP_8bc3b82632,U_550174208a,OUT,IN_SG,EVENT,2025-12-30,2026-01-08,4,10385.0,True
TRIP_5383077fce,U_550174208a,OUT,IN_NP,LEISURE,2025-10-01,2025-10-07,3,10522.0,True
TRIP_9f1be133f1,U_550174208a,OUT,IN_SG,BUSINESS,2026-05-03,2026-05-09,2,21950.0,True
TRIP_e518a51fc7,U_550174208a,OUT,IN_AE,LEISURE,2025-12-20,2025-12-23,4,12558.0,True
TRIP_1a70c68498,U_38830c8950,OUT,IN_MU,LEISURE,2025-11-24,2025-11-28,2,26353.0,True
TRIP_0659eff3a5,U_38830c8950,OUT,IN_AE,BUSINESS,2026-01-18,2026-01-31,2,19778.0,True
TRIP_6cace7f88c,U_38830c8950,OUT,IN_AE,LEISURE,2025-11-29,2025-12-13,1,24287.0,False
TRIP_8e72d6fe95,U_dd364e5d30,OUT,IN_FR,EDUCATION,2026-02-05,2026-02-12,1,13020.0,True
TRIP_dad2377f31,U_511e4719de,OUT,IN_QA,EDUCATION,2026-07-01,2026-07-05,1,17024.0,True
TRIP_385ade075c,U_75b9be0e40,OUT,IN_SG,LEISURE,2026-04-24,2026-05-02,4,19584.0,True
TRIP_89030974af,U_75b9be0e40,OUT,IN_AE,BUSINESS,2026-06-04,2026-06-15,1,6894.0,True
TRIP_c587148593,U_3e7f53ed4f,OUT,IN_AE,VFR,2025-12-15,2025-12-18,3,5085.0,True
TRIP_831f30c720,U_3e7f53ed4f,OUT,IN_AE,EVENT,2025-08-21,2025-08-30,4,11274.0,False
TRIP_52e23d5c4d,U_17ee6679a4,OUT,IN_FR,VFR,2024-10-31,2024-11-12,3,6974.0,True
TRIP_1f601633c5,U_a59ca7a52b,OUT,IN_NP,LEISURE,2025-09-11,2025-09-14,1,12031.0,True
TRIP_5461b404ac,U_a313e8f8c3,OUT,OTHER_R2,EVENT,2025-02-16,2025-02-19,4,2862.0,True
TRIP_7ef4980e38,U_a313e8f8c3,OUT,IN_AE,LEISURE,2025-09-17,2025-09-25,4,5236.0,True
TRIP_5b1117beb7,U_57e2ecb07f,OUT,IN_AE,VFR,2025-11-27,2025-12-05,3,29486.0,True
TRIP_2559c80474,U_96c2a6973d,OUT,IN_SG,VFR,2026-01-01,2026-01-10,1,18404.0,True
TRIP_5e9fee0a27,U_e5cc79b094,OUT,IN_SG,BUSINESS,2024-10-13,2024-10-17,3,16412.0,True
TRIP_2079e8a601,U_e5cc79b094,OUT,IN_QA,EDUCATION,2026-03-02,2026-03-08,3,20711.0,True
TRIP_b79d490628,U_e5cc79b094,OUT,IN_NP,TRANSIT,2025-09-12,2025-09-26,4,10338.0,True
TRIP_e3f52509f3,U_7abd7df9da,OUT,IN_AE,EDUCATION,2025-09-01,2025-09-14,3,9896.0,True
TRIP_17c82f5c21,U_7abd7df9da,OUT,OTHER_R2,MEDICAL,2025-11-09,2025-11-17,4,4217.0,True
TRIP_725e975dbd,U_82e76376b3,OUT,IN_LK,BUSINESS,2025-05-13,2025-05-25,3,4209.0,True
TRIP_01dfd84697,U_cbf5a18c80,OUT,IN_MU,EDUCATION,2026-03-10,2026-03-15,1,10950.0,True
TRIP_4f476e356d,U_6d6248630e,OUT,IN_AE,LEISURE,2025-10-16,2025-10-20,3,7338.0,True
TRIP_b4737b11ff,U_51db3982ed,OUT,IN_SG,VFR,2025-01-23,2025-01-25,2,15461.0,True
TRIP_ad0cc2b92a,U_51db3982ed,OUT,IN_AE,LEISURE,2025-10-30,2025-11-13,1,16049.0,True
TRIP_768269a5d4,U_174a4e1034,OUT,IN_AE,EVENT,2026-04-08,2026-04-20,3,18722.0,True
TRIP_afc4d2a8df,U_174a4e1034,OUT,IN_AE,TRANSIT,2026-07-08,2026-07-16,1,4163.0,False
TRIP_1d994ad09e,U_174a4e1034,OUT,IN_BT,PILGRIMAGE,2026-01-11,2026-01-22,3,16353.0,True
TRIP_7b790ae801,U_48d31e2451,OUT,IN_SG,PILGRIMAGE,2024-11-13,2024-11-24,2,5352.0,True
TRIP_66ba670c48,U_48d31e2451,OUT,IN_AE,LEISURE,2025-02-06,2025-02-13,2,13562.0,True
TRIP_8602c0f82e,U_abc429108a,OUT,IN_SG,LEISURE,2024-08-29,2024-09-02,1,25778.0,True
TRIP_05765e6cd6,U_abc429108a,OUT,IN_QA,LEISURE,2025-08-22,2025-08-30,4,5556.0,True
TRIP_c503876c2b,U_abc429108a,OUT,IN_KH,BUSINESS,2025-02-22,2025-03-02,3,5379.0,True
TRIP_ed55e6e1d7,U_abc429108a,OUT,IN_NP,PILGRIMAGE,2025-01-25,2025-02-07,2,29382.0,True
TRIP_b7e9388d53,U_83c1092851,OUT,IN_LK,EDUCATION,2025-09-04,2025-09-15,1,4567.0,True
TRIP_eba63c793c,U_83c1092851,OUT,IN_NP,LEISURE,2025-05-22,2025-05-28,4,24462.0,True
TRIP_187acd1452,U_3bf9b160e6,OUT,IN_AE,EDUCATION,2025-09-16,2025-09-19,1,17529.0,True
TRIP_dc980d781f,U_3bf9b160e6,OUT,IN_NP,EDUCATION,2024-09-24,2024-09-29,1,9178.0,True
TRIP_a8c543c423,U_9e149cf32f,OUT,IN_NP,EDUCATION,2026-02-27,2026-03-13,1,21147.0,True
TRIP_1da29f6355,U_b5b98febe0,OUT,IN_AE,VFR,2024-12-01,2024-12-06,3,30071.0,True
TRIP_cf00c055eb,U_b5b98febe0,OUT,IN_FR,LEISURE,2025-05-28,2025-06-09,1,23521.0,True
TRIP_4025cabb29,U_9c8c917dd6,OUT,IN_QA,LEISURE,2026-04-25,2026-04-29,1,4946.0,True
TRIP_bde740de8d,U_004d720926,OUT,IN_FR,PILGRIMAGE,2026-02-24,2026-02-27,1,22388.0,True
TRIP_ae8953ad80,U_2b59ec4c2a,OUT,IN_NP,LEISURE,2025-06-11,2025-06-14,2,44871.0,True
TRIP_2f2a2aab61,U_2b59ec4c2a,OUT,IN_AE,LEISURE,2025-09-03,2025-09-08,3,23157.0,True
TRIP_52381069cb,U_018ad31b34,OUT,IN_AE,EDUCATION,2025-11-27,2025-12-09,2,24701.0,True
TRIP_891209b956,U_018ad31b34,OUT,IN_KH,EDUCATION,2024-09-14,2024-09-27,2,14423.0,True
TRIP_bc77697990,U_df65300c36,OUT,IN_NP,VFR,2026-06-22,2026-06-28,4,30773.0,True
TRIP_3081089f7c,U_20279641cc,OUT,IN_NP,MEDICAL,2026-05-22,2026-05-31,4,15887.0,True
TRIP_595888a4e4,U_e75efd4f3f,OUT,IN_AE,EDUCATION,2025-10-01,2025-10-11,1,11218.0,True
TRIP_011e8e8cd3,U_e75efd4f3f,OUT,IN_KH,PILGRIMAGE,2025-04-18,2025-04-28,2,15459.0,True
TRIP_b4ba03984e,U_b180595b71,OUT,OTHER_R2,LEISURE,2025-02-21,2025-02-28,1,27891.0,True
TRIP_3ea9144504,U_b180595b71,OUT,IN_BT,EVENT,2025-03-14,2025-03-19,4,3367.0,True
TRIP_6803715a9f,U_b180595b71,OUT,IN_NP,LEISURE,2026-06-17,2026-06-24,1,2862.0,True
TRIP_9204baa896,U_3fa3ffc7d1,OUT,IN_AE,LEISURE,2025-08-29,2025-09-06,3,14522.0,True
TRIP_7878078db7,U_3fa3ffc7d1,OUT,IN_NP,BUSINESS,2025-02-04,2025-02-17,4,12037.0,True
TRIP_436e1e3e30,U_b3623ac2df,OUT,OTHER_R2,VFR,2025-06-15,2025-06-18,1,17687.0,True
TRIP_272b70f3a7,U_420c9d7a2d,OUT,IN_LK,LEISURE,2026-03-31,2026-04-02,2,19489.0,True
TRIP_78d314600a,U_87b5fbe01c,OUT,IN_NP,LEISURE,2024-10-10,2024-10-14,2,12166.0,True
TRIP_aef8ea2740,U_9e46200c5a,OUT,IN_LK,EDUCATION,2026-01-06,2026-01-17,3,50937.0,True
TRIP_a086699a99,U_9e46200c5a,OUT,IN_MU,EDUCATION,2025-02-28,2025-03-11,2,34755.0,True
TRIP_62302b8e1d,U_9e46200c5a,OUT,IN_AE,EDUCATION,2025-05-10,2025-05-16,3,17035.0,True
TRIP_89e13df574,U_ce1f5e2eba,OUT,IN_NP,BUSINESS,2025-06-05,2025-06-12,2,12536.0,True
TRIP_594c3d1135,U_ce1f5e2eba,OUT,IN_AE,MEDICAL,2026-04-22,2026-04-24,4,16922.0,True
TRIP_f63cd59bc8,U_6297300577,OUT,OTHER_R2,LEISURE,2025-01-21,2025-01-30,2,24685.0,True
TRIP_ea17987fc4,U_6297300577,OUT,IN_AE,LEISURE,2025-11-03,2025-11-05,2,17571.0,True
TRIP_897084402b,U_7e5f18c571,OUT,IN_SG,LEISURE,2026-05-14,2026-05-24,4,18633.0,True
TRIP_8b957f70ab,U_c1820f1475,OUT,IN_NP,BUSINESS,2025-03-19,2025-04-01,4,6295.0,True
TRIP_7e0f817f45,U_9af7844e46,OUT,IN_SG,TRANSIT,2026-05-25,2026-05-27,3,5622.0,True
TRIP_95ab5fb078,U_9af7844e46,OUT,IN_BT,EVENT,2024-11-04,2024-11-18,4,14687.0,True
TRIP_a99d18ca55,U_c6e9ca9593,OUT,IN_AE,BUSINESS,2026-01-07,2026-01-10,2,5583.0,True
TRIP_662cabf352,U_c6e9ca9593,OUT,OTHER_R2,EDUCATION,2025-02-21,2025-02-24,3,16437.0,True
TRIP_3536d0f969,U_9076dc5526,OUT,OTHER_R2,LEISURE,2025-08-27,2025-09-07,2,20006.0,True
TRIP_7239aa530a,U_9076dc5526,OUT,IN_AE,LEISURE,2026-02-02,2026-02-07,3,23430.0,True
TRIP_d190cbb7de,U_ebbf1744b9,OUT,OTHER_R2,LEISURE,2026-04-20,2026-04-30,1,12550.0,True
TRIP_8ae412f98c,U_ebbf1744b9,OUT,IN_AE,VFR,2024-09-20,2024-10-04,4,11562.0,True
TRIP_34779c1107,U_1e3e9deff6,OUT,IN_NP,BUSINESS,2025-02-15,2025-02-28,1,35467.0,True
TRIP_9f66adda8c,U_d29f852756,OUT,OTHER_R2,VFR,2026-04-01,2026-04-13,1,5506.0,True
TRIP_f137708697,U_d29f852756,OUT,IN_QA,PILGRIMAGE,2025-04-07,2025-04-21,2,1159.0,True
TRIP_65c25a011e,U_d29f852756,OUT,IN_KH,LEISURE,2024-12-03,2024-12-12,3,2692.0,True
TRIP_323465d475,U_d29f852756,OUT,IN_BT,TRANSIT,2024-11-08,2024-11-17,3,47678.0,True
TRIP_4dfde5f921,U_95414e21fe,OUT,IN_NP,LEISURE,2024-10-06,2024-10-16,3,6269.0,True
TRIP_4585b56c1f,U_d46c64177c,OUT,OTHER_R2,EDUCATION,2024-08-13,2024-08-15,3,7002.0,True
TRIP_701a38eb2a,U_c899aa7cf2,OUT,IN_QA,EDUCATION,2026-06-08,2026-06-16,1,25365.0,True
TRIP_98464628f2,U_0afec746e5,OUT,IN_AE,BUSINESS,2026-06-22,2026-07-06,1,12496.0,True
TRIP_3efaecfca8,U_0afec746e5,OUT,IN_AE,EVENT,2026-05-20,2026-05-26,1,3160.0,False
TRIP_1b8a306504,U_0afec746e5,OUT,IN_QA,LEISURE,2025-08-23,2025-08-29,2,27852.0,True
TRIP_d19907fa38,U_0afec746e5,OUT,IN_NP,VFR,2024-09-25,2024-09-27,2,6580.0,True
TRIP_6b8a64910f,U_0afec746e5,OUT,IN_AE,LEISURE,2025-10-04,2025-10-18,3,9079.0,False
TRIP_dba7ec75a4,U_601ae3d2bc,OUT,OTHER_R2,VFR,2025-03-31,2025-04-05,1,24502.0,True
TRIP_c0b8f88769,U_2a23becead,OUT,OTHER_R2,PILGRIMAGE,2024-10-04,2024-10-18,3,20451.0,True
TRIP_f4e2d2b046,U_2a23becead,OUT,IN_AE,LEISURE,2024-12-08,2024-12-19,3,13188.0,True
TRIP_92d058cb84,U_2a23becead,OUT,IN_QA,VFR,2025-06-26,2025-07-07,3,3500.0,True
TRIP_c852e4df93,U_2a23becead,OUT,IN_QA,MEDICAL,2025-01-08,2025-01-10,3,10579.0,False
TRIP_4a7dc00cf4,U_123de5b504,OUT,OTHER_R2,LEISURE,2025-08-06,2025-08-17,1,5945.0,True
TRIP_5539d276b3,U_123de5b504,OUT,IN_NP,LEISURE,2024-09-04,2024-09-15,2,6770.0,True
TRIP_40279e4158,U_c68055d1d1,OUT,IN_AE,LEISURE,2025-06-19,2025-06-30,3,10407.0,True
TRIP_cffbb23a08,U_7d513ab492,OUT,IN_LK,EDUCATION,2025-05-18,2025-05-22,3,13127.0,True
TRIP_d3e5db3ba5,U_08e9a161cd,OUT,IN_QA,EDUCATION,2025-02-20,2025-03-02,2,26811.0,True
TRIP_b732b2fb54,U_08e9a161cd,OUT,IN_KH,MEDICAL,2025-07-27,2025-07-29,4,8228.0,True
TRIP_3a38d43df1,U_08e9a161cd,OUT,IN_BT,MEDICAL,2025-01-12,2025-01-25,3,24258.0,True
TRIP_4cd8b94d07,U_6169d52073,OUT,IN_SG,PILGRIMAGE,2026-04-15,2026-04-27,4,5305.0,True
TRIP_86ff37ad17,U_235a1e4eea,OUT,IN_AE,BUSINESS,2024-10-22,2024-11-03,1,30099.0,True
TRIP_acbb42c7ea,U_48e65a8778,OUT,IN_SG,TRANSIT,2025-12-06,2025-12-16,4,15596.0,True
TRIP_b393927969,U_cefd0e69e1,OUT,IN_FR,MEDICAL,2024-08-11,2024-08-25,3,10856.0,True
TRIP_358e78e93f,U_309a634eae,OUT,OTHER_R2,EDUCATION,2025-10-10,2025-10-14,4,33884.0,True
TRIP_7fb8535069,U_eafa94cb0d,OUT,IN_FR,LEISURE,2024-10-26,2024-10-29,2,16685.0,True
TRIP_d315b43a56,U_6643a373f8,OUT,OTHER_R2,VFR,2025-05-05,2025-05-18,2,6166.0,True
TRIP_f8d6089a49,U_6643a373f8,OUT,IN_BT,VFR,2026-06-18,2026-06-22,4,4643.0,True
TRIP_d0617596f1,U_6643a373f8,OUT,IN_LK,LEISURE,2025-10-27,2025-11-02,4,28856.0,True
TRIP_82adc40f12,U_6643a373f8,OUT,IN_NP,EDUCATION,2026-01-28,2026-02-10,4,9637.0,True
TRIP_795bab375a,U_238787ed69,OUT,IN_AE,BUSINESS,2025-06-11,2025-06-24,3,3958.0,True
TRIP_e77291ae49,U_7540c13bd6,OUT,IN_NP,VFR,2026-05-11,2026-05-24,4,16042.0,True
TRIP_098a91d458,U_7540c13bd6,OUT,IN_NP,BUSINESS,2024-12-10,2024-12-22,3,17022.0,False
TRIP_f03e42a10a,U_3517f524ba,OUT,OTHER_R2,LEISURE,2026-01-10,2026-01-13,1,13643.0,True
TRIP_27a2797f2c,U_3517f524ba,OUT,IN_BT,BUSINESS,2026-03-12,2026-03-20,4,24041.0,True
TRIP_539e9349e6,U_ffee9241ed,OUT,IN_LK,EDUCATION,2025-12-07,2025-12-19,2,36404.0,True
TRIP_fcb98e3574,U_c19a3b5a75,OUT,IN_AE,LEISURE,2025-08-23,2025-08-25,1,63679.0,True
TRIP_f548f68b39,U_c19a3b5a75,OUT,IN_AE,LEISURE,2026-02-01,2026-02-13,2,9127.0,False
TRIP_1595fdb0be,U_5f83cc8ebe,OUT,OTHER_R2,LEISURE,2026-01-17,2026-01-23,1,2206.0,True
TRIP_0128b93ff2,U_820e1219bc,OUT,IN_AE,LEISURE,2025-01-03,2025-01-06,1,13658.0,True
TRIP_af325b2503,U_575e714c3f,OUT,IN_AE,BUSINESS,2026-02-14,2026-02-24,1,17336.0,True
TRIP_7c7e935a4f,U_93fd732a02,OUT,IN_AE,TRANSIT,2025-10-02,2025-10-05,2,8537.0,True
TRIP_a3246afd80,U_cbe31af3ad,OUT,IN_NP,EDUCATION,2026-02-28,2026-03-08,3,14257.0,True
TRIP_602cbbf065,U_cbe31af3ad,OUT,IN_AE,EVENT,2025-03-12,2025-03-15,2,8932.0,True
TRIP_18baab92a4,U_909014bd06,OUT,IN_AE,EDUCATION,2025-04-23,2025-05-04,4,20339.0,True
TRIP_f783c82b16,U_909014bd06,OUT,IN_LK,MEDICAL,2026-01-20,2026-02-02,3,33844.0,True
TRIP_0bf1e4e6da,U_909014bd06,OUT,IN_AE,EDUCATION,2026-05-19,2026-05-25,1,14512.0,True
TRIP_ecbfd28b54,U_909014bd06,OUT,IN_SG,EDUCATION,2025-04-11,2025-04-18,3,5811.0,True
TRIP_b356ce3d59,U_3d556632d5,OUT,IN_AE,MEDICAL,2025-05-04,2025-05-12,2,30167.0,True
TRIP_12209e600b,U_3d556632d5,OUT,IN_LK,MEDICAL,2025-07-25,2025-07-30,1,34483.0,True
TRIP_b99abc0d14,U_4a498e36af,OUT,IN_AE,TRANSIT,2025-12-19,2026-01-01,2,9900.0,True
TRIP_f4b3c4150f,U_4a498e36af,OUT,IN_NP,LEISURE,2026-03-10,2026-03-16,1,81979.0,True
TRIP_5a939f826d,U_b32abc7956,OUT,IN_SG,BUSINESS,2026-06-10,2026-06-21,4,12422.0,True
TRIP_b21fea58b4,U_b32abc7956,OUT,IN_LK,VFR,2025-05-27,2025-06-06,3,9564.0,True
TRIP_c3ae7fb1bd,U_b32abc7956,OUT,IN_SG,VFR,2024-10-23,2024-11-02,3,9103.0,True
TRIP_e6a7e8c715,U_a12544660b,OUT,IN_AE,EDUCATION,2024-12-29,2025-01-09,3,19771.0,True
TRIP_2d4ee42de2,U_a12544660b,OUT,OTHER_R2,LEISURE,2024-09-05,2024-09-12,1,5006.0,True
TRIP_b626b0a3e1,U_a12544660b,OUT,IN_AE,VFR,2026-07-04,2026-07-06,4,14721.0,False
TRIP_b65b50b413,U_a12544660b,OUT,IN_AE,LEISURE,2025-05-11,2025-05-17,4,8831.0,False
TRIP_593108c7cc,U_a477bf27e6,OUT,OTHER_R2,BUSINESS,2026-05-15,2026-05-19,2,13679.0,True
TRIP_d1eb78eb1c,U_a477bf27e6,OUT,IN_AE,TRANSIT,2025-03-14,2025-03-27,1,11552.0,True
TRIP_e6b9e2cd2a,U_a477bf27e6,OUT,IN_SG,MEDICAL,2025-04-17,2025-04-19,4,7213.0,True
TRIP_67d1988167,U_a477bf27e6,OUT,IN_SG,MEDICAL,2024-10-18,2024-10-24,3,6994.0,False
TRIP_a50abc0770,U_6982e4e7ae,OUT,IN_NP,TRANSIT,2024-09-27,2024-10-09,3,15043.0,True
TRIP_d2ce9fb9b2,U_6982e4e7ae,OUT,IN_SG,LEISURE,2024-10-28,2024-11-01,4,15560.0,True
TRIP_e5f4c6e754,U_339a5c1a4f,OUT,IN_KH,MEDICAL,2026-03-26,2026-03-31,2,19384.0,True
TRIP_209a8ff016,U_339a5c1a4f,OUT,IN_LK,VFR,2024-08-19,2024-08-31,4,13721.0,True
TRIP_3ffd2359d6,U_63f9fc6134,OUT,IN_KH,LEISURE,2025-12-27,2026-01-08,4,32131.0,True
TRIP_00ed4860ce,U_63f9fc6134,OUT,IN_MU,LEISURE,2025-12-21,2026-01-01,1,7765.0,True
TRIP_beeea55dc7,U_63f9fc6134,OUT,IN_FR,LEISURE,2024-10-09,2024-10-11,1,16347.0,True
TRIP_b7a182ceb3,U_93ea693103,OUT,IN_NP,LEISURE,2025-06-25,2025-06-30,1,9103.0,True
TRIP_2159ce0f52,U_93ea693103,OUT,IN_AE,VFR,2026-01-26,2026-01-28,4,17651.0,True
TRIP_d87a0fac17,U_1d2780430f,OUT,IN_AE,TRANSIT,2025-10-07,2025-10-13,2,69252.0,True
TRIP_684baed117,U_1d2780430f,OUT,IN_NP,VFR,2025-08-08,2025-08-15,4,9537.0,True
TRIP_b0e9c3f58d,U_79b801c46b,OUT,IN_SG,VFR,2026-05-30,2026-06-07,4,30531.0,True
TRIP_8a50d565ab,U_79b801c46b,OUT,OTHER_R2,EVENT,2025-04-28,2025-05-09,1,19799.0,True
TRIP_7e65028917,U_79b801c46b,OUT,OTHER_R2,TRANSIT,2026-06-06,2026-06-17,4,15051.0,True
TRIP_b3fd408e3e,U_bd5f060bf5,OUT,IN_KH,LEISURE,2025-05-09,2025-05-23,4,8965.0,True
TRIP_ac10b25063,U_2ab07fe896,OUT,IN_AE,BUSINESS,2025-04-12,2025-04-20,2,8169.0,True
TRIP_994f388de9,U_2ab07fe896,OUT,IN_AE,VFR,2026-04-13,2026-04-20,4,22130.0,True
TRIP_3921afd1d7,U_22b613d777,OUT,IN_NP,VFR,2026-03-14,2026-03-27,2,7783.0,True
TRIP_11f06234a2,U_22b613d777,OUT,OTHER_R2,LEISURE,2024-10-20,2024-10-29,4,12432.0,True
TRIP_cf53742a88,U_22b613d777,OUT,IN_NP,LEISURE,2025-11-15,2025-11-18,4,10082.0,False
TRIP_15db912293,U_538d2c8fd3,OUT,IN_AE,LEISURE,2025-09-22,2025-09-26,1,19532.0,True
TRIP_c7ab547332,U_fb29318287,OUT,IN_AE,LEISURE,2025-10-24,2025-11-01,4,4453.0,True
TRIP_5c6cfa6692,U_c595868966,OUT,IN_AE,LEISURE,2026-02-21,2026-02-28,4,5954.0,True
TRIP_d72fe375fb,U_c595868966,OUT,IN_MU,BUSINESS,2026-04-29,2026-05-01,2,93548.0,True
TRIP_b575977c2e,U_b4de38d708,OUT,IN_SG,EVENT,2025-04-05,2025-04-13,3,30146.0,True
TRIP_58ff816b98,U_23232adc1f,OUT,OTHER_R2,EDUCATION,2025-02-20,2025-02-24,1,6400.0,True
TRIP_71526fdebd,U_70830d0610,OUT,IN_SG,LEISURE,2026-06-09,2026-06-16,3,12225.0,True
TRIP_9fcc11188b,U_6fac22a369,OUT,IN_AE,LEISURE,2025-09-13,2025-09-17,4,21201.0,True
TRIP_51daa3f948,U_6fac22a369,OUT,IN_BT,VFR,2025-04-01,2025-04-10,4,25991.0,True
TRIP_cbb2a74763,U_6fac22a369,OUT,IN_QA,MEDICAL,2026-06-09,2026-06-17,2,11339.0,True
TRIP_70416af2ee,U_b5b74e801b,OUT,IN_AE,LEISURE,2026-01-14,2026-01-26,1,8257.0,True
TRIP_3160bbfcc5,U_b5b74e801b,OUT,IN_QA,LEISURE,2025-02-09,2025-02-21,3,36823.0,True
TRIP_e4e2f87425,U_23ef56ae3b,OUT,IN_FR,BUSINESS,2025-05-22,2025-06-02,1,7670.0,True
TRIP_b90f4484ac,U_f7e3162742,OUT,IN_AE,VFR,2026-01-01,2026-01-05,3,3791.0,True
TRIP_cb15430404,U_9ca4b40705,OUT,IN_NP,EVENT,2025-05-14,2025-05-26,4,3611.0,True
TRIP_0f369aa348,U_6200224b31,OUT,IN_NP,LEISURE,2025-04-21,2025-05-05,3,18482.0,True
TRIP_5b78d4894f,U_0fb2cd7a43,OUT,IN_SG,VFR,2025-03-09,2025-03-12,2,14701.0,True
TRIP_4c1aa2f86f,U_3a75f87265,OUT,IN_LK,TRANSIT,2025-05-16,2025-05-20,4,19927.0,True
TRIP_35ab6a4b6f,U_3a75f87265,OUT,IN_AE,BUSINESS,2026-04-17,2026-04-25,3,12245.0,True
TRIP_4edcd11b1f,U_394094c4ff,OUT,IN_NP,EDUCATION,2024-10-15,2024-10-18,1,27581.0,True
TRIP_b4b2d2fac9,U_39d2756373,OUT,IN_AE,LEISURE,2026-03-15,2026-03-18,1,14001.0,True
TRIP_a211f340bb,U_39d2756373,OUT,IN_BT,LEISURE,2025-09-05,2025-09-08,4,26342.0,True
TRIP_b1a81e9b33,U_91cf8971a9,OUT,IN_AE,LEISURE,2025-01-07,2025-01-18,2,51336.0,True
TRIP_6ec3ecb504,U_91cf8971a9,OUT,IN_AE,LEISURE,2026-05-11,2026-05-16,2,9712.0,False
TRIP_3691cae8a4,U_6ed78892fe,OUT,OTHER_R2,TRANSIT,2025-10-04,2025-10-09,1,15719.0,True
TRIP_5cd8a84027,U_6ed78892fe,OUT,IN_FR,LEISURE,2024-12-14,2024-12-19,4,4971.0,True
TRIP_7759a271f2,U_6ed78892fe,OUT,IN_NP,EDUCATION,2025-03-06,2025-03-08,2,36596.0,True
TRIP_d1a15fc978,U_2f02303349,OUT,IN_LK,LEISURE,2024-11-01,2024-11-12,2,14486.0,True
TRIP_7fb217ee1f,U_2f02303349,OUT,IN_QA,MEDICAL,2024-12-12,2024-12-17,1,3578.0,True
TRIP_331cd725ff,U_2f02303349,OUT,IN_AE,PILGRIMAGE,2025-06-01,2025-06-10,2,54982.0,True
TRIP_b455bf0b32,U_ffe2622a2c,OUT,IN_AE,EVENT,2025-09-18,2025-10-02,4,2750.0,True
TRIP_537ffe28aa,U_4d968bc274,OUT,IN_AE,EDUCATION,2024-11-27,2024-12-07,2,37573.0,True
TRIP_a2f06600c2,U_a4b75aa882,OUT,IN_SG,LEISURE,2026-03-21,2026-03-27,1,30529.0,True
TRIP_450c84023c,U_a4b75aa882,OUT,IN_KH,BUSINESS,2025-09-24,2025-10-08,4,4631.0,True
TRIP_a9c06becdb,U_86b91380fc,OUT,IN_NP,LEISURE,2026-07-10,2026-07-17,3,31031.0,True
TRIP_aac55c1a9b,U_7b198558c6,OUT,OTHER_R2,MEDICAL,2025-09-19,2025-09-26,3,9686.0,True
TRIP_1164cfd86c,U_781909a6d0,OUT,IN_AE,LEISURE,2026-04-07,2026-04-16,1,17227.0,True
TRIP_9de26ed93e,U_c09c2cf269,OUT,OTHER_R2,LEISURE,2025-11-28,2025-12-01,4,17785.0,True
TRIP_360bb41e48,U_083070c2e2,OUT,IN_AE,MEDICAL,2025-06-24,2025-07-07,2,5770.0,True
TRIP_e2c11f3f82,U_083070c2e2,OUT,IN_SG,LEISURE,2026-05-11,2026-05-18,4,21780.0,True
TRIP_d0a4ba7348,U_083070c2e2,OUT,IN_AE,PILGRIMAGE,2025-09-07,2025-09-17,2,14362.0,False
TRIP_6c603f884d,U_59d69b4964,OUT,IN_LK,BUSINESS,2025-07-15,2025-07-28,2,5756.0,True
TRIP_ee2a748378,U_51d81e7cac,OUT,IN_NP,LEISURE,2025-01-04,2025-01-16,1,30420.0,True
TRIP_3bb27d5161,U_63f20e7589,OUT,IN_MU,LEISURE,2025-06-17,2025-06-26,4,11188.0,True
TRIP_3d74422595,U_63f20e7589,OUT,IN_SG,LEISURE,2025-03-27,2025-04-04,2,3049.0,True
TRIP_e3c779d66d,U_71c75df2fb,OUT,IN_SG,LEISURE,2026-01-13,2026-01-20,4,11386.0,True
TRIP_c7330631dc,U_71c75df2fb,OUT,IN_NP,BUSINESS,2026-02-14,2026-02-20,3,12161.0,True
TRIP_ec0a46c52e,U_71c75df2fb,OUT,OTHER_R2,VFR,2024-10-21,2024-11-04,3,17292.0,True
TRIP_fcdfa58914,U_71c75df2fb,OUT,IN_MU,LEISURE,2024-09-30,2024-10-07,2,9485.0,True
TRIP_2f79215814,U_dbd7bd122f,OUT,IN_NP,LEISURE,2026-06-13,2026-06-25,1,8356.0,True
TRIP_6cd1f3aaad,U_a717ec374a,OUT,IN_SG,MEDICAL,2026-06-26,2026-07-05,1,18467.0,True
TRIP_027b4fecc1,U_d41e44cda2,OUT,IN_AE,LEISURE,2026-07-09,2026-07-20,4,17709.0,True
TRIP_7709286af0,U_7b64c41ba4,OUT,IN_NP,BUSINESS,2026-04-16,2026-04-18,1,1706.0,True
TRIP_00b312b8e9,U_7b64c41ba4,OUT,OTHER_R2,LEISURE,2024-12-13,2024-12-25,1,35361.0,True
TRIP_aa2c93d3ec,U_3f7d0d2da8,OUT,IN_MU,LEISURE,2025-02-25,2025-02-27,3,3917.0,True
TRIP_8623a47ab2,U_3f7d0d2da8,OUT,IN_NP,MEDICAL,2026-01-17,2026-01-20,4,8853.0,True
TRIP_b54e0ff8cd,U_eaaafa8044,OUT,OTHER_R2,PILGRIMAGE,2025-09-29,2025-10-05,2,27531.0,True
TRIP_dbb1fc3bf4,U_eaaafa8044,OUT,OTHER_R2,BUSINESS,2025-04-03,2025-04-17,3,15861.0,False
TRIP_c0a662a2b1,U_eaaafa8044,OUT,IN_AE,LEISURE,2025-12-16,2025-12-30,3,4298.0,True
TRIP_228f7a9571,U_f2c61b4c61,OUT,IN_AE,LEISURE,2025-12-29,2026-01-01,1,16399.0,True
TRIP_71f8961a7b,U_f2c61b4c61,OUT,IN_SG,BUSINESS,2025-01-06,2025-01-17,1,3461.0,True
TRIP_2b9a75756b,U_f2c61b4c61,OUT,IN_AE,LEISURE,2025-10-19,2025-10-27,3,6355.0,True
TRIP_1374577ade,U_78107847f5,OUT,IN_AE,EDUCATION,2026-02-25,2026-02-28,1,8527.0,True
TRIP_0809794411,U_0d6f923b03,OUT,IN_QA,EDUCATION,2024-08-23,2024-09-04,2,10714.0,True
TRIP_c03c0f5473,U_6b2ffae409,OUT,IN_BT,LEISURE,2025-06-16,2025-06-21,3,12927.0,True
TRIP_08971ae4f2,U_8bdb7e48ec,OUT,OTHER_R2,VFR,2024-11-22,2024-11-26,4,18334.0,True
TRIP_70eb6bebdb,U_89a6441df3,OUT,IN_SG,EVENT,2025-10-27,2025-11-06,1,10328.0,True
TRIP_7acb0aec45,U_89a6441df3,OUT,IN_AE,LEISURE,2025-11-24,2025-12-08,1,32934.0,True
TRIP_d8aa0aef3a,U_89a6441df3,OUT,IN_QA,VFR,2026-04-20,2026-05-04,2,19752.0,True
TRIP_5c020ddcdd,U_89a6441df3,OUT,IN_AE,EDUCATION,2025-07-02,2025-07-11,2,9507.0,False
TRIP_ce0319cf5b,U_c135d90d4d,OUT,OTHER_R2,BUSINESS,2025-08-26,2025-08-30,4,45241.0,True
TRIP_ed0f2b7dee,U_b52910bdc2,OUT,IN_AE,VFR,2026-06-09,2026-06-23,1,10389.0,True
TRIP_c8201d6706,U_4ab0ba0288,OUT,IN_BT,LEISURE,2024-11-06,2024-11-09,1,4618.0,True
TRIP_653e054317,U_1bf3ad1085,OUT,IN_NP,LEISURE,2025-02-01,2025-02-03,1,17783.0,True
TRIP_3199a51c65,U_3b3d1cce66,OUT,IN_KH,PILGRIMAGE,2024-12-10,2024-12-19,3,9506.0,True
TRIP_e554bf8cec,U_3b3d1cce66,OUT,IN_AE,PILGRIMAGE,2025-11-26,2025-12-01,1,4553.0,True
TRIP_d329a72cee,U_3b3d1cce66,OUT,OTHER_R2,LEISURE,2026-02-23,2026-03-03,3,4516.0,True
TRIP_0eb1bd4c03,U_4327709bfe,OUT,IN_SG,VFR,2025-11-16,2025-11-23,3,5170.0,True
TRIP_1b023151c4,U_4327709bfe,OUT,IN_NP,LEISURE,2025-10-28,2025-10-31,2,5428.0,True
TRIP_f192a05f74,U_cd8aca0d0f,OUT,IN_LK,LEISURE,2025-03-10,2025-03-22,2,6384.0,True
TRIP_58ed559422,U_788d38bdf8,OUT,IN_NP,EDUCATION,2025-05-27,2025-06-03,2,16968.0,True
TRIP_998213414b,U_788d38bdf8,OUT,IN_LK,EDUCATION,2025-09-15,2025-09-17,3,64913.0,True
TRIP_e6115f02a0,U_5611a851bd,OUT,IN_AE,EDUCATION,2026-01-30,2026-02-04,2,20278.0,True
TRIP_8bdebb6bd9,U_5611a851bd,OUT,OTHER_R2,LEISURE,2025-10-21,2025-10-26,2,17579.0,True
TRIP_804a2125ed,U_16cd001dff,OUT,IN_AE,LEISURE,2025-03-08,2025-03-21,3,13469.0,True
TRIP_a9522517cb,U_90dfc111df,OUT,OTHER_R2,LEISURE,2024-09-29,2024-10-07,3,11970.0,True
TRIP_b55f62380c,U_90dfc111df,OUT,IN_AE,LEISURE,2026-05-31,2026-06-10,3,26096.0,True
TRIP_cbc9588b92,U_90dfc111df,OUT,IN_LK,BUSINESS,2025-07-11,2025-07-19,1,42574.0,True
TRIP_ac19512009,U_fcf499a691,OUT,IN_NP,EVENT,2025-02-01,2025-02-10,3,10723.0,True
TRIP_d582fa6d1b,U_fcf499a691,OUT,IN_AE,LEISURE,2025-07-03,2025-07-13,1,7498.0,True
TRIP_b46bed86f9,U_fcf499a691,OUT,IN_LK,LEISURE,2025-09-22,2025-10-02,2,26471.0,True
TRIP_92057ae5a4,U_fcf499a691,OUT,IN_NP,LEISURE,2025-08-27,2025-09-05,4,2829.0,True
TRIP_1f6e6fbb24,U_6140d775dd,OUT,IN_LK,LEISURE,2025-12-26,2025-12-29,4,25736.0,True
TRIP_0d2bb114b4,U_46657e7d32,OUT,IN_QA,VFR,2025-05-02,2025-05-13,2,64680.0,True
TRIP_40d44f4604,U_46657e7d32,OUT,IN_LK,LEISURE,2025-08-23,2025-09-03,1,5784.0,True
TRIP_358e6e1698,U_46657e7d32,OUT,IN_AE,LEISURE,2025-04-01,2025-04-15,1,10866.0,True
TRIP_ada994a0fb,U_51347fef36,OUT,IN_BT,LEISURE,2025-09-02,2025-09-08,4,23714.0,True
TRIP_98b0595023,U_51347fef36,OUT,IN_QA,PILGRIMAGE,2025-08-26,2025-09-01,1,21867.0,True
TRIP_443e1baf1d,U_5815e79fbe,OUT,IN_AE,LEISURE,2025-07-24,2025-07-26,1,9294.0,True
TRIP_4302e67cf4,U_c8c4c7b479,OUT,IN_AE,VFR,2026-04-21,2026-05-02,4,15523.0,True
TRIP_f0732df1c5,U_da785c6bd3,OUT,OTHER_R2,LEISURE,2025-05-01,2025-05-15,4,34200.0,True
TRIP_d10df095ff,U_7f9059c26d,OUT,IN_QA,LEISURE,2025-05-02,2025-05-14,4,13902.0,True
TRIP_282550848e,U_ef328363fb,OUT,IN_QA,EVENT,2024-10-08,2024-10-22,3,12660.0,True
TRIP_b504582019,U_166a9b5f78,OUT,IN_LK,TRANSIT,2024-11-10,2024-11-24,3,8952.0,True
TRIP_e5f3dfe42c,U_166a9b5f78,OUT,IN_BT,TRANSIT,2024-08-17,2024-08-30,1,15906.0,True
TRIP_9ae4c9ce1f,U_58214b49d8,OUT,IN_AE,EDUCATION,2025-02-02,2025-02-11,3,5385.0,True
TRIP_0efc3acfe5,U_58214b49d8,OUT,IN_AE,VFR,2025-09-13,2025-09-25,1,16842.0,False
TRIP_e2cace386b,U_e01650019e,OUT,IN_AE,LEISURE,2024-12-18,2024-12-28,3,5292.0,True
TRIP_89c280e734,U_2b6897a9fc,OUT,IN_BT,MEDICAL,2025-09-06,2025-09-20,1,4489.0,True
TRIP_69634c5831,U_2b6897a9fc,OUT,OTHER_R2,TRANSIT,2024-12-20,2025-01-02,2,5808.0,True
TRIP_540ce7276c,U_63b473a3a5,OUT,IN_QA,LEISURE,2026-01-02,2026-01-15,4,7999.0,True
TRIP_0a02e584a2,U_63b473a3a5,OUT,IN_SG,LEISURE,2025-04-03,2025-04-07,2,4018.0,True
TRIP_6d12fc67f9,U_63b473a3a5,OUT,IN_LK,EVENT,2025-11-08,2025-11-22,4,16317.0,True
TRIP_9fbc06793f,U_676d213fbd,OUT,OTHER_R2,BUSINESS,2024-10-10,2024-10-14,2,15999.0,True
TRIP_062f4498b1,U_ff753e22f5,OUT,IN_AE,TRANSIT,2024-10-25,2024-11-03,4,14540.0,True
TRIP_49deca8d48,U_ff753e22f5,OUT,IN_AE,EDUCATION,2026-01-10,2026-01-21,4,4959.0,True
TRIP_e74afa9b1a,U_bc10e07e52,OUT,IN_NP,BUSINESS,2025-05-08,2025-05-12,3,17049.0,True
TRIP_031727bfc0,U_bc10e07e52,OUT,IN_AE,VFR,2026-06-07,2026-06-09,4,42653.0,True
TRIP_d64ec3060f,U_bc10e07e52,OUT,IN_SG,VFR,2024-11-10,2024-11-21,4,1622.0,True
TRIP_2c9c7b0d82,U_0378f6fc14,OUT,IN_QA,BUSINESS,2025-04-24,2025-05-05,2,10130.0,True
TRIP_45b471b910,U_0378f6fc14,OUT,IN_AE,PILGRIMAGE,2025-02-07,2025-02-15,1,17394.0,True
TRIP_80a59f8e8a,U_36f168b0ab,OUT,IN_AE,LEISURE,2024-10-22,2024-10-30,3,11032.0,True
TRIP_eaad1b61cf,U_36f168b0ab,OUT,IN_AE,LEISURE,2024-10-06,2024-10-08,1,13767.0,True
TRIP_c27faee51f,U_f7603b2224,OUT,IN_LK,LEISURE,2025-11-30,2025-12-10,2,2710.0,True
TRIP_33fa02b77d,U_297a5fc1b5,OUT,IN_BT,LEISURE,2026-04-01,2026-04-09,4,15482.0,True
TRIP_f6058eb461,U_297a5fc1b5,OUT,IN_SG,VFR,2024-08-23,2024-08-29,4,26006.0,True
TRIP_79f98c2d15,U_297a5fc1b5,OUT,IN_NP,EDUCATION,2024-12-27,2025-01-03,4,3290.0,True
TRIP_dce005bcb1,U_b728b45ee0,OUT,IN_MU,MEDICAL,2026-05-26,2026-06-07,1,2807.0,True
TRIP_15e4d83e6e,U_b728b45ee0,OUT,IN_QA,MEDICAL,2025-04-04,2025-04-06,2,11677.0,True
TRIP_522a390ee5,U_4ab30b327d,OUT,IN_SG,LEISURE,2024-09-03,2024-09-12,2,9603.0,True
TRIP_29e70c720c,U_3b1c31e6d1,OUT,OTHER_R2,LEISURE,2024-11-11,2024-11-21,3,6709.0,True
TRIP_0607175e2c,U_8804ee310d,OUT,IN_MU,BUSINESS,2025-06-28,2025-07-07,4,32573.0,True
TRIP_97c6029609,U_1bb63ff437,OUT,OTHER_R2,TRANSIT,2026-05-01,2026-05-15,3,25857.0,True
TRIP_8124509bd1,U_f61fe7beea,OUT,IN_AE,BUSINESS,2026-06-07,2026-06-15,3,14474.0,True
TRIP_cb90d51727,U_78a1c97a0d,OUT,OTHER_R2,VFR,2026-01-17,2026-01-24,2,25682.0,True
TRIP_d2f0583775,U_16e6d2bc99,OUT,OTHER_R2,EVENT,2025-12-17,2025-12-22,2,22035.0,True
TRIP_339f30b5f7,U_2b39d763bf,OUT,IN_AE,LEISURE,2024-12-08,2024-12-16,4,39495.0,True
TRIP_7f2f297e1a,U_2b39d763bf,OUT,IN_AE,LEISURE,2026-06-16,2026-06-22,3,27007.0,False
TRIP_a7bcadd865,U_2b39d763bf,OUT,IN_LK,LEISURE,2025-04-20,2025-04-28,4,107933.0,True
TRIP_447b3096e0,U_d1e994598c,OUT,IN_SG,LEISURE,2025-08-16,2025-08-24,2,12137.0,True
TRIP_f458a2a37c,U_b18824b2bd,OUT,IN_AE,TRANSIT,2026-03-06,2026-03-10,2,1049.0,True
TRIP_11dbdd6bfb,U_2bc06bb7c0,OUT,IN_AE,VFR,2025-03-28,2025-04-01,2,3309.0,True
TRIP_04b24fdaa8,U_87db09aaff,OUT,IN_SG,EDUCATION,2025-10-31,2025-11-06,3,5476.0,True
TRIP_d4aacdfa24,U_80b194ae03,OUT,IN_LK,BUSINESS,2026-07-03,2026-07-13,2,47118.0,True
TRIP_0ffa2cb74e,U_80b194ae03,OUT,OTHER_R2,LEISURE,2025-09-01,2025-09-04,3,28322.0,True
TRIP_3fe07dc405,U_80b194ae03,OUT,IN_NP,PILGRIMAGE,2025-05-18,2025-05-23,4,31530.0,True
TRIP_a98387d47c,U_e3e5093ebb,OUT,OTHER_R2,VFR,2026-02-07,2026-02-12,4,53935.0,True
TRIP_522ece5f74,U_ca87f50397,OUT,IN_AE,PILGRIMAGE,2025-06-20,2025-06-22,1,25712.0,True
TRIP_42ca3b3614,U_e1eaeb3bf2,OUT,IN_AE,LEISURE,2026-01-30,2026-02-06,1,5844.0,True
TRIP_abf07b1e94,U_4c416ea606,OUT,IN_AE,VFR,2025-05-01,2025-05-03,2,17596.0,True
TRIP_c219eee17b,U_4c416ea606,OUT,OTHER_R2,LEISURE,2025-06-07,2025-06-10,4,20851.0,True
TRIP_b514b677bd,U_4c416ea606,OUT,IN_NP,LEISURE,2026-04-22,2026-05-06,3,57832.0,True
TRIP_45e41b62b7,U_4c416ea606,OUT,IN_SG,LEISURE,2026-04-25,2026-05-04,2,18903.0,True
TRIP_3163ecded7,U_fd9a0ec238,OUT,IN_AE,LEISURE,2024-10-14,2024-10-26,4,7101.0,True
TRIP_9b2b14b4b3,U_fd9a0ec238,OUT,IN_NP,LEISURE,2025-08-31,2025-09-07,4,3569.0,True
TRIP_aa56fd8c89,U_d1289e967b,OUT,OTHER_R2,BUSINESS,2026-04-30,2026-05-12,4,28453.0,True
TRIP_4909037e49,U_459d087b17,OUT,IN_AE,BUSINESS,2025-03-05,2025-03-15,2,11214.0,True
TRIP_22d3c7f235,U_459d087b17,OUT,IN_AE,EDUCATION,2026-02-19,2026-03-03,3,33612.0,True
TRIP_68fb39edf5,U_85cf8606f0,OUT,IN_AE,BUSINESS,2025-04-07,2025-04-21,2,25880.0,True
TRIP_994c23a129,U_52255a16b3,OUT,IN_AE,BUSINESS,2025-11-11,2025-11-13,3,19317.0,True
TRIP_0442cc7b20,U_ec5a744eba,OUT,IN_BT,LEISURE,2026-02-01,2026-02-06,1,31392.0,True
TRIP_3e44a8d4f6,U_6a902cf999,OUT,IN_AE,VFR,2026-05-15,2026-05-25,1,8393.0,True
TRIP_411881317c,U_d184e09dae,OUT,IN_NP,LEISURE,2026-05-27,2026-06-04,3,3109.0,True
TRIP_14e4b01bd8,U_d184e09dae,OUT,IN_AE,PILGRIMAGE,2024-11-04,2024-11-17,2,4638.0,True
TRIP_f3af25b00d,U_48fec8e63c,OUT,IN_BT,PILGRIMAGE,2024-11-10,2024-11-21,1,36560.0,True
TRIP_e3b64c61ba,U_15a97eeb5f,OUT,IN_AE,EDUCATION,2026-05-11,2026-05-20,1,18529.0,True
TRIP_92a3768b2f,U_15a97eeb5f,OUT,IN_SG,LEISURE,2025-05-05,2025-05-19,4,3048.0,True
TRIP_a71c664e2d,U_15a97eeb5f,OUT,IN_AE,LEISURE,2026-06-18,2026-06-27,3,18023.0,False
TRIP_b6c36cbac2,U_d6649b5525,OUT,IN_SG,LEISURE,2025-05-14,2025-05-25,1,5746.0,True
TRIP_6c1e298c0d,U_41e40cdb93,OUT,IN_BT,VFR,2024-10-16,2024-10-23,3,24126.0,True
TRIP_b11afcd775,U_bfe35659c1,OUT,IN_LK,PILGRIMAGE,2024-09-10,2024-09-18,3,16722.0,True
TRIP_4b32a83e88,U_bfe35659c1,OUT,IN_MU,BUSINESS,2024-08-21,2024-08-27,3,2999.0,True
TRIP_11a43ede08,U_c3b522b8a9,OUT,IN_LK,EVENT,2025-09-13,2025-09-20,4,13380.0,True
TRIP_f223d804fa,U_4b827a2c98,OUT,IN_NP,BUSINESS,2024-10-04,2024-10-14,2,23508.0,True
TRIP_276b412140,U_4b827a2c98,OUT,IN_QA,LEISURE,2025-04-15,2025-04-29,1,14078.0,True
TRIP_1409f56df8,U_1d543bb45e,OUT,IN_NP,EDUCATION,2025-11-26,2025-12-02,4,117052.0,True
TRIP_d8b5cf46cb,U_1d543bb45e,OUT,IN_AE,EDUCATION,2026-05-15,2026-05-21,1,6803.0,True
TRIP_8ba15c5436,U_1382ef5c24,OUT,OTHER_R2,LEISURE,2025-01-31,2025-02-10,3,6958.0,True
TRIP_fa6b898ef1,U_1382ef5c24,OUT,IN_NP,BUSINESS,2025-12-09,2025-12-15,1,28356.0,True
TRIP_c75e911969,U_e00b5ecdae,OUT,IN_NP,VFR,2024-12-30,2025-01-11,1,21954.0,True
TRIP_0294833a32,U_e00b5ecdae,OUT,IN_LK,VFR,2026-01-05,2026-01-12,3,5565.0,True
TRIP_4865c06a20,U_af663804a4,OUT,IN_AE,LEISURE,2024-12-25,2025-01-05,4,9499.0,True
TRIP_afd51fd491,U_7e619c09db,OUT,OTHER_R2,EVENT,2026-06-11,2026-06-23,4,9458.0,True
TRIP_0aa92c5836,U_3d36fc019a,OUT,IN_AE,VFR,2025-07-23,2025-08-03,3,19636.0,True
TRIP_d7f40db287,U_163ea2c46a,OUT,OTHER_R2,LEISURE,2025-05-27,2025-05-31,2,19702.0,True
TRIP_64ca6111cb,U_5cc7e14859,OUT,OTHER_R2,LEISURE,2025-08-20,2025-08-29,1,17350.0,True
TRIP_a4c174bf3e,U_5cc7e14859,OUT,IN_NP,VFR,2026-04-13,2026-04-23,2,10173.0,True
TRIP_a8e18ea2bd,U_e4656d965e,OUT,IN_AE,LEISURE,2025-04-22,2025-04-27,4,20033.0,True
TRIP_030ce1e559,U_e4656d965e,OUT,IN_NP,BUSINESS,2026-03-17,2026-03-24,2,13557.0,True
TRIP_2906c54830,U_e4656d965e,OUT,IN_SG,LEISURE,2025-09-30,2025-10-07,1,9183.0,True
TRIP_dd90f31203,U_e4656d965e,OUT,IN_LK,LEISURE,2026-02-09,2026-02-11,1,8001.0,True
TRIP_6c342f6886,U_e4656d965e,OUT,IN_NP,VFR,2025-11-24,2025-12-01,4,18144.0,False
TRIP_c1a5b5f5d0,U_d8c9efb955,OUT,IN_FR,LEISURE,2026-03-18,2026-03-20,1,24442.0,True
TRIP_8654f4f5dd,U_441684ed38,OUT,IN_AE,EDUCATION,2025-11-16,2025-11-21,2,32005.0,True
TRIP_3c32d1174d,U_21f5ff71ea,OUT,IN_SG,VFR,2025-09-27,2025-09-30,3,6012.0,True
TRIP_34349d4ba9,U_9d159ade5b,OUT,IN_BT,LEISURE,2025-07-04,2025-07-06,1,22928.0,True
TRIP_101ba99b34,U_956a23b96e,OUT,IN_AE,LEISURE,2026-01-07,2026-01-18,4,13924.0,True
TRIP_c66442accc,U_38eeb76139,OUT,IN_AE,LEISURE,2026-01-09,2026-01-21,3,15575.0,True
TRIP_b99c02b89c,U_ffa7bf3dce,OUT,IN_AE,EDUCATION,2025-08-10,2025-08-22,1,24607.0,True
TRIP_592af6afc1,U_ffa7bf3dce,OUT,IN_AE,EDUCATION,2026-03-16,2026-03-19,1,73580.0,False
TRIP_de776696fe,U_d449ed86e6,OUT,IN_SG,VFR,2025-04-26,2025-05-07,4,16419.0,True
TRIP_163e9b255c,U_aad982c5b3,OUT,IN_AE,LEISURE,2025-11-03,2025-11-09,3,20924.0,True
TRIP_f1bde38a21,U_8b3379a49e,OUT,IN_SG,EDUCATION,2025-08-29,2025-09-03,4,19387.0,True
TRIP_726988c26b,U_5de28df11f,OUT,IN_NP,VFR,2025-07-04,2025-07-07,2,2482.0,True
TRIP_ab7b0b0137,U_d63c38b46e,OUT,IN_LK,EDUCATION,2025-08-06,2025-08-11,4,14827.0,True
TRIP_cce169706e,U_d63c38b46e,OUT,IN_QA,LEISURE,2025-08-07,2025-08-19,3,26812.0,True
TRIP_9567e94155,U_4e675ceebe,OUT,IN_BT,LEISURE,2026-03-26,2026-03-31,4,19600.0,True
TRIP_795c82434e,U_8ab907ae30,OUT,IN_NP,EDUCATION,2025-06-26,2025-06-30,1,21524.0,True
TRIP_36ddb9c75f,U_d7236b05d9,OUT,IN_NP,MEDICAL,2024-09-16,2024-09-19,4,24429.0,True
TRIP_52b58270e3,U_489bfeca20,OUT,IN_AE,BUSINESS,2026-02-25,2026-03-04,4,21627.0,True
TRIP_a6f1a673f2,U_06afb42f8c,OUT,IN_AE,BUSINESS,2025-08-09,2025-08-17,2,45923.0,True
TRIP_484759320b,U_810bc4911c,OUT,IN_FR,TRANSIT,2025-05-20,2025-05-27,2,22237.0,True
TRIP_f37e33b56f,U_810bc4911c,OUT,IN_NP,LEISURE,2026-02-08,2026-02-15,4,26159.0,True
TRIP_0a33de3731,U_8719db29d8,OUT,IN_AE,LEISURE,2026-03-09,2026-03-22,2,4300.0,True
TRIP_5e68b9b3ca,U_8719db29d8,OUT,OTHER_R2,LEISURE,2025-12-07,2025-12-20,1,65824.0,True
TRIP_e8e0d16694,U_68ca4a63e5,OUT,IN_NP,VFR,2025-08-11,2025-08-16,1,93497.0,True
TRIP_c61ddde49a,U_e564011e62,OUT,OTHER_R2,VFR,2026-07-11,2026-07-21,4,5008.0,True
TRIP_474ec5afaa,U_88a37ab6c9,OUT,IN_AE,BUSINESS,2025-12-17,2025-12-26,4,4371.0,True
TRIP_3b4ed6a60b,U_de86a88bf0,OUT,IN_AE,VFR,2026-01-11,2026-01-18,2,26446.0,True
TRIP_4ad59ae6d4,U_de86a88bf0,OUT,IN_AE,LEISURE,2025-09-20,2025-10-02,3,25605.0,True
TRIP_4c6bc00e66,U_de86a88bf0,OUT,IN_NP,EVENT,2026-01-06,2026-01-08,2,4360.0,True
TRIP_4b5c7aa422,U_de86a88bf0,OUT,IN_AE,LEISURE,2026-07-02,2026-07-11,2,3941.0,True
TRIP_b34e13cb1d,U_677935a911,OUT,IN_AE,BUSINESS,2026-06-26,2026-07-10,4,6037.0,True
TRIP_dd2ddd23a0,U_677935a911,OUT,IN_AE,LEISURE,2025-04-26,2025-05-03,1,12632.0,False
TRIP_f60394d31a,U_677935a911,OUT,IN_KH,PILGRIMAGE,2025-11-13,2025-11-21,2,2350.0,True
TRIP_b92f5c9b44,U_dd06f749a5,OUT,IN_AE,BUSINESS,2025-07-01,2025-07-12,2,10662.0,True
TRIP_381ae94911,U_dd06f749a5,OUT,IN_AE,BUSINESS,2026-06-12,2026-06-26,3,66410.0,False
TRIP_4deb6e1a51,U_0956ad8a59,OUT,IN_AE,LEISURE,2025-11-01,2025-11-14,3,6842.0,True
TRIP_50a8600992,U_0956ad8a59,OUT,IN_KH,VFR,2025-09-04,2025-09-06,2,9577.0,True
TRIP_18d2697349,U_0956ad8a59,OUT,IN_NP,LEISURE,2024-12-31,2025-01-04,3,10891.0,True
TRIP_1818a35a9e,U_0956ad8a59,OUT,IN_AE,LEISURE,2024-09-05,2024-09-15,1,10206.0,False
TRIP_cbb7a2b7f1,U_8dde4a58cd,OUT,IN_MU,EVENT,2025-08-09,2025-08-17,1,34808.0,True
TRIP_f4bfac4e8c,U_8dde4a58cd,OUT,IN_NP,LEISURE,2024-10-25,2024-11-03,1,28126.0,True
TRIP_6d9e33ebf4,U_946af7b4aa,OUT,IN_AE,PILGRIMAGE,2026-04-29,2026-05-05,3,6400.0,True
TRIP_c50ec57012,U_3f86692a6b,OUT,IN_QA,BUSINESS,2024-12-24,2024-12-30,1,7444.0,True
TRIP_125c3f9c6d,U_3f86692a6b,OUT,OTHER_R2,TRANSIT,2026-05-27,2026-06-10,3,11788.0,True
TRIP_e2de1505b6,U_ecd6a74cc1,OUT,OTHER_R2,TRANSIT,2025-01-31,2025-02-03,1,8037.0,True
TRIP_e3ac100e75,U_36a8a7f0c3,OUT,IN_SG,MEDICAL,2026-05-02,2026-05-11,3,30988.0,True
TRIP_2202b074d7,U_36a8a7f0c3,OUT,IN_NP,EDUCATION,2024-11-16,2024-11-24,2,32027.0,True
TRIP_5e618a93da,U_2b5cdb867f,OUT,IN_NP,LEISURE,2025-04-15,2025-04-20,2,10563.0,True
TRIP_482b9247e9,U_5da82d2659,OUT,IN_SG,LEISURE,2025-05-13,2025-05-26,4,4903.0,True
TRIP_daa1af50a9,U_e71615dbf2,OUT,IN_MU,BUSINESS,2025-12-09,2025-12-15,1,7781.0,True
TRIP_38797b8085,U_1a90ddd5f4,OUT,OTHER_R2,LEISURE,2026-03-01,2026-03-10,4,5932.0,True
TRIP_ed360dc11e,U_36a3089752,OUT,OTHER_R2,LEISURE,2025-03-21,2025-03-24,3,7603.0,True
TRIP_99a01d1db2,U_8af25030bd,OUT,IN_AE,VFR,2026-05-04,2026-05-11,3,6637.0,True
TRIP_cd4ffad234,U_8af25030bd,OUT,IN_AE,BUSINESS,2025-06-06,2025-06-17,3,14490.0,True
TRIP_091464f756,U_3a987ddaeb,OUT,IN_AE,EDUCATION,2025-10-12,2025-10-19,4,7247.0,True
TRIP_4eabd5f608,U_3a987ddaeb,OUT,IN_LK,MEDICAL,2024-10-11,2024-10-19,4,26540.0,True
TRIP_80db79cc4d,U_32f9da7ce8,OUT,IN_SG,LEISURE,2026-06-18,2026-06-26,2,95926.0,True
TRIP_88ff94e4fb,U_8442c6206a,OUT,IN_LK,EVENT,2024-12-02,2024-12-06,4,8674.0,True
TRIP_01a3f9ff16,U_8442c6206a,OUT,IN_SG,VFR,2026-05-01,2026-05-07,4,29772.0,True
TRIP_b2c5475d79,U_b9ddeb45f4,OUT,IN_AE,LEISURE,2025-01-17,2025-01-22,1,11417.0,True
TRIP_6f75346624,U_b9ddeb45f4,OUT,IN_QA,VFR,2026-01-20,2026-01-30,4,13605.0,True
TRIP_5e1bc8c853,U_34995d91bb,OUT,IN_NP,EDUCATION,2026-03-05,2026-03-07,4,2980.0,True
TRIP_6850d821b2,U_34995d91bb,OUT,IN_LK,LEISURE,2024-09-23,2024-10-03,2,29501.0,True
TRIP_b8071b199e,U_52e61efd62,OUT,IN_SG,MEDICAL,2025-06-02,2025-06-12,1,7018.0,True
TRIP_3a9bb132c1,U_d169d71fbc,OUT,IN_BT,BUSINESS,2025-07-31,2025-08-12,4,6464.0,True
TRIP_74adc97199,U_ead0a6059b,OUT,IN_AE,LEISURE,2025-09-14,2025-09-22,4,25710.0,True
TRIP_328d68e80e,U_397cb1f874,OUT,IN_NP,VFR,2024-08-27,2024-09-08,3,76655.0,True
TRIP_61a06e4bc8,U_e7f401dbb2,OUT,IN_AE,PILGRIMAGE,2025-06-03,2025-06-11,4,30405.0,True
TRIP_69f5368452,U_c6dbf83439,OUT,IN_NP,LEISURE,2026-05-30,2026-06-09,2,23025.0,True
TRIP_331be2f847,U_113bca873c,OUT,IN_AE,LEISURE,2025-07-31,2025-08-06,4,7144.0,True
TRIP_6a117e77e8,U_0dc51d733e,OUT,IN_AE,MEDICAL,2025-07-02,2025-07-05,3,3286.0,True
TRIP_6a52655af7,U_022fc239a4,OUT,OTHER_R2,EDUCATION,2026-01-08,2026-01-10,1,4508.0,True
TRIP_f520f9cc6c,U_31e09741fa,OUT,IN_AE,BUSINESS,2025-12-02,2025-12-07,4,5884.0,True
TRIP_945bba7666,U_875957355f,OUT,OTHER_R2,LEISURE,2025-12-17,2025-12-30,3,3276.0,True
TRIP_201e23384e,U_0c281fab34,OUT,IN_FR,MEDICAL,2024-08-31,2024-09-11,2,16917.0,True
TRIP_bf1c600eed,U_b2ee3e9bbf,OUT,IN_SG,EDUCATION,2025-03-08,2025-03-15,2,15421.0,True
TRIP_de225122e2,U_2dc358d9ef,OUT,IN_FR,LEISURE,2025-11-06,2025-11-16,4,7426.0,True
TRIP_ac5f1eb1c6,U_a23440aa0c,OUT,IN_QA,LEISURE,2025-06-13,2025-06-20,1,26718.0,True
TRIP_58ec425e07,U_f335730ee4,OUT,IN_SG,PILGRIMAGE,2025-09-29,2025-10-12,4,39789.0,True
TRIP_8519a2d5f3,U_f335730ee4,OUT,IN_LK,LEISURE,2024-09-27,2024-10-01,4,18307.0,True
TRIP_b9f3019780,U_f335730ee4,OUT,IN_SG,LEISURE,2025-06-20,2025-07-04,3,13267.0,False
TRIP_180c05d7d8,U_f335730ee4,OUT,OTHER_R2,EDUCATION,2025-10-29,2025-11-11,1,15458.0,True
TRIP_412127f271,U_a866c99f4a,OUT,OTHER_R2,BUSINESS,2026-05-17,2026-05-22,1,9749.0,True
TRIP_3acfeffde6,U_a866c99f4a,OUT,IN_AE,VFR,2025-05-14,2025-05-16,4,1565.0,True
TRIP_d46027bb68,U_a866c99f4a,OUT,IN_BT,LEISURE,2026-01-24,2026-01-30,4,37340.0,True
TRIP_73ad7abfa4,U_a8bbb0864a,OUT,IN_AE,VFR,2026-01-26,2026-02-01,3,7724.0,True
TRIP_7ffbcfc749,U_299f70ef8a,OUT,IN_AE,LEISURE,2025-03-10,2025-03-13,3,12810.0,True
TRIP_cfb606f747,U_299f70ef8a,OUT,IN_AE,LEISURE,2024-08-20,2024-08-26,4,1393.0,False
TRIP_d4ac7a06b7,U_b5e8a94200,OUT,IN_QA,MEDICAL,2026-01-14,2026-01-23,2,36736.0,True
TRIP_2d662be915,U_957a77fb6f,OUT,IN_NP,EDUCATION,2026-06-11,2026-06-19,1,17612.0,True
TRIP_1eb08e5001,U_957a77fb6f,OUT,OTHER_R2,MEDICAL,2024-12-13,2024-12-25,1,16752.0,True
TRIP_3bde96543e,U_957a77fb6f,OUT,IN_AE,EDUCATION,2025-11-16,2025-11-30,3,4337.0,True
TRIP_e9fd943dc5,U_48964ae5e0,OUT,OTHER_R2,LEISURE,2025-05-10,2025-05-15,3,8067.0,True
TRIP_9d1b3911fc,U_d79350f5c8,OUT,IN_BT,VFR,2025-07-23,2025-07-31,2,7011.0,True
TRIP_c9b3eb20dc,U_d79350f5c8,OUT,OTHER_R2,LEISURE,2026-02-27,2026-03-02,1,19936.0,True
TRIP_f4f7f751aa,U_6131d2454b,OUT,IN_AE,LEISURE,2024-08-12,2024-08-15,1,4339.0,True
TRIP_501ccf6e51,U_6131d2454b,OUT,IN_FR,BUSINESS,2025-09-07,2025-09-11,3,26881.0,True
TRIP_181e68d162,U_d3463e16cb,OUT,OTHER_R2,MEDICAL,2026-05-05,2026-05-15,2,8193.0,True
TRIP_95502f4050,U_8154a87aec,OUT,IN_SG,EDUCATION,2025-12-22,2025-12-26,3,5783.0,True
TRIP_46291975b0,U_8154a87aec,OUT,IN_AE,MEDICAL,2024-09-17,2024-10-01,2,11573.0,True
TRIP_6c5016c166,U_860b95f11f,OUT,OTHER_R2,LEISURE,2025-12-24,2026-01-03,1,130188.0,True
TRIP_2e8cfb3855,U_860b95f11f,OUT,IN_LK,TRANSIT,2025-03-17,2025-03-22,3,7612.0,True
TRIP_4fc3cc2d53,U_860b95f11f,OUT,IN_AE,VFR,2026-02-22,2026-02-28,2,24401.0,True
TRIP_d3482ca0fb,U_78b3ef4132,OUT,IN_QA,LEISURE,2025-01-25,2025-01-27,2,41510.0,True
TRIP_f0592d59fe,U_04b02a6ab1,OUT,IN_SG,EDUCATION,2025-10-13,2025-10-23,3,25686.0,True
TRIP_4e7a41c505,U_04b02a6ab1,OUT,OTHER_R2,LEISURE,2026-01-10,2026-01-15,2,10535.0,True
TRIP_1238538a1d,U_669ec4ea8d,OUT,IN_QA,LEISURE,2026-04-06,2026-04-17,3,19924.0,True
TRIP_a4c2509d48,U_669ec4ea8d,OUT,IN_AE,EDUCATION,2025-06-18,2025-06-20,2,6283.0,True
TRIP_9cc3270c38,U_669ec4ea8d,OUT,IN_MU,BUSINESS,2025-04-21,2025-04-23,3,4923.0,True
TRIP_8cf11a37d0,U_0166153f60,OUT,IN_NP,LEISURE,2024-10-30,2024-11-02,2,5785.0,True
TRIP_944b7514be,U_0166153f60,OUT,IN_AE,PILGRIMAGE,2025-08-19,2025-08-28,2,7397.0,True
TRIP_ef2b2f7c29,U_0fbe328848,OUT,IN_LK,EDUCATION,2026-05-03,2026-05-07,3,11044.0,True
TRIP_6d4c501a24,U_beb9e8882f,OUT,IN_FR,PILGRIMAGE,2025-04-24,2025-04-29,4,7626.0,True
TRIP_2b3f2d5f27,U_beb9e8882f,OUT,IN_SG,BUSINESS,2026-02-04,2026-02-07,2,6376.0,True
TRIP_65f74d875a,U_052d9532c2,OUT,IN_AE,BUSINESS,2024-09-24,2024-09-26,4,12104.0,True
TRIP_8a25d2ca8e,U_53694c80ab,OUT,IN_AE,EVENT,2026-04-30,2026-05-04,1,4473.0,True
TRIP_b01bfa5642,U_dea6c97d3c,OUT,IN_AE,LEISURE,2026-01-25,2026-02-01,4,12547.0,True
TRIP_a15d89cbc3,U_dd8142b2fe,OUT,IN_AE,VFR,2024-11-04,2024-11-17,2,47411.0,True
TRIP_878b4c03a5,U_dd8142b2fe,OUT,IN_AE,EDUCATION,2026-03-29,2026-04-08,2,7639.0,True
TRIP_ccaf69a226,U_7d72e7f6f0,OUT,IN_AE,LEISURE,2024-10-22,2024-10-28,3,16415.0,True
TRIP_8087d5173a,U_7d72e7f6f0,OUT,OTHER_R2,EVENT,2025-07-09,2025-07-19,1,10457.0,True
TRIP_314c65e8b5,U_10da810a26,OUT,IN_AE,PILGRIMAGE,2025-12-11,2025-12-24,3,11022.0,True
TRIP_bc8cd90aa2,U_2f20b1e9ae,OUT,IN_NP,LEISURE,2024-11-26,2024-12-05,3,19296.0,True
TRIP_c7838e878c,U_b8d1f72871,OUT,IN_SG,LEISURE,2026-06-27,2026-07-04,4,18152.0,True
TRIP_c092e1fa0c,U_b8d1f72871,OUT,IN_AE,LEISURE,2026-05-22,2026-05-25,2,17319.0,True
TRIP_2ce4c241fc,U_939f39c16c,OUT,OTHER_R2,BUSINESS,2026-04-01,2026-04-13,2,11331.0,True
TRIP_00e28841af,U_99194546f6,OUT,IN_KH,MEDICAL,2025-10-23,2025-10-29,2,22148.0,True
TRIP_223e5dfbca,U_99194546f6,OUT,IN_AE,EDUCATION,2024-11-11,2024-11-22,3,25697.0,True
TRIP_87609ad1c5,U_41c930f34a,OUT,IN_NP,LEISURE,2025-04-02,2025-04-14,2,21798.0,True
TRIP_6a5de42017,U_41c930f34a,OUT,OTHER_R2,BUSINESS,2025-08-18,2025-08-31,2,6578.0,True
TRIP_43e51bb7e2,U_41c930f34a,OUT,IN_NP,LEISURE,2026-01-03,2026-01-13,3,23606.0,False
TRIP_bfe4c4d6a9,U_0ad5cdc877,OUT,IN_AE,TRANSIT,2024-12-04,2024-12-06,2,33920.0,True
TRIP_c3eda5e24d,U_0ad5cdc877,OUT,IN_AE,MEDICAL,2025-11-26,2025-12-08,4,17250.0,False
TRIP_e49658d65b,U_55364e1f4c,OUT,IN_AE,LEISURE,2025-08-17,2025-08-29,3,4200.0,True
TRIP_4369c7e986,U_55364e1f4c,OUT,IN_SG,BUSINESS,2026-06-08,2026-06-14,2,43500.0,True
TRIP_5832858c20,U_d34f5e0d6b,OUT,IN_QA,LEISURE,2024-08-14,2024-08-17,4,2707.0,True
TRIP_874e22ae42,U_fccfdef9fd,OUT,IN_LK,EVENT,2025-10-25,2025-11-07,4,68591.0,True
TRIP_6a478919f7,U_fccfdef9fd,OUT,IN_AE,BUSINESS,2026-03-18,2026-03-27,1,9571.0,True
TRIP_793093474a,U_561b7c5473,OUT,IN_AE,LEISURE,2026-03-15,2026-03-29,2,15897.0,True
TRIP_c2783611f2,U_3bdd64d1f7,OUT,IN_NP,LEISURE,2024-09-13,2024-09-18,2,16961.0,True
TRIP_e2d6d71502,U_444ce1fad3,OUT,IN_AE,BUSINESS,2025-08-31,2025-09-04,2,11119.0,True
TRIP_f7dd061048,U_444ce1fad3,OUT,IN_SG,EDUCATION,2025-05-03,2025-05-17,1,8615.0,True
TRIP_b5bdd79fc4,U_426c67a064,OUT,IN_NP,BUSINESS,2026-06-26,2026-07-09,2,35871.0,True
TRIP_51387ad2f6,U_82b021cf6f,OUT,IN_NP,BUSINESS,2025-03-07,2025-03-14,2,4582.0,True
TRIP_9a79c3f3e2,U_82b021cf6f,OUT,IN_NP,EVENT,2024-10-25,2024-10-29,1,3938.0,True
TRIP_ce44ca7d40,U_82b021cf6f,OUT,OTHER_R2,LEISURE,2025-02-19,2025-03-05,2,14994.0,True
TRIP_bf957f5f19,U_81f9930f29,OUT,IN_AE,LEISURE,2024-10-26,2024-11-06,4,4216.0,True
TRIP_a02e3930f1,U_81f9930f29,OUT,OTHER_R2,EDUCATION,2025-07-15,2025-07-23,1,20676.0,True
TRIP_2022557fe5,U_80055fc938,OUT,IN_AE,EDUCATION,2026-02-04,2026-02-08,3,2400.0,True
TRIP_bb64e5dde7,U_136ed04810,OUT,IN_NP,VFR,2024-11-12,2024-11-18,4,5199.0,True
TRIP_e084434011,U_136ed04810,OUT,IN_FR,LEISURE,2025-02-04,2025-02-13,3,14598.0,True
TRIP_471323fed8,U_41677ab24d,OUT,IN_NP,VFR,2024-11-02,2024-11-16,3,9115.0,True
TRIP_b12cee3277,U_45c90c0072,OUT,IN_BT,MEDICAL,2026-07-05,2026-07-18,3,49992.0,True
TRIP_d9bbb136a4,U_0dbaa18535,OUT,IN_AE,VFR,2026-01-10,2026-01-18,2,4835.0,True
TRIP_671dd87dbd,U_0dbaa18535,OUT,IN_LK,VFR,2026-04-12,2026-04-17,4,40438.0,True
TRIP_1aa0bed075,U_3b1e347b35,OUT,OTHER_R2,BUSINESS,2025-10-25,2025-10-27,3,1751.0,True
TRIP_cc84f70414,U_3b1e347b35,OUT,IN_MU,LEISURE,2026-01-04,2026-01-07,1,13716.0,True
TRIP_27b0f18c64,U_ab974c4e04,OUT,OTHER_R2,LEISURE,2024-10-06,2024-10-19,4,24975.0,True
TRIP_16bf9f1fce,U_668eae2736,OUT,IN_NP,BUSINESS,2025-11-16,2025-11-23,3,23973.0,True
TRIP_645a96590a,U_668eae2736,OUT,IN_AE,VFR,2025-02-11,2025-02-19,1,19417.0,True
TRIP_bb11cc4363,U_227356cd57,OUT,IN_NP,BUSINESS,2025-02-21,2025-02-27,4,17176.0,True
TRIP_0d60e7dfb4,U_227356cd57,OUT,IN_AE,MEDICAL,2025-10-27,2025-11-06,1,28633.0,True
TRIP_8676a9fb38,U_227356cd57,OUT,IN_SG,LEISURE,2026-03-21,2026-04-04,3,32319.0,True
TRIP_675abeff44,U_227356cd57,OUT,IN_KH,LEISURE,2024-10-31,2024-11-09,1,61612.0,True
TRIP_3a31a7bdf7,U_f04f0edea4,OUT,IN_MU,EVENT,2025-02-11,2025-02-15,3,47017.0,True
TRIP_1e83f375d6,U_f04f0edea4,OUT,IN_NP,VFR,2024-10-24,2024-10-30,4,32282.0,True
TRIP_62598f7025,U_19d012334d,OUT,IN_LK,VFR,2024-10-06,2024-10-13,3,31320.0,True
TRIP_1c43ad58f3,U_19d012334d,OUT,OTHER_R2,MEDICAL,2025-11-12,2025-11-19,3,29317.0,True
TRIP_02fa7c1ea3,U_19d012334d,OUT,OTHER_R2,EVENT,2025-08-20,2025-08-27,3,37042.0,False
TRIP_316bbea5c1,U_2031a738b8,OUT,IN_NP,LEISURE,2025-07-01,2025-07-04,2,8620.0,True
TRIP_b3a26ea780,U_ae8df7b611,OUT,IN_AE,BUSINESS,2024-09-05,2024-09-14,1,6925.0,True
TRIP_6990176266,U_ae8df7b611,OUT,IN_AE,BUSINESS,2026-02-24,2026-03-09,4,6349.0,True
TRIP_cd3764d877,U_ecbcf4993a,OUT,IN_AE,LEISURE,2026-03-31,2026-04-03,3,5433.0,True
TRIP_dc0880d307,U_ecbcf4993a,OUT,IN_FR,BUSINESS,2025-10-25,2025-10-29,2,24733.0,True
TRIP_cc7242cc49,U_ecbcf4993a,OUT,IN_BT,LEISURE,2024-12-28,2025-01-09,2,15678.0,True
TRIP_c6ce434cc1,U_e2d78c7e96,OUT,OTHER_R2,MEDICAL,2026-07-06,2026-07-20,2,20403.0,True
TRIP_7302313172,U_e2d78c7e96,OUT,IN_AE,EDUCATION,2025-06-26,2025-07-08,4,19114.0,True
TRIP_70039c87b8,U_ed72dc8dc2,OUT,OTHER_R2,EDUCATION,2025-02-15,2025-02-22,4,14567.0,True
TRIP_2c51ac26e2,U_ed72dc8dc2,OUT,OTHER_R2,VFR,2025-06-11,2025-06-20,2,3264.0,False
TRIP_5e5d4b10ee,U_ed72dc8dc2,OUT,IN_BT,BUSINESS,2026-03-01,2026-03-09,3,6683.0,True
TRIP_78987047de,U_ed72dc8dc2,OUT,IN_AE,LEISURE,2024-09-22,2024-09-30,1,7567.0,True
TRIP_d6227ace7e,U_ed72dc8dc2,OUT,IN_AE,MEDICAL,2024-09-28,2024-10-10,4,9782.0,False
TRIP_f442543346,U_ed72dc8dc2,OUT,IN_QA,LEISURE,2024-11-10,2024-11-17,1,22509.0,True
TRIP_5ed9c1ab21,U_b75e2d4a60,OUT,IN_NP,LEISURE,2026-02-09,2026-02-23,1,57285.0,True
TRIP_c1875b87c7,U_7762d5145c,OUT,IN_NP,BUSINESS,2025-06-04,2025-06-18,1,36865.0,True
TRIP_1eac5169b8,U_a63a46d774,OUT,IN_AE,LEISURE,2024-11-22,2024-11-29,2,45580.0,True
TRIP_04700f43ee,U_a63a46d774,OUT,IN_AE,EDUCATION,2024-09-28,2024-10-12,1,2310.0,True
TRIP_ea49a6a34f,U_a63a46d774,OUT,IN_SG,PILGRIMAGE,2024-12-18,2024-12-29,1,44691.0,True
TRIP_8191da247f,U_1a2c46d495,OUT,IN_AE,BUSINESS,2025-06-15,2025-06-24,3,17002.0,True
TRIP_207a08dc0d,U_b5995afeb6,OUT,IN_AE,TRANSIT,2025-04-08,2025-04-14,2,25417.0,True
TRIP_73d70507ac,U_b5995afeb6,OUT,IN_AE,MEDICAL,2025-10-20,2025-10-25,3,37925.0,False
TRIP_d40d97a085,U_0948796331,OUT,IN_KH,BUSINESS,2025-11-26,2025-12-07,3,11453.0,True
TRIP_aaab3ad4e9,U_0948796331,OUT,IN_AE,TRANSIT,2025-02-08,2025-02-16,3,147527.0,True
TRIP_e22d68042f,U_43522038a6,OUT,IN_QA,LEISURE,2026-03-28,2026-04-03,2,34114.0,True
TRIP_69f447baa9,U_43522038a6,OUT,OTHER_R2,LEISURE,2026-01-04,2026-01-14,4,35427.0,True
TRIP_24b0644909,U_fd2644fad8,OUT,OTHER_R2,BUSINESS,2026-03-11,2026-03-14,3,5203.0,True
TRIP_bc5112f61b,U_fd2644fad8,OUT,IN_BT,LEISURE,2026-03-14,2026-03-17,4,45719.0,True
TRIP_7506cb6d71,U_fd2644fad8,OUT,IN_AE,TRANSIT,2026-03-02,2026-03-06,4,18569.0,True
TRIP_e8ebf0e7b9,U_83a30de791,OUT,IN_AE,VFR,2025-09-08,2025-09-14,2,18258.0,True
TRIP_b066ad903b,U_79803f6c18,OUT,OTHER_R2,LEISURE,2025-10-19,2025-10-25,4,15096.0,True
TRIP_6e2893509f,U_79803f6c18,OUT,OTHER_R2,LEISURE,2026-04-27,2026-05-09,2,19798.0,False
TRIP_10378242c7,U_79803f6c18,OUT,IN_AE,LEISURE,2024-08-26,2024-09-02,1,1220.0,True
TRIP_d21edc46b5,U_79803f6c18,OUT,IN_FR,VFR,2024-11-28,2024-12-02,1,9386.0,True
TRIP_4c30db8327,U_fa5a7fd54b,OUT,IN_AE,EDUCATION,2026-01-10,2026-01-21,3,17469.0,True
TRIP_371da1a2a5,U_af828292c2,OUT,IN_SG,BUSINESS,2025-04-26,2025-05-06,1,17795.0,True
TRIP_8fdcb5a4d2,U_af828292c2,OUT,IN_AE,LEISURE,2025-10-22,2025-10-24,1,20025.0,True
TRIP_9a99d1782c,U_af828292c2,OUT,IN_AE,VFR,2026-01-05,2026-01-14,1,10556.0,False
TRIP_16cb4a1e61,U_c86c01a3af,OUT,IN_AE,VFR,2024-08-12,2024-08-26,3,23194.0,True
TRIP_765bcc65d7,U_c86c01a3af,OUT,IN_QA,VFR,2024-12-18,2024-12-29,1,42574.0,True
TRIP_6f4f69f8b4,U_201440020b,OUT,IN_AE,VFR,2024-10-11,2024-10-23,1,12275.0,True
TRIP_77f710215e,U_201440020b,OUT,IN_NP,BUSINESS,2026-02-18,2026-02-28,3,15987.0,True
TRIP_7611adc919,U_b5dbe28f81,OUT,IN_AE,MEDICAL,2025-09-21,2025-10-05,2,18395.0,True
TRIP_ecb85d2d48,U_0ca93c1f23,OUT,IN_AE,LEISURE,2024-12-03,2024-12-17,2,63432.0,True
TRIP_65937b1512,U_b66b0d1fc2,OUT,IN_QA,LEISURE,2026-06-14,2026-06-28,3,23750.0,True
TRIP_bbb35435f2,U_b66b0d1fc2,OUT,IN_AE,EDUCATION,2024-11-15,2024-11-19,2,17029.0,True
TRIP_609a9950f8,U_b66b0d1fc2,OUT,IN_FR,LEISURE,2025-06-28,2025-07-10,3,29305.0,True
TRIP_c6a5b569bd,U_26802580ee,OUT,IN_NP,EDUCATION,2025-04-02,2025-04-10,4,2453.0,True
TRIP_8bed35eea6,U_9d276a3c1f,OUT,OTHER_R2,LEISURE,2025-12-02,2025-12-11,1,6093.0,True
TRIP_09f32541d2,U_9d276a3c1f,OUT,IN_NP,VFR,2026-06-23,2026-07-03,4,12101.0,True
TRIP_7973d59100,U_1ba26bd66b,OUT,IN_SG,EDUCATION,2026-03-02,2026-03-15,3,9603.0,True
TRIP_7226ca68af,U_1ba26bd66b,OUT,IN_NP,EVENT,2025-06-14,2025-06-24,1,2731.0,True
TRIP_a06913ac8e,U_84302dcf0f,OUT,IN_SG,BUSINESS,2024-10-17,2024-10-27,3,5677.0,True
TRIP_1a49de3385,U_4e25103c04,OUT,OTHER_R2,EDUCATION,2025-05-05,2025-05-10,3,6111.0,True
TRIP_ca512c6466,U_ea1d5b2a95,OUT,IN_LK,PILGRIMAGE,2025-10-06,2025-10-08,1,18274.0,True
TRIP_47279dee44,U_e31c9f196a,OUT,OTHER_R2,LEISURE,2025-01-19,2025-01-22,3,4057.0,True
TRIP_1db93e760c,U_293862680d,OUT,IN_AE,VFR,2026-05-28,2026-06-04,1,9435.0,True
TRIP_4bb781548e,U_31f1044205,OUT,OTHER_R2,BUSINESS,2026-06-14,2026-06-22,4,17554.0,True
TRIP_97cea82750,U_6716538bc0,OUT,IN_NP,EDUCATION,2025-10-26,2025-10-29,3,41269.0,True
TRIP_5d40249dca,U_6716538bc0,OUT,IN_AE,LEISURE,2025-04-19,2025-04-29,3,1737.0,True
TRIP_82529bbab4,U_f525017715,OUT,IN_NP,LEISURE,2024-12-21,2025-01-04,3,15547.0,True
TRIP_81f7c8a087,U_f525017715,OUT,IN_AE,LEISURE,2025-06-26,2025-07-05,3,13228.0,True
TRIP_ebba166838,U_f525017715,OUT,IN_AE,VFR,2024-10-30,2024-11-01,2,9583.0,False
TRIP_f065598459,U_abac411297,OUT,IN_AE,BUSINESS,2025-12-23,2025-12-25,3,3391.0,True
TRIP_8e2fc41c95,U_89ee11e1d4,OUT,IN_MU,VFR,2024-11-11,2024-11-15,1,31925.0,True
TRIP_a5fd79c69b,U_89ee11e1d4,OUT,IN_NP,LEISURE,2025-08-12,2025-08-21,1,35915.0,True
TRIP_7a1083f8dd,U_7b98959b85,OUT,IN_AE,VFR,2026-02-11,2026-02-14,1,21673.0,True
TRIP_8dbc841712,U_7b98959b85,OUT,OTHER_R2,BUSINESS,2025-07-19,2025-07-24,1,5162.0,True
TRIP_a46ffa8e31,U_7b98959b85,OUT,OTHER_R2,LEISURE,2024-09-08,2024-09-18,4,23426.0,False
TRIP_1e787b77f2,U_9310879e17,OUT,IN_SG,PILGRIMAGE,2024-11-23,2024-12-02,1,10764.0,True
TRIP_4b53bff623,U_9310879e17,OUT,OTHER_R2,VFR,2024-10-30,2024-11-03,2,15772.0,True
TRIP_8bb68a4842,U_9310879e17,OUT,IN_AE,LEISURE,2026-05-26,2026-05-31,2,16559.0,True
TRIP_05ba3fe849,U_c8a9289c6d,OUT,IN_AE,BUSINESS,2025-04-29,2025-05-12,3,30245.0,True
TRIP_a02a4f1997,U_c8a9289c6d,OUT,OTHER_R2,LEISURE,2025-03-23,2025-04-01,3,10903.0,True
TRIP_1a004d0ec7,U_c8a9289c6d,OUT,IN_BT,VFR,2025-09-06,2025-09-18,3,12372.0,True
TRIP_2fe31c4579,U_382c00da38,OUT,IN_LK,LEISURE,2025-09-01,2025-09-08,3,12877.0,True
TRIP_f1f8ee3af2,U_7c55550e58,OUT,OTHER_R2,TRANSIT,2024-08-22,2024-08-27,2,30285.0,True
TRIP_13ee3edf30,U_f735b45465,OUT,IN_AE,VFR,2025-08-05,2025-08-10,2,5797.0,True
TRIP_fed7c70d8b,U_4b5a5f6980,OUT,IN_QA,LEISURE,2025-04-19,2025-04-25,1,19365.0,True
TRIP_d9d5949f7b,U_e128e2c078,OUT,IN_AE,LEISURE,2025-11-22,2025-11-26,2,7909.0,True
TRIP_3ff3c7f9fd,U_c4893592f9,OUT,IN_BT,EDUCATION,2026-01-19,2026-01-27,2,47464.0,True
TRIP_20a13b083d,U_56289bbf42,OUT,OTHER_R2,EVENT,2025-03-26,2025-04-09,4,4102.0,True
TRIP_fc1d20dd1b,U_81749943b6,OUT,IN_NP,BUSINESS,2024-08-24,2024-08-26,4,2754.0,True
TRIP_14d0660e86,U_81749943b6,OUT,IN_AE,LEISURE,2026-06-13,2026-06-16,1,47438.0,True
TRIP_45e79e51a6,U_ec995fa204,OUT,IN_QA,LEISURE,2024-08-20,2024-08-31,2,7049.0,True
TRIP_119cbd0786,U_ec995fa204,OUT,IN_MU,BUSINESS,2026-05-17,2026-05-27,2,6426.0,True
TRIP_49e8cd49c2,U_2a2707c29e,OUT,IN_SG,LEISURE,2024-12-20,2025-01-01,4,5625.0,True
TRIP_3b1a1b37c6,U_6ba618ba81,OUT,OTHER_R2,VFR,2025-12-13,2025-12-20,4,23470.0,True
TRIP_09c321e718,U_6ba618ba81,OUT,IN_SG,MEDICAL,2026-01-17,2026-01-24,4,15376.0,True
TRIP_911dbd5e32,U_68fb8ecc74,OUT,IN_MU,EVENT,2025-01-10,2025-01-24,3,7036.0,True
TRIP_c0b1b98870,U_68fb8ecc74,OUT,IN_AE,LEISURE,2025-08-18,2025-09-01,4,7748.0,True
TRIP_142a814c10,U_9d4d6bb0fc,OUT,OTHER_R2,VFR,2026-01-09,2026-01-19,4,42395.0,True
TRIP_1e2be8fea3,U_9d4d6bb0fc,OUT,IN_NP,LEISURE,2025-12-22,2025-12-25,1,8850.0,True
TRIP_79771f457c,U_26a2eb8846,OUT,IN_AE,LEISURE,2025-08-25,2025-09-01,1,6218.0,True
TRIP_33f927f759,U_26a2eb8846,OUT,IN_AE,LEISURE,2025-12-10,2025-12-15,3,30087.0,False
TRIP_4c111e011c,U_0edbf9109e,OUT,IN_AE,LEISURE,2026-06-14,2026-06-22,1,11966.0,True
TRIP_fd7dcaba0d,U_c87ffdc3ed,OUT,IN_AE,VFR,2026-06-06,2026-06-13,1,6558.0,True
TRIP_ebe25d1491,U_c87ffdc3ed,OUT,IN_LK,VFR,2025-12-05,2025-12-17,2,12706.0,True
TRIP_8211c48b47,U_40eb77e032,OUT,IN_AE,LEISURE,2026-04-30,2026-05-10,1,24042.0,True
TRIP_a7fb69438d,U_7546adbb2c,OUT,IN_BT,LEISURE,2025-03-29,2025-04-09,4,38046.0,True
TRIP_34fe2bb5a3,U_e97b084edc,OUT,IN_QA,LEISURE,2025-09-18,2025-09-22,1,6952.0,True
TRIP_44b5efae2f,U_e7f7495c48,OUT,IN_QA,EVENT,2025-03-21,2025-03-29,2,50349.0,True
TRIP_1a912969e8,U_e7f7495c48,OUT,IN_NP,VFR,2025-12-21,2026-01-04,3,12724.0,True
TRIP_8c9011ed21,U_e97be0fdd0,OUT,OTHER_R2,LEISURE,2025-06-28,2025-07-05,1,46232.0,True
TRIP_1faa797df5,U_e97be0fdd0,OUT,IN_AE,LEISURE,2025-09-12,2025-09-20,1,1386.0,True
TRIP_dcf0ccac79,U_633f497447,OUT,IN_FR,EDUCATION,2025-10-16,2025-10-20,4,12017.0,True
TRIP_e6902d8698,U_633f497447,OUT,IN_QA,EDUCATION,2025-11-28,2025-12-01,4,5646.0,True
TRIP_bb03f76df0,U_6fd94c2fac,OUT,IN_SG,TRANSIT,2025-01-31,2025-02-14,3,72392.0,True
TRIP_3c8e4eeed3,U_cf6c48b81e,OUT,OTHER_R2,MEDICAL,2025-04-07,2025-04-13,2,39744.0,True
TRIP_4913496096,U_e8172dd9e1,OUT,IN_BT,LEISURE,2025-11-17,2025-11-28,3,83169.0,True
TRIP_52afc827f0,U_e8172dd9e1,OUT,OTHER_R2,LEISURE,2024-08-30,2024-09-01,2,11066.0,True
TRIP_c384f8384f,U_aa77f7c858,OUT,IN_FR,LEISURE,2024-11-30,2024-12-13,2,1423.0,True
TRIP_e9be2ff889,U_82ba25f290,OUT,IN_NP,BUSINESS,2025-02-27,2025-03-07,4,26655.0,True
TRIP_d1c5d89642,U_82ba25f290,OUT,IN_QA,PILGRIMAGE,2025-10-25,2025-10-27,2,15214.0,True
TRIP_528e5d7266,U_5a85c8a98a,OUT,IN_KH,PILGRIMAGE,2024-09-17,2024-09-23,4,7694.0,True
TRIP_e65e8cfc01,U_c6a6b1f80b,OUT,IN_SG,BUSINESS,2026-05-05,2026-05-12,2,31498.0,True
TRIP_e5af478876,U_cec7dfe5c5,OUT,IN_AE,VFR,2026-04-22,2026-04-26,2,25078.0,True
TRIP_43508a7c3e,U_cec7dfe5c5,OUT,IN_AE,LEISURE,2025-11-16,2025-11-21,1,13720.0,False
TRIP_220847d5d8,U_be245a6c97,OUT,IN_SG,MEDICAL,2025-12-18,2025-12-21,1,11142.0,True
TRIP_1c31be7153,U_be245a6c97,OUT,IN_SG,LEISURE,2025-04-29,2025-05-10,4,14048.0,True
TRIP_e20dbf515f,U_b115d09315,OUT,IN_AE,TRANSIT,2025-01-12,2025-01-23,3,22445.0,True
TRIP_33f901c376,U_d783b000f6,OUT,IN_AE,LEISURE,2024-11-13,2024-11-16,4,7772.0,True
TRIP_b86def359b,U_5083a5ce5e,OUT,IN_QA,BUSINESS,2024-12-26,2025-01-09,1,19876.0,True
TRIP_8cfb1abd50,U_c18497caa0,OUT,IN_SG,TRANSIT,2026-01-26,2026-02-08,3,15439.0,True
TRIP_29e7f057e7,U_c18497caa0,OUT,IN_AE,LEISURE,2025-05-29,2025-06-06,3,114130.0,True
TRIP_70fd3f9cd9,U_befea73adb,OUT,OTHER_R2,VFR,2026-07-11,2026-07-16,3,7549.0,True
TRIP_5905ef95d6,U_5a4431274f,OUT,OTHER_R2,LEISURE,2025-07-11,2025-07-15,2,7364.0,True
TRIP_700431ce3e,U_10192e2525,OUT,IN_AE,LEISURE,2025-08-15,2025-08-22,4,2435.0,True
TRIP_97af1b42cf,U_10192e2525,OUT,IN_NP,EVENT,2025-10-09,2025-10-13,2,5559.0,True
TRIP_d700100e2a,U_10192e2525,OUT,IN_AE,BUSINESS,2026-02-17,2026-02-19,3,22740.0,False
TRIP_955cb4df6a,U_f903339e4a,OUT,IN_QA,VFR,2025-12-20,2025-12-26,2,15503.0,True
TRIP_62e81a4e20,U_f903339e4a,OUT,IN_QA,LEISURE,2024-10-03,2024-10-17,1,27420.0,False
TRIP_14aa6a1278,U_7f30689676,OUT,IN_SG,EVENT,2025-06-22,2025-06-25,1,16043.0,True
TRIP_7c70427320,U_594e1b8872,OUT,IN_QA,LEISURE,2025-01-14,2025-01-26,4,25779.0,True
TRIP_524c4efbb7,U_9bb098b212,OUT,OTHER_R2,LEISURE,2025-12-10,2025-12-14,1,6459.0,True
TRIP_f52c15bf99,U_7fb3872599,OUT,IN_NP,MEDICAL,2025-11-17,2025-11-20,1,4686.0,True
TRIP_e2778f94f3,U_7fb3872599,OUT,IN_BT,EDUCATION,2026-01-02,2026-01-08,3,35504.0,True
TRIP_e0cc57b1e8,U_ab4c7fbb38,OUT,IN_NP,LEISURE,2025-11-23,2025-12-03,4,24426.0,True
TRIP_152ce6a352,U_ab4c7fbb38,OUT,IN_FR,BUSINESS,2025-12-05,2025-12-17,1,24454.0,True
TRIP_9f6fa24482,U_ab4c7fbb38,OUT,OTHER_R2,LEISURE,2025-11-24,2025-12-05,1,8609.0,True
TRIP_7f68750861,U_9683a7e1ab,OUT,IN_FR,PILGRIMAGE,2026-04-11,2026-04-23,4,25982.0,True
TRIP_b6c5ec81c6,U_8ed2c5f745,OUT,IN_SG,VFR,2025-12-09,2025-12-23,3,19470.0,True
TRIP_61fe876397,U_b5a937742b,OUT,IN_AE,LEISURE,2024-12-28,2024-12-31,4,12152.0,True
TRIP_4f68567618,U_e05a886b05,OUT,IN_QA,MEDICAL,2025-11-26,2025-12-06,4,7654.0,True
TRIP_39c02b6dc4,U_ce3e3e258f,OUT,IN_QA,LEISURE,2025-10-22,2025-10-28,4,8225.0,True
TRIP_6f70de8cdc,U_ce3e3e258f,OUT,IN_QA,TRANSIT,2025-12-26,2026-01-02,1,5744.0,False
TRIP_a7084a3e7d,U_ce3e3e258f,OUT,IN_AE,MEDICAL,2026-02-11,2026-02-21,3,17732.0,True
TRIP_9adb7abaaa,U_1d04fadd58,OUT,OTHER_R2,EDUCATION,2026-06-25,2026-07-09,1,59540.0,True
TRIP_b76734aa8a,U_e58c4519da,OUT,IN_MU,EDUCATION,2025-01-03,2025-01-08,3,6152.0,True
TRIP_8e497b5b99,U_e58c4519da,OUT,IN_QA,VFR,2025-04-17,2025-04-23,4,17364.0,True
TRIP_66690adf58,U_73b387ecd9,OUT,IN_NP,LEISURE,2024-11-04,2024-11-07,3,4000.0,True
TRIP_0b9f379ecd,U_73b387ecd9,OUT,IN_FR,MEDICAL,2024-11-23,2024-11-27,3,21352.0,True
TRIP_a2ed250082,U_40b973483f,OUT,IN_AE,MEDICAL,2024-12-19,2024-12-23,1,18533.0,True
TRIP_b8f590ea4e,U_d27395bb31,OUT,IN_QA,LEISURE,2025-11-19,2025-11-30,4,14666.0,True
TRIP_bdc62d8547,U_d27395bb31,OUT,IN_AE,PILGRIMAGE,2024-12-07,2024-12-15,1,8682.0,True
TRIP_7fde8ec2ef,U_2b69eda712,OUT,IN_BT,BUSINESS,2025-07-27,2025-08-07,1,15028.0,True
TRIP_3e387773b0,U_2b69eda712,OUT,IN_NP,MEDICAL,2025-05-30,2025-06-08,4,11411.0,True
TRIP_1dfd97100d,U_2b69eda712,OUT,IN_AE,LEISURE,2026-05-02,2026-05-15,4,11884.0,True
TRIP_27f7c01be3,U_bb701382da,OUT,IN_AE,LEISURE,2025-05-28,2025-06-01,4,5498.0,True
TRIP_e6731d6d50,U_bb701382da,OUT,OTHER_R2,LEISURE,2025-11-07,2025-11-14,4,6149.0,True
TRIP_56330fd59f,U_6508492fa3,OUT,IN_QA,VFR,2025-04-28,2025-05-02,1,5231.0,True
TRIP_4b4395f403,U_4c2bc42178,OUT,IN_KH,VFR,2025-09-12,2025-09-22,3,32435.0,True
TRIP_180e1879ca,U_4c2bc42178,OUT,IN_SG,LEISURE,2025-12-12,2025-12-20,4,1221.0,True
TRIP_5dea251f27,U_b6e939e26f,OUT,IN_SG,LEISURE,2025-10-20,2025-10-30,1,11905.0,True
TRIP_28aa809d6d,U_4dcc94b639,OUT,IN_FR,BUSINESS,2025-04-11,2025-04-15,3,7547.0,True
TRIP_53533da651,U_6a65d9315e,OUT,IN_NP,VFR,2024-10-04,2024-10-09,3,25751.0,True
TRIP_e82d39f182,U_6a65d9315e,OUT,IN_AE,PILGRIMAGE,2026-03-31,2026-04-02,4,47596.0,True
TRIP_97e2fd5554,U_79278cf085,OUT,IN_AE,LEISURE,2025-03-10,2025-03-17,1,6909.0,True
TRIP_fc04481e1a,U_79278cf085,OUT,IN_AE,LEISURE,2026-05-28,2026-06-06,1,25191.0,False
TRIP_193e5d943f,U_e483e7da7a,OUT,IN_BT,LEISURE,2026-06-01,2026-06-06,2,18281.0,True
TRIP_a0c082d2dd,U_c3e82fcd5d,OUT,OTHER_R2,VFR,2025-07-15,2025-07-23,2,9162.0,True
TRIP_ecb0007d93,U_c3e82fcd5d,OUT,OTHER_R2,BUSINESS,2026-05-19,2026-05-29,2,18683.0,False
TRIP_90c6bf62ba,U_c3e82fcd5d,OUT,IN_BT,LEISURE,2024-12-21,2024-12-28,4,6896.0,True
TRIP_26a6743655,U_c3e82fcd5d,OUT,IN_BT,PILGRIMAGE,2025-05-16,2025-05-18,3,23801.0,False
TRIP_ee975bf738,U_8894f14e73,OUT,IN_MU,EDUCATION,2025-04-20,2025-05-01,3,14638.0,True
TRIP_1e9f3d8335,U_7c82b9762e,OUT,IN_AE,EDUCATION,2024-10-15,2024-10-17,4,11858.0,True
TRIP_dcc642f791,U_8b0446a948,OUT,IN_NP,LEISURE,2025-07-01,2025-07-03,4,84845.0,True
TRIP_eaf3b3ae51,U_8b0446a948,OUT,IN_NP,BUSINESS,2024-10-15,2024-10-23,1,8371.0,False
TRIP_f51e124d67,U_8b0446a948,OUT,IN_AE,PILGRIMAGE,2025-01-28,2025-02-10,3,9118.0,True
TRIP_f06c5b2990,U_5b43f22d81,OUT,IN_SG,LEISURE,2025-07-19,2025-07-29,3,13207.0,True
TRIP_6edf510f14,U_20d9f65c52,OUT,IN_SG,VFR,2026-02-28,2026-03-13,2,42956.0,True
TRIP_3cd58c14e2,U_20d9f65c52,OUT,IN_AE,VFR,2025-05-13,2025-05-25,1,11303.0,True
TRIP_454117ad44,U_ffa199b3e1,OUT,IN_AE,VFR,2025-07-18,2025-07-28,1,21271.0,True
TRIP_9cf5e0111d,U_ffa199b3e1,OUT,IN_KH,LEISURE,2025-04-29,2025-05-01,1,4294.0,True
TRIP_a23fd72507,U_872657e46f,OUT,IN_SG,VFR,2025-11-23,2025-12-07,4,22318.0,True
TRIP_770f0916e6,U_872657e46f,OUT,IN_NP,BUSINESS,2025-11-07,2025-11-14,3,2068.0,True
TRIP_e8ab418223,U_7df7582bb8,OUT,IN_NP,MEDICAL,2026-05-14,2026-05-20,4,36878.0,True
TRIP_0caab3dd35,U_7df7582bb8,OUT,IN_AE,LEISURE,2026-06-14,2026-06-25,3,35782.0,True
TRIP_a67fe3154a,U_2f5120294e,OUT,IN_LK,BUSINESS,2026-06-20,2026-07-03,3,8122.0,True
TRIP_86e8b515b5,U_2abc28db51,OUT,IN_SG,MEDICAL,2024-09-24,2024-10-05,1,7990.0,True
TRIP_5e0bc217d4,U_6125b78f5e,OUT,OTHER_R2,MEDICAL,2024-08-29,2024-09-12,4,22839.0,True
TRIP_94ccfe1dca,U_c9043b6bea,OUT,IN_SG,VFR,2025-07-03,2025-07-13,4,10230.0,True
TRIP_53690f4880,U_f441c36d2e,OUT,IN_QA,LEISURE,2025-10-21,2025-10-29,2,74276.0,True
TRIP_f1f56b5dda,U_82b7372c15,OUT,IN_SG,BUSINESS,2026-02-04,2026-02-09,2,10746.0,True
TRIP_e2d181ca1a,U_82b7372c15,OUT,OTHER_R2,LEISURE,2025-12-21,2025-12-26,4,4141.0,True
TRIP_9327138e57,U_9889bfc356,OUT,IN_MU,BUSINESS,2025-08-28,2025-09-03,1,13878.0,True
TRIP_b3ca1fd2f4,U_9889bfc356,OUT,IN_SG,VFR,2025-02-19,2025-02-23,3,16578.0,True
TRIP_88fd977717,U_611bf51413,OUT,OTHER_R2,LEISURE,2026-04-28,2026-05-12,2,18375.0,True
TRIP_522a13f092,U_611bf51413,OUT,IN_KH,LEISURE,2025-02-20,2025-02-25,2,3181.0,True
TRIP_fe8c379b37,U_611bf51413,OUT,IN_LK,EVENT,2026-06-04,2026-06-13,4,28884.0,True
TRIP_7286818f4c,U_6d1e75c2ae,OUT,IN_BT,EVENT,2025-08-16,2025-08-28,3,6803.0,True
TRIP_6ac4b5656d,U_6d1e75c2ae,OUT,IN_AE,EDUCATION,2024-10-02,2024-10-08,4,6542.0,True
TRIP_63b3cc9b97,U_177506d873,OUT,IN_QA,MEDICAL,2024-08-27,2024-09-05,1,8912.0,True
TRIP_3213fa00ae,U_177506d873,OUT,IN_AE,LEISURE,2025-08-01,2025-08-15,3,20306.0,True
TRIP_20dd08b57d,U_566cfb6709,OUT,IN_NP,LEISURE,2025-04-26,2025-05-03,1,48338.0,True
TRIP_53cc120054,U_566cfb6709,OUT,IN_QA,PILGRIMAGE,2025-10-17,2025-10-19,2,8507.0,True
TRIP_54c80b86a4,U_566cfb6709,OUT,IN_QA,LEISURE,2026-01-20,2026-01-30,1,7523.0,False
TRIP_a5dbd37dba,U_566cfb6709,OUT,IN_AE,PILGRIMAGE,2024-11-08,2024-11-18,1,59185.0,True
TRIP_f5f0801047,U_c3988b3c82,OUT,OTHER_R2,LEISURE,2024-11-01,2024-11-15,3,14822.0,True
TRIP_626a4e0944,U_c3988b3c82,OUT,IN_AE,EDUCATION,2025-05-03,2025-05-08,3,9579.0,True
TRIP_b3f429a240,U_c3988b3c82,OUT,IN_MU,MEDICAL,2025-01-05,2025-01-08,1,41558.0,True
TRIP_6747a36270,U_c3988b3c82,OUT,IN_BT,BUSINESS,2025-07-16,2025-07-24,1,13684.0,True
TRIP_2c630de37a,U_52b895a87e,OUT,OTHER_R2,EDUCATION,2026-01-20,2026-01-30,1,14328.0,True
TRIP_2f050f6514,U_52b895a87e,OUT,OTHER_R2,MEDICAL,2025-02-08,2025-02-21,2,32679.0,False
TRIP_a136f718f6,U_dbddc7a2da,OUT,IN_LK,BUSINESS,2025-01-13,2025-01-22,3,16313.0,True
TRIP_d8d8c32b5e,U_dbddc7a2da,OUT,IN_MU,LEISURE,2025-04-22,2025-04-26,1,16675.0,True
TRIP_604860fea0,U_d90f08f30a,OUT,OTHER_R2,LEISURE,2024-10-17,2024-10-27,4,16199.0,True
TRIP_2d6e079130,U_7dbfea5cbf,OUT,IN_AE,VFR,2025-03-19,2025-03-31,3,40571.0,True
TRIP_3e8ac3ed01,U_37af2d0295,OUT,IN_AE,LEISURE,2025-11-23,2025-12-07,1,4831.0,True
TRIP_85fc4d973c,U_37af2d0295,OUT,IN_AE,LEISURE,2026-06-24,2026-06-29,2,18949.0,False
TRIP_af9d2af55f,U_e3fba5d2a3,OUT,IN_NP,EDUCATION,2025-01-29,2025-01-31,2,5046.0,True
TRIP_534ea0872d,U_e3fba5d2a3,OUT,IN_NP,LEISURE,2026-02-06,2026-02-20,1,26101.0,True
TRIP_366b49117a,U_ed84a11edc,OUT,IN_AE,BUSINESS,2024-10-30,2024-11-07,4,7357.0,True
TRIP_fb69927ccf,U_ed84a11edc,OUT,IN_NP,LEISURE,2025-04-24,2025-04-30,3,8878.0,True
TRIP_cf8a68d434,U_e57f2c007b,OUT,IN_NP,EVENT,2025-01-14,2025-01-25,3,14558.0,True
TRIP_312cc9d6df,U_70ddb1d9bc,OUT,IN_NP,LEISURE,2026-04-02,2026-04-08,3,7573.0,True
TRIP_6110718895,U_70ddb1d9bc,OUT,IN_AE,LEISURE,2024-09-28,2024-10-05,3,6733.0,True
TRIP_e6972843ee,U_70ddb1d9bc,OUT,IN_BT,LEISURE,2024-09-15,2024-09-28,4,5353.0,True
TRIP_9e4a9711c5,U_6aea987179,OUT,IN_QA,LEISURE,2025-06-09,2025-06-22,2,80153.0,True
TRIP_066c882cb1,U_b4fc3923cb,OUT,IN_NP,BUSINESS,2025-03-20,2025-03-30,4,27146.0,True
TRIP_055f2ba15d,U_818ffefdc7,OUT,IN_AE,LEISURE,2026-07-09,2026-07-20,3,10494.0,True
TRIP_e089016192,U_818ffefdc7,OUT,IN_AE,VFR,2025-09-17,2025-09-22,2,70375.0,False
TRIP_14c8b6610d,U_48b2779cec,OUT,IN_MU,BUSINESS,2024-09-07,2024-09-15,2,1631.0,True
TRIP_e90da00cfd,U_48b2779cec,OUT,IN_SG,VFR,2024-09-14,2024-09-26,3,28192.0,True
TRIP_23600c24ed,U_68a1920f17,OUT,IN_AE,EVENT,2026-05-26,2026-06-08,3,28824.0,True
TRIP_b4c4ca1298,U_9c8fcda3a0,OUT,OTHER_R2,LEISURE,2026-03-12,2026-03-25,4,9002.0,True
TRIP_1b840fc7ef,U_53ef37987e,OUT,IN_SG,PILGRIMAGE,2025-10-18,2025-10-22,1,4315.0,True
TRIP_d83ee74afa,U_d9167a6ecc,OUT,IN_AE,LEISURE,2026-05-31,2026-06-04,3,15205.0,True
TRIP_6446341ff7,U_2ce722435c,OUT,IN_AE,LEISURE,2026-05-12,2026-05-14,3,13202.0,True
TRIP_51c32bcb0f,U_335715a5b9,OUT,OTHER_R2,TRANSIT,2024-12-22,2025-01-01,1,12548.0,True
TRIP_36a8134d5d,U_9d54169d2b,OUT,IN_SG,BUSINESS,2025-01-19,2025-01-22,4,11708.0,True
TRIP_5c9d6b11ab,U_9d54169d2b,OUT,IN_SG,LEISURE,2025-09-17,2025-09-28,1,22813.0,True
TRIP_8f2a143c4b,U_e1b7d200a6,OUT,IN_AE,VFR,2025-02-19,2025-02-28,1,11893.0,True
TRIP_f83399b72c,U_5570b1c176,OUT,IN_AE,LEISURE,2026-06-28,2026-07-08,4,47790.0,True
TRIP_e20f36879b,U_c008fc6df5,OUT,OTHER_R2,PILGRIMAGE,2025-05-08,2025-05-10,2,72792.0,True
TRIP_7c2668a895,U_6595aa3389,OUT,IN_AE,TRANSIT,2026-04-07,2026-04-20,3,5157.0,True
TRIP_8a8d724f2b,U_8f41dd778e,OUT,IN_MU,LEISURE,2026-01-15,2026-01-27,1,6026.0,True
TRIP_d2bdbb2f98,U_8f41dd778e,OUT,IN_BT,LEISURE,2025-01-31,2025-02-13,3,6178.0,True
TRIP_783cf931e5,U_c0e0c8ccef,OUT,IN_SG,LEISURE,2025-12-05,2025-12-09,2,17186.0,True
TRIP_0e58c9fc73,U_2851a2dd87,OUT,IN_AE,MEDICAL,2025-03-08,2025-03-12,2,17670.0,True
TRIP_2971d95daf,U_d1d4780f55,OUT,IN_QA,LEISURE,2024-08-15,2024-08-26,4,2774.0,True
TRIP_b8c94565ac,U_16e3e5e536,OUT,OTHER_R2,LEISURE,2025-07-23,2025-08-04,4,9582.0,True
TRIP_b6b6791a1f,U_16e3e5e536,OUT,OTHER_R2,MEDICAL,2025-10-15,2025-10-24,3,3704.0,False
TRIP_0fe3b8b01f,U_ae27b59e32,OUT,IN_NP,LEISURE,2025-12-01,2025-12-15,1,3442.0,True
TRIP_5c174dd179,U_15d103d1d4,OUT,IN_KH,BUSINESS,2025-05-24,2025-05-26,3,11565.0,True
TRIP_9be374e895,U_15d103d1d4,OUT,IN_AE,BUSINESS,2024-10-05,2024-10-12,4,71108.0,True
TRIP_0ce8f1cce0,U_15d103d1d4,OUT,IN_AE,LEISURE,2024-11-02,2024-11-12,2,8638.0,False
TRIP_c061989880,U_b56ceb578b,OUT,IN_AE,LEISURE,2025-03-30,2025-04-03,1,6084.0,True
TRIP_04c169bf0a,U_ee0bdae547,OUT,OTHER_R2,LEISURE,2026-03-10,2026-03-24,2,21681.0,True
TRIP_ab7354b3e6,U_ee0bdae547,OUT,IN_AE,LEISURE,2026-02-18,2026-03-04,3,8139.0,True
TRIP_e257080982,U_ca31fc4d87,OUT,IN_AE,MEDICAL,2026-06-11,2026-06-13,3,17090.0,True
TRIP_dfa87bff71,U_13ad6b2422,OUT,IN_BT,EDUCATION,2024-11-11,2024-11-17,2,65927.0,True
TRIP_df20b90da6,U_13ad6b2422,OUT,OTHER_R2,MEDICAL,2026-03-01,2026-03-09,3,15591.0,True
TRIP_1297ff1d1e,U_e6c51b5af7,OUT,IN_SG,EDUCATION,2025-10-16,2025-10-24,2,4015.0,True
TRIP_aa7df8163b,U_e6c51b5af7,OUT,IN_AE,VFR,2025-12-15,2025-12-22,2,5068.0,True
TRIP_a28d29c5af,U_064f3f3207,OUT,IN_NP,VFR,2025-06-10,2025-06-19,1,11632.0,True
TRIP_55e685bc5e,U_75ffac75be,OUT,IN_NP,EVENT,2024-09-04,2024-09-12,2,20350.0,True
TRIP_abe3cc4c86,U_75ffac75be,OUT,IN_FR,LEISURE,2025-01-01,2025-01-15,4,24817.0,True
TRIP_54beb744a8,U_75ffac75be,OUT,OTHER_R2,TRANSIT,2026-05-30,2026-06-01,4,3204.0,True
TRIP_ed14d50f73,U_75ffac75be,OUT,IN_SG,BUSINESS,2024-11-27,2024-12-04,2,16879.0,True
TRIP_196c664a34,U_03ff5ff336,OUT,IN_QA,LEISURE,2025-03-13,2025-03-25,1,23025.0,True
TRIP_f8a61d370f,U_e638f12121,OUT,IN_SG,MEDICAL,2025-02-23,2025-03-08,4,14232.0,True
TRIP_d9eb82942e,U_790676c721,OUT,IN_QA,EVENT,2025-08-29,2025-09-04,4,10466.0,True
TRIP_453e316e5a,U_f82e88cf74,OUT,IN_QA,VFR,2025-11-16,2025-11-25,2,5870.0,True
TRIP_43e3846f68,U_15f9bc6039,OUT,IN_AE,MEDICAL,2025-03-17,2025-03-31,1,8998.0,True
TRIP_c0f87d3d62,U_e55f2720f5,OUT,IN_AE,EDUCATION,2025-01-28,2025-02-03,3,60328.0,True
TRIP_5ea101e4ac,U_69d3ad44f2,OUT,IN_BT,MEDICAL,2026-01-19,2026-01-21,1,2890.0,True
TRIP_d2ce285ca4,U_69d3ad44f2,OUT,IN_AE,MEDICAL,2025-10-20,2025-10-26,3,25742.0,True
TRIP_8d97962fcf,U_56e8a6474b,OUT,IN_AE,LEISURE,2025-01-25,2025-02-05,1,8361.0,True
TRIP_386d48260a,U_56e8a6474b,OUT,IN_NP,MEDICAL,2025-06-11,2025-06-24,3,28761.0,True
TRIP_9d542a3ea4,U_d4e839f46e,OUT,IN_AE,LEISURE,2025-01-13,2025-01-22,4,17398.0,True
TRIP_907777dbf1,U_1f3faf72f7,OUT,IN_SG,LEISURE,2026-03-07,2026-03-19,3,23316.0,True
TRIP_7a4ad97150,U_1f3faf72f7,OUT,IN_FR,BUSINESS,2024-11-13,2024-11-23,2,7888.0,True
TRIP_1acc263c31,U_1f3faf72f7,OUT,IN_LK,LEISURE,2025-01-04,2025-01-11,2,27385.0,True
TRIP_fa2863256e,U_fb0cc86dc6,OUT,OTHER_R2,LEISURE,2025-03-18,2025-03-28,3,15847.0,True
TRIP_996f2af9b7,U_abd6e3ae8a,OUT,IN_QA,LEISURE,2025-06-24,2025-06-29,3,8379.0,True
TRIP_19bd6d2579,U_26b8ee3891,OUT,IN_NP,LEISURE,2024-08-30,2024-09-04,2,20843.0,True
TRIP_0dd5eea95c,U_acc15a88f7,OUT,IN_BT,PILGRIMAGE,2025-06-29,2025-07-05,4,12330.0,True
TRIP_eb72885d1a,U_acc15a88f7,OUT,IN_LK,LEISURE,2025-01-17,2025-01-26,2,25118.0,True
TRIP_41cfc18482,U_69b1e7d03a,OUT,OTHER_R2,MEDICAL,2026-04-11,2026-04-23,1,20716.0,True
TRIP_490d336902,U_69b1e7d03a,OUT,IN_SG,EVENT,2024-12-31,2025-01-08,2,10915.0,True
TRIP_81f82c525c,U_8aba15ae16,OUT,IN_AE,LEISURE,2024-12-11,2024-12-21,2,18121.0,True
TRIP_11dd48839e,U_3953884c37,OUT,IN_AE,LEISURE,2025-09-01,2025-09-10,4,6974.0,True
TRIP_663db86526,U_3953884c37,OUT,IN_MU,LEISURE,2026-03-19,2026-03-24,2,70689.0,True
TRIP_ea244c88ce,U_ac6a78dfe5,OUT,OTHER_R2,EVENT,2026-01-16,2026-01-20,1,4348.0,True
TRIP_525f519a80,U_ac6a78dfe5,OUT,OTHER_R2,LEISURE,2025-10-07,2025-10-17,2,7883.0,False
TRIP_85673be6d2,U_ac6a78dfe5,OUT,IN_AE,VFR,2024-11-30,2024-12-02,2,12307.0,True
TRIP_4bfceb981e,U_ac6a78dfe5,OUT,IN_NP,VFR,2026-06-12,2026-06-25,1,22844.0,True
TRIP_0a257c1beb,U_ac6a78dfe5,OUT,IN_NP,VFR,2025-07-20,2025-08-03,3,19720.0,False
TRIP_ae01223042,U_148a6da725,OUT,IN_QA,LEISURE,2025-09-23,2025-09-25,1,20224.0,True
TRIP_06991640af,U_148a6da725,OUT,IN_QA,BUSINESS,2025-08-10,2025-08-19,4,10636.0,False
TRIP_7b550758bf,U_390070c56f,OUT,IN_MU,BUSINESS,2026-06-27,2026-07-10,1,10912.0,True
TRIP_9acce825dc,U_703da242fe,OUT,IN_AE,MEDICAL,2026-01-28,2026-01-30,1,3174.0,True
TRIP_62769b8cfe,U_703da242fe,OUT,IN_AE,MEDICAL,2026-06-22,2026-07-01,4,7163.0,True
TRIP_40c7d42565,U_25abbbf6ce,OUT,OTHER_R2,LEISURE,2024-12-02,2024-12-09,1,27308.0,True
TRIP_c06ca16f17,U_25abbbf6ce,OUT,IN_BT,LEISURE,2025-06-22,2025-06-29,1,6585.0,True
TRIP_2157f4d62c,U_5454a7b77f,OUT,OTHER_R2,LEISURE,2025-06-24,2025-07-07,3,4370.0,True
TRIP_e218fe13e1,U_a759ac4bb1,OUT,IN_BT,PILGRIMAGE,2024-10-16,2024-10-30,1,26943.0,True
TRIP_40e19bfce8,U_a759ac4bb1,OUT,IN_QA,BUSINESS,2025-05-26,2025-06-01,4,89074.0,True
TRIP_aaf22d25d4,U_5cf99392b7,OUT,OTHER_R2,PILGRIMAGE,2026-03-10,2026-03-13,4,25504.0,True
TRIP_638a084383,U_99f63a72d3,OUT,IN_AE,PILGRIMAGE,2025-03-24,2025-03-29,4,4743.0,True
TRIP_f04b15e2d7,U_ba6c6705a4,OUT,IN_BT,BUSINESS,2025-02-08,2025-02-13,2,17652.0,True
TRIP_61be17e9f5,U_ba6c6705a4,OUT,IN_AE,LEISURE,2025-06-29,2025-07-12,4,20960.0,True
TRIP_1ff769b905,U_ba6c6705a4,OUT,IN_AE,VFR,2025-01-25,2025-01-27,2,8770.0,False
TRIP_61c8debb85,U_25d2d6560b,OUT,IN_BT,VFR,2025-11-17,2025-11-27,3,13878.0,True
TRIP_06ea675cde,U_25d2d6560b,OUT,IN_BT,EDUCATION,2026-04-26,2026-05-05,3,23544.0,True
TRIP_9aa98c062d,U_8efb87401f,OUT,OTHER_R2,LEISURE,2024-10-14,2024-10-24,3,16142.0,True
TRIP_820e40d101,U_0253cacad1,OUT,IN_NP,BUSINESS,2026-06-26,2026-07-06,2,27311.0,True
TRIP_e7504d0f78,U_0253cacad1,OUT,IN_AE,LEISURE,2024-12-06,2024-12-20,1,9766.0,True
TRIP_b303bdc9e9,U_0253cacad1,OUT,IN_SG,LEISURE,2024-12-11,2024-12-14,2,32141.0,True
TRIP_86747f745c,U_00f3f8a188,OUT,OTHER_R2,BUSINESS,2024-12-07,2024-12-19,1,8001.0,True
TRIP_edeafae398,U_00f3f8a188,OUT,IN_NP,VFR,2024-10-10,2024-10-18,2,18127.0,True
TRIP_fa2ec9614e,U_00f3f8a188,OUT,IN_BT,PILGRIMAGE,2025-12-17,2025-12-21,3,13785.0,True
TRIP_5be34d8f6e,U_00f3f8a188,OUT,OTHER_R2,LEISURE,2026-05-27,2026-06-05,3,12924.0,False
TRIP_bc11946224,U_00f3f8a188,OUT,IN_SG,TRANSIT,2024-10-11,2024-10-16,3,6371.0,True
TRIP_83b18c7d11,U_708a062bbe,OUT,OTHER_R2,LEISURE,2025-07-29,2025-07-31,4,31013.0,True
TRIP_6ea2ba2c83,U_708a062bbe,OUT,IN_QA,LEISURE,2026-05-19,2026-05-24,2,4337.0,True
TRIP_a27f808f79,U_708a062bbe,OUT,IN_BT,LEISURE,2025-12-20,2026-01-03,4,11167.0,True
TRIP_463784f317,U_708a062bbe,OUT,OTHER_R2,EDUCATION,2025-01-16,2025-01-21,1,14862.0,False
TRIP_30315c5938,U_0d9833b5bb,OUT,IN_QA,VFR,2025-12-17,2025-12-25,3,10687.0,True
TRIP_8a631b151d,U_3e8036a295,OUT,IN_AE,EVENT,2025-05-17,2025-05-29,3,30509.0,True
TRIP_b59923caf7,U_3e8036a295,OUT,IN_AE,VFR,2024-12-16,2024-12-19,3,14288.0,True
TRIP_357c2b3a83,U_93dbe01f17,OUT,IN_SG,EDUCATION,2025-12-27,2026-01-08,3,10093.0,True
TRIP_2688147b2d,U_a30122b305,OUT,IN_NP,EDUCATION,2025-04-25,2025-05-01,1,67027.0,True
TRIP_8977591787,U_03e775ede0,OUT,IN_NP,VFR,2024-08-13,2024-08-24,3,4783.0,True
TRIP_b5c72cce9e,U_03e775ede0,OUT,IN_SG,VFR,2025-10-01,2025-10-13,1,33207.0,True
TRIP_553a4b802d,U_03e775ede0,OUT,IN_NP,MEDICAL,2024-11-21,2024-12-01,4,7199.0,True
TRIP_e7278b8f55,U_7e4fc41596,OUT,IN_AE,MEDICAL,2024-11-14,2024-11-17,1,10500.0,True
TRIP_facbd975ca,U_7e4fc41596,OUT,IN_QA,BUSINESS,2025-05-30,2025-06-05,3,8842.0,True
TRIP_5d60f37dcc,U_7e4fc41596,OUT,IN_NP,LEISURE,2026-01-29,2026-02-01,4,3361.0,True
TRIP_c99f4ca87e,U_edb778c044,OUT,IN_KH,EVENT,2025-11-04,2025-11-09,4,17417.0,True
TRIP_268f1d4978,U_edb778c044,OUT,IN_AE,LEISURE,2025-02-09,2025-02-13,1,28332.0,True
TRIP_36ebf55a33,U_3ee9a1e05d,OUT,IN_QA,LEISURE,2026-05-31,2026-06-02,4,11339.0,True
TRIP_92caf2b726,U_3ee9a1e05d,OUT,IN_BT,EDUCATION,2025-01-17,2025-01-31,1,3810.0,True
TRIP_b8222df0b3,U_3ee9a1e05d,OUT,IN_SG,LEISURE,2025-05-23,2025-05-29,1,9904.0,True
TRIP_dff09d7a28,U_9ede83de7e,OUT,IN_AE,EVENT,2025-07-09,2025-07-16,2,8872.0,True
TRIP_80f563f022,U_079122ead2,OUT,OTHER_R2,LEISURE,2025-03-24,2025-04-03,3,29369.0,True
TRIP_2b6f85877e,U_ad5bfd9c0a,OUT,IN_NP,LEISURE,2026-07-09,2026-07-20,3,24762.0,True
TRIP_11b011038e,U_ad5bfd9c0a,OUT,IN_SG,EDUCATION,2025-01-20,2025-01-24,4,10419.0,True
TRIP_e6d99c9b0c,U_7253397321,OUT,OTHER_R2,LEISURE,2025-06-06,2025-06-13,2,15057.0,True
TRIP_7d6790f55d,U_244a7cad01,OUT,OTHER_R2,LEISURE,2025-03-03,2025-03-06,2,22131.0,True
TRIP_e55f624c41,U_d337fe1410,OUT,IN_AE,BUSINESS,2026-02-05,2026-02-15,2,7447.0,True
TRIP_f530a23f23,U_d337fe1410,OUT,IN_SG,TRANSIT,2024-08-25,2024-09-07,3,8917.0,True
TRIP_571e1c64e0,U_0557f74328,OUT,IN_AE,VFR,2024-10-10,2024-10-24,4,18231.0,True
TRIP_2910d59d16,U_cd82630855,OUT,IN_SG,MEDICAL,2026-01-07,2026-01-13,3,9465.0,True
TRIP_056b333722,U_af5df06af2,OUT,IN_SG,LEISURE,2025-02-25,2025-03-08,4,5863.0,True
TRIP_8485c802f1,U_0b582e157f,OUT,IN_AE,VFR,2025-05-28,2025-06-05,4,27012.0,True
TRIP_69e83d71db,U_0b582e157f,OUT,IN_QA,TRANSIT,2024-11-16,2024-11-25,1,21263.0,True
TRIP_d32086d0df,U_e8f0be1a97,OUT,IN_LK,EDUCATION,2025-07-09,2025-07-15,1,12232.0,True
TRIP_c74e08fd8d,U_e8f0be1a97,OUT,IN_FR,LEISURE,2025-11-25,2025-12-06,3,35012.0,True
TRIP_ca05b0fb8a,U_e8f0be1a97,OUT,IN_QA,LEISURE,2025-09-28,2025-10-02,1,25323.0,True
TRIP_e17869a07d,U_56df02fc8d,OUT,IN_NP,BUSINESS,2025-10-30,2025-11-11,2,9081.0,True
TRIP_bdc0dfcc48,U_007bd52a1b,OUT,IN_LK,VFR,2025-08-12,2025-08-23,4,7429.0,True
TRIP_1b995ca4c4,U_007bd52a1b,OUT,IN_MU,VFR,2025-04-18,2025-04-25,4,44694.0,True
TRIP_b5475a481a,U_007bd52a1b,OUT,IN_KH,VFR,2026-04-19,2026-05-01,2,72526.0,True
TRIP_fd696b2fa0,U_ea118ce395,OUT,IN_AE,EDUCATION,2026-06-12,2026-06-18,1,8120.0,True
TRIP_500c9b5f9a,U_60481498ef,OUT,IN_LK,PILGRIMAGE,2024-11-11,2024-11-17,4,39571.0,True
TRIP_38af7bc384,U_60481498ef,OUT,IN_AE,TRANSIT,2025-09-20,2025-09-23,1,4513.0,True
TRIP_f9f928a6c1,U_91464edd91,OUT,IN_NP,BUSINESS,2024-11-27,2024-12-09,2,5179.0,True
TRIP_65f8535444,U_91464edd91,OUT,IN_SG,EDUCATION,2025-09-30,2025-10-07,1,4177.0,True
TRIP_1722a696d1,U_bd3d8a7d3b,OUT,IN_AE,PILGRIMAGE,2025-07-06,2025-07-13,4,4957.0,True
TRIP_6c35b193be,U_bd3d8a7d3b,OUT,IN_AE,LEISURE,2025-09-03,2025-09-15,3,17341.0,False
TRIP_b664dd6fbd,U_403442214e,OUT,IN_AE,LEISURE,2025-01-01,2025-01-06,1,35822.0,True
TRIP_08e36339de,U_403442214e,OUT,OTHER_R2,LEISURE,2025-08-16,2025-08-24,4,44467.0,True
TRIP_6e443c4b1b,U_32cfcffe5c,OUT,IN_QA,LEISURE,2026-03-10,2026-03-14,4,21886.0,True
TRIP_1e038598eb,U_32cfcffe5c,OUT,IN_AE,MEDICAL,2026-02-15,2026-02-24,2,5106.0,True
TRIP_c281106ae5,U_32cfcffe5c,OUT,IN_AE,BUSINESS,2024-10-19,2024-11-02,2,22759.0,True
TRIP_55861bb272,U_32cfcffe5c,OUT,IN_NP,BUSINESS,2024-09-18,2024-09-24,3,9436.0,True
TRIP_248acb52ef,U_5c69b1ffe5,OUT,IN_NP,PILGRIMAGE,2025-01-04,2025-01-14,2,10909.0,True
TRIP_785a7084c6,U_1eb2f891bb,OUT,OTHER_R2,LEISURE,2025-09-14,2025-09-18,4,12042.0,True
TRIP_28797069a4,U_1eb2f891bb,OUT,IN_SG,LEISURE,2025-05-20,2025-05-28,1,39167.0,True
TRIP_0761dc1825,U_434a53fc94,OUT,IN_SG,EDUCATION,2026-05-23,2026-05-28,3,29564.0,True
TRIP_e20dc17b01,U_f8925912e6,OUT,IN_SG,LEISURE,2025-03-14,2025-03-21,1,7386.0,True
TRIP_5cd8cfed17,U_e291993683,OUT,IN_AE,LEISURE,2025-07-28,2025-08-08,2,13170.0,True
TRIP_fb72836a41,U_f95cf96d8d,OUT,IN_QA,LEISURE,2026-03-29,2026-04-01,2,24989.0,True
TRIP_468e1910ea,U_f95cf96d8d,OUT,OTHER_R2,VFR,2025-06-11,2025-06-19,4,14961.0,True
TRIP_70908530ae,U_f95cf96d8d,OUT,IN_AE,EVENT,2025-02-18,2025-02-20,2,8088.0,True
TRIP_337dd65aef,U_f95cf96d8d,OUT,IN_AE,MEDICAL,2024-10-16,2024-10-28,2,13696.0,False
TRIP_455d656597,U_91b5ba956f,OUT,IN_AE,PILGRIMAGE,2026-05-22,2026-06-02,2,25046.0,True
TRIP_79b9dc82ca,U_91b5ba956f,OUT,IN_AE,VFR,2025-03-31,2025-04-04,2,15961.0,False
TRIP_65185f2606,U_28eb38a487,OUT,IN_NP,LEISURE,2026-02-24,2026-03-06,4,21423.0,True
TRIP_378d960c4d,U_c81c666179,OUT,IN_QA,VFR,2026-04-16,2026-04-24,3,22205.0,True
TRIP_01bdf81422,U_c81c666179,OUT,IN_SG,LEISURE,2025-06-28,2025-06-30,2,14285.0,True
TRIP_d5c9c63930,U_3d6772daf1,OUT,IN_AE,LEISURE,2025-08-13,2025-08-25,1,11843.0,True
TRIP_856e4cb3c8,U_3d6772daf1,OUT,IN_AE,VFR,2025-10-12,2025-10-19,1,7457.0,False
TRIP_ac3b7e2569,U_3d6772daf1,OUT,IN_MU,BUSINESS,2025-04-28,2025-05-08,1,20288.0,True
TRIP_45e7489871,U_4850d4f7f1,OUT,IN_LK,BUSINESS,2025-03-24,2025-04-01,1,10509.0,True
TRIP_c99f1e5b2d,U_2dfa50d0c8,OUT,IN_AE,PILGRIMAGE,2025-12-17,2025-12-31,2,10110.0,True
TRIP_f23bb7aaaf,U_2dfa50d0c8,OUT,IN_BT,LEISURE,2025-02-26,2025-03-08,4,45762.0,True
TRIP_6f095cae9d,U_2dfa50d0c8,OUT,OTHER_R2,LEISURE,2026-02-18,2026-02-20,2,37964.0,True
TRIP_4bd5d49e28,U_75a2ba7e4c,OUT,OTHER_R2,LEISURE,2026-03-21,2026-03-29,2,10218.0,True
TRIP_1f7573d006,U_75a2ba7e4c,OUT,OTHER_R2,LEISURE,2025-06-21,2025-06-23,2,4470.0,True
TRIP_21bd36f0c9,U_a938c1830b,OUT,IN_SG,EVENT,2025-08-20,2025-08-24,1,21065.0,True
TRIP_4a2573ac6c,U_fb906d6ac6,OUT,IN_AE,LEISURE,2025-06-15,2025-06-23,2,13790.0,True
TRIP_9ebb17cc27,U_fb906d6ac6,OUT,IN_QA,VFR,2025-04-28,2025-05-05,3,12191.0,True
TRIP_8ece3e23f7,U_5918cdc0e0,OUT,OTHER_R2,LEISURE,2026-03-24,2026-03-27,4,27227.0,True
TRIP_dfb950c05b,U_5918cdc0e0,OUT,IN_NP,BUSINESS,2026-01-12,2026-01-26,3,3457.0,True
TRIP_63aa342bfe,U_5918cdc0e0,OUT,IN_BT,EDUCATION,2026-03-18,2026-03-31,3,5897.0,True
TRIP_6817a7cb76,U_345042750e,OUT,IN_AE,LEISURE,2025-03-11,2025-03-25,4,5781.0,True
TRIP_40bfadccc2,U_56b41b71b0,OUT,IN_AE,MEDICAL,2024-12-14,2024-12-24,3,12679.0,True
TRIP_3392c4237f,U_56b41b71b0,OUT,IN_AE,VFR,2025-11-06,2025-11-10,2,10622.0,False
TRIP_94aa110f35,U_4a81751540,OUT,IN_BT,LEISURE,2026-01-04,2026-01-14,3,2688.0,True
TRIP_a41f0b1e75,U_6cca983674,OUT,IN_NP,LEISURE,2026-04-01,2026-04-14,2,25197.0,True
TRIP_305f6ae89a,U_6cca983674,OUT,IN_AE,LEISURE,2026-03-26,2026-04-09,4,2984.0,True
TRIP_b49d7611bf,U_6fdd93044a,OUT,IN_AE,MEDICAL,2026-04-15,2026-04-19,4,3012.0,True
TRIP_f8602fc5e1,U_6fdd93044a,OUT,IN_AE,VFR,2025-04-21,2025-04-30,1,10365.0,False
TRIP_a7442abb16,U_a3c5a2c3b6,OUT,IN_LK,MEDICAL,2024-09-27,2024-10-05,2,42578.0,True
TRIP_5bedee1ec7,U_a3c5a2c3b6,OUT,OTHER_R2,EDUCATION,2026-06-02,2026-06-05,1,15493.0,True
TRIP_8208bd88a9,U_ba51a8665d,OUT,IN_SG,VFR,2026-01-29,2026-02-11,2,18314.0,True
TRIP_0be4a4a8c1,U_1152cc01cd,OUT,OTHER_R2,LEISURE,2026-05-08,2026-05-14,2,26861.0,True
TRIP_e56f873ad0,U_a0ca230c33,OUT,IN_FR,EDUCATION,2026-06-16,2026-06-29,3,15059.0,True
TRIP_6d18f8f0c8,U_054b1523a6,OUT,IN_LK,LEISURE,2025-02-05,2025-02-08,1,6893.0,True
TRIP_b7226537db,U_0b64570891,OUT,IN_FR,MEDICAL,2026-05-23,2026-06-01,4,15924.0,True
TRIP_c63739f07d,U_d7e72559d2,OUT,IN_AE,LEISURE,2024-09-01,2024-09-15,2,27336.0,True
TRIP_8ee847cadc,U_d7e72559d2,OUT,IN_SG,LEISURE,2026-02-24,2026-03-08,3,37635.0,True
TRIP_ce965759d4,U_7a45b47db3,OUT,IN_QA,EDUCATION,2024-12-09,2024-12-12,4,9587.0,True
TRIP_b67406de2a,U_f59ddb6c98,OUT,IN_AE,LEISURE,2026-06-23,2026-07-03,2,7185.0,True
TRIP_c23471b796,U_5356eaccb0,OUT,IN_AE,LEISURE,2025-08-24,2025-08-29,1,12654.0,True
TRIP_2eca6a1c29,U_5356eaccb0,OUT,IN_SG,BUSINESS,2025-05-15,2025-05-27,4,14979.0,True
TRIP_db940a9439,U_5db3d2c279,OUT,IN_NP,LEISURE,2026-05-16,2026-05-23,3,8148.0,True
TRIP_de66c7a38d,U_5db3d2c279,OUT,IN_AE,LEISURE,2025-06-29,2025-07-08,1,10367.0,True
TRIP_d2b2fda432,U_5db3d2c279,OUT,IN_SG,BUSINESS,2025-12-21,2025-12-26,3,6773.0,True
TRIP_b04d01d4d8,U_fe07f166cf,OUT,IN_AE,EDUCATION,2025-10-24,2025-10-31,4,28353.0,True
TRIP_1ab90986c8,U_1c7f4e55d9,OUT,IN_AE,LEISURE,2025-11-12,2025-11-24,1,6750.0,True
TRIP_fe0256bc21,U_1c7f4e55d9,OUT,IN_MU,LEISURE,2024-11-27,2024-12-10,3,53036.0,True
TRIP_f4c9a1f16a,U_5a45a07fb4,OUT,IN_QA,MEDICAL,2026-02-17,2026-03-02,1,5405.0,True
TRIP_47bcc0b6d9,U_d5e506272a,OUT,IN_NP,LEISURE,2025-09-20,2025-10-02,4,94140.0,True
TRIP_3d2315ab0a,U_d5e506272a,OUT,OTHER_R2,EVENT,2024-08-28,2024-09-03,3,7742.0,True
TRIP_04d05602b1,U_35df5105f1,OUT,IN_BT,BUSINESS,2024-11-24,2024-12-08,2,32842.0,True
TRIP_8d0759a9c1,U_35df5105f1,OUT,IN_KH,EVENT,2026-05-03,2026-05-08,2,39454.0,True
TRIP_7f2c707aff,U_1971dc2a0f,OUT,IN_NP,PILGRIMAGE,2024-09-14,2024-09-19,3,19445.0,True
TRIP_ebf86379f8,U_c1b23a2418,OUT,IN_QA,EVENT,2026-03-16,2026-03-19,4,15373.0,True
TRIP_42db278a86,U_c1b23a2418,OUT,IN_NP,MEDICAL,2026-04-26,2026-04-28,1,19268.0,True
TRIP_d3ead13adf,U_8684aeb86f,OUT,IN_NP,MEDICAL,2025-02-07,2025-02-09,4,3193.0,True
TRIP_9f47a32b73,U_3011813b55,OUT,IN_AE,PILGRIMAGE,2025-07-18,2025-07-26,2,12335.0,True
TRIP_3493b9d52b,U_ccf5fd5cbf,OUT,OTHER_R2,TRANSIT,2025-09-04,2025-09-08,1,6642.0,True
TRIP_8c10405cc8,U_ccf5fd5cbf,OUT,IN_LK,BUSINESS,2025-11-30,2025-12-07,3,20046.0,True
TRIP_fd222c23b6,U_156c03967e,OUT,IN_SG,BUSINESS,2025-10-21,2025-11-03,3,19694.0,True
TRIP_40431c0c2f,U_8af2736d3a,OUT,IN_AE,BUSINESS,2026-01-12,2026-01-15,2,18133.0,True
TRIP_d6381aa6ee,U_8af2736d3a,OUT,IN_SG,LEISURE,2024-09-24,2024-10-07,1,18255.0,True
TRIP_c16389d759,U_3f825a64e9,OUT,IN_AE,LEISURE,2026-04-05,2026-04-14,3,55705.0,True
TRIP_a1498b8481,U_3f825a64e9,OUT,IN_NP,BUSINESS,2026-01-20,2026-01-22,4,7051.0,True
TRIP_363fc58f73,U_79a3c78809,OUT,IN_FR,LEISURE,2025-09-17,2025-09-21,1,10358.0,True
TRIP_6beaec750d,U_79a3c78809,OUT,IN_AE,TRANSIT,2025-03-12,2025-03-22,3,7508.0,True
TRIP_b9b2307f23,U_79a3c78809,OUT,OTHER_R2,PILGRIMAGE,2025-01-11,2025-01-20,2,26557.0,True
TRIP_d759bd1acf,U_9a20b0f85f,OUT,IN_AE,PILGRIMAGE,2025-09-25,2025-10-03,2,15882.0,True
TRIP_6f88f1747a,U_9a20b0f85f,OUT,OTHER_R2,LEISURE,2025-05-31,2025-06-06,2,11001.0,True
TRIP_e8c7c24db0,U_ee69c19c97,OUT,IN_AE,PILGRIMAGE,2026-02-15,2026-02-17,1,42996.0,True
TRIP_d9e6b473f1,U_ee69c19c97,OUT,IN_QA,MEDICAL,2025-11-08,2025-11-21,3,36335.0,True
TRIP_0a15998338,U_ee69c19c97,OUT,IN_AE,MEDICAL,2026-04-09,2026-04-15,1,52016.0,True
TRIP_139d1f0c57,U_893dd7fddf,OUT,IN_QA,LEISURE,2025-11-27,2025-12-09,2,4914.0,True
TRIP_88624e6d10,U_ba24a01eee,OUT,OTHER_R2,LEISURE,2025-01-16,2025-01-22,4,9253.0,True
TRIP_c18bcaf119,U_0c3aff8fcf,OUT,OTHER_R2,LEISURE,2025-02-08,2025-02-15,4,8192.0,True
TRIP_850917c2b0,U_538306f230,OUT,IN_AE,EDUCATION,2025-03-25,2025-03-27,4,6361.0,True
TRIP_a750d7b72d,U_538306f230,OUT,IN_LK,MEDICAL,2025-05-27,2025-06-09,3,14824.0,True
TRIP_038dbd3639,U_538306f230,OUT,IN_BT,BUSINESS,2025-10-23,2025-10-26,4,4819.0,True
TRIP_485220e243,U_7a8c98afad,OUT,IN_QA,EDUCATION,2025-11-05,2025-11-17,4,5418.0,True
TRIP_e705d2bb35,U_42f892c2ea,OUT,IN_AE,EDUCATION,2026-05-20,2026-05-25,2,17657.0,True
TRIP_454db1bb4f,U_42f892c2ea,OUT,OTHER_R2,VFR,2026-07-05,2026-07-16,2,10601.0,True
TRIP_863478af60,U_42f892c2ea,OUT,IN_FR,VFR,2025-09-01,2025-09-11,4,41754.0,True
TRIP_f20e5ea550,U_8db537e1ae,OUT,IN_BT,BUSINESS,2025-11-16,2025-11-23,4,41444.0,True
TRIP_58dd735072,U_3adba84283,OUT,IN_NP,EDUCATION,2024-10-19,2024-10-30,1,45315.0,True
TRIP_05401c175f,U_3adba84283,OUT,OTHER_R2,TRANSIT,2025-01-10,2025-01-14,4,13027.0,True
TRIP_e0deb45e8d,U_3adba84283,OUT,IN_AE,EDUCATION,2025-07-28,2025-08-11,4,31455.0,True
TRIP_118ddf9459,U_3adba84283,OUT,IN_AE,LEISURE,2026-06-16,2026-06-18,3,15848.0,False
TRIP_dda06921fc,U_37daf3f902,OUT,IN_NP,LEISURE,2026-04-30,2026-05-06,4,19142.0,True
TRIP_444ff22b12,U_37daf3f902,OUT,IN_AE,EVENT,2026-07-05,2026-07-08,1,3074.0,True
TRIP_925df4184c,U_e6d935a1da,OUT,IN_AE,BUSINESS,2025-05-13,2025-05-27,4,10755.0,True
TRIP_d57a9b3ac1,U_e6d935a1da,OUT,IN_NP,LEISURE,2025-01-27,2025-02-02,4,16546.0,True
TRIP_807b6de439,U_460f9742ab,OUT,IN_QA,LEISURE,2024-11-13,2024-11-22,4,11783.0,True
TRIP_474fef60da,U_a7511c11ae,OUT,IN_NP,EDUCATION,2026-04-08,2026-04-11,1,7670.0,True
TRIP_e27b4ea245,U_a7511c11ae,OUT,IN_FR,LEISURE,2026-07-02,2026-07-07,2,5792.0,True
TRIP_cdd660c186,U_96bf0d90ae,OUT,IN_AE,MEDICAL,2025-07-21,2025-08-04,3,17549.0,True
TRIP_32a2a5941b,U_78b01c7920,OUT,IN_SG,VFR,2025-03-01,2025-03-09,1,22260.0,True
TRIP_3a27a66a39,U_5827b6133a,OUT,OTHER_R2,LEISURE,2025-04-18,2025-04-23,3,8717.0,True
TRIP_90f46e3d63,U_5827b6133a,OUT,IN_LK,LEISURE,2024-11-28,2024-12-03,3,12697.0,True
TRIP_a33f474ca6,U_8060b61f56,OUT,IN_SG,VFR,2025-10-05,2025-10-09,2,15597.0,True
TRIP_ce945eec12,U_94fed9ccd1,OUT,IN_AE,TRANSIT,2025-10-25,2025-11-08,3,5889.0,True
TRIP_c6f3b4bc0b,U_905af6f1b8,OUT,OTHER_R2,MEDICAL,2026-03-06,2026-03-20,3,16358.0,True
TRIP_d287294f35,U_23391b2c0c,OUT,IN_FR,LEISURE,2025-12-20,2025-12-31,1,20873.0,True
TRIP_204b0a655e,U_770569f0ca,OUT,IN_AE,LEISURE,2025-12-26,2025-12-29,4,7592.0,True
TRIP_9d712f2323,U_7b791e2451,OUT,OTHER_R2,VFR,2025-01-17,2025-01-29,2,18062.0,True
TRIP_f0e769b1ed,U_0abf39178c,OUT,IN_NP,EDUCATION,2026-06-14,2026-06-28,4,5269.0,True
TRIP_ca6913decb,U_0abf39178c,OUT,IN_SG,EDUCATION,2026-04-23,2026-05-04,4,5864.0,True
TRIP_d2af4ce0c4,U_0abf39178c,OUT,IN_AE,LEISURE,2025-07-20,2025-07-31,3,24430.0,True
TRIP_c95fdb5bc6,U_f563b3e23a,OUT,IN_AE,LEISURE,2024-11-29,2024-12-11,1,46453.0,True
TRIP_4d70110ade,U_a1361b175b,OUT,OTHER_R2,LEISURE,2025-05-26,2025-06-05,3,8277.0,True
TRIP_dcb55474fd,U_26a16a8075,OUT,OTHER_R2,EDUCATION,2025-02-22,2025-02-24,3,49301.0,True
TRIP_f0b4f64a20,U_26a16a8075,OUT,IN_AE,TRANSIT,2025-08-12,2025-08-24,2,5589.0,True
TRIP_13a4ab3494,U_26a16a8075,OUT,IN_NP,LEISURE,2026-03-01,2026-03-13,3,11379.0,True
TRIP_d352188bb7,U_364eef429b,OUT,IN_LK,VFR,2025-04-17,2025-05-01,4,15914.0,True
TRIP_9194d15b0e,U_0a0f45f914,OUT,IN_AE,LEISURE,2025-02-09,2025-02-16,1,15768.0,True
TRIP_13dfeb54a0,U_be6948f9e0,OUT,IN_NP,VFR,2024-11-16,2024-11-28,1,22565.0,True
TRIP_9a80bac5d2,U_be6948f9e0,OUT,IN_SG,LEISURE,2025-10-09,2025-10-11,1,22995.0,True
TRIP_2a70e7b242,U_3ead09386c,OUT,IN_NP,EDUCATION,2026-05-26,2026-05-31,1,87015.0,True
TRIP_e4f32ad9de,U_3ead09386c,OUT,IN_AE,VFR,2026-03-08,2026-03-12,1,29144.0,True
TRIP_eafec329de,U_0012ae7ded,OUT,OTHER_R2,LEISURE,2025-06-02,2025-06-15,2,18978.0,True
TRIP_a4f2ca1a30,U_f0b81414f7,OUT,IN_AE,VFR,2024-11-05,2024-11-12,3,6825.0,True
TRIP_07bf80476e,U_f0b81414f7,OUT,IN_BT,BUSINESS,2025-12-10,2025-12-12,2,3575.0,True
TRIP_32fcdcff43,U_e48a7d1591,OUT,IN_NP,BUSINESS,2025-09-30,2025-10-09,1,4515.0,True
TRIP_215ae10999,U_4002452467,OUT,IN_SG,VFR,2024-09-25,2024-09-30,2,25805.0,True
TRIP_48ebc938c2,U_cf4ec5d555,OUT,IN_SG,BUSINESS,2026-03-11,2026-03-13,2,24612.0,True
TRIP_92ecb55835,U_cf4ec5d555,OUT,OTHER_R2,BUSINESS,2024-09-30,2024-10-05,4,147759.0,True
TRIP_764dc1fbfb,U_cf4ec5d555,OUT,IN_AE,LEISURE,2025-11-21,2025-12-04,2,8282.0,True
TRIP_56877d95b5,U_15b89e69e4,OUT,IN_NP,VFR,2025-12-27,2026-01-01,4,20052.0,True
TRIP_a06e0b0536,U_f4440722f4,OUT,OTHER_R2,BUSINESS,2025-09-25,2025-10-09,1,4503.0,True
TRIP_827dd5761b,U_993aa8dbc8,OUT,IN_NP,LEISURE,2025-04-09,2025-04-19,3,12929.0,True
TRIP_8585290c26,U_82bb5e276d,OUT,IN_AE,LEISURE,2026-05-25,2026-06-06,3,23589.0,True
TRIP_70591d4c1b,U_7534a5e398,OUT,IN_SG,LEISURE,2026-04-19,2026-05-03,4,9917.0,True
TRIP_25c34d651b,U_6acc827c1a,OUT,IN_MU,EVENT,2026-06-22,2026-07-05,1,33618.0,True
TRIP_feef73c5b7,U_6acc827c1a,OUT,IN_LK,PILGRIMAGE,2026-01-28,2026-02-06,2,23292.0,True
TRIP_4043c46f88,U_318dd9eca1,OUT,IN_AE,LEISURE,2024-11-11,2024-11-18,3,7281.0,True
TRIP_9c54aeecd0,U_d4f0c3c604,OUT,IN_FR,VFR,2024-10-10,2024-10-19,2,33155.0,True
TRIP_aed75aa02e,U_d4f0c3c604,OUT,IN_SG,VFR,2025-12-27,2025-12-30,1,34473.0,True
TRIP_95e6557f26,U_d4f0c3c604,OUT,OTHER_R2,LEISURE,2026-05-31,2026-06-13,4,58906.0,True
TRIP_5e3edb4051,U_b74dfcffb5,OUT,IN_AE,PILGRIMAGE,2024-11-20,2024-12-01,4,2919.0,True
TRIP_d6950c3f63,U_2548eaaaf9,OUT,IN_AE,LEISURE,2024-12-05,2024-12-10,4,3998.0,True
TRIP_a2628b8f5c,U_2548eaaaf9,OUT,IN_NP,EDUCATION,2025-07-29,2025-08-09,4,36640.0,True
TRIP_55f6a34e2c,U_9e66c0e5db,OUT,IN_QA,LEISURE,2025-12-16,2025-12-20,1,19826.0,True
TRIP_4b67a3342c,U_9e66c0e5db,OUT,IN_AE,LEISURE,2025-10-04,2025-10-07,4,14687.0,True
TRIP_117ce5abf2,U_9e66c0e5db,OUT,IN_NP,MEDICAL,2025-03-07,2025-03-20,3,12935.0,True
TRIP_f56e9d166e,U_51eb1de84c,OUT,OTHER_R2,VFR,2025-12-15,2025-12-22,1,18896.0,True
TRIP_1edc33aca4,U_51eb1de84c,OUT,IN_AE,LEISURE,2026-06-20,2026-06-23,3,11136.0,True
TRIP_46d797ddd7,U_51eb1de84c,OUT,IN_LK,BUSINESS,2025-11-16,2025-11-28,4,27724.0,True
TRIP_e17eb9e339,U_1465a619ce,OUT,IN_AE,LEISURE,2025-10-17,2025-10-24,4,28146.0,True
TRIP_a6a3a1c9a6,U_ab5a9877e2,OUT,IN_FR,LEISURE,2024-09-30,2024-10-10,1,12568.0,True
TRIP_785afc85e9,U_ab5a9877e2,OUT,IN_AE,VFR,2026-01-26,2026-02-07,1,7818.0,True
TRIP_756c95bb3a,U_65399f5211,OUT,IN_BT,MEDICAL,2025-09-29,2025-10-08,2,5639.0,True
TRIP_e72edaf8dd,U_5338b11f3b,OUT,IN_AE,LEISURE,2026-04-24,2026-05-03,3,13834.0,True
TRIP_6c6cc0e958,U_5338b11f3b,OUT,IN_SG,LEISURE,2025-03-28,2025-04-11,1,7013.0,True
TRIP_cb6cae96bd,U_f3dd53ee84,OUT,IN_NP,LEISURE,2025-12-15,2025-12-21,3,12479.0,True
TRIP_f09d6cf7fe,U_f3dd53ee84,OUT,IN_KH,BUSINESS,2026-06-16,2026-06-20,3,19662.0,True
TRIP_9cfeaff5f5,U_f3dd53ee84,OUT,IN_NP,BUSINESS,2024-12-29,2025-01-07,1,18341.0,False
TRIP_684decd1e7,U_f3dd53ee84,OUT,IN_AE,LEISURE,2025-10-06,2025-10-10,3,19842.0,True
TRIP_7ecec7e4d6,U_ba527ca796,OUT,IN_QA,EDUCATION,2025-08-16,2025-08-23,4,22364.0,True
TRIP_3bce7127bb,U_ba527ca796,OUT,IN_NP,EDUCATION,2024-12-11,2024-12-16,2,10824.0,True
TRIP_a3465c55d6,U_ba527ca796,OUT,IN_MU,EDUCATION,2026-03-07,2026-03-12,1,18948.0,True
TRIP_de367e06bc,U_59dddd54a1,OUT,IN_SG,MEDICAL,2024-12-17,2024-12-20,4,6765.0,True
TRIP_69f7e56c1a,U_59dddd54a1,OUT,IN_AE,VFR,2025-05-10,2025-05-19,1,23031.0,True
TRIP_4533493b42,U_59dddd54a1,OUT,IN_SG,BUSINESS,2025-09-17,2025-09-19,4,23421.0,False
TRIP_4410f9b685,U_c066839384,OUT,IN_SG,LEISURE,2024-08-30,2024-09-11,2,26090.0,True
TRIP_02fe7ce57c,U_001b2376dc,OUT,OTHER_R2,LEISURE,2025-12-09,2025-12-11,4,45499.0,True
TRIP_b4cd745034,U_001b2376dc,OUT,IN_AE,BUSINESS,2025-10-23,2025-10-31,4,6697.0,True
TRIP_ffce34e819,U_cf5c9cf504,OUT,IN_AE,TRANSIT,2025-09-29,2025-10-12,4,20201.0,True
TRIP_34e209d389,U_4923af1658,OUT,IN_AE,VFR,2024-12-08,2024-12-19,1,7309.0,True
TRIP_be222f6e8a,U_2b045a0365,OUT,IN_NP,VFR,2024-11-06,2024-11-19,4,16291.0,True
TRIP_9b0a86fec9,U_6388496c4f,OUT,IN_AE,EDUCATION,2024-12-23,2024-12-30,2,4813.0,True
TRIP_c847dad0c6,U_6388496c4f,OUT,IN_AE,EDUCATION,2026-03-24,2026-03-31,3,6799.0,False
TRIP_28c09ec66b,U_08ea735de6,OUT,OTHER_R2,VFR,2025-12-02,2025-12-16,3,10421.0,True
TRIP_b9d455dc7c,U_2fe110ac0c,OUT,OTHER_R2,LEISURE,2025-10-26,2025-11-05,1,43945.0,True
TRIP_2eb3e04e72,U_8399e39070,OUT,IN_LK,EDUCATION,2025-04-17,2025-04-23,1,16640.0,True
TRIP_463b693d76,U_4975f02743,OUT,IN_AE,LEISURE,2025-04-21,2025-04-28,4,11286.0,True
TRIP_680420477b,U_4975f02743,OUT,IN_AE,LEISURE,2025-07-13,2025-07-26,1,12370.0,True
TRIP_6f0440be5a,U_58e0477b90,OUT,OTHER_R2,EVENT,2025-03-13,2025-03-21,1,7094.0,True
TRIP_417783eff8,U_58e0477b90,OUT,IN_SG,VFR,2025-07-01,2025-07-08,4,28197.0,True
TRIP_c2d7d90cc0,U_1e86685b4e,OUT,IN_AE,EVENT,2026-06-03,2026-06-10,3,42560.0,True
TRIP_b04655a933,U_1e86685b4e,OUT,IN_AE,LEISURE,2025-11-12,2025-11-16,1,42847.0,False
TRIP_ac04ba3e17,U_5cb5b71ba4,OUT,IN_NP,VFR,2026-07-10,2026-07-22,2,52355.0,True
TRIP_5205beafd8,U_10c7a210b6,OUT,IN_AE,BUSINESS,2026-01-12,2026-01-15,4,7896.0,True
TRIP_3a30c31907,U_274ce1c69f,OUT,IN_AE,MEDICAL,2025-09-17,2025-09-20,2,14919.0,True
TRIP_e27390fa30,U_7151f956d5,OUT,IN_AE,LEISURE,2025-04-23,2025-05-07,4,5553.0,True
TRIP_5e3d0f80b7,U_7151f956d5,OUT,IN_SG,BUSINESS,2026-06-08,2026-06-11,3,17156.0,True
TRIP_c41a07b37f,U_ca478edd11,OUT,IN_SG,LEISURE,2026-06-16,2026-06-25,4,22863.0,True
TRIP_c73b24f835,U_ca478edd11,OUT,IN_AE,EDUCATION,2025-03-28,2025-04-01,3,16730.0,True
TRIP_80a4fd1c80,U_9510b166bd,OUT,IN_BT,LEISURE,2024-09-16,2024-09-26,3,12737.0,True
TRIP_d7b884a87a,U_9510b166bd,OUT,OTHER_R2,PILGRIMAGE,2025-03-06,2025-03-10,3,3344.0,True
TRIP_a0c4127296,U_618a435aa2,OUT,IN_QA,BUSINESS,2025-08-15,2025-08-18,2,13742.0,True
TRIP_8c780a03b0,U_618a435aa2,OUT,IN_AE,LEISURE,2025-08-03,2025-08-17,1,6603.0,True
TRIP_617ae64b66,U_618a435aa2,OUT,OTHER_R2,LEISURE,2025-12-16,2025-12-22,2,13675.0,True
TRIP_492e515e1d,U_618a435aa2,OUT,IN_NP,LEISURE,2026-03-30,2026-04-10,1,5610.0,True
TRIP_0e8994c447,U_618a435aa2,OUT,IN_BT,LEISURE,2025-09-29,2025-10-03,2,16836.0,True
TRIP_7ddc80125e,U_618a435aa2,OUT,OTHER_R2,VFR,2025-10-01,2025-10-13,1,13717.0,False
TRIP_4d9b29ac93,U_8b04507512,OUT,IN_AE,VFR,2025-06-16,2025-06-29,3,14862.0,True
TRIP_48dd6a6d57,U_88b02a4664,OUT,IN_AE,BUSINESS,2024-12-16,2024-12-28,4,6574.0,True
TRIP_ecfb62a707,U_88b02a4664,OUT,IN_MU,PILGRIMAGE,2025-07-25,2025-08-03,3,10470.0,True
TRIP_476d8775c3,U_5155d3d53d,OUT,IN_AE,BUSINESS,2026-01-09,2026-01-23,4,12540.0,True
TRIP_33690ed7e2,U_5155d3d53d,OUT,IN_SG,TRANSIT,2025-08-11,2025-08-14,4,31021.0,True
TRIP_c6b51e648d,U_3a4452926e,OUT,IN_AE,LEISURE,2026-03-06,2026-03-14,2,6537.0,True
TRIP_5fbce592a7,U_3a4452926e,OUT,IN_AE,LEISURE,2025-05-22,2025-05-24,2,29277.0,False
TRIP_fd50f8b44f,U_3a4452926e,OUT,IN_SG,VFR,2025-01-03,2025-01-05,3,7235.0,True
TRIP_ef43cc904f,U_6ac95b8cc5,OUT,IN_AE,TRANSIT,2024-12-24,2024-12-27,4,10974.0,True
TRIP_24c149cd48,U_6ac95b8cc5,OUT,IN_QA,LEISURE,2025-03-26,2025-04-03,4,33950.0,True
TRIP_af4d594978,U_8f5ff06994,OUT,IN_AE,LEISURE,2024-09-26,2024-10-10,4,19252.0,True
TRIP_529c0e3345,U_4cbd6d485e,OUT,IN_AE,LEISURE,2025-03-19,2025-03-31,2,5812.0,True
TRIP_d380439b24,U_a8141a0ab5,OUT,IN_NP,LEISURE,2026-03-12,2026-03-23,3,21758.0,True
TRIP_af0d09c580,U_a8141a0ab5,OUT,IN_FR,BUSINESS,2025-11-27,2025-12-05,2,10666.0,True
TRIP_f3273526f8,U_4de337391b,OUT,IN_BT,LEISURE,2026-02-26,2026-03-03,2,11464.0,True
TRIP_021922b24d,U_70699dfeb0,OUT,IN_QA,LEISURE,2025-09-14,2025-09-23,3,37587.0,True
TRIP_0af181e362,U_6b57e7666e,OUT,IN_AE,PILGRIMAGE,2025-10-12,2025-10-18,4,68043.0,True
TRIP_6964927f5c,U_6b57e7666e,OUT,IN_AE,TRANSIT,2025-12-30,2026-01-05,4,7548.0,False
TRIP_a5a8ccf954,U_56d7a17682,OUT,IN_SG,LEISURE,2025-09-28,2025-10-05,1,8106.0,True
TRIP_d907eed138,U_56d7a17682,OUT,IN_SG,LEISURE,2025-04-15,2025-04-21,3,15464.0,True
TRIP_892a3ba62b,U_a7cfaffb46,OUT,OTHER_R2,LEISURE,2026-05-28,2026-06-10,4,38418.0,True
TRIP_268a18d657,U_8c2c855e04,OUT,IN_QA,PILGRIMAGE,2026-06-14,2026-06-24,2,4450.0,True
TRIP_d409e92419,U_cc68c00480,OUT,IN_AE,LEISURE,2025-05-17,2025-05-29,4,7747.0,True
TRIP_c08ddd48c6,U_4ead083c56,OUT,IN_AE,LEISURE,2026-06-16,2026-06-27,3,11566.0,True
TRIP_2d231a022e,U_4ead083c56,OUT,IN_BT,LEISURE,2024-10-13,2024-10-26,1,8353.0,True
TRIP_8be90bc9a6,U_6455d051e5,OUT,IN_SG,LEISURE,2026-03-05,2026-03-07,2,15962.0,True
TRIP_01667616cc,U_7c3f5a49e9,OUT,IN_QA,VFR,2024-09-18,2024-09-20,2,6565.0,True
TRIP_792017e276,U_1b5fca6eac,OUT,IN_QA,MEDICAL,2025-11-30,2025-12-10,1,16167.0,True
TRIP_e0f534f431,U_1b5fca6eac,OUT,OTHER_R2,EDUCATION,2025-10-11,2025-10-25,2,10561.0,True
TRIP_02b293eb76,U_1b5fca6eac,OUT,IN_AE,EDUCATION,2025-11-26,2025-12-09,1,11926.0,True
TRIP_ec595ffb2b,U_b15c6ffae0,OUT,OTHER_R2,MEDICAL,2026-03-31,2026-04-05,4,14896.0,True
TRIP_df434b3da8,U_b40fd34cee,OUT,IN_QA,LEISURE,2026-03-27,2026-04-07,1,12236.0,True
TRIP_ffde7626e0,U_b40fd34cee,OUT,IN_QA,LEISURE,2025-07-27,2025-08-03,4,9390.0,True
TRIP_a8dbe612bf,U_359a5d76b9,OUT,OTHER_R2,PILGRIMAGE,2025-02-24,2025-03-06,2,8724.0,True
TRIP_c26801d296,U_f031bbbba1,OUT,OTHER_R2,PILGRIMAGE,2024-11-11,2024-11-18,2,4451.0,True
TRIP_9292681dec,U_375714278f,OUT,IN_SG,PILGRIMAGE,2025-06-17,2025-06-20,3,18384.0,True
TRIP_f5cb046442,U_d8321d47af,OUT,IN_NP,BUSINESS,2026-05-27,2026-05-31,1,41697.0,True
TRIP_551ae9c1de,U_7c82806153,OUT,IN_AE,MEDICAL,2025-06-24,2025-07-07,2,5740.0,True
TRIP_ee2c743cac,U_79d6894415,OUT,IN_AE,VFR,2025-08-02,2025-08-08,2,2646.0,True
TRIP_c4d513122a,U_79d6894415,OUT,IN_AE,VFR,2026-06-22,2026-06-28,4,7018.0,False
TRIP_4e51dc6f28,U_de7b950c48,OUT,IN_NP,VFR,2025-01-04,2025-01-14,3,10466.0,True
TRIP_bc2f3ec5a1,U_ea79886bd1,OUT,OTHER_R2,LEISURE,2025-01-02,2025-01-09,3,78917.0,True
TRIP_4a5ababa69,U_bf063bee9a,OUT,OTHER_R2,LEISURE,2025-11-19,2025-11-27,4,40182.0,True
TRIP_b9cefcc5e8,U_bf063bee9a,OUT,IN_MU,LEISURE,2025-09-17,2025-10-01,4,6277.0,True
TRIP_01ee34d659,U_0726705d22,OUT,IN_SG,BUSINESS,2026-04-03,2026-04-05,2,7444.0,True
TRIP_33b1812466,U_0726705d22,OUT,IN_AE,VFR,2025-11-20,2025-11-24,2,32955.0,True
TRIP_b4fd5cce54,U_6156f7fbeb,OUT,IN_BT,LEISURE,2026-01-29,2026-02-01,3,13793.0,True
TRIP_c5952871ea,U_59a947b16b,OUT,IN_QA,EDUCATION,2025-07-03,2025-07-13,2,1661.0,True
TRIP_320e374d02,U_250b2679fa,OUT,IN_AE,PILGRIMAGE,2025-10-03,2025-10-07,4,10645.0,True
TRIP_522f30e6d2,U_3023a26c77,OUT,IN_NP,VFR,2025-11-08,2025-11-16,4,28911.0,True
TRIP_e99e9a9b03,U_5f483c2bf3,OUT,IN_AE,LEISURE,2025-08-01,2025-08-15,2,10058.0,True
TRIP_45b63b065d,U_5f483c2bf3,OUT,IN_AE,EDUCATION,2025-05-01,2025-05-10,2,12770.0,False
TRIP_50f2accd77,U_99ceb05c4d,OUT,IN_AE,VFR,2025-03-27,2025-04-02,3,7377.0,True
TRIP_942b4a2633,U_53c524290f,OUT,IN_AE,MEDICAL,2025-10-17,2025-10-27,4,4255.0,True
TRIP_c68825e9df,U_53c524290f,OUT,IN_QA,EDUCATION,2025-02-02,2025-02-07,3,14949.0,True
TRIP_88f84fd388,U_769287cbd1,OUT,IN_FR,PILGRIMAGE,2024-09-15,2024-09-29,2,4675.0,True
TRIP_b022fb05b0,U_5bc27c1d94,OUT,IN_QA,VFR,2024-10-28,2024-11-09,3,13339.0,True
TRIP_0a73cf4d02,U_9303232836,OUT,IN_AE,LEISURE,2026-04-08,2026-04-11,2,27021.0,True
TRIP_cc77ac626c,U_9303232836,OUT,IN_BT,VFR,2024-08-11,2024-08-25,3,31637.0,True
TRIP_f4f0599ccc,U_5d3a7f31fb,OUT,IN_QA,BUSINESS,2025-02-05,2025-02-17,4,3496.0,True
TRIP_82bd7b7c17,U_5d3a7f31fb,OUT,IN_LK,VFR,2026-03-28,2026-03-31,2,14277.0,True
TRIP_eb5e9ee828,U_ddc222bd6b,OUT,OTHER_R2,VFR,2026-04-02,2026-04-13,4,8264.0,True
TRIP_44fe3ca5cc,U_ddc222bd6b,OUT,IN_AE,VFR,2025-08-25,2025-09-07,3,7422.0,True
TRIP_f1190528de,U_ddc222bd6b,OUT,IN_AE,VFR,2026-01-18,2026-01-31,2,9269.0,False
TRIP_c1a24cf5ff,U_04a199468f,OUT,IN_AE,LEISURE,2026-04-22,2026-05-06,3,22053.0,True
TRIP_17131ca2fc,U_f3cf204533,OUT,IN_FR,LEISURE,2026-06-24,2026-07-07,4,16927.0,True
TRIP_5dac9f8f63,U_c9719e485b,OUT,IN_SG,LEISURE,2024-12-19,2024-12-27,1,5064.0,True
TRIP_6822dea5b4,U_a023df0e49,OUT,IN_AE,BUSINESS,2025-04-01,2025-04-09,3,14868.0,True
TRIP_5d5b98ed66,U_305433923c,OUT,IN_FR,TRANSIT,2026-05-21,2026-05-28,3,23443.0,True
TRIP_2e4026ebfa,U_305433923c,OUT,IN_MU,MEDICAL,2024-10-14,2024-10-26,1,25618.0,True
TRIP_66c9a66bbd,U_305433923c,OUT,IN_AE,LEISURE,2024-12-27,2025-01-06,1,28488.0,True
TRIP_4e4beb9154,U_005997330e,OUT,IN_MU,EVENT,2025-03-24,2025-04-02,3,23897.0,True
TRIP_8a2b49148f,U_66092f5cbe,OUT,IN_AE,LEISURE,2025-02-03,2025-02-14,1,9578.0,True
TRIP_bcf994ec03,U_66092f5cbe,OUT,IN_SG,VFR,2024-11-20,2024-11-29,2,20690.0,True
TRIP_ac0ed10800,U_359008a248,OUT,OTHER_R2,VFR,2025-06-01,2025-06-06,4,3340.0,True
TRIP_740f0536af,U_359008a248,OUT,IN_LK,BUSINESS,2024-12-10,2024-12-13,2,10390.0,True
TRIP_9aad3b25f5,U_359008a248,OUT,IN_AE,LEISURE,2025-02-08,2025-02-14,1,24565.0,True
TRIP_03328b7880,U_359008a248,OUT,IN_BT,VFR,2025-08-07,2025-08-16,1,6572.0,True
TRIP_52fb28c5f8,U_990e831e7f,OUT,OTHER_R2,LEISURE,2024-09-19,2024-10-01,2,24056.0,True
TRIP_9585d610ca,U_c7a50c7688,OUT,IN_AE,PILGRIMAGE,2024-09-28,2024-10-02,3,6080.0,True
TRIP_0313611b10,U_c7a50c7688,OUT,IN_SG,VFR,2025-11-01,2025-11-03,2,9693.0,True
TRIP_f89c791d7a,U_c7a50c7688,OUT,IN_NP,TRANSIT,2026-04-06,2026-04-12,4,75067.0,True
TRIP_7ed0b2fbde,U_0f04fa0873,OUT,IN_NP,EVENT,2025-08-11,2025-08-20,2,11166.0,True
TRIP_d1a9023a7a,U_0f04fa0873,OUT,IN_AE,LEISURE,2025-10-02,2025-10-09,2,78939.0,True
TRIP_7699e66dc6,U_aaac4c13b1,OUT,IN_AE,MEDICAL,2026-07-09,2026-07-13,3,3897.0,True
TRIP_453b0aa36b,U_aaac4c13b1,OUT,IN_NP,MEDICAL,2026-03-23,2026-03-27,2,2982.0,True
TRIP_bd25ad7c2d,U_aaac4c13b1,OUT,IN_NP,EDUCATION,2025-10-26,2025-10-31,3,45483.0,False
TRIP_d793b180df,U_30ead00dc3,OUT,IN_AE,EVENT,2025-05-23,2025-06-02,3,11865.0,True
TRIP_47706d77ea,U_30ead00dc3,OUT,OTHER_R2,LEISURE,2025-07-05,2025-07-14,1,58511.0,True
TRIP_65416e630b,U_9d8c0f62fe,OUT,IN_LK,MEDICAL,2025-12-25,2025-12-27,1,8310.0,True
TRIP_b0ce6751f5,U_49c53f1207,OUT,IN_AE,TRANSIT,2025-09-11,2025-09-17,2,23272.0,True
TRIP_633a8eda34,U_bef01b00eb,OUT,IN_AE,LEISURE,2025-07-03,2025-07-15,3,14464.0,True
TRIP_eabefbf0ec,U_bef01b00eb,OUT,IN_QA,VFR,2025-03-26,2025-04-01,2,10689.0,True
TRIP_68fd5a2c13,U_562076fa7a,OUT,IN_AE,BUSINESS,2026-06-07,2026-06-12,4,6466.0,True
TRIP_4fa8c4223f,U_6a311f7495,OUT,IN_AE,LEISURE,2025-09-01,2025-09-10,3,3833.0,True
TRIP_0fbc797771,U_6a311f7495,OUT,OTHER_R2,EDUCATION,2025-06-03,2025-06-10,4,61951.0,True
TRIP_94ac8760e7,U_0ba6f3b8cd,OUT,IN_NP,MEDICAL,2025-03-18,2025-03-27,2,6275.0,True
TRIP_ac2eb4a4b1,U_0ba6f3b8cd,OUT,IN_BT,EDUCATION,2026-01-05,2026-01-10,1,18935.0,True
TRIP_13b2c3ae83,U_0ba6f3b8cd,OUT,IN_SG,LEISURE,2025-11-30,2025-12-14,4,5853.0,True
TRIP_e564a53bd0,U_f57ff76785,OUT,IN_SG,LEISURE,2025-03-05,2025-03-09,4,38210.0,True
TRIP_f11ad3ec9b,U_452c920a8a,OUT,IN_SG,LEISURE,2025-05-23,2025-05-26,1,25341.0,True
TRIP_31b83fadc4,U_be532fa251,OUT,IN_AE,BUSINESS,2025-10-01,2025-10-05,4,52381.0,True
TRIP_d6791698f2,U_be532fa251,OUT,OTHER_R2,VFR,2025-03-04,2025-03-13,1,3243.0,True
TRIP_1c19ed08bc,U_03154390e1,OUT,IN_AE,VFR,2026-04-10,2026-04-22,1,14439.0,True
TRIP_b98a15b910,U_d5b00d9762,OUT,OTHER_R2,LEISURE,2025-04-21,2025-04-24,1,18965.0,True
TRIP_60f25e8adb,U_c56b957569,OUT,IN_NP,VFR,2024-10-08,2024-10-20,3,20538.0,True
TRIP_07649f6610,U_76724441a1,OUT,IN_LK,EDUCATION,2026-06-15,2026-06-28,4,12040.0,True
TRIP_aabc8e8d01,U_76724441a1,OUT,IN_AE,BUSINESS,2025-01-01,2025-01-04,2,29688.0,True
TRIP_259fa8ae3e,U_ef29e758a9,OUT,IN_FR,VFR,2025-05-04,2025-05-16,4,11574.0,True
TRIP_882b7d3857,U_ef29e758a9,OUT,IN_AE,LEISURE,2025-10-25,2025-10-27,2,1792.0,True
TRIP_7fe070f0a6,U_185c077660,OUT,IN_AE,LEISURE,2024-12-30,2025-01-08,1,6748.0,True
TRIP_447f8dd10e,U_185c077660,OUT,IN_SG,EVENT,2026-01-19,2026-01-31,3,35383.0,True
TRIP_49b0f8fe83,U_185c077660,OUT,IN_SG,VFR,2026-02-18,2026-02-25,2,14523.0,False
TRIP_2b45bc6b08,U_185c077660,OUT,IN_QA,BUSINESS,2025-12-28,2026-01-01,4,4801.0,True
TRIP_2423dc577c,U_53d770a919,OUT,IN_FR,VFR,2026-06-01,2026-06-11,3,18207.0,True
TRIP_f31c24d4f5,U_90aaa90a3a,OUT,IN_NP,EDUCATION,2025-09-25,2025-09-28,3,6266.0,True
TRIP_f2786b7444,U_90aaa90a3a,OUT,IN_NP,EDUCATION,2026-03-13,2026-03-17,3,8307.0,False
TRIP_08c2f54357,U_29c395bb60,OUT,IN_AE,LEISURE,2026-07-08,2026-07-12,2,11043.0,True
TRIP_e42ec35119,U_b04cc77749,OUT,IN_NP,LEISURE,2024-11-21,2024-11-25,2,10078.0,True
TRIP_9237d01858,U_b04cc77749,OUT,IN_QA,LEISURE,2026-06-03,2026-06-13,1,19673.0,True
TRIP_b7ae5462c0,U_291cdf0206,OUT,IN_NP,MEDICAL,2025-05-17,2025-05-22,1,5817.0,True
TRIP_0a1eebe884,U_b61bfd4ae7,OUT,IN_BT,LEISURE,2024-12-11,2024-12-14,3,11292.0,True
TRIP_e3ac8df40a,U_7bedcabf34,OUT,OTHER_R2,LEISURE,2025-02-03,2025-02-08,4,9864.0,True
TRIP_ee70a53de2,U_7bedcabf34,OUT,IN_MU,VFR,2024-12-28,2025-01-06,3,16487.0,True
TRIP_ad89cedd68,U_7bedcabf34,OUT,OTHER_R2,LEISURE,2026-02-10,2026-02-12,1,10598.0,False
TRIP_8a4f26780d,U_45549b3244,OUT,IN_AE,LEISURE,2025-10-30,2025-11-06,3,14257.0,True
TRIP_924dd36085,U_45549b3244,OUT,OTHER_R2,LEISURE,2026-02-09,2026-02-13,4,26552.0,True
TRIP_eae1d22cbd,U_1f9c4026dd,OUT,IN_AE,VFR,2026-03-21,2026-04-02,1,33139.0,True
TRIP_bf7ba599a8,U_bdd33014fb,OUT,IN_NP,BUSINESS,2024-12-15,2024-12-20,3,4501.0,True
TRIP_35f88de3a6,U_90a92247c9,OUT,IN_LK,BUSINESS,2025-06-19,2025-06-28,1,7255.0,True
TRIP_6a214fa0bf,U_90a92247c9,OUT,IN_AE,VFR,2026-04-12,2026-04-18,2,22634.0,True
TRIP_f09cc7bc4c,U_90a92247c9,OUT,OTHER_R2,PILGRIMAGE,2026-01-12,2026-01-18,3,23525.0,True
TRIP_423e3baa07,U_8d70fdbc9f,OUT,IN_BT,LEISURE,2025-12-14,2025-12-28,2,29431.0,True
TRIP_ea745b0be0,U_9a2b7560cb,OUT,IN_SG,BUSINESS,2025-03-06,2025-03-10,1,6262.0,True
TRIP_c104848891,U_9a2b7560cb,OUT,IN_AE,LEISURE,2025-12-23,2026-01-04,3,20013.0,True
TRIP_ccc670e26f,U_9a2b7560cb,OUT,IN_NP,TRANSIT,2025-01-20,2025-01-30,4,52256.0,True
TRIP_466c5870ed,U_9a2b7560cb,OUT,IN_QA,LEISURE,2026-06-09,2026-06-18,3,17432.0,True
TRIP_4d4a3f4b5b,U_f1c5e43258,OUT,IN_BT,LEISURE,2026-04-17,2026-04-25,4,39170.0,True
TRIP_31ab2c4306,U_b05122b31c,OUT,IN_FR,LEISURE,2026-02-05,2026-02-18,3,13822.0,True
TRIP_fb7ff1063c,U_b05122b31c,OUT,IN_SG,BUSINESS,2024-11-12,2024-11-25,3,10312.0,True
TRIP_6b35ef80b6,U_6b307710c4,OUT,OTHER_R2,BUSINESS,2025-12-07,2025-12-12,4,14043.0,True
TRIP_240c1388c7,U_c99cbce024,OUT,IN_SG,BUSINESS,2025-06-20,2025-06-23,2,18354.0,True
TRIP_1e16f83c24,U_95021b9fe2,OUT,OTHER_R2,VFR,2026-03-17,2026-03-20,3,4659.0,True
TRIP_515525026f,U_a470c6bae0,OUT,IN_SG,LEISURE,2025-04-03,2025-04-13,2,6237.0,True
TRIP_4a7e7e095a,U_a470c6bae0,OUT,IN_QA,BUSINESS,2024-11-07,2024-11-16,4,4557.0,True
TRIP_295868d390,U_5eb1f11dee,OUT,IN_NP,EDUCATION,2025-03-28,2025-04-03,4,25858.0,True
TRIP_cda3cf174c,U_5eb1f11dee,OUT,IN_MU,MEDICAL,2024-10-10,2024-10-19,2,12295.0,True
TRIP_fee6486cf7,U_da10acd062,OUT,IN_KH,LEISURE,2025-08-20,2025-08-28,3,19811.0,True
TRIP_1d5ef0e429,U_da10acd062,OUT,IN_SG,VFR,2025-07-15,2025-07-23,3,9462.0,True
TRIP_bf7abde677,U_1d5e751d10,OUT,OTHER_R2,EVENT,2025-01-25,2025-01-27,2,12923.0,True
TRIP_08b221b2a2,U_1d5e751d10,OUT,OTHER_R2,BUSINESS,2025-08-01,2025-08-12,3,11963.0,False
TRIP_a0ef7ca99e,U_1d5e751d10,OUT,IN_AE,LEISURE,2025-08-25,2025-08-30,4,6679.0,True
TRIP_2c67158a83,U_36e2cfd1b4,OUT,IN_MU,BUSINESS,2026-02-22,2026-03-01,3,20211.0,True
TRIP_119863f478,U_36e2cfd1b4,OUT,OTHER_R2,BUSINESS,2026-06-19,2026-06-28,4,4955.0,True
TRIP_4d447f7139,U_36e2cfd1b4,OUT,IN_NP,LEISURE,2026-01-26,2026-02-02,4,14450.0,True
TRIP_3f56143715,U_aaca778bf6,OUT,IN_AE,EVENT,2025-03-13,2025-03-27,1,29651.0,True
TRIP_3534051f21,U_aaca778bf6,OUT,OTHER_R2,PILGRIMAGE,2025-11-29,2025-12-11,4,24703.0,True
TRIP_605f0d0fc4,U_e44ab4ae2d,OUT,IN_AE,VFR,2025-09-18,2025-09-20,3,7655.0,True
TRIP_cb7d68147d,U_e44ab4ae2d,OUT,IN_SG,EVENT,2024-09-19,2024-09-24,3,2357.0,True
TRIP_11ec58c508,U_79aa3628f2,OUT,IN_SG,LEISURE,2025-12-27,2026-01-09,4,8357.0,True
TRIP_17b4cfcfcf,U_07e5142528,OUT,IN_LK,BUSINESS,2025-11-30,2025-12-11,1,3697.0,True
TRIP_4f218ae4bb,U_a6f164c3d4,OUT,IN_BT,VFR,2025-01-27,2025-02-06,1,15070.0,True
TRIP_c178667922,U_a6f164c3d4,OUT,IN_AE,BUSINESS,2025-05-28,2025-06-06,4,18609.0,True
TRIP_48873db6b5,U_a6f164c3d4,OUT,OTHER_R2,VFR,2024-09-11,2024-09-24,3,11372.0,True
TRIP_4a5057dc10,U_dc5cf76f89,OUT,IN_MU,LEISURE,2026-06-19,2026-07-03,1,26015.0,True
TRIP_07a95b1960,U_dc5cf76f89,OUT,IN_SG,TRANSIT,2025-06-01,2025-06-03,1,12741.0,True
TRIP_3e136af927,U_dc5cf76f89,OUT,IN_BT,BUSINESS,2025-03-23,2025-03-26,4,8583.0,True
TRIP_f26bc473f7,U_a96d2c1a2f,OUT,IN_SG,LEISURE,2025-05-29,2025-06-12,2,25584.0,True
TRIP_94cd6d1422,U_387b18143c,OUT,IN_AE,LEISURE,2026-04-26,2026-05-06,4,9857.0,True
TRIP_b9edb1e68b,U_f448e5bf47,OUT,IN_LK,VFR,2025-12-01,2025-12-06,4,4106.0,True
TRIP_77369ad189,U_de155f3ec6,OUT,IN_QA,PILGRIMAGE,2026-01-11,2026-01-22,3,11148.0,True
TRIP_2590073c50,U_de155f3ec6,OUT,IN_SG,VFR,2025-01-05,2025-01-10,1,13089.0,True
TRIP_d20620a03b,U_de155f3ec6,OUT,IN_MU,PILGRIMAGE,2025-01-06,2025-01-10,4,46715.0,True
TRIP_d739fa4a86,U_6ea7a3c812,OUT,IN_BT,LEISURE,2025-05-21,2025-05-30,2,3917.0,True
TRIP_d96c7289fa,U_2bd2a64f48,OUT,IN_FR,LEISURE,2025-06-26,2025-07-06,3,7464.0,True
TRIP_339e7b64b1,U_79bd61b664,OUT,OTHER_R2,LEISURE,2024-09-19,2024-09-24,3,3113.0,True
TRIP_bf9e7f9f0c,U_c1d1c77360,OUT,IN_SG,EDUCATION,2025-03-02,2025-03-08,2,30778.0,True
TRIP_881d3805e4,U_c1d1c77360,OUT,IN_FR,TRANSIT,2025-02-24,2025-03-03,3,30441.0,True
TRIP_730042d7db,U_c1d1c77360,OUT,IN_NP,TRANSIT,2025-03-26,2025-03-30,3,13095.0,True
TRIP_1d6d6c25e6,U_78a10f5bf9,OUT,OTHER_R2,BUSINESS,2025-04-26,2025-05-08,2,11916.0,True
TRIP_21023e987c,U_716b475c70,OUT,IN_AE,MEDICAL,2025-03-21,2025-03-24,4,29864.0,True
TRIP_465fd5e18a,U_716b475c70,OUT,IN_NP,MEDICAL,2025-10-28,2025-10-31,4,3951.0,True
TRIP_172cf4cef2,U_842d47e234,OUT,IN_AE,LEISURE,2025-05-07,2025-05-16,2,4347.0,True
TRIP_06abb42189,U_842d47e234,OUT,IN_SG,EDUCATION,2025-08-15,2025-08-26,3,12115.0,True
TRIP_2adcd0dce8,U_b1ad7bc229,OUT,OTHER_R2,LEISURE,2024-09-22,2024-09-28,3,22229.0,True
TRIP_76ea6994f1,U_75fc9da9b8,OUT,OTHER_R2,LEISURE,2026-05-02,2026-05-07,4,19139.0,True
TRIP_b56fe57b91,U_75fc9da9b8,OUT,OTHER_R2,LEISURE,2026-06-02,2026-06-10,3,10803.0,True
TRIP_1fcfaa8f19,U_f7e8de7632,OUT,IN_AE,LEISURE,2025-12-29,2025-12-31,2,8919.0,True
TRIP_862a2231ac,U_f7e8de7632,OUT,IN_SG,EVENT,2025-03-27,2025-04-03,2,11745.0,True
TRIP_d46e09527d,U_8b722ca70c,OUT,IN_AE,LEISURE,2025-07-10,2025-07-15,1,4378.0,True
TRIP_f56dfbc1f6,U_f42608bca2,OUT,IN_QA,VFR,2025-07-30,2025-08-06,4,3209.0,True
TRIP_214a3b242f,U_f42608bca2,OUT,IN_LK,VFR,2025-09-19,2025-09-27,1,6933.0,True
TRIP_13ea1da728,U_eef604a348,OUT,IN_QA,EDUCATION,2025-10-04,2025-10-09,1,11265.0,True
TRIP_80a7f62822,U_b7e3364318,OUT,OTHER_R2,VFR,2026-02-22,2026-02-28,4,21460.0,True
TRIP_95cddd8b84,U_b7e3364318,OUT,IN_AE,EDUCATION,2026-03-03,2026-03-13,1,16709.0,True
TRIP_073d43d0c5,U_113c66a7f0,OUT,IN_FR,LEISURE,2025-11-01,2025-11-04,2,21780.0,True
TRIP_014d93cb02,U_e04bc632cb,OUT,IN_FR,BUSINESS,2025-07-18,2025-08-01,2,29977.0,True
TRIP_f1f6e15306,U_e04bc632cb,OUT,IN_AE,LEISURE,2025-08-27,2025-09-09,2,22656.0,True
TRIP_86bde3eab8,U_e04bc632cb,OUT,OTHER_R2,TRANSIT,2025-07-12,2025-07-22,4,16127.0,True
TRIP_f15387ccdd,U_e04bc632cb,OUT,IN_AE,BUSINESS,2024-11-13,2024-11-27,1,6108.0,False
TRIP_df5f4e269d,U_d620555c62,OUT,OTHER_R2,BUSINESS,2025-04-06,2025-04-19,2,41507.0,True
TRIP_130ffa6880,U_d620555c62,OUT,OTHER_R2,TRANSIT,2025-02-22,2025-03-03,2,7298.0,True
TRIP_223cef5b16,U_32dbdffc63,OUT,OTHER_R2,MEDICAL,2024-09-21,2024-10-02,2,8362.0,True
TRIP_86bac31cb4,U_d283389c52,OUT,IN_AE,VFR,2026-05-21,2026-05-31,3,21454.0,True
TRIP_068b47fbee,U_d283389c52,OUT,IN_AE,EDUCATION,2026-06-21,2026-06-25,3,9880.0,False
TRIP_ed307c69a7,U_16fb31f72a,OUT,IN_AE,VFR,2025-09-14,2025-09-17,3,12763.0,True
TRIP_d80d287406,U_16fb31f72a,OUT,IN_AE,BUSINESS,2025-08-02,2025-08-15,2,13270.0,False
TRIP_8efb0decce,U_6eced93920,OUT,IN_SG,LEISURE,2026-03-28,2026-04-08,1,3240.0,True
TRIP_69b31e6ce1,U_dcb6e18f69,OUT,IN_QA,VFR,2025-01-23,2025-01-30,2,17913.0,True
TRIP_f90660ca77,U_dcb6e18f69,OUT,IN_SG,TRANSIT,2026-01-06,2026-01-16,2,1934.0,True
TRIP_360f63178c,U_dcb6e18f69,OUT,IN_FR,LEISURE,2024-10-21,2024-10-31,3,5907.0,True
TRIP_2317a77d3d,U_06fb1f73e6,OUT,IN_AE,LEISURE,2025-02-26,2025-03-02,4,23486.0,True
TRIP_06fc1e9cc4,U_396ae7756c,OUT,IN_AE,VFR,2025-01-06,2025-01-09,3,14514.0,True
TRIP_e4bd30ba1e,U_19c4333b8f,OUT,OTHER_R2,EVENT,2026-05-21,2026-05-29,3,3630.0,True
TRIP_05e0ca30ee,U_505319bdb9,OUT,IN_AE,LEISURE,2024-10-28,2024-11-07,2,7380.0,True
TRIP_753938f33f,U_505319bdb9,OUT,IN_SG,VFR,2025-01-09,2025-01-20,2,21182.0,True
TRIP_659a49d1ba,U_8c17487269,OUT,IN_AE,LEISURE,2026-04-09,2026-04-13,4,6820.0,True
TRIP_f953303371,U_8c17487269,OUT,OTHER_R2,LEISURE,2024-11-30,2024-12-08,2,41688.0,True
TRIP_2a23eb9f7a,U_4671e6f587,OUT,IN_MU,EVENT,2025-10-05,2025-10-08,3,17878.0,True
TRIP_c54a2e1e66,U_ca53d71a3b,OUT,IN_QA,LEISURE,2026-04-18,2026-04-24,1,29450.0,True
TRIP_5096c35c32,U_ca53d71a3b,OUT,IN_SG,VFR,2025-12-26,2026-01-02,1,19847.0,True
TRIP_9b1c1a9d50,U_ca53d71a3b,OUT,OTHER_R2,PILGRIMAGE,2025-08-02,2025-08-08,2,4124.0,True
TRIP_7c91620c1d,U_e0ec581c2d,OUT,IN_NP,BUSINESS,2025-11-07,2025-11-21,4,10550.0,True
TRIP_e35a8a0e02,U_e0ec581c2d,OUT,IN_AE,VFR,2025-12-06,2025-12-20,2,10591.0,True
TRIP_9e7df8d7ff,U_5d7fa4fce5,OUT,OTHER_R2,LEISURE,2025-12-07,2025-12-17,1,29846.0,True
TRIP_ea71f74a00,U_5d7fa4fce5,OUT,IN_SG,VFR,2025-09-11,2025-09-20,2,8300.0,True
TRIP_704bdf77ed,U_5d7fa4fce5,OUT,IN_SG,LEISURE,2026-03-11,2026-03-19,3,14482.0,False
TRIP_5bb8b69955,U_6670a47fd8,OUT,IN_AE,PILGRIMAGE,2026-02-20,2026-03-05,2,25962.0,True
TRIP_ee03b49076,U_6670a47fd8,OUT,IN_NP,LEISURE,2026-05-09,2026-05-16,4,75212.0,True
TRIP_2744868efd,U_ba0c62bde0,OUT,IN_AE,LEISURE,2026-01-12,2026-01-18,4,12861.0,True
TRIP_7abf6a41d1,U_a0494eb659,OUT,IN_SG,MEDICAL,2026-03-10,2026-03-12,3,8265.0,True
TRIP_ee9c602ced,U_a0494eb659,OUT,IN_AE,MEDICAL,2026-03-25,2026-04-01,4,28972.0,True
TRIP_f177e3fb83,U_a0494eb659,OUT,IN_AE,MEDICAL,2026-06-06,2026-06-15,1,6160.0,False
TRIP_d02171616c,U_a0494eb659,OUT,IN_AE,EDUCATION,2025-05-08,2025-05-13,2,21083.0,False
TRIP_64eb18cfa4,U_a0494eb659,OUT,IN_AE,EDUCATION,2024-11-17,2024-11-26,1,73685.0,False
TRIP_83c7896252,U_df71c1e675,OUT,IN_NP,LEISURE,2025-10-21,2025-10-30,2,20835.0,True
TRIP_3ac6ded574,U_df71c1e675,OUT,IN_NP,EDUCATION,2024-11-15,2024-11-24,1,21612.0,False
TRIP_37758957be,U_df71c1e675,OUT,IN_SG,LEISURE,2026-05-04,2026-05-14,3,19463.0,True
TRIP_6bcab05dd6,U_cecc4f86b7,OUT,IN_AE,LEISURE,2025-10-01,2025-10-09,2,10624.0,True
TRIP_adcdeffe85,U_cecc4f86b7,OUT,IN_AE,LEISURE,2025-05-20,2025-06-02,3,6982.0,False
TRIP_0002659196,U_4e9fbe3b13,OUT,IN_AE,TRANSIT,2025-06-05,2025-06-13,2,4874.0,True
TRIP_e070f7fb03,U_1c2a9a8ba0,OUT,OTHER_R2,BUSINESS,2025-09-30,2025-10-10,1,6575.0,True
TRIP_5b8e6cd12b,U_1c2a9a8ba0,OUT,OTHER_R2,BUSINESS,2025-11-14,2025-11-28,2,11106.0,False
TRIP_befbe49b55,U_c9921f2bba,OUT,IN_NP,LEISURE,2024-12-07,2024-12-12,2,14789.0,True
TRIP_774af29a83,U_c9921f2bba,OUT,IN_SG,VFR,2026-02-01,2026-02-13,3,44630.0,True
TRIP_790a4bead4,U_c9921f2bba,OUT,OTHER_R2,EDUCATION,2025-06-27,2025-06-30,4,14567.0,True
TRIP_136a55fdfa,U_3888851289,OUT,IN_QA,EVENT,2025-07-21,2025-07-30,4,28049.0,True
TRIP_0b1cdac149,U_42b8edf8ff,OUT,IN_NP,EVENT,2025-04-29,2025-05-13,3,13939.0,True
TRIP_2077a7c61b,U_cd0f0088b4,OUT,IN_AE,LEISURE,2025-02-17,2025-02-21,3,8273.0,True
TRIP_7b8b1be0d0,U_7640d6f95e,OUT,IN_FR,LEISURE,2025-03-31,2025-04-04,4,20225.0,True
TRIP_9dbf968554,U_7640d6f95e,OUT,IN_SG,PILGRIMAGE,2026-06-12,2026-06-15,4,7751.0,True
TRIP_24acb3505a,U_4375ee7263,OUT,IN_FR,EVENT,2026-04-06,2026-04-13,4,48771.0,True
TRIP_9b5828970e,U_4375ee7263,OUT,IN_AE,EVENT,2025-08-06,2025-08-16,2,15856.0,True
TRIP_b5628ee5fa,U_67e8eae4fa,OUT,IN_QA,VFR,2026-06-12,2026-06-24,2,34782.0,True
TRIP_7c69885d2e,U_5089c82ae6,OUT,IN_NP,LEISURE,2024-12-07,2024-12-19,2,9326.0,True
TRIP_a21ff5a64e,U_4be7babe5d,OUT,IN_BT,LEISURE,2025-07-26,2025-07-31,1,9223.0,True
TRIP_2b781e15f6,U_11ea5c4e86,OUT,IN_AE,TRANSIT,2025-03-07,2025-03-09,3,22319.0,True
TRIP_aa8ddcb2f7,U_05dd816267,OUT,IN_NP,PILGRIMAGE,2025-10-27,2025-10-29,4,26532.0,True
TRIP_48012466f4,U_05dd816267,OUT,IN_QA,LEISURE,2026-04-17,2026-04-21,4,11492.0,True
TRIP_c91356f80d,U_6b8fedfecf,OUT,IN_AE,LEISURE,2026-03-27,2026-04-06,1,5960.0,True
TRIP_68a00fde9c,U_6b8fedfecf,OUT,IN_QA,EDUCATION,2024-08-28,2024-09-01,1,29564.0,True
TRIP_f4e650719c,U_075800fa87,OUT,IN_SG,LEISURE,2024-09-12,2024-09-18,1,4797.0,True
TRIP_ce9b6513ed,U_075800fa87,OUT,IN_AE,VFR,2024-10-22,2024-11-05,2,79945.0,True
TRIP_17ac4ae8fe,U_1e2e5c969f,OUT,OTHER_R2,LEISURE,2026-01-07,2026-01-09,2,41386.0,True
TRIP_654830ab11,U_1e2e5c969f,OUT,IN_AE,VFR,2024-11-17,2024-11-30,1,4965.0,True
TRIP_0739bbccf1,U_1e2e5c969f,OUT,IN_BT,BUSINESS,2025-04-10,2025-04-13,1,11788.0,True
TRIP_62e678c0df,U_1e2e5c969f,OUT,IN_FR,LEISURE,2025-12-05,2025-12-15,4,3917.0,True
TRIP_5a7e82515d,U_1e2e5c969f,OUT,IN_AE,BUSINESS,2025-11-28,2025-12-12,2,14372.0,False
TRIP_565e38f114,U_a292de0c29,OUT,IN_AE,EDUCATION,2024-12-06,2024-12-12,1,9978.0,True
TRIP_b6e95b5762,U_a292de0c29,OUT,IN_AE,MEDICAL,2025-09-15,2025-09-18,2,18474.0,False
TRIP_0bde912868,U_ae5cea0827,OUT,IN_AE,PILGRIMAGE,2025-12-27,2026-01-09,1,19045.0,True
TRIP_3e7cea4386,U_83c9ccd9af,OUT,IN_QA,EVENT,2025-01-20,2025-01-29,2,16979.0,True
TRIP_cd8b56f61e,U_e8ad630183,OUT,OTHER_R2,EVENT,2025-03-26,2025-03-31,3,16022.0,True
TRIP_1433e4f45f,U_e8ad630183,OUT,IN_NP,LEISURE,2025-07-26,2025-07-28,2,8316.0,True
TRIP_28d821efd3,U_df3c6d8aa7,OUT,IN_QA,LEISURE,2024-12-09,2024-12-22,3,13200.0,True
TRIP_23b06eae8d,U_42844ca308,OUT,IN_AE,LEISURE,2025-01-18,2025-01-29,1,63954.0,True
TRIP_f12132131a,U_42844ca308,OUT,IN_AE,LEISURE,2025-04-05,2025-04-16,3,18711.0,True
TRIP_35f6f62551,U_42844ca308,OUT,IN_AE,EDUCATION,2026-07-06,2026-07-20,4,10110.0,True
TRIP_99f62686ba,U_42844ca308,OUT,IN_NP,LEISURE,2026-06-09,2026-06-19,1,12388.0,True
TRIP_11c58c0151,U_68a0cfaa2d,OUT,IN_AE,EVENT,2024-11-02,2024-11-15,3,1796.0,True
TRIP_cc98991f22,U_3f6e00241c,OUT,IN_SG,VFR,2026-06-01,2026-06-08,2,8612.0,True
TRIP_9554f00b98,U_3f6e00241c,OUT,OTHER_R2,BUSINESS,2025-07-06,2025-07-18,1,17246.0,True
TRIP_fe2efb8e7d,U_0c59ac256d,OUT,IN_AE,MEDICAL,2024-10-04,2024-10-13,3,3952.0,True
TRIP_a5d982961c,U_78366a2985,OUT,IN_SG,EDUCATION,2026-02-11,2026-02-25,4,8880.0,True
TRIP_a76b4b3885,U_bbe2af12f8,OUT,OTHER_R2,VFR,2025-04-01,2025-04-12,1,3488.0,True
TRIP_9cadd4222d,U_ed9874621b,OUT,IN_QA,LEISURE,2024-09-16,2024-09-18,1,22603.0,True
TRIP_972935c7c2,U_1b405659da,OUT,IN_NP,TRANSIT,2025-09-06,2025-09-14,4,1557.0,True
TRIP_4e40608d92,U_44e1f6618e,OUT,IN_SG,EDUCATION,2026-02-22,2026-03-07,1,8687.0,True
TRIP_f9a1b4d18a,U_617c040383,OUT,IN_NP,EDUCATION,2026-04-29,2026-05-04,2,13666.0,True
TRIP_7b7161f559,U_617c040383,OUT,IN_NP,LEISURE,2025-10-30,2025-11-13,3,21450.0,False
TRIP_12646386d6,U_617c040383,OUT,IN_BT,LEISURE,2024-10-16,2024-10-21,1,55885.0,True
TRIP_3b6628221e,U_fc3047c65a,OUT,IN_QA,LEISURE,2025-10-30,2025-11-05,3,4016.0,True
TRIP_0cfb47a3f8,U_fc3047c65a,OUT,IN_SG,EVENT,2024-12-08,2024-12-19,1,11902.0,True
TRIP_e948d7fa50,U_7e4130e37a,OUT,IN_QA,MEDICAL,2024-09-15,2024-09-20,4,21951.0,True
TRIP_8fd6af6865,U_7e4130e37a,OUT,OTHER_R2,VFR,2025-03-11,2025-03-13,2,7215.0,True
TRIP_31196c99f1,U_5171aef751,OUT,OTHER_R2,LEISURE,2025-08-05,2025-08-19,2,35670.0,True
TRIP_96c47d7e79,U_875af0096f,OUT,IN_AE,EDUCATION,2025-11-12,2025-11-17,1,19502.0,True
TRIP_221d42df02,U_875af0096f,OUT,IN_SG,LEISURE,2025-03-09,2025-03-15,1,8222.0,True
TRIP_fbff665274,U_c4786ea23e,OUT,IN_LK,LEISURE,2025-07-30,2025-08-09,1,1907.0,True
TRIP_a1cc540075,U_df373b9334,OUT,IN_LK,LEISURE,2025-04-05,2025-04-07,2,9329.0,True
TRIP_f1a2aaff86,U_df373b9334,OUT,IN_AE,MEDICAL,2024-09-16,2024-09-18,2,76184.0,True
TRIP_6274f132e8,U_df373b9334,OUT,IN_AE,VFR,2025-06-10,2025-06-19,4,8016.0,False
TRIP_17adfb5554,U_df373b9334,OUT,IN_LK,BUSINESS,2026-02-13,2026-02-24,3,4295.0,False
TRIP_4a17fbad13,U_9d18f39987,OUT,IN_LK,BUSINESS,2024-12-18,2024-12-25,3,9478.0,True
TRIP_13ddcbd742,U_339498bd23,OUT,IN_BT,VFR,2025-05-14,2025-05-24,3,8341.0,True
TRIP_7b91f2cada,U_b02f7e02b6,OUT,IN_NP,EVENT,2025-02-18,2025-02-21,3,15074.0,True
TRIP_324e59f448,U_b95cd3e9f9,OUT,IN_AE,LEISURE,2026-07-03,2026-07-13,4,7116.0,True
TRIP_4ac145d90a,U_b95cd3e9f9,OUT,IN_NP,BUSINESS,2025-09-05,2025-09-19,4,36498.0,True
TRIP_509f3fe6a3,U_fa3d2c7861,OUT,IN_AE,BUSINESS,2024-12-12,2024-12-19,1,11715.0,True
TRIP_5072f82895,U_89bb30bafe,OUT,OTHER_R2,EDUCATION,2026-01-15,2026-01-19,1,18970.0,True
TRIP_82fc4cc907,U_22fe6cf535,OUT,IN_AE,LEISURE,2024-09-15,2024-09-19,3,113281.0,True
TRIP_dae986d8a9,U_22fe6cf535,OUT,IN_AE,PILGRIMAGE,2024-11-02,2024-11-04,3,8812.0,True
TRIP_e039bc92f3,U_22fe6cf535,OUT,IN_AE,MEDICAL,2026-05-27,2026-06-10,1,30170.0,True
TRIP_51ec3e5dee,U_5bcd9320ad,OUT,IN_AE,LEISURE,2025-02-01,2025-02-15,4,4921.0,True
TRIP_fe2a738d5e,U_6f86adadf8,OUT,IN_SG,VFR,2025-04-24,2025-04-27,4,22743.0,True
TRIP_c468c4d214,U_6f86adadf8,OUT,IN_SG,LEISURE,2025-03-11,2025-03-14,3,28203.0,False
TRIP_211a1b0d7a,U_8cfc568c80,OUT,IN_LK,LEISURE,2024-11-04,2024-11-15,3,5764.0,True
TRIP_60bb486617,U_8cfc568c80,OUT,IN_AE,VFR,2025-03-07,2025-03-18,2,10259.0,True
TRIP_e0426df0db,U_fddc4077fe,OUT,IN_AE,EVENT,2024-11-21,2024-12-01,4,19312.0,True
TRIP_0e3f290784,U_db473e7408,OUT,IN_LK,VFR,2025-01-09,2025-01-12,3,16977.0,True
TRIP_97018fdfdf,U_63b470f320,OUT,IN_SG,MEDICAL,2024-09-30,2024-10-14,4,10963.0,True
TRIP_6db6f3673e,U_63b470f320,OUT,IN_BT,MEDICAL,2024-09-14,2024-09-21,4,14019.0,True
TRIP_6f34f0da5a,U_63b470f320,OUT,IN_AE,MEDICAL,2025-02-28,2025-03-11,2,11475.0,True
TRIP_b62429fedf,U_7b645ba0b7,OUT,OTHER_R2,LEISURE,2026-05-04,2026-05-14,2,8725.0,True
TRIP_3ef4fce53e,U_7b645ba0b7,OUT,IN_NP,EVENT,2024-10-04,2024-10-07,1,3845.0,True
TRIP_21b085af09,U_e88d1a2832,OUT,IN_QA,EDUCATION,2025-08-11,2025-08-23,1,5822.0,True
TRIP_0900b49697,U_e88d1a2832,OUT,IN_LK,EDUCATION,2026-03-13,2026-03-20,3,18853.0,True
TRIP_6de3b54e4c,U_4332f7353e,OUT,OTHER_R2,LEISURE,2025-08-13,2025-08-24,4,4396.0,True
TRIP_f667dd38fc,U_09c7fab7a8,OUT,OTHER_R2,EVENT,2025-09-11,2025-09-19,4,5874.0,True
TRIP_d5d6ad06a7,U_09c7fab7a8,OUT,IN_AE,BUSINESS,2026-02-03,2026-02-11,3,8434.0,True
TRIP_240eb5cd6f,U_09c7fab7a8,OUT,IN_NP,LEISURE,2025-05-30,2025-06-12,4,23913.0,True
TRIP_704ef0034f,U_9003ba4655,OUT,IN_BT,EVENT,2026-02-17,2026-02-21,3,2144.0,True
TRIP_ad616f8e79,U_9003ba4655,OUT,IN_QA,VFR,2026-02-14,2026-02-22,3,4106.0,True
TRIP_e8b1308bb6,U_3ca8eef9f3,OUT,IN_BT,EVENT,2025-11-10,2025-11-15,3,21895.0,True
TRIP_4e68f96383,U_ea72c99195,OUT,IN_AE,VFR,2026-05-06,2026-05-13,2,27676.0,True
TRIP_4dc34ac307,U_6cdd84659c,OUT,IN_AE,LEISURE,2024-10-29,2024-11-06,4,34059.0,True
TRIP_6db23db5a4,U_6cdd84659c,OUT,OTHER_R2,PILGRIMAGE,2026-06-06,2026-06-15,1,10560.0,True
TRIP_a860e3988c,U_6cdd84659c,OUT,IN_NP,MEDICAL,2024-10-31,2024-11-05,4,9379.0,True
TRIP_f709aaf7c7,U_7df203eb18,OUT,IN_KH,VFR,2025-04-07,2025-04-10,4,16916.0,True
TRIP_78f0e7b13d,U_29b26b3611,OUT,IN_AE,MEDICAL,2024-09-06,2024-09-11,3,29790.0,True
TRIP_39486e641c,U_c3bd7c6c35,OUT,IN_SG,TRANSIT,2024-12-24,2024-12-30,3,25702.0,True
TRIP_6fbd696a6d,U_c3bd7c6c35,OUT,IN_AE,VFR,2025-03-18,2025-03-26,4,8221.0,True
TRIP_8febccde8a,U_3af0cf9c0c,OUT,IN_SG,TRANSIT,2025-08-16,2025-08-28,3,24836.0,True
TRIP_fa1fc779a6,U_3af0cf9c0c,OUT,OTHER_R2,LEISURE,2025-01-29,2025-02-04,4,8579.0,True
TRIP_d09e56f254,U_3af0cf9c0c,OUT,IN_AE,EDUCATION,2026-02-25,2026-03-05,3,4995.0,True
TRIP_b739e852ca,U_d64d230540,OUT,IN_AE,EDUCATION,2025-04-14,2025-04-19,4,9783.0,True
TRIP_aabf734853,U_d64d230540,OUT,OTHER_R2,LEISURE,2024-09-17,2024-09-24,3,8895.0,True
TRIP_52ccabbf91,U_5b5f2e1592,OUT,IN_SG,EDUCATION,2024-09-08,2024-09-21,4,26760.0,True
TRIP_a2e85c156e,U_a3e9b02e76,OUT,IN_NP,LEISURE,2024-08-22,2024-08-25,2,30434.0,True
TRIP_5c48e10050,U_a3e9b02e76,OUT,IN_FR,TRANSIT,2025-10-09,2025-10-19,2,8511.0,True
TRIP_cd5effe48d,U_90a3910d13,OUT,IN_AE,EVENT,2025-10-06,2025-10-11,2,96593.0,True
TRIP_6ba04a877b,U_94c7830f93,OUT,IN_SG,MEDICAL,2025-04-18,2025-05-01,4,12890.0,True
TRIP_69c39b6c9c,U_551eb29cfa,OUT,IN_AE,EVENT,2025-06-03,2025-06-09,4,9251.0,True
TRIP_44b10d8cdf,U_551eb29cfa,OUT,IN_FR,PILGRIMAGE,2026-03-26,2026-04-02,2,4764.0,True
TRIP_f8711a230f,U_87046b897b,OUT,IN_QA,LEISURE,2024-12-05,2024-12-10,1,9475.0,True
TRIP_78aeaf8207,U_87046b897b,OUT,IN_SG,LEISURE,2026-03-04,2026-03-13,3,3733.0,True
TRIP_93623de03c,U_87046b897b,OUT,IN_AE,BUSINESS,2025-08-31,2025-09-02,1,12016.0,True
TRIP_8034b3eba2,U_d16ca6ab64,OUT,IN_SG,LEISURE,2025-07-19,2025-07-22,3,11989.0,True
TRIP_1a2fe2ff67,U_d16ca6ab64,OUT,IN_KH,LEISURE,2026-03-09,2026-03-12,2,46462.0,True
TRIP_fde5ea01a5,U_3456daa5a4,OUT,IN_QA,EVENT,2025-12-12,2025-12-19,3,8156.0,True
TRIP_49ba9441f2,U_0d2f7d14fa,OUT,IN_AE,EVENT,2026-01-25,2026-02-06,3,4345.0,True
TRIP_bc5b2d7b20,U_937f1b572f,OUT,IN_QA,EDUCATION,2025-08-10,2025-08-15,3,8217.0,True
TRIP_7e747a9ebe,U_78a73a0c82,OUT,IN_AE,LEISURE,2025-07-02,2025-07-15,4,27044.0,True
TRIP_160e4b6f00,U_78a73a0c82,OUT,IN_NP,MEDICAL,2026-02-28,2026-03-13,1,36226.0,True
TRIP_68cf605aed,U_8c3b6f31ac,OUT,IN_AE,BUSINESS,2026-06-08,2026-06-20,2,3948.0,True
TRIP_bddd899cd0,U_6612cc36e6,OUT,OTHER_R2,LEISURE,2026-03-29,2026-04-07,3,16539.0,True
TRIP_bf2f0563eb,U_6612cc36e6,OUT,IN_AE,LEISURE,2025-03-17,2025-03-24,4,9025.0,True
TRIP_090b0672b9,U_563a87dec7,OUT,OTHER_R2,BUSINESS,2024-12-06,2024-12-11,2,42228.0,True
TRIP_eb6b7b7db4,U_563a87dec7,OUT,IN_NP,LEISURE,2025-04-22,2025-04-27,1,7419.0,True
TRIP_9e6ca4ae80,U_22c0c72b99,OUT,IN_AE,PILGRIMAGE,2026-05-26,2026-06-09,3,14669.0,True
TRIP_6509f220e0,U_43fb3aa258,OUT,OTHER_R2,LEISURE,2024-10-07,2024-10-15,4,4765.0,True
TRIP_412a1a536d,U_43fb3aa258,OUT,OTHER_R2,LEISURE,2025-06-30,2025-07-08,3,7926.0,False
TRIP_d3f4386eaa,U_43fb3aa258,OUT,IN_LK,BUSINESS,2025-02-19,2025-02-24,4,12000.0,True
TRIP_2cf1a54b11,U_43fb3aa258,OUT,IN_AE,BUSINESS,2025-12-08,2025-12-10,3,35541.0,True
TRIP_f2500fa30b,U_43fb3aa258,OUT,OTHER_R2,PILGRIMAGE,2024-11-25,2024-12-02,4,8602.0,False
TRIP_6309ab492e,U_c112fc01d7,OUT,OTHER_R2,EDUCATION,2025-12-13,2025-12-21,1,2110.0,True
TRIP_a064164032,U_c112fc01d7,OUT,IN_AE,BUSINESS,2026-01-09,2026-01-18,1,28190.0,True
TRIP_957b87b061,U_c112fc01d7,OUT,IN_AE,LEISURE,2025-03-04,2025-03-10,2,6471.0,False
TRIP_5a8f732f23,U_c112fc01d7,OUT,IN_FR,EVENT,2025-06-11,2025-06-14,4,3521.0,True
TRIP_f4b0b48b0c,U_c112fc01d7,OUT,IN_KH,EVENT,2025-05-09,2025-05-16,1,39068.0,True
TRIP_7a4414a831,U_436f732234,OUT,IN_QA,EVENT,2025-03-26,2025-04-09,3,43320.0,True
TRIP_ff409b989c,U_6004c56be7,OUT,OTHER_R2,MEDICAL,2025-08-30,2025-09-03,3,64586.0,True
TRIP_9ce07ba8cc,U_6004c56be7,OUT,IN_SG,EDUCATION,2024-12-09,2024-12-20,4,15868.0,True
TRIP_0efaab9a60,U_3b1697485a,OUT,IN_NP,MEDICAL,2025-04-04,2025-04-06,1,42071.0,True
TRIP_d545844c88,U_38f0c027d7,OUT,OTHER_R2,EDUCATION,2025-08-24,2025-08-26,2,22496.0,True
TRIP_728a3ebbbf,U_38f0c027d7,OUT,OTHER_R2,LEISURE,2024-09-16,2024-09-23,3,4301.0,False
TRIP_cae0a19efb,U_dd612219c0,OUT,IN_SG,LEISURE,2026-02-26,2026-03-09,2,5538.0,True
TRIP_1516277d94,U_dd612219c0,OUT,IN_BT,LEISURE,2025-01-19,2025-01-27,3,11288.0,True
TRIP_2faafa41d8,U_f579fe8632,OUT,IN_KH,PILGRIMAGE,2025-06-13,2025-06-27,3,15228.0,True
TRIP_c9bb56d748,U_740726648f,OUT,IN_MU,PILGRIMAGE,2025-07-10,2025-07-12,3,15508.0,True
TRIP_a1a7e29415,U_740726648f,OUT,IN_AE,VFR,2024-10-11,2024-10-23,3,18753.0,True
TRIP_9f8b7881a6,U_447ee716d5,OUT,IN_AE,PILGRIMAGE,2025-04-12,2025-04-18,3,67057.0,True
TRIP_95a25944b8,U_447ee716d5,OUT,IN_AE,EDUCATION,2025-07-07,2025-07-16,1,4619.0,False
TRIP_6eb709034f,U_62ca16a472,OUT,IN_SG,VFR,2025-07-10,2025-07-24,2,7601.0,True
TRIP_11e23d9fb1,U_19875d5f9a,OUT,IN_QA,MEDICAL,2025-03-19,2025-04-02,2,6411.0,True
TRIP_a920f72837,U_19875d5f9a,OUT,OTHER_R2,MEDICAL,2026-02-03,2026-02-09,1,23105.0,True
TRIP_2cfd47960b,U_705a68351f,OUT,IN_AE,PILGRIMAGE,2025-12-10,2025-12-18,4,43550.0,True
TRIP_bcf4e4c5c1,U_705a68351f,OUT,IN_QA,BUSINESS,2025-07-14,2025-07-28,4,6558.0,True
TRIP_d6e2faafd0,U_c430c4ba9a,OUT,IN_AE,VFR,2024-11-14,2024-11-25,4,5909.0,True
TRIP_00842ae236,U_8c886f9f86,OUT,IN_MU,MEDICAL,2025-10-19,2025-10-25,1,12616.0,True
TRIP_586698ee47,U_8c886f9f86,OUT,IN_SG,EDUCATION,2025-01-21,2025-01-29,1,15979.0,True
TRIP_4baa386bae,U_ddf4fc161a,OUT,IN_AE,VFR,2025-04-22,2025-04-24,1,39001.0,True
TRIP_b28d772121,U_ddf4fc161a,OUT,IN_AE,LEISURE,2025-06-28,2025-07-10,3,8246.0,False
TRIP_7d2f4e70c6,U_593a5a35e6,OUT,IN_NP,BUSINESS,2024-09-12,2024-09-24,3,73732.0,True
TRIP_51625daa27,U_a95785c7c5,OUT,IN_AE,LEISURE,2025-11-27,2025-12-06,1,12110.0,True
TRIP_5e87dbff32,U_a95785c7c5,OUT,OTHER_R2,BUSINESS,2024-11-16,2024-11-21,4,12370.0,True
TRIP_9df18e5e1e,U_909cc3b961,OUT,IN_LK,VFR,2025-01-04,2025-01-11,2,6587.0,True
TRIP_dc87be2e86,U_909cc3b961,OUT,IN_SG,LEISURE,2025-06-17,2025-07-01,2,100747.0,True
TRIP_4fdd2ad1b6,U_1ac36eb2c5,OUT,OTHER_R2,BUSINESS,2025-03-13,2025-03-15,2,52411.0,True
TRIP_15005f1cfb,U_c8538b0c84,OUT,IN_SG,TRANSIT,2025-04-07,2025-04-12,1,27693.0,True
TRIP_cdc3828a6d,U_c8538b0c84,OUT,IN_AE,LEISURE,2025-06-09,2025-06-21,1,13991.0,True
TRIP_3456e98fa9,U_c8538b0c84,OUT,OTHER_R2,PILGRIMAGE,2025-03-25,2025-03-31,4,24858.0,True
TRIP_551d2f60d8,U_9a2159d822,OUT,IN_QA,MEDICAL,2026-01-17,2026-01-22,4,2203.0,True
TRIP_c72325d0a0,U_d3047f99b6,OUT,IN_SG,BUSINESS,2025-03-24,2025-04-02,4,19100.0,True
TRIP_cace2ec992,U_d3047f99b6,OUT,OTHER_R2,VFR,2025-06-05,2025-06-11,2,30738.0,True
TRIP_73a078f492,U_d3047f99b6,OUT,IN_AE,MEDICAL,2025-09-11,2025-09-14,1,7793.0,True
TRIP_a52c22c5e3,U_a19ddbee7e,OUT,IN_AE,LEISURE,2026-01-20,2026-01-27,2,9958.0,True
TRIP_8523de45b0,U_a19ddbee7e,OUT,IN_NP,TRANSIT,2026-03-17,2026-03-22,4,9178.0,True
TRIP_1670130d63,U_6fac517dbf,OUT,IN_SG,EVENT,2025-05-01,2025-05-09,1,3001.0,True
TRIP_899d17453a,U_6fac517dbf,OUT,IN_FR,VFR,2025-10-03,2025-10-12,2,12874.0,True
TRIP_d71d2335c6,U_69267c89a4,OUT,IN_AE,LEISURE,2024-10-25,2024-10-30,2,88660.0,True
TRIP_832d07710b,U_2c89f0b79c,OUT,IN_AE,MEDICAL,2024-11-12,2024-11-19,1,8769.0,True
TRIP_9b674a1cb5,U_2ddbadf5b4,OUT,OTHER_R2,LEISURE,2025-09-15,2025-09-19,1,28069.0,True
TRIP_3a5ec15191,U_3aa0dffb23,OUT,IN_AE,BUSINESS,2025-11-24,2025-11-26,3,8170.0,True
TRIP_2d0554855e,U_3aa0dffb23,OUT,IN_NP,LEISURE,2024-11-13,2024-11-25,4,8518.0,True
TRIP_dd1aa36c6c,U_ab228e5fc7,OUT,IN_QA,BUSINESS,2025-11-13,2025-11-24,2,29376.0,True
TRIP_4bc3e13403,U_433bd8c9cf,OUT,IN_BT,VFR,2025-06-03,2025-06-14,3,31516.0,True
TRIP_0ab0ffe44a,U_433bd8c9cf,OUT,IN_LK,BUSINESS,2025-06-01,2025-06-07,2,2042.0,True
TRIP_6e7109cdfb,U_433bd8c9cf,OUT,OTHER_R2,LEISURE,2024-12-26,2024-12-31,3,8938.0,True
TRIP_23bd89ab25,U_4a3a89d3ec,OUT,OTHER_R2,LEISURE,2024-09-06,2024-09-17,1,10609.0,True
TRIP_15f433fa29,U_d7f84bde12,OUT,IN_LK,EDUCATION,2025-05-14,2025-05-27,2,8863.0,True
TRIP_ea8b6229af,U_ef9509cfd0,OUT,IN_SG,BUSINESS,2025-08-23,2025-09-03,4,5159.0,True
TRIP_f1d88f2729,U_ef9509cfd0,OUT,OTHER_R2,EVENT,2025-01-02,2025-01-10,1,18306.0,True
TRIP_37e74dae9b,U_ae7d955498,OUT,IN_LK,LEISURE,2026-06-09,2026-06-12,3,10964.0,True
TRIP_aeeb86c2ff,U_ae7d955498,OUT,IN_MU,TRANSIT,2024-12-12,2024-12-15,2,21053.0,True
TRIP_9456bfa1f0,U_5c855f36ef,OUT,IN_AE,BUSINESS,2026-05-12,2026-05-15,4,50359.0,True
TRIP_0f40ce92e7,U_3b88ab3bd5,OUT,IN_AE,MEDICAL,2026-01-29,2026-02-10,4,9123.0,True
TRIP_c03db6c115,U_d8f8fd6ecf,OUT,IN_NP,VFR,2026-03-23,2026-04-04,1,10654.0,True
TRIP_06f99147ac,U_d8f8fd6ecf,OUT,IN_SG,LEISURE,2026-02-28,2026-03-09,3,24760.0,True
TRIP_aedec9a5ec,U_ab34c1cf72,OUT,IN_SG,EDUCATION,2024-11-27,2024-12-11,1,6556.0,True
TRIP_a144ff54ec,U_ab34c1cf72,OUT,OTHER_R2,LEISURE,2026-05-04,2026-05-14,4,3980.0,True
TRIP_fe0db36266,U_7cd20c8c2f,OUT,IN_SG,EDUCATION,2024-12-23,2025-01-01,2,49626.0,True
TRIP_f15da4a8cb,U_9f8192a2a8,OUT,IN_AE,BUSINESS,2025-12-17,2025-12-21,3,2763.0,True
TRIP_5ee57995fe,U_f302b4800b,OUT,IN_LK,VFR,2025-01-25,2025-02-03,2,3551.0,True
TRIP_2f3b2cc27b,U_f302b4800b,OUT,IN_AE,BUSINESS,2025-06-13,2025-06-17,4,27198.0,True
TRIP_078e3b94d3,U_6b786112d3,OUT,IN_BT,LEISURE,2025-01-26,2025-02-06,1,30995.0,True
TRIP_14573e2ed9,U_6b786112d3,OUT,IN_NP,MEDICAL,2026-07-04,2026-07-14,1,15112.0,True
TRIP_e2c7262a34,U_269d630b52,OUT,OTHER_R2,VFR,2025-11-13,2025-11-26,4,5784.0,True
TRIP_8a4c7d9957,U_eec4fced0b,OUT,IN_AE,LEISURE,2024-11-01,2024-11-15,3,4007.0,True
TRIP_0e0e40546d,U_d81d228604,OUT,IN_AE,TRANSIT,2026-04-15,2026-04-23,3,19168.0,True
TRIP_03bf77fa1e,U_92880b0e0f,OUT,IN_AE,EDUCATION,2024-10-23,2024-10-31,1,4558.0,True
TRIP_ff65742a6b,U_35202702e1,OUT,IN_AE,EVENT,2026-05-05,2026-05-14,1,36750.0,True
TRIP_6e9175d9be,U_35202702e1,OUT,IN_LK,LEISURE,2026-04-17,2026-04-21,2,9507.0,True
TRIP_0867b426a2,U_35202702e1,OUT,IN_AE,VFR,2024-10-01,2024-10-13,4,4412.0,True
TRIP_d71b21c9b2,U_70b638dc09,OUT,IN_SG,LEISURE,2025-09-22,2025-09-29,3,6162.0,True
TRIP_7cc9908541,U_70b638dc09,OUT,IN_BT,EDUCATION,2024-12-08,2024-12-13,4,2089.0,True
TRIP_f7f5259104,U_a9b5647d86,OUT,IN_QA,EDUCATION,2026-06-25,2026-06-28,4,5126.0,True
TRIP_00a1e25978,U_a9b5647d86,OUT,IN_AE,MEDICAL,2024-12-20,2024-12-31,1,10059.0,True
TRIP_de42b8e407,U_a9b5647d86,OUT,OTHER_R2,EDUCATION,2025-01-31,2025-02-07,2,2674.0,True
TRIP_8e61736221,U_3107625804,OUT,IN_AE,LEISURE,2025-03-11,2025-03-21,3,12664.0,True
TRIP_18bbc5db22,U_9927c8490c,OUT,IN_AE,LEISURE,2026-02-24,2026-02-26,1,2018.0,True
TRIP_d2f9ca27b8,U_9927c8490c,OUT,IN_NP,LEISURE,2026-06-17,2026-06-30,2,6371.0,True
TRIP_3c2532a4fb,U_ecfb50762e,OUT,IN_AE,EVENT,2024-10-19,2024-11-01,1,35428.0,True
TRIP_469cf41341,U_ecfb50762e,OUT,IN_KH,LEISURE,2024-08-28,2024-09-05,1,35281.0,True
TRIP_a7959d1de6,U_21fcb423a5,OUT,IN_AE,PILGRIMAGE,2025-09-06,2025-09-14,4,37921.0,True
TRIP_ecd8ee5056,U_7f7d97c556,OUT,IN_SG,BUSINESS,2025-08-04,2025-08-07,4,7948.0,True
TRIP_2e1556be7f,U_3b043324a6,OUT,IN_AE,MEDICAL,2025-04-23,2025-05-02,4,3414.0,True
TRIP_fb25d6a176,U_3994205ecd,OUT,IN_SG,PILGRIMAGE,2025-08-14,2025-08-18,1,2655.0,True
TRIP_5dabf3132b,U_383fafa610,OUT,IN_NP,VFR,2025-08-20,2025-09-03,1,32026.0,True
TRIP_736eccf50c,U_5da88417ea,OUT,IN_SG,MEDICAL,2024-09-09,2024-09-13,4,4430.0,True
TRIP_76a01061ee,U_5da88417ea,OUT,OTHER_R2,LEISURE,2025-04-06,2025-04-11,1,9939.0,True
TRIP_c0f8455dcb,U_6f72b29dbc,OUT,IN_SG,EDUCATION,2025-11-07,2025-11-11,2,26787.0,True
TRIP_8bd2ecf9ca,U_00d2c37524,OUT,IN_AE,BUSINESS,2026-03-14,2026-03-19,4,1480.0,True
TRIP_bf3b6d756a,U_00d2c37524,OUT,IN_AE,TRANSIT,2025-01-10,2025-01-20,1,29795.0,False
TRIP_85c0c767bc,U_00d2c37524,OUT,IN_AE,LEISURE,2025-12-09,2025-12-11,3,36468.0,False
TRIP_a52d34b71a,U_37154016d6,OUT,IN_SG,EDUCATION,2025-05-07,2025-05-14,3,22027.0,True
TRIP_8e8dff7bea,U_37154016d6,OUT,IN_SG,PILGRIMAGE,2025-11-21,2025-11-25,3,12237.0,False
TRIP_40a358eb31,U_37154016d6,OUT,IN_NP,LEISURE,2026-07-10,2026-07-12,4,7815.0,True
TRIP_31600b2e2b,U_d3e80e3150,OUT,IN_NP,LEISURE,2025-05-21,2025-05-28,2,33650.0,True
TRIP_97907b5a14,U_78e42546d2,OUT,IN_NP,EDUCATION,2025-09-08,2025-09-10,2,9705.0,True
TRIP_fc12356bc5,U_78e42546d2,OUT,IN_NP,PILGRIMAGE,2025-03-07,2025-03-10,4,7375.0,False
TRIP_2911c2516e,U_d95d1738b6,OUT,IN_LK,LEISURE,2025-04-17,2025-04-22,2,11625.0,True
TRIP_8ad9dbe4c8,U_d95d1738b6,OUT,IN_NP,VFR,2024-10-17,2024-10-24,4,74150.0,True
TRIP_0d60ff5d61,U_d95d1738b6,OUT,IN_NP,LEISURE,2025-05-12,2025-05-24,2,10376.0,False
TRIP_12a52c361c,U_d95d1738b6,OUT,IN_SG,EDUCATION,2026-03-02,2026-03-12,1,22775.0,True
TRIP_83a8d34f47,U_d95d1738b6,OUT,IN_AE,TRANSIT,2026-03-25,2026-04-07,3,44397.0,True
TRIP_3b9260c170,U_94a84c94c4,OUT,IN_AE,LEISURE,2026-02-03,2026-02-07,1,10033.0,True
TRIP_7f9e2b84db,U_94a84c94c4,OUT,IN_QA,EVENT,2024-09-05,2024-09-18,4,87229.0,True
TRIP_8358da999e,U_106d6d4e33,OUT,IN_SG,LEISURE,2025-01-15,2025-01-18,2,19581.0,True
TRIP_b61bdb7ced,U_1bea73b199,OUT,IN_AE,BUSINESS,2025-10-06,2025-10-19,1,6467.0,True
TRIP_7b3af1a40c,U_1bea73b199,OUT,OTHER_R2,EDUCATION,2026-04-10,2026-04-15,4,13566.0,True
TRIP_511208ce0e,U_9d9c5671ea,OUT,IN_QA,MEDICAL,2025-11-17,2025-11-30,4,23161.0,True
TRIP_73e3b73074,U_9d9c5671ea,OUT,IN_AE,EDUCATION,2026-06-06,2026-06-12,4,7256.0,True
TRIP_1424ba33bb,U_cea0afa42a,OUT,IN_AE,BUSINESS,2026-02-02,2026-02-09,1,13779.0,True
TRIP_95868e7eae,U_cea0afa42a,OUT,IN_SG,LEISURE,2025-04-28,2025-05-03,2,17205.0,True
TRIP_ea1a53b760,U_9ae7725e30,OUT,IN_QA,EDUCATION,2025-04-03,2025-04-07,1,21562.0,True
TRIP_ecdcc37098,U_7b5b8e8ff7,OUT,OTHER_R2,VFR,2024-10-03,2024-10-12,4,5022.0,True
TRIP_3601651923,U_5c67c990e7,OUT,IN_QA,LEISURE,2024-11-16,2024-11-19,4,11007.0,True
TRIP_a46a1f6711,U_3be0f42e3c,OUT,IN_AE,BUSINESS,2025-08-30,2025-09-07,1,9566.0,True
TRIP_613f1966f6,U_3be0f42e3c,OUT,IN_QA,EVENT,2024-11-21,2024-12-03,1,7477.0,True
TRIP_d01092718c,U_e05fcc8673,OUT,IN_NP,PILGRIMAGE,2026-03-07,2026-03-14,1,13048.0,True
TRIP_c3e2cc30b8,U_6c461ce1e1,OUT,IN_AE,EVENT,2024-10-19,2024-10-27,1,29790.0,True
TRIP_f90708a642,U_6c461ce1e1,OUT,IN_AE,BUSINESS,2024-12-05,2024-12-10,2,15041.0,False
TRIP_9cf1da7d76,U_6c461ce1e1,OUT,OTHER_R2,VFR,2025-10-09,2025-10-20,1,6392.0,True
TRIP_ae2f636394,U_6c461ce1e1,OUT,OTHER_R2,BUSINESS,2024-09-06,2024-09-13,3,25582.0,False
TRIP_8a93741775,U_83f84d7dd8,OUT,OTHER_R2,EDUCATION,2026-05-12,2026-05-25,4,2105.0,True
TRIP_e6a379c7c8,U_b1b0f2d549,OUT,IN_MU,VFR,2024-09-19,2024-09-25,4,19340.0,True
TRIP_96ca028981,U_4b43bddf21,OUT,IN_AE,VFR,2024-12-07,2024-12-20,4,61647.0,True
TRIP_8bfceddd0b,U_1687d4796c,OUT,IN_QA,BUSINESS,2025-07-04,2025-07-18,3,21966.0,True
TRIP_d81285354a,U_29d79c1f2a,OUT,IN_AE,LEISURE,2024-12-14,2024-12-17,1,28687.0,True
TRIP_c897edf014,U_29d79c1f2a,OUT,IN_NP,LEISURE,2025-03-06,2025-03-10,3,1888.0,True
TRIP_3c664eb800,U_788865e1ae,OUT,IN_QA,LEISURE,2026-06-09,2026-06-15,2,3166.0,True
TRIP_c02a439962,U_788865e1ae,OUT,IN_MU,VFR,2026-04-09,2026-04-23,1,14555.0,True
TRIP_b777e4ffca,U_47eafc1371,OUT,IN_AE,BUSINESS,2025-08-09,2025-08-20,4,18587.0,True
TRIP_a6b61d9682,U_ba27f16c3a,OUT,IN_SG,LEISURE,2025-05-20,2025-05-27,2,6762.0,True
TRIP_944b7a7e6c,U_88c1099abf,OUT,IN_AE,MEDICAL,2024-08-27,2024-09-06,3,23042.0,True
TRIP_fdc0a33b86,U_88c1099abf,OUT,IN_NP,MEDICAL,2026-06-19,2026-06-22,4,27808.0,True
TRIP_010950555f,U_eb64daca4d,OUT,IN_LK,TRANSIT,2026-04-12,2026-04-16,2,7419.0,True
TRIP_d1628f6473,U_eb64daca4d,OUT,IN_BT,PILGRIMAGE,2024-09-08,2024-09-14,2,9033.0,True
TRIP_c5eed53941,U_eb64daca4d,OUT,IN_AE,PILGRIMAGE,2026-06-03,2026-06-12,1,6798.0,True
TRIP_9c76b7d962,U_ffb9b10361,OUT,OTHER_R2,LEISURE,2025-10-03,2025-10-08,3,42302.0,True
TRIP_017a8f7e78,U_b541f21177,OUT,IN_KH,EDUCATION,2025-03-10,2025-03-22,1,5156.0,True
TRIP_3229c9bc05,U_b541f21177,OUT,IN_AE,EDUCATION,2025-11-19,2025-11-24,4,23490.0,True
TRIP_e9bf7bd583,U_b541f21177,OUT,IN_BT,BUSINESS,2025-02-22,2025-02-27,1,8736.0,True
TRIP_5aaa08b0cc,U_22fb64fade,OUT,IN_AE,TRANSIT,2026-05-22,2026-06-03,3,13233.0,True
TRIP_a60581aafe,U_11611fb4d5,OUT,IN_AE,BUSINESS,2025-05-24,2025-05-29,2,14098.0,True
TRIP_b85beb88d5,U_11611fb4d5,OUT,IN_AE,LEISURE,2025-05-04,2025-05-16,1,3445.0,True
TRIP_f96a66c332,U_3ae673c696,OUT,IN_SG,EDUCATION,2026-03-13,2026-03-20,3,25063.0,True
TRIP_d2b6c2a15f,U_f63eb5e46d,OUT,IN_LK,VFR,2024-10-12,2024-10-24,3,14686.0,True
TRIP_effdf796a4,U_01a5032d98,OUT,IN_NP,EVENT,2026-03-05,2026-03-15,3,15743.0,True
TRIP_43240e9637,U_01a5032d98,OUT,IN_QA,LEISURE,2025-02-19,2025-02-26,3,47684.0,True
TRIP_d891e59ed5,U_5b1e020be7,OUT,IN_LK,LEISURE,2025-05-25,2025-05-28,1,8341.0,True
TRIP_2eb9285748,U_3993ce9dd0,OUT,IN_KH,MEDICAL,2026-06-04,2026-06-09,2,2414.0,True
TRIP_e976e5eae1,U_b0a46a6de6,OUT,IN_BT,MEDICAL,2025-07-10,2025-07-21,3,22126.0,True
TRIP_51455dda37,U_8524cf2518,OUT,IN_AE,BUSINESS,2025-03-13,2025-03-27,3,25040.0,True
TRIP_96705f767b,U_8524cf2518,OUT,IN_LK,BUSINESS,2024-12-27,2025-01-06,4,5678.0,True
TRIP_f77f9279ac,U_ffed1edfb7,OUT,IN_BT,VFR,2025-09-24,2025-09-29,4,42201.0,True
TRIP_7a34eb96a2,U_97d41af006,OUT,IN_QA,LEISURE,2025-05-07,2025-05-20,1,11127.0,True
TRIP_7c52de6efb,U_97d41af006,OUT,OTHER_R2,LEISURE,2025-08-26,2025-09-08,4,3856.0,True
TRIP_87d0d1f51d,U_c736eac149,OUT,IN_AE,LEISURE,2026-04-26,2026-05-04,3,7027.0,True
TRIP_a026f9f637,U_c736eac149,OUT,IN_AE,EVENT,2026-01-07,2026-01-13,3,11619.0,False
TRIP_a4bbb2c8ca,U_1c7d1253f1,OUT,IN_AE,EDUCATION,2025-11-24,2025-11-28,4,3076.0,True
TRIP_523bca8fe2,U_1c7d1253f1,OUT,OTHER_R2,EDUCATION,2024-12-26,2024-12-29,4,25502.0,True
TRIP_5792049797,U_98946722e1,OUT,IN_SG,LEISURE,2026-04-02,2026-04-16,3,35309.0,True
TRIP_d4cff1c9d8,U_98946722e1,OUT,IN_SG,EVENT,2026-03-04,2026-03-12,3,8020.0,True
TRIP_ef7854c9f0,U_64b2c323d2,OUT,IN_MU,LEISURE,2025-04-17,2025-05-01,3,12554.0,True
TRIP_e2a3a5353f,U_64b2c323d2,OUT,OTHER_R2,LEISURE,2024-11-08,2024-11-14,2,15180.0,True
TRIP_614e610bab,U_b18d206e66,OUT,IN_LK,EDUCATION,2024-08-20,2024-08-31,2,37324.0,True
TRIP_6f068b69de,U_71b595130a,OUT,IN_NP,LEISURE,2025-09-28,2025-10-09,3,9509.0,True
TRIP_32303a6eb4,U_71b595130a,OUT,IN_MU,TRANSIT,2025-05-14,2025-05-20,1,18116.0,True
TRIP_997b516279,U_5475d3c0dc,OUT,IN_KH,LEISURE,2025-06-13,2025-06-26,4,49359.0,True
TRIP_7827ec0961,U_5475d3c0dc,OUT,IN_AE,VFR,2026-01-15,2026-01-20,1,4436.0,True
TRIP_a8321ae9a2,U_5475d3c0dc,OUT,IN_KH,LEISURE,2026-01-01,2026-01-10,4,16088.0,False
TRIP_4e2a3a89fd,U_c62c26c688,OUT,IN_SG,MEDICAL,2026-02-14,2026-02-19,3,3276.0,True
TRIP_19342d05f0,U_c62c26c688,OUT,IN_NP,EDUCATION,2025-02-23,2025-02-28,2,35473.0,True
TRIP_8ca49da45b,U_c62c26c688,OUT,OTHER_R2,MEDICAL,2026-04-12,2026-04-22,4,6658.0,True
TRIP_da4d28917f,U_5023a6f781,OUT,IN_NP,LEISURE,2025-10-09,2025-10-12,3,7923.0,True
TRIP_370e4b3f76,U_36d323e447,OUT,IN_AE,EVENT,2026-04-28,2026-05-01,2,14546.0,True
TRIP_81a31f23ff,U_affde2881c,OUT,IN_AE,EDUCATION,2025-04-11,2025-04-25,3,27318.0,True
TRIP_a2f6e1a75b,U_0d405fc54f,OUT,IN_LK,LEISURE,2024-08-18,2024-08-30,4,15390.0,True
TRIP_9b265eec65,U_bf0fdf57dc,OUT,IN_NP,LEISURE,2025-09-29,2025-10-06,1,10031.0,True
TRIP_ac4dafbfa2,U_bf0fdf57dc,OUT,IN_AE,BUSINESS,2026-05-13,2026-05-24,4,7335.0,True
TRIP_7e3e5a29f8,U_13f4e192ad,OUT,IN_AE,EDUCATION,2025-01-03,2025-01-11,3,27410.0,True
TRIP_61dc22561c,U_177c075773,OUT,IN_SG,PILGRIMAGE,2026-06-09,2026-06-21,1,16900.0,True
TRIP_61bd6eda7f,U_0163a30d18,OUT,IN_AE,BUSINESS,2025-08-29,2025-09-10,1,88579.0,True
TRIP_a689909675,U_d54aaeae79,OUT,IN_QA,LEISURE,2024-09-15,2024-09-23,4,7777.0,True
TRIP_bb027916b8,U_30ebb7cf93,OUT,IN_AE,MEDICAL,2026-05-27,2026-06-04,1,13293.0,True
TRIP_811ad1125b,U_e85b19c1c1,OUT,IN_AE,MEDICAL,2024-11-07,2024-11-11,1,16691.0,True
TRIP_4a98a0d9c6,U_db4147b02f,OUT,IN_AE,VFR,2026-04-21,2026-04-28,1,12096.0,True
TRIP_9d2f1f376f,U_db4147b02f,OUT,IN_NP,LEISURE,2026-03-12,2026-03-23,2,30801.0,True
TRIP_75997b70a9,U_2562a7269a,OUT,IN_BT,LEISURE,2026-07-07,2026-07-13,4,12164.0,True
TRIP_e5474e931e,U_2562a7269a,OUT,IN_AE,LEISURE,2026-05-07,2026-05-18,2,16057.0,True
TRIP_2ea2682b37,U_5ee3c84c8e,OUT,IN_NP,PILGRIMAGE,2025-03-29,2025-04-08,3,11276.0,True
TRIP_9de98213a6,U_1e7da5a350,OUT,IN_NP,EVENT,2025-08-18,2025-08-27,1,13270.0,True
TRIP_e03c625ffa,U_382c671f2a,OUT,IN_NP,EDUCATION,2024-12-11,2024-12-22,1,20050.0,True
TRIP_c1cc3d9f09,U_382c671f2a,OUT,IN_AE,EDUCATION,2025-06-24,2025-06-27,1,7622.0,True
TRIP_9204fc809c,U_568ae52eea,OUT,IN_AE,EDUCATION,2025-12-07,2025-12-09,3,23802.0,True
TRIP_6c3b99093f,U_568ae52eea,OUT,IN_QA,MEDICAL,2024-10-22,2024-11-02,1,13939.0,True
TRIP_d1aae83db9,U_568ae52eea,OUT,IN_AE,MEDICAL,2025-12-10,2025-12-24,1,61998.0,False
TRIP_cfaa6b1207,U_568ae52eea,OUT,IN_BT,EDUCATION,2025-07-21,2025-07-28,2,15943.0,True
TRIP_d93cb4d6d3,U_0b6d402b24,OUT,OTHER_R2,LEISURE,2026-03-01,2026-03-09,4,26482.0,True
TRIP_ec08c8e98d,U_0b6d402b24,OUT,IN_QA,PILGRIMAGE,2025-12-08,2025-12-15,2,16654.0,True
TRIP_05f01045cf,U_2bb42058a9,OUT,IN_QA,MEDICAL,2025-09-17,2025-09-27,4,15735.0,True
TRIP_81ca25a250,U_ad8a229cd9,OUT,OTHER_R2,LEISURE,2025-06-06,2025-06-11,2,15838.0,True
TRIP_6743364b3a,U_eaf70e4397,OUT,IN_SG,EVENT,2024-08-14,2024-08-19,1,33826.0,True
TRIP_6dbb10ede2,U_83e21fedf2,OUT,IN_BT,LEISURE,2024-09-13,2024-09-20,2,27098.0,True
TRIP_75e7a87336,U_26bd8ef640,OUT,OTHER_R2,TRANSIT,2024-08-24,2024-09-02,2,30404.0,True
TRIP_d2864e9f2d,U_114f447189,OUT,OTHER_R2,LEISURE,2025-05-24,2025-06-01,1,9539.0,True
TRIP_b051b8f27c,U_114f447189,OUT,IN_NP,PILGRIMAGE,2025-05-03,2025-05-13,4,7634.0,True
TRIP_7126144296,U_fb994ed55b,OUT,IN_MU,EDUCATION,2025-07-12,2025-07-16,1,23349.0,True
TRIP_7eff3f13f5,U_fb994ed55b,OUT,IN_AE,MEDICAL,2026-06-29,2026-07-12,2,18023.0,True
TRIP_f85184f65c,U_fb994ed55b,OUT,IN_NP,EDUCATION,2025-04-06,2025-04-12,3,12807.0,True
TRIP_1d51bafc5b,U_30bfc09a87,OUT,IN_QA,LEISURE,2025-08-10,2025-08-14,1,21031.0,True
TRIP_5249714706,U_945b71fd2f,OUT,IN_NP,LEISURE,2026-06-26,2026-07-10,4,22472.0,True
TRIP_9e80396b2d,U_758db7130a,OUT,OTHER_R2,EDUCATION,2025-07-22,2025-07-31,2,30445.0,True
TRIP_2a1175c817,U_55e743696a,OUT,IN_AE,LEISURE,2025-09-18,2025-09-23,2,72865.0,True
TRIP_45947838bb,U_b43a0bb252,OUT,IN_MU,VFR,2025-06-01,2025-06-15,2,12276.0,True
TRIP_da7b4011e1,U_b43a0bb252,OUT,IN_QA,VFR,2025-07-10,2025-07-13,4,7879.0,True
TRIP_4a788b9bd1,U_b43a0bb252,OUT,OTHER_R2,LEISURE,2026-04-29,2026-05-06,1,16847.0,True
TRIP_0808c664a8,U_5cbfa721a1,OUT,OTHER_R2,EDUCATION,2025-07-26,2025-08-03,4,5857.0,True
TRIP_59741a4fe5,U_b3bd60812a,OUT,IN_NP,MEDICAL,2026-05-07,2026-05-21,2,4710.0,True
TRIP_295b68ca89,U_b3bd60812a,OUT,IN_AE,MEDICAL,2024-12-12,2024-12-16,1,89708.0,True
TRIP_98e16a366f,U_b3bd60812a,OUT,IN_SG,MEDICAL,2025-08-08,2025-08-16,3,20813.0,True
TRIP_61e47cd5cc,U_d3cf7dd52a,OUT,IN_NP,LEISURE,2026-03-15,2026-03-28,4,1349.0,True
TRIP_5934011711,U_d3cf7dd52a,OUT,OTHER_R2,EDUCATION,2025-11-23,2025-11-26,1,28829.0,True
TRIP_281a89c08b,U_c9fb31b6c0,OUT,IN_BT,EDUCATION,2026-05-17,2026-05-21,2,30965.0,True
TRIP_51df956868,U_c9fb31b6c0,OUT,IN_BT,EDUCATION,2025-10-19,2025-10-25,4,2960.0,False
TRIP_d49d1173a6,U_fff551ea62,OUT,IN_LK,VFR,2026-03-11,2026-03-18,2,8450.0,True
TRIP_4929147e65,U_fff551ea62,OUT,IN_LK,LEISURE,2026-02-19,2026-02-25,1,7415.0,True
TRIP_b8bd809034,U_88d16b0c12,OUT,IN_BT,EDUCATION,2026-05-10,2026-05-19,4,9906.0,True
TRIP_f1559a68dc,U_88d16b0c12,OUT,IN_AE,EDUCATION,2026-03-16,2026-03-27,2,12421.0,True
TRIP_7635f215d5,U_3d0750c8cb,OUT,IN_AE,LEISURE,2025-12-28,2026-01-04,1,24777.0,True
TRIP_c3416f7533,U_3d0750c8cb,OUT,IN_SG,EDUCATION,2025-10-22,2025-10-29,1,24089.0,True
TRIP_0b8a70cac4,U_9e34309137,OUT,IN_SG,PILGRIMAGE,2025-12-10,2025-12-20,1,10558.0,True
TRIP_f17ad58182,U_7aabcaeef9,OUT,IN_NP,VFR,2025-05-02,2025-05-12,3,34312.0,True
TRIP_5066c9023e,U_1b9027bff0,OUT,IN_NP,LEISURE,2025-09-24,2025-10-04,1,14237.0,True
TRIP_45ca9c7d18,U_1b9027bff0,OUT,IN_SG,LEISURE,2026-02-24,2026-02-26,3,7792.0,True
TRIP_6cda394282,U_1b9027bff0,OUT,IN_AE,MEDICAL,2026-06-24,2026-07-05,3,2588.0,True
TRIP_f6337d1ddc,U_e8299bcd5e,OUT,IN_AE,LEISURE,2026-02-26,2026-03-04,1,8822.0,True
TRIP_1505ac4ada,U_dda69960c9,OUT,OTHER_R2,BUSINESS,2026-06-05,2026-06-08,1,8087.0,True
TRIP_10ac8b5d5e,U_dda69960c9,OUT,IN_AE,LEISURE,2026-07-07,2026-07-13,2,21935.0,True
TRIP_8485e1cbaf,U_dda69960c9,OUT,IN_AE,PILGRIMAGE,2026-01-23,2026-01-29,4,7398.0,False
TRIP_c4f813aaff,U_3a034ca6c3,OUT,IN_NP,LEISURE,2025-08-05,2025-08-19,3,22161.0,True
TRIP_20fa988838,U_2b5788aa39,OUT,IN_SG,LEISURE,2024-10-20,2024-11-03,3,14822.0,True
TRIP_cdb19f8dae,U_2b5788aa39,OUT,IN_AE,BUSINESS,2025-06-21,2025-07-05,3,8397.0,True
TRIP_4851951b9c,U_2b5788aa39,OUT,IN_AE,PILGRIMAGE,2026-03-08,2026-03-18,4,40469.0,True
TRIP_b66c31b952,U_2b5788aa39,OUT,IN_AE,BUSINESS,2025-09-15,2025-09-18,4,4969.0,True
TRIP_1a6559f6ea,U_33c753943d,OUT,IN_LK,LEISURE,2025-11-06,2025-11-18,1,59755.0,True
TRIP_11d14b3f93,U_b830fe2188,OUT,IN_AE,EDUCATION,2025-06-13,2025-06-27,1,16629.0,True
TRIP_1f4e292f39,U_d63d4cc2c1,OUT,IN_QA,EDUCATION,2025-10-01,2025-10-04,2,17008.0,True
TRIP_d741ab88e4,U_d63d4cc2c1,OUT,IN_SG,LEISURE,2025-05-18,2025-05-25,1,75234.0,True
TRIP_b69c8e0ba4,U_3a5a16ed99,OUT,IN_MU,EDUCATION,2025-09-27,2025-10-01,2,84331.0,True
TRIP_22ff8c16aa,U_3a5a16ed99,OUT,IN_LK,EDUCATION,2025-03-19,2025-03-30,4,27530.0,True
TRIP_e7b7f11ad8,U_3a5a16ed99,OUT,IN_SG,MEDICAL,2026-01-03,2026-01-15,3,9646.0,True
TRIP_86c7061694,U_de4cf7eeb3,OUT,IN_QA,LEISURE,2025-07-28,2025-08-01,3,38673.0,True
TRIP_1c787f30cb,U_50a66507fb,OUT,IN_QA,EDUCATION,2025-07-23,2025-08-06,2,4852.0,True
TRIP_edafd7a564,U_50a66507fb,OUT,OTHER_R2,EDUCATION,2025-11-23,2025-12-05,1,30965.0,True
TRIP_5715c5db4a,U_50a66507fb,OUT,IN_AE,BUSINESS,2025-03-06,2025-03-16,4,7682.0,True
TRIP_e3980c2def,U_34a5909123,OUT,IN_AE,PILGRIMAGE,2024-11-10,2024-11-21,2,23416.0,True
TRIP_df23d08934,U_34a5909123,OUT,IN_SG,LEISURE,2026-06-04,2026-06-16,1,9870.0,True
TRIP_ba2f308f8e,U_ff6e110067,OUT,IN_AE,LEISURE,2024-12-26,2025-01-07,3,48627.0,True
TRIP_6251170668,U_c3b1b279c9,OUT,IN_FR,LEISURE,2025-09-20,2025-09-24,4,18104.0,True
TRIP_0762a06b4c,U_c3b1b279c9,OUT,IN_NP,BUSINESS,2024-12-14,2024-12-17,1,29936.0,True
TRIP_da27d6735b,U_2663be3527,OUT,IN_MU,LEISURE,2025-07-09,2025-07-14,4,5128.0,True
TRIP_1045dbfebc,U_2663be3527,OUT,IN_AE,LEISURE,2025-03-24,2025-04-06,1,34294.0,True
TRIP_418d2f3a3b,U_e44fbc4a1d,OUT,IN_QA,BUSINESS,2024-11-22,2024-11-25,4,34262.0,True
TRIP_536b005e95,U_e44fbc4a1d,OUT,IN_BT,EDUCATION,2025-05-19,2025-05-29,1,22172.0,True
TRIP_1c5393a5ed,U_391aaa5eca,OUT,IN_FR,LEISURE,2024-10-22,2024-11-05,2,4364.0,True
TRIP_ee0a1e4d93,U_391aaa5eca,OUT,IN_QA,LEISURE,2025-07-27,2025-08-04,4,4122.0,True
TRIP_b6441fdd7c,U_6ba30b4c6d,OUT,IN_QA,VFR,2025-05-29,2025-06-03,3,32193.0,True
TRIP_75b080e221,U_8a719b9482,OUT,IN_AE,EDUCATION,2025-09-28,2025-10-09,3,16555.0,True
TRIP_fb8e0aab85,U_2789620de3,OUT,IN_AE,MEDICAL,2025-12-12,2025-12-26,3,17451.0,True
TRIP_6580932ebb,U_2789620de3,OUT,IN_AE,EDUCATION,2025-02-04,2025-02-15,4,45350.0,True
TRIP_18d815b89a,U_87e4911835,OUT,IN_SG,LEISURE,2025-09-13,2025-09-16,2,3493.0,True
TRIP_3993302407,U_87e4911835,OUT,IN_QA,MEDICAL,2025-05-12,2025-05-18,3,3612.0,True
TRIP_3bdc08de61,U_87e4911835,OUT,IN_QA,LEISURE,2025-06-05,2025-06-08,4,7913.0,True
TRIP_8c61139cfd,U_ad11ecea90,OUT,IN_LK,LEISURE,2025-04-12,2025-04-25,3,21606.0,True
TRIP_1100e6dc97,U_9045faa4d5,OUT,OTHER_R2,LEISURE,2025-02-07,2025-02-12,2,25079.0,True
TRIP_b80e6042d9,U_9045faa4d5,OUT,IN_FR,BUSINESS,2025-12-03,2025-12-05,1,11042.0,True
TRIP_f1ed4723b7,U_3a1b5cf8d6,OUT,IN_AE,LEISURE,2025-07-20,2025-08-02,4,11642.0,True
TRIP_adaa283a79,U_3a1b5cf8d6,OUT,IN_QA,LEISURE,2025-04-03,2025-04-11,1,37796.0,True
TRIP_6c4c10d9d6,U_3a1b5cf8d6,OUT,OTHER_R2,EDUCATION,2024-10-15,2024-10-21,4,23381.0,True
TRIP_f055f172ba,U_3145fdda7c,OUT,IN_QA,PILGRIMAGE,2024-10-01,2024-10-10,3,78766.0,True
TRIP_6203fc2f55,U_3145fdda7c,OUT,IN_AE,LEISURE,2025-04-17,2025-04-22,1,10861.0,True
TRIP_251dd81fd2,U_0ebb4c3286,OUT,IN_KH,MEDICAL,2026-04-25,2026-05-01,4,51834.0,True
TRIP_91fe5d4546,U_0ebb4c3286,OUT,IN_SG,PILGRIMAGE,2025-11-05,2025-11-14,4,21300.0,True
TRIP_d1d54ce36e,U_5b987e7b49,OUT,IN_BT,BUSINESS,2024-12-21,2025-01-02,4,42931.0,True
TRIP_2740f9a7fe,U_5b987e7b49,OUT,IN_AE,VFR,2025-07-22,2025-08-04,1,3433.0,True
TRIP_6e601f4509,U_aee902ba2c,OUT,IN_AE,LEISURE,2024-08-17,2024-08-31,3,22260.0,True
TRIP_6ca05a390d,U_8e241e345c,OUT,IN_NP,EDUCATION,2026-03-20,2026-03-26,1,19413.0,True
TRIP_0f1009d7d1,U_a56d12d68a,OUT,IN_BT,MEDICAL,2024-10-20,2024-11-03,2,7079.0,True
TRIP_1801a11c2b,U_c829652b47,OUT,IN_AE,PILGRIMAGE,2025-02-03,2025-02-17,4,99464.0,True
TRIP_fa31a9c493,U_c829652b47,OUT,IN_NP,VFR,2024-10-15,2024-10-24,2,169391.0,True
TRIP_749528c2ba,U_c829652b47,OUT,IN_SG,LEISURE,2026-05-02,2026-05-09,1,10672.0,True
TRIP_b1dc1ee8b7,U_d790574459,OUT,OTHER_R2,LEISURE,2025-08-19,2025-08-26,4,4444.0,True
TRIP_53c3e6b869,U_18d92cdf3e,OUT,IN_AE,LEISURE,2024-09-11,2024-09-14,3,9518.0,True
TRIP_aaa0cb7365,U_f1c76df2b4,OUT,IN_SG,BUSINESS,2024-09-28,2024-10-05,2,38822.0,True
TRIP_c637991ea3,U_0ba80ef0df,OUT,IN_AE,LEISURE,2026-06-27,2026-07-08,1,29395.0,True
TRIP_0f9b345ab9,U_5159a98155,OUT,IN_LK,EDUCATION,2026-05-05,2026-05-07,4,20160.0,True
TRIP_08dbdacd83,U_5d97db07b8,OUT,OTHER_R2,TRANSIT,2025-05-20,2025-06-02,4,30634.0,True
TRIP_5d032bbaa6,U_5d97db07b8,OUT,IN_NP,LEISURE,2025-09-01,2025-09-15,2,39597.0,True
TRIP_a898643948,U_968e8ddb42,OUT,IN_LK,LEISURE,2024-11-08,2024-11-22,2,11819.0,True
TRIP_ffd6ae0c80,U_5f1ba7033e,OUT,IN_SG,LEISURE,2025-04-13,2025-04-18,2,13724.0,True
TRIP_f4a9307dd8,U_5f1ba7033e,OUT,IN_SG,LEISURE,2025-04-07,2025-04-16,3,9086.0,False
TRIP_5792c08cdb,U_5f1ba7033e,OUT,OTHER_R2,VFR,2025-04-20,2025-04-24,2,7574.0,True
TRIP_7088d98be2,U_12e309bff4,OUT,IN_SG,PILGRIMAGE,2024-11-05,2024-11-08,1,33854.0,True
TRIP_974e003b21,U_12e309bff4,OUT,IN_BT,LEISURE,2024-09-14,2024-09-26,2,12180.0,True
TRIP_a8c1aed2c8,U_9c85fe26e4,OUT,IN_FR,LEISURE,2025-09-25,2025-10-05,1,7865.0,True
TRIP_fa3a7a4ff4,U_9c85fe26e4,OUT,IN_NP,LEISURE,2025-01-11,2025-01-14,2,34654.0,True
TRIP_9248ee8788,U_9c85fe26e4,OUT,IN_AE,LEISURE,2025-07-28,2025-08-10,1,6807.0,True
TRIP_1794498e70,U_ae071c06d1,OUT,IN_AE,BUSINESS,2026-05-07,2026-05-18,1,15986.0,True
TRIP_2e4c13dbfb,U_575b56e958,OUT,IN_AE,LEISURE,2025-07-01,2025-07-14,4,3308.0,True
TRIP_df560f6b8f,U_575b56e958,OUT,IN_AE,LEISURE,2024-09-22,2024-09-30,1,8094.0,True
TRIP_a16cf1ff9a,U_b2f72048de,OUT,IN_NP,VFR,2025-06-15,2025-06-26,2,6856.0,True
TRIP_6e0b1829ce,U_6c2f79c528,OUT,IN_SG,VFR,2025-10-13,2025-10-17,4,4789.0,True
TRIP_45eee8f86a,U_06a56e3faf,OUT,IN_AE,BUSINESS,2025-06-15,2025-06-22,1,14514.0,True
TRIP_1976f47eea,U_ad7b2a0a77,OUT,IN_AE,EDUCATION,2024-10-23,2024-11-03,2,5569.0,True
TRIP_4f8f7764c7,U_ad7b2a0a77,OUT,IN_SG,LEISURE,2024-10-07,2024-10-11,4,17459.0,True
TRIP_9594f07274,U_8ac272308c,OUT,IN_AE,VFR,2026-04-11,2026-04-16,2,163494.0,True
TRIP_4c36f600c5,U_7a67bf878b,OUT,IN_BT,LEISURE,2025-03-09,2025-03-23,3,17388.0,True
TRIP_f29d09c554,U_8dd21edc67,OUT,IN_AE,VFR,2025-07-18,2025-07-24,1,9273.0,True
TRIP_901ff28f6d,U_8dd21edc67,OUT,IN_NP,VFR,2025-11-09,2025-11-18,4,32502.0,True
TRIP_c14ff2751f,U_8dd21edc67,OUT,OTHER_R2,LEISURE,2025-07-08,2025-07-13,1,75643.0,True
TRIP_d4753e940d,U_214ecbbae3,OUT,IN_SG,LEISURE,2024-09-05,2024-09-08,1,4530.0,True
TRIP_702d142449,U_0fcb474c3d,OUT,OTHER_R2,EDUCATION,2025-12-31,2026-01-14,3,19139.0,True
TRIP_702452238b,U_0fcb474c3d,OUT,IN_AE,LEISURE,2026-02-27,2026-03-04,1,51397.0,True
TRIP_b849ab0815,U_8a4cd946cc,OUT,OTHER_R2,LEISURE,2025-04-25,2025-05-02,1,11955.0,True
TRIP_265aedf2c2,U_8a4cd946cc,OUT,IN_SG,BUSINESS,2025-11-20,2025-12-03,2,3584.0,True
TRIP_3106e879e7,U_8a4cd946cc,OUT,IN_NP,MEDICAL,2025-12-06,2025-12-11,4,30934.0,True
TRIP_78b1caeb49,U_1e5d7dac1a,OUT,IN_SG,EDUCATION,2025-11-15,2025-11-26,4,5032.0,True
TRIP_dd40e62097,U_1e5d7dac1a,OUT,IN_BT,EDUCATION,2025-07-27,2025-08-01,2,6553.0,True
TRIP_9f6c670175,U_21128127d3,OUT,IN_BT,VFR,2025-01-02,2025-01-11,1,57663.0,True
TRIP_08896de563,U_21128127d3,OUT,IN_NP,LEISURE,2026-01-04,2026-01-15,2,12182.0,True
TRIP_f4c90f53ba,U_b25921872b,OUT,OTHER_R2,LEISURE,2026-06-04,2026-06-15,2,14071.0,True
TRIP_25ba0ddc3e,U_8bfbc44d03,OUT,OTHER_R2,LEISURE,2024-11-10,2024-11-16,4,10879.0,True
TRIP_d9997e3751,U_8bfbc44d03,OUT,IN_SG,LEISURE,2024-08-19,2024-08-29,1,27558.0,True
TRIP_3ebead38c6,U_8bfbc44d03,OUT,OTHER_R2,LEISURE,2025-11-27,2025-12-01,1,10622.0,False
TRIP_1387fb1c83,U_42e91171f1,OUT,IN_NP,VFR,2026-01-21,2026-02-01,2,3531.0,True
TRIP_10a8e7fb09,U_05c9937363,OUT,IN_AE,BUSINESS,2024-12-24,2024-12-27,3,16069.0,True
TRIP_8a2a5c07f5,U_05c9937363,OUT,IN_AE,LEISURE,2025-09-19,2025-10-02,4,22840.0,False
TRIP_14bdf827eb,U_05c9937363,OUT,IN_AE,MEDICAL,2025-04-04,2025-04-18,2,33088.0,False
TRIP_251d61f300,U_6ad04acbea,OUT,IN_AE,LEISURE,2024-11-25,2024-12-03,2,2333.0,True
TRIP_9b13c6e769,U_6ad04acbea,OUT,IN_QA,LEISURE,2025-09-03,2025-09-09,4,5073.0,True
TRIP_dff0c12457,U_ffc3e875bc,OUT,IN_BT,BUSINESS,2025-07-06,2025-07-12,3,5184.0,True
TRIP_ea36ef1090,U_ffc3e875bc,OUT,OTHER_R2,LEISURE,2024-10-14,2024-10-19,1,3611.0,True
TRIP_3cea81edd4,U_b465f73095,OUT,OTHER_R2,EVENT,2025-06-12,2025-06-17,2,19906.0,True
TRIP_5810183d5b,U_b465f73095,OUT,OTHER_R2,TRANSIT,2025-03-22,2025-03-28,1,5210.0,True
TRIP_1a9fbb66b0,U_35710a5909,OUT,OTHER_R2,PILGRIMAGE,2026-06-28,2026-07-02,1,14767.0,True
TRIP_e19044855d,U_b60f7c9939,OUT,OTHER_R2,BUSINESS,2025-05-07,2025-05-10,1,19577.0,True
TRIP_0c79a7eec4,U_47eb53c7c9,OUT,IN_AE,EDUCATION,2025-11-13,2025-11-16,1,8994.0,True
TRIP_19682192d6,U_47eb53c7c9,OUT,IN_NP,EVENT,2025-08-04,2025-08-11,1,3920.0,True
TRIP_56dede114d,U_af84b04dfd,OUT,IN_AE,LEISURE,2026-07-06,2026-07-12,1,27665.0,True
TRIP_27993578d0,U_af84b04dfd,OUT,IN_KH,TRANSIT,2025-02-11,2025-02-16,2,10436.0,True
TRIP_694116c43c,U_9c22176c9e,OUT,IN_SG,EVENT,2025-08-23,2025-08-25,2,20295.0,True
TRIP_c42d41f466,U_9c22176c9e,OUT,IN_NP,VFR,2024-12-16,2024-12-18,1,15811.0,True
TRIP_4451208580,U_566b897d8b,OUT,IN_FR,LEISURE,2026-03-06,2026-03-19,4,33891.0,True
TRIP_35a584bffd,U_566b897d8b,OUT,IN_AE,EVENT,2024-10-06,2024-10-08,3,5850.0,True
TRIP_d86ab0aabf,U_fd8090bac5,OUT,IN_QA,LEISURE,2026-01-09,2026-01-22,1,30900.0,True
TRIP_e5cf003469,U_fd8090bac5,OUT,IN_NP,EDUCATION,2024-10-04,2024-10-18,1,14841.0,True
TRIP_cf3fe9bb45,U_aa391e415f,OUT,IN_AE,BUSINESS,2026-04-11,2026-04-15,3,47475.0,True
TRIP_5ceecf4dc8,U_1227d96b54,OUT,IN_SG,LEISURE,2025-06-23,2025-06-26,2,19146.0,True
TRIP_96922ad69e,U_1227d96b54,OUT,IN_AE,LEISURE,2025-04-30,2025-05-08,3,14361.0,True
TRIP_142f0c057f,U_1227d96b54,OUT,OTHER_R2,TRANSIT,2025-07-31,2025-08-05,2,9767.0,True
TRIP_b9925b468f,U_d0d8cd9589,OUT,IN_AE,MEDICAL,2024-09-21,2024-09-23,3,3998.0,True
TRIP_7dda5ef121,U_d0d8cd9589,OUT,IN_SG,LEISURE,2024-08-19,2024-08-30,3,1221.0,True
TRIP_b74ca36139,U_d0d8cd9589,OUT,IN_AE,PILGRIMAGE,2025-04-27,2025-05-06,2,50468.0,True
TRIP_799f34d3a4,U_edba512ed9,OUT,IN_BT,LEISURE,2025-02-18,2025-02-23,3,7144.0,True
TRIP_a46d5d9079,U_70091de616,OUT,OTHER_R2,VFR,2025-06-27,2025-07-06,2,21031.0,True
TRIP_ad674cea0b,U_3becb42044,OUT,IN_KH,EVENT,2025-05-28,2025-06-02,1,23238.0,True
TRIP_a97fa1a1ee,U_b924089083,OUT,IN_AE,LEISURE,2024-11-25,2024-12-03,3,4190.0,True
TRIP_49971d6b48,U_b924089083,OUT,IN_LK,LEISURE,2024-09-01,2024-09-03,4,19297.0,True
TRIP_396034a364,U_b924089083,OUT,IN_QA,TRANSIT,2026-02-01,2026-02-11,2,17767.0,True
TRIP_2fd4c345bb,U_b924089083,OUT,IN_AE,LEISURE,2026-01-15,2026-01-26,4,13282.0,False
TRIP_906f2fda2c,U_71421da729,OUT,IN_NP,BUSINESS,2024-11-20,2024-11-27,4,1830.0,True
TRIP_209c58f8b2,U_5513a7358a,OUT,IN_NP,VFR,2026-01-13,2026-01-22,1,22700.0,True
TRIP_37dd49ed41,U_5513a7358a,OUT,IN_AE,EVENT,2025-05-18,2025-05-22,4,7979.0,True
TRIP_695b71352b,U_5513a7358a,OUT,OTHER_R2,EDUCATION,2026-03-18,2026-03-27,4,1482.0,True
TRIP_9f7dc23779,U_0478f2a220,OUT,OTHER_R2,VFR,2025-06-12,2025-06-17,1,10147.0,True
TRIP_76fa1d29bb,U_0478f2a220,OUT,IN_SG,EDUCATION,2025-11-30,2025-12-02,2,13428.0,True
TRIP_05a70699a0,U_0478f2a220,OUT,IN_BT,EDUCATION,2024-08-17,2024-08-26,4,14361.0,True
TRIP_a910ebd18f,U_eea5567496,OUT,OTHER_R2,LEISURE,2025-11-04,2025-11-08,3,41115.0,True
TRIP_fed454895c,U_eea5567496,OUT,IN_AE,LEISURE,2025-06-08,2025-06-18,2,11214.0,True
TRIP_e844599cfb,U_eea5567496,OUT,IN_NP,LEISURE,2025-03-01,2025-03-14,2,3062.0,True
TRIP_3b091222ab,U_42a2c9733d,OUT,IN_AE,TRANSIT,2025-03-28,2025-03-31,3,14305.0,True
TRIP_1b3c2afa55,U_17331dabb7,OUT,IN_AE,PILGRIMAGE,2026-05-26,2026-06-07,2,2831.0,True
TRIP_857fc32d47,U_17331dabb7,OUT,IN_BT,LEISURE,2026-07-05,2026-07-10,3,21279.0,True
TRIP_624aed7325,U_9095b085c5,OUT,IN_BT,VFR,2025-08-12,2025-08-26,3,15662.0,True
TRIP_7bb96d9bc9,U_9095b085c5,OUT,IN_AE,EVENT,2026-03-20,2026-04-01,1,16802.0,True
TRIP_ff9946e007,U_f0abf04ac7,OUT,OTHER_R2,PILGRIMAGE,2025-01-20,2025-02-01,4,7635.0,True
TRIP_c79ba2623f,U_f0abf04ac7,OUT,IN_NP,TRANSIT,2025-04-11,2025-04-17,4,10765.0,True
TRIP_70c9f3ed5e,U_32652837d8,OUT,IN_FR,LEISURE,2026-02-16,2026-02-21,4,14660.0,True
TRIP_a6b7dc8207,U_32652837d8,OUT,IN_AE,BUSINESS,2024-08-14,2024-08-21,2,21144.0,True
TRIP_dcd76e93ae,U_24d595a045,OUT,IN_QA,LEISURE,2026-03-01,2026-03-06,1,11124.0,True
TRIP_6e82cd893f,U_b4cae38712,OUT,IN_AE,VFR,2025-08-26,2025-09-01,4,10082.0,True
TRIP_d6269eb2f2,U_a82e68330c,OUT,IN_SG,BUSINESS,2026-04-17,2026-04-23,3,6432.0,True
TRIP_2745ed89be,U_db9e72d7b7,OUT,OTHER_R2,BUSINESS,2026-06-25,2026-07-01,3,14218.0,True
TRIP_8ed3050cd9,U_f164a43fe9,OUT,IN_SG,LEISURE,2025-10-06,2025-10-12,4,13087.0,True
TRIP_a8f86a6b4e,U_f164a43fe9,OUT,IN_SG,LEISURE,2024-08-26,2024-08-30,4,17954.0,True
TRIP_b25d1b1cf6,U_f164a43fe9,OUT,IN_SG,EDUCATION,2025-02-21,2025-03-05,3,33559.0,True
TRIP_123169b501,U_b1ee833a45,OUT,OTHER_R2,LEISURE,2025-12-10,2025-12-23,2,20375.0,True
TRIP_e615d1a3bd,U_ea23070b6c,OUT,IN_QA,LEISURE,2025-08-24,2025-09-07,1,7599.0,True
TRIP_1be34d497f,U_cd7ebf23dd,OUT,IN_AE,LEISURE,2025-11-03,2025-11-07,2,17372.0,True
TRIP_2f5e391603,U_cd7ebf23dd,OUT,IN_AE,LEISURE,2026-03-07,2026-03-16,2,12651.0,False
TRIP_4c5fa14640,U_d02981574f,OUT,IN_KH,EDUCATION,2026-05-25,2026-06-03,4,35566.0,True
TRIP_bcb99be86d,U_d02981574f,OUT,IN_BT,MEDICAL,2026-03-13,2026-03-26,4,7963.0,True
TRIP_f880f34c37,U_d02981574f,OUT,IN_NP,EDUCATION,2025-07-31,2025-08-14,2,30480.0,True
TRIP_ff5add3ff0,U_4e2cca986e,OUT,IN_AE,EDUCATION,2026-07-06,2026-07-20,3,67140.0,True
TRIP_19ad958227,U_5fa3b28e15,OUT,IN_BT,LEISURE,2025-08-03,2025-08-12,1,8182.0,True
TRIP_91f731695a,U_5fa3b28e15,OUT,IN_AE,TRANSIT,2024-12-30,2025-01-08,4,25417.0,True
TRIP_e0c6703bf4,U_d1fad9db9d,OUT,IN_QA,EDUCATION,2025-05-21,2025-05-28,3,6099.0,True
TRIP_30c8446986,U_d1fad9db9d,OUT,IN_AE,EVENT,2026-03-04,2026-03-16,3,23065.0,True
TRIP_859caf8772,U_d1fad9db9d,OUT,IN_AE,LEISURE,2026-05-06,2026-05-19,3,5105.0,False
TRIP_010d9e4598,U_445e09b464,OUT,OTHER_R2,VFR,2025-08-18,2025-09-01,4,5421.0,True
TRIP_96955389bc,U_445e09b464,OUT,OTHER_R2,VFR,2025-01-12,2025-01-17,3,19243.0,True
TRIP_d88671c9e8,U_6215a35ec4,OUT,IN_QA,LEISURE,2025-01-28,2025-02-09,4,16965.0,True
TRIP_f75ba7b062,U_6215a35ec4,OUT,IN_AE,PILGRIMAGE,2024-09-03,2024-09-16,4,12137.0,True
TRIP_ae181df8e1,U_5ea2d3790a,OUT,IN_FR,VFR,2026-05-23,2026-05-29,4,41605.0,True
TRIP_7db4059bff,U_5ea2d3790a,OUT,IN_BT,VFR,2026-06-03,2026-06-07,3,35548.0,True
TRIP_6ee70efd28,U_5ea2d3790a,OUT,IN_LK,LEISURE,2024-12-23,2024-12-25,1,17685.0,True
TRIP_f4165e52bb,U_74406bf9e8,OUT,IN_QA,LEISURE,2025-12-04,2025-12-14,4,4049.0,True
TRIP_f6f0a717e5,U_1d043984a0,OUT,IN_FR,PILGRIMAGE,2025-03-26,2025-04-08,4,13893.0,True
TRIP_ab5edef232,U_2d44197a43,OUT,IN_AE,BUSINESS,2026-04-06,2026-04-19,4,9160.0,True
TRIP_77582a70b8,U_2d44197a43,OUT,IN_AE,BUSINESS,2024-12-31,2025-01-03,2,10143.0,False
TRIP_f65b1ed03e,U_2d44197a43,OUT,IN_AE,LEISURE,2026-03-01,2026-03-10,4,21282.0,False
TRIP_0ce531c435,U_df524fc0fa,OUT,IN_SG,VFR,2024-09-25,2024-09-28,1,38966.0,True
TRIP_4df5ceb511,U_df524fc0fa,OUT,IN_AE,LEISURE,2024-08-13,2024-08-26,1,9033.0,True
TRIP_8c0559d3a9,U_8aa2cead1a,OUT,OTHER_R2,PILGRIMAGE,2025-07-01,2025-07-10,3,3116.0,True
TRIP_f33b55e7af,U_90a14d807d,OUT,IN_BT,LEISURE,2025-07-12,2025-07-23,3,21611.0,True
TRIP_33f66186f3,U_90a14d807d,OUT,IN_QA,LEISURE,2024-08-13,2024-08-27,3,23127.0,True
TRIP_9fa7889241,U_90a14d807d,OUT,IN_SG,LEISURE,2024-10-22,2024-11-01,4,36737.0,True
TRIP_02ab8740b8,U_90a14d807d,OUT,IN_KH,PILGRIMAGE,2024-09-24,2024-10-02,1,23047.0,True
TRIP_e94881b09b,U_f12f8c30fa,OUT,IN_NP,BUSINESS,2026-06-26,2026-06-28,1,10920.0,True
TRIP_57393cbeeb,U_f12f8c30fa,OUT,OTHER_R2,LEISURE,2024-10-14,2024-10-20,3,7050.0,True
TRIP_6b381fc1a8,U_f12f8c30fa,OUT,IN_FR,LEISURE,2026-03-24,2026-04-03,4,59528.0,True
TRIP_16d975e13c,U_13355c8e81,OUT,IN_NP,LEISURE,2024-10-11,2024-10-18,3,9256.0,True
TRIP_0ef3ed3bc1,U_13355c8e81,OUT,IN_AE,EVENT,2025-02-19,2025-02-26,1,25972.0,True
TRIP_d3b4962339,U_13355c8e81,OUT,IN_NP,LEISURE,2025-03-24,2025-03-27,4,10704.0,False
TRIP_99a776d4b1,U_1a949204d1,OUT,IN_QA,MEDICAL,2025-08-23,2025-08-31,4,35360.0,True
TRIP_e672947ee5,U_e5598f643b,OUT,IN_QA,TRANSIT,2025-08-08,2025-08-14,4,8925.0,True
TRIP_2e94a1bca8,U_a4ff1200e8,OUT,OTHER_R2,LEISURE,2025-10-10,2025-10-14,2,2914.0,True
TRIP_6c9f989520,U_09a812a699,OUT,IN_AE,LEISURE,2026-04-23,2026-05-05,2,4295.0,True
TRIP_2f30fa3d81,U_09a812a699,OUT,IN_LK,PILGRIMAGE,2024-12-26,2024-12-28,2,7729.0,True
TRIP_a8655cebbd,U_09a812a699,OUT,OTHER_R2,LEISURE,2025-05-25,2025-06-03,1,16807.0,True
TRIP_cab9d6594d,U_09a812a699,OUT,OTHER_R2,LEISURE,2024-12-22,2024-12-26,2,7313.0,False
TRIP_00a5e9e72d,U_31d8222160,OUT,IN_AE,BUSINESS,2026-01-22,2026-02-02,1,9826.0,True
TRIP_6c74e779fe,U_6cf72a14df,OUT,OTHER_R2,LEISURE,2025-09-07,2025-09-15,3,26998.0,True
TRIP_017d2c35c8,U_6cf72a14df,OUT,OTHER_R2,BUSINESS,2025-09-22,2025-09-27,4,4642.0,True
TRIP_ce07ade5cf,U_6cf72a14df,OUT,IN_BT,LEISURE,2024-10-20,2024-10-30,2,38622.0,True
TRIP_6c6c9c2a29,U_e8f648d6a9,OUT,IN_AE,PILGRIMAGE,2025-05-10,2025-05-20,2,15727.0,True
TRIP_3b8722b985,U_e8f648d6a9,OUT,IN_QA,LEISURE,2026-01-06,2026-01-10,4,14196.0,True
TRIP_dc626c563f,U_58b8285d49,OUT,IN_QA,BUSINESS,2024-10-11,2024-10-19,4,10981.0,True
TRIP_592e380292,U_58b8285d49,OUT,IN_SG,LEISURE,2025-12-18,2025-12-26,2,10027.0,True
TRIP_4f1eb68b00,U_58b8285d49,OUT,IN_NP,VFR,2026-01-14,2026-01-23,1,26375.0,True
TRIP_37c2b373e3,U_41c2a67af5,OUT,IN_AE,VFR,2025-11-25,2025-11-28,4,15452.0,True
TRIP_3732d4e86c,U_82f0bd94e4,OUT,IN_QA,EDUCATION,2024-08-22,2024-08-25,2,5196.0,True
TRIP_df962ca643,U_644f582c61,OUT,IN_QA,BUSINESS,2025-12-07,2025-12-14,3,23030.0,True
TRIP_a3f3077fd5,U_644f582c61,OUT,IN_LK,LEISURE,2025-01-22,2025-02-01,1,8613.0,True
TRIP_e58ab033a9,U_644f582c61,OUT,IN_SG,EDUCATION,2025-09-30,2025-10-07,2,6709.0,True
TRIP_f9af94f369,U_644f582c61,OUT,OTHER_R2,BUSINESS,2025-05-24,2025-05-28,3,36856.0,True
TRIP_e85523d134,U_1d32899606,OUT,IN_BT,LEISURE,2025-07-26,2025-08-01,4,4576.0,True
TRIP_3042bfed07,U_a7fc70e74f,OUT,IN_BT,LEISURE,2024-11-27,2024-11-29,2,7084.0,True
TRIP_a5650bc11d,U_00e050de1f,OUT,IN_SG,EDUCATION,2025-03-11,2025-03-25,4,18269.0,True
TRIP_93d69324aa,U_55fc10989c,OUT,IN_AE,MEDICAL,2025-02-12,2025-02-15,1,3561.0,True
TRIP_9b1292f0e0,U_9531d69e62,OUT,IN_NP,LEISURE,2026-05-15,2026-05-27,4,49722.0,True
TRIP_6c34a7658f,U_f9862499d2,OUT,IN_AE,VFR,2025-04-15,2025-04-29,3,16529.0,True
TRIP_f545fdd403,U_2d96a73720,OUT,IN_SG,LEISURE,2025-07-09,2025-07-14,3,8075.0,True
TRIP_2335739fdf,U_2d96a73720,OUT,IN_AE,LEISURE,2025-08-21,2025-08-28,3,6174.0,True
TRIP_da33c8d211,U_e62d6891ac,OUT,IN_AE,LEISURE,2025-01-19,2025-02-01,2,3846.0,True
TRIP_22fa3292df,U_e62d6891ac,OUT,OTHER_R2,VFR,2025-01-09,2025-01-20,4,5844.0,True
TRIP_e5fb83f583,U_e62d6891ac,OUT,OTHER_R2,LEISURE,2024-09-13,2024-09-15,4,18011.0,True
TRIP_f30064986c,U_6d7115f0e2,OUT,IN_AE,LEISURE,2026-05-16,2026-05-29,1,12431.0,True
TRIP_074236d509,U_6d7115f0e2,OUT,IN_QA,BUSINESS,2025-02-07,2025-02-10,2,3023.0,True
TRIP_4768513354,U_75030062dd,OUT,IN_AE,BUSINESS,2024-10-20,2024-11-02,4,10724.0,True
TRIP_96a94573b4,U_75030062dd,OUT,IN_QA,EDUCATION,2024-09-25,2024-10-01,1,13554.0,True
TRIP_9ec3b79892,U_7b64eff6bb,OUT,IN_AE,VFR,2025-04-25,2025-05-04,3,57479.0,True
TRIP_929f769d9c,U_7b64eff6bb,OUT,OTHER_R2,LEISURE,2026-04-12,2026-04-21,1,39269.0,True
TRIP_207cbdb066,U_94de415517,OUT,IN_AE,VFR,2025-05-26,2025-06-04,1,8357.0,True
TRIP_caa40defa4,U_94de415517,OUT,IN_QA,BUSINESS,2024-12-09,2024-12-12,1,17594.0,True
TRIP_310877e753,U_94de415517,OUT,IN_SG,LEISURE,2024-10-28,2024-11-09,2,7776.0,True
TRIP_57832ae001,U_59f4d409fe,OUT,OTHER_R2,BUSINESS,2025-05-17,2025-05-23,3,10050.0,True
TRIP_5aadc70a05,U_59f4d409fe,OUT,IN_QA,EVENT,2026-04-30,2026-05-02,1,4665.0,True
TRIP_af04dd9a04,U_5c845570a3,OUT,IN_AE,MEDICAL,2026-04-04,2026-04-07,4,3183.0,True
TRIP_2a7e8d301c,U_5c845570a3,OUT,IN_BT,MEDICAL,2026-04-13,2026-04-18,2,44075.0,True
TRIP_f964c4da95,U_5c845570a3,OUT,IN_AE,MEDICAL,2025-10-23,2025-10-28,2,2381.0,False
TRIP_167c9e56b7,U_f6cf86c306,OUT,IN_QA,LEISURE,2026-05-01,2026-05-04,2,19038.0,True
TRIP_5d02a9890c,U_f6cf86c306,OUT,IN_AE,VFR,2025-10-02,2025-10-07,4,7625.0,True
TRIP_7a6557240b,U_f6cf86c306,OUT,IN_SG,LEISURE,2024-10-28,2024-11-06,4,27969.0,True
TRIP_1f9025dc38,U_6888aa7118,OUT,IN_MU,BUSINESS,2024-10-03,2024-10-13,3,23736.0,True
TRIP_05daec4570,U_6888aa7118,OUT,IN_QA,BUSINESS,2025-12-29,2026-01-02,2,12471.0,True
TRIP_35476facdb,U_6888aa7118,OUT,IN_SG,LEISURE,2025-01-17,2025-01-31,1,31300.0,True
TRIP_ea1386e339,U_0eaa21fb96,OUT,OTHER_R2,LEISURE,2025-06-18,2025-07-02,4,49117.0,True
TRIP_d542596a16,U_0eaa21fb96,OUT,IN_AE,TRANSIT,2025-07-06,2025-07-12,1,12180.0,True
TRIP_95cd75193e,U_0eaa21fb96,OUT,OTHER_R2,VFR,2026-07-08,2026-07-20,4,26347.0,False
TRIP_c521da0a0d,U_9698c15f4e,OUT,IN_SG,BUSINESS,2025-09-30,2025-10-04,3,9453.0,True
TRIP_87cb16238b,U_512f7f1c7b,OUT,IN_FR,LEISURE,2024-09-20,2024-09-24,2,36740.0,True
TRIP_a3a04b709b,U_512f7f1c7b,OUT,IN_SG,LEISURE,2026-02-21,2026-02-24,4,14733.0,True
TRIP_8cca9b0a81,U_117d3968c7,OUT,IN_AE,LEISURE,2026-02-16,2026-02-23,1,36100.0,True
TRIP_9f708f61d5,U_12f22d2de7,OUT,IN_QA,EDUCATION,2026-02-28,2026-03-13,4,9779.0,True
TRIP_45d6bb69b9,U_12f22d2de7,OUT,IN_AE,BUSINESS,2025-11-13,2025-11-17,3,11000.0,True
TRIP_8a8b6286f3,U_12f22d2de7,OUT,IN_QA,BUSINESS,2024-09-09,2024-09-11,2,3577.0,False
TRIP_8747997ec6,U_42dc1a54ac,OUT,IN_AE,EDUCATION,2025-10-13,2025-10-19,4,15388.0,True
TRIP_7d0463df97,U_d5f1c8fc1a,OUT,IN_SG,EDUCATION,2025-08-27,2025-09-01,2,3523.0,True
TRIP_6bb2d325af,U_d5f1c8fc1a,OUT,OTHER_R2,EDUCATION,2025-11-01,2025-11-08,4,8256.0,True
TRIP_78bf199e31,U_d5f1c8fc1a,OUT,IN_MU,MEDICAL,2025-08-06,2025-08-12,2,18444.0,True
TRIP_5f7bec7a19,U_da0bfffd2f,OUT,IN_AE,MEDICAL,2025-05-18,2025-05-24,1,22455.0,True
TRIP_d8850130e8,U_da0bfffd2f,OUT,IN_AE,PILGRIMAGE,2024-08-25,2024-09-08,2,22717.0,False
TRIP_d9bb99832d,U_da0bfffd2f,OUT,IN_QA,EDUCATION,2025-04-29,2025-05-03,1,14486.0,True
TRIP_7afb6a2715,U_2ad7523f0d,OUT,IN_LK,MEDICAL,2025-08-13,2025-08-27,2,18855.0,True
TRIP_49cc414440,U_49ebbb710c,OUT,IN_AE,LEISURE,2024-09-06,2024-09-13,3,9797.0,True
TRIP_564fca2b3c,U_56bc155ffe,OUT,IN_AE,EDUCATION,2024-08-15,2024-08-22,1,22853.0,True
TRIP_3b8ca4789d,U_56bc155ffe,OUT,IN_AE,VFR,2026-03-24,2026-04-01,1,15078.0,False
TRIP_599165635e,U_33bfba6bf9,OUT,IN_AE,LEISURE,2025-07-13,2025-07-27,2,9907.0,True
TRIP_8fe4e272f1,U_365a45a7c3,OUT,IN_QA,MEDICAL,2025-12-12,2025-12-19,1,11582.0,True
TRIP_c0f57d0fca,U_c5f7d590df,OUT,IN_BT,BUSINESS,2026-06-01,2026-06-04,3,70442.0,True
TRIP_3ead4127fa,U_c5f7d590df,OUT,IN_BT,BUSINESS,2024-10-02,2024-10-10,3,8771.0,True
TRIP_b3dd46e470,U_e3b2b6ee4d,OUT,IN_NP,EDUCATION,2024-12-20,2024-12-25,4,5076.0,True
TRIP_33fcf0a3c8,U_e3b2b6ee4d,OUT,OTHER_R2,EDUCATION,2025-08-15,2025-08-23,1,2991.0,True
TRIP_b8a87a6de7,U_e3b2b6ee4d,OUT,IN_AE,EDUCATION,2024-12-09,2024-12-11,2,85254.0,True
TRIP_8d4b8b2aee,U_e3b2b6ee4d,OUT,IN_QA,MEDICAL,2025-07-16,2025-07-29,2,10151.0,True
TRIP_9c874916de,U_2081e87cff,OUT,OTHER_R2,TRANSIT,2025-11-21,2025-12-02,2,48638.0,True
TRIP_0f660c7628,U_238ed902fc,OUT,IN_AE,VFR,2025-02-17,2025-02-26,2,54504.0,True
TRIP_81147035f2,U_238ed902fc,OUT,IN_KH,LEISURE,2025-07-06,2025-07-20,1,15527.0,True
TRIP_92832e37db,U_b04408ec6b,OUT,OTHER_R2,LEISURE,2025-05-25,2025-06-01,3,6695.0,True
TRIP_c8b74ef621,U_de6ee2db55,OUT,IN_AE,LEISURE,2025-06-02,2025-06-12,4,6080.0,True
TRIP_91b09a58cd,U_de6ee2db55,OUT,IN_AE,PILGRIMAGE,2026-03-16,2026-03-18,3,18375.0,True
TRIP_9716707da2,U_3968d7c465,OUT,IN_NP,VFR,2026-01-29,2026-02-07,2,18574.0,True
TRIP_ff0d5e2b64,U_ff9a55f433,OUT,OTHER_R2,LEISURE,2025-11-03,2025-11-15,1,7211.0,True
TRIP_5250599eff,U_0a06b8fcfd,OUT,OTHER_R2,EDUCATION,2025-02-18,2025-02-28,3,5799.0,True
TRIP_4222271756,U_51b70337e0,OUT,IN_AE,LEISURE,2026-05-09,2026-05-21,3,6427.0,True
TRIP_314880ced6,U_77f7cc63b4,OUT,IN_AE,LEISURE,2026-01-02,2026-01-11,4,14357.0,True
TRIP_ac3318e992,U_18f169c9e1,OUT,IN_SG,LEISURE,2026-02-02,2026-02-13,2,6629.0,True
TRIP_04fa34079e,U_05a07803a8,OUT,IN_AE,VFR,2025-09-24,2025-09-28,4,11397.0,True
TRIP_4e40ec87a3,U_05a07803a8,OUT,IN_AE,MEDICAL,2025-09-08,2025-09-15,1,13262.0,False
TRIP_3fe24332a4,U_05a07803a8,OUT,IN_AE,EDUCATION,2024-08-18,2024-08-21,2,17143.0,False
TRIP_a71f680f50,U_1319687743,OUT,IN_SG,TRANSIT,2024-10-31,2024-11-14,1,15696.0,True
TRIP_ba96a5eee9,U_1319687743,OUT,OTHER_R2,LEISURE,2025-05-27,2025-05-30,2,17068.0,True
TRIP_f355c09dd6,U_1319687743,OUT,IN_SG,EDUCATION,2025-01-09,2025-01-18,2,7437.0,True
TRIP_86f42db0e0,U_4c3d1de6d6,OUT,IN_MU,LEISURE,2025-10-16,2025-10-19,4,15622.0,True
TRIP_d58e0f74cf,U_4c3d1de6d6,OUT,OTHER_R2,LEISURE,2025-06-17,2025-06-27,1,7091.0,True
TRIP_d8371894c0,U_2279ba81c1,OUT,IN_QA,VFR,2025-11-15,2025-11-28,2,4782.0,True
TRIP_69292da6e6,U_2279ba81c1,OUT,IN_AE,VFR,2024-12-27,2024-12-30,4,22127.0,True
TRIP_9826bdeee6,U_2279ba81c1,OUT,IN_MU,LEISURE,2024-11-16,2024-11-25,3,44052.0,True
TRIP_a829978a19,U_e5f4263495,OUT,IN_AE,LEISURE,2025-06-06,2025-06-10,2,15362.0,True
TRIP_7965922874,U_e5f4263495,OUT,IN_BT,LEISURE,2025-07-09,2025-07-14,3,62127.0,True
TRIP_aef24a6d12,U_f8c07c35c4,OUT,IN_LK,VFR,2024-09-25,2024-09-28,2,14151.0,True
TRIP_94e9ef4bc5,U_f8c07c35c4,OUT,IN_AE,EVENT,2025-11-04,2025-11-15,4,20853.0,True
TRIP_91d7675e4f,U_5c32cb847b,OUT,IN_AE,VFR,2024-10-18,2024-10-30,1,6193.0,True
TRIP_3c7935a69e,U_e9fcae6b84,OUT,IN_QA,EDUCATION,2025-05-30,2025-06-11,3,9716.0,True
TRIP_a28127d6f1,U_e9fcae6b84,OUT,IN_AE,VFR,2025-04-15,2025-04-21,3,10569.0,True
TRIP_910bc56ec8,U_e9fcae6b84,OUT,IN_AE,BUSINESS,2025-07-21,2025-07-28,1,25452.0,False
TRIP_4a55013a2b,U_e77a4d2663,OUT,IN_SG,PILGRIMAGE,2025-03-24,2025-03-30,3,31216.0,True
TRIP_ce35ca7b80,U_e77a4d2663,OUT,IN_AE,PILGRIMAGE,2024-09-12,2024-09-21,3,44354.0,True
TRIP_218cf39e94,U_e77a4d2663,OUT,IN_BT,EDUCATION,2025-03-05,2025-03-14,2,49010.0,True
TRIP_c7375d1fe4,U_e77a4d2663,OUT,OTHER_R2,VFR,2025-12-31,2026-01-13,3,11911.0,True
TRIP_5f92635788,U_aae14fae0b,OUT,IN_QA,LEISURE,2025-02-03,2025-02-10,3,18987.0,True
TRIP_528cde353d,U_aae14fae0b,OUT,IN_LK,VFR,2025-01-06,2025-01-10,2,21243.0,True
TRIP_a5868a5e03,U_1edeff96c0,OUT,OTHER_R2,BUSINESS,2026-02-06,2026-02-08,2,48225.0,True
TRIP_ac01ef1701,U_1edeff96c0,OUT,IN_AE,LEISURE,2026-05-22,2026-05-31,4,9520.0,True
TRIP_d02f7c0366,U_1edeff96c0,OUT,IN_NP,BUSINESS,2024-11-12,2024-11-23,3,53851.0,True
TRIP_452973e1ed,U_2a612b2a2c,OUT,IN_MU,LEISURE,2025-08-21,2025-09-02,1,8509.0,True
TRIP_4eb159a6d7,U_3e9b593e18,OUT,OTHER_R2,VFR,2025-11-11,2025-11-16,3,27877.0,True
TRIP_2af57e846f,U_cc88607c4b,OUT,IN_MU,PILGRIMAGE,2024-08-16,2024-08-25,1,29740.0,True
TRIP_1207c57639,U_dfc3e815a2,OUT,IN_BT,LEISURE,2025-09-27,2025-10-06,2,3037.0,True
TRIP_5c155a3643,U_66a4bad0da,OUT,IN_AE,LEISURE,2025-11-14,2025-11-18,1,9538.0,True
TRIP_7a988eb551,U_cdd688ff1b,OUT,IN_NP,PILGRIMAGE,2024-10-23,2024-10-31,4,34727.0,True
TRIP_18a3bdfe83,U_92953e8177,OUT,IN_FR,LEISURE,2026-02-26,2026-03-11,2,2025.0,True
TRIP_2da2a59a62,U_db6f9b0b3c,OUT,OTHER_R2,EVENT,2025-05-12,2025-05-24,4,11880.0,True
TRIP_2f858c7010,U_db6f9b0b3c,OUT,OTHER_R2,EVENT,2025-11-17,2025-11-30,4,14731.0,False
TRIP_31a6ae2a5d,U_d7019cd329,OUT,IN_BT,LEISURE,2026-07-08,2026-07-22,3,10851.0,True
TRIP_078b81004c,U_c96bf0bb0b,OUT,IN_SG,LEISURE,2025-08-05,2025-08-12,1,39343.0,True
TRIP_fa1ceee37c,U_c96bf0bb0b,OUT,OTHER_R2,TRANSIT,2026-01-28,2026-02-10,1,19286.0,True
TRIP_8ec91e840c,U_e64d4a8183,OUT,IN_AE,LEISURE,2025-01-20,2025-02-01,4,51495.0,True
TRIP_33d64127f2,U_9860bcd260,OUT,IN_MU,LEISURE,2026-04-19,2026-05-02,1,10723.0,True
TRIP_c57ea82be6,U_e4089a9b8f,OUT,IN_AE,LEISURE,2024-09-21,2024-09-28,3,31864.0,True
TRIP_77b785aa96,U_e4089a9b8f,OUT,IN_AE,EDUCATION,2025-03-28,2025-04-04,2,12428.0,False
TRIP_8080e3c565,U_c862858f6c,OUT,IN_FR,BUSINESS,2025-12-12,2025-12-15,3,16638.0,True
TRIP_dcc6f4b948,U_c862858f6c,OUT,OTHER_R2,MEDICAL,2025-05-29,2025-06-11,3,7693.0,True
TRIP_adbf56a809,U_20bfc9a4e9,OUT,IN_QA,LEISURE,2026-05-12,2026-05-22,4,18011.0,True
TRIP_263aabfc85,U_d81f2ad6ee,OUT,OTHER_R2,LEISURE,2024-11-06,2024-11-20,4,33242.0,True
TRIP_e9b0230e1b,U_c84832c537,OUT,IN_KH,LEISURE,2025-07-15,2025-07-23,1,4233.0,True
TRIP_f6fea1d3a6,U_c84832c537,OUT,IN_QA,EVENT,2026-07-11,2026-07-25,2,14630.0,True
TRIP_81f53633eb,U_2673418269,OUT,IN_QA,EDUCATION,2025-11-09,2025-11-16,2,8128.0,True
TRIP_208313915f,U_2673418269,OUT,IN_AE,MEDICAL,2025-12-16,2025-12-26,3,60094.0,True
TRIP_41f42a297c,U_2673418269,OUT,IN_AE,EDUCATION,2024-11-10,2024-11-22,2,63999.0,False
TRIP_97888adb24,U_2673418269,OUT,IN_NP,EDUCATION,2025-07-01,2025-07-13,4,33865.0,True
TRIP_a8285c49c3,U_28cb54385c,OUT,IN_AE,MEDICAL,2025-03-19,2025-03-30,4,27449.0,True
TRIP_6b05c5e630,U_3d9f0316b6,OUT,IN_AE,LEISURE,2024-08-14,2024-08-16,2,19988.0,True
TRIP_c1d414d7c5,U_3d9f0316b6,OUT,IN_AE,LEISURE,2024-09-10,2024-09-24,4,26912.0,False
TRIP_cdedea7e99,U_3d9f0316b6,OUT,IN_AE,LEISURE,2025-12-29,2026-01-07,2,24890.0,False
TRIP_c95928a43a,U_5da4b4e980,OUT,IN_AE,EDUCATION,2024-08-13,2024-08-18,3,4686.0,True
TRIP_df170a9b50,U_5da4b4e980,OUT,IN_AE,EDUCATION,2025-02-11,2025-02-13,2,99486.0,True
TRIP_efd90ae0fc,U_8a4fa67192,OUT,IN_BT,LEISURE,2024-09-25,2024-09-29,1,7094.0,True
TRIP_d089a68aab,U_6e4ce18991,OUT,IN_AE,PILGRIMAGE,2024-11-17,2024-11-26,4,17962.0,True
TRIP_79e258a5c7,U_6e4ce18991,OUT,IN_AE,EDUCATION,2024-10-30,2024-11-08,2,3230.0,False
TRIP_77a9342d48,U_df872b2055,OUT,IN_SG,EDUCATION,2025-07-06,2025-07-17,3,7891.0,True
TRIP_81b1ffc908,U_df872b2055,OUT,IN_BT,LEISURE,2024-11-19,2024-11-22,3,11830.0,True
TRIP_3faa08ad40,U_df872b2055,OUT,IN_KH,MEDICAL,2024-08-18,2024-08-30,3,9744.0,True
TRIP_dd1baa7601,U_8e500dbc53,OUT,IN_AE,BUSINESS,2025-09-13,2025-09-21,2,87984.0,True
TRIP_213cb97bb6,U_8e500dbc53,OUT,OTHER_R2,TRANSIT,2024-12-10,2024-12-18,3,39288.0,True
TRIP_aa1b9e0a9f,U_8e500dbc53,OUT,OTHER_R2,EVENT,2024-10-07,2024-10-17,1,25898.0,True
TRIP_768a7e688f,U_e82e7c3672,OUT,IN_AE,BUSINESS,2025-07-28,2025-08-05,3,5308.0,True
TRIP_27d58b154a,U_7504d5abb9,OUT,IN_BT,LEISURE,2025-02-21,2025-03-04,4,35349.0,True
TRIP_39b4aeb576,U_7504d5abb9,OUT,IN_NP,LEISURE,2025-09-02,2025-09-11,1,10109.0,True
TRIP_d537291a74,U_7504d5abb9,OUT,IN_SG,LEISURE,2025-04-27,2025-05-10,3,23872.0,True
TRIP_d19d53d377,U_7504d5abb9,OUT,IN_AE,BUSINESS,2025-04-29,2025-05-01,3,10817.0,True
TRIP_b6086cee10,U_7504d5abb9,OUT,IN_SG,EVENT,2024-10-15,2024-10-25,1,23354.0,True
TRIP_f97292951a,U_da5604e162,OUT,OTHER_R2,LEISURE,2024-12-05,2024-12-11,4,3203.0,True
TRIP_0e89e7de64,U_b8adee550e,OUT,IN_BT,EDUCATION,2026-07-01,2026-07-12,2,50628.0,True
TRIP_7a55c1bb29,U_b8adee550e,OUT,IN_SG,LEISURE,2026-04-03,2026-04-06,2,12292.0,True
TRIP_d6d1a22662,U_b8adee550e,OUT,IN_SG,LEISURE,2024-08-13,2024-08-15,4,7018.0,False
TRIP_d27ef86bb5,U_b8adee550e,OUT,IN_BT,LEISURE,2025-09-11,2025-09-22,3,9592.0,False
TRIP_20654f9d63,U_8a669f0cb0,OUT,OTHER_R2,VFR,2024-08-13,2024-08-18,4,1520.0,True
TRIP_852c414e27,U_8a669f0cb0,OUT,OTHER_R2,BUSINESS,2026-04-05,2026-04-18,1,22773.0,False
TRIP_22f0e70364,U_8a669f0cb0,OUT,IN_SG,MEDICAL,2025-09-04,2025-09-08,2,22862.0,True
TRIP_0670d61315,U_6c771059d9,OUT,OTHER_R2,LEISURE,2025-06-29,2025-07-04,2,8956.0,True
TRIP_7fe71757e8,U_6c771059d9,OUT,IN_NP,BUSINESS,2024-10-05,2024-10-07,2,3352.0,True
TRIP_62437a9930,U_6c771059d9,OUT,IN_AE,EVENT,2026-03-02,2026-03-06,3,52330.0,True
TRIP_cf549f02ae,U_6c771059d9,OUT,IN_BT,LEISURE,2025-07-31,2025-08-14,2,6561.0,True
TRIP_6ade1a2ee0,U_6c771059d9,OUT,IN_NP,BUSINESS,2025-06-14,2025-06-28,4,33285.0,True
TRIP_ba2b21e1f7,U_f53af3aade,OUT,IN_NP,BUSINESS,2024-11-28,2024-12-05,2,11838.0,True
TRIP_bcff0c4d9b,U_f53af3aade,OUT,IN_KH,VFR,2024-09-26,2024-10-04,3,2792.0,True
TRIP_31a7b21f24,U_ad1a458de7,OUT,OTHER_R2,BUSINESS,2025-11-26,2025-11-30,1,19439.0,True
TRIP_3fc76ac9bf,U_ad1a458de7,OUT,IN_SG,BUSINESS,2025-12-14,2025-12-26,3,18254.0,True
TRIP_c785bd846c,U_029b4725ef,OUT,IN_BT,EVENT,2025-07-02,2025-07-06,1,13998.0,True
TRIP_015c43fead,U_029b4725ef,OUT,IN_SG,LEISURE,2025-06-04,2025-06-08,2,10591.0,True
TRIP_caa500f74e,U_15201ef118,OUT,IN_AE,LEISURE,2026-02-03,2026-02-05,4,29902.0,True
TRIP_3d14fcb833,U_34406c0fa6,OUT,IN_KH,LEISURE,2026-02-26,2026-03-03,4,10851.0,True
TRIP_311c33ef2c,U_34406c0fa6,OUT,IN_AE,LEISURE,2025-10-14,2025-10-27,1,1634.0,True
TRIP_365bccfd2b,U_b49c2a3f5c,OUT,IN_MU,LEISURE,2026-05-09,2026-05-12,1,20694.0,True
TRIP_f7280f4691,U_6c7d98b63e,OUT,OTHER_R2,LEISURE,2024-10-06,2024-10-19,4,3996.0,True
TRIP_551e125069,U_6c7d98b63e,OUT,OTHER_R2,VFR,2026-02-27,2026-03-07,4,44847.0,True
TRIP_8d5af588a8,U_6c7d98b63e,OUT,IN_NP,BUSINESS,2026-03-11,2026-03-15,4,13947.0,True
TRIP_3490692610,U_5595f08a1d,OUT,IN_FR,EVENT,2026-04-08,2026-04-21,1,6200.0,True
TRIP_2612346f65,U_5595f08a1d,OUT,IN_BT,LEISURE,2024-09-16,2024-09-27,2,27473.0,True
TRIP_cbe6fd50d3,U_5595f08a1d,OUT,IN_FR,LEISURE,2025-11-04,2025-11-16,4,6363.0,True
TRIP_7fca4aed00,U_018263876d,OUT,IN_BT,PILGRIMAGE,2025-06-19,2025-06-23,1,7010.0,True
TRIP_cdd594fbe0,U_a2d4e13f10,OUT,IN_AE,BUSINESS,2025-06-30,2025-07-11,4,22787.0,True
TRIP_0748ddb423,U_ab5953900b,OUT,IN_AE,EDUCATION,2025-10-07,2025-10-14,3,14454.0,True
TRIP_2d142fb6c8,U_cc891346e6,OUT,IN_AE,LEISURE,2026-02-11,2026-02-21,3,6409.0,True
TRIP_4e673a169d,U_656bdb3248,OUT,IN_BT,VFR,2024-11-19,2024-12-03,4,5086.0,True
TRIP_cf04aa2bff,U_ed0a78acc8,OUT,IN_AE,MEDICAL,2025-12-16,2025-12-20,4,59334.0,True
TRIP_15cfcb0995,U_ed0a78acc8,OUT,OTHER_R2,MEDICAL,2026-03-30,2026-04-13,3,4050.0,True
TRIP_e3028c8168,U_ed0a78acc8,OUT,IN_AE,MEDICAL,2026-02-04,2026-02-13,1,25678.0,True
TRIP_ca97b042c0,U_b6d468ffc7,OUT,IN_AE,EDUCATION,2025-12-23,2025-12-28,3,12658.0,True
TRIP_cb8338cfde,U_a81327ae14,OUT,IN_AE,PILGRIMAGE,2025-07-22,2025-07-29,1,22840.0,True
TRIP_1d4bcc6db6,U_7878ca3ce9,OUT,IN_AE,EDUCATION,2025-11-18,2025-12-01,2,9395.0,True
TRIP_5daa81ee0b,U_7878ca3ce9,OUT,OTHER_R2,EDUCATION,2025-04-23,2025-05-06,3,57116.0,True
TRIP_a70a0c8ae8,U_7878ca3ce9,OUT,IN_AE,MEDICAL,2025-11-08,2025-11-16,1,9363.0,True
TRIP_e6996452a5,U_84b85e1b85,OUT,IN_BT,PILGRIMAGE,2025-01-13,2025-01-23,3,32628.0,True
TRIP_c45c30ebe0,U_84b85e1b85,OUT,IN_SG,EDUCATION,2025-10-03,2025-10-10,1,40137.0,True
TRIP_4983fe1534,U_84b85e1b85,OUT,IN_AE,LEISURE,2026-02-07,2026-02-12,2,15117.0,True
TRIP_216114dd7a,U_afd008d260,OUT,IN_BT,BUSINESS,2026-07-08,2026-07-13,2,13204.0,True
TRIP_ebe03b2d9b,U_ed585ac122,OUT,IN_AE,BUSINESS,2025-09-14,2025-09-28,4,21785.0,True
TRIP_de8738802a,U_ed585ac122,OUT,IN_NP,EVENT,2025-05-04,2025-05-11,3,14718.0,True
TRIP_817e6ca48b,U_ed585ac122,OUT,OTHER_R2,PILGRIMAGE,2025-09-07,2025-09-16,4,30776.0,True
TRIP_c0fdb4f030,U_131ad7639b,OUT,IN_QA,VFR,2025-05-03,2025-05-16,2,8878.0,True
TRIP_80be6c534e,U_da0e425364,OUT,IN_AE,EVENT,2026-04-26,2026-05-09,4,19682.0,True
TRIP_48d548cb96,U_da0e425364,OUT,OTHER_R2,BUSINESS,2025-02-23,2025-03-04,1,9118.0,True
TRIP_e17982997a,U_da0e425364,OUT,IN_AE,MEDICAL,2026-05-23,2026-06-02,1,11691.0,False
TRIP_a8f6dfc779,U_5670005015,OUT,IN_SG,LEISURE,2025-04-16,2025-04-24,2,5093.0,True
TRIP_f866b4a8f3,U_3c6c96d705,OUT,IN_MU,EVENT,2024-08-22,2024-08-29,1,22027.0,True
TRIP_683c90e6c4,U_3c6c96d705,OUT,IN_NP,TRANSIT,2025-12-16,2025-12-23,3,37774.0,True
TRIP_3422c42550,U_05ce707bfb,OUT,IN_AE,VFR,2025-11-10,2025-11-24,2,8064.0,True
TRIP_f4b5f6c4b8,U_05ce707bfb,OUT,IN_AE,PILGRIMAGE,2025-01-26,2025-02-05,2,13501.0,False
TRIP_0185a63b9e,U_05ce707bfb,OUT,IN_SG,LEISURE,2025-09-05,2025-09-07,4,3886.0,True
TRIP_552ba62d6d,U_ad857f6d9d,OUT,IN_KH,EDUCATION,2025-09-22,2025-10-06,1,3961.0,True
TRIP_0e889443a6,U_c11cbbc022,OUT,IN_SG,LEISURE,2025-12-06,2025-12-19,4,21291.0,True
TRIP_d8cdd0b53d,U_4e896950d5,OUT,IN_NP,LEISURE,2025-11-19,2025-11-26,2,11786.0,True
TRIP_9bc7dc152a,U_4e896950d5,OUT,IN_NP,BUSINESS,2025-05-17,2025-05-23,4,2955.0,False
TRIP_9f75f4cb40,U_4e896950d5,OUT,IN_AE,EDUCATION,2025-03-01,2025-03-07,3,31595.0,True
TRIP_88d08e176f,U_a92d86b670,OUT,IN_SG,LEISURE,2025-05-16,2025-05-18,4,9156.0,True
TRIP_17ab6bf0bf,U_a92d86b670,OUT,IN_AE,BUSINESS,2025-08-07,2025-08-16,3,12690.0,True
TRIP_495a7a79e1,U_7a995be703,OUT,OTHER_R2,MEDICAL,2024-12-29,2025-01-04,4,14752.0,True
TRIP_b03e923425,U_7a995be703,OUT,IN_AE,LEISURE,2024-11-29,2024-12-13,1,16712.0,True
TRIP_feeee326ba,U_752e763f4f,OUT,IN_SG,LEISURE,2026-03-24,2026-04-01,4,18539.0,True
TRIP_9517543aff,U_86b557f788,OUT,OTHER_R2,VFR,2026-03-26,2026-04-07,4,39640.0,True
TRIP_cd186d811f,U_86b557f788,OUT,OTHER_R2,LEISURE,2025-08-26,2025-09-09,1,9346.0,False
TRIP_cbc38148bd,U_338acd1bae,OUT,IN_NP,VFR,2025-03-26,2025-04-09,3,17968.0,True
TRIP_3f69b8bdba,U_338acd1bae,OUT,IN_AE,BUSINESS,2025-01-16,2025-01-26,4,10123.0,True
TRIP_dcb51d308a,U_10dd8abb3e,OUT,IN_SG,LEISURE,2024-08-12,2024-08-14,2,36468.0,True
TRIP_c5639e8044,U_ea34b24a80,OUT,IN_QA,MEDICAL,2025-07-19,2025-07-25,4,13737.0,True
TRIP_c9803d4f5f,U_ea34b24a80,OUT,IN_AE,LEISURE,2025-11-22,2025-11-24,4,23280.0,True
TRIP_9eaf827637,U_1f07b24f1c,OUT,OTHER_R2,BUSINESS,2025-08-06,2025-08-17,3,8227.0,True
TRIP_6ba98773b4,U_184f7ed52f,OUT,IN_AE,VFR,2025-08-28,2025-09-11,2,16477.0,True
TRIP_116e3433cc,U_bbdea59b41,OUT,IN_AE,LEISURE,2024-08-31,2024-09-08,4,33672.0,True
TRIP_320c0711d6,U_bbdea59b41,OUT,OTHER_R2,TRANSIT,2025-03-10,2025-03-14,1,5108.0,True
TRIP_b5acfec788,U_d0c79fe2d5,OUT,OTHER_R2,MEDICAL,2026-02-03,2026-02-07,1,3773.0,True
TRIP_675faafe4c,U_0cfb9fde26,OUT,OTHER_R2,TRANSIT,2024-08-24,2024-09-04,4,6425.0,True
TRIP_a7a97612dc,U_0cfb9fde26,OUT,IN_NP,LEISURE,2024-09-16,2024-09-26,4,8536.0,True
TRIP_8472a98256,U_ec5c9fb975,OUT,IN_KH,EVENT,2025-02-22,2025-02-27,4,16393.0,True
TRIP_400bc83440,U_ec5c9fb975,OUT,IN_MU,LEISURE,2024-10-20,2024-11-03,4,28517.0,True
TRIP_f277040346,U_3c79952ecd,OUT,IN_SG,LEISURE,2026-03-29,2026-04-04,3,10471.0,True
TRIP_8ceb7cd662,U_9f6483c0dc,OUT,IN_AE,VFR,2024-11-11,2024-11-23,1,34862.0,True
TRIP_38d7d1efe0,U_4a30eb5eef,OUT,IN_LK,LEISURE,2025-04-29,2025-05-09,4,10850.0,True
TRIP_8ea32b8e2f,U_caeda1d980,OUT,IN_QA,MEDICAL,2026-05-13,2026-05-17,4,10917.0,True
TRIP_3f7243b0e9,U_0467df386a,OUT,IN_AE,BUSINESS,2024-11-15,2024-11-24,3,24447.0,True
TRIP_1eea184f43,U_52e3828639,OUT,OTHER_R2,VFR,2024-08-24,2024-08-29,4,4757.0,True
TRIP_f37278cb43,U_911dc112ef,OUT,IN_NP,BUSINESS,2025-09-22,2025-09-25,2,40857.0,True
TRIP_8bc73d0ab2,U_967769a92c,OUT,IN_SG,EDUCATION,2026-06-24,2026-06-26,2,73906.0,True
TRIP_e52106b43f,U_713634139d,OUT,IN_QA,PILGRIMAGE,2026-03-20,2026-03-28,3,7183.0,True
TRIP_8c90fcadbe,U_713634139d,OUT,IN_AE,LEISURE,2026-07-01,2026-07-14,3,6621.0,True
TRIP_9a497395bd,U_05ae845fd7,OUT,IN_SG,TRANSIT,2025-12-20,2026-01-02,3,16032.0,True
TRIP_bf841c8dae,U_05ae845fd7,OUT,IN_AE,LEISURE,2025-04-05,2025-04-11,1,4981.0,True
TRIP_57e7cbee22,U_57f2bdcde8,OUT,IN_AE,BUSINESS,2025-05-13,2025-05-20,2,9691.0,True
TRIP_79d774d3a4,U_57f2bdcde8,OUT,IN_NP,VFR,2024-12-02,2024-12-13,4,3229.0,True
TRIP_7a8238a179,U_934211f3bf,OUT,OTHER_R2,VFR,2025-02-07,2025-02-11,4,9139.0,True
TRIP_444bf6b66c,U_32f7c26d9c,OUT,IN_AE,EVENT,2025-04-15,2025-04-29,1,4149.0,True
TRIP_97d816b4b5,U_916cef4803,OUT,IN_FR,VFR,2025-04-27,2025-05-09,1,11250.0,True
TRIP_504bd62476,U_916cef4803,OUT,IN_MU,LEISURE,2025-08-05,2025-08-15,2,3698.0,True
TRIP_c7cd03f331,U_916cef4803,OUT,IN_SG,LEISURE,2025-05-06,2025-05-14,3,46416.0,True
TRIP_262d225adf,U_6ea4e1f0fd,OUT,IN_LK,PILGRIMAGE,2026-05-07,2026-05-17,2,16837.0,True
TRIP_91c37f792f,U_a7f30db6fa,OUT,IN_QA,LEISURE,2025-08-15,2025-08-28,4,3899.0,True
TRIP_afa411dfc9,U_a7f30db6fa,OUT,OTHER_R2,VFR,2025-12-05,2025-12-07,1,21832.0,True
TRIP_2483907048,U_a7f30db6fa,OUT,IN_SG,EVENT,2026-02-11,2026-02-24,1,4227.0,True
TRIP_560199b9da,U_80cc8555d4,OUT,IN_FR,LEISURE,2024-09-01,2024-09-10,4,9569.0,True
TRIP_64b856af30,U_80cc8555d4,OUT,IN_MU,EVENT,2025-05-15,2025-05-21,4,27805.0,True
TRIP_5680d78de5,U_2c4e12e90e,OUT,OTHER_R2,VFR,2026-01-14,2026-01-17,4,9269.0,True
TRIP_fe4744a918,U_ce45b24b09,OUT,IN_AE,BUSINESS,2025-06-30,2025-07-03,1,10109.0,True
TRIP_8bdde4d0a0,U_ce45b24b09,OUT,IN_AE,LEISURE,2024-10-31,2024-11-13,1,22716.0,False
TRIP_77fd08a7d9,U_cc5b7d14a1,OUT,IN_BT,EDUCATION,2026-02-27,2026-03-01,2,2445.0,True
TRIP_b84823a923,U_50970e7459,OUT,IN_AE,EDUCATION,2026-06-13,2026-06-20,3,2070.0,True
TRIP_3c35439690,U_50970e7459,OUT,IN_BT,LEISURE,2025-03-05,2025-03-14,3,12179.0,True
TRIP_1750a16e46,U_fa87f8bc1a,OUT,IN_BT,MEDICAL,2025-06-28,2025-07-10,4,22268.0,True
TRIP_8a3fe90147,U_fa87f8bc1a,OUT,OTHER_R2,PILGRIMAGE,2025-06-14,2025-06-28,1,23958.0,True
TRIP_edd25a9f20,U_fa87f8bc1a,OUT,IN_AE,PILGRIMAGE,2024-10-15,2024-10-17,3,23752.0,True
TRIP_df19b2b405,U_e642958675,OUT,IN_AE,EVENT,2025-05-28,2025-05-30,1,2030.0,True
TRIP_78b6d315f5,U_e642958675,OUT,IN_NP,VFR,2026-04-24,2026-04-29,3,2253.0,True
TRIP_14f548c211,U_e642958675,OUT,OTHER_R2,LEISURE,2025-09-26,2025-10-01,3,6488.0,True
TRIP_c6d6064cf6,U_a31257201d,OUT,IN_AE,LEISURE,2024-12-26,2024-12-29,3,14229.0,True
TRIP_fb9cb296ef,U_caf1183f99,OUT,IN_QA,EDUCATION,2025-06-01,2025-06-04,2,14128.0,True
TRIP_0d5b6b46e5,U_c0517579c7,OUT,IN_SG,VFR,2025-02-27,2025-03-04,2,12782.0,True
TRIP_b9fb4b4780,U_c0517579c7,OUT,IN_AE,LEISURE,2025-12-03,2025-12-07,3,98733.0,True
TRIP_920e8ca9e1,U_c0517579c7,OUT,IN_NP,EDUCATION,2025-06-17,2025-06-27,2,14166.0,True
TRIP_6e62fcc094,U_52c2f1dddb,OUT,OTHER_R2,VFR,2025-07-28,2025-08-10,4,12755.0,True
TRIP_6ef0f02cae,U_52c2f1dddb,OUT,IN_AE,TRANSIT,2025-12-28,2026-01-06,1,13889.0,True
TRIP_bfafdda67c,U_f9ad52b52f,OUT,IN_SG,BUSINESS,2025-02-13,2025-02-16,1,10462.0,True
TRIP_63b26ff72b,U_f9ad52b52f,OUT,IN_AE,PILGRIMAGE,2025-04-05,2025-04-13,1,6231.0,True
TRIP_36269cb148,U_f9ad52b52f,OUT,IN_FR,EVENT,2025-03-26,2025-04-04,3,3080.0,True
TRIP_0dabeb8ada,U_f9ad52b52f,OUT,IN_FR,VFR,2025-02-14,2025-02-26,4,26542.0,False
TRIP_22321b3d17,U_fdfa744419,OUT,IN_AE,BUSINESS,2025-10-23,2025-10-26,2,19503.0,True
TRIP_ea4931ccde,U_f6f410a3d5,OUT,IN_AE,EDUCATION,2025-10-14,2025-10-18,2,7659.0,True
TRIP_b1633c4823,U_2deec38ff2,OUT,IN_QA,MEDICAL,2025-10-10,2025-10-14,2,4681.0,True
TRIP_4f0bed1d01,U_0fb0cbe850,OUT,IN_SG,VFR,2026-05-21,2026-06-04,4,9970.0,True
TRIP_49f1ac2310,U_6158328e5c,OUT,OTHER_R2,PILGRIMAGE,2026-07-10,2026-07-21,1,18140.0,True
TRIP_d3779c6c4c,U_42d8549042,OUT,OTHER_R2,EDUCATION,2025-05-19,2025-05-22,4,10280.0,True
TRIP_332f5f85a9,U_42d8549042,OUT,IN_SG,MEDICAL,2026-01-28,2026-02-06,3,14144.0,True
TRIP_9f9b3962e4,U_23cc8b3847,OUT,IN_NP,MEDICAL,2026-04-06,2026-04-13,1,44449.0,True
TRIP_8dce3892d8,U_23cc8b3847,OUT,OTHER_R2,EDUCATION,2025-07-13,2025-07-27,3,14294.0,True
TRIP_5b16c6905d,U_4d51f4016a,OUT,IN_AE,MEDICAL,2024-11-28,2024-12-12,2,3261.0,True
TRIP_cbdf6e7437,U_4d51f4016a,OUT,IN_AE,LEISURE,2026-01-26,2026-02-05,4,8641.0,False
TRIP_704cfa0ee7,U_4d51f4016a,OUT,IN_AE,LEISURE,2025-11-06,2025-11-09,2,4711.0,False
TRIP_3e576b5008,U_a5ad4697fa,OUT,IN_SG,MEDICAL,2025-01-23,2025-01-29,4,4372.0,True
TRIP_8d49d36dbe,U_877d2dd4f5,OUT,IN_SG,BUSINESS,2024-09-05,2024-09-10,1,15226.0,True
TRIP_25bf924ffa,U_877d2dd4f5,OUT,IN_NP,TRANSIT,2025-03-11,2025-03-21,1,13345.0,True
TRIP_7cd59b7014,U_0f3771ed7a,OUT,IN_FR,PILGRIMAGE,2024-12-10,2024-12-12,3,38001.0,True
TRIP_96be8bf133,U_3e3a8077a0,OUT,IN_AE,LEISURE,2025-12-26,2026-01-08,4,17793.0,True
TRIP_dede81ff8f,U_3e3a8077a0,OUT,IN_AE,LEISURE,2026-04-22,2026-05-01,1,2630.0,False
TRIP_adeb49412e,U_48a7437b7f,OUT,IN_AE,LEISURE,2026-01-01,2026-01-05,3,35421.0,True
TRIP_0e82f73a34,U_3d1ff70593,OUT,OTHER_R2,PILGRIMAGE,2026-04-29,2026-05-12,2,15420.0,True
TRIP_026cea2e37,U_b18e8993b2,OUT,OTHER_R2,LEISURE,2024-10-17,2024-10-26,3,17468.0,True
TRIP_833ab46203,U_ef67b6fb14,OUT,IN_QA,MEDICAL,2024-09-07,2024-09-13,1,61987.0,True
TRIP_9fcb2f0966,U_ef67b6fb14,OUT,IN_AE,LEISURE,2026-07-04,2026-07-10,1,35162.0,True
TRIP_f8cc544973,U_8965ba73f8,OUT,OTHER_R2,LEISURE,2026-05-30,2026-06-13,3,15081.0,True
TRIP_651309fad0,U_8965ba73f8,OUT,OTHER_R2,LEISURE,2026-03-25,2026-04-02,2,17013.0,False
TRIP_ece6128c17,U_8965ba73f8,OUT,IN_QA,LEISURE,2026-01-24,2026-02-01,3,27242.0,True
TRIP_2e30731de5,U_75af4ff1d8,OUT,IN_AE,LEISURE,2026-03-22,2026-03-27,4,17043.0,True
TRIP_cda64beb96,U_75af4ff1d8,OUT,OTHER_R2,PILGRIMAGE,2025-02-06,2025-02-19,3,21201.0,True
TRIP_698de174f9,U_75af4ff1d8,OUT,IN_SG,MEDICAL,2025-07-16,2025-07-19,3,4579.0,True
TRIP_3673c07b10,U_e202012b7e,OUT,IN_SG,LEISURE,2025-04-17,2025-04-30,3,10364.0,True
TRIP_a3f3e984c5,U_e202012b7e,OUT,IN_AE,EDUCATION,2024-11-04,2024-11-07,4,18526.0,True
TRIP_20496f0649,U_e202012b7e,OUT,IN_NP,LEISURE,2026-03-15,2026-03-19,1,21394.0,True
TRIP_dc6310751c,U_99fc46b8fc,OUT,OTHER_R2,EDUCATION,2024-10-24,2024-10-28,3,21007.0,True
TRIP_7002a1bc53,U_24fee44f93,OUT,IN_LK,LEISURE,2025-02-15,2025-02-22,1,9635.0,True
TRIP_135dc090ca,U_4430682ec8,OUT,IN_AE,LEISURE,2026-06-22,2026-06-30,4,29279.0,True
TRIP_5207051c0c,U_542b881a1e,OUT,IN_FR,LEISURE,2025-12-13,2025-12-24,4,37792.0,True
TRIP_2bf828c69b,U_542b881a1e,OUT,IN_QA,LEISURE,2026-05-23,2026-06-01,4,6321.0,True
TRIP_5f111dba6c,U_d1656cdef3,OUT,OTHER_R2,LEISURE,2025-11-06,2025-11-16,1,8098.0,True
TRIP_937b0d891f,U_d1656cdef3,OUT,IN_AE,LEISURE,2024-12-22,2024-12-29,2,14101.0,True
TRIP_d79750f0a3,U_dbeee19c88,OUT,IN_QA,VFR,2025-02-12,2025-02-20,4,16225.0,True
TRIP_bbad7c10c6,U_dbeee19c88,OUT,IN_BT,LEISURE,2025-04-24,2025-04-29,2,14144.0,True
TRIP_e4a0306cd7,U_e797551165,OUT,IN_QA,PILGRIMAGE,2026-04-06,2026-04-16,1,98082.0,True
TRIP_e563ef8231,U_e797551165,OUT,IN_SG,LEISURE,2025-08-27,2025-09-10,1,8428.0,True
TRIP_60a3a1a972,U_e797551165,OUT,IN_AE,LEISURE,2025-07-08,2025-07-17,3,17954.0,True
TRIP_d9de2c1d39,U_e797551165,OUT,OTHER_R2,VFR,2025-01-10,2025-01-19,4,12549.0,True
TRIP_420e9551b8,U_e797551165,OUT,IN_BT,LEISURE,2024-11-02,2024-11-05,3,4915.0,True
TRIP_bd52f9b642,U_e797551165,OUT,IN_AE,LEISURE,2024-09-20,2024-09-25,2,28939.0,True
TRIP_883eeb7c60,U_cbdf2f22da,OUT,IN_LK,VFR,2026-01-05,2026-01-19,3,71590.0,True
TRIP_7cafa5ef43,U_038e03ecf0,OUT,IN_QA,BUSINESS,2024-12-10,2024-12-22,4,24403.0,True
TRIP_ae9262ce02,U_d7910ff86d,OUT,OTHER_R2,LEISURE,2024-10-14,2024-10-19,3,5889.0,True
TRIP_eb48ef4241,U_d7910ff86d,OUT,IN_KH,BUSINESS,2024-11-19,2024-11-22,3,14652.0,True
TRIP_2e25a7bb44,U_65ee03bf57,OUT,IN_FR,LEISURE,2024-11-22,2024-11-30,2,22090.0,True
TRIP_2fbb2ea1c5,U_0967b220af,OUT,IN_AE,BUSINESS,2025-12-14,2025-12-24,4,2162.0,True
TRIP_0c4701c883,U_0967b220af,OUT,IN_AE,LEISURE,2025-05-30,2025-06-02,2,9819.0,False
TRIP_9c7e38fcc3,U_6dc7fe2ced,OUT,IN_MU,LEISURE,2026-06-10,2026-06-12,3,19764.0,True
TRIP_b3e67d4670,U_6dc7fe2ced,OUT,IN_QA,LEISURE,2025-03-23,2025-03-27,3,9493.0,True
TRIP_7d67bd598a,U_e4aeeaff1b,OUT,IN_QA,LEISURE,2024-11-28,2024-12-04,3,26422.0,True
TRIP_bc395a81f8,U_33847ee4fe,OUT,IN_SG,LEISURE,2024-09-13,2024-09-22,1,8351.0,True
TRIP_31aed30290,U_33847ee4fe,OUT,IN_AE,LEISURE,2025-11-06,2025-11-09,1,19764.0,True
TRIP_d394f9833d,U_c18805058b,OUT,IN_SG,BUSINESS,2024-11-18,2024-11-28,4,24098.0,True
TRIP_634fc6a982,U_c18805058b,OUT,IN_AE,BUSINESS,2024-10-04,2024-10-13,4,15231.0,True
TRIP_065788c455,U_17c376fb63,OUT,OTHER_R2,VFR,2025-11-14,2025-11-19,1,5310.0,True
TRIP_c2eea58838,U_cc6da07b30,OUT,IN_SG,LEISURE,2026-06-18,2026-06-23,1,12869.0,True
TRIP_f3e0dc50c8,U_efbc0d7ea6,OUT,IN_SG,BUSINESS,2025-07-30,2025-08-12,1,40272.0,True
TRIP_4472a7863d,U_efbc0d7ea6,OUT,IN_NP,LEISURE,2025-08-20,2025-08-28,1,73037.0,True
TRIP_b5c93cf390,U_efbc0d7ea6,OUT,IN_SG,VFR,2026-03-26,2026-04-08,4,10193.0,True
TRIP_13c7da7619,U_efbc0d7ea6,OUT,IN_AE,BUSINESS,2025-11-19,2025-11-21,4,10256.0,True
TRIP_4e8dd4271c,U_63923703fc,OUT,IN_SG,LEISURE,2026-06-26,2026-07-03,3,30139.0,True
TRIP_c2b31c7b04,U_73336c2952,OUT,IN_AE,LEISURE,2025-08-22,2025-08-24,1,23702.0,True
TRIP_5559e7999d,U_73336c2952,OUT,IN_BT,BUSINESS,2025-10-03,2025-10-06,3,21204.0,True
TRIP_c0631191d8,U_ea5f44670b,OUT,IN_FR,LEISURE,2025-02-05,2025-02-13,3,1261.0,True
TRIP_0e4af4432b,U_ea5f44670b,OUT,OTHER_R2,EVENT,2024-11-11,2024-11-16,3,4333.0,True
TRIP_78048f6980,U_d269e7eda0,OUT,IN_AE,VFR,2025-10-04,2025-10-15,4,36783.0,True
TRIP_25421920f8,U_d269e7eda0,OUT,IN_AE,EDUCATION,2025-05-24,2025-05-29,1,7424.0,True
TRIP_bd52d215c4,U_d269e7eda0,OUT,IN_LK,VFR,2024-09-21,2024-09-24,4,15685.0,True
TRIP_a893395525,U_d269e7eda0,OUT,IN_AE,PILGRIMAGE,2025-08-15,2025-08-21,2,6591.0,False
TRIP_df6d1ed3fe,U_b861e4b9c6,OUT,IN_AE,BUSINESS,2026-05-25,2026-05-27,1,3790.0,True
TRIP_7cc6040e8e,U_b861e4b9c6,OUT,IN_SG,EVENT,2026-03-27,2026-04-08,3,24330.0,True
TRIP_6b9501ec76,U_736233218c,OUT,IN_SG,LEISURE,2025-12-15,2025-12-29,1,10025.0,True
TRIP_ac9e1438c6,U_02a65e6304,OUT,IN_NP,BUSINESS,2024-10-12,2024-10-16,3,6186.0,True
TRIP_3147e98524,U_0443c08da5,OUT,IN_AE,LEISURE,2026-04-01,2026-04-11,4,10081.0,True
TRIP_001ae50138,U_0443c08da5,OUT,IN_AE,EDUCATION,2026-01-21,2026-02-04,2,17169.0,True
TRIP_8708ac01ee,U_63ecad4b70,OUT,IN_FR,EDUCATION,2025-11-12,2025-11-17,2,31393.0,True
TRIP_3cd59d3072,U_63ecad4b70,OUT,IN_NP,BUSINESS,2025-09-05,2025-09-18,3,4493.0,True
TRIP_1a4e3a9472,U_0bdf9ca57c,OUT,IN_SG,EDUCATION,2025-12-06,2025-12-13,3,24768.0,True
TRIP_8bbf5d20b1,U_f77ac28655,OUT,IN_AE,BUSINESS,2025-07-02,2025-07-04,4,60795.0,True
TRIP_57dec14e30,U_18d9e81c25,OUT,IN_AE,LEISURE,2024-12-24,2025-01-07,1,21012.0,True
TRIP_053d7a9ec3,U_80a27c200a,OUT,IN_NP,LEISURE,2024-11-19,2024-11-21,3,9973.0,True
TRIP_60c39813f4,U_80a27c200a,OUT,IN_AE,LEISURE,2025-04-19,2025-04-27,3,5905.0,True
TRIP_92ce4255f2,U_6a83e4b23f,OUT,IN_AE,LEISURE,2024-09-21,2024-09-30,4,24695.0,True
TRIP_45691ad1f0,U_2da003e406,OUT,IN_MU,BUSINESS,2024-11-09,2024-11-20,3,9643.0,True
TRIP_c2c48c0644,U_2da003e406,OUT,IN_FR,VFR,2025-09-24,2025-09-28,3,22577.0,True
TRIP_351e1168bd,U_57948d94ff,OUT,IN_KH,BUSINESS,2026-02-14,2026-02-19,2,3941.0,True
TRIP_d9375c2e32,U_9f8685c22c,OUT,IN_AE,LEISURE,2024-11-22,2024-11-25,1,12775.0,True
TRIP_ee9f4c46a2,U_9f8685c22c,OUT,OTHER_R2,EDUCATION,2024-08-27,2024-08-31,3,7789.0,True
TRIP_b81bbeb8b3,U_ec36026652,OUT,IN_QA,TRANSIT,2024-10-05,2024-10-14,3,6117.0,True
TRIP_733f2c0db2,U_ec36026652,OUT,IN_NP,LEISURE,2025-02-02,2025-02-08,4,19799.0,True
TRIP_3744ccd2f0,U_ec36026652,OUT,IN_LK,TRANSIT,2025-07-22,2025-07-25,1,9032.0,True
TRIP_d33ac2173d,U_99a11d5b93,OUT,IN_AE,BUSINESS,2024-10-24,2024-11-07,3,40824.0,True
TRIP_ff46deca37,U_99a11d5b93,OUT,IN_AE,LEISURE,2025-05-15,2025-05-21,3,7863.0,False
TRIP_5a32ba2ea1,U_ca3bd24c7c,OUT,IN_SG,LEISURE,2025-02-04,2025-02-15,3,18510.0,True
TRIP_c57e544a27,U_26c650c834,OUT,IN_FR,LEISURE,2025-01-06,2025-01-14,4,1191.0,True
TRIP_1cba702d95,U_26c650c834,OUT,IN_FR,MEDICAL,2026-02-10,2026-02-17,3,44845.0,False
TRIP_be32357c0a,U_26c650c834,OUT,IN_SG,LEISURE,2024-10-14,2024-10-22,4,19364.0,True
TRIP_2d45885dde,U_cdcfabe86f,OUT,IN_AE,LEISURE,2025-10-11,2025-10-13,1,4464.0,True
TRIP_dff4116320,U_eb1e5a48cf,OUT,IN_AE,TRANSIT,2024-10-31,2024-11-10,2,15610.0,True
TRIP_0cc89315df,U_2ede0dde99,OUT,IN_BT,LEISURE,2026-03-05,2026-03-14,4,17711.0,True
TRIP_d68001089b,U_131fa25d75,OUT,IN_AE,LEISURE,2025-09-11,2025-09-22,1,18554.0,True
TRIP_b2b9ebd303,U_0e7506387d,OUT,IN_AE,LEISURE,2026-03-23,2026-03-28,3,13968.0,True
TRIP_970649ad40,U_a0876d415e,OUT,IN_AE,LEISURE,2025-09-05,2025-09-17,4,5631.0,True
TRIP_4b57b5d245,U_a0876d415e,OUT,OTHER_R2,LEISURE,2025-10-21,2025-10-25,4,20446.0,True
TRIP_3b29279296,U_538e4b7312,OUT,IN_NP,BUSINESS,2024-12-26,2024-12-28,1,27701.0,True
TRIP_a363bc8d00,U_307b7011b1,OUT,OTHER_R2,VFR,2025-09-14,2025-09-24,1,14430.0,True
TRIP_be5b23a9ec,U_b8c15cc2a5,OUT,IN_BT,VFR,2025-09-16,2025-09-20,4,5227.0,True
TRIP_7078c74e00,U_8f06d02478,OUT,IN_LK,EVENT,2024-12-21,2025-01-04,4,5364.0,True
TRIP_36beb1fba6,U_6610a47dff,OUT,IN_MU,LEISURE,2026-02-04,2026-02-12,4,47073.0,True
TRIP_d7575cc869,U_6610a47dff,OUT,IN_AE,PILGRIMAGE,2025-12-02,2025-12-14,1,9332.0,True
TRIP_e77653ca84,U_9d00fb9806,OUT,IN_AE,EDUCATION,2026-05-25,2026-05-31,3,21249.0,True
TRIP_17616ebb94,U_9d00fb9806,OUT,OTHER_R2,LEISURE,2025-05-03,2025-05-12,3,9183.0,True
TRIP_43ab28c07d,U_9d00fb9806,OUT,IN_NP,BUSINESS,2024-10-21,2024-10-24,2,15194.0,True
TRIP_310e422e2c,U_5e7bd3dc54,OUT,IN_NP,EVENT,2024-08-11,2024-08-24,2,8054.0,True
TRIP_442cedc523,U_5e7bd3dc54,OUT,IN_AE,LEISURE,2024-12-02,2024-12-09,4,45299.0,True
TRIP_40c13a346e,U_f73dc82316,OUT,IN_AE,VFR,2025-01-10,2025-01-21,3,3837.0,True
TRIP_ea8e783dec,U_dce9a91b38,OUT,IN_BT,EDUCATION,2025-01-08,2025-01-21,3,13243.0,True
TRIP_1e9daf89de,U_a1319fc4a9,OUT,IN_AE,LEISURE,2025-05-23,2025-06-02,1,12071.0,True
TRIP_7005e01689,U_a1319fc4a9,OUT,IN_AE,VFR,2025-07-02,2025-07-14,1,36534.0,True
TRIP_c1f154e5f3,U_6249f79ba3,OUT,IN_AE,LEISURE,2025-10-23,2025-11-05,4,20702.0,True
TRIP_a7897e2947,U_6249f79ba3,OUT,IN_AE,LEISURE,2026-03-22,2026-03-30,4,8721.0,False
TRIP_426fbc8a99,U_6249f79ba3,OUT,IN_AE,VFR,2025-04-10,2025-04-21,3,49545.0,False
TRIP_35df0be3dd,U_30ba936ee0,OUT,IN_SG,LEISURE,2024-10-28,2024-11-02,3,10776.0,True
TRIP_647dae92e5,U_30ba936ee0,OUT,IN_MU,EVENT,2025-07-09,2025-07-19,1,12419.0,True
TRIP_c6a055a811,U_8cb57e414d,OUT,IN_NP,LEISURE,2025-03-29,2025-03-31,1,24322.0,True
TRIP_67824fecdb,U_005c17fbb6,OUT,IN_AE,LEISURE,2026-04-17,2026-05-01,1,25036.0,True
TRIP_5519e75ccf,U_93464989db,OUT,IN_BT,EDUCATION,2024-10-27,2024-11-05,4,58881.0,True
TRIP_ecd451385d,U_dadf93b609,OUT,IN_BT,MEDICAL,2024-09-13,2024-09-15,1,41389.0,True
TRIP_ef935d8fd8,U_dadf93b609,OUT,IN_LK,EDUCATION,2026-01-18,2026-01-21,4,10244.0,True
TRIP_796aefc597,U_8adb17935f,OUT,IN_QA,MEDICAL,2025-04-16,2025-04-29,3,22405.0,True
TRIP_ee372a58e3,U_8adb17935f,OUT,IN_AE,MEDICAL,2026-03-07,2026-03-17,1,55545.0,True
TRIP_b896c60891,U_8adb17935f,OUT,IN_FR,EDUCATION,2025-08-31,2025-09-05,2,9937.0,True
TRIP_6f2c47696e,U_fbe8482cb1,OUT,IN_AE,MEDICAL,2026-05-22,2026-06-01,2,24203.0,True
TRIP_20c2500aaf,U_fbe8482cb1,OUT,IN_QA,LEISURE,2025-04-11,2025-04-16,4,14135.0,True
TRIP_57de5bce54,U_03474f1f8d,OUT,IN_AE,BUSINESS,2025-06-22,2025-06-24,1,45358.0,True
TRIP_1ef8d098dc,U_03474f1f8d,OUT,IN_QA,VFR,2026-02-18,2026-02-25,3,71069.0,True
TRIP_09be5a8214,U_03474f1f8d,OUT,IN_NP,PILGRIMAGE,2026-03-30,2026-04-08,1,22165.0,True
TRIP_39a3ce1a75,U_8bcab5ff59,OUT,IN_FR,LEISURE,2026-01-10,2026-01-17,3,62330.0,True
TRIP_10e43b1127,U_81aff229a2,OUT,IN_AE,VFR,2025-10-08,2025-10-22,2,17265.0,True
TRIP_0569f8d8cb,U_81aff229a2,OUT,IN_AE,BUSINESS,2024-11-18,2024-12-01,3,8980.0,False
TRIP_6491cb4d79,U_c0c6c14914,OUT,IN_AE,BUSINESS,2025-12-01,2025-12-06,1,6845.0,True
TRIP_f7591757bb,U_06d14bf8ce,OUT,OTHER_R2,BUSINESS,2025-01-19,2025-02-01,3,12966.0,True
TRIP_c7e0a09d6a,U_4e45273edc,OUT,IN_MU,VFR,2025-03-14,2025-03-23,3,10544.0,True
TRIP_cc1b7fbe8c,U_6bd540d61a,OUT,IN_SG,BUSINESS,2026-06-08,2026-06-10,4,8240.0,True
TRIP_76f34d9f77,U_6bd540d61a,OUT,IN_NP,MEDICAL,2025-11-03,2025-11-15,4,14615.0,True
TRIP_62674f31df,U_3b17c099bb,OUT,IN_NP,VFR,2025-04-28,2025-05-11,1,33103.0,True
TRIP_4158179e2b,U_3b17c099bb,OUT,OTHER_R2,EVENT,2026-06-20,2026-06-22,1,24565.0,True
TRIP_ce5a1511c7,U_c20bf7d9de,OUT,OTHER_R2,EDUCATION,2024-10-13,2024-10-18,3,3799.0,True
TRIP_c142c34623,U_c20bf7d9de,OUT,OTHER_R2,VFR,2025-10-28,2025-11-05,4,8274.0,False
TRIP_783876b95d,U_c20bf7d9de,OUT,OTHER_R2,BUSINESS,2026-07-06,2026-07-12,3,5774.0,False
TRIP_5c06d3969b,U_9394e9189e,OUT,OTHER_R2,PILGRIMAGE,2025-05-05,2025-05-07,1,76290.0,True
TRIP_1a61710a49,U_9394e9189e,OUT,IN_AE,LEISURE,2026-06-22,2026-07-02,1,15206.0,True
TRIP_b1f7132ead,U_9394e9189e,OUT,OTHER_R2,BUSINESS,2025-07-14,2025-07-21,4,109265.0,False
TRIP_5f49e16160,U_9394e9189e,OUT,IN_SG,VFR,2025-06-18,2025-06-26,1,15986.0,True
TRIP_25ab9e7f4f,U_5d7981f890,OUT,IN_SG,BUSINESS,2024-11-01,2024-11-13,1,30451.0,True
TRIP_b8baa9ab83,U_5d7981f890,OUT,IN_AE,TRANSIT,2025-09-15,2025-09-18,2,12897.0,True
TRIP_634197fc53,U_5d7981f890,OUT,IN_SG,LEISURE,2026-07-06,2026-07-13,1,13414.0,False
TRIP_27ea4388ba,U_7b0f450c75,OUT,IN_SG,TRANSIT,2025-03-31,2025-04-05,2,29150.0,True
TRIP_75ef111a8b,U_7ba84ca5a8,OUT,OTHER_R2,BUSINESS,2026-04-04,2026-04-09,4,9921.0,True
TRIP_8fc2d472e7,U_e0b5ff107c,OUT,IN_AE,PILGRIMAGE,2025-12-30,2026-01-03,4,23022.0,True
TRIP_358829f4bd,U_4519313a3f,OUT,IN_LK,LEISURE,2026-01-07,2026-01-18,4,6266.0,True
TRIP_db6660d4dc,U_4519313a3f,OUT,IN_AE,LEISURE,2024-09-10,2024-09-16,4,39354.0,True
TRIP_a45d162102,U_4519313a3f,OUT,IN_SG,EDUCATION,2025-06-23,2025-06-25,3,4510.0,True
TRIP_4741859c18,U_4519313a3f,OUT,IN_SG,LEISURE,2026-05-11,2026-05-17,2,14763.0,False
TRIP_e0e2794055,U_1661563e14,OUT,IN_FR,BUSINESS,2025-01-31,2025-02-13,2,5655.0,True
TRIP_2b4154c87d,U_7006a8caa3,OUT,IN_MU,EVENT,2026-05-27,2026-06-08,1,3684.0,True
TRIP_09378ad3fc,U_7006a8caa3,OUT,IN_LK,EDUCATION,2025-01-25,2025-01-27,3,13721.0,True
TRIP_bc398d7ad0,U_7e550c7bbf,OUT,IN_QA,BUSINESS,2025-09-19,2025-10-02,2,12807.0,True
TRIP_74941b0823,U_4b62474734,OUT,IN_SG,VFR,2025-09-27,2025-10-03,4,13161.0,True
TRIP_098c0e7731,U_4b62474734,OUT,IN_NP,VFR,2026-05-07,2026-05-14,3,75688.0,True
TRIP_dc854670ad,U_e0f1bbaf03,OUT,IN_NP,LEISURE,2026-02-08,2026-02-17,4,41207.0,True
TRIP_5ca03ba9a6,U_e0f1bbaf03,OUT,IN_AE,LEISURE,2026-04-30,2026-05-10,4,37213.0,True
TRIP_1744d5496b,U_e0f1bbaf03,OUT,IN_AE,PILGRIMAGE,2026-02-26,2026-03-02,2,17146.0,True
TRIP_6b1e088143,U_e0f1bbaf03,OUT,IN_AE,VFR,2025-09-16,2025-09-25,4,28621.0,True
TRIP_d262667670,U_1cf6cd5e21,OUT,IN_BT,LEISURE,2024-08-23,2024-09-02,3,26896.0,True
TRIP_80de61fcbc,U_704fad2d3a,OUT,IN_LK,LEISURE,2025-09-29,2025-10-13,2,4534.0,True
TRIP_7812e340ec,U_bfef80c2ba,OUT,IN_SG,VFR,2025-05-16,2025-05-23,1,11760.0,True
TRIP_688f89adeb,U_4cd7dea835,OUT,IN_QA,EDUCATION,2024-10-18,2024-10-20,4,8318.0,True
TRIP_e1acd146c7,U_5bf00594e3,OUT,IN_SG,LEISURE,2024-12-27,2025-01-08,2,5957.0,True
TRIP_e3abe32ebd,U_8519f493a0,OUT,IN_QA,PILGRIMAGE,2026-01-31,2026-02-04,4,56266.0,True
TRIP_45eb0ee2ef,U_8519f493a0,OUT,IN_LK,VFR,2024-08-24,2024-09-07,3,13983.0,True
TRIP_c466fbfa1a,U_8519f493a0,OUT,IN_MU,LEISURE,2025-07-19,2025-07-23,2,5444.0,True
TRIP_49a3c90f46,U_283fb550ef,OUT,IN_AE,MEDICAL,2025-04-11,2025-04-18,2,17165.0,True
TRIP_9b2b3fbc37,U_283fb550ef,OUT,IN_NP,EDUCATION,2025-09-26,2025-10-08,2,7630.0,True
TRIP_428d9b8608,U_3afb533048,OUT,IN_BT,LEISURE,2024-12-13,2024-12-24,3,14545.0,True
TRIP_443557e5ee,U_a4deb5dc58,OUT,IN_LK,BUSINESS,2024-11-15,2024-11-20,2,16889.0,True
TRIP_d304e85fd3,U_e9d0ac6318,OUT,IN_QA,LEISURE,2026-04-30,2026-05-09,1,6795.0,True
TRIP_4e159ffdba,U_e9d0ac6318,OUT,IN_NP,BUSINESS,2025-12-10,2025-12-15,2,6927.0,True
TRIP_e2ce81053c,U_ee86b7d5d1,OUT,IN_AE,LEISURE,2025-04-29,2025-05-06,2,8449.0,True
TRIP_08bdb2f034,U_ee86b7d5d1,OUT,IN_BT,LEISURE,2025-04-19,2025-05-02,4,12631.0,True
TRIP_025c806ffc,U_ee86b7d5d1,OUT,IN_BT,BUSINESS,2026-03-18,2026-03-30,2,32346.0,True
TRIP_cbe8a2f02a,U_ee86b7d5d1,OUT,IN_NP,EVENT,2025-02-15,2025-03-01,1,8831.0,True
TRIP_8fc03abd44,U_0415de4c24,OUT,IN_FR,LEISURE,2026-05-27,2026-06-04,3,10781.0,True
TRIP_bde5bce1f3,U_4e524ebcf1,OUT,OTHER_R2,LEISURE,2025-03-28,2025-04-06,4,8051.0,True
TRIP_5e1470614d,U_3271859352,OUT,IN_BT,EDUCATION,2026-06-21,2026-06-28,2,15628.0,True
TRIP_4c08fd1135,U_e96bebbda1,OUT,OTHER_R2,VFR,2025-04-19,2025-04-24,2,9907.0,True
TRIP_71bbf51919,U_e96bebbda1,OUT,OTHER_R2,PILGRIMAGE,2025-02-13,2025-02-25,2,12274.0,False
TRIP_179f1b3737,U_e96bebbda1,OUT,OTHER_R2,VFR,2025-03-06,2025-03-20,3,21090.0,False
TRIP_435bed365f,U_e96bebbda1,OUT,IN_AE,VFR,2025-05-31,2025-06-08,3,9301.0,True
TRIP_936e61f2c3,U_59cfa1804a,OUT,OTHER_R2,LEISURE,2025-05-29,2025-06-04,4,11210.0,True
TRIP_305e9482db,U_59cfa1804a,OUT,IN_MU,VFR,2025-03-29,2025-04-12,3,8139.0,True
TRIP_07161a0155,U_9af0bc4b72,OUT,OTHER_R2,VFR,2025-07-15,2025-07-20,1,17600.0,True
TRIP_1e288834a5,U_9af0bc4b72,OUT,IN_SG,LEISURE,2026-04-25,2026-05-03,4,39681.0,True
TRIP_b767865d7f,U_b1970535f6,OUT,IN_AE,MEDICAL,2025-07-16,2025-07-19,1,42561.0,True
TRIP_28d6576a52,U_8cb68bc86d,OUT,IN_NP,EDUCATION,2026-05-11,2026-05-19,2,6344.0,True
TRIP_0b6f5ef3ad,U_8cb68bc86d,OUT,IN_LK,EDUCATION,2025-12-13,2025-12-26,4,10789.0,True
TRIP_5720f0b477,U_040fe0da0d,OUT,OTHER_R2,MEDICAL,2025-03-24,2025-03-29,3,23289.0,True
TRIP_2cbfbdb50b,U_040fe0da0d,OUT,IN_AE,LEISURE,2024-12-08,2024-12-17,4,8140.0,True
TRIP_c6a3f65b61,U_64807e2b5c,OUT,IN_AE,LEISURE,2025-12-04,2025-12-13,3,8484.0,True
TRIP_b7bc62a883,U_64807e2b5c,OUT,IN_AE,PILGRIMAGE,2024-10-27,2024-11-08,1,15284.0,True
TRIP_4310706f2a,U_64807e2b5c,OUT,IN_NP,EDUCATION,2024-08-15,2024-08-20,1,6721.0,True
TRIP_55f8b38655,U_188a4f5613,OUT,IN_SG,LEISURE,2025-02-12,2025-02-16,4,7603.0,True
TRIP_e1a595c63b,U_188a4f5613,OUT,IN_AE,EVENT,2025-12-19,2025-12-28,4,12089.0,True
TRIP_7a333423fb,U_338e0d3b37,OUT,IN_AE,LEISURE,2025-04-16,2025-04-29,4,24569.0,True
TRIP_06a1c4bbee,U_338e0d3b37,OUT,OTHER_R2,LEISURE,2025-07-20,2025-08-01,3,27305.0,True
TRIP_65790e3c39,U_90fdb5bd2d,OUT,IN_AE,EDUCATION,2025-11-17,2025-11-25,1,15124.0,True
TRIP_c7a8a55940,U_90fdb5bd2d,OUT,IN_SG,PILGRIMAGE,2025-07-09,2025-07-15,4,16463.0,True
TRIP_617fc140eb,U_9386c2407b,OUT,OTHER_R2,VFR,2025-01-13,2025-01-15,2,8273.0,True
TRIP_e29c32704e,U_9386c2407b,OUT,IN_KH,VFR,2026-05-10,2026-05-16,3,7275.0,True
TRIP_94995d1cb4,U_b8e402b138,OUT,IN_SG,LEISURE,2025-10-16,2025-10-30,4,9835.0,True
TRIP_4520145937,U_e0f86fec89,OUT,IN_BT,LEISURE,2026-05-15,2026-05-24,3,38928.0,True
TRIP_816b669407,U_e328c0e20c,OUT,OTHER_R2,EVENT,2025-03-31,2025-04-09,4,27660.0,True
TRIP_91789a601d,U_e328c0e20c,OUT,IN_AE,VFR,2025-03-16,2025-03-29,4,10397.0,True
TRIP_726e3b71e8,U_e9b0d2be28,OUT,OTHER_R2,LEISURE,2025-06-18,2025-06-29,2,1517.0,True
TRIP_a27adda7cd,U_e9b0d2be28,OUT,IN_LK,VFR,2025-11-05,2025-11-10,3,21106.0,True
TRIP_2fd747aabd,U_5701cde1a2,OUT,IN_AE,VFR,2025-04-27,2025-05-11,2,11955.0,True
TRIP_18532764fc,U_29e8feed57,OUT,IN_AE,VFR,2024-09-27,2024-10-07,1,8292.0,True
TRIP_f1dfc8b3ed,U_29e8feed57,OUT,IN_NP,EVENT,2025-10-09,2025-10-20,3,17344.0,True
TRIP_b02851104b,U_325fd460fa,OUT,IN_MU,MEDICAL,2025-03-04,2025-03-17,1,7915.0,True
TRIP_a4a3763be3,U_a1f4257963,OUT,IN_NP,LEISURE,2024-10-27,2024-11-09,3,11212.0,True
TRIP_d8161249c1,U_a1f4257963,OUT,IN_NP,BUSINESS,2024-09-03,2024-09-12,3,8718.0,True
TRIP_c526e0f0ce,U_fd10f62236,OUT,IN_AE,EDUCATION,2025-07-06,2025-07-09,3,21353.0,True
TRIP_78d068c88d,U_4284589fe9,OUT,IN_NP,MEDICAL,2025-11-13,2025-11-27,2,10555.0,True
TRIP_1ca08d8c9a,U_4284589fe9,OUT,OTHER_R2,LEISURE,2025-07-21,2025-08-04,1,21398.0,True
TRIP_eac8c5485a,U_9cfe35a2b5,OUT,IN_AE,LEISURE,2026-05-27,2026-06-05,4,37644.0,True
TRIP_709897d647,U_9cfe35a2b5,OUT,OTHER_R2,PILGRIMAGE,2025-11-23,2025-12-03,1,3453.0,True
TRIP_a836edc848,U_9cfe35a2b5,OUT,OTHER_R2,LEISURE,2025-08-27,2025-08-29,1,42267.0,False
TRIP_315c331257,U_e79238f097,OUT,IN_NP,LEISURE,2025-03-23,2025-04-03,3,14150.0,True
TRIP_f1352a2d7b,U_e79238f097,OUT,OTHER_R2,MEDICAL,2025-03-01,2025-03-06,3,27566.0,True
TRIP_3bda7cc299,U_02f18a6f0a,OUT,OTHER_R2,VFR,2025-04-24,2025-05-01,3,26726.0,True
TRIP_df90967dcd,U_44b5770b36,OUT,IN_AE,VFR,2026-06-24,2026-06-30,4,14646.0,True
TRIP_d5071c1697,U_44b5770b36,OUT,IN_AE,VFR,2024-10-06,2024-10-12,4,1400.0,True
TRIP_914f89ed42,U_4fa3c05c88,OUT,IN_NP,LEISURE,2024-10-21,2024-10-25,3,13689.0,True
TRIP_69731f777c,U_a2a7cc900d,OUT,OTHER_R2,EVENT,2025-09-05,2025-09-18,2,74990.0,True
TRIP_08ce2e246d,U_676a91d5db,OUT,IN_BT,MEDICAL,2025-12-08,2025-12-15,4,34039.0,True
TRIP_15fcaebfc6,U_34ce97f5ae,OUT,OTHER_R2,MEDICAL,2026-04-15,2026-04-24,2,90425.0,True
TRIP_8195cc0942,U_0125007c37,OUT,IN_AE,LEISURE,2024-08-31,2024-09-10,4,20586.0,True
TRIP_47b4ffffdf,U_5f0ff03781,OUT,IN_NP,LEISURE,2025-11-12,2025-11-17,2,17895.0,True
TRIP_639da0e52d,U_c8283116d1,OUT,IN_AE,BUSINESS,2026-06-30,2026-07-05,1,5169.0,True
TRIP_7edacacd89,U_c8283116d1,OUT,IN_QA,BUSINESS,2024-11-13,2024-11-21,1,36514.0,True
TRIP_0bf4dc0904,U_c8283116d1,OUT,IN_AE,VFR,2025-07-06,2025-07-10,4,7948.0,False
TRIP_5b0a9da276,U_b2233ee4a1,OUT,IN_NP,MEDICAL,2025-05-01,2025-05-15,3,16805.0,True
TRIP_5761797181,U_b2233ee4a1,OUT,IN_AE,EDUCATION,2024-10-29,2024-11-01,3,4772.0,True
TRIP_67bbc9f344,U_1db848515f,OUT,OTHER_R2,MEDICAL,2024-11-01,2024-11-13,3,11243.0,True
TRIP_d1e6917585,U_1db848515f,OUT,IN_NP,MEDICAL,2025-09-04,2025-09-06,4,3706.0,True
TRIP_8047f535b9,U_013c149e51,OUT,IN_AE,MEDICAL,2024-08-25,2024-09-04,3,14742.0,True
TRIP_5eb4af998a,U_013c149e51,OUT,IN_QA,MEDICAL,2024-09-22,2024-09-28,1,6565.0,True
TRIP_9aa3c386ab,U_013c149e51,OUT,OTHER_R2,MEDICAL,2026-01-15,2026-01-26,2,22111.0,True
TRIP_5abc17ff28,U_618711a841,OUT,IN_SG,LEISURE,2025-10-21,2025-11-04,4,4646.0,True
TRIP_55ca2c6e2c,U_618711a841,OUT,IN_SG,PILGRIMAGE,2025-11-18,2025-11-20,1,37927.0,True
TRIP_67a09b9f97,U_08f5e27b95,OUT,OTHER_R2,LEISURE,2024-12-16,2024-12-19,3,14614.0,True
TRIP_47907f9e6f,U_08f5e27b95,OUT,IN_SG,LEISURE,2025-12-02,2025-12-16,4,17376.0,True
TRIP_f0c624b9d9,U_48a45200c0,OUT,IN_AE,LEISURE,2026-01-24,2026-01-31,1,18637.0,True
TRIP_4738cdf743,U_48a45200c0,OUT,IN_SG,LEISURE,2026-03-22,2026-03-24,4,19255.0,True
TRIP_2885f0b317,U_755224e452,OUT,IN_NP,VFR,2024-09-07,2024-09-14,2,2554.0,True
TRIP_a428553cf6,U_d79e0e6b70,OUT,IN_AE,LEISURE,2025-05-14,2025-05-18,3,7240.0,True
TRIP_eab01ae477,U_b55607b358,OUT,IN_SG,EDUCATION,2024-10-05,2024-10-19,4,6071.0,True
TRIP_6d5b1b971c,U_ca62d0fa21,OUT,IN_SG,TRANSIT,2024-10-19,2024-10-21,3,13621.0,True
TRIP_c7a3638603,U_e96d5b4f0b,OUT,IN_MU,VFR,2025-06-02,2025-06-12,2,3427.0,True
TRIP_731f601a72,U_010f9d1136,OUT,OTHER_R2,BUSINESS,2025-09-15,2025-09-18,4,20265.0,True
TRIP_40fbb3a96a,U_010f9d1136,OUT,IN_SG,LEISURE,2024-10-28,2024-11-08,1,11047.0,True
TRIP_bc1d21fbaa,U_8f9cde3eba,OUT,IN_LK,VFR,2026-04-30,2026-05-10,1,10528.0,True
TRIP_9c4b8ee622,U_8f9cde3eba,OUT,IN_NP,EVENT,2025-05-11,2025-05-22,2,14889.0,True
TRIP_d63a58c01c,U_dc62ade27b,OUT,OTHER_R2,BUSINESS,2025-12-08,2025-12-13,1,16017.0,True
TRIP_19c1b6f5ea,U_db7697a8cb,OUT,IN_AE,BUSINESS,2025-07-26,2025-08-03,2,15727.0,True
TRIP_f9e3d74eeb,U_69eed039ed,OUT,IN_AE,EDUCATION,2026-02-08,2026-02-13,1,8918.0,True
TRIP_b29f7a5303,U_69eed039ed,OUT,IN_QA,EDUCATION,2026-02-25,2026-02-28,4,18075.0,True
TRIP_648e96f7ed,U_c3b920c5ad,OUT,IN_QA,LEISURE,2025-12-02,2025-12-06,4,8434.0,True
TRIP_0f22ff93a4,U_c3b920c5ad,OUT,IN_AE,LEISURE,2025-09-09,2025-09-19,1,27849.0,True
TRIP_fd896b425d,U_c3b920c5ad,OUT,IN_AE,BUSINESS,2025-07-06,2025-07-08,2,9751.0,True
TRIP_a8b6427d54,U_c3b920c5ad,OUT,OTHER_R2,LEISURE,2026-04-22,2026-04-24,3,23278.0,True
TRIP_5f5401d366,U_b03fcfbd0f,OUT,IN_NP,VFR,2025-10-07,2025-10-17,2,2513.0,True
TRIP_b6d4c22f9a,U_b03fcfbd0f,OUT,IN_AE,EDUCATION,2026-01-12,2026-01-16,1,16061.0,True
TRIP_5570d96063,U_eef4b660b3,OUT,IN_LK,LEISURE,2025-06-03,2025-06-14,2,58624.0,True
TRIP_731b988b77,U_93e3a84b7b,OUT,IN_AE,LEISURE,2025-03-04,2025-03-14,3,3499.0,True
TRIP_4b9a564dfe,U_f9d3b76d15,OUT,IN_AE,EVENT,2025-09-30,2025-10-12,1,12828.0,True
TRIP_abc93d7e2d,U_f9d3b76d15,OUT,IN_AE,MEDICAL,2025-04-03,2025-04-16,4,8569.0,False
TRIP_7609dbec9c,U_d1c9ebf9f3,OUT,IN_QA,VFR,2026-01-17,2026-01-19,4,7872.0,True
TRIP_330c2a64df,U_cebfcb8f35,OUT,IN_FR,BUSINESS,2025-05-12,2025-05-16,4,2012.0,True
TRIP_bf9efc8060,U_cebfcb8f35,OUT,IN_NP,LEISURE,2025-01-06,2025-01-14,4,11593.0,True
TRIP_f044ca5d5b,U_cebfcb8f35,OUT,IN_BT,BUSINESS,2025-04-04,2025-04-09,3,7828.0,True
TRIP_e98e973eaa,U_cebfcb8f35,OUT,IN_NP,VFR,2026-07-11,2026-07-22,1,3341.0,True
TRIP_6aa979ccf8,U_3aef7da2a1,OUT,IN_QA,LEISURE,2024-10-22,2024-10-27,4,147215.0,True
TRIP_995afc674b,U_2c05be3289,OUT,IN_QA,BUSINESS,2024-10-03,2024-10-06,1,20412.0,True
TRIP_0ece4afb8b,U_d070483c22,OUT,IN_AE,EDUCATION,2024-09-19,2024-09-27,1,10884.0,True
TRIP_11b0bbdbe3,U_d070483c22,OUT,IN_SG,EDUCATION,2024-11-11,2024-11-15,1,6947.0,True
TRIP_eda5275c1c,U_16b087be55,OUT,IN_SG,MEDICAL,2025-06-03,2025-06-07,1,7188.0,True
TRIP_97f8492bb5,U_d08595de7b,OUT,IN_AE,LEISURE,2025-09-01,2025-09-04,4,26244.0,True
TRIP_bb3f629718,U_ea959ffb1a,OUT,IN_AE,MEDICAL,2025-02-16,2025-03-01,4,5551.0,True
TRIP_64f756b4cc,U_ea959ffb1a,OUT,OTHER_R2,LEISURE,2025-10-30,2025-11-10,4,14694.0,True
TRIP_df3e7784cc,U_9f8927cada,OUT,IN_FR,MEDICAL,2024-09-01,2024-09-11,4,21132.0,True
TRIP_89f1f9033e,U_1b18e15cf3,OUT,IN_FR,LEISURE,2025-04-30,2025-05-10,2,17135.0,True
TRIP_4060e2f399,U_1b18e15cf3,OUT,IN_LK,EDUCATION,2025-08-01,2025-08-03,1,16959.0,True
TRIP_4e1fe6cf81,U_1b18e15cf3,OUT,IN_SG,BUSINESS,2026-07-11,2026-07-17,2,12119.0,True
TRIP_89f9c1723a,U_1b18e15cf3,OUT,IN_NP,LEISURE,2025-11-28,2025-12-10,1,7448.0,True
TRIP_65051fb8a3,U_deeae3f39a,OUT,OTHER_R2,LEISURE,2024-08-31,2024-09-03,1,38253.0,True
TRIP_ca53ad50e0,U_deeae3f39a,OUT,IN_QA,LEISURE,2025-12-05,2025-12-15,1,12604.0,True
TRIP_4c3b9d5895,U_c9a0269d86,OUT,IN_AE,EVENT,2025-04-21,2025-04-28,2,12867.0,True
TRIP_3a92492682,U_aa1a80a6e2,OUT,IN_NP,VFR,2026-05-25,2026-05-31,1,20110.0,True
TRIP_b4328afd67,U_4ede9c9f61,OUT,IN_FR,LEISURE,2024-09-15,2024-09-29,1,8532.0,True
TRIP_bcdf97d4e9,U_3a6709b7ad,OUT,IN_SG,LEISURE,2026-01-29,2026-02-10,1,17964.0,True
TRIP_8d6d404341,U_b3be275f5f,OUT,IN_SG,PILGRIMAGE,2025-09-29,2025-10-06,1,56264.0,True
TRIP_88689ef5b7,U_b3be275f5f,OUT,IN_QA,EVENT,2025-07-23,2025-07-31,1,23195.0,True
TRIP_3aee9a5660,U_c76774a164,OUT,IN_KH,LEISURE,2025-11-01,2025-11-12,2,4872.0,True
TRIP_ecb43b7300,U_637514f0cc,OUT,IN_NP,LEISURE,2026-03-26,2026-04-07,1,2062.0,True
TRIP_b79cf2e27a,U_637514f0cc,OUT,OTHER_R2,LEISURE,2025-06-23,2025-07-01,2,14283.0,True
TRIP_dbe0091284,U_77d9dd1a04,OUT,IN_SG,BUSINESS,2025-10-16,2025-10-19,1,4841.0,True
TRIP_4e98d3457a,U_1d3a1c8ca8,OUT,IN_BT,MEDICAL,2025-10-09,2025-10-12,4,22531.0,True
TRIP_ea9064e15d,U_60df341bf6,OUT,IN_AE,EVENT,2025-10-24,2025-10-27,1,23715.0,True
TRIP_fa59e1269c,U_60df341bf6,OUT,IN_FR,VFR,2025-09-04,2025-09-12,2,59949.0,True
TRIP_f07639d1a2,U_60df341bf6,OUT,IN_AE,LEISURE,2025-03-11,2025-03-23,4,9262.0,False
TRIP_a70f656c57,U_a14691e821,OUT,IN_MU,EDUCATION,2025-07-11,2025-07-23,2,17750.0,True
TRIP_9dec723f5f,U_a14691e821,OUT,IN_BT,VFR,2026-07-05,2026-07-16,4,42911.0,True
TRIP_22c4471142,U_ea8c06611f,OUT,IN_AE,BUSINESS,2026-04-17,2026-04-20,2,47165.0,True
TRIP_73919f09d3,U_6d1d6c1d4e,OUT,IN_AE,PILGRIMAGE,2025-03-23,2025-03-30,4,29691.0,True
TRIP_b4349d2984,U_6d1d6c1d4e,OUT,IN_QA,LEISURE,2025-05-02,2025-05-04,3,11844.0,True
TRIP_b39e31127e,U_58cda8849e,OUT,IN_SG,EDUCATION,2024-12-03,2024-12-11,4,10744.0,True
TRIP_fef4a0e1bb,U_803c80f631,OUT,IN_MU,PILGRIMAGE,2025-05-12,2025-05-22,4,41478.0,True
TRIP_5658e94a03,U_852a11ed90,OUT,IN_NP,LEISURE,2025-11-15,2025-11-29,2,6429.0,True
TRIP_de31415d6c,U_c1dd6c27a4,OUT,IN_AE,BUSINESS,2025-01-13,2025-01-25,2,11665.0,True
TRIP_8212cda6ec,U_66a57560ac,OUT,OTHER_R2,EVENT,2025-04-10,2025-04-14,2,39160.0,True
TRIP_59aa4a1978,U_66a57560ac,OUT,IN_KH,EDUCATION,2025-03-28,2025-03-30,3,9911.0,True
TRIP_205ba202d0,U_6cd1c6da1f,OUT,IN_NP,TRANSIT,2026-02-09,2026-02-14,3,29344.0,True
TRIP_37d5feca2f,U_36013af978,OUT,IN_AE,BUSINESS,2026-06-01,2026-06-09,4,48299.0,True
TRIP_8c2cc7d5f4,U_36013af978,OUT,OTHER_R2,VFR,2024-11-13,2024-11-27,1,47174.0,True
TRIP_7e7a691232,U_36013af978,OUT,IN_NP,PILGRIMAGE,2026-01-21,2026-01-27,4,9881.0,True
TRIP_4f362b6b5d,U_fd8a755cef,OUT,IN_SG,LEISURE,2025-04-17,2025-04-23,1,48257.0,True
TRIP_db00d1ba04,U_bf4bb52de6,OUT,IN_MU,LEISURE,2024-09-25,2024-10-04,1,16587.0,True
TRIP_3c4b1cf99b,U_685c5d55b3,OUT,IN_LK,LEISURE,2025-03-03,2025-03-09,2,5436.0,True
TRIP_e6cbfe372e,U_685c5d55b3,OUT,IN_AE,BUSINESS,2026-03-30,2026-04-07,1,7310.0,True
TRIP_e6d2c69bda,U_2630dfa05b,OUT,IN_AE,LEISURE,2026-02-04,2026-02-15,2,13037.0,True
TRIP_aaab696536,U_2630dfa05b,OUT,IN_QA,LEISURE,2024-08-16,2024-08-18,3,5358.0,True
TRIP_eef16248aa,U_987e8d96d2,OUT,IN_QA,LEISURE,2025-01-26,2025-02-05,1,9644.0,True
TRIP_e4094a2c28,U_987e8d96d2,OUT,IN_AE,LEISURE,2025-07-14,2025-07-18,2,2026.0,True
TRIP_903b780f73,U_987e8d96d2,OUT,IN_AE,EDUCATION,2025-05-16,2025-05-25,1,73749.0,False
TRIP_d40bb3170f,U_b9a5d421f8,OUT,IN_AE,LEISURE,2025-07-29,2025-08-11,4,17245.0,True
TRIP_0f946bb3e1,U_e5469e3cca,OUT,IN_SG,PILGRIMAGE,2025-05-17,2025-05-19,1,5297.0,True
TRIP_3dfc6346bf,U_1bbbd99eaa,OUT,OTHER_R2,EVENT,2025-10-03,2025-10-15,1,10874.0,True
TRIP_3ef256b922,U_47c0ad6818,OUT,IN_AE,LEISURE,2025-03-04,2025-03-16,1,5632.0,True
TRIP_67c2f08c55,U_47c0ad6818,OUT,IN_NP,EVENT,2024-12-26,2025-01-09,1,5917.0,True
TRIP_541e3eb635,U_3b879b50a9,OUT,IN_AE,LEISURE,2025-03-02,2025-03-09,2,9139.0,True
TRIP_57b70010c7,U_52125ce644,OUT,IN_LK,EVENT,2026-01-15,2026-01-23,3,10087.0,True
TRIP_328c778dd8,U_52125ce644,OUT,OTHER_R2,TRANSIT,2025-04-19,2025-04-23,4,12853.0,True
TRIP_8c9e9f4f86,U_13327f0abd,OUT,IN_SG,LEISURE,2025-09-27,2025-10-04,2,28450.0,True
TRIP_96351f8fbf,U_13327f0abd,OUT,IN_AE,LEISURE,2025-03-26,2025-04-07,1,5870.0,True
TRIP_cf808aa60e,U_1d09cf7645,OUT,IN_AE,VFR,2026-01-02,2026-01-07,2,15541.0,True
TRIP_82d1c82105,U_365e0325fc,OUT,IN_BT,BUSINESS,2026-04-04,2026-04-11,2,3718.0,True
TRIP_ccabcf1c2f,U_365e0325fc,OUT,IN_AE,LEISURE,2025-05-13,2025-05-20,1,22615.0,True
TRIP_75590f7079,U_98c0a2aa84,OUT,IN_AE,TRANSIT,2025-02-23,2025-03-09,4,5294.0,True
TRIP_131e97c616,U_bfa2a47895,OUT,IN_NP,LEISURE,2024-08-11,2024-08-17,3,7923.0,True
TRIP_f988c8141b,U_daab4720cd,OUT,IN_SG,LEISURE,2025-08-26,2025-09-05,1,3936.0,True
TRIP_9acada05a5,U_72ba7ed51c,OUT,OTHER_R2,BUSINESS,2024-12-22,2024-12-31,2,31832.0,True
TRIP_64cd04da14,U_72ba7ed51c,OUT,IN_BT,VFR,2025-06-17,2025-06-29,2,22458.0,True
TRIP_d6ff53fcad,U_0fc0cfb45b,OUT,IN_SG,LEISURE,2024-09-02,2024-09-08,2,52761.0,True
TRIP_b8a182e72b,U_fe5f65e78a,OUT,IN_MU,LEISURE,2024-09-20,2024-09-29,3,15642.0,True
TRIP_c920a06485,U_131ed9198c,OUT,IN_SG,VFR,2025-11-14,2025-11-28,4,16463.0,True
TRIP_6000dacd33,U_23365c29da,OUT,IN_BT,LEISURE,2025-12-04,2025-12-16,1,9291.0,True
TRIP_5772843c04,U_4cf6db578f,OUT,IN_AE,LEISURE,2024-12-07,2024-12-12,2,9577.0,True
TRIP_5af86f8593,U_582a97ac9b,OUT,IN_QA,LEISURE,2024-09-19,2024-09-23,2,9843.0,True
TRIP_530897de98,U_47b91a4659,OUT,IN_BT,LEISURE,2025-06-10,2025-06-12,1,34753.0,True
TRIP_635e3efa36,U_47b91a4659,OUT,IN_AE,VFR,2025-08-01,2025-08-14,2,1493.0,True
TRIP_e88a0371b7,U_5ce97d4a43,OUT,IN_BT,VFR,2025-05-30,2025-06-12,4,12415.0,True
TRIP_53bfddbc98,U_5ce97d4a43,OUT,IN_AE,LEISURE,2025-06-07,2025-06-09,2,18994.0,True
TRIP_4f53f5ec31,U_fd2fc5a3a6,OUT,IN_AE,EDUCATION,2026-05-13,2026-05-18,1,15176.0,True
TRIP_17b78d7e08,U_fd2fc5a3a6,OUT,IN_SG,MEDICAL,2025-12-08,2025-12-11,2,9258.0,True
TRIP_bab191dcdf,U_fbe8906523,OUT,IN_AE,PILGRIMAGE,2025-05-11,2025-05-23,1,4749.0,True
TRIP_fcc3d65cb8,U_e69b0b34c9,OUT,IN_AE,BUSINESS,2025-12-30,2026-01-02,2,18245.0,True
TRIP_310e98f1a5,U_a27bca5618,OUT,OTHER_R2,LEISURE,2024-12-02,2024-12-10,4,7040.0,True
TRIP_143c1516e2,U_61c9bd57d5,OUT,OTHER_R2,VFR,2025-09-03,2025-09-09,1,6554.0,True
TRIP_3f2f500d78,U_61c9bd57d5,OUT,IN_AE,LEISURE,2025-06-21,2025-06-23,4,11102.0,True
TRIP_e7c16ffed2,U_61c9bd57d5,OUT,IN_NP,LEISURE,2026-03-12,2026-03-24,4,5632.0,True
TRIP_9195fb974b,U_8c3cafe734,OUT,OTHER_R2,LEISURE,2025-07-10,2025-07-16,2,7758.0,True
TRIP_32f528ccb7,U_cbf16aab86,OUT,OTHER_R2,LEISURE,2025-05-26,2025-05-29,1,9472.0,True
TRIP_0d3e69415d,U_9510647b16,OUT,IN_QA,EDUCATION,2026-04-27,2026-05-08,1,14312.0,True
TRIP_11c5f70e81,U_9510647b16,OUT,IN_KH,LEISURE,2026-04-13,2026-04-23,3,7767.0,True
TRIP_0c8855ca0a,U_9510647b16,OUT,IN_NP,LEISURE,2024-09-22,2024-10-06,3,7317.0,True
TRIP_c366b7f16f,U_fb3280da18,OUT,OTHER_R2,LEISURE,2024-08-11,2024-08-16,2,9694.0,True
TRIP_e6a3db2cd5,U_fb3280da18,OUT,IN_MU,LEISURE,2025-08-06,2025-08-14,1,6779.0,True
TRIP_e967806b14,U_fb3280da18,OUT,OTHER_R2,MEDICAL,2025-02-26,2025-03-06,4,8148.0,False
TRIP_796800eafb,U_fb3280da18,OUT,IN_AE,EVENT,2024-09-13,2024-09-20,2,6473.0,True
TRIP_2090943ce6,U_4dd24ae59a,OUT,IN_AE,VFR,2025-06-14,2025-06-28,3,9385.0,True
TRIP_b45eb01a21,U_4dd24ae59a,OUT,IN_BT,EVENT,2026-02-10,2026-02-16,4,4032.0,True
TRIP_63ef226656,U_4dd24ae59a,OUT,IN_NP,BUSINESS,2025-06-25,2025-07-06,1,12708.0,True
TRIP_aadb4de23f,U_72dd8dede6,OUT,IN_AE,VFR,2026-01-25,2026-02-05,4,13658.0,True
TRIP_fbc58763b6,U_72dd8dede6,OUT,IN_AE,LEISURE,2026-02-16,2026-02-23,1,43621.0,False
TRIP_1f856d4450,U_ca69309a4e,OUT,IN_NP,MEDICAL,2025-05-21,2025-05-28,1,10097.0,True
TRIP_0f62957747,U_b8f30d5ab8,OUT,IN_NP,LEISURE,2025-01-06,2025-01-08,3,21362.0,True
TRIP_96a78d5124,U_ddd93bf693,OUT,IN_SG,LEISURE,2024-12-04,2024-12-13,1,7781.0,True
TRIP_bf4329ce1e,U_a7c16c3ba5,OUT,IN_NP,LEISURE,2025-06-13,2025-06-17,3,3864.0,True
TRIP_afe4ec9955,U_8a83655d6d,OUT,OTHER_R2,TRANSIT,2026-04-23,2026-05-03,2,19403.0,True
TRIP_2d278ea69f,U_8a83655d6d,OUT,IN_SG,EDUCATION,2025-10-20,2025-10-24,3,10275.0,True
TRIP_807a4c7c5f,U_8a83655d6d,OUT,IN_AE,VFR,2024-08-13,2024-08-25,4,19498.0,True
TRIP_3595f64f81,U_d7198e9cbc,OUT,IN_SG,VFR,2024-09-25,2024-10-01,3,27380.0,True
TRIP_dc80730487,U_4cace9bdc1,OUT,IN_AE,LEISURE,2025-10-25,2025-10-28,4,3294.0,True
TRIP_d7326d096e,U_f3c161bc86,OUT,IN_NP,PILGRIMAGE,2025-03-22,2025-03-29,1,12581.0,True
TRIP_e25cd0cc18,U_28557c9e95,OUT,IN_FR,MEDICAL,2025-05-17,2025-05-26,2,18146.0,True
TRIP_59cf5be6c6,U_28557c9e95,OUT,IN_KH,PILGRIMAGE,2025-01-04,2025-01-17,1,14627.0,True
TRIP_3d168e0e29,U_28557c9e95,OUT,IN_AE,VFR,2025-12-16,2025-12-27,4,12217.0,True
TRIP_0b90378ad6,U_d3b30739ea,OUT,IN_SG,PILGRIMAGE,2024-12-24,2024-12-28,1,27823.0,True
TRIP_d16a84e7b4,U_7fd8f7d119,OUT,OTHER_R2,EDUCATION,2025-09-04,2025-09-12,1,8689.0,True
TRIP_3909a3d131,U_7fd8f7d119,OUT,IN_FR,EDUCATION,2024-10-20,2024-10-31,1,6574.0,True
TRIP_ed784c5bb3,U_cc6cf180c3,OUT,IN_AE,LEISURE,2025-02-03,2025-02-15,4,4579.0,True
TRIP_951224bc3f,U_9c4390e0d8,OUT,IN_AE,VFR,2024-09-09,2024-09-12,2,4903.0,True
TRIP_0cc1f19b02,U_9c4390e0d8,OUT,IN_AE,TRANSIT,2026-05-21,2026-06-03,2,13432.0,False
TRIP_73bb79dce6,U_9c4390e0d8,OUT,IN_AE,EVENT,2025-11-06,2025-11-15,2,61401.0,False
TRIP_cdd7747abd,U_7ed46d5d1b,OUT,IN_QA,LEISURE,2025-06-21,2025-07-01,2,13132.0,True
TRIP_bc86950b0b,U_7ed46d5d1b,OUT,IN_SG,VFR,2025-05-02,2025-05-09,2,21922.0,True
TRIP_4393317eaf,U_7ed46d5d1b,OUT,IN_AE,BUSINESS,2025-04-24,2025-05-07,1,5178.0,True
TRIP_30deb0a219,U_7ed46d5d1b,OUT,OTHER_R2,VFR,2025-04-27,2025-05-05,1,19299.0,True
TRIP_adf901b1c0,U_7ed46d5d1b,OUT,OTHER_R2,LEISURE,2025-03-29,2025-04-03,1,66578.0,False
TRIP_1a29ecfbe5,U_40b114d797,OUT,IN_NP,LEISURE,2026-02-26,2026-03-01,3,42987.0,True
TRIP_0ef78fd1ce,U_ed04a6eede,OUT,OTHER_R2,LEISURE,2026-03-25,2026-03-29,1,21860.0,True
TRIP_97a2c69d2b,U_ed04a6eede,OUT,IN_NP,PILGRIMAGE,2025-12-03,2025-12-08,2,11013.0,True
TRIP_91fb7692c3,U_ed04a6eede,OUT,IN_AE,VFR,2024-08-15,2024-08-24,1,14336.0,True
TRIP_63695b13d6,U_d231c5bc3f,OUT,IN_FR,LEISURE,2025-04-22,2025-04-30,2,5385.0,True
TRIP_bf301eb488,U_d231c5bc3f,OUT,OTHER_R2,LEISURE,2024-11-15,2024-11-29,1,12886.0,True
TRIP_c7ad6361ce,U_6d94e566a0,OUT,OTHER_R2,LEISURE,2026-06-13,2026-06-27,3,33464.0,True
TRIP_434604dd89,U_bcb39ee40a,OUT,IN_QA,VFR,2026-01-01,2026-01-12,2,9348.0,True
TRIP_4492db7732,U_a54a169118,OUT,IN_AE,LEISURE,2024-09-26,2024-10-01,1,7704.0,True
TRIP_8e6e59cc35,U_e470259b6e,OUT,OTHER_R2,EDUCATION,2026-06-17,2026-06-24,3,14921.0,True
TRIP_24b3a965fb,U_87182ff26e,OUT,IN_AE,BUSINESS,2025-08-29,2025-09-07,1,2627.0,True
TRIP_c8aa526fc1,U_0ba7bc79ae,OUT,IN_QA,EDUCATION,2024-10-22,2024-10-29,4,11961.0,True
TRIP_cc0ba26f5f,U_0d822e4b4d,OUT,OTHER_R2,LEISURE,2026-02-13,2026-02-24,3,16160.0,True
TRIP_7e28860a1d,U_0d822e4b4d,OUT,IN_AE,EDUCATION,2025-01-13,2025-01-18,4,28684.0,True
TRIP_73638e9d70,U_0d822e4b4d,OUT,IN_FR,VFR,2026-02-09,2026-02-23,4,16893.0,True
TRIP_e16adda3ce,U_7466a36094,OUT,OTHER_R2,LEISURE,2025-11-22,2025-12-03,4,3442.0,True
TRIP_919fe4e062,U_7466a36094,OUT,IN_NP,LEISURE,2025-08-29,2025-09-10,4,41072.0,True
TRIP_44769beea5,U_0181fab472,OUT,IN_NP,EVENT,2025-02-18,2025-02-22,4,20151.0,True
TRIP_31b7c0c44f,U_0181fab472,OUT,OTHER_R2,VFR,2025-08-26,2025-09-09,1,6324.0,True
TRIP_76f933c75c,U_0181fab472,OUT,IN_SG,LEISURE,2025-04-06,2025-04-10,3,29087.0,True
TRIP_eb9f1f781a,U_0181fab472,OUT,IN_SG,LEISURE,2026-07-05,2026-07-08,3,8320.0,False
TRIP_92bdd71467,U_d34aac0439,OUT,IN_NP,EVENT,2025-03-30,2025-04-03,2,39672.0,True
TRIP_549622fb1a,U_d34aac0439,OUT,IN_NP,EDUCATION,2025-05-10,2025-05-15,4,2848.0,True
TRIP_d99f72c7e5,U_d34aac0439,OUT,IN_AE,LEISURE,2025-06-14,2025-06-25,2,12898.0,True
TRIP_08d4b0e0a9,U_46d080135a,OUT,IN_QA,VFR,2025-12-22,2025-12-28,1,7395.0,True
TRIP_f7c86529a8,U_5e8fc47b64,OUT,IN_AE,BUSINESS,2025-05-30,2025-06-01,3,29828.0,True
TRIP_ee3634ae80,U_bf0e51b11e,OUT,IN_SG,LEISURE,2025-06-20,2025-06-26,4,6161.0,True
TRIP_e0b46159fa,U_bf0e51b11e,OUT,IN_SG,TRANSIT,2026-07-04,2026-07-06,2,3783.0,True
TRIP_a680f97ce2,U_35809288c2,OUT,OTHER_R2,MEDICAL,2026-02-12,2026-02-26,4,65982.0,True
TRIP_5914146778,U_35809288c2,OUT,IN_AE,LEISURE,2025-06-12,2025-06-20,2,5689.0,True
TRIP_c3c9d61696,U_35809288c2,OUT,IN_AE,PILGRIMAGE,2025-08-02,2025-08-11,2,11769.0,False
TRIP_3c24fbc3a1,U_35809288c2,OUT,IN_AE,VFR,2025-05-20,2025-05-26,3,9502.0,False
TRIP_150453e237,U_fb506789b4,OUT,IN_NP,LEISURE,2025-06-26,2025-07-10,4,18452.0,True
TRIP_d83c94a717,U_fb506789b4,OUT,IN_NP,EDUCATION,2025-04-13,2025-04-26,1,31371.0,False
TRIP_6fb37bef55,U_28fbd2a43d,OUT,OTHER_R2,MEDICAL,2026-01-30,2026-02-12,3,9751.0,True
TRIP_88fdfe2639,U_28fbd2a43d,OUT,IN_QA,EDUCATION,2025-08-22,2025-09-01,3,5784.0,True
TRIP_ed1449dfcb,U_28fbd2a43d,OUT,IN_AE,EDUCATION,2026-06-18,2026-06-23,3,2051.0,True
TRIP_0e63f80dec,U_004ef2aa41,OUT,IN_NP,LEISURE,2025-12-22,2025-12-27,4,8159.0,True
TRIP_6c96473106,U_004ef2aa41,OUT,OTHER_R2,LEISURE,2026-03-07,2026-03-10,2,13731.0,True
TRIP_1c39412d20,U_635d89fdb3,OUT,IN_BT,EVENT,2025-11-24,2025-11-28,2,55472.0,True
TRIP_a454ccefc1,U_12eda0715c,OUT,IN_SG,LEISURE,2025-11-30,2025-12-08,2,34763.0,True
TRIP_88e6050501,U_12eda0715c,OUT,IN_MU,PILGRIMAGE,2025-10-09,2025-10-18,1,56662.0,True
TRIP_fc19de3ee9,U_d484462078,OUT,IN_NP,EDUCATION,2025-07-04,2025-07-10,3,8233.0,True
TRIP_89978ad11a,U_d0717e9d2b,OUT,IN_SG,EDUCATION,2024-11-01,2024-11-15,1,52162.0,True
TRIP_e73f03fc68,U_1943fd6d98,OUT,IN_AE,VFR,2026-06-05,2026-06-10,2,10924.0,True
TRIP_4b1e992aa1,U_1943fd6d98,OUT,OTHER_R2,PILGRIMAGE,2026-05-08,2026-05-22,3,21284.0,True
TRIP_f7662d8f4c,U_1943fd6d98,OUT,IN_NP,LEISURE,2026-03-28,2026-04-07,3,42129.0,True
TRIP_c9f7954ae1,U_1943fd6d98,OUT,IN_AE,LEISURE,2024-11-23,2024-12-05,2,9578.0,False
TRIP_9735ccb1fe,U_e826f3e041,OUT,IN_NP,TRANSIT,2024-08-22,2024-08-27,4,20230.0,True
TRIP_a900fed129,U_621aeecf29,OUT,IN_AE,PILGRIMAGE,2026-04-23,2026-04-26,2,13545.0,True
TRIP_f1f0b3d4e2,U_2ff31fa75e,OUT,IN_KH,LEISURE,2025-02-02,2025-02-09,1,14881.0,True
TRIP_41088acf48,U_c8faaabc04,OUT,IN_AE,MEDICAL,2025-09-28,2025-10-08,3,5042.0,True
TRIP_e0b8988b01,U_c8faaabc04,OUT,IN_AE,LEISURE,2024-12-06,2024-12-16,4,9943.0,False
TRIP_5c361f1507,U_1e514b5ba1,OUT,IN_AE,EVENT,2025-08-16,2025-08-27,4,20088.0,True
TRIP_0f71e9ca22,U_1814bae3b2,OUT,IN_AE,EDUCATION,2025-11-21,2025-11-25,3,19961.0,True
TRIP_ad00f84f79,U_1814bae3b2,OUT,IN_QA,LEISURE,2025-12-01,2025-12-13,3,16863.0,True
TRIP_9edab9ed24,U_1814bae3b2,OUT,IN_AE,VFR,2025-11-08,2025-11-20,2,9810.0,True
TRIP_4109ef28f1,U_3822d8d7e9,OUT,IN_AE,VFR,2025-08-15,2025-08-23,4,4387.0,True
TRIP_37cdc88316,U_d35e31a1b4,OUT,IN_SG,MEDICAL,2026-06-23,2026-07-07,4,6348.0,True
TRIP_27b1c54ceb,U_d35e31a1b4,OUT,IN_AE,LEISURE,2025-01-08,2025-01-10,3,26415.0,True
TRIP_50e1f888ab,U_d35e31a1b4,OUT,OTHER_R2,VFR,2025-03-07,2025-03-20,1,7229.0,True
TRIP_96926053f6,U_c2946ea501,OUT,IN_BT,PILGRIMAGE,2025-10-09,2025-10-17,3,14221.0,True
TRIP_d342714ad7,U_c2946ea501,OUT,IN_AE,LEISURE,2025-01-08,2025-01-17,1,10951.0,True
TRIP_14bca71307,U_c181cac2f4,OUT,IN_QA,LEISURE,2026-06-18,2026-06-27,3,10556.0,True
TRIP_a069a42510,U_c181cac2f4,OUT,IN_FR,LEISURE,2025-09-22,2025-09-29,4,3969.0,True
TRIP_2879f32579,U_0dda9a76ea,OUT,IN_AE,TRANSIT,2026-03-18,2026-03-25,3,7787.0,True
TRIP_080ac9f76e,U_af16fc7522,OUT,IN_AE,LEISURE,2024-08-28,2024-09-06,3,13311.0,True
TRIP_cf946d3b2b,U_af16fc7522,OUT,IN_AE,LEISURE,2025-05-31,2025-06-07,4,22866.0,False
TRIP_215a83c9b0,U_f2486901e6,OUT,IN_QA,LEISURE,2025-08-01,2025-08-06,1,24343.0,True
TRIP_67128b2493,U_4652cd51a8,OUT,IN_AE,VFR,2025-02-24,2025-03-07,3,20332.0,True
TRIP_c8523e4e2a,U_98b55d6cd5,OUT,OTHER_R2,VFR,2025-06-06,2025-06-19,4,1397.0,True
TRIP_153e3b5e56,U_d0a2fd04bb,OUT,IN_KH,TRANSIT,2025-05-10,2025-05-18,4,19630.0,True
TRIP_90a5c84792,U_f313931f50,OUT,IN_SG,LEISURE,2024-08-11,2024-08-14,2,6219.0,True
TRIP_36783a60be,U_a44f4b494b,OUT,IN_AE,LEISURE,2025-12-04,2025-12-12,1,9905.0,True
TRIP_60a7b0f989,U_e7f648ced6,OUT,IN_SG,PILGRIMAGE,2025-01-17,2025-01-28,3,12824.0,True
TRIP_d89c2db56e,U_dcf5845bc3,OUT,IN_BT,LEISURE,2025-09-20,2025-09-24,4,14541.0,True
TRIP_27cbc539cd,U_d039300f83,OUT,IN_SG,LEISURE,2026-04-04,2026-04-12,4,7254.0,True
TRIP_673a154b50,U_7f50a2649f,OUT,IN_AE,PILGRIMAGE,2025-02-01,2025-02-15,4,3295.0,True
TRIP_d0aa7d810d,U_7f50a2649f,OUT,OTHER_R2,TRANSIT,2025-06-06,2025-06-12,4,1303.0,True
TRIP_380de2e3fa,U_94ac3e99ec,OUT,OTHER_R2,BUSINESS,2024-10-02,2024-10-11,2,133399.0,True
TRIP_eeacf3cbbc,U_27d56e8e1a,OUT,IN_SG,EDUCATION,2026-01-07,2026-01-13,3,28681.0,True
TRIP_d7d3095a0a,U_6071de3233,OUT,IN_AE,LEISURE,2024-12-06,2024-12-09,3,26731.0,True
TRIP_f6dac6779b,U_6071de3233,OUT,OTHER_R2,PILGRIMAGE,2025-12-29,2026-01-08,3,11793.0,True
TRIP_bd926a2561,U_6071de3233,OUT,IN_BT,TRANSIT,2026-07-09,2026-07-16,1,13935.0,True
TRIP_e44fcf3dff,U_76256140dd,OUT,IN_SG,MEDICAL,2025-09-11,2025-09-22,2,11851.0,True
TRIP_3828ee732e,U_9e052fdce4,OUT,IN_NP,LEISURE,2024-11-17,2024-11-25,2,10108.0,True
TRIP_d66a52eefb,U_9a7d0ab4d2,OUT,IN_AE,LEISURE,2025-03-10,2025-03-19,2,5126.0,True
TRIP_e0bbaa2814,U_5f35b18e08,OUT,IN_NP,BUSINESS,2025-08-26,2025-09-02,3,13150.0,True
TRIP_982e3e908d,U_1c0568082b,OUT,IN_SG,BUSINESS,2024-11-26,2024-12-02,3,9164.0,True
TRIP_3aec0f6c36,U_1c0568082b,OUT,OTHER_R2,VFR,2026-01-15,2026-01-20,4,20545.0,True
TRIP_c632bec847,U_c9ba65ce71,OUT,IN_NP,BUSINESS,2026-06-18,2026-06-24,2,19941.0,True
TRIP_0913b7f192,U_c9ba65ce71,OUT,IN_AE,BUSINESS,2024-09-13,2024-09-18,2,31703.0,True
TRIP_8062040519,U_9ddd8ad630,OUT,IN_FR,BUSINESS,2025-01-05,2025-01-12,2,7785.0,True
TRIP_b82c1d3e10,U_b76c42edb2,OUT,OTHER_R2,LEISURE,2026-05-29,2026-06-09,2,6148.0,True
TRIP_ee63aaf775,U_b76c42edb2,OUT,IN_AE,LEISURE,2026-02-13,2026-02-20,1,29866.0,True
TRIP_3db3fd8292,U_b76c42edb2,OUT,IN_QA,VFR,2024-12-08,2024-12-17,3,4674.0,True
TRIP_4fd579ad57,U_779cac1b64,OUT,OTHER_R2,VFR,2024-11-12,2024-11-20,4,2845.0,True
TRIP_9a38441316,U_779cac1b64,OUT,IN_NP,LEISURE,2025-10-13,2025-10-25,3,10433.0,True
TRIP_5a5ef05424,U_779cac1b64,OUT,IN_NP,LEISURE,2025-09-25,2025-10-02,1,23387.0,True
TRIP_385faa7712,U_779cac1b64,OUT,IN_QA,MEDICAL,2025-04-22,2025-05-06,4,11193.0,True
TRIP_6fda2c6ca1,U_779cac1b64,OUT,OTHER_R2,BUSINESS,2026-02-10,2026-02-20,2,65307.0,False
TRIP_ff7cdda433,U_779cac1b64,OUT,IN_BT,BUSINESS,2025-06-26,2025-06-30,4,50149.0,True
TRIP_aa6aa9c088,U_1fa909a414,OUT,IN_LK,LEISURE,2025-01-07,2025-01-15,2,11454.0,True
TRIP_d740018c99,U_45f3f7d858,OUT,IN_LK,BUSINESS,2026-05-06,2026-05-12,1,7336.0,True
TRIP_43f8295d2e,U_c32d9a43b2,OUT,IN_AE,VFR,2026-01-21,2026-01-30,4,30206.0,True
TRIP_6a935daa3a,U_348e921960,OUT,IN_NP,LEISURE,2025-10-17,2025-10-20,2,39193.0,True
TRIP_6a4fa71b8e,U_348e921960,OUT,OTHER_R2,MEDICAL,2025-08-05,2025-08-16,3,25670.0,True
TRIP_eae69318c2,U_b9af73ca43,OUT,IN_AE,BUSINESS,2025-09-15,2025-09-25,1,14848.0,True
TRIP_e0554af422,U_b9af73ca43,OUT,IN_FR,LEISURE,2025-10-23,2025-11-03,3,5710.0,True
TRIP_97649a1ef7,U_509110315e,OUT,OTHER_R2,LEISURE,2025-10-12,2025-10-21,2,12750.0,True
TRIP_6e49e3ba3a,U_9c46e3876e,OUT,IN_NP,EDUCATION,2025-11-18,2025-11-25,4,4535.0,True
TRIP_a2d94d34f8,U_9c46e3876e,OUT,OTHER_R2,EDUCATION,2025-12-08,2025-12-13,3,17652.0,True
TRIP_91f007ef2b,U_c86ef716e6,OUT,OTHER_R2,EDUCATION,2025-09-23,2025-09-26,4,8357.0,True
TRIP_58ff5d1534,U_c86ef716e6,OUT,OTHER_R2,BUSINESS,2025-11-28,2025-12-07,1,11369.0,False
TRIP_e141481dba,U_c86ef716e6,OUT,IN_BT,LEISURE,2026-05-11,2026-05-13,1,9201.0,True
TRIP_b2d93ae31a,U_c86ef716e6,OUT,OTHER_R2,LEISURE,2026-01-29,2026-02-05,2,25898.0,False
TRIP_3623bb2f14,U_820ae983f3,OUT,IN_LK,LEISURE,2024-12-03,2024-12-15,1,8272.0,True
TRIP_0715cb836f,U_820ae983f3,OUT,IN_BT,LEISURE,2026-01-19,2026-02-01,2,67326.0,True
TRIP_c4410745f8,U_f826244f5c,OUT,IN_AE,LEISURE,2025-03-18,2025-03-30,4,20549.0,True
TRIP_60a539a752,U_120200c93a,OUT,OTHER_R2,BUSINESS,2024-11-06,2024-11-15,4,85550.0,True
TRIP_b15727c1c8,U_21bdfd61b0,OUT,IN_BT,LEISURE,2026-03-17,2026-03-23,3,19088.0,True
TRIP_2be1c5fb9e,U_3f4a3d1776,OUT,OTHER_R2,LEISURE,2025-01-24,2025-01-28,2,5528.0,True
TRIP_96d8a96abe,U_3f4a3d1776,OUT,IN_SG,EVENT,2026-01-12,2026-01-18,2,7563.0,True
TRIP_04b67c36e6,U_3f4a3d1776,OUT,IN_QA,LEISURE,2025-04-11,2025-04-20,1,8035.0,True
TRIP_d27addf0e5,U_925848b648,OUT,OTHER_R2,LEISURE,2026-02-08,2026-02-13,3,100503.0,True
TRIP_3d44d49f9c,U_8cbd54d336,OUT,IN_LK,PILGRIMAGE,2025-07-16,2025-07-27,2,30301.0,True
TRIP_8a0ae3459f,U_f2762ce4ba,OUT,IN_AE,MEDICAL,2025-02-07,2025-02-16,2,12902.0,True
TRIP_fbfc77b043,U_f2762ce4ba,OUT,IN_AE,VFR,2025-11-02,2025-11-16,2,32657.0,False
TRIP_fab73efcf0,U_83a0d74832,OUT,IN_FR,BUSINESS,2025-09-17,2025-10-01,4,2577.0,True
TRIP_5b31acd0b4,U_83a0d74832,OUT,IN_AE,LEISURE,2026-05-01,2026-05-14,3,28083.0,True
TRIP_2c8ac16a16,U_83a0d74832,OUT,IN_AE,EVENT,2024-12-04,2024-12-11,4,5076.0,True
TRIP_bb00d6c902,U_aa7dbf9645,OUT,IN_QA,EDUCATION,2026-05-27,2026-06-02,2,17242.0,True
TRIP_00c4e530d9,U_c3777d76ec,OUT,IN_AE,LEISURE,2025-09-10,2025-09-21,4,9157.0,True
TRIP_d497a2b7c1,U_c3777d76ec,OUT,IN_QA,LEISURE,2024-10-20,2024-10-29,4,34917.0,True
TRIP_658290b2fc,U_9ea046b87b,OUT,IN_MU,BUSINESS,2026-04-01,2026-04-08,1,42700.0,True
TRIP_464b6f31b2,U_9ea046b87b,OUT,IN_NP,LEISURE,2026-01-04,2026-01-16,1,2984.0,True
TRIP_4b6bb6cb7c,U_7b501fbea2,OUT,IN_AE,MEDICAL,2025-06-13,2025-06-18,2,18450.0,True
TRIP_bdc9a549cd,U_c7971f1d67,OUT,IN_AE,EDUCATION,2026-04-09,2026-04-13,1,21727.0,True
TRIP_2d100b31ed,U_455f7a9516,OUT,IN_LK,EVENT,2025-11-02,2025-11-09,4,36532.0,True
TRIP_7454aac050,U_455f7a9516,OUT,IN_SG,EDUCATION,2025-08-28,2025-09-07,3,4742.0,True
TRIP_fd3b0aa836,U_455f7a9516,OUT,OTHER_R2,BUSINESS,2025-08-17,2025-08-26,3,52200.0,True
TRIP_aa9c894795,U_455f7a9516,OUT,IN_AE,EDUCATION,2024-10-14,2024-10-24,4,21132.0,True
TRIP_0853681d8c,U_455f7a9516,OUT,IN_AE,VFR,2025-12-23,2025-12-26,1,31692.0,False
TRIP_b438ea01c2,U_c2ac55f32e,OUT,IN_LK,VFR,2025-02-20,2025-02-25,1,11248.0,True
TRIP_6c6e74d784,U_be4c292691,OUT,IN_MU,EVENT,2026-06-11,2026-06-20,4,13312.0,True
TRIP_d6373fb111,U_d2cc9a701e,OUT,IN_AE,LEISURE,2026-03-19,2026-03-30,1,10254.0,True
TRIP_2d0a1ce060,U_d2cc9a701e,OUT,IN_BT,LEISURE,2025-09-30,2025-10-06,1,74571.0,True
TRIP_0667e809c8,U_d2cc9a701e,OUT,IN_FR,BUSINESS,2024-12-31,2025-01-09,4,11683.0,True
TRIP_381a610b98,U_29ed2ffcba,OUT,IN_NP,VFR,2024-12-07,2024-12-09,3,20862.0,True
TRIP_885ba61121,U_e523691eae,OUT,IN_QA,VFR,2026-02-14,2026-02-19,4,22580.0,True
TRIP_ff64c4b2a1,U_e523691eae,OUT,IN_QA,TRANSIT,2025-09-12,2025-09-26,1,6212.0,True
TRIP_a71f98550b,U_f9da5dfe8c,OUT,IN_AE,EDUCATION,2025-03-25,2025-03-31,2,22038.0,True
TRIP_d889117ff3,U_5e5025035d,OUT,IN_LK,LEISURE,2024-12-20,2025-01-03,3,28705.0,True
TRIP_254a5fc52d,U_d10dd9257f,OUT,IN_FR,BUSINESS,2026-02-07,2026-02-20,2,76111.0,True
TRIP_c788ecf0fe,U_87f29615db,OUT,IN_QA,BUSINESS,2024-09-10,2024-09-18,3,5297.0,True
TRIP_338ff3d799,U_87f29615db,OUT,IN_QA,EDUCATION,2025-05-09,2025-05-23,4,30989.0,False
TRIP_a2a5401923,U_a73992fd39,OUT,IN_AE,LEISURE,2024-12-30,2025-01-08,3,3326.0,True
TRIP_92ed1e2260,U_a73992fd39,OUT,IN_AE,BUSINESS,2024-12-05,2024-12-14,2,27311.0,True
TRIP_3a1b0b10b6,U_87b5266c56,OUT,IN_BT,VFR,2024-09-30,2024-10-04,4,31225.0,True
TRIP_939dfb7454,U_37e2471f89,OUT,IN_BT,EDUCATION,2026-01-02,2026-01-10,4,102486.0,True
TRIP_11c5c32ccc,U_37e2471f89,OUT,IN_AE,LEISURE,2026-01-22,2026-01-26,3,20611.0,True
TRIP_983eff52e5,U_37e2471f89,OUT,IN_QA,LEISURE,2025-08-20,2025-08-29,4,6791.0,True
TRIP_a0fcd2d151,U_40297c461c,OUT,IN_MU,BUSINESS,2025-06-09,2025-06-13,1,10083.0,True
TRIP_5bee36e70d,U_0eec276ec1,OUT,IN_SG,LEISURE,2025-12-07,2025-12-11,3,7735.0,True
TRIP_fa36e47691,U_dd28e78224,OUT,IN_QA,LEISURE,2025-12-22,2026-01-05,1,23469.0,True
TRIP_9a5153658d,U_927398c254,OUT,IN_AE,LEISURE,2026-02-07,2026-02-16,4,10784.0,True
TRIP_4c26bcdecb,U_2c4cd07090,OUT,IN_AE,BUSINESS,2025-03-09,2025-03-20,1,31312.0,True
TRIP_454c4d0b86,U_2c4cd07090,OUT,IN_NP,LEISURE,2026-03-26,2026-04-03,1,6846.0,True
TRIP_e90ea9b2d6,U_2c4cd07090,OUT,IN_FR,EDUCATION,2026-02-02,2026-02-09,2,2989.0,True
TRIP_ede0ab1bce,U_765f862bf1,OUT,IN_MU,LEISURE,2025-10-03,2025-10-17,4,20896.0,True
TRIP_e7f59ac6d2,U_e50ada226c,OUT,IN_SG,LEISURE,2025-04-14,2025-04-19,3,13580.0,True
TRIP_afef9635c5,U_c0d8f3205e,OUT,IN_LK,LEISURE,2026-04-17,2026-04-23,3,8532.0,True
TRIP_28acdf68de,U_c0d8f3205e,OUT,IN_AE,LEISURE,2025-06-18,2025-06-26,2,24502.0,True
TRIP_ebdcd5deb9,U_1406eeeb08,OUT,IN_AE,LEISURE,2025-01-19,2025-02-01,1,7272.0,True
TRIP_2622d2247b,U_2ea2f1fcef,OUT,IN_QA,BUSINESS,2025-07-01,2025-07-09,4,5275.0,True
TRIP_c200fd6b69,U_2ea2f1fcef,OUT,OTHER_R2,PILGRIMAGE,2025-10-17,2025-10-19,1,4807.0,True
TRIP_9d05359083,U_2ea2f1fcef,OUT,IN_SG,EDUCATION,2025-03-07,2025-03-20,2,10531.0,True
TRIP_ceea3f3327,U_1dca41265b,OUT,IN_KH,MEDICAL,2025-06-14,2025-06-21,1,18042.0,True
TRIP_75b8419038,U_487aff99d0,OUT,OTHER_R2,TRANSIT,2025-05-19,2025-06-02,2,14219.0,True
TRIP_9a66cef3e8,U_9533da8724,OUT,IN_AE,LEISURE,2025-01-29,2025-02-01,2,6079.0,True
TRIP_94ef1b46f7,U_206c750d26,OUT,IN_AE,BUSINESS,2025-12-01,2025-12-05,3,39785.0,True
TRIP_4b26239e17,U_bc122cbed0,OUT,IN_QA,LEISURE,2024-09-17,2024-09-21,3,13930.0,True
TRIP_c5cf9727bc,U_bc122cbed0,OUT,IN_SG,BUSINESS,2024-10-11,2024-10-19,3,19081.0,True
TRIP_8a3c9d795c,U_7d76fde372,OUT,IN_SG,VFR,2025-03-02,2025-03-10,1,8446.0,True
TRIP_85f11cd6a6,U_57cf9d2bf6,OUT,OTHER_R2,VFR,2026-04-05,2026-04-11,2,21250.0,True
TRIP_12951d20a1,U_57cf9d2bf6,OUT,IN_QA,LEISURE,2025-04-24,2025-05-04,2,12770.0,True
TRIP_5f020b23ca,U_f8ccb62905,OUT,OTHER_R2,LEISURE,2025-08-27,2025-09-03,2,14783.0,True
TRIP_dfad873cec,U_f8ccb62905,OUT,IN_AE,LEISURE,2024-11-26,2024-12-08,2,6634.0,True
TRIP_8cdc7f9876,U_f8ccb62905,OUT,IN_MU,LEISURE,2025-01-17,2025-01-31,3,41395.0,True
TRIP_9e2f791557,U_f8ccb62905,OUT,OTHER_R2,MEDICAL,2025-12-30,2026-01-09,4,18567.0,False
TRIP_bc4e5bd803,U_f8ccb62905,OUT,IN_KH,MEDICAL,2025-01-30,2025-02-11,4,5840.0,True
TRIP_087ac3640f,U_6c0b93899c,OUT,IN_QA,LEISURE,2024-10-16,2024-10-30,4,15209.0,True
TRIP_2073c1afae,U_6c0b93899c,OUT,OTHER_R2,BUSINESS,2025-03-16,2025-03-19,3,8264.0,True
TRIP_e9936dfa45,U_6c0b93899c,OUT,IN_NP,EDUCATION,2025-08-07,2025-08-18,1,28483.0,True
TRIP_b0655f403f,U_d6b163a98f,OUT,IN_AE,LEISURE,2026-01-12,2026-01-14,3,38145.0,True
TRIP_9200e19195,U_d6b163a98f,OUT,IN_QA,BUSINESS,2025-03-26,2025-04-03,3,13550.0,True
TRIP_51a297af1f,U_9b651a16ac,OUT,IN_AE,LEISURE,2025-08-05,2025-08-11,1,10614.0,True
TRIP_957a607886,U_9b651a16ac,OUT,IN_SG,BUSINESS,2025-02-11,2025-02-14,3,2750.0,True
TRIP_36d5fa176b,U_8dd0286b1f,OUT,OTHER_R2,MEDICAL,2025-09-12,2025-09-18,3,15880.0,True
TRIP_5a1abc42bb,U_8dd0286b1f,OUT,IN_SG,EDUCATION,2025-10-26,2025-10-28,4,2930.0,True
TRIP_d256ad6932,U_4440785323,OUT,IN_AE,VFR,2025-07-26,2025-08-09,3,8310.0,True
TRIP_ab0b78e960,U_4440785323,OUT,OTHER_R2,LEISURE,2026-03-09,2026-03-17,2,9759.0,True
TRIP_3ba8dfb38f,U_4440785323,OUT,IN_AE,VFR,2025-10-02,2025-10-04,4,15051.0,True
TRIP_7b9f05c157,U_4440785323,OUT,IN_SG,BUSINESS,2025-12-26,2026-01-05,1,11738.0,True
TRIP_88f4eb1bb4,U_031384f899,OUT,IN_QA,MEDICAL,2026-03-24,2026-03-29,1,3594.0,True
TRIP_7c8af75927,U_660a64041a,OUT,IN_AE,MEDICAL,2024-08-22,2024-08-25,4,7782.0,True
TRIP_f8196e8350,U_660a64041a,OUT,IN_QA,BUSINESS,2026-02-05,2026-02-17,1,25059.0,True
TRIP_044aaacdad,U_f01d547d28,OUT,IN_AE,PILGRIMAGE,2024-11-03,2024-11-15,1,8684.0,True
TRIP_5042bf3fb8,U_f01d547d28,OUT,IN_AE,LEISURE,2025-09-14,2025-09-23,2,36642.0,False
TRIP_db899ee1ad,U_23fe08a9d8,OUT,IN_NP,EDUCATION,2025-04-27,2025-05-04,1,5348.0,True
TRIP_7da473eed1,U_98c64d7ea7,OUT,IN_KH,BUSINESS,2026-04-16,2026-04-18,2,16429.0,True
TRIP_91cc2eab4a,U_98c64d7ea7,OUT,IN_AE,BUSINESS,2026-05-15,2026-05-21,3,5162.0,True
TRIP_14f0162191,U_9c0eac6aa5,OUT,IN_BT,TRANSIT,2026-05-18,2026-05-31,2,7799.0,True
TRIP_24cabddab3,U_cef43ec55d,OUT,IN_SG,VFR,2024-12-15,2024-12-19,4,27586.0,True
TRIP_226e83b455,U_0ce4d5549d,OUT,OTHER_R2,PILGRIMAGE,2024-08-26,2024-09-06,4,24585.0,True
TRIP_e7979e9c04,U_26e9c805b8,OUT,IN_KH,BUSINESS,2025-01-20,2025-01-24,4,10322.0,True
TRIP_2603fd6094,U_26e9c805b8,OUT,IN_AE,BUSINESS,2025-05-11,2025-05-15,3,13222.0,True
TRIP_40341c4800,U_0a754dc005,OUT,OTHER_R2,BUSINESS,2025-11-24,2025-12-02,4,9177.0,True
TRIP_b456291511,U_0a754dc005,OUT,IN_AE,EDUCATION,2024-08-28,2024-09-07,1,16374.0,True
TRIP_8858e27c2a,U_0a754dc005,OUT,IN_MU,LEISURE,2025-06-06,2025-06-15,3,2575.0,True
TRIP_4f8e271a4c,U_c8796c6ee8,OUT,IN_AE,BUSINESS,2025-03-01,2025-03-03,1,6717.0,True
TRIP_e48fa5e186,U_c8796c6ee8,OUT,IN_AE,LEISURE,2025-04-30,2025-05-03,2,57960.0,False
TRIP_214b0f2abb,U_c8796c6ee8,OUT,IN_NP,LEISURE,2025-09-27,2025-09-29,3,21571.0,True
TRIP_df842d00ed,U_4e56781075,OUT,IN_QA,LEISURE,2024-12-26,2025-01-08,1,8755.0,True
TRIP_2d7f7518d2,U_e424dc29e1,OUT,IN_BT,TRANSIT,2024-09-21,2024-10-04,1,5440.0,True
TRIP_355683ae94,U_e424dc29e1,OUT,IN_SG,TRANSIT,2025-02-11,2025-02-16,2,36283.0,True
TRIP_6bdffe213d,U_8418834dff,OUT,IN_NP,TRANSIT,2025-05-04,2025-05-13,4,9220.0,True
TRIP_64c4f31b23,U_8418834dff,OUT,IN_NP,VFR,2026-05-27,2026-06-02,3,16885.0,True
TRIP_0ebe11e92a,U_31d619f7b6,OUT,IN_MU,LEISURE,2026-05-10,2026-05-22,4,8718.0,True
TRIP_5d485564e2,U_54cc614d9b,OUT,IN_SG,VFR,2026-05-14,2026-05-23,3,52691.0,True
TRIP_74dc762f19,U_ff98bbb1d8,OUT,OTHER_R2,PILGRIMAGE,2025-09-30,2025-10-07,4,26140.0,True
TRIP_e3d7f0d3d9,U_ff98bbb1d8,OUT,IN_AE,VFR,2025-09-30,2025-10-11,3,57360.0,True
TRIP_eadb775103,U_ff98bbb1d8,OUT,IN_AE,EDUCATION,2026-06-11,2026-06-15,4,10984.0,False
TRIP_c52db1a57a,U_fd53118b39,OUT,OTHER_R2,LEISURE,2025-09-12,2025-09-16,4,1370.0,True
TRIP_876184bef9,U_767602befb,OUT,IN_SG,EVENT,2025-08-16,2025-08-29,1,19218.0,True
TRIP_1bb2108c3b,U_767602befb,OUT,OTHER_R2,LEISURE,2025-05-20,2025-05-22,1,16464.0,True
TRIP_4d6c2b97d3,U_7dfbd16b82,OUT,IN_QA,BUSINESS,2025-06-26,2025-07-10,2,31820.0,True
TRIP_184f971c0f,U_21d7fff3a4,OUT,IN_NP,LEISURE,2025-11-03,2025-11-17,1,44231.0,True
TRIP_6a2b3b9e00,U_21d7fff3a4,OUT,OTHER_R2,VFR,2025-08-11,2025-08-17,2,3275.0,True
TRIP_36cbb938ae,U_963aceef9e,OUT,IN_AE,TRANSIT,2025-04-27,2025-05-11,1,3344.0,True
TRIP_616af68142,U_da21d62a03,OUT,IN_SG,EDUCATION,2024-12-29,2025-01-05,1,6184.0,True
TRIP_ad9277ab01,U_da21d62a03,OUT,IN_NP,EDUCATION,2024-10-20,2024-10-24,3,27715.0,True
TRIP_b9cbf925a4,U_f78a84cd1f,OUT,IN_MU,EVENT,2026-07-02,2026-07-12,4,31554.0,True
TRIP_0f08d0d5a2,U_f78a84cd1f,OUT,IN_QA,LEISURE,2025-05-08,2025-05-13,2,26759.0,True
TRIP_926c149998,U_f78a84cd1f,OUT,IN_AE,LEISURE,2025-06-16,2025-06-20,3,6947.0,True
TRIP_68e5db7204,U_a452c02a6a,OUT,OTHER_R2,LEISURE,2025-01-04,2025-01-08,3,30178.0,True
TRIP_398da68eb0,U_a452c02a6a,OUT,OTHER_R2,LEISURE,2025-10-09,2025-10-22,2,36635.0,False
TRIP_475e6b81af,U_6ef5d65952,OUT,IN_AE,BUSINESS,2024-08-29,2024-09-09,4,58295.0,True
TRIP_3e3c5e79a4,U_6ef5d65952,OUT,IN_AE,VFR,2026-06-11,2026-06-15,4,27087.0,True
TRIP_54adb000f8,U_95ada80791,OUT,IN_AE,EDUCATION,2026-02-20,2026-02-24,3,36651.0,True
TRIP_df8686ad80,U_95ada80791,OUT,OTHER_R2,EDUCATION,2025-07-29,2025-08-04,2,2921.0,True
TRIP_1e3c500eb7,U_7a18d890e9,OUT,IN_AE,LEISURE,2025-08-12,2025-08-23,3,4012.0,True
TRIP_8e0c66e0d5,U_7a18d890e9,OUT,IN_NP,LEISURE,2025-01-06,2025-01-18,3,47987.0,True
TRIP_6f261c88c4,U_0ed8f804bd,OUT,OTHER_R2,MEDICAL,2025-01-06,2025-01-08,4,25138.0,True
TRIP_14949f7be1,U_0ed8f804bd,OUT,IN_AE,MEDICAL,2025-12-25,2025-12-27,4,32484.0,True
TRIP_9091d0f951,U_7502a0fe44,OUT,IN_LK,EDUCATION,2024-09-04,2024-09-13,4,13272.0,True
TRIP_c2f525773c,U_7502a0fe44,OUT,IN_AE,MEDICAL,2025-07-12,2025-07-19,3,9426.0,True
TRIP_c983b585f0,U_7fb14a7aee,OUT,IN_AE,LEISURE,2025-09-16,2025-09-22,3,42097.0,True
TRIP_392d3155b2,U_7fb14a7aee,OUT,OTHER_R2,MEDICAL,2024-12-23,2025-01-01,1,26757.0,True
TRIP_9fb0a2d83e,U_88a0114d2b,OUT,IN_AE,EVENT,2026-04-04,2026-04-10,2,28062.0,True
TRIP_5e80123bf5,U_d6b5c2d54f,OUT,IN_MU,LEISURE,2025-04-28,2025-05-04,2,5317.0,True
TRIP_782c3159e5,U_d6b5c2d54f,OUT,IN_SG,MEDICAL,2025-01-01,2025-01-06,1,27621.0,True
TRIP_07ee45df91,U_d6b5c2d54f,OUT,OTHER_R2,PILGRIMAGE,2024-10-05,2024-10-09,2,20840.0,True
TRIP_8fd345aa38,U_6be43a9497,OUT,OTHER_R2,VFR,2025-07-05,2025-07-14,4,10264.0,True
TRIP_50b9cf3d96,U_6be43a9497,OUT,IN_BT,LEISURE,2026-06-17,2026-06-23,1,13620.0,True
TRIP_5ecee0e754,U_6be43a9497,OUT,IN_LK,BUSINESS,2024-09-12,2024-09-16,4,17836.0,True
TRIP_4da1bd094a,U_7bb0b0ab6b,OUT,IN_LK,LEISURE,2025-01-01,2025-01-06,3,24511.0,True
TRIP_a73f22bb68,U_2675353ec7,OUT,IN_LK,EDUCATION,2025-07-21,2025-07-24,2,5289.0,True
TRIP_13ef5138df,U_2675353ec7,OUT,IN_QA,EDUCATION,2024-09-23,2024-10-03,2,19303.0,True
TRIP_9b78368615,U_15c35f16b0,OUT,IN_AE,TRANSIT,2025-04-03,2025-04-11,2,6258.0,True
TRIP_1364cea4d9,U_cb4ab16472,OUT,IN_AE,LEISURE,2025-08-14,2025-08-23,4,6053.0,True
TRIP_650bfc9301,U_cb4ab16472,OUT,IN_SG,TRANSIT,2025-04-02,2025-04-09,2,16581.0,True
TRIP_7f967b2ed6,U_a8ace104c0,OUT,IN_AE,EDUCATION,2026-01-30,2026-02-11,1,20033.0,True
TRIP_97871c501d,U_173ada2e4a,OUT,IN_SG,MEDICAL,2025-09-16,2025-09-24,1,4256.0,True
TRIP_3c584ae306,U_173ada2e4a,OUT,IN_QA,TRANSIT,2026-01-15,2026-01-19,3,8465.0,True
TRIP_48c6b0f84e,U_242593c2a9,OUT,IN_AE,LEISURE,2026-06-09,2026-06-21,3,15996.0,True
TRIP_be8fc4cbfb,U_242593c2a9,OUT,IN_NP,PILGRIMAGE,2024-11-05,2024-11-09,3,24826.0,True
TRIP_27780962be,U_242593c2a9,OUT,IN_NP,LEISURE,2024-12-21,2024-12-30,3,4766.0,False
TRIP_9cc61bcb2d,U_c9f55d5a95,OUT,OTHER_R2,LEISURE,2025-01-16,2025-01-28,4,73853.0,True
TRIP_16865590d9,U_bdafdd3f8b,OUT,OTHER_R2,BUSINESS,2024-11-26,2024-11-29,1,6367.0,True
TRIP_63362ead05,U_16eb95b4ed,OUT,IN_AE,EVENT,2025-01-15,2025-01-23,1,10841.0,True
TRIP_2863135d76,U_16eb95b4ed,OUT,IN_AE,BUSINESS,2024-10-26,2024-10-31,2,31423.0,False
TRIP_72f737b317,U_0059bc1854,OUT,IN_AE,LEISURE,2026-04-03,2026-04-11,2,29851.0,True
TRIP_93df0642f9,U_b490623dd6,OUT,IN_SG,LEISURE,2026-06-02,2026-06-06,3,7160.0,True
TRIP_ba380bfea2,U_7f0ee0cc0f,OUT,IN_LK,LEISURE,2026-01-24,2026-02-07,2,32287.0,True
TRIP_42b67eab6a,U_a0ba91dec5,OUT,IN_LK,EDUCATION,2025-08-20,2025-09-02,4,27670.0,True
TRIP_0e47d9c1d5,U_a0ba91dec5,OUT,IN_KH,EDUCATION,2026-05-05,2026-05-09,1,27526.0,True
TRIP_2a4a6f205d,U_a0ba91dec5,OUT,IN_LK,EVENT,2025-02-19,2025-03-04,2,23743.0,True
TRIP_cc3d4d0377,U_a0ba91dec5,OUT,IN_MU,LEISURE,2025-02-17,2025-03-02,1,9949.0,True
TRIP_65dadafeeb,U_2d6206b7a8,OUT,IN_AE,LEISURE,2026-04-26,2026-04-30,2,33196.0,True
TRIP_42d580fd30,U_2d6206b7a8,OUT,IN_SG,LEISURE,2024-09-08,2024-09-17,3,5549.0,True
TRIP_154fafbc4e,U_2d6206b7a8,OUT,IN_QA,EDUCATION,2025-08-06,2025-08-11,4,30566.0,True
TRIP_7de4e3d384,U_c6fe600e11,OUT,OTHER_R2,BUSINESS,2026-03-03,2026-03-08,4,27989.0,True
TRIP_245be68001,U_794f35df00,OUT,IN_AE,MEDICAL,2026-05-23,2026-06-06,2,11021.0,True
TRIP_5ac0f6b8c3,U_794f35df00,OUT,IN_AE,MEDICAL,2025-01-27,2025-01-30,3,15905.0,False
TRIP_fee0118e92,U_979893b42a,OUT,IN_AE,BUSINESS,2025-09-12,2025-09-15,2,7461.0,True
TRIP_d9d0d7e20b,U_1e3044a132,OUT,IN_AE,VFR,2025-06-14,2025-06-24,3,10142.0,True
TRIP_8f8e7a73b4,U_cb08b0d67b,OUT,IN_LK,BUSINESS,2025-02-23,2025-02-28,1,14325.0,True
TRIP_227727c4b5,U_5e491236e5,OUT,IN_AE,MEDICAL,2024-08-16,2024-08-23,2,11625.0,True
TRIP_3040d16243,U_5e491236e5,OUT,OTHER_R2,EDUCATION,2025-08-12,2025-08-20,4,9581.0,True
TRIP_6f4adbe7f3,U_5e491236e5,OUT,IN_LK,EDUCATION,2026-05-02,2026-05-13,3,7013.0,True
TRIP_6602116029,U_f1030add03,OUT,IN_QA,LEISURE,2026-01-07,2026-01-10,2,33331.0,True
TRIP_21f3bee127,U_f1030add03,OUT,OTHER_R2,PILGRIMAGE,2026-06-29,2026-07-06,2,31044.0,True
TRIP_7210bb1f40,U_ca33687eed,OUT,OTHER_R2,PILGRIMAGE,2024-10-29,2024-11-09,1,9692.0,True
TRIP_619f3f8a7d,U_ca33687eed,OUT,IN_SG,EDUCATION,2025-03-16,2025-03-21,4,6702.0,True
TRIP_303ce02944,U_ca33687eed,OUT,OTHER_R2,BUSINESS,2025-07-27,2025-08-01,1,6039.0,False
TRIP_78fdac2e04,U_0124ea4f99,OUT,IN_LK,VFR,2024-09-26,2024-09-30,1,24763.0,True
TRIP_961e60cc00,U_2b69f15850,OUT,OTHER_R2,TRANSIT,2026-05-29,2026-06-11,2,8748.0,True
TRIP_b3c637050f,U_2b69f15850,OUT,IN_AE,PILGRIMAGE,2026-06-28,2026-07-08,1,8857.0,True
TRIP_290a6e9878,U_e81dacc941,OUT,OTHER_R2,LEISURE,2025-01-16,2025-01-19,1,22727.0,True
TRIP_10485a9e2d,U_a1d687749d,OUT,IN_SG,EVENT,2025-05-14,2025-05-25,3,6955.0,True
TRIP_c198dc47a3,U_29857dc0e7,OUT,IN_QA,LEISURE,2024-10-26,2024-11-01,4,8630.0,True
TRIP_52b01ea70d,U_29857dc0e7,OUT,OTHER_R2,MEDICAL,2026-07-09,2026-07-16,1,7812.0,True
TRIP_5888c58e03,U_29857dc0e7,OUT,IN_SG,LEISURE,2025-03-30,2025-04-12,1,9051.0,True
TRIP_e01fcc6b3b,U_29857dc0e7,OUT,OTHER_R2,BUSINESS,2025-11-08,2025-11-10,1,4144.0,False
TRIP_d8cf74e7b7,U_a36de244e4,OUT,IN_QA,LEISURE,2025-10-10,2025-10-16,2,6893.0,True
TRIP_63ff2d060f,U_a36de244e4,OUT,IN_AE,VFR,2026-05-29,2026-06-12,4,15163.0,True
TRIP_1a2a64e826,U_fc89a2a81d,OUT,IN_MU,VFR,2026-01-30,2026-02-01,1,5763.0,True
TRIP_7c055b1a28,U_fc89a2a81d,OUT,IN_AE,MEDICAL,2026-07-07,2026-07-16,3,14590.0,True
TRIP_40b20dd0c6,U_fc89a2a81d,OUT,IN_SG,MEDICAL,2026-03-31,2026-04-14,2,15697.0,True
TRIP_b50a8c5dee,U_8928c5be04,OUT,IN_NP,MEDICAL,2026-05-19,2026-05-26,1,6405.0,True
TRIP_4a334b47da,U_8928c5be04,OUT,IN_BT,VFR,2025-01-26,2025-02-09,1,26755.0,True
TRIP_0115dc848a,U_8928c5be04,OUT,IN_QA,MEDICAL,2024-10-31,2024-11-10,1,12361.0,True
TRIP_c342b5760f,U_b5652d8767,OUT,OTHER_R2,BUSINESS,2025-11-16,2025-11-25,1,10577.0,True
TRIP_ff146db3d1,U_645df1de81,OUT,IN_AE,BUSINESS,2025-08-26,2025-09-02,1,4250.0,True
TRIP_b4f20bfe14,U_645df1de81,OUT,IN_LK,EDUCATION,2026-01-29,2026-02-09,3,4894.0,True
TRIP_1cf46a4d18,U_4e0745698b,OUT,OTHER_R2,PILGRIMAGE,2024-11-01,2024-11-14,1,72421.0,True
TRIP_dbe9f724b6,U_8901e61d69,OUT,IN_AE,BUSINESS,2025-02-06,2025-02-09,2,10621.0,True
TRIP_45a78c8200,U_8901e61d69,OUT,IN_AE,LEISURE,2026-06-01,2026-06-08,1,11013.0,False
TRIP_de5070f719,U_8901e61d69,OUT,IN_QA,LEISURE,2026-02-13,2026-02-22,1,4335.0,True
TRIP_057b1f2f33,U_8901e61d69,OUT,IN_BT,EDUCATION,2024-11-21,2024-11-29,3,18788.0,True
TRIP_7e60a36915,U_b750439b58,OUT,IN_AE,LEISURE,2025-10-13,2025-10-26,3,18402.0,True
TRIP_710329af16,U_b750439b58,OUT,IN_AE,LEISURE,2026-06-14,2026-06-26,1,13750.0,False
TRIP_8410a7973f,U_b750439b58,OUT,IN_AE,VFR,2026-05-11,2026-05-17,4,59017.0,False
TRIP_4f332846e7,U_df59bcc76e,OUT,IN_LK,LEISURE,2025-01-16,2025-01-24,2,33056.0,True
TRIP_fc2598ddd5,U_1053e4f5f9,OUT,IN_NP,EDUCATION,2025-08-17,2025-08-22,3,61285.0,True
TRIP_50b27220f9,U_f4fb63a44c,OUT,IN_MU,EDUCATION,2024-08-31,2024-09-03,4,24415.0,True
TRIP_d7f20aa58d,U_f4fb63a44c,OUT,IN_SG,LEISURE,2026-04-24,2026-05-07,4,7575.0,True
TRIP_907facf788,U_8919b1fe25,OUT,IN_QA,MEDICAL,2024-11-06,2024-11-15,1,11182.0,True
TRIP_68d9038379,U_8919b1fe25,OUT,OTHER_R2,MEDICAL,2025-10-04,2025-10-08,1,19951.0,True
TRIP_292c1e0270,U_8919b1fe25,OUT,IN_SG,EDUCATION,2025-09-06,2025-09-08,4,17997.0,True
TRIP_b3548343cf,U_8919b1fe25,OUT,OTHER_R2,MEDICAL,2025-10-11,2025-10-13,2,33564.0,True
TRIP_381d6f0e28,U_4c2f0caa89,OUT,IN_QA,PILGRIMAGE,2026-05-08,2026-05-17,3,6944.0,True
TRIP_ea41254365,U_fd2e29520f,OUT,IN_AE,BUSINESS,2025-06-10,2025-06-12,4,17619.0,True
TRIP_2299463791,U_fd2e29520f,OUT,IN_SG,TRANSIT,2026-03-15,2026-03-29,4,7391.0,True
TRIP_beced73a36,U_16f010f659,OUT,OTHER_R2,MEDICAL,2024-11-10,2024-11-15,1,10596.0,True
TRIP_317f85a351,U_16f010f659,OUT,IN_AE,LEISURE,2024-11-23,2024-11-25,1,5086.0,True
TRIP_619f742309,U_16f010f659,OUT,IN_AE,LEISURE,2025-06-15,2025-06-25,1,13026.0,False
TRIP_5a67effa04,U_16f010f659,OUT,OTHER_R2,MEDICAL,2026-04-18,2026-04-24,3,45036.0,False
TRIP_b6ef415909,U_fd2c7d0121,OUT,IN_SG,LEISURE,2024-11-06,2024-11-09,4,46389.0,True
TRIP_71529eecfd,U_fd2c7d0121,OUT,IN_QA,PILGRIMAGE,2026-05-15,2026-05-23,3,5764.0,True
TRIP_7113c12ab8,U_6e4b22aa0f,OUT,IN_QA,VFR,2024-12-06,2024-12-12,2,6284.0,True
TRIP_749746a512,U_6e4b22aa0f,OUT,IN_MU,LEISURE,2026-04-02,2026-04-12,3,32003.0,True
TRIP_7f76aafb8d,U_5eeb24093f,OUT,IN_NP,MEDICAL,2025-02-01,2025-02-12,1,41631.0,True
TRIP_1785cf35f3,U_534b0dee97,OUT,IN_AE,LEISURE,2026-04-14,2026-04-22,4,36368.0,True
TRIP_c3a6e56e6a,U_534b0dee97,OUT,IN_KH,BUSINESS,2026-03-22,2026-04-05,2,19348.0,True
TRIP_0bb70e9d97,U_c5a8510bbd,OUT,IN_SG,VFR,2025-01-10,2025-01-17,3,9169.0,True
TRIP_94ca8d6823,U_1e520598a9,OUT,IN_AE,BUSINESS,2025-03-30,2025-04-12,4,10826.0,True
TRIP_34d3b98261,U_1e520598a9,OUT,IN_NP,EDUCATION,2026-02-12,2026-02-23,1,6302.0,True
TRIP_4318784b44,U_423e6d7d8c,OUT,IN_QA,LEISURE,2025-06-12,2025-06-23,1,23115.0,True
TRIP_5d055a1943,U_423e6d7d8c,OUT,OTHER_R2,TRANSIT,2024-08-31,2024-09-10,2,8860.0,True
TRIP_56d6a5d928,U_8942d3372b,OUT,OTHER_R2,LEISURE,2025-07-02,2025-07-14,4,3628.0,True
TRIP_93132024e9,U_6c6aa04b8e,OUT,IN_SG,BUSINESS,2025-07-31,2025-08-05,2,17823.0,True
TRIP_0150080df3,U_b41fc3c6c2,OUT,IN_NP,EVENT,2025-03-02,2025-03-11,1,4887.0,True
TRIP_3a0d1f144c,U_686dd99e42,OUT,IN_NP,EVENT,2024-09-26,2024-10-05,3,11745.0,True
TRIP_64abf52127,U_b426286a41,OUT,IN_KH,EVENT,2024-09-16,2024-09-18,3,10395.0,True
TRIP_385b5fd24b,U_d611c8ced4,OUT,IN_QA,VFR,2025-12-01,2025-12-05,4,51227.0,True
TRIP_d52d9bf95d,U_d611c8ced4,OUT,IN_AE,VFR,2025-05-11,2025-05-25,2,6139.0,True
TRIP_3e0753a3eb,U_06d7e36506,OUT,IN_QA,BUSINESS,2026-04-29,2026-05-05,3,7501.0,True
TRIP_a891a3d76a,U_b813009025,OUT,OTHER_R2,LEISURE,2025-12-09,2025-12-12,4,11002.0,True
TRIP_24ebd51d10,U_da54b989c7,OUT,IN_AE,VFR,2026-01-07,2026-01-18,3,5601.0,True
TRIP_ede66050a9,U_3050146bd0,OUT,IN_AE,PILGRIMAGE,2026-04-04,2026-04-08,1,17696.0,True
TRIP_90a12daa21,U_3050146bd0,OUT,IN_AE,VFR,2026-07-02,2026-07-09,2,2312.0,True
TRIP_a213069583,U_3050146bd0,OUT,IN_NP,LEISURE,2026-06-21,2026-07-03,3,14989.0,True
TRIP_ef90f148d6,U_7f075e09d5,OUT,IN_SG,VFR,2025-08-22,2025-09-05,2,23011.0,True
TRIP_5888714d7d,U_7f075e09d5,OUT,IN_SG,LEISURE,2026-04-20,2026-05-01,1,13541.0,False
TRIP_24be8ed235,U_7f075e09d5,OUT,IN_AE,BUSINESS,2024-10-29,2024-11-10,1,11462.0,True
TRIP_c9cc629d8c,U_d3d14856be,OUT,IN_BT,MEDICAL,2026-03-14,2026-03-16,2,13413.0,True
TRIP_ad94012f52,U_ade5fba760,OUT,IN_KH,BUSINESS,2025-11-23,2025-11-30,2,28278.0,True
TRIP_1ba81dd71b,U_ade5fba760,OUT,IN_AE,VFR,2026-04-02,2026-04-09,1,79449.0,True
TRIP_6e679b3855,U_ade5fba760,OUT,IN_AE,LEISURE,2025-12-10,2025-12-14,3,5574.0,True
TRIP_1e8b6829ae,U_9785e417df,OUT,IN_AE,EVENT,2025-12-30,2026-01-03,4,24883.0,True
TRIP_24f8ed1469,U_eeb8be5ebf,OUT,IN_AE,BUSINESS,2026-05-21,2026-05-30,3,29586.0,True
TRIP_0078e9b068,U_eeb8be5ebf,OUT,IN_SG,LEISURE,2025-05-09,2025-05-18,1,3087.0,True
TRIP_104a2ab359,U_eeb8be5ebf,OUT,IN_AE,VFR,2025-12-07,2025-12-20,1,14655.0,False
TRIP_a046f68d86,U_7b7bce8033,OUT,IN_SG,LEISURE,2026-05-21,2026-05-30,2,19802.0,True
TRIP_1ee15120b7,U_7b7bce8033,OUT,IN_AE,EDUCATION,2025-10-10,2025-10-16,3,28504.0,True
TRIP_32ae354cef,U_7b7bce8033,OUT,OTHER_R2,VFR,2025-12-17,2025-12-23,4,26129.0,True
TRIP_f1c1b70a5b,U_021a340f94,OUT,IN_AE,EVENT,2024-10-04,2024-10-15,4,40321.0,True
TRIP_384bdefee3,U_021a340f94,OUT,OTHER_R2,TRANSIT,2025-06-28,2025-07-08,4,10163.0,True
TRIP_ad2a5cf708,U_021a340f94,OUT,IN_NP,EDUCATION,2024-11-29,2024-12-09,1,47061.0,True
TRIP_5c3929b2c2,U_d9fb5dea78,OUT,IN_NP,LEISURE,2024-12-10,2024-12-24,2,13205.0,True
TRIP_ea4dbe3bed,U_d9fb5dea78,OUT,IN_NP,LEISURE,2024-08-12,2024-08-25,1,22337.0,False
TRIP_454d6ae9bb,U_d9fb5dea78,OUT,IN_FR,LEISURE,2026-06-01,2026-06-08,4,17696.0,True
TRIP_a273a3fa31,U_e9c9dc63cd,OUT,IN_AE,EDUCATION,2024-09-01,2024-09-11,3,15239.0,True
TRIP_85c6aa1547,U_e9c9dc63cd,OUT,OTHER_R2,LEISURE,2025-03-22,2025-03-26,1,11647.0,True
TRIP_657a8696ff,U_78035bda5e,OUT,IN_AE,LEISURE,2026-05-22,2026-05-25,1,18086.0,True
TRIP_26901051a4,U_78035bda5e,OUT,IN_AE,LEISURE,2025-05-26,2025-06-04,3,69101.0,False
TRIP_4c33761fcf,U_0bc2cbdb99,OUT,OTHER_R2,TRANSIT,2026-05-12,2026-05-18,1,89573.0,True
TRIP_5685ba9017,U_0bc2cbdb99,OUT,IN_SG,LEISURE,2026-04-02,2026-04-04,4,6280.0,True
TRIP_02b9f7184f,U_cd15217142,OUT,IN_AE,LEISURE,2025-08-18,2025-09-01,3,21908.0,True
TRIP_1d7a40117d,U_cd15217142,OUT,IN_SG,LEISURE,2025-12-22,2025-12-27,2,7267.0,True
TRIP_75924d9148,U_d085b9b033,OUT,IN_LK,BUSINESS,2024-11-15,2024-11-26,1,10627.0,True
TRIP_85f41cea25,U_db2bb22e5b,OUT,OTHER_R2,MEDICAL,2026-02-02,2026-02-16,1,5107.0,True
TRIP_db5e17f658,U_e5a5ad36f9,OUT,IN_FR,LEISURE,2026-06-27,2026-06-30,2,17110.0,True
TRIP_a56e45bb8f,U_e5a5ad36f9,OUT,IN_LK,VFR,2025-11-16,2025-11-21,3,54615.0,True
TRIP_c590e3271c,U_b180e04c29,OUT,IN_AE,EDUCATION,2024-10-06,2024-10-09,3,38790.0,True
TRIP_05bbde7993,U_b180e04c29,OUT,IN_QA,EDUCATION,2026-05-09,2026-05-21,3,8384.0,True
TRIP_02036332e2,U_b180e04c29,OUT,IN_SG,MEDICAL,2024-12-31,2025-01-10,1,5378.0,True
TRIP_ac155fea8e,U_b180e04c29,OUT,IN_FR,EDUCATION,2024-12-12,2024-12-16,2,47569.0,True
TRIP_b63feadeda,U_92d0772615,OUT,IN_AE,EVENT,2025-02-03,2025-02-08,2,54852.0,True
TRIP_fb77621a0f,U_92d0772615,OUT,IN_FR,LEISURE,2024-08-27,2024-08-31,2,32964.0,True
TRIP_e132d8fd51,U_b40b973373,OUT,IN_LK,TRANSIT,2026-02-24,2026-03-09,3,9054.0,True
TRIP_93e8bec254,U_b40b973373,OUT,IN_BT,LEISURE,2026-01-13,2026-01-27,4,14061.0,True
TRIP_72db287aa9,U_b40b973373,OUT,OTHER_R2,EDUCATION,2025-07-26,2025-08-07,3,7321.0,True
TRIP_5e226afa11,U_f3a6dcd6b5,OUT,IN_SG,LEISURE,2024-12-07,2024-12-21,4,9534.0,True
TRIP_890ab81c3e,U_f3a6dcd6b5,OUT,IN_SG,LEISURE,2025-01-13,2025-01-15,2,20744.0,False
TRIP_984e41b551,U_f38111a728,OUT,IN_NP,LEISURE,2025-05-10,2025-05-18,4,80527.0,True
TRIP_89224e18f7,U_f38111a728,OUT,OTHER_R2,VFR,2025-04-02,2025-04-14,4,19646.0,True
TRIP_c706cf1448,U_c18ade9669,OUT,OTHER_R2,VFR,2026-06-12,2026-06-19,4,15360.0,True
TRIP_a1d68ea99f,U_c18ade9669,OUT,IN_QA,LEISURE,2025-12-20,2025-12-25,1,11731.0,True
TRIP_e3b69479df,U_f5371d5377,OUT,IN_LK,LEISURE,2026-07-08,2026-07-14,4,11097.0,True
TRIP_0bfd13172b,U_f5371d5377,OUT,OTHER_R2,LEISURE,2025-08-12,2025-08-21,2,13596.0,True
TRIP_6506e1c4f5,U_d7ed0a7d4d,OUT,IN_MU,MEDICAL,2025-03-07,2025-03-19,1,24207.0,True
TRIP_d5559d07ff,U_fff3337312,OUT,OTHER_R2,LEISURE,2024-09-29,2024-10-11,1,30563.0,True
TRIP_36aa41ce84,U_c053110f48,OUT,IN_BT,EDUCATION,2026-05-14,2026-05-18,3,52190.0,True
TRIP_90264a3a0f,U_d07c235e3b,OUT,OTHER_R2,EVENT,2024-10-09,2024-10-17,2,29583.0,True
TRIP_728379e1dd,U_7693079fda,OUT,IN_QA,LEISURE,2025-03-26,2025-04-07,3,12009.0,True
TRIP_b6f96f1a63,U_982ac9936f,OUT,IN_FR,MEDICAL,2026-02-02,2026-02-05,3,4200.0,True
TRIP_23ec91d0d8,U_982ac9936f,OUT,IN_SG,MEDICAL,2026-06-03,2026-06-16,1,1541.0,True
TRIP_cea9905c70,U_f23af17b26,OUT,IN_NP,LEISURE,2025-03-19,2025-03-26,3,11907.0,True
TRIP_c63cb3f325,U_e45e2e5316,OUT,IN_SG,EDUCATION,2026-04-22,2026-04-26,4,7862.0,True
TRIP_cac85bdc51,U_d8bf4a6fc5,OUT,OTHER_R2,LEISURE,2026-03-23,2026-04-03,2,4831.0,True
TRIP_a4ccf275f9,U_5a9544bca7,OUT,IN_AE,BUSINESS,2025-05-12,2025-05-19,3,10849.0,True
TRIP_74e3b76d5a,U_386a0da83c,OUT,IN_QA,EDUCATION,2024-09-28,2024-10-09,2,6148.0,True
TRIP_8a0b95e592,U_3bab74a46e,OUT,IN_AE,BUSINESS,2025-08-08,2025-08-14,3,26415.0,True
TRIP_068d735fd6,U_3f60e13e0c,OUT,IN_BT,BUSINESS,2026-02-03,2026-02-11,3,10796.0,True
TRIP_959b6e845a,U_1c56bc4537,OUT,IN_FR,VFR,2026-03-16,2026-03-25,2,3860.0,True
TRIP_9119782d87,U_1c56bc4537,OUT,IN_SG,LEISURE,2025-12-26,2025-12-28,2,12599.0,True
TRIP_43103fc2fc,U_1c56bc4537,OUT,OTHER_R2,LEISURE,2025-10-07,2025-10-12,3,37820.0,True
TRIP_096ad76818,U_9394272164,OUT,IN_QA,MEDICAL,2026-05-26,2026-06-01,2,5445.0,True
TRIP_54e4dccfb0,U_66a1ff49c5,OUT,OTHER_R2,EVENT,2025-12-26,2026-01-09,4,9771.0,True
TRIP_19e2c98266,U_66a1ff49c5,OUT,IN_NP,LEISURE,2025-05-26,2025-06-07,3,13879.0,True
TRIP_09fdf77c1c,U_305ba0f357,OUT,IN_SG,EDUCATION,2024-09-20,2024-09-30,4,22782.0,True
TRIP_bd6b693a3a,U_8e8571718e,OUT,IN_AE,BUSINESS,2025-12-08,2025-12-16,2,4510.0,True
TRIP_0bd1cdfc4b,U_d26baa3815,OUT,IN_SG,BUSINESS,2025-07-02,2025-07-05,4,5550.0,True
TRIP_475ffc3bd4,U_efecf35667,OUT,IN_AE,BUSINESS,2025-08-29,2025-09-08,2,35135.0,True
TRIP_cceed3dd66,U_ed68aa0d47,OUT,IN_AE,LEISURE,2024-10-22,2024-10-24,4,5888.0,True
TRIP_10c00891f8,U_4636995cba,OUT,OTHER_R2,BUSINESS,2026-01-24,2026-02-05,2,52577.0,True
TRIP_3c7bc8f11f,U_4636995cba,OUT,IN_FR,LEISURE,2025-07-22,2025-07-27,4,12185.0,True
TRIP_05cbfec870,U_36cace3960,OUT,OTHER_R2,LEISURE,2024-12-26,2025-01-08,4,2694.0,True
TRIP_441fe7511e,U_d3c0c804da,OUT,IN_SG,EDUCATION,2024-09-24,2024-10-05,2,53811.0,True
TRIP_c1605e6a8b,U_69df0b4499,OUT,IN_AE,EDUCATION,2025-11-09,2025-11-16,2,4765.0,True
TRIP_bd47b23449,U_69df0b4499,OUT,IN_AE,TRANSIT,2025-09-06,2025-09-19,3,21758.0,False
TRIP_e04b15e931,U_e8aaa25a0f,OUT,IN_FR,LEISURE,2024-08-17,2024-08-21,1,17507.0,True
TRIP_978de561db,U_6d343e6d5e,OUT,IN_AE,BUSINESS,2026-01-08,2026-01-13,2,12203.0,True
TRIP_171a75445e,U_53eda5127b,OUT,IN_AE,VFR,2025-02-15,2025-02-18,4,16791.0,True
TRIP_51637146f4,U_53eda5127b,OUT,IN_SG,LEISURE,2025-05-16,2025-05-19,1,1194.0,True
TRIP_9d38c4efa6,U_1569726d05,OUT,IN_SG,EDUCATION,2026-02-01,2026-02-09,3,31340.0,True
TRIP_ba96330dca,U_1569726d05,OUT,IN_AE,LEISURE,2024-12-14,2024-12-20,4,7256.0,True
TRIP_57018071d8,U_5feea83606,OUT,IN_MU,EDUCATION,2025-12-29,2026-01-02,3,8410.0,True
TRIP_493f364d0d,U_926ba8f2c1,OUT,IN_AE,LEISURE,2024-10-10,2024-10-22,1,12894.0,True
TRIP_03312e3385,U_ddd62f732b,OUT,OTHER_R2,LEISURE,2024-09-25,2024-09-30,2,15000.0,True
TRIP_b2444895b9,U_ddd62f732b,OUT,IN_SG,EVENT,2025-08-22,2025-09-04,4,20324.0,True
TRIP_0dcdf6142a,U_85829238c1,OUT,IN_SG,EVENT,2026-03-03,2026-03-11,3,17170.0,True
TRIP_947e0fc8a8,U_d53bdc6adb,OUT,IN_LK,MEDICAL,2025-05-10,2025-05-18,2,23325.0,True
TRIP_ee065ad796,U_a3672e93c1,OUT,IN_AE,LEISURE,2026-03-13,2026-03-16,2,6978.0,True
TRIP_007c233b4a,U_a3672e93c1,OUT,IN_AE,MEDICAL,2025-01-07,2025-01-20,1,6872.0,False
TRIP_4d5a1bf6b9,U_cc619dbbb7,OUT,IN_AE,VFR,2025-04-26,2025-05-04,4,7661.0,True
TRIP_d09647a549,U_cc619dbbb7,OUT,IN_FR,PILGRIMAGE,2026-03-08,2026-03-12,3,19063.0,True
TRIP_81a463eb59,U_cc619dbbb7,OUT,IN_NP,LEISURE,2025-12-27,2026-01-05,3,10428.0,True
TRIP_755b7a5795,U_eff59d5a10,OUT,IN_AE,LEISURE,2025-02-23,2025-02-27,3,36042.0,True
TRIP_05a453bae1,U_893f5df7da,OUT,IN_LK,BUSINESS,2025-11-19,2025-12-02,2,16874.0,True
TRIP_963196f848,U_893f5df7da,OUT,IN_MU,LEISURE,2026-02-17,2026-02-23,3,8096.0,True
TRIP_f5e275e46d,U_957c18b2bd,OUT,IN_LK,BUSINESS,2025-01-17,2025-01-30,1,13801.0,True
TRIP_f98289eb37,U_f6402de11f,OUT,IN_AE,MEDICAL,2026-02-03,2026-02-05,3,24498.0,True
TRIP_7d25f8c47c,U_dcae3d0a17,OUT,IN_NP,EVENT,2025-01-05,2025-01-14,3,11116.0,True
TRIP_45bd63b5d0,U_60829c8fc1,OUT,IN_AE,TRANSIT,2025-02-03,2025-02-10,3,25379.0,True
TRIP_7fdddb0b55,U_60829c8fc1,OUT,IN_SG,EDUCATION,2024-11-29,2024-12-13,2,21628.0,True
TRIP_4344e035a5,U_60829c8fc1,OUT,IN_AE,BUSINESS,2025-12-19,2025-12-30,4,8274.0,False
TRIP_457c2d0120,U_2fe3a88f8c,OUT,IN_AE,LEISURE,2024-11-27,2024-12-10,4,8561.0,True
TRIP_aea8b5f753,U_2fe3a88f8c,OUT,IN_LK,LEISURE,2025-04-06,2025-04-08,1,7553.0,True
TRIP_1e18f38252,U_2fe3a88f8c,OUT,OTHER_R2,LEISURE,2025-07-01,2025-07-13,3,6062.0,True
TRIP_011e4fad08,U_3319da7ba6,OUT,IN_AE,LEISURE,2025-01-10,2025-01-22,3,49662.0,True
TRIP_9dabc58a34,U_1dabd3cd9f,OUT,IN_QA,BUSINESS,2025-08-05,2025-08-15,2,16913.0,True
TRIP_0cf9feb2cf,U_1dabd3cd9f,OUT,IN_FR,LEISURE,2026-01-07,2026-01-11,2,23805.0,True
TRIP_10cbd2f643,U_1dabd3cd9f,OUT,OTHER_R2,LEISURE,2025-04-03,2025-04-11,4,11762.0,True
TRIP_47dc99bfbe,U_1dabd3cd9f,OUT,IN_AE,LEISURE,2025-10-31,2025-11-09,1,18186.0,True
TRIP_cb07b60d2e,U_7533d71400,OUT,IN_KH,LEISURE,2024-08-27,2024-09-08,4,8934.0,True
TRIP_3d4f8166dd,U_7533d71400,OUT,IN_BT,LEISURE,2025-10-02,2025-10-07,3,45919.0,True
TRIP_18f0d71d6c,U_ce3af6ecf5,OUT,IN_SG,LEISURE,2025-01-02,2025-01-12,3,14133.0,True
TRIP_aec9b8f736,U_2167340f5a,OUT,OTHER_R2,LEISURE,2025-12-10,2025-12-16,3,5755.0,True
TRIP_7373c9e839,U_0f2b8e08c3,OUT,OTHER_R2,LEISURE,2025-01-04,2025-01-09,1,17226.0,True
TRIP_facb0e4520,U_0f2b8e08c3,OUT,IN_SG,LEISURE,2025-05-30,2025-06-12,4,11327.0,True
TRIP_2f192fc1f9,U_c823a0bf9d,OUT,OTHER_R2,LEISURE,2026-06-30,2026-07-12,4,5874.0,True
TRIP_4d960956ad,U_c823a0bf9d,OUT,IN_BT,TRANSIT,2024-09-10,2024-09-21,2,6080.0,True
TRIP_0c840ccc53,U_74b1b445a6,OUT,IN_AE,LEISURE,2025-01-27,2025-02-07,4,37192.0,True
TRIP_a959acf3df,U_a159449dea,OUT,IN_BT,MEDICAL,2026-04-13,2026-04-19,1,27497.0,True
TRIP_95442ac8a0,U_a159449dea,OUT,IN_SG,BUSINESS,2025-03-14,2025-03-21,4,30864.0,True
TRIP_c897e5f021,U_079f018d05,OUT,IN_AE,LEISURE,2025-01-04,2025-01-17,2,2541.0,True
TRIP_94eaea64c8,U_079f018d05,OUT,IN_AE,LEISURE,2026-01-24,2026-01-28,1,9034.0,True
TRIP_d00d130510,U_c8e175dc04,OUT,IN_SG,LEISURE,2026-05-31,2026-06-07,1,4345.0,True
TRIP_07e844a2b7,U_ed51aaa2c7,OUT,IN_AE,BUSINESS,2025-04-30,2025-05-03,1,86156.0,True
TRIP_de6f6483d2,U_ed51aaa2c7,OUT,IN_SG,LEISURE,2026-06-05,2026-06-09,3,9653.0,True
TRIP_afb32eb760,U_ed51aaa2c7,OUT,IN_AE,VFR,2024-11-12,2024-11-24,1,18126.0,False
TRIP_59050a184b,U_1419147e18,OUT,IN_AE,LEISURE,2025-03-18,2025-03-21,3,3618.0,True
TRIP_6eb06a4e56,U_1419147e18,OUT,IN_NP,VFR,2025-10-09,2025-10-19,1,6065.0,True
TRIP_672eff3db3,U_1419147e18,OUT,IN_QA,VFR,2025-01-03,2025-01-14,4,16330.0,True
TRIP_75282439b0,U_98714e88cd,OUT,IN_AE,LEISURE,2024-10-26,2024-10-28,2,11260.0,True
TRIP_bf8c87911a,U_98714e88cd,OUT,IN_NP,LEISURE,2025-04-03,2025-04-05,2,45241.0,True
TRIP_169a6dc7fd,U_ef81369703,OUT,OTHER_R2,LEISURE,2024-11-27,2024-12-07,3,10804.0,True
TRIP_07c789aec2,U_ef81369703,OUT,IN_QA,LEISURE,2026-04-04,2026-04-15,4,15765.0,True
TRIP_fce44410e8,U_ef81369703,OUT,IN_AE,VFR,2026-05-09,2026-05-22,4,22928.0,True
TRIP_cb03154634,U_ef81369703,OUT,IN_AE,MEDICAL,2025-10-10,2025-10-22,2,39430.0,False
TRIP_74d9017054,U_ef81369703,OUT,IN_AE,LEISURE,2025-07-21,2025-08-04,1,35512.0,False
TRIP_7bf487d696,U_ef81369703,OUT,OTHER_R2,VFR,2024-09-18,2024-09-25,3,44174.0,False
TRIP_ed7a76e1a1,U_dc23e667a1,OUT,IN_KH,EVENT,2025-03-29,2025-04-08,1,6770.0,True
TRIP_a1246331c4,U_dc23e667a1,OUT,IN_QA,EVENT,2026-01-16,2026-01-29,2,7934.0,True
TRIP_b55eee7ec2,U_dc23e667a1,OUT,IN_NP,LEISURE,2026-07-03,2026-07-09,3,9457.0,True
TRIP_1eacef0a10,U_5d6076e609,OUT,IN_MU,VFR,2025-04-02,2025-04-04,2,5966.0,True
TRIP_5348df69f6,U_6b14be3e29,OUT,IN_BT,LEISURE,2025-02-10,2025-02-23,1,25491.0,True
TRIP_ba3c4dcba2,U_6b14be3e29,OUT,OTHER_R2,LEISURE,2025-10-24,2025-11-07,2,9005.0,True
TRIP_87f8e92874,U_c57c4a5a5c,OUT,IN_AE,VFR,2026-01-16,2026-01-26,4,4672.0,True
TRIP_0f4f315618,U_11a6945cc0,OUT,IN_AE,LEISURE,2026-02-01,2026-02-12,2,13838.0,True
TRIP_b942687a17,U_7ced1e6bfc,OUT,IN_BT,VFR,2024-10-26,2024-11-05,2,25461.0,True
TRIP_5521e86f35,U_7ced1e6bfc,OUT,IN_BT,LEISURE,2025-10-12,2025-10-20,1,4370.0,True
TRIP_c473251c1a,U_8c3ffbc94b,OUT,IN_AE,MEDICAL,2026-04-23,2026-04-27,2,22172.0,True
TRIP_abd7ef5509,U_b9d6f6cd02,OUT,IN_BT,LEISURE,2025-11-17,2025-11-27,4,26015.0,True
TRIP_87283b0841,U_b9d6f6cd02,OUT,OTHER_R2,LEISURE,2025-05-07,2025-05-11,1,32829.0,True
TRIP_609dcf023f,U_6b502a3d2d,OUT,IN_MU,LEISURE,2025-04-26,2025-05-05,2,16014.0,True
TRIP_e713dbaba0,U_f7e309c6db,OUT,OTHER_R2,LEISURE,2026-06-19,2026-06-26,1,5515.0,True
TRIP_4e4d75edc3,U_6160f02517,OUT,IN_BT,EVENT,2024-11-10,2024-11-20,1,6638.0,True
TRIP_57f74683de,U_6160f02517,OUT,IN_SG,BUSINESS,2026-05-09,2026-05-17,3,17004.0,True
TRIP_656c56adf1,U_a420e75e55,OUT,IN_AE,LEISURE,2026-02-04,2026-02-08,1,6780.0,True
TRIP_8afb1e8616,U_8b6dfe4d62,OUT,OTHER_R2,LEISURE,2026-04-13,2026-04-21,1,46846.0,True
TRIP_254d3325d1,U_8b6dfe4d62,OUT,IN_NP,LEISURE,2024-09-12,2024-09-26,3,5487.0,True
TRIP_b9e99a0bb8,U_8b6dfe4d62,OUT,OTHER_R2,LEISURE,2024-12-27,2025-01-07,3,8457.0,False
TRIP_585a0112b3,U_8b6dfe4d62,OUT,IN_AE,LEISURE,2026-05-09,2026-05-20,4,35310.0,True
TRIP_dabb94611c,U_e16f018bac,OUT,OTHER_R2,BUSINESS,2025-09-07,2025-09-10,3,117319.0,True
TRIP_26a5ebd5f1,U_e16f018bac,OUT,OTHER_R2,EDUCATION,2025-06-20,2025-06-22,1,8042.0,False
TRIP_b7b370d488,U_e16f018bac,OUT,IN_QA,EVENT,2025-03-18,2025-03-20,4,10758.0,True
TRIP_58beb4744a,U_7f0753f071,OUT,OTHER_R2,VFR,2025-03-28,2025-04-04,1,45541.0,True
TRIP_0e74b2bb37,U_7f0753f071,OUT,OTHER_R2,MEDICAL,2025-03-18,2025-03-27,1,9671.0,False
TRIP_07c7fda8de,U_7f0753f071,OUT,IN_QA,VFR,2026-01-07,2026-01-09,2,5863.0,True
TRIP_32b6e3a64d,U_7f0753f071,OUT,IN_BT,TRANSIT,2025-05-12,2025-05-24,1,8269.0,True
TRIP_66f90e0c75,U_b0ee84731e,OUT,IN_LK,LEISURE,2025-05-14,2025-05-26,2,6044.0,True
TRIP_b47ccadbb6,U_c5dd9cbe1d,OUT,IN_AE,VFR,2024-09-24,2024-09-29,1,10479.0,True
TRIP_f0c0d79cd1,U_c5dd9cbe1d,OUT,IN_FR,EDUCATION,2025-12-08,2025-12-12,3,17596.0,True
TRIP_7bf3b45709,U_c9b8d8c355,OUT,IN_NP,LEISURE,2025-02-06,2025-02-14,2,38883.0,True
TRIP_468ed922a9,U_c9b8d8c355,OUT,IN_NP,LEISURE,2025-02-22,2025-03-08,3,6476.0,True
TRIP_4aae448f85,U_f00ae1b264,OUT,OTHER_R2,BUSINESS,2026-01-09,2026-01-19,3,21897.0,True
TRIP_7118e3e023,U_b45c2bcb15,OUT,IN_AE,LEISURE,2025-09-21,2025-09-26,3,41084.0,True
TRIP_22bd8c3bdd,U_b45c2bcb15,OUT,IN_KH,EVENT,2025-03-29,2025-04-07,1,9079.0,True
TRIP_c323b81e2f,U_b45c2bcb15,OUT,OTHER_R2,VFR,2026-02-02,2026-02-14,1,23213.0,True
TRIP_dcc6dfd4ab,U_0b2f6a6e31,OUT,IN_NP,LEISURE,2025-07-25,2025-07-27,1,9833.0,True
TRIP_b194cc4d3f,U_6b19e0b1a9,OUT,IN_SG,VFR,2025-05-03,2025-05-17,4,15381.0,True
TRIP_b7062b9438,U_6b19e0b1a9,OUT,IN_AE,BUSINESS,2025-07-14,2025-07-28,3,31135.0,True
TRIP_5fc8e084ca,U_a04b0aacba,OUT,OTHER_R2,BUSINESS,2025-09-25,2025-10-01,4,14187.0,True
TRIP_32af6a590a,U_a04b0aacba,OUT,IN_SG,EDUCATION,2024-11-14,2024-11-16,3,48589.0,True
TRIP_f225fd60d4,U_f441ca3f64,OUT,IN_AE,LEISURE,2026-02-05,2026-02-14,2,22328.0,True
TRIP_2f95f9a73c,U_f441ca3f64,OUT,IN_NP,EVENT,2025-09-02,2025-09-12,2,17853.0,True
TRIP_aa35ea46cd,U_41dc6b4416,OUT,IN_QA,LEISURE,2026-03-07,2026-03-19,2,42751.0,True
TRIP_b9d1908423,U_41dc6b4416,OUT,IN_AE,LEISURE,2024-11-21,2024-11-30,1,27168.0,True
TRIP_7e0ca5379b,U_41dc6b4416,OUT,IN_AE,LEISURE,2025-12-22,2026-01-02,4,22167.0,True
TRIP_f7430f059a,U_9146457d4c,OUT,IN_SG,LEISURE,2026-04-22,2026-04-28,4,11468.0,True
TRIP_27fb2c75e5,U_b8aff107c2,OUT,IN_AE,BUSINESS,2025-10-24,2025-11-04,3,15855.0,True
TRIP_565511cbfa,U_b8aff107c2,OUT,IN_AE,LEISURE,2026-01-08,2026-01-14,2,19889.0,False
TRIP_ecf1c8ded1,U_75590d13be,OUT,IN_SG,TRANSIT,2025-09-15,2025-09-29,1,32770.0,True
TRIP_cb0763bb0a,U_2c50b8cf5b,OUT,IN_NP,EDUCATION,2025-12-17,2025-12-23,1,5436.0,True
TRIP_917f56e75e,U_92c749f66a,OUT,OTHER_R2,LEISURE,2024-12-17,2024-12-20,2,6799.0,True
TRIP_c7061009d4,U_4fdc5be86c,OUT,IN_AE,PILGRIMAGE,2026-06-16,2026-06-22,3,11204.0,True
TRIP_3d39dc0185,U_3a7777715d,OUT,OTHER_R2,LEISURE,2025-12-22,2026-01-01,2,15516.0,True
TRIP_7a91782551,U_3a7777715d,OUT,IN_AE,LEISURE,2025-03-27,2025-04-02,1,16825.0,True
TRIP_90ad512ab8,U_d7ec954c93,OUT,IN_QA,EDUCATION,2026-01-15,2026-01-27,3,8110.0,True
TRIP_b26354556d,U_d7ec954c93,OUT,OTHER_R2,MEDICAL,2025-09-17,2025-09-29,2,1625.0,True
TRIP_16bc43b554,U_d7ec954c93,OUT,IN_BT,LEISURE,2026-03-12,2026-03-19,1,3439.0,True
TRIP_3e114be51c,U_e5a01570bc,OUT,IN_QA,MEDICAL,2025-09-14,2025-09-28,4,8878.0,True
TRIP_14be402131,U_06652c1fe5,OUT,OTHER_R2,LEISURE,2026-01-14,2026-01-27,4,20691.0,True
TRIP_b6468f18f6,U_90dc30160f,OUT,IN_AE,LEISURE,2025-02-02,2025-02-11,4,10720.0,True
TRIP_c3e9e498b1,U_90dc30160f,OUT,IN_NP,LEISURE,2025-07-12,2025-07-22,3,3894.0,True
TRIP_ab6b121689,U_763b1124fe,OUT,IN_FR,EDUCATION,2026-05-16,2026-05-23,2,5257.0,True
TRIP_7a661a760b,U_763b1124fe,OUT,IN_BT,EVENT,2024-11-30,2024-12-08,1,24542.0,True
TRIP_7b02714112,U_6fa2099649,OUT,IN_AE,BUSINESS,2025-05-20,2025-05-27,3,36127.0,True
TRIP_6b2c9f1da2,U_6fa2099649,OUT,IN_SG,EDUCATION,2024-12-17,2024-12-19,3,36563.0,True
TRIP_a8d057c378,U_6fa2099649,OUT,IN_NP,LEISURE,2026-05-03,2026-05-16,2,3471.0,True
TRIP_62e5ac0ed8,U_6fa2099649,OUT,IN_NP,VFR,2025-10-13,2025-10-24,4,21719.0,False
TRIP_1e7496c2c7,U_cc25cb0316,OUT,IN_AE,BUSINESS,2026-04-03,2026-04-14,3,27887.0,True
TRIP_ce21a77cab,U_cc25cb0316,OUT,OTHER_R2,BUSINESS,2025-05-25,2025-06-03,3,11388.0,True
TRIP_f9b14685ad,U_cc25cb0316,OUT,IN_QA,LEISURE,2026-06-10,2026-06-16,4,28294.0,True
TRIP_207907fa54,U_5f8790c5d3,OUT,IN_AE,VFR,2026-04-29,2026-05-12,1,9430.0,True
TRIP_5240574d8a,U_81f2892799,OUT,IN_AE,TRANSIT,2024-09-16,2024-09-20,4,8617.0,True
TRIP_792476f392,U_81f2892799,OUT,IN_FR,LEISURE,2025-04-25,2025-05-07,3,2404.0,True
TRIP_c7a03d5a3a,U_ead68dbeac,OUT,OTHER_R2,VFR,2025-08-04,2025-08-13,1,6684.0,True
TRIP_1b54c2e1bb,U_344d7312a4,OUT,IN_AE,LEISURE,2026-03-25,2026-04-06,4,11086.0,True
TRIP_e119908a43,U_a4261f152a,OUT,IN_QA,EDUCATION,2025-04-28,2025-04-30,4,24011.0,True
TRIP_f61b6a65a6,U_18f52fa363,OUT,IN_AE,LEISURE,2025-07-03,2025-07-13,2,8641.0,True
TRIP_d95dd4605a,U_a87881d57a,OUT,OTHER_R2,EVENT,2024-10-18,2024-10-26,4,18877.0,True
TRIP_f81318de30,U_a87881d57a,OUT,IN_AE,LEISURE,2026-04-30,2026-05-07,3,29335.0,True
TRIP_af878bdb78,U_a87881d57a,OUT,IN_KH,TRANSIT,2026-01-22,2026-01-25,4,65818.0,True
TRIP_ef53751e31,U_a87881d57a,OUT,IN_AE,LEISURE,2025-05-13,2025-05-16,3,7136.0,False
TRIP_9f03e8206e,U_c8295bb13c,OUT,OTHER_R2,VFR,2026-02-28,2026-03-10,3,6936.0,True
TRIP_7017b1e5cf,U_c8295bb13c,OUT,IN_AE,LEISURE,2024-09-12,2024-09-25,4,6018.0,True
TRIP_7bf169d499,U_c8295bb13c,OUT,OTHER_R2,EDUCATION,2026-02-11,2026-02-21,3,19727.0,False
TRIP_b24d1015ef,U_c8295bb13c,OUT,OTHER_R2,LEISURE,2024-11-20,2024-11-22,3,26713.0,False
TRIP_f539d1bc15,U_25c9416134,OUT,OTHER_R2,LEISURE,2025-12-26,2025-12-29,4,10863.0,True
TRIP_ec6f45feb1,U_b6a160dd9f,OUT,IN_SG,VFR,2025-06-19,2025-06-24,3,2965.0,True
TRIP_0a338f114d,U_f9b331e80c,OUT,IN_SG,EVENT,2025-01-23,2025-02-01,1,15833.0,True
TRIP_f40eb669d8,U_f557782ce1,OUT,IN_SG,MEDICAL,2024-12-20,2024-12-29,2,1952.0,True
TRIP_4d67983530,U_f557782ce1,OUT,IN_AE,VFR,2026-04-30,2026-05-09,4,13160.0,True
TRIP_a6c7b8e34a,U_f557782ce1,OUT,IN_AE,LEISURE,2025-06-04,2025-06-14,1,14596.0,False
TRIP_902b07b351,U_c1a458c88b,OUT,OTHER_R2,MEDICAL,2026-02-04,2026-02-09,2,38202.0,True
TRIP_ad3e053342,U_c1a458c88b,OUT,IN_AE,EVENT,2025-12-04,2025-12-12,4,5904.0,True
TRIP_7c1ad0e7c6,U_c1a458c88b,OUT,IN_SG,BUSINESS,2025-10-13,2025-10-21,4,37277.0,True
TRIP_eb6a7b9205,U_ea3f50d840,OUT,IN_NP,LEISURE,2025-09-30,2025-10-12,4,6766.0,True
TRIP_ad97874b25,U_ea3f50d840,OUT,IN_QA,TRANSIT,2026-06-25,2026-07-03,4,22205.0,True
TRIP_bc17bf7837,U_f037bc2bb4,OUT,IN_AE,LEISURE,2025-11-09,2025-11-20,4,13621.0,True
TRIP_241fb5029b,U_4f3798100e,OUT,IN_NP,LEISURE,2026-04-17,2026-04-30,1,16163.0,True
TRIP_98798aeb93,U_3c9360cd95,OUT,OTHER_R2,MEDICAL,2025-09-15,2025-09-23,2,17862.0,True
TRIP_5ab9a7044c,U_a718606604,OUT,IN_AE,TRANSIT,2025-08-16,2025-08-29,3,40525.0,True
TRIP_e3d68bc7e7,U_841e95caf3,OUT,OTHER_R2,EVENT,2025-05-10,2025-05-23,3,11401.0,True
TRIP_4b52b6c7fc,U_a6d0fa41f1,OUT,IN_NP,VFR,2025-08-03,2025-08-12,3,52154.0,True
TRIP_43efb8a4d9,U_331c1c154b,OUT,OTHER_R2,BUSINESS,2025-10-09,2025-10-13,2,11557.0,True
TRIP_83f0550885,U_331c1c154b,OUT,IN_QA,PILGRIMAGE,2025-02-18,2025-02-28,3,60167.0,True
TRIP_7e57516b68,U_af3306d453,OUT,IN_AE,LEISURE,2025-10-28,2025-10-31,3,9101.0,True
TRIP_acd3e4f203,U_2a19d4012c,OUT,IN_BT,LEISURE,2024-08-15,2024-08-23,2,23998.0,True
TRIP_8d311bea1a,U_2a19d4012c,OUT,IN_SG,EVENT,2025-09-17,2025-09-20,1,26904.0,True
TRIP_603b410c61,U_3ee2962824,OUT,IN_SG,LEISURE,2025-08-17,2025-08-30,2,30380.0,True
TRIP_fbbdab0e40,U_89adad3de1,OUT,OTHER_R2,LEISURE,2024-10-03,2024-10-10,1,5523.0,True
TRIP_5b185990be,U_f7d37a1e98,OUT,OTHER_R2,LEISURE,2025-10-25,2025-11-03,3,10423.0,True
TRIP_d4bacd2081,U_9223a47296,OUT,IN_AE,VFR,2025-01-11,2025-01-16,1,36106.0,True
TRIP_62fb80e6d1,U_835a782e72,OUT,IN_AE,LEISURE,2025-12-10,2025-12-16,2,25115.0,True
TRIP_6ace6fe4de,U_835a782e72,OUT,IN_BT,MEDICAL,2025-03-15,2025-03-26,3,23390.0,True
TRIP_f585bf9e99,U_92334e51b1,OUT,IN_AE,LEISURE,2025-07-30,2025-08-04,1,29082.0,True
TRIP_bd6cbbea9b,U_86392b714f,OUT,IN_SG,BUSINESS,2025-09-19,2025-09-25,2,11501.0,True
TRIP_dbb671c7d4,U_86392b714f,OUT,OTHER_R2,LEISURE,2025-01-29,2025-02-12,3,6682.0,True
TRIP_702e1c2ed4,U_5df75b0c76,OUT,IN_AE,LEISURE,2025-08-08,2025-08-22,2,11921.0,True
TRIP_aa506d64df,U_a142c3fa25,OUT,IN_AE,LEISURE,2024-12-23,2025-01-03,3,3225.0,True
TRIP_37c2edf928,U_30010ddf37,OUT,IN_AE,VFR,2026-03-11,2026-03-17,1,4483.0,True
TRIP_4881b0df70,U_c9950e8eae,OUT,IN_NP,LEISURE,2025-08-17,2025-08-31,3,6367.0,True
TRIP_ccf923dc43,U_c9950e8eae,OUT,OTHER_R2,TRANSIT,2025-05-04,2025-05-12,1,24405.0,True
TRIP_8604eba032,U_f16a1af485,OUT,IN_AE,EDUCATION,2025-11-15,2025-11-17,1,25550.0,True
TRIP_2093079063,U_fba5d4c972,OUT,IN_AE,VFR,2025-08-30,2025-09-04,4,30525.0,True
TRIP_578c0f6fc4,U_fba5d4c972,OUT,IN_NP,EDUCATION,2026-06-16,2026-06-23,4,20719.0,True
TRIP_c0083a95b4,U_fba5d4c972,OUT,IN_SG,LEISURE,2026-01-27,2026-02-09,3,5631.0,True
TRIP_7112591171,U_659dc18eb8,OUT,IN_AE,LEISURE,2024-11-09,2024-11-11,3,37877.0,True
TRIP_e05f1fdb6f,U_e4e3947b26,OUT,IN_AE,LEISURE,2024-08-14,2024-08-26,1,10693.0,True
TRIP_69c2ec1137,U_a3af8a9c0e,OUT,IN_QA,LEISURE,2026-01-06,2026-01-13,1,12674.0,True
TRIP_a2506a1f23,U_a3af8a9c0e,OUT,IN_AE,LEISURE,2025-11-21,2025-11-27,1,33045.0,True
TRIP_be6371e464,U_027a29176b,OUT,IN_AE,BUSINESS,2025-11-02,2025-11-15,1,26092.0,True
TRIP_48b4a6fd54,U_027a29176b,OUT,IN_AE,LEISURE,2025-09-19,2025-10-01,2,38455.0,False
TRIP_a1975604d5,U_cd8709ac31,OUT,IN_AE,BUSINESS,2025-09-01,2025-09-03,4,4130.0,True
TRIP_959ceba6dc,U_11c94c28f9,OUT,OTHER_R2,EDUCATION,2025-07-17,2025-07-25,4,11189.0,True
TRIP_119f62d641,U_e6b853ae96,OUT,IN_NP,VFR,2024-09-16,2024-09-19,4,10014.0,True
TRIP_53ec223fbf,U_e6b853ae96,OUT,IN_QA,VFR,2026-07-03,2026-07-08,4,37070.0,True
TRIP_9ad1b9f3cf,U_e6b853ae96,OUT,IN_AE,LEISURE,2025-12-29,2026-01-01,3,32217.0,True
TRIP_89879867a5,U_e6b853ae96,OUT,IN_SG,LEISURE,2025-04-25,2025-04-27,3,60464.0,True
TRIP_fb147e2b70,U_e6b853ae96,OUT,IN_NP,LEISURE,2025-08-24,2025-09-04,1,6830.0,False
TRIP_bc2294d5b0,U_9e0a51974c,OUT,IN_LK,TRANSIT,2024-08-14,2024-08-26,1,11632.0,True
TRIP_0a2b52dbb2,U_944b72e8bf,OUT,IN_SG,EDUCATION,2024-12-31,2025-01-03,4,14601.0,True
TRIP_106458fc32,U_76b93cac27,OUT,IN_LK,PILGRIMAGE,2025-05-22,2025-05-25,4,6658.0,True
TRIP_ab8c669c4d,U_5594f905e8,OUT,IN_AE,PILGRIMAGE,2024-12-31,2025-01-08,1,12066.0,True
TRIP_fedf65c108,U_2df473fe15,OUT,IN_AE,LEISURE,2025-04-15,2025-04-24,3,17160.0,True
TRIP_c3ea6cc7e5,U_8372ff220f,OUT,IN_BT,TRANSIT,2025-05-16,2025-05-20,2,7169.0,True
TRIP_772deca620,U_8372ff220f,OUT,IN_NP,EDUCATION,2024-12-21,2024-12-27,2,29725.0,True
TRIP_0f70b0dc86,U_bdd8506cea,OUT,IN_AE,MEDICAL,2026-04-24,2026-04-28,2,23226.0,True
TRIP_370b61acba,U_bdd8506cea,OUT,IN_AE,EDUCATION,2026-03-09,2026-03-19,2,41450.0,True
TRIP_0a8b2efd5e,U_bdd8506cea,OUT,IN_MU,MEDICAL,2024-11-04,2024-11-07,2,15631.0,True
TRIP_403c05b12c,U_bdd8506cea,OUT,IN_MU,MEDICAL,2024-10-08,2024-10-14,1,7517.0,True
TRIP_444684cfb0,U_7f6db06bc3,OUT,IN_AE,LEISURE,2025-12-15,2025-12-19,2,18468.0,True
TRIP_669b38f0e7,U_cbadb89c2d,OUT,IN_BT,VFR,2024-09-28,2024-10-06,4,27724.0,True
TRIP_cb1016a48c,U_0e9b8d23a8,OUT,IN_SG,EDUCATION,2025-06-27,2025-07-10,3,14999.0,True
TRIP_c190c7e2d8,U_0e9b8d23a8,OUT,IN_AE,LEISURE,2024-11-14,2024-11-22,2,65095.0,True
TRIP_f27f55b441,U_0e9b8d23a8,OUT,OTHER_R2,BUSINESS,2025-07-05,2025-07-15,3,31431.0,True
TRIP_30dc79a889,U_80c2cc19aa,OUT,IN_AE,VFR,2025-05-07,2025-05-16,3,55663.0,True
TRIP_01fbc23a76,U_249649df6a,OUT,IN_AE,LEISURE,2026-06-28,2026-07-10,1,8324.0,True
TRIP_05b2fea4fe,U_249649df6a,OUT,IN_SG,LEISURE,2026-03-25,2026-04-05,3,19428.0,True
TRIP_cf130ff776,U_ce29600087,OUT,IN_AE,EVENT,2025-01-20,2025-01-24,3,4318.0,True
TRIP_139f635c35,U_ce29600087,OUT,IN_BT,EDUCATION,2025-03-03,2025-03-06,4,20194.0,True
TRIP_4f6435ba11,U_b68067af85,OUT,IN_FR,VFR,2025-04-25,2025-05-08,3,16838.0,True
TRIP_1632e8d207,U_f1481e0e90,OUT,IN_LK,VFR,2026-06-02,2026-06-10,1,12574.0,True
TRIP_f58ece9525,U_f1481e0e90,OUT,IN_FR,LEISURE,2025-07-21,2025-07-24,1,3517.0,True
TRIP_8fa47adee2,U_73ac100e7a,OUT,IN_AE,EVENT,2026-01-15,2026-01-29,2,13435.0,True
TRIP_7c04c343f0,U_f450db7366,OUT,IN_NP,LEISURE,2025-10-29,2025-11-12,3,21677.0,True
TRIP_113555ea05,U_f450db7366,OUT,IN_SG,VFR,2026-03-02,2026-03-15,2,3273.0,True
TRIP_e974b3053c,U_2245365623,OUT,IN_AE,LEISURE,2025-12-09,2025-12-19,2,7409.0,True
TRIP_02b6e35841,U_a3f522a191,OUT,IN_QA,PILGRIMAGE,2025-03-20,2025-03-26,2,18438.0,True
TRIP_fc7d8abe17,U_f149e7dc45,OUT,OTHER_R2,LEISURE,2025-04-23,2025-04-26,3,12371.0,True
TRIP_bfc5eb5ef6,U_f149e7dc45,OUT,IN_AE,BUSINESS,2025-08-12,2025-08-26,1,4361.0,True
TRIP_906b74848f,U_f149e7dc45,OUT,IN_AE,EVENT,2025-11-19,2025-12-02,3,4054.0,False
TRIP_3174b2f2f4,U_f149e7dc45,OUT,IN_MU,LEISURE,2025-12-21,2026-01-02,2,31721.0,True
TRIP_b569956355,U_a081cf7249,OUT,IN_AE,EDUCATION,2024-08-18,2024-08-25,2,29363.0,True
TRIP_9298108201,U_a081cf7249,OUT,IN_SG,LEISURE,2025-03-27,2025-04-01,2,9356.0,True
TRIP_34d1e79c6e,U_a92d52d673,OUT,IN_SG,MEDICAL,2025-06-02,2025-06-04,4,25980.0,True
TRIP_a0dde46878,U_a92d52d673,OUT,IN_AE,LEISURE,2025-02-16,2025-03-02,2,69243.0,True
TRIP_a812291cd3,U_249cbfb06c,OUT,OTHER_R2,VFR,2026-01-18,2026-01-30,3,18153.0,True
TRIP_67d903701e,U_7f2d806e51,OUT,IN_SG,BUSINESS,2025-06-29,2025-07-12,2,7861.0,True
TRIP_3a8d8514a7,U_7f2d806e51,OUT,IN_NP,LEISURE,2024-12-28,2025-01-06,1,9970.0,True
TRIP_75f82d501a,U_7f2d806e51,OUT,IN_QA,LEISURE,2025-02-03,2025-02-17,4,9273.0,True
TRIP_aafdec5ace,U_d476a4014c,OUT,OTHER_R2,EVENT,2025-05-12,2025-05-16,1,12234.0,True
TRIP_b6671dc121,U_d476a4014c,OUT,OTHER_R2,VFR,2025-07-12,2025-07-16,2,20922.0,False
TRIP_ddadc8da68,U_572b0ca8e7,OUT,IN_AE,PILGRIMAGE,2025-04-11,2025-04-17,1,26577.0,True
TRIP_a032ed28f8,U_d664c09ae9,OUT,IN_SG,BUSINESS,2025-08-01,2025-08-12,1,34143.0,True
TRIP_7ae6bd1ca8,U_a3ff2640f6,OUT,OTHER_R2,LEISURE,2025-08-30,2025-09-11,3,9515.0,True
TRIP_71463b2b95,U_a3ff2640f6,OUT,IN_SG,BUSINESS,2026-01-28,2026-02-07,3,9749.0,True
TRIP_0efd6f69f1,U_9017d25b7d,OUT,IN_AE,VFR,2025-06-29,2025-07-10,2,20879.0,True
TRIP_75ec3318af,U_9017d25b7d,OUT,IN_SG,EDUCATION,2026-04-18,2026-04-29,1,37694.0,True
TRIP_9c3eae9686,U_08beb8eccf,OUT,IN_AE,BUSINESS,2025-06-29,2025-07-02,2,36325.0,True
TRIP_d784d28c2b,U_8c6e1d10b3,OUT,IN_AE,VFR,2025-12-04,2025-12-10,2,14161.0,True
TRIP_1fdc552cc6,U_8c6e1d10b3,OUT,IN_AE,EDUCATION,2025-08-21,2025-08-30,4,8733.0,False
TRIP_730d1fe3fa,U_c6eaa079e6,OUT,IN_AE,LEISURE,2025-04-24,2025-05-08,2,18040.0,True
TRIP_de78e7a0bf,U_a67f811ce6,OUT,IN_NP,LEISURE,2025-04-27,2025-05-03,1,8817.0,True
TRIP_83d5302339,U_5a4fe756cb,OUT,IN_AE,LEISURE,2026-04-05,2026-04-18,4,9869.0,True
TRIP_4951bece19,U_a6c07ac91b,OUT,IN_AE,EDUCATION,2025-03-02,2025-03-16,3,6135.0,True
TRIP_18c367871e,U_8ab1d4e8ea,OUT,IN_LK,VFR,2024-11-05,2024-11-08,4,40635.0,True
TRIP_aae3b5891d,U_8ab1d4e8ea,OUT,IN_MU,LEISURE,2025-09-27,2025-09-30,2,4049.0,True
TRIP_e9d017c96a,U_3c3da80b27,OUT,IN_AE,LEISURE,2026-03-12,2026-03-25,1,3385.0,True
TRIP_dc3e3d8653,U_988281b64a,OUT,OTHER_R2,LEISURE,2024-09-27,2024-10-01,3,8288.0,True
TRIP_7e67397604,U_2fc89c7214,OUT,IN_NP,EVENT,2025-09-16,2025-09-30,2,25882.0,True
TRIP_e880fcbbd4,U_a53f4d20f5,OUT,OTHER_R2,TRANSIT,2025-06-25,2025-06-30,2,13104.0,True
TRIP_aeceb1a6cc,U_a53f4d20f5,OUT,IN_AE,LEISURE,2025-08-31,2025-09-03,4,6991.0,True
TRIP_be83429dad,U_316baa5b5c,OUT,IN_AE,MEDICAL,2025-06-08,2025-06-10,4,10932.0,True
TRIP_ffb595b1c2,U_316baa5b5c,OUT,IN_NP,EDUCATION,2024-11-21,2024-11-28,3,2988.0,True
TRIP_d2c1775002,U_316baa5b5c,OUT,IN_AE,MEDICAL,2025-07-23,2025-08-05,2,5188.0,False
TRIP_3ccc7dab1f,U_4a41c346bf,OUT,IN_SG,LEISURE,2025-11-06,2025-11-19,3,10685.0,True
TRIP_e962ac0015,U_4bc23b48f6,OUT,IN_AE,LEISURE,2024-12-11,2024-12-24,3,2117.0,True
TRIP_4e384a4e96,U_26311bbbf6,OUT,IN_NP,MEDICAL,2026-01-18,2026-01-29,2,23070.0,True
TRIP_0318101a67,U_f0c53029e2,OUT,IN_AE,LEISURE,2024-08-14,2024-08-21,1,20807.0,True
TRIP_47754b25ec,U_88d20ec6fc,OUT,IN_NP,MEDICAL,2025-05-26,2025-05-28,3,7009.0,True
TRIP_922c045b89,U_88d20ec6fc,OUT,IN_SG,EDUCATION,2026-01-29,2026-02-06,1,9438.0,True
TRIP_b7cbd55148,U_88d20ec6fc,OUT,IN_NP,MEDICAL,2025-04-04,2025-04-11,3,56668.0,False
TRIP_17d5852d67,U_88d20ec6fc,OUT,IN_AE,MEDICAL,2026-06-12,2026-06-20,2,10737.0,True
TRIP_2bf5d980ef,U_88d20ec6fc,OUT,IN_AE,EDUCATION,2024-10-29,2024-11-10,2,5744.0,False
TRIP_a2a0c56933,U_88d20ec6fc,OUT,IN_SG,EDUCATION,2024-08-27,2024-08-30,2,8031.0,False
TRIP_7013af5b40,U_8a83463917,OUT,IN_NP,LEISURE,2025-04-11,2025-04-18,1,19613.0,True
TRIP_88efbe981d,U_b86607b9b2,OUT,IN_MU,BUSINESS,2026-05-02,2026-05-11,4,11018.0,True
TRIP_467f2ddd63,U_b86607b9b2,OUT,IN_NP,BUSINESS,2026-07-06,2026-07-13,1,10372.0,True
TRIP_0908e2d529,U_a21d5f1a08,OUT,IN_AE,EDUCATION,2026-06-28,2026-07-01,4,36301.0,True
TRIP_667dbee2ba,U_91635dbf43,OUT,IN_QA,EDUCATION,2024-09-24,2024-09-29,4,48910.0,True
TRIP_7527a5ab83,U_91635dbf43,OUT,IN_QA,EDUCATION,2025-02-08,2025-02-15,1,11899.0,True
TRIP_36ef13e134,U_d4509085d0,OUT,IN_AE,EDUCATION,2025-04-17,2025-04-20,2,24015.0,True
TRIP_f46aabb240,U_d4509085d0,OUT,IN_SG,EDUCATION,2024-09-22,2024-09-24,3,16720.0,True
TRIP_33479890bf,U_d4509085d0,OUT,IN_SG,VFR,2025-01-24,2025-02-04,3,13094.0,True
TRIP_cf77c6ce37,U_d4509085d0,OUT,IN_AE,BUSINESS,2025-09-20,2025-09-26,3,24498.0,True
TRIP_bc05ad486e,U_d9cd3c7e0a,OUT,IN_AE,MEDICAL,2025-10-01,2025-10-09,3,7412.0,True
TRIP_30d0c12c7c,U_ac7c0b6180,OUT,IN_QA,BUSINESS,2026-05-21,2026-05-29,1,9058.0,True
TRIP_f07ad4fbf7,U_b62b4648ec,OUT,IN_QA,BUSINESS,2025-10-12,2025-10-17,2,8323.0,True
TRIP_e4d5c7c97e,U_ec5a952188,OUT,IN_NP,BUSINESS,2025-07-01,2025-07-12,3,105887.0,True
TRIP_36b08e995a,U_c5ab3038a4,OUT,IN_AE,LEISURE,2024-10-21,2024-10-26,2,1280.0,True
TRIP_0d274a8612,U_b04eb405bf,OUT,IN_SG,LEISURE,2026-05-22,2026-05-30,3,8792.0,True
TRIP_0f7d110366,U_c040faf3ba,OUT,IN_AE,EDUCATION,2026-05-26,2026-06-02,2,23801.0,True
TRIP_0f1a49eb4b,U_c040faf3ba,OUT,IN_QA,EDUCATION,2025-12-03,2025-12-16,3,22460.0,True
TRIP_4cc3b38233,U_c040faf3ba,OUT,IN_AE,EDUCATION,2025-05-14,2025-05-20,1,9020.0,False
TRIP_fda82c029b,U_2e1de759fa,OUT,IN_NP,EVENT,2024-10-04,2024-10-08,1,7039.0,True
TRIP_931ec8326e,U_2e1de759fa,OUT,OTHER_R2,LEISURE,2025-08-01,2025-08-11,1,13864.0,True
TRIP_a9cf1696f7,U_810d40d1fc,OUT,IN_SG,VFR,2024-10-06,2024-10-18,1,10607.0,True
TRIP_5b590a3a6e,U_41f4e5be77,OUT,IN_SG,LEISURE,2024-09-25,2024-09-30,1,17730.0,True
TRIP_de1f3530f2,U_47864dfa05,OUT,IN_MU,VFR,2024-12-15,2024-12-25,1,14771.0,True
TRIP_275e55172d,U_47864dfa05,OUT,IN_AE,LEISURE,2024-11-29,2024-12-05,2,39022.0,True
TRIP_214068c330,U_8486a9e032,OUT,IN_MU,BUSINESS,2024-10-12,2024-10-22,3,16696.0,True
TRIP_042cf10e1b,U_8014e1c1d8,OUT,IN_NP,BUSINESS,2025-10-11,2025-10-25,3,36806.0,True
TRIP_2f2bc4a2cd,U_8014e1c1d8,OUT,IN_LK,EVENT,2026-05-13,2026-05-27,1,10175.0,True
TRIP_db3369cb71,U_38d637dc88,OUT,IN_LK,LEISURE,2025-10-16,2025-10-22,1,2489.0,True
TRIP_a8ee97ec3b,U_38d637dc88,OUT,IN_NP,EDUCATION,2026-03-21,2026-03-27,4,9065.0,True
TRIP_bc5d5d09fd,U_38d637dc88,OUT,IN_NP,TRANSIT,2025-10-24,2025-11-02,1,17743.0,False
TRIP_bee59d2423,U_7fdd086c49,OUT,IN_QA,EVENT,2026-02-04,2026-02-11,3,4638.0,True
TRIP_34fb3de132,U_7fdd086c49,OUT,IN_NP,TRANSIT,2025-02-17,2025-02-27,2,5963.0,True
TRIP_15b8fb43c4,U_dfd361d5a8,OUT,IN_AE,BUSINESS,2025-08-19,2025-08-30,2,4206.0,True
TRIP_f3fba7a3d3,U_a58392bc2a,OUT,IN_AE,BUSINESS,2026-07-01,2026-07-09,2,25907.0,True
TRIP_b37f1e5004,U_a58392bc2a,OUT,IN_AE,EVENT,2025-09-25,2025-10-04,4,14872.0,False
TRIP_5c56dee96a,U_a82df299e5,OUT,IN_QA,PILGRIMAGE,2025-08-01,2025-08-13,1,23346.0,True
TRIP_efd518d506,U_d971f980f2,OUT,IN_AE,VFR,2025-05-22,2025-06-05,3,11439.0,True
TRIP_a3253ec455,U_e915f3926b,OUT,IN_SG,LEISURE,2025-05-14,2025-05-22,1,21577.0,True
TRIP_0cf66aa074,U_e915f3926b,OUT,IN_NP,EDUCATION,2025-10-31,2025-11-09,3,11561.0,True
TRIP_9f955131ea,U_5896f83736,OUT,IN_SG,LEISURE,2025-07-04,2025-07-11,3,4790.0,True
TRIP_e611468b17,U_700ad6935c,OUT,OTHER_R2,EDUCATION,2025-01-16,2025-01-29,3,2795.0,True
TRIP_dba6a45a86,U_cf32a900b6,OUT,IN_SG,LEISURE,2025-09-01,2025-09-12,2,12799.0,True
TRIP_9a7e16457e,U_1fa415aa7e,OUT,IN_SG,EDUCATION,2025-05-19,2025-05-21,2,2056.0,True
TRIP_ab200deb53,U_f92c7d2113,OUT,IN_NP,EDUCATION,2024-12-12,2024-12-24,4,11497.0,True
TRIP_9f9b21d57f,U_7a18d9e4c6,OUT,IN_QA,LEISURE,2025-12-22,2026-01-01,2,15275.0,True
TRIP_7d94b0bdef,U_7a18d9e4c6,OUT,IN_NP,VFR,2026-05-06,2026-05-14,2,9672.0,True
TRIP_08bf20bc07,U_7a18d9e4c6,OUT,IN_NP,TRANSIT,2025-02-06,2025-02-13,1,6576.0,True
TRIP_2956dfd88f,U_7a18d9e4c6,OUT,IN_AE,EVENT,2024-12-08,2024-12-12,1,20038.0,True
TRIP_13017c4aee,U_1810c4d54d,OUT,IN_AE,PILGRIMAGE,2024-12-15,2024-12-28,4,12254.0,True
TRIP_968ef1b708,U_1810c4d54d,OUT,IN_AE,PILGRIMAGE,2025-09-15,2025-09-29,4,4790.0,True
TRIP_7a23189a06,U_d5f2b28008,OUT,IN_AE,VFR,2025-05-12,2025-05-22,4,15643.0,True
TRIP_70e25275d8,U_3b9c0fcd72,OUT,IN_NP,PILGRIMAGE,2024-12-25,2024-12-27,4,3958.0,True
TRIP_4168cdb14f,U_3b9c0fcd72,OUT,IN_QA,LEISURE,2025-12-06,2025-12-14,2,19064.0,True
TRIP_961f445a34,U_5c455b5b2b,OUT,IN_KH,TRANSIT,2025-12-04,2025-12-10,2,104514.0,True
TRIP_82d07961a1,U_5c455b5b2b,OUT,OTHER_R2,LEISURE,2025-05-21,2025-05-26,1,20454.0,True
TRIP_83488382e2,U_5c455b5b2b,OUT,OTHER_R2,MEDICAL,2026-01-05,2026-01-08,1,12674.0,False
TRIP_70cda49126,U_d4d38a8b0b,OUT,IN_NP,LEISURE,2025-06-22,2025-07-06,1,9105.0,True
TRIP_acd6b7453a,U_d4d38a8b0b,OUT,IN_AE,LEISURE,2025-02-17,2025-02-26,2,15233.0,True
TRIP_abcf7ae8dc,U_87421e5fd7,OUT,IN_BT,LEISURE,2025-06-05,2025-06-14,3,4704.0,True
TRIP_b3695b3946,U_87421e5fd7,OUT,IN_FR,LEISURE,2025-11-14,2025-11-26,4,20530.0,True
TRIP_958ed6adc7,U_ce79b1e2d1,OUT,IN_AE,LEISURE,2025-03-09,2025-03-23,3,12521.0,True
TRIP_d1b8265c9d,U_dcd5bda631,OUT,OTHER_R2,LEISURE,2024-10-19,2024-11-02,3,3825.0,True
TRIP_8e79f97d43,U_43356d5a71,OUT,OTHER_R2,EVENT,2024-09-19,2024-09-21,3,11919.0,True
TRIP_c775af7452,U_cc8265812a,OUT,IN_AE,VFR,2025-12-15,2025-12-26,4,8358.0,True
TRIP_5e7f0ff5a6,U_57636902a7,OUT,OTHER_R2,VFR,2025-12-15,2025-12-28,1,13745.0,True
TRIP_041b87c4c6,U_3e8973e579,OUT,IN_AE,BUSINESS,2025-08-04,2025-08-18,2,10810.0,True
TRIP_5c0df37240,U_3e8973e579,OUT,IN_AE,EDUCATION,2026-03-18,2026-03-25,3,13876.0,False
TRIP_41e916bd2f,U_e9da5a9314,OUT,OTHER_R2,MEDICAL,2026-04-11,2026-04-23,4,13126.0,True
TRIP_7f2a85dc80,U_4a4c0ca06a,OUT,IN_QA,TRANSIT,2025-07-25,2025-08-03,3,13975.0,True
TRIP_bc78181fda,U_2b0351e280,OUT,IN_AE,BUSINESS,2025-03-08,2025-03-19,1,52519.0,True
TRIP_0a8d2cdafb,U_0f42279197,OUT,IN_AE,VFR,2026-03-04,2026-03-18,4,58262.0,True
TRIP_53c74a8f94,U_8a0265df13,OUT,IN_AE,BUSINESS,2024-11-27,2024-12-06,2,3877.0,True
TRIP_a48985a98a,U_8a0265df13,OUT,IN_QA,TRANSIT,2024-09-14,2024-09-24,2,17021.0,True
TRIP_a3c287f044,U_8a0265df13,OUT,IN_AE,LEISURE,2025-07-18,2025-07-28,2,48153.0,False
TRIP_5a2181d5bb,U_6615ca05a0,OUT,IN_AE,LEISURE,2025-09-12,2025-09-19,2,97086.0,True
TRIP_7b9d55a4d4,U_d906df3b22,OUT,IN_FR,MEDICAL,2024-10-01,2024-10-10,2,12267.0,True
TRIP_9680e6ef26,U_d906df3b22,OUT,IN_AE,LEISURE,2026-06-13,2026-06-23,4,38279.0,True
TRIP_5f25c8abdc,U_d906df3b22,OUT,IN_AE,LEISURE,2025-04-12,2025-04-21,4,23593.0,False
TRIP_07402ffdfe,U_d906df3b22,OUT,IN_AE,LEISURE,2024-11-14,2024-11-18,3,14761.0,False
TRIP_176c2be0dd,U_3655e10a7b,OUT,IN_MU,LEISURE,2025-08-31,2025-09-11,3,3366.0,True
TRIP_f0900465d6,U_30eb0f9357,OUT,IN_BT,LEISURE,2026-06-12,2026-06-22,3,4429.0,True
TRIP_49f584f872,U_30eb0f9357,OUT,IN_LK,VFR,2025-11-16,2025-11-27,3,21354.0,True
TRIP_8d3ac53909,U_169d53b1b2,OUT,IN_BT,VFR,2025-09-23,2025-10-05,2,72920.0,True
TRIP_384c92e4ab,U_8ca81608be,OUT,IN_FR,LEISURE,2025-09-26,2025-10-01,1,33060.0,True
TRIP_9701fa951a,U_eba5102431,OUT,IN_AE,VFR,2025-03-22,2025-03-28,3,13686.0,True
TRIP_a2deeddb98,U_6b284a4fbb,OUT,OTHER_R2,LEISURE,2025-03-02,2025-03-08,3,34314.0,True
TRIP_4261e84a52,U_1700625efa,OUT,OTHER_R2,VFR,2025-12-19,2025-12-27,1,48368.0,True
TRIP_834d885a76,U_1e4a426b32,OUT,IN_AE,LEISURE,2024-11-25,2024-12-09,4,19380.0,True
TRIP_cf8510332d,U_9ecf56486b,OUT,IN_QA,MEDICAL,2024-11-01,2024-11-12,2,6321.0,True
TRIP_905327c301,U_9ecf56486b,OUT,IN_LK,LEISURE,2024-08-12,2024-08-16,1,3494.0,True
TRIP_05956c459b,U_507a808faf,OUT,IN_SG,PILGRIMAGE,2026-01-29,2026-02-04,2,2056.0,True
TRIP_7dc99f24d6,U_507a808faf,OUT,IN_AE,VFR,2025-06-10,2025-06-14,2,12746.0,True
TRIP_ab9e91b128,U_6ab3183172,OUT,IN_AE,PILGRIMAGE,2026-06-03,2026-06-14,1,7370.0,True
TRIP_eb95b2b0ea,U_6ab3183172,OUT,IN_LK,PILGRIMAGE,2025-11-10,2025-11-18,2,14048.0,True
TRIP_7e851ffaf1,U_40d674a597,OUT,OTHER_R2,BUSINESS,2025-09-24,2025-10-04,2,41573.0,True
TRIP_e72d3f7821,U_40d674a597,OUT,IN_QA,LEISURE,2025-08-11,2025-08-22,4,24242.0,True
TRIP_f32154a116,U_40d674a597,OUT,OTHER_R2,BUSINESS,2024-11-06,2024-11-18,2,11581.0,False
TRIP_f7168c8cf2,U_40d674a597,OUT,IN_AE,LEISURE,2025-01-18,2025-01-29,4,18170.0,True
TRIP_60d05cf937,U_40d674a597,OUT,IN_AE,LEISURE,2026-03-04,2026-03-13,3,17711.0,False
TRIP_f8d44d2b69,U_ac814d7960,OUT,IN_AE,MEDICAL,2025-08-02,2025-08-16,2,8869.0,True
TRIP_e5527721a4,U_ac814d7960,OUT,IN_QA,EDUCATION,2024-08-17,2024-08-25,3,8355.0,True
TRIP_a3464b133c,U_ac814d7960,OUT,IN_AE,MEDICAL,2025-01-24,2025-02-06,1,13021.0,False
TRIP_94d7d87fa7,U_ac814d7960,OUT,OTHER_R2,EDUCATION,2025-02-03,2025-02-15,3,7487.0,True
TRIP_6acb021de5,U_743babebc1,OUT,IN_AE,EVENT,2025-09-16,2025-09-22,3,6953.0,True
TRIP_532961e95a,U_743babebc1,OUT,IN_AE,VFR,2024-08-12,2024-08-25,4,3493.0,True
TRIP_45893b2681,U_b827d141a5,OUT,IN_MU,BUSINESS,2025-08-21,2025-08-28,4,32535.0,True
TRIP_5d70b9526a,U_b827d141a5,OUT,IN_AE,VFR,2026-05-31,2026-06-09,3,70935.0,True
TRIP_5be1eb5b8c,U_241b0afddd,OUT,OTHER_R2,LEISURE,2025-08-12,2025-08-16,2,8442.0,True
TRIP_4d312e0852,U_241b0afddd,OUT,IN_SG,EVENT,2025-04-30,2025-05-14,2,10616.0,True
TRIP_73dd407e89,U_241b0afddd,OUT,IN_NP,LEISURE,2024-08-19,2024-08-27,2,75939.0,True
TRIP_37ef5ccb58,U_42c1a93f1d,OUT,OTHER_R2,BUSINESS,2025-05-16,2025-05-26,1,12464.0,True
TRIP_efb82f3d93,U_81545b4acb,OUT,IN_AE,BUSINESS,2026-01-22,2026-01-30,3,27343.0,True
TRIP_c3a464e170,U_6030d119f6,OUT,IN_AE,LEISURE,2025-11-04,2025-11-18,2,12950.0,True
TRIP_0ef1c88a6e,U_6030d119f6,OUT,IN_KH,VFR,2026-04-02,2026-04-08,2,11554.0,True
TRIP_3d2ec95077,U_6030d119f6,OUT,IN_AE,LEISURE,2025-01-06,2025-01-10,4,4475.0,True
TRIP_894e3456f6,U_edae74e4af,OUT,IN_AE,LEISURE,2025-02-17,2025-02-24,4,38532.0,True
TRIP_d59847c255,U_7f2ae2998c,OUT,OTHER_R2,LEISURE,2026-03-23,2026-03-27,4,64361.0,True
TRIP_84725cd50e,U_7f2ae2998c,OUT,IN_SG,EVENT,2025-04-04,2025-04-11,4,20822.0,True
TRIP_b548985fb9,U_4e32d74296,OUT,IN_SG,LEISURE,2025-05-04,2025-05-17,1,3896.0,True
TRIP_a07ecac8e2,U_4e32d74296,OUT,IN_QA,LEISURE,2026-07-05,2026-07-12,4,5472.0,True
TRIP_ee8f1e5b2c,U_eeb329ead9,OUT,OTHER_R2,TRANSIT,2026-03-10,2026-03-13,1,20319.0,True
TRIP_373c96eb1d,U_894b44d458,OUT,OTHER_R2,LEISURE,2025-12-10,2025-12-15,1,14497.0,True
TRIP_53cc7935fe,U_6de0d69193,OUT,IN_QA,EDUCATION,2026-06-23,2026-07-05,3,3990.0,True
TRIP_ac1711a603,U_769d0558ea,OUT,OTHER_R2,PILGRIMAGE,2025-05-02,2025-05-06,4,24023.0,True
TRIP_fb5a055895,U_769d0558ea,OUT,IN_AE,LEISURE,2025-01-28,2025-02-01,1,16490.0,True
TRIP_7c35a1242b,U_769d0558ea,OUT,IN_AE,LEISURE,2024-09-06,2024-09-08,1,25296.0,True
TRIP_d514b0647c,U_b96f2af569,OUT,IN_MU,EDUCATION,2025-12-24,2025-12-31,3,7579.0,True
TRIP_f53b613d31,U_6131cab984,OUT,IN_FR,VFR,2025-11-10,2025-11-20,3,12509.0,True
TRIP_450fcb8cbe,U_b269ba42f6,OUT,IN_AE,LEISURE,2026-03-20,2026-03-22,2,10709.0,True
TRIP_6139de3298,U_1d8e8fbe30,OUT,IN_AE,VFR,2026-05-13,2026-05-23,2,5495.0,True
TRIP_d8c78ba45e,U_1d8e8fbe30,OUT,IN_AE,EDUCATION,2026-07-10,2026-07-23,2,11484.0,True
TRIP_bf1fb2cd2e,U_1d8e8fbe30,OUT,OTHER_R2,EDUCATION,2025-12-22,2025-12-31,3,12974.0,True
TRIP_23b61ae646,U_bbc9f9a1ed,OUT,IN_NP,EDUCATION,2025-12-15,2025-12-28,1,29277.0,True
TRIP_5fee73f110,U_6fd5e3e963,OUT,OTHER_R2,PILGRIMAGE,2026-05-31,2026-06-03,4,3854.0,True
TRIP_76578688e5,U_6fd5e3e963,OUT,IN_BT,EVENT,2025-07-27,2025-08-02,4,8769.0,True
TRIP_1a6df3f8cd,U_55bc043cd0,OUT,OTHER_R2,LEISURE,2025-07-23,2025-07-31,4,16728.0,True
TRIP_9ea1540d87,U_aaf89a6c14,OUT,IN_AE,LEISURE,2025-08-27,2025-09-10,2,8270.0,True
TRIP_d032521004,U_aaf89a6c14,OUT,IN_AE,MEDICAL,2025-10-14,2025-10-22,4,49451.0,True
TRIP_5a8b334b27,U_8aa534f7a4,OUT,IN_AE,EDUCATION,2025-03-25,2025-04-04,2,14708.0,True
TRIP_35a7da546e,U_e9ffde8356,OUT,IN_SG,VFR,2024-09-12,2024-09-22,3,18215.0,True
TRIP_fb0ba2be1e,U_a53d6c83d1,OUT,IN_QA,EDUCATION,2024-11-11,2024-11-14,3,5352.0,True
TRIP_90c719f59d,U_a53d6c83d1,OUT,IN_MU,LEISURE,2025-02-05,2025-02-15,2,35859.0,True
TRIP_b5af3464f5,U_a53d6c83d1,OUT,IN_NP,LEISURE,2025-09-22,2025-09-24,3,12838.0,True
TRIP_67d7a99442,U_d7ad099232,OUT,IN_MU,LEISURE,2026-01-31,2026-02-12,2,5816.0,True
TRIP_6d61c6017b,U_d94dcd56d6,OUT,IN_AE,EDUCATION,2025-11-05,2025-11-16,2,8451.0,True
TRIP_a9276d1c6e,U_298203aafc,OUT,IN_AE,LEISURE,2026-04-18,2026-04-23,2,11548.0,True
TRIP_785d5a3525,U_de4bdcde23,OUT,IN_LK,LEISURE,2025-06-21,2025-06-29,3,19582.0,True
TRIP_e701ec175c,U_de4bdcde23,OUT,IN_QA,LEISURE,2026-02-20,2026-02-27,4,11511.0,True
TRIP_5767f262e3,U_de4bdcde23,OUT,IN_AE,BUSINESS,2025-10-17,2025-10-19,3,6387.0,True
TRIP_67cce92ed3,U_785f999d16,OUT,IN_AE,BUSINESS,2026-05-23,2026-06-01,1,11967.0,True
TRIP_c1366dcbd3,U_785f999d16,OUT,IN_SG,LEISURE,2025-06-16,2025-06-30,4,6060.0,True
TRIP_cb9e344ecb,U_785f999d16,OUT,IN_BT,LEISURE,2025-07-02,2025-07-04,1,54152.0,True
TRIP_1c5f79fa9d,U_bff85dca91,OUT,IN_LK,LEISURE,2026-06-29,2026-07-01,1,3343.0,True
TRIP_19e2195f98,U_bff85dca91,OUT,IN_AE,EVENT,2025-05-17,2025-05-27,4,10406.0,True
TRIP_aa9aa79fef,U_bff85dca91,OUT,OTHER_R2,LEISURE,2025-03-31,2025-04-12,3,16544.0,True
TRIP_d6b51c1d1c,U_bff85dca91,OUT,IN_NP,EDUCATION,2026-02-18,2026-02-24,4,9536.0,True
TRIP_50deed8288,U_e767712bfc,OUT,IN_AE,VFR,2026-04-26,2026-05-04,4,1895.0,True
TRIP_caf9390102,U_4e81c4f206,OUT,IN_FR,LEISURE,2025-03-23,2025-04-01,3,12792.0,True
TRIP_debcd8ba7d,U_4e81c4f206,OUT,IN_NP,LEISURE,2026-06-26,2026-07-06,2,8930.0,True
TRIP_aed81c03e4,U_125dafcba9,OUT,IN_QA,EVENT,2025-04-23,2025-05-01,2,9040.0,True
TRIP_324883fbb9,U_125dafcba9,OUT,IN_SG,LEISURE,2026-05-06,2026-05-08,3,12471.0,True
TRIP_cac678291b,U_34556a7e39,OUT,IN_AE,LEISURE,2026-01-10,2026-01-15,2,8531.0,True
TRIP_1035bac5d1,U_3c7f075d65,OUT,IN_LK,BUSINESS,2026-01-20,2026-01-25,2,28087.0,True
TRIP_3678685105,U_3c7f075d65,OUT,IN_BT,LEISURE,2026-01-21,2026-01-31,2,23577.0,True
TRIP_303b9a6ef0,U_3c7f075d65,OUT,IN_NP,TRANSIT,2026-01-07,2026-01-19,2,7601.0,True
TRIP_ce84e09479,U_d5b4acdca9,OUT,IN_SG,VFR,2025-01-25,2025-01-29,1,7259.0,True
TRIP_8e3bd1b4b7,U_d5b4acdca9,OUT,IN_SG,EDUCATION,2026-01-03,2026-01-12,2,8644.0,True
TRIP_9e50fe9b91,U_0a5631f91c,OUT,IN_NP,LEISURE,2024-08-20,2024-08-23,4,9162.0,True
TRIP_5d15a77053,U_8de0fdd2bc,OUT,OTHER_R2,EVENT,2025-05-19,2025-05-23,4,9926.0,True
TRIP_479930d58b,U_107ef7b87f,OUT,IN_AE,LEISURE,2026-04-09,2026-04-14,2,10943.0,True
TRIP_0a2b7a06c4,U_107ef7b87f,OUT,IN_QA,EVENT,2025-12-18,2025-12-21,4,16246.0,True
TRIP_40b00114ae,U_f10a9e05e9,OUT,IN_SG,MEDICAL,2025-02-11,2025-02-24,2,6519.0,True
TRIP_3ef9b0a270,U_10a8c78581,OUT,IN_NP,LEISURE,2026-05-31,2026-06-09,2,7841.0,True
TRIP_ec2244bbe5,U_10a8c78581,OUT,IN_SG,LEISURE,2024-09-21,2024-09-25,2,7950.0,True
TRIP_d23e2346b6,U_bdff45b229,OUT,IN_AE,MEDICAL,2025-01-13,2025-01-26,4,9091.0,True
TRIP_648b587c5f,U_55ad872eee,OUT,IN_SG,VFR,2025-10-18,2025-10-24,2,12915.0,True
TRIP_698e7161bf,U_1fb56f2a49,OUT,IN_FR,LEISURE,2026-05-19,2026-05-27,2,16526.0,True
TRIP_9ba430688a,U_03fb54d3da,OUT,IN_AE,LEISURE,2026-04-29,2026-05-09,3,15296.0,True
TRIP_06c6df3193,U_83af92b5bc,OUT,OTHER_R2,EDUCATION,2025-08-02,2025-08-09,3,29635.0,True
TRIP_786b7226d7,U_83af92b5bc,OUT,IN_BT,LEISURE,2025-05-20,2025-05-30,4,7497.0,True
TRIP_3bbd9abb9a,U_83af92b5bc,OUT,IN_AE,EVENT,2025-01-31,2025-02-02,2,21836.0,True
TRIP_4f63ef89ee,U_83af92b5bc,OUT,IN_SG,LEISURE,2025-02-21,2025-03-06,4,54293.0,True
TRIP_2c45b98c46,U_108d11ef53,OUT,IN_NP,EDUCATION,2025-04-02,2025-04-08,4,9047.0,True
TRIP_b9aa0978f7,U_680144f38d,OUT,IN_QA,BUSINESS,2025-12-28,2026-01-10,2,16633.0,True
TRIP_769d2e9667,U_0ad0c99f3d,OUT,IN_AE,MEDICAL,2026-01-14,2026-01-23,2,73222.0,True
TRIP_f7b4829cad,U_0ad0c99f3d,OUT,IN_NP,MEDICAL,2026-05-24,2026-05-26,4,71191.0,True
TRIP_a7d18e75ff,U_0ad0c99f3d,OUT,IN_SG,EDUCATION,2024-08-13,2024-08-24,3,4718.0,True
TRIP_c1d43b6f87,U_37aa378fbd,OUT,IN_AE,MEDICAL,2026-04-24,2026-05-04,2,53597.0,True
TRIP_a7f9e0ea25,U_917ea73305,OUT,IN_NP,LEISURE,2024-10-13,2024-10-27,3,19527.0,True
TRIP_e779781adb,U_25f8e55734,OUT,OTHER_R2,VFR,2025-03-28,2025-04-10,4,36366.0,True
TRIP_ca6e6ac93a,U_25f8e55734,OUT,IN_SG,LEISURE,2025-07-26,2025-07-30,2,8853.0,True
TRIP_65658af607,U_a531f4d066,OUT,OTHER_R2,LEISURE,2026-03-16,2026-03-19,4,38476.0,True
TRIP_5cd35b7f59,U_a531f4d066,OUT,IN_AE,BUSINESS,2025-10-18,2025-10-28,3,15741.0,True
TRIP_6ace01e10c,U_72f655e172,OUT,OTHER_R2,EVENT,2025-12-12,2025-12-25,3,12457.0,True
TRIP_4ef77c76aa,U_72f655e172,OUT,IN_AE,LEISURE,2026-01-31,2026-02-11,2,4946.0,True
TRIP_3f591086e6,U_72f655e172,OUT,IN_AE,PILGRIMAGE,2025-07-24,2025-08-05,1,1886.0,True
TRIP_e4c187ebd5,U_7ad2a0c6a0,OUT,OTHER_R2,LEISURE,2026-06-17,2026-06-23,1,10025.0,True
TRIP_828a638601,U_7ad2a0c6a0,OUT,IN_AE,EDUCATION,2025-02-07,2025-02-11,3,7279.0,True
TRIP_98b9c8b3b6,U_36f8aebc21,OUT,IN_QA,MEDICAL,2026-02-16,2026-02-28,1,42190.0,True
TRIP_c9683fb92a,U_c699357b3b,OUT,IN_SG,LEISURE,2025-10-28,2025-11-06,3,21150.0,True
TRIP_ea4b93b88f,U_c699357b3b,OUT,IN_SG,VFR,2025-08-14,2025-08-18,1,24542.0,True
TRIP_75a0c27267,U_c699357b3b,OUT,IN_AE,PILGRIMAGE,2026-02-01,2026-02-14,1,2617.0,True
TRIP_658ab493d2,U_50ec44fb26,OUT,IN_AE,LEISURE,2024-10-20,2024-10-23,1,29030.0,True
TRIP_ef29380728,U_b9c60542e2,OUT,IN_MU,EDUCATION,2024-12-31,2025-01-08,2,2266.0,True
TRIP_4c3da3a2fc,U_b9c60542e2,OUT,IN_AE,EVENT,2025-07-02,2025-07-09,4,16271.0,True
TRIP_70f8e0c44d,U_b9c60542e2,OUT,IN_SG,LEISURE,2024-12-25,2025-01-04,4,7433.0,True
TRIP_1d5ff15920,U_b9c60542e2,OUT,IN_SG,LEISURE,2025-10-10,2025-10-17,1,15854.0,False
TRIP_2249246c20,U_51aea36348,OUT,IN_KH,VFR,2026-03-29,2026-04-03,3,19024.0,True
TRIP_817271cb21,U_51aea36348,OUT,IN_QA,LEISURE,2025-10-15,2025-10-22,4,109396.0,True
TRIP_ab7f6e5c8c,U_e774f1ba73,OUT,IN_SG,EDUCATION,2025-03-22,2025-03-31,3,20849.0,True
TRIP_140b93fd7b,U_72138d4ac6,OUT,IN_BT,VFR,2024-11-11,2024-11-16,2,3591.0,True
TRIP_10eecaea15,U_40ebdb6744,OUT,OTHER_R2,MEDICAL,2024-08-24,2024-09-03,1,23060.0,True
TRIP_667a3bd0e7,U_74be4fb62b,OUT,IN_AE,VFR,2025-06-11,2025-06-22,1,19424.0,True
TRIP_f4d0aef920,U_74be4fb62b,OUT,IN_AE,LEISURE,2025-09-15,2025-09-27,2,18122.0,False
TRIP_f1ac4b9f72,U_74be4fb62b,OUT,IN_AE,LEISURE,2024-10-30,2024-11-13,3,14650.0,False
TRIP_fb7e571f3c,U_fd01ee6f71,OUT,IN_AE,BUSINESS,2025-07-18,2025-07-22,4,18330.0,True
TRIP_840be7d3e3,U_70b3d46b4b,OUT,IN_AE,LEISURE,2024-09-13,2024-09-20,2,6359.0,True
TRIP_60daae95c7,U_37817908f2,OUT,IN_QA,MEDICAL,2025-03-13,2025-03-26,1,22844.0,True
TRIP_d48c33692f,U_37817908f2,OUT,IN_NP,EDUCATION,2024-10-27,2024-11-10,4,8674.0,True
TRIP_7dfa598ca3,U_1ce23910cf,OUT,IN_SG,BUSINESS,2024-12-19,2024-12-24,3,25392.0,True
TRIP_25a46abb07,U_982f0f91e5,OUT,IN_SG,EDUCATION,2025-09-20,2025-09-23,2,24911.0,True
TRIP_1f6d813f46,U_c3c82aa3c1,OUT,IN_AE,LEISURE,2026-01-21,2026-01-27,4,16595.0,True
TRIP_9f60b466ae,U_c3c82aa3c1,OUT,OTHER_R2,LEISURE,2025-12-14,2025-12-28,4,7714.0,True
TRIP_39147ef73d,U_d959f213d2,OUT,OTHER_R2,LEISURE,2025-07-25,2025-07-29,4,2898.0,True
TRIP_6b45e93b9f,U_d959f213d2,OUT,IN_SG,LEISURE,2026-05-20,2026-06-01,1,2445.0,True
TRIP_d3bc63171b,U_d201c45792,OUT,IN_SG,LEISURE,2025-05-14,2025-05-22,2,22118.0,True
TRIP_61d11b7cbf,U_d201c45792,OUT,IN_LK,LEISURE,2024-09-23,2024-09-28,2,7749.0,True
TRIP_e33b9c1369,U_d201c45792,OUT,IN_AE,LEISURE,2026-06-08,2026-06-15,1,9307.0,True
TRIP_1e74d706ec,U_d0cb63ab1d,OUT,IN_AE,PILGRIMAGE,2025-10-31,2025-11-06,4,32331.0,True
TRIP_c40536bb4c,U_d0cb63ab1d,OUT,IN_SG,EDUCATION,2025-10-10,2025-10-24,3,28527.0,True
TRIP_184cc0a3b2,U_53801f57bb,OUT,IN_BT,LEISURE,2026-03-04,2026-03-08,3,12138.0,True
TRIP_105c459f85,U_7705a854e4,OUT,OTHER_R2,LEISURE,2026-02-07,2026-02-17,4,28871.0,True
TRIP_5d280b3351,U_eef1845d62,OUT,IN_QA,TRANSIT,2024-10-09,2024-10-13,1,9616.0,True
TRIP_ac2ad039f6,U_e6cbbd168a,OUT,IN_AE,EVENT,2025-08-28,2025-09-04,1,7965.0,True
TRIP_ef4e879c91,U_e6cbbd168a,OUT,IN_NP,LEISURE,2026-05-03,2026-05-12,3,15223.0,True
TRIP_0a2bf9571f,U_210a3ba075,OUT,IN_SG,TRANSIT,2025-07-13,2025-07-23,1,7243.0,True
TRIP_cde66531fd,U_210a3ba075,OUT,IN_BT,EVENT,2025-07-01,2025-07-03,4,9661.0,True
TRIP_58d9ffb4aa,U_a64f3191e2,OUT,IN_NP,LEISURE,2025-02-10,2025-02-22,2,6529.0,True
TRIP_86122a3800,U_a64f3191e2,OUT,OTHER_R2,PILGRIMAGE,2024-12-28,2025-01-01,4,5737.0,True
TRIP_360d011871,U_a64f3191e2,OUT,OTHER_R2,LEISURE,2026-07-01,2026-07-06,4,28601.0,False
TRIP_cffe809f28,U_55d90a9ea2,OUT,IN_BT,EVENT,2026-02-11,2026-02-18,2,11052.0,True
TRIP_750aaeacd7,U_55d90a9ea2,OUT,IN_AE,LEISURE,2025-11-24,2025-11-26,2,15478.0,True
TRIP_f7d5cae7d5,U_fb86a0b55e,OUT,OTHER_R2,LEISURE,2025-10-12,2025-10-19,3,21044.0,True
TRIP_c0e19f0898,U_fb86a0b55e,OUT,IN_NP,EVENT,2025-06-07,2025-06-10,3,24280.0,True
TRIP_cb3e457aa1,U_9ca3807368,OUT,OTHER_R2,LEISURE,2026-01-22,2026-01-28,2,9332.0,True
TRIP_16a42941ab,U_9ca3807368,OUT,IN_LK,VFR,2026-04-10,2026-04-16,2,29137.0,True
TRIP_fda531cad7,U_0f585ff51e,OUT,IN_SG,LEISURE,2025-01-10,2025-01-24,3,6752.0,True
TRIP_df34ddd98c,U_23edc08aca,OUT,IN_NP,PILGRIMAGE,2025-05-14,2025-05-17,3,8992.0,True
TRIP_36702275f1,U_6bed5c2641,OUT,IN_SG,PILGRIMAGE,2024-12-31,2025-01-12,4,12219.0,True
TRIP_2779712290,U_2cb083bf56,OUT,IN_QA,LEISURE,2024-09-04,2024-09-08,4,35215.0,True
TRIP_a5281779c5,U_3adc707a89,OUT,OTHER_R2,LEISURE,2025-10-04,2025-10-13,2,10911.0,True
TRIP_d53eca59a6,U_3adc707a89,OUT,IN_AE,BUSINESS,2026-06-28,2026-07-12,3,15653.0,True
TRIP_69824026b4,U_65b7176fa6,OUT,OTHER_R2,LEISURE,2025-03-11,2025-03-20,1,15812.0,True
TRIP_c1a4bd9549,U_65b7176fa6,OUT,IN_AE,VFR,2025-03-20,2025-03-29,1,15482.0,True
TRIP_51ea181fd1,U_88c702d48b,OUT,IN_AE,LEISURE,2026-04-20,2026-04-26,2,8803.0,True
TRIP_fe4a085e8c,U_88c702d48b,OUT,IN_NP,LEISURE,2025-06-20,2025-06-30,2,34382.0,True
TRIP_835ef77dc3,U_88c702d48b,OUT,IN_BT,LEISURE,2025-12-29,2026-01-08,1,20871.0,True
TRIP_e84f623e51,U_8a37dade94,OUT,IN_SG,BUSINESS,2025-06-03,2025-06-07,1,3652.0,True
TRIP_27c5f2e585,U_8a37dade94,OUT,IN_NP,LEISURE,2026-06-21,2026-06-29,2,29124.0,True
TRIP_6de454c4ed,U_a2d1dc337a,OUT,OTHER_R2,PILGRIMAGE,2024-08-25,2024-09-04,1,24411.0,True
TRIP_f7fd305ee5,U_202ebe6f0d,OUT,IN_QA,EVENT,2025-12-13,2025-12-27,1,14365.0,True
TRIP_99d2985390,U_202ebe6f0d,OUT,IN_QA,LEISURE,2024-11-29,2024-12-01,1,5994.0,False
TRIP_74df442447,U_1b009fa3cd,OUT,IN_LK,EDUCATION,2025-12-21,2025-12-25,3,13227.0,True
TRIP_670bc6362b,U_1b009fa3cd,OUT,IN_MU,VFR,2025-01-09,2025-01-20,4,26842.0,True
TRIP_64e16ee01a,U_31ff9bcd69,OUT,IN_SG,LEISURE,2025-01-25,2025-02-03,2,11249.0,True
TRIP_61d693fb50,U_c37df09299,OUT,IN_AE,VFR,2026-04-10,2026-04-22,3,21277.0,True
TRIP_9485d8df84,U_ed14efa764,OUT,IN_NP,BUSINESS,2025-11-03,2025-11-05,1,14218.0,True
TRIP_4bfab0c16c,U_ed14efa764,OUT,IN_NP,BUSINESS,2026-05-20,2026-05-30,2,33458.0,True
TRIP_2c79af3536,U_ed14efa764,OUT,OTHER_R2,PILGRIMAGE,2025-08-14,2025-08-25,3,53012.0,True
TRIP_d82fbe005c,U_616885ad76,OUT,IN_AE,PILGRIMAGE,2025-05-15,2025-05-23,2,6304.0,True
TRIP_12220d246b,U_0a46b581f1,OUT,IN_NP,EDUCATION,2025-08-09,2025-08-20,4,19358.0,True
TRIP_8663217d82,U_a93652fcde,OUT,IN_AE,LEISURE,2026-04-18,2026-05-01,3,5008.0,True
TRIP_37b21969ba,U_a93652fcde,OUT,OTHER_R2,LEISURE,2025-10-14,2025-10-23,1,82043.0,True
TRIP_f06356be6e,U_cf47454264,OUT,IN_AE,VFR,2026-03-22,2026-03-26,3,5023.0,True
TRIP_b546c3b45c,U_c2e9a27543,OUT,OTHER_R2,PILGRIMAGE,2025-06-07,2025-06-20,3,10772.0,True
TRIP_6f5fb49a89,U_c2e9a27543,OUT,OTHER_R2,LEISURE,2025-09-21,2025-09-28,1,17168.0,False
TRIP_0538bb839a,U_c9150bdcbe,OUT,IN_SG,LEISURE,2024-09-06,2024-09-14,1,17295.0,True
TRIP_4f1c854ea5,U_c9150bdcbe,OUT,IN_QA,LEISURE,2026-06-20,2026-06-22,2,15536.0,True
TRIP_29e7170dd1,U_784bd12e19,OUT,OTHER_R2,BUSINESS,2025-08-04,2025-08-06,3,14315.0,True
TRIP_7787547d14,U_7adb8ac60c,OUT,IN_NP,EDUCATION,2025-11-04,2025-11-08,3,31905.0,True
TRIP_5c8812df29,U_7adb8ac60c,OUT,IN_FR,EDUCATION,2025-06-07,2025-06-18,2,9062.0,True
TRIP_fdf187222c,U_103b4b11d2,OUT,IN_AE,TRANSIT,2026-03-26,2026-03-31,3,14522.0,True
TRIP_3ddd05a581,U_103b4b11d2,OUT,IN_LK,BUSINESS,2025-09-01,2025-09-12,4,11053.0,True
TRIP_58c527ffa8,U_4db79c2534,OUT,IN_AE,VFR,2025-06-24,2025-07-01,2,7779.0,True
TRIP_2d96a26774,U_4db79c2534,OUT,IN_AE,EDUCATION,2025-12-24,2025-12-26,4,29516.0,True
TRIP_96debafabb,U_91a0045245,OUT,IN_AE,MEDICAL,2026-06-18,2026-06-30,1,9500.0,True
TRIP_96552528b5,U_c792bdcea3,OUT,IN_QA,VFR,2025-08-22,2025-08-31,3,5743.0,True
TRIP_928e987e25,U_c792bdcea3,OUT,IN_AE,VFR,2026-01-22,2026-02-02,1,9390.0,True
TRIP_01fe30f0ae,U_c792bdcea3,OUT,OTHER_R2,LEISURE,2026-05-19,2026-06-02,4,14650.0,True
TRIP_92f41bf3e2,U_c792bdcea3,OUT,OTHER_R2,EDUCATION,2026-01-12,2026-01-22,4,20770.0,False
TRIP_41614b7c46,U_c6daf2924e,OUT,IN_SG,MEDICAL,2026-06-05,2026-06-11,3,30223.0,True
TRIP_10799a6368,U_b25acd35ec,OUT,OTHER_R2,BUSINESS,2024-11-02,2024-11-16,4,12979.0,True
TRIP_3f92c7603e,U_b25acd35ec,OUT,IN_SG,LEISURE,2026-03-18,2026-03-20,2,3931.0,True
TRIP_b7192950d3,U_61a102f545,OUT,IN_LK,BUSINESS,2025-07-09,2025-07-19,2,11894.0,True
TRIP_8d70582659,U_61e8b08b4a,OUT,IN_QA,BUSINESS,2024-09-02,2024-09-13,3,20351.0,True
TRIP_fccc6532a3,U_61e8b08b4a,OUT,IN_AE,EDUCATION,2026-01-14,2026-01-27,2,11312.0,True
TRIP_272c231040,U_61e8b08b4a,OUT,IN_AE,LEISURE,2024-10-23,2024-10-29,2,5027.0,False
TRIP_40c7d3007e,U_6bbb90ecc5,OUT,IN_QA,EDUCATION,2026-03-25,2026-03-28,3,3259.0,True
TRIP_f1d8bc41b5,U_6bbb90ecc5,OUT,IN_QA,EDUCATION,2024-11-22,2024-11-28,2,45734.0,True
TRIP_3bfff96647,U_6bbb90ecc5,OUT,IN_AE,EDUCATION,2024-09-21,2024-10-02,2,21161.0,True
TRIP_9116f41698,U_6bbb90ecc5,OUT,IN_SG,LEISURE,2025-10-02,2025-10-06,3,27196.0,True
TRIP_decf74ed83,U_9cc13e7c44,OUT,IN_NP,VFR,2025-05-07,2025-05-13,2,10643.0,True
TRIP_092405ca29,U_0bdfbd188b,OUT,IN_AE,LEISURE,2026-04-14,2026-04-27,1,46550.0,True
TRIP_6399fadaf1,U_0bdfbd188b,OUT,IN_BT,LEISURE,2026-05-03,2026-05-05,4,17505.0,True
TRIP_0923cbcb41,U_0bdfbd188b,OUT,IN_SG,MEDICAL,2025-10-22,2025-10-30,2,13919.0,True
TRIP_ecb8158597,U_0bdfbd188b,OUT,IN_AE,BUSINESS,2025-06-26,2025-07-02,2,9324.0,False
TRIP_ec96b2fea5,U_a2b3442508,OUT,IN_QA,PILGRIMAGE,2026-01-06,2026-01-08,4,89529.0,True
TRIP_f55557b5cf,U_a2b3442508,OUT,OTHER_R2,VFR,2025-08-06,2025-08-13,3,20569.0,True
TRIP_12135da19d,U_fed1309f8b,OUT,IN_AE,LEISURE,2026-01-30,2026-02-06,2,11653.0,True
TRIP_182f80ca23,U_17f8f27542,OUT,IN_AE,EVENT,2026-04-01,2026-04-15,3,27989.0,True
TRIP_c95582e194,U_17f8f27542,OUT,OTHER_R2,LEISURE,2024-11-17,2024-11-26,3,22370.0,True
TRIP_85de88351f,U_76ae788053,OUT,IN_AE,LEISURE,2025-02-01,2025-02-03,3,17439.0,True
TRIP_463f14ec36,U_2aa7ae7000,OUT,IN_NP,LEISURE,2025-09-07,2025-09-12,3,43138.0,True
TRIP_14d3c2cfa2,U_2aa7ae7000,OUT,OTHER_R2,TRANSIT,2024-11-11,2024-11-21,1,14490.0,True
TRIP_5d2d1f931a,U_2aa7ae7000,OUT,IN_SG,LEISURE,2026-05-09,2026-05-19,4,5539.0,True
TRIP_b9eadc58cf,U_dbe4f1358f,OUT,IN_AE,EDUCATION,2024-11-11,2024-11-23,2,5735.0,True
TRIP_4b83fcbece,U_dbe4f1358f,OUT,IN_FR,EDUCATION,2025-04-11,2025-04-14,2,18628.0,True
TRIP_032931af2c,U_dbe4f1358f,OUT,IN_QA,EDUCATION,2026-06-01,2026-06-06,4,11366.0,True
TRIP_e59cb3f9a1,U_3087f9e6ad,OUT,IN_AE,LEISURE,2025-06-17,2025-06-25,3,6126.0,True
TRIP_5bf64fb2e7,U_3087f9e6ad,OUT,IN_LK,PILGRIMAGE,2025-03-21,2025-03-26,4,2806.0,True
TRIP_b50e8edec9,U_3087f9e6ad,OUT,IN_AE,LEISURE,2025-07-23,2025-08-04,4,10385.0,True
TRIP_7124ff5588,U_b8110a745a,OUT,IN_SG,PILGRIMAGE,2026-02-02,2026-02-09,2,8088.0,True
TRIP_ff452a518f,U_9360eaabe5,OUT,IN_NP,LEISURE,2025-03-29,2025-04-12,3,9536.0,True
TRIP_d3f1942b6c,U_9360eaabe5,OUT,IN_KH,MEDICAL,2025-03-29,2025-04-06,2,14280.0,True
TRIP_703554231a,U_9360eaabe5,OUT,IN_AE,VFR,2026-05-31,2026-06-06,2,11234.0,True
TRIP_45e7cf2e40,U_9c174ee237,OUT,IN_QA,VFR,2026-05-10,2026-05-22,1,12186.0,True
TRIP_41be4b0cd3,U_9c174ee237,OUT,IN_QA,BUSINESS,2026-04-09,2026-04-16,3,22701.0,True
TRIP_7700322d4a,U_3f4cb9f7e9,OUT,IN_SG,BUSINESS,2024-08-29,2024-09-08,4,7618.0,True
TRIP_58ed4d279a,U_bbaf5eb7a1,OUT,IN_MU,LEISURE,2024-10-06,2024-10-13,4,21728.0,True
TRIP_12b5f2350e,U_bbaf5eb7a1,OUT,IN_AE,BUSINESS,2026-01-10,2026-01-20,2,14007.0,True
TRIP_ad9a6acb73,U_626bff978d,OUT,IN_QA,LEISURE,2025-05-17,2025-05-21,2,5347.0,True
TRIP_e408e94487,U_e016aa8706,OUT,IN_AE,LEISURE,2026-05-06,2026-05-16,4,36088.0,True
TRIP_730eeffde9,U_e016aa8706,OUT,IN_QA,PILGRIMAGE,2024-10-07,2024-10-13,4,50349.0,True
TRIP_32bec150a7,U_b925bdefea,OUT,IN_AE,MEDICAL,2025-02-06,2025-02-11,4,14737.0,True
TRIP_1b0ff86f3d,U_b925bdefea,OUT,IN_NP,PILGRIMAGE,2025-12-13,2025-12-19,4,20034.0,True
TRIP_f4417c96ee,U_6db40c83e1,OUT,IN_NP,EDUCATION,2025-08-09,2025-08-15,4,32917.0,True
TRIP_4582fe08bf,U_d40171585b,OUT,IN_FR,LEISURE,2025-08-20,2025-08-25,2,4105.0,True
TRIP_05becf322f,U_2d8723eb85,OUT,IN_QA,LEISURE,2024-08-18,2024-08-28,2,11578.0,True
TRIP_06c13c1a12,U_2d8723eb85,OUT,IN_SG,LEISURE,2024-08-22,2024-08-24,4,33384.0,True
TRIP_05d09d0d8e,U_930dbd6c11,OUT,IN_SG,EVENT,2025-06-18,2025-07-02,3,41082.0,True
TRIP_6d4c917396,U_930dbd6c11,OUT,IN_AE,LEISURE,2024-08-17,2024-08-21,1,9942.0,True
TRIP_7eae0c6a27,U_930dbd6c11,OUT,IN_MU,LEISURE,2025-06-26,2025-07-10,4,45150.0,True
TRIP_04308dad43,U_129908e0c4,OUT,OTHER_R2,EDUCATION,2026-01-04,2026-01-17,2,5738.0,True
TRIP_d9537b54a0,U_129908e0c4,OUT,IN_AE,EDUCATION,2025-04-05,2025-04-15,4,25398.0,True
TRIP_ef3537368e,U_129908e0c4,OUT,OTHER_R2,MEDICAL,2025-11-10,2025-11-16,1,12479.0,False
TRIP_2701fd2424,U_907635e063,OUT,IN_AE,LEISURE,2025-04-30,2025-05-11,4,30028.0,True
TRIP_fbc7c9221d,U_0a2ce1db7a,OUT,OTHER_R2,VFR,2025-07-22,2025-08-01,4,7771.0,True
TRIP_20b660f9f9,U_00d52684a1,OUT,IN_QA,EDUCATION,2024-08-26,2024-09-06,3,6573.0,True
TRIP_3cb2cb49c3,U_00d52684a1,OUT,IN_FR,VFR,2026-06-29,2026-07-09,4,9278.0,True
TRIP_de10ebb4c1,U_8c8853fa34,OUT,IN_SG,PILGRIMAGE,2026-03-01,2026-03-05,3,8647.0,True
TRIP_1ebde8c1d7,U_8c8853fa34,OUT,IN_AE,LEISURE,2025-02-07,2025-02-18,4,25549.0,True
TRIP_4a1a43616f,U_6220915b5f,OUT,IN_LK,LEISURE,2025-11-11,2025-11-24,1,34942.0,True
TRIP_b7e4272e60,U_db5d1650b3,OUT,IN_NP,BUSINESS,2026-03-29,2026-04-05,1,14364.0,True
TRIP_3088960b76,U_4ef1885f6f,OUT,IN_AE,VFR,2025-02-17,2025-02-20,3,8541.0,True
TRIP_90287f4e83,U_4ef1885f6f,OUT,IN_LK,BUSINESS,2025-04-29,2025-05-10,4,4469.0,True
TRIP_2ad2293b55,U_140ea8a9ad,OUT,IN_FR,PILGRIMAGE,2025-12-17,2025-12-22,2,9280.0,True
TRIP_c7692e3deb,U_140ea8a9ad,OUT,IN_NP,EDUCATION,2024-10-04,2024-10-18,4,20211.0,True
TRIP_dbfe78063b,U_140ea8a9ad,OUT,IN_NP,LEISURE,2026-04-20,2026-04-24,2,17170.0,False
TRIP_2c5df470ee,U_7a18df39fd,OUT,IN_MU,LEISURE,2026-04-09,2026-04-18,3,22060.0,True
TRIP_fc3a797809,U_5e05e474a1,OUT,OTHER_R2,LEISURE,2025-12-07,2025-12-19,1,15915.0,True
TRIP_143c4fea72,U_249e48d022,OUT,IN_LK,TRANSIT,2025-10-22,2025-11-02,1,5348.0,True
TRIP_286577cd02,U_9010ddad40,OUT,IN_LK,EDUCATION,2025-03-30,2025-04-08,4,10052.0,True
TRIP_bdde8b8b05,U_710cf567e0,OUT,OTHER_R2,LEISURE,2024-11-26,2024-12-08,2,25987.0,True
TRIP_1f3bf83ad4,U_8748136039,OUT,IN_SG,LEISURE,2025-01-17,2025-01-24,2,4447.0,True
TRIP_9685ec1589,U_8748136039,OUT,IN_AE,MEDICAL,2025-01-27,2025-01-30,1,8547.0,True
TRIP_b634725e0e,U_8748136039,OUT,OTHER_R2,BUSINESS,2025-12-30,2026-01-04,3,7470.0,True
TRIP_404bb935ab,U_8748136039,OUT,IN_SG,BUSINESS,2026-01-15,2026-01-25,2,6983.0,True
TRIP_8b4733e407,U_aeb8813283,OUT,IN_SG,BUSINESS,2026-05-15,2026-05-21,1,6233.0,True
TRIP_33abab20aa,U_e39661cfbf,OUT,OTHER_R2,BUSINESS,2026-04-05,2026-04-11,2,29559.0,True
TRIP_6045b626ff,U_1ac8b37890,OUT,IN_QA,VFR,2025-11-15,2025-11-29,2,10165.0,True
TRIP_0d8199efac,U_1ac8b37890,OUT,IN_SG,EDUCATION,2025-11-02,2025-11-13,1,44454.0,True
TRIP_fef00c3b60,U_1ce3d158c4,OUT,IN_QA,BUSINESS,2024-12-20,2024-12-30,1,4250.0,True
TRIP_740e946a42,U_a76bd849d0,OUT,IN_MU,BUSINESS,2025-03-26,2025-04-08,3,34205.0,True
TRIP_2263121ca8,U_6778177fd4,OUT,OTHER_R2,LEISURE,2025-11-05,2025-11-09,4,14883.0,True
TRIP_cefa7d45e1,U_b0d64d5cd0,OUT,IN_NP,LEISURE,2026-06-20,2026-06-27,1,15765.0,True
TRIP_076b9cd5d0,U_b0d64d5cd0,OUT,IN_FR,LEISURE,2024-12-03,2024-12-15,2,10013.0,True
TRIP_235b528b30,U_484834ccb2,OUT,OTHER_R2,LEISURE,2025-05-10,2025-05-18,1,23531.0,True
TRIP_fb157734f6,U_484834ccb2,OUT,IN_MU,BUSINESS,2025-02-02,2025-02-09,4,39742.0,True
TRIP_fb6e6f8cb6,U_484834ccb2,OUT,IN_MU,EDUCATION,2025-12-28,2026-01-04,4,11070.0,True
TRIP_ae2166b54e,U_a2064c8c93,OUT,IN_BT,LEISURE,2024-11-08,2024-11-10,3,13325.0,True
TRIP_0d3034df4d,U_bb449cf3e2,OUT,IN_NP,TRANSIT,2026-05-16,2026-05-19,2,22447.0,True
TRIP_5aebb3a874,U_7381594a92,OUT,IN_LK,EDUCATION,2024-08-22,2024-08-31,4,45266.0,True
TRIP_28f9e98717,U_7381594a92,OUT,IN_MU,LEISURE,2024-12-01,2024-12-09,3,62145.0,True
TRIP_3b6d502a1c,U_7381594a92,OUT,IN_AE,EVENT,2025-06-04,2025-06-06,2,5801.0,True
TRIP_4e870e9a94,U_7381594a92,OUT,IN_NP,LEISURE,2025-05-18,2025-05-26,2,13121.0,True
TRIP_9e4762e6f7,U_4e4a942df6,OUT,IN_QA,LEISURE,2024-08-23,2024-08-28,2,6935.0,True
TRIP_20ffd8baef,U_e3b8c0de40,OUT,OTHER_R2,LEISURE,2024-11-01,2024-11-09,3,12756.0,True
TRIP_043a205629,U_e3b8c0de40,OUT,IN_BT,BUSINESS,2025-07-26,2025-08-02,4,6638.0,True
TRIP_4b3cadcde6,U_e3b8c0de40,OUT,IN_AE,LEISURE,2025-05-11,2025-05-22,4,20232.0,True
TRIP_f53c3c8154,U_18b7225e06,OUT,IN_SG,LEISURE,2026-04-06,2026-04-18,4,7313.0,True
TRIP_68094382c4,U_18b7225e06,OUT,IN_SG,EVENT,2025-05-08,2025-05-12,1,29934.0,True
TRIP_7a39a0eb19,U_18b7225e06,OUT,IN_NP,MEDICAL,2025-09-04,2025-09-12,3,21065.0,True
TRIP_9411be2889,U_18b7225e06,OUT,OTHER_R2,BUSINESS,2025-01-27,2025-01-31,2,27878.0,True
TRIP_49eb1377ee,U_18b7225e06,OUT,IN_FR,EDUCATION,2026-03-28,2026-04-09,4,17602.0,True
TRIP_771ed888f4,U_18b7225e06,OUT,IN_MU,LEISURE,2025-08-31,2025-09-03,3,5286.0,True
TRIP_57d5201694,U_d88f065d28,OUT,IN_NP,VFR,2024-10-01,2024-10-08,3,2483.0,True
TRIP_aaadd0a5b7,U_d88f065d28,OUT,OTHER_R2,LEISURE,2025-01-05,2025-01-11,2,4161.0,True
TRIP_2d0e00916d,U_3d61a23376,OUT,IN_NP,LEISURE,2026-06-08,2026-06-15,4,25538.0,True
TRIP_3cb3056833,U_b5d0ad5eb4,OUT,IN_NP,VFR,2026-02-11,2026-02-17,1,20377.0,True
TRIP_4cb85eca5d,U_40d3bd9598,OUT,OTHER_R2,EDUCATION,2024-08-11,2024-08-23,2,15612.0,True
TRIP_d39ec9c49b,U_a2c36acac9,OUT,IN_AE,LEISURE,2025-12-28,2026-01-05,4,33245.0,True
TRIP_8b7672c8ce,U_431c800805,OUT,IN_QA,MEDICAL,2026-01-21,2026-02-04,2,13986.0,True
TRIP_34db218de5,U_5db90dddcb,OUT,IN_SG,LEISURE,2025-12-09,2025-12-18,1,63446.0,True
TRIP_bb356d5d12,U_5db90dddcb,OUT,IN_QA,TRANSIT,2024-11-24,2024-11-26,3,5492.0,True
TRIP_544f9df93f,U_5db90dddcb,OUT,IN_SG,LEISURE,2025-10-29,2025-11-11,4,10553.0,True
TRIP_36a3f1d2a4,U_fafe175c87,OUT,IN_SG,TRANSIT,2025-06-16,2025-06-19,1,2896.0,True
TRIP_08832c5d58,U_fafe175c87,OUT,IN_SG,BUSINESS,2025-11-20,2025-11-28,3,6070.0,True
TRIP_70e57e420e,U_6bbf4dfc00,OUT,IN_NP,EVENT,2024-11-20,2024-11-26,1,2114.0,True
TRIP_9142e79508,U_6bbf4dfc00,OUT,IN_FR,LEISURE,2025-03-02,2025-03-05,1,30092.0,True
TRIP_f11208f795,U_6bbf4dfc00,OUT,IN_AE,LEISURE,2024-10-27,2024-11-08,1,32964.0,True
TRIP_4984a473f2,U_830d19b3c2,OUT,IN_QA,BUSINESS,2025-11-12,2025-11-18,1,32010.0,True
TRIP_87e8f87e3a,U_830d19b3c2,OUT,IN_AE,LEISURE,2026-04-06,2026-04-16,4,4277.0,True
TRIP_70cb69efc2,U_4b229eb064,OUT,OTHER_R2,EDUCATION,2026-03-14,2026-03-25,4,23756.0,True
TRIP_c3710d1e43,U_4b229eb064,OUT,IN_SG,EDUCATION,2025-06-13,2025-06-25,3,2625.0,True
TRIP_3dd5ac2482,U_27f640ec30,OUT,IN_FR,MEDICAL,2025-01-02,2025-01-09,2,8860.0,True
TRIP_219585940f,U_efd891e2fb,OUT,OTHER_R2,VFR,2026-04-12,2026-04-21,2,6035.0,True
TRIP_64fa99a8fa,U_760fff5c11,OUT,IN_AE,EVENT,2024-12-25,2025-01-03,2,3947.0,True
TRIP_fd49c4b089,U_80fb1ab662,OUT,IN_SG,VFR,2026-06-17,2026-06-20,2,14460.0,True
TRIP_8210300ea0,U_80fb1ab662,OUT,IN_AE,LEISURE,2025-05-13,2025-05-23,2,18529.0,True
TRIP_75d483f07b,U_3f7e907583,OUT,IN_QA,VFR,2026-05-22,2026-05-25,2,11055.0,True
TRIP_d56c3b785c,U_3f7e907583,OUT,IN_AE,EDUCATION,2026-03-20,2026-04-02,2,8775.0,True
TRIP_c8f2bea25d,U_08a915cfc1,OUT,IN_AE,BUSINESS,2026-05-02,2026-05-06,2,47693.0,True
TRIP_1656183a01,U_f8d151ae6c,OUT,IN_QA,LEISURE,2025-04-21,2025-05-02,2,19612.0,True
TRIP_7d5e495520,U_bba1bfbbb7,OUT,IN_SG,LEISURE,2025-04-08,2025-04-22,3,12921.0,True
TRIP_a4da1e2023,U_bba1bfbbb7,OUT,IN_FR,EDUCATION,2025-06-26,2025-06-28,2,25693.0,True
TRIP_f7b251ebb4,U_e09e22bf74,OUT,IN_AE,EDUCATION,2024-10-26,2024-11-04,3,8534.0,True
TRIP_8df31b1a25,U_e09e22bf74,OUT,IN_NP,EDUCATION,2025-03-15,2025-03-26,2,14388.0,True
TRIP_400f1a82ca,U_ecf6f06036,OUT,IN_AE,BUSINESS,2026-01-06,2026-01-10,4,23524.0,True
TRIP_325c9aea75,U_ecf6f06036,OUT,IN_AE,EDUCATION,2025-08-04,2025-08-12,3,3298.0,False
TRIP_c8a50f2c55,U_639bf7a3be,OUT,IN_AE,LEISURE,2025-11-16,2025-11-19,1,4437.0,True
TRIP_2e0d736cfd,U_83a74dd754,OUT,IN_AE,EDUCATION,2024-10-16,2024-10-22,1,22288.0,True
TRIP_ef7404adbc,U_f9a4ebfac3,OUT,IN_SG,LEISURE,2024-08-16,2024-08-18,4,15700.0,True
TRIP_3add4eaf57,U_f9a4ebfac3,OUT,IN_BT,EVENT,2026-05-06,2026-05-16,4,26784.0,True
TRIP_6e718a60f7,U_f800d84506,OUT,IN_LK,EVENT,2026-03-25,2026-03-30,3,12551.0,True
TRIP_44e1676ce4,U_f800d84506,OUT,IN_KH,LEISURE,2025-09-11,2025-09-19,4,11752.0,True
TRIP_001c5a5440,U_f800d84506,OUT,IN_FR,BUSINESS,2025-08-10,2025-08-23,3,55366.0,True
TRIP_21c4b58388,U_f800d84506,OUT,IN_LK,TRANSIT,2024-09-06,2024-09-17,2,21804.0,False
TRIP_20cefe11b0,U_af5e1e7424,OUT,OTHER_R2,LEISURE,2025-02-07,2025-02-18,1,7390.0,True
TRIP_0ff682f14e,U_f3ee0f324a,OUT,IN_LK,LEISURE,2025-08-16,2025-08-29,2,34860.0,True
TRIP_3918379476,U_f3ee0f324a,OUT,IN_KH,VFR,2025-08-06,2025-08-08,4,5794.0,True
TRIP_9c7ce1cfb7,U_a8e3d396cc,OUT,IN_AE,TRANSIT,2025-11-29,2025-12-13,1,7898.0,True
TRIP_3dfc8ae092,U_a8e3d396cc,OUT,IN_NP,PILGRIMAGE,2025-08-01,2025-08-09,4,46750.0,True
TRIP_cdfc1ba9be,U_95cf298d05,OUT,IN_BT,LEISURE,2025-11-10,2025-11-18,4,27673.0,True
TRIP_89d9f497d1,U_95cf298d05,OUT,IN_NP,EVENT,2025-05-05,2025-05-11,1,78760.0,True
TRIP_6e92cda6ec,U_9327ce4276,OUT,IN_QA,EDUCATION,2024-10-01,2024-10-06,2,9296.0,True
TRIP_1fec9d4a6f,U_9327ce4276,OUT,IN_AE,MEDICAL,2026-05-07,2026-05-15,2,22082.0,True
TRIP_79c64aeda8,U_375d85292c,OUT,IN_AE,VFR,2025-01-21,2025-01-26,1,31073.0,True
TRIP_9862d1ecbd,U_375d85292c,OUT,IN_SG,LEISURE,2026-06-09,2026-06-19,2,16716.0,True
TRIP_9f70b3ce64,U_e9a2879e6c,OUT,IN_FR,TRANSIT,2024-12-16,2024-12-21,1,35406.0,True
TRIP_7c55d5a872,U_9c2cde7f77,OUT,IN_NP,LEISURE,2025-07-09,2025-07-15,3,12638.0,True
TRIP_24e1a9575c,U_f91a87b18b,OUT,IN_LK,VFR,2026-07-02,2026-07-13,1,4116.0,True
TRIP_810eb7d488,U_ca620adbea,OUT,OTHER_R2,PILGRIMAGE,2026-05-07,2026-05-17,1,31469.0,True
TRIP_126b440d6e,U_ca620adbea,OUT,OTHER_R2,TRANSIT,2026-03-13,2026-03-27,2,24493.0,True
TRIP_5f5cb3e515,U_53e6a6d26a,OUT,IN_QA,EDUCATION,2024-12-24,2025-01-06,2,22483.0,True
TRIP_d0425fad4c,U_41f90e8082,OUT,OTHER_R2,LEISURE,2026-05-22,2026-06-02,3,6154.0,True
TRIP_553afa3b4b,U_e08bd34b28,OUT,OTHER_R2,LEISURE,2026-02-09,2026-02-11,4,27557.0,True
TRIP_b04455026f,U_d73e869d3c,OUT,IN_AE,VFR,2025-11-24,2025-12-01,3,16326.0,True
TRIP_d144788932,U_d73e869d3c,OUT,IN_SG,TRANSIT,2026-01-13,2026-01-24,3,39634.0,True
TRIP_f1f12b289f,U_d73e869d3c,OUT,IN_QA,EVENT,2026-01-25,2026-02-08,1,10224.0,True
TRIP_26dfc3a3a3,U_24cf5b1326,OUT,IN_SG,BUSINESS,2025-07-01,2025-07-03,4,25766.0,True
TRIP_4f60408d7f,U_b0d1b56652,OUT,IN_AE,EDUCATION,2024-09-23,2024-09-28,3,23540.0,True
TRIP_233b207240,U_b0d1b56652,OUT,IN_MU,LEISURE,2025-08-27,2025-09-05,1,6647.0,True
TRIP_bb5f44a94b,U_dc318e5fa4,OUT,IN_AE,LEISURE,2025-06-11,2025-06-22,2,8297.0,True
TRIP_d8c868856f,U_dc318e5fa4,OUT,IN_AE,LEISURE,2025-06-02,2025-06-16,4,7874.0,False
TRIP_5555411e0c,U_dc318e5fa4,OUT,OTHER_R2,VFR,2025-10-03,2025-10-16,2,40823.0,True
TRIP_041ecc5995,U_e4762a8444,OUT,IN_SG,LEISURE,2024-08-23,2024-08-26,2,12336.0,True
TRIP_b57961692f,U_e4762a8444,OUT,IN_FR,LEISURE,2025-05-31,2025-06-10,1,29323.0,True
TRIP_e1f51d22b5,U_4aa8bd1c83,OUT,IN_AE,LEISURE,2026-05-23,2026-06-03,3,19666.0,True
TRIP_0fc8bc4f69,U_7eb7bcadd7,OUT,OTHER_R2,LEISURE,2025-07-19,2025-07-31,2,5828.0,True
TRIP_0e1061bfdd,U_47e0a42c8c,OUT,IN_AE,LEISURE,2025-09-21,2025-09-27,1,72235.0,True
TRIP_ca6bd45e96,U_55ada77aff,OUT,IN_QA,MEDICAL,2025-07-25,2025-07-31,4,18988.0,True
TRIP_a04d349e72,U_55ada77aff,OUT,IN_AE,MEDICAL,2026-07-02,2026-07-13,4,4790.0,True
TRIP_177b3d17f4,U_2e91b57d0d,OUT,IN_AE,EDUCATION,2025-04-19,2025-05-01,3,21232.0,True
TRIP_296727628d,U_3ba8fd0197,OUT,IN_BT,TRANSIT,2024-09-16,2024-09-22,1,81109.0,True
TRIP_a0f8ef5243,U_d3e599816c,OUT,IN_BT,VFR,2025-03-12,2025-03-25,4,108157.0,True
TRIP_d7c9a568ea,U_d3e599816c,OUT,IN_SG,LEISURE,2025-03-08,2025-03-12,4,2154.0,True
TRIP_bc40b1191d,U_d3e599816c,OUT,IN_FR,LEISURE,2025-07-21,2025-08-02,2,9889.0,True
TRIP_998ccf39d6,U_b1218852f6,OUT,IN_SG,VFR,2025-02-04,2025-02-13,2,7221.0,True
TRIP_a0fdaad92f,U_b1218852f6,OUT,IN_AE,EDUCATION,2026-01-26,2026-02-07,2,81953.0,True
TRIP_07bcff670e,U_8ecd088673,OUT,IN_FR,EVENT,2025-08-05,2025-08-11,1,10524.0,True
TRIP_3ce0257715,U_8ecd088673,OUT,IN_BT,BUSINESS,2026-06-14,2026-06-28,2,31363.0,True
TRIP_7b745b2b8a,U_8ecd088673,OUT,IN_BT,LEISURE,2024-08-28,2024-09-08,2,18511.0,True
TRIP_07f17bba9f,U_8ecd088673,OUT,IN_NP,LEISURE,2025-05-05,2025-05-19,4,37266.0,True
TRIP_d997e6d757,U_87a080a177,OUT,IN_BT,BUSINESS,2025-06-20,2025-07-03,3,6643.0,True
TRIP_b4dee4c981,U_87a080a177,OUT,IN_SG,LEISURE,2025-01-08,2025-01-21,4,12648.0,True
TRIP_f568d98328,U_6bfa3960c9,OUT,IN_QA,EVENT,2025-02-16,2025-02-21,4,25866.0,True
TRIP_bfcf947a41,U_14186fe417,OUT,IN_NP,PILGRIMAGE,2024-09-24,2024-10-04,4,57589.0,True
TRIP_629919960e,U_c0751ad57f,OUT,IN_MU,LEISURE,2025-09-05,2025-09-16,1,3370.0,True
TRIP_a0f553de09,U_c0751ad57f,OUT,IN_LK,PILGRIMAGE,2024-11-26,2024-12-08,1,6063.0,True
TRIP_c80180cb12,U_c0751ad57f,OUT,IN_AE,LEISURE,2026-02-22,2026-03-06,4,8986.0,True
TRIP_e703020b14,U_c0751ad57f,OUT,IN_LK,MEDICAL,2024-10-18,2024-11-01,3,6286.0,True
TRIP_f3ac8f10a0,U_c0751ad57f,OUT,IN_AE,LEISURE,2025-07-10,2025-07-13,4,10554.0,True
TRIP_cfc033056c,U_f05fa14190,OUT,IN_AE,MEDICAL,2025-12-15,2025-12-27,2,20417.0,True
TRIP_4e787888c1,U_171ecbd4d3,OUT,IN_AE,LEISURE,2025-09-15,2025-09-26,3,46827.0,True
TRIP_2080399e20,U_6a92e89c6d,OUT,IN_NP,EDUCATION,2025-02-11,2025-02-23,3,9418.0,True
TRIP_741869a601,U_31c3f90b77,OUT,IN_KH,LEISURE,2024-08-22,2024-09-02,4,15067.0,True
TRIP_44756459ac,U_31c3f90b77,OUT,OTHER_R2,PILGRIMAGE,2024-11-22,2024-11-29,2,37112.0,True
TRIP_2c2b0bd293,U_31c3f90b77,OUT,IN_LK,LEISURE,2025-07-16,2025-07-22,3,5846.0,True
TRIP_9a6f5d5b25,U_6ca626f40b,OUT,IN_QA,MEDICAL,2025-03-04,2025-03-18,1,62895.0,True
TRIP_94861a1813,U_6ca626f40b,OUT,IN_AE,EDUCATION,2026-07-08,2026-07-12,2,7426.0,True
TRIP_e9c3de490f,U_eceaf91c38,OUT,IN_LK,VFR,2025-03-31,2025-04-06,3,27406.0,True
TRIP_e7c9b77293,U_4616cfb4fa,OUT,IN_NP,VFR,2025-11-24,2025-12-07,4,4265.0,True
TRIP_bc61f47ca1,U_4616cfb4fa,OUT,IN_AE,MEDICAL,2025-11-26,2025-12-01,1,15749.0,True
TRIP_a75c057b18,U_4616cfb4fa,OUT,IN_AE,LEISURE,2025-11-14,2025-11-25,1,4584.0,False
TRIP_d474113487,U_4616cfb4fa,OUT,IN_SG,EDUCATION,2025-04-04,2025-04-06,3,10261.0,True
TRIP_5dd2ca9eb0,U_293ff97669,OUT,IN_AE,MEDICAL,2024-10-14,2024-10-22,4,6230.0,True
TRIP_5dc64650f5,U_293ff97669,OUT,IN_SG,BUSINESS,2025-10-03,2025-10-11,3,39034.0,True
TRIP_191517e4ad,U_f158204953,OUT,IN_QA,VFR,2025-03-06,2025-03-17,2,5676.0,True
TRIP_e259d45b00,U_cf49bd9884,OUT,IN_AE,LEISURE,2026-02-26,2026-03-01,1,49384.0,True
TRIP_24d41425ca,U_cf49bd9884,OUT,IN_NP,LEISURE,2026-03-28,2026-04-01,2,17135.0,True
TRIP_64170f52fb,U_a0bad6f357,OUT,IN_KH,EVENT,2025-08-17,2025-08-31,1,9656.0,True
TRIP_f891824959,U_2dd67217bb,OUT,OTHER_R2,LEISURE,2026-04-12,2026-04-22,4,5767.0,True
TRIP_abf64ecedc,U_2dd67217bb,OUT,IN_AE,EDUCATION,2025-09-14,2025-09-22,2,6458.0,True
TRIP_1d75ccba9f,U_2dd67217bb,OUT,IN_QA,VFR,2025-05-09,2025-05-15,1,18244.0,True
TRIP_9004e3898f,U_c04100fd25,OUT,IN_SG,LEISURE,2025-10-18,2025-10-23,3,12147.0,True
TRIP_09ff6011c8,U_872cd95934,OUT,IN_NP,LEISURE,2024-12-10,2024-12-21,3,24632.0,True
TRIP_e72f717efe,U_8ba3f3ef4e,OUT,IN_AE,VFR,2026-06-05,2026-06-14,2,8540.0,True
TRIP_7a1a64a318,U_54503a382e,OUT,IN_AE,MEDICAL,2025-01-31,2025-02-06,3,50275.0,True
TRIP_7d8fd40c6f,U_2443123671,OUT,IN_AE,VFR,2024-12-21,2024-12-26,2,4501.0,True
TRIP_668da03607,U_a084de5946,OUT,IN_AE,MEDICAL,2025-12-05,2025-12-10,2,4805.0,True
TRIP_535fe4949e,U_5c3bebcb6b,OUT,IN_SG,LEISURE,2025-08-28,2025-09-07,2,1368.0,True
TRIP_93a01c9526,U_5c3bebcb6b,OUT,IN_KH,EDUCATION,2025-05-09,2025-05-20,2,2951.0,True
TRIP_2cf2e915e1,U_5c3bebcb6b,OUT,IN_AE,LEISURE,2026-05-01,2026-05-07,3,1733.0,True
TRIP_fa9dcff9dc,U_bc7aa59800,OUT,IN_AE,VFR,2024-08-25,2024-09-06,4,3361.0,True
TRIP_65e241c423,U_deab53cb00,OUT,IN_NP,VFR,2025-02-10,2025-02-19,3,46336.0,True
TRIP_4e670e4b84,U_c7f630c179,OUT,IN_SG,EDUCATION,2025-11-25,2025-11-30,1,2862.0,True
TRIP_709642df46,U_e77a738147,OUT,IN_AE,VFR,2025-08-13,2025-08-19,1,6961.0,True
TRIP_4b6270d9fc,U_e77a738147,OUT,IN_AE,TRANSIT,2026-04-08,2026-04-10,2,27390.0,True
TRIP_54a36dfc19,U_5101ab0e82,OUT,IN_NP,EDUCATION,2025-09-15,2025-09-27,1,10015.0,True
TRIP_e5a67c959c,U_5101ab0e82,OUT,IN_LK,VFR,2026-05-03,2026-05-14,3,12472.0,True
TRIP_0bb0073eda,U_44473bb992,OUT,IN_SG,EDUCATION,2026-03-10,2026-03-19,2,5923.0,True
TRIP_0c40e96108,U_d8be490f9a,OUT,IN_BT,EDUCATION,2025-02-07,2025-02-09,3,13146.0,True
TRIP_e32692c962,U_d8be490f9a,OUT,IN_AE,EDUCATION,2025-08-11,2025-08-24,4,12802.0,True
TRIP_970f1f5bb2,U_d8be490f9a,OUT,IN_AE,MEDICAL,2025-03-02,2025-03-11,3,5000.0,False
TRIP_42eb736c43,U_87f3586dbb,OUT,IN_AE,PILGRIMAGE,2025-06-15,2025-06-19,4,19128.0,True
TRIP_e293224ae1,U_87f3586dbb,OUT,OTHER_R2,LEISURE,2024-11-01,2024-11-03,4,23196.0,True
TRIP_750e8af1a2,U_87f3586dbb,OUT,IN_NP,LEISURE,2024-09-20,2024-10-04,1,18357.0,True
TRIP_66430e6dfb,U_28534ca8a2,OUT,IN_QA,BUSINESS,2025-01-14,2025-01-21,2,10496.0,True
TRIP_1fa0903170,U_e722f714e6,OUT,IN_KH,LEISURE,2025-02-05,2025-02-16,3,5717.0,True
TRIP_f290bb7bde,U_e015351f53,OUT,IN_FR,BUSINESS,2024-08-22,2024-08-27,4,18137.0,True
TRIP_139d24a5fa,U_1d4acdea5f,OUT,OTHER_R2,VFR,2024-09-16,2024-09-20,3,4329.0,True
TRIP_9179e98259,U_1d4acdea5f,OUT,IN_LK,LEISURE,2024-09-10,2024-09-19,2,3455.0,True
TRIP_1a8b4e1921,U_f69632652b,OUT,IN_MU,VFR,2024-08-11,2024-08-19,4,11798.0,True
TRIP_b3741543c6,U_a6999f1f3c,OUT,IN_AE,LEISURE,2025-03-19,2025-03-26,4,4307.0,True
TRIP_140ea0eed8,U_ac43aff738,OUT,IN_FR,EVENT,2025-12-07,2025-12-20,3,5985.0,True
TRIP_c331365b18,U_ac82921488,OUT,IN_QA,EDUCATION,2025-11-15,2025-11-25,2,19247.0,True
TRIP_509dbf970f,U_ac82921488,OUT,IN_AE,EDUCATION,2025-02-20,2025-02-26,2,10794.0,True
TRIP_1236f8599b,U_c1796fff97,OUT,IN_NP,EVENT,2025-03-10,2025-03-14,2,54124.0,True
TRIP_5a7e78af0a,U_c1796fff97,OUT,IN_AE,LEISURE,2025-01-26,2025-02-02,4,26777.0,True
TRIP_257b4dbd01,U_c1796fff97,OUT,IN_SG,EVENT,2026-05-03,2026-05-13,3,9280.0,True
TRIP_1d5bfc8b11,U_e43e9c9d4a,OUT,IN_AE,BUSINESS,2024-09-05,2024-09-12,4,2423.0,True
TRIP_ff5796361a,U_e43e9c9d4a,OUT,IN_NP,VFR,2024-11-23,2024-12-02,1,5507.0,True
TRIP_ea7b141c55,U_85453fb78b,OUT,IN_NP,LEISURE,2026-05-05,2026-05-17,2,16161.0,True
TRIP_bc75dbbf25,U_85453fb78b,OUT,IN_NP,LEISURE,2025-07-31,2025-08-11,2,4352.0,True
TRIP_4aee041946,U_e9e33b9ca7,OUT,IN_QA,LEISURE,2024-08-22,2024-09-04,3,15266.0,True
TRIP_d7e2a8a5f6,U_d8ab03c03a,OUT,IN_BT,EDUCATION,2026-02-17,2026-03-01,2,3210.0,True
TRIP_41766becae,U_d690d7f34c,OUT,IN_AE,VFR,2024-11-20,2024-11-22,1,31882.0,True
TRIP_cabb47184f,U_d690d7f34c,OUT,IN_SG,BUSINESS,2025-06-03,2025-06-05,1,4255.0,True
TRIP_7a14f8f910,U_07c9c9a86a,OUT,IN_NP,VFR,2025-11-27,2025-12-06,3,15550.0,True
TRIP_11ec6df311,U_dd6a34f5a3,OUT,IN_AE,EDUCATION,2024-10-09,2024-10-22,3,4871.0,True
TRIP_ff0c1b3fa4,U_dd6a34f5a3,OUT,IN_SG,LEISURE,2025-02-05,2025-02-11,1,31471.0,True
TRIP_6685841b20,U_dd6a34f5a3,OUT,IN_BT,PILGRIMAGE,2025-08-20,2025-08-22,3,62221.0,True
TRIP_5894fb243f,U_175e7ac417,OUT,IN_SG,PILGRIMAGE,2025-04-07,2025-04-11,3,36264.0,True
TRIP_d6fdc220ea,U_175e7ac417,OUT,IN_AE,TRANSIT,2025-07-17,2025-07-20,4,9405.0,True
TRIP_6bf0822d6a,U_36f7dd5632,OUT,IN_AE,BUSINESS,2025-07-04,2025-07-09,4,73921.0,True
TRIP_6ac3ad3669,U_36f7dd5632,OUT,IN_AE,TRANSIT,2024-09-01,2024-09-06,4,7393.0,False
TRIP_192a2567fd,U_0743a8c3a3,OUT,IN_KH,MEDICAL,2025-05-24,2025-05-28,1,26267.0,True
TRIP_4b04b76f74,U_0743a8c3a3,OUT,IN_AE,MEDICAL,2025-05-23,2025-06-02,1,10240.0,True
TRIP_0f9bf4459b,U_5f35a3431b,OUT,IN_AE,BUSINESS,2026-03-22,2026-03-26,3,20616.0,True
TRIP_9742cedafe,U_40471fa933,OUT,IN_FR,EVENT,2025-07-18,2025-07-23,2,33378.0,True
TRIP_49d5481e9e,U_d9f077d700,OUT,IN_AE,LEISURE,2024-08-20,2024-08-31,4,12821.0,True
TRIP_ec2784a2bc,U_94fc604ae6,OUT,IN_AE,LEISURE,2026-02-03,2026-02-05,4,11489.0,True
TRIP_b493f014c2,U_94fc604ae6,OUT,IN_NP,LEISURE,2026-04-20,2026-04-25,3,16434.0,True
TRIP_0306b85a2d,U_94fc604ae6,OUT,IN_AE,LEISURE,2026-03-19,2026-03-30,2,33139.0,False
TRIP_e5b879bf8a,U_f7974d0275,OUT,IN_AE,EDUCATION,2025-07-26,2025-08-05,1,17792.0,True
TRIP_b112fa9bd3,U_bf16638099,OUT,IN_BT,BUSINESS,2025-10-04,2025-10-11,3,19148.0,True
TRIP_acc1bb9ee7,U_bf16638099,OUT,IN_QA,LEISURE,2025-05-19,2025-05-24,3,31171.0,True
TRIP_ceb743f7a0,U_bf16638099,OUT,IN_LK,VFR,2026-04-06,2026-04-17,4,11376.0,True
TRIP_16a69a97c2,U_da1b2b839e,OUT,IN_AE,LEISURE,2025-04-28,2025-05-07,2,12349.0,True
TRIP_b6393cc325,U_8c0157e05b,OUT,IN_QA,LEISURE,2025-06-15,2025-06-26,3,42116.0,True
TRIP_3a86ac4e13,U_8c0157e05b,OUT,IN_QA,EDUCATION,2025-08-01,2025-08-07,3,66270.0,False
TRIP_335921132f,U_dc8c9a6362,OUT,IN_KH,LEISURE,2025-12-17,2025-12-31,1,9761.0,True
TRIP_a575b379da,U_77a23cba4d,OUT,IN_KH,LEISURE,2026-05-10,2026-05-19,4,11356.0,True
TRIP_a71401fee7,U_fb2ba1c13d,OUT,IN_SG,LEISURE,2025-10-28,2025-11-03,4,19130.0,True
TRIP_b07ed6a0f3,U_d20c4ee9ef,OUT,IN_SG,EDUCATION,2024-12-10,2024-12-15,4,25315.0,True
TRIP_93d0b55dce,U_cef1f6ba64,OUT,IN_NP,EDUCATION,2026-07-09,2026-07-14,3,9825.0,True
TRIP_b3b49145c4,U_b2fffd3594,OUT,IN_NP,LEISURE,2025-09-05,2025-09-17,3,8729.0,True
TRIP_01016fa039,U_92b9b38a61,OUT,OTHER_R2,MEDICAL,2025-09-25,2025-10-01,1,10937.0,True
TRIP_6c94907787,U_92b9b38a61,OUT,OTHER_R2,BUSINESS,2025-12-07,2025-12-16,2,14929.0,False
TRIP_1b88bf512c,U_8729463d28,OUT,IN_LK,PILGRIMAGE,2026-02-08,2026-02-22,1,7855.0,True
TRIP_f9cd7ff93d,U_8729463d28,OUT,OTHER_R2,LEISURE,2024-11-14,2024-11-20,3,35086.0,True
TRIP_e03ced9069,U_8729463d28,OUT,IN_AE,VFR,2025-12-24,2025-12-27,2,11117.0,True
TRIP_7607ab94e0,U_8729463d28,OUT,IN_NP,LEISURE,2026-06-23,2026-07-03,4,21718.0,True
TRIP_c63053e924,U_8729463d28,OUT,IN_QA,LEISURE,2026-07-05,2026-07-19,4,6993.0,True
TRIP_3c3bc42655,U_e596b0dba1,OUT,IN_FR,MEDICAL,2025-03-08,2025-03-17,2,11402.0,True
TRIP_175a7ff331,U_e596b0dba1,OUT,OTHER_R2,PILGRIMAGE,2025-01-27,2025-02-10,4,13102.0,True
TRIP_54cbc21cbd,U_41ec6f0cea,OUT,OTHER_R2,EDUCATION,2024-11-27,2024-11-30,4,6952.0,True
TRIP_7ad5d9d1ee,U_41ec6f0cea,OUT,IN_AE,LEISURE,2025-03-18,2025-03-24,1,87989.0,True
TRIP_493c42d98a,U_5a6ee8f8ea,OUT,OTHER_R2,LEISURE,2025-11-14,2025-11-18,3,7613.0,True
TRIP_14b2e1e338,U_d2886304eb,OUT,IN_SG,LEISURE,2025-06-03,2025-06-15,2,3814.0,True
TRIP_21609eb900,U_838781cfc6,OUT,IN_AE,TRANSIT,2025-12-06,2025-12-19,4,34473.0,True
TRIP_05025f404d,U_838781cfc6,OUT,OTHER_R2,VFR,2026-06-02,2026-06-05,4,9815.0,True
TRIP_919e321d25,U_f8f83be870,OUT,IN_QA,PILGRIMAGE,2025-08-24,2025-09-07,4,8787.0,True
TRIP_6940664bd8,U_f8f83be870,OUT,IN_AE,LEISURE,2025-06-29,2025-07-07,4,21736.0,True
TRIP_5f7123f368,U_f3ae4f53d5,OUT,IN_BT,PILGRIMAGE,2026-05-03,2026-05-10,1,18401.0,True
TRIP_b8f02752cf,U_8470b6e9d4,OUT,IN_NP,LEISURE,2024-08-18,2024-09-01,2,34561.0,True
TRIP_6681efbdef,U_4c33cb9a0b,OUT,IN_KH,LEISURE,2026-05-20,2026-06-02,4,12726.0,True
TRIP_5ab87adc6c,U_4c33cb9a0b,OUT,IN_NP,PILGRIMAGE,2024-11-17,2024-11-27,3,12432.0,True
TRIP_86ec29fc1c,U_da724fe9a5,OUT,IN_NP,LEISURE,2026-06-14,2026-06-18,4,15083.0,True
TRIP_23812533f1,U_da724fe9a5,OUT,IN_NP,LEISURE,2024-12-28,2025-01-01,2,18456.0,False
TRIP_ecc37f0371,U_cffe39a9c3,OUT,IN_AE,LEISURE,2024-09-14,2024-09-24,1,13108.0,True
TRIP_6a2a5f98e9,U_e27cf75c6e,OUT,OTHER_R2,LEISURE,2025-04-11,2025-04-21,4,15020.0,True
TRIP_2783762840,U_e27cf75c6e,OUT,IN_AE,PILGRIMAGE,2025-04-24,2025-04-27,4,15466.0,True
TRIP_bdf835c672,U_879f0a1a64,OUT,IN_AE,LEISURE,2024-10-02,2024-10-13,3,20061.0,True
TRIP_e1a51e7668,U_7b29e491bc,OUT,IN_AE,LEISURE,2026-05-26,2026-06-08,4,12912.0,True
TRIP_96a6c7bdec,U_7b29e491bc,OUT,OTHER_R2,MEDICAL,2025-05-14,2025-05-26,2,6834.0,True
TRIP_a2b48469f6,U_307847b634,OUT,OTHER_R2,LEISURE,2025-10-21,2025-10-26,2,12979.0,True
TRIP_b917bc0b07,U_5007f785dd,OUT,IN_NP,VFR,2025-03-26,2025-04-01,2,15140.0,True
TRIP_c56d963218,U_5007f785dd,OUT,IN_NP,BUSINESS,2025-03-19,2025-03-29,4,9789.0,False
TRIP_4fd0a43b90,U_334afc2478,OUT,IN_AE,EDUCATION,2025-06-14,2025-06-27,4,43861.0,True
TRIP_0c7e0b6c6f,U_334afc2478,OUT,IN_AE,LEISURE,2025-09-30,2025-10-14,3,80130.0,True
TRIP_b64b27ae5f,U_334afc2478,OUT,IN_NP,LEISURE,2025-08-08,2025-08-16,2,13867.0,True
TRIP_385028da75,U_334afc2478,OUT,IN_QA,VFR,2024-11-17,2024-11-29,3,2012.0,True
TRIP_f8ac1bb46d,U_316b1c7323,OUT,IN_MU,LEISURE,2024-08-17,2024-08-30,2,1604.0,True
TRIP_683a41ddd9,U_316b1c7323,OUT,OTHER_R2,LEISURE,2024-09-03,2024-09-11,2,9153.0,True
TRIP_80af442e3c,U_bb234b48ff,OUT,IN_NP,LEISURE,2025-08-09,2025-08-19,1,5099.0,True
TRIP_25b9c7c98a,U_eb9289628b,OUT,IN_QA,MEDICAL,2025-01-02,2025-01-07,3,3522.0,True
TRIP_5fee8bf538,U_0e6ad78058,OUT,OTHER_R2,EDUCATION,2025-10-20,2025-11-01,4,19837.0,True
TRIP_5e7969be56,U_b3a568662c,OUT,IN_SG,LEISURE,2024-12-26,2025-01-08,1,6121.0,True
TRIP_522de3a072,U_abd2fdd4bb,OUT,IN_AE,LEISURE,2025-02-08,2025-02-15,1,21568.0,True
TRIP_ed14e306fc,U_2e2df2b311,OUT,IN_SG,LEISURE,2024-12-17,2024-12-28,1,11437.0,True
TRIP_d97e3dbf93,U_2e2df2b311,OUT,IN_BT,EDUCATION,2025-10-07,2025-10-13,3,12818.0,True
TRIP_0040cdaba8,U_4e3968a5f0,OUT,IN_SG,LEISURE,2026-01-16,2026-01-28,4,10467.0,True
TRIP_ea20d7ec74,U_702e50103c,OUT,IN_AE,LEISURE,2025-04-19,2025-04-28,1,6276.0,True
TRIP_e44a8c0f14,U_b825d6f68d,OUT,IN_AE,EVENT,2025-03-11,2025-03-17,1,5575.0,True
TRIP_4dfece378e,U_b825d6f68d,OUT,IN_QA,LEISURE,2025-07-12,2025-07-26,1,27381.0,True
TRIP_e84ee15494,U_07092ee0af,OUT,IN_AE,TRANSIT,2025-05-20,2025-05-31,1,15339.0,True
TRIP_a73c3c82d7,U_e885b2efeb,OUT,IN_LK,LEISURE,2026-04-30,2026-05-11,4,26762.0,True
TRIP_dbd2edfbba,U_0e6308f248,OUT,OTHER_R2,BUSINESS,2025-05-10,2025-05-13,2,12104.0,True
TRIP_adca68ec89,U_d82ca73974,OUT,IN_SG,LEISURE,2025-06-26,2025-07-09,4,6562.0,True
TRIP_637eb84958,U_5b373d7227,OUT,IN_BT,LEISURE,2026-01-23,2026-01-25,4,37588.0,True
TRIP_46592290cc,U_f81c41e106,OUT,IN_SG,VFR,2025-02-22,2025-03-04,2,7950.0,True
TRIP_875039644b,U_f81c41e106,OUT,IN_AE,EDUCATION,2025-01-21,2025-01-23,1,63429.0,True
TRIP_0fb329d25d,U_0a62adbeb3,OUT,IN_NP,EDUCATION,2026-04-13,2026-04-19,2,12851.0,True
TRIP_4ef517f311,U_dada2fe00c,OUT,IN_SG,MEDICAL,2025-09-23,2025-10-04,3,8289.0,True
TRIP_ae5bbde4e2,U_dada2fe00c,OUT,IN_KH,MEDICAL,2026-04-15,2026-04-22,2,34510.0,True
TRIP_a6edea1ddb,U_3a1ae55b38,OUT,IN_AE,LEISURE,2025-04-01,2025-04-10,1,4389.0,True
TRIP_5b7200507a,U_eb85d1cd7c,OUT,IN_NP,BUSINESS,2025-05-25,2025-05-30,1,10682.0,True
TRIP_4c6408a795,U_6233052ce8,OUT,IN_SG,LEISURE,2025-05-19,2025-05-23,1,4603.0,True
TRIP_123643b4ad,U_6233052ce8,OUT,IN_AE,LEISURE,2025-07-16,2025-07-27,2,9363.0,True
TRIP_4e1bfb95f9,U_1791df2fe5,OUT,IN_SG,LEISURE,2026-03-13,2026-03-21,2,14651.0,True
TRIP_59d3852ac9,U_61bc35e8e0,OUT,IN_NP,LEISURE,2025-04-09,2025-04-11,1,32467.0,True
TRIP_f7bf0f4151,U_61bc35e8e0,OUT,IN_AE,LEISURE,2025-06-20,2025-06-23,2,3333.0,True
TRIP_d223f46365,U_59f0f38ee5,OUT,IN_NP,TRANSIT,2026-04-21,2026-04-30,2,6222.0,True
TRIP_d4ec54ebcc,U_38a9a7413b,OUT,IN_NP,LEISURE,2025-08-15,2025-08-25,2,2347.0,True
TRIP_25ef584b6e,U_85eaff0c3b,OUT,IN_AE,LEISURE,2026-02-18,2026-02-23,4,24977.0,True
TRIP_6ebb73d002,U_85eaff0c3b,OUT,IN_AE,MEDICAL,2025-01-04,2025-01-13,1,20549.0,False
TRIP_6716075128,U_ed2d742a3b,OUT,IN_AE,LEISURE,2025-01-11,2025-01-14,4,12791.0,True
TRIP_66d88addcd,U_437d2fcce6,OUT,IN_AE,BUSINESS,2026-05-25,2026-05-30,4,4984.0,True
TRIP_5e92c55368,U_437d2fcce6,OUT,IN_AE,LEISURE,2024-12-02,2024-12-14,4,9583.0,True
TRIP_7d139e86a6,U_66e256ac7e,OUT,IN_AE,BUSINESS,2026-05-03,2026-05-07,2,59679.0,True
TRIP_385db78902,U_6266038b28,OUT,IN_AE,PILGRIMAGE,2025-06-07,2025-06-11,1,41040.0,True
TRIP_cc6bc2b27b,U_6266038b28,OUT,IN_AE,PILGRIMAGE,2025-12-16,2025-12-23,2,32136.0,True
TRIP_6f3875fe84,U_6266038b28,OUT,IN_AE,EVENT,2025-11-12,2025-11-26,1,15609.0,True
TRIP_9009079d93,U_7a59537c63,OUT,IN_AE,PILGRIMAGE,2025-10-02,2025-10-08,2,11785.0,True
TRIP_6c99d1d4fb,U_77682047e9,OUT,IN_NP,VFR,2025-09-28,2025-10-03,1,13489.0,True
TRIP_8c2710eeb4,U_b4e28da581,OUT,IN_AE,EDUCATION,2026-06-26,2026-06-28,3,33130.0,True
TRIP_78e0bf1841,U_b4e28da581,OUT,IN_SG,EDUCATION,2025-09-06,2025-09-18,2,51421.0,True
TRIP_be8b9aea81,U_e9177ec35f,OUT,IN_AE,VFR,2025-11-29,2025-12-02,2,9509.0,True
TRIP_e125e9c47c,U_0d53b0bd78,OUT,IN_QA,LEISURE,2025-03-01,2025-03-07,4,9170.0,True
TRIP_9f0480a1ab,U_cf3b4a44d5,OUT,IN_BT,LEISURE,2024-08-29,2024-09-11,4,8046.0,True
TRIP_0d96eedc28,U_cf3b4a44d5,OUT,IN_AE,LEISURE,2026-03-31,2026-04-05,3,20381.0,True
TRIP_aaa898b8cd,U_cf3b4a44d5,OUT,IN_AE,LEISURE,2024-12-14,2024-12-19,3,17042.0,False
TRIP_6731e1fcd5,U_d57f989fc1,OUT,IN_SG,LEISURE,2025-06-03,2025-06-12,3,74136.0,True
TRIP_d751bbea9b,U_579bc2fed6,OUT,IN_AE,EVENT,2025-09-28,2025-10-09,1,11565.0,True
TRIP_334c0bc9e3,U_10a663bbe5,OUT,IN_SG,LEISURE,2025-07-28,2025-08-04,3,5293.0,True
TRIP_b5c2042325,U_10a663bbe5,OUT,IN_AE,BUSINESS,2025-08-16,2025-08-29,1,4322.0,True
TRIP_9d43c3e89f,U_10a663bbe5,OUT,IN_MU,LEISURE,2024-11-09,2024-11-15,4,21903.0,True
TRIP_43df9c99f9,U_10a663bbe5,OUT,IN_LK,BUSINESS,2025-09-11,2025-09-15,3,19265.0,True
TRIP_310e41a0b5,U_10a663bbe5,OUT,IN_BT,LEISURE,2025-06-07,2025-06-21,1,5880.0,True
TRIP_3744c982ae,U_b5f1c330a4,OUT,IN_LK,EDUCATION,2025-11-03,2025-11-08,4,26171.0,True
TRIP_04d9835ef5,U_b5f1c330a4,OUT,IN_AE,LEISURE,2024-11-08,2024-11-18,2,12168.0,True
TRIP_80c6f91a59,U_591a5dea36,OUT,IN_QA,MEDICAL,2026-03-19,2026-03-30,2,14443.0,True
TRIP_fdc97f8e2a,U_16ca726bca,OUT,IN_SG,BUSINESS,2025-11-17,2025-11-19,1,28523.0,True
TRIP_b202fd773d,U_f31b142e21,OUT,IN_FR,VFR,2025-10-01,2025-10-05,2,4744.0,True
TRIP_40a36a9083,U_f31b142e21,OUT,IN_AE,BUSINESS,2026-04-23,2026-04-30,3,12273.0,True
TRIP_828b0222ad,U_e22fcf8dd6,OUT,IN_KH,LEISURE,2026-01-18,2026-01-28,4,19762.0,True
TRIP_3001d0eadc,U_e22fcf8dd6,OUT,IN_AE,LEISURE,2025-10-23,2025-11-02,3,12815.0,True
TRIP_1c140f0814,U_b94c36e70d,OUT,IN_AE,BUSINESS,2025-09-28,2025-10-10,3,29308.0,True
TRIP_f6e1423f09,U_785fdae975,OUT,OTHER_R2,MEDICAL,2026-02-10,2026-02-15,1,23007.0,True
TRIP_bf822bc281,U_1d2af68a80,OUT,IN_AE,LEISURE,2025-08-04,2025-08-15,1,20297.0,True
TRIP_6df1aa62a8,U_5a43c2d677,OUT,IN_AE,VFR,2025-06-10,2025-06-16,3,11942.0,True
TRIP_25dc619199,U_8d0c82b242,OUT,IN_AE,VFR,2025-03-29,2025-04-09,3,41429.0,True
TRIP_7487eb7890,U_8d0c82b242,OUT,IN_LK,PILGRIMAGE,2025-08-27,2025-09-06,2,19795.0,True
TRIP_90a87aec93,U_8d0c82b242,OUT,IN_LK,EDUCATION,2025-09-21,2025-09-28,3,3780.0,True
TRIP_9948db7307,U_6459161257,OUT,IN_SG,VFR,2025-02-05,2025-02-13,4,33707.0,True
TRIP_b03c605ec6,U_6459161257,OUT,IN_AE,VFR,2025-11-10,2025-11-17,1,10878.0,True
TRIP_d5775bfedf,U_6459161257,OUT,OTHER_R2,LEISURE,2025-06-28,2025-07-01,4,5220.0,True
TRIP_5960c6fc1a,U_2a0a42beb6,OUT,IN_NP,LEISURE,2024-10-12,2024-10-17,4,15430.0,True
TRIP_677f63abf6,U_2a0a42beb6,OUT,IN_AE,VFR,2026-06-11,2026-06-20,2,11964.0,True
TRIP_dd5b5d1c77,U_d290b9a03a,OUT,OTHER_R2,BUSINESS,2025-03-23,2025-03-28,4,4887.0,True
TRIP_df53cd0631,U_e31a06d80d,OUT,OTHER_R2,LEISURE,2026-04-12,2026-04-19,1,6071.0,True
TRIP_c2abe3e2ab,U_6c832f5c0e,OUT,OTHER_R2,LEISURE,2024-12-28,2024-12-30,4,11900.0,True
TRIP_8c6be752a0,U_6c832f5c0e,OUT,IN_AE,BUSINESS,2025-10-04,2025-10-11,3,3446.0,True
TRIP_56a3f4bc92,U_b295c33b99,OUT,IN_LK,TRANSIT,2025-08-26,2025-09-05,4,28135.0,True
TRIP_3957204492,U_861f15afa4,OUT,OTHER_R2,MEDICAL,2025-05-28,2025-06-11,1,12167.0,True
TRIP_d26ab84461,U_48ce837c0a,OUT,IN_SG,MEDICAL,2024-09-11,2024-09-16,1,14366.0,True
TRIP_ab4578fb61,U_48ce837c0a,OUT,IN_SG,BUSINESS,2025-04-29,2025-05-06,3,56523.0,False
TRIP_be5fd334e8,U_a8954f8f22,OUT,IN_QA,EDUCATION,2024-12-17,2024-12-31,4,22183.0,True
TRIP_2f86353d74,U_a8954f8f22,OUT,IN_AE,MEDICAL,2026-07-03,2026-07-05,4,14333.0,True
TRIP_fdc332f7eb,U_6363688566,OUT,IN_MU,LEISURE,2026-01-09,2026-01-18,1,17701.0,True
TRIP_46fee29af0,U_6363688566,OUT,IN_LK,BUSINESS,2025-07-07,2025-07-09,3,51560.0,True
TRIP_3605ea6551,U_a4be24ffe4,OUT,OTHER_R2,LEISURE,2024-08-13,2024-08-27,1,22723.0,True
TRIP_93b69bd5b4,U_a4be24ffe4,OUT,IN_AE,VFR,2026-03-24,2026-03-31,1,23531.0,True
TRIP_4e02e21c58,U_b7c3cdd409,OUT,OTHER_R2,LEISURE,2025-08-23,2025-09-03,3,8438.0,True
TRIP_16e6cf85f3,U_95e1792ff1,OUT,IN_BT,VFR,2024-08-25,2024-09-04,1,51744.0,True
TRIP_2015303f22,U_bd0b9519d9,OUT,IN_SG,LEISURE,2025-02-06,2025-02-19,4,2928.0,True
TRIP_b0897dca47,U_95653634f3,OUT,IN_NP,LEISURE,2025-04-26,2025-04-30,3,10111.0,True
TRIP_b7ecbc63ac,U_95653634f3,OUT,OTHER_R2,BUSINESS,2025-07-22,2025-07-29,3,5575.0,True
TRIP_8fcd6c2c11,U_d155f1a091,OUT,IN_NP,MEDICAL,2026-02-13,2026-02-25,4,9652.0,True
TRIP_9e4eef1593,U_d155f1a091,OUT,OTHER_R2,PILGRIMAGE,2025-04-27,2025-04-30,1,20463.0,True
TRIP_94c20575ad,U_d164cf38b5,OUT,IN_AE,VFR,2025-07-27,2025-08-01,1,37368.0,True
TRIP_22ed085c53,U_d164cf38b5,OUT,IN_AE,LEISURE,2025-03-27,2025-03-29,4,22212.0,False
TRIP_476682506e,U_d164cf38b5,OUT,IN_AE,BUSINESS,2024-11-19,2024-12-01,1,14488.0,False
TRIP_e097ae963e,U_960d480dee,OUT,IN_SG,TRANSIT,2025-09-10,2025-09-20,1,5297.0,True
TRIP_7a1db3aa7f,U_960d480dee,OUT,OTHER_R2,EDUCATION,2025-11-28,2025-12-11,4,14778.0,True
TRIP_88710fcaf6,U_8bbf1493a8,OUT,OTHER_R2,LEISURE,2024-11-23,2024-11-27,4,27659.0,True
TRIP_2b3d3e10ed,U_b57858fa48,OUT,IN_AE,VFR,2024-10-01,2024-10-03,3,20849.0,True
TRIP_1eabc2868a,U_b57858fa48,OUT,IN_NP,LEISURE,2026-04-01,2026-04-10,4,8232.0,True
TRIP_804faa7e07,U_e9e4447c3a,OUT,IN_LK,EDUCATION,2025-04-08,2025-04-22,3,4192.0,True
TRIP_11dc6fe0cb,U_e9e4447c3a,OUT,IN_FR,LEISURE,2026-06-07,2026-06-12,4,38447.0,True
TRIP_49303fcd3a,U_abdfb58b5c,OUT,IN_BT,LEISURE,2025-07-20,2025-07-28,4,8418.0,True
TRIP_33f23eb881,U_5cc43f17a4,OUT,IN_SG,PILGRIMAGE,2026-05-29,2026-06-11,3,23197.0,True
TRIP_c556edfb86,U_ddc6ee01c2,OUT,IN_QA,LEISURE,2025-10-13,2025-10-15,3,124170.0,True
TRIP_29f82a8a33,U_67559680e6,OUT,IN_AE,LEISURE,2025-01-07,2025-01-20,2,8358.0,True
TRIP_d6644d88c5,U_67559680e6,OUT,IN_QA,LEISURE,2025-04-28,2025-04-30,4,31228.0,True
TRIP_e620642b21,U_42537f2125,OUT,IN_LK,LEISURE,2026-05-08,2026-05-13,2,8512.0,True
TRIP_a303eefde4,U_d358d38e86,OUT,IN_AE,LEISURE,2024-11-08,2024-11-16,4,52716.0,True
TRIP_1a7310e0e7,U_2e17dbe2aa,OUT,IN_NP,VFR,2026-06-27,2026-06-29,3,19107.0,True
TRIP_fea7fbbe35,U_fe81fd3455,OUT,IN_SG,LEISURE,2025-08-11,2025-08-17,2,20025.0,True
TRIP_602ad6179f,U_7b06e8ac78,OUT,IN_AE,EDUCATION,2026-04-22,2026-05-05,2,12564.0,True
TRIP_35ebbb06f4,U_7b06e8ac78,OUT,OTHER_R2,EDUCATION,2025-11-14,2025-11-19,4,2895.0,True
TRIP_ff24d632ef,U_aa354b1f58,OUT,OTHER_R2,EVENT,2024-09-16,2024-09-20,1,61614.0,True
TRIP_2b14165077,U_0acaf700bd,OUT,IN_SG,LEISURE,2025-01-12,2025-01-25,1,10082.0,True
TRIP_aefc457a81,U_0acaf700bd,OUT,IN_NP,VFR,2025-01-16,2025-01-26,1,10561.0,True
TRIP_cdc668d5b7,U_12b1db307a,OUT,IN_MU,EVENT,2025-01-19,2025-01-29,3,6295.0,True
TRIP_43c5d35b48,U_12b1db307a,OUT,IN_LK,BUSINESS,2025-05-26,2025-06-06,2,40283.0,True
TRIP_a97043781b,U_12b1db307a,OUT,IN_AE,MEDICAL,2026-06-01,2026-06-09,1,6696.0,True
TRIP_f3cc78163e,U_9ab47a3b04,OUT,IN_AE,PILGRIMAGE,2025-03-16,2025-03-19,3,16214.0,True
TRIP_e92bdb9f47,U_90579dee6d,OUT,IN_LK,MEDICAL,2024-11-08,2024-11-18,1,25444.0,True
TRIP_3b28a2a67b,U_9d4541c480,OUT,IN_SG,VFR,2024-08-29,2024-09-11,2,7279.0,True
TRIP_680002029c,U_9d4541c480,OUT,IN_NP,BUSINESS,2025-06-10,2025-06-15,1,13909.0,True
TRIP_d135ccfbeb,U_9d4541c480,OUT,OTHER_R2,LEISURE,2024-10-14,2024-10-28,4,21039.0,True
TRIP_ed333256f7,U_417aa8b8b3,OUT,OTHER_R2,EDUCATION,2024-09-09,2024-09-12,3,16912.0,True
TRIP_2c47b05172,U_383dc3e9db,OUT,IN_AE,EVENT,2025-10-10,2025-10-18,4,2882.0,True
TRIP_5409eead4d,U_383dc3e9db,OUT,IN_QA,EVENT,2024-11-03,2024-11-06,1,28625.0,True
TRIP_136b0782d1,U_8ffa238453,OUT,IN_QA,LEISURE,2025-06-19,2025-06-29,1,12200.0,True
TRIP_6329932f7c,U_a0dced2a66,OUT,IN_QA,LEISURE,2026-06-19,2026-07-03,1,15315.0,True
TRIP_134c2f3052,U_69dee084d7,OUT,IN_QA,TRANSIT,2025-06-15,2025-06-18,1,6764.0,True
TRIP_aad1758f45,U_e1bf4b3ea6,OUT,IN_AE,BUSINESS,2025-08-06,2025-08-09,3,15689.0,True
TRIP_6856971efc,U_a67ce12076,OUT,IN_AE,LEISURE,2026-06-22,2026-07-03,3,13242.0,True
TRIP_ec98d50a43,U_4439cc8f70,OUT,IN_AE,EDUCATION,2025-03-08,2025-03-14,3,16706.0,True
TRIP_e53ecb0e1c,U_4439cc8f70,OUT,OTHER_R2,EDUCATION,2026-01-11,2026-01-15,2,5197.0,True
TRIP_b60c52f8ca,U_4439cc8f70,OUT,IN_AE,LEISURE,2026-01-28,2026-02-01,3,13105.0,True
TRIP_2949ec7229,U_7b22cc33ad,OUT,IN_AE,EDUCATION,2025-09-04,2025-09-13,1,12081.0,True
TRIP_8c57d0f1d4,U_62b1091ad1,OUT,IN_LK,EDUCATION,2025-04-01,2025-04-11,3,29252.0,True
TRIP_bc898ef850,U_f6a778f4c3,OUT,IN_FR,EDUCATION,2026-04-14,2026-04-26,1,6286.0,True
TRIP_1b04aea4d7,U_d7d53d00c3,OUT,OTHER_R2,LEISURE,2026-02-02,2026-02-12,3,14283.0,True
TRIP_2a5c223ed8,U_1c98ce5a83,OUT,IN_AE,MEDICAL,2025-05-14,2025-05-20,2,145336.0,True
TRIP_3b5308cae8,U_844f61377a,OUT,IN_AE,LEISURE,2025-11-22,2025-11-24,2,2746.0,True
TRIP_f49f5220e8,U_844f61377a,OUT,IN_SG,EVENT,2026-05-24,2026-06-03,3,12871.0,True
TRIP_07347203bc,U_ddf93bff7f,OUT,IN_QA,BUSINESS,2026-03-05,2026-03-15,2,8884.0,True
TRIP_b25de7c3ac,U_5d92ce1361,OUT,OTHER_R2,LEISURE,2024-09-07,2024-09-18,2,4037.0,True
TRIP_ff76391e4b,U_5d92ce1361,OUT,IN_QA,LEISURE,2026-05-12,2026-05-17,4,10147.0,True
TRIP_3c232d955c,U_5d92ce1361,OUT,IN_AE,EVENT,2024-10-24,2024-11-07,1,5814.0,True
TRIP_c73a227607,U_5d92ce1361,OUT,OTHER_R2,EDUCATION,2026-04-21,2026-04-28,1,35339.0,False
TRIP_c2372cdb91,U_34b86b2de7,OUT,IN_AE,LEISURE,2025-07-27,2025-08-06,4,29799.0,True
TRIP_46b00691e5,U_9d4953879d,OUT,IN_LK,VFR,2026-06-15,2026-06-21,2,7010.0,True
TRIP_a76e064905,U_8834c44e1d,OUT,IN_SG,VFR,2025-12-23,2026-01-01,2,41388.0,True
TRIP_3133a9fef4,U_8834c44e1d,OUT,IN_AE,BUSINESS,2025-05-25,2025-06-04,1,10726.0,True
TRIP_9a956f26f5,U_dc48cb60dc,OUT,IN_SG,EVENT,2025-10-03,2025-10-07,1,23752.0,True
TRIP_7f6824d8df,U_35a9b82553,OUT,IN_AE,MEDICAL,2025-09-17,2025-09-30,4,10838.0,True
TRIP_aedc3c553b,U_35a9b82553,OUT,IN_LK,TRANSIT,2024-10-15,2024-10-28,2,19595.0,True
TRIP_11e80352f0,U_f7f96def2c,OUT,IN_AE,MEDICAL,2025-02-12,2025-02-18,3,74478.0,True
TRIP_9dbc522721,U_283ea26b24,OUT,IN_AE,LEISURE,2026-03-12,2026-03-14,3,2564.0,True
TRIP_c2eee52b8e,U_283ea26b24,OUT,IN_AE,VFR,2024-11-14,2024-11-23,1,23197.0,True
TRIP_0032b46edd,U_283ea26b24,OUT,IN_QA,EDUCATION,2025-01-02,2025-01-05,2,21029.0,True
TRIP_9469173c41,U_283ea26b24,OUT,OTHER_R2,EDUCATION,2026-02-24,2026-03-01,4,10226.0,True
TRIP_44cb90f45b,U_283ea26b24,OUT,IN_SG,BUSINESS,2024-10-29,2024-10-31,2,6316.0,True
TRIP_44cf523ed6,U_fe900d9967,OUT,IN_AE,LEISURE,2026-03-20,2026-04-02,3,6241.0,True
TRIP_95b46ff295,U_fe900d9967,OUT,IN_BT,BUSINESS,2025-01-27,2025-02-01,2,37271.0,True
TRIP_6c3253331a,U_d30dedb0a5,OUT,OTHER_R2,VFR,2025-05-03,2025-05-10,3,24377.0,True
TRIP_7a4f66b6ec,U_d30dedb0a5,OUT,IN_AE,BUSINESS,2025-10-03,2025-10-12,1,3703.0,True
TRIP_3f0d446b07,U_5246bb8146,OUT,IN_NP,EDUCATION,2024-11-29,2024-12-09,2,19944.0,True
TRIP_2279166441,U_5246bb8146,OUT,IN_NP,BUSINESS,2025-07-14,2025-07-18,1,3166.0,False
TRIP_9d740f5a13,U_7565ff46c4,OUT,IN_SG,VFR,2026-03-19,2026-04-02,2,65097.0,True
TRIP_cf9d0c064a,U_8c934fc446,OUT,IN_LK,BUSINESS,2025-07-22,2025-07-28,3,3382.0,True
TRIP_80455b1c0c,U_71267f8f5d,OUT,IN_LK,LEISURE,2025-08-23,2025-08-29,3,6649.0,True
TRIP_11462d2dad,U_acbfb13f8c,OUT,IN_LK,PILGRIMAGE,2025-11-11,2025-11-19,2,43952.0,True
TRIP_42bfe23371,U_acbfb13f8c,OUT,IN_SG,LEISURE,2025-04-02,2025-04-08,3,3903.0,True
TRIP_718b9573a5,U_7d3d777441,OUT,IN_QA,LEISURE,2025-09-19,2025-09-28,2,32092.0,True
TRIP_6f59b5b93c,U_7d3d777441,OUT,IN_QA,VFR,2026-01-30,2026-02-05,1,52127.0,False
TRIP_5236ffabd4,U_27ac9935df,OUT,IN_AE,VFR,2025-10-25,2025-11-07,3,24828.0,True
TRIP_c24bffe1ff,U_27ac9935df,OUT,IN_SG,LEISURE,2026-03-30,2026-04-01,3,29841.0,True
TRIP_f4bd268cff,U_27ac9935df,OUT,IN_KH,EVENT,2024-08-12,2024-08-26,4,9520.0,True
TRIP_c9642b1032,U_efd03e0acd,OUT,OTHER_R2,BUSINESS,2024-12-11,2024-12-13,3,14004.0,True
TRIP_0b7ee2bb7d,U_55afc2d848,OUT,OTHER_R2,TRANSIT,2024-08-19,2024-09-01,3,27673.0,True
TRIP_ea491f1517,U_28f4e91c91,OUT,IN_NP,VFR,2026-06-10,2026-06-18,4,10255.0,True
TRIP_74827cd1eb,U_28f4e91c91,OUT,IN_AE,LEISURE,2025-11-04,2025-11-07,1,28402.0,True
TRIP_9d0333a7af,U_ff2b2a6452,OUT,IN_AE,VFR,2026-06-13,2026-06-18,2,13261.0,True
TRIP_130ae8a5d4,U_ff2b2a6452,OUT,IN_AE,TRANSIT,2026-01-16,2026-01-20,3,4832.0,False
TRIP_dcb0e07b59,U_ff2b2a6452,OUT,OTHER_R2,LEISURE,2026-03-15,2026-03-25,2,7415.0,True
TRIP_50aade6386,U_ff2b2a6452,OUT,OTHER_R2,LEISURE,2024-09-24,2024-09-27,3,11396.0,False
TRIP_98d4bc1dfe,U_972ee17071,OUT,IN_MU,LEISURE,2025-03-08,2025-03-15,4,6641.0,True
TRIP_ece3bd865e,U_ef4c2bb778,OUT,OTHER_R2,EVENT,2025-12-27,2026-01-02,3,4877.0,True
TRIP_ca133b4bd2,U_ef4c2bb778,OUT,IN_NP,PILGRIMAGE,2026-03-06,2026-03-19,2,17719.0,True
TRIP_91be7af6d3,U_d5710e233a,OUT,IN_NP,TRANSIT,2025-04-24,2025-05-03,1,35603.0,True
TRIP_fe6e505371,U_d5710e233a,OUT,IN_AE,VFR,2025-08-01,2025-08-05,1,12876.0,True
TRIP_2d8495784c,U_657ee723ff,OUT,IN_NP,LEISURE,2024-09-14,2024-09-21,4,8747.0,True
TRIP_4c8c6d32fb,U_61d4f1ca9e,OUT,IN_QA,LEISURE,2025-09-20,2025-10-02,2,19420.0,True
TRIP_304097913f,U_348f94b02d,OUT,IN_AE,VFR,2025-10-28,2025-11-01,3,5185.0,True
TRIP_0958e40ff7,U_a725c5003d,OUT,OTHER_R2,BUSINESS,2024-08-23,2024-08-26,3,5747.0,True
TRIP_ca65add55d,U_47839823cf,OUT,IN_AE,LEISURE,2024-12-19,2024-12-31,2,7632.0,True
TRIP_ebd449f65a,U_547fa7b9aa,OUT,IN_LK,VFR,2025-01-28,2025-01-31,1,18975.0,True
TRIP_8cef253cf0,U_547fa7b9aa,OUT,IN_QA,LEISURE,2025-06-07,2025-06-16,4,7996.0,True
TRIP_857bb0a6d0,U_c905c8ad7a,OUT,IN_AE,VFR,2024-09-27,2024-10-09,1,8150.0,True
TRIP_61348f2348,U_c905c8ad7a,OUT,IN_AE,VFR,2026-05-09,2026-05-13,2,38096.0,False
TRIP_94921ebbf0,U_c905c8ad7a,OUT,OTHER_R2,VFR,2026-01-06,2026-01-08,2,12998.0,True
TRIP_a4ffb58d6f,U_c905c8ad7a,OUT,IN_BT,EDUCATION,2025-06-17,2025-06-25,2,10544.0,True
TRIP_4d3e0f287b,U_c905c8ad7a,OUT,IN_SG,LEISURE,2024-11-24,2024-11-27,3,8044.0,True
TRIP_c27f1171ba,U_fc43d055fc,OUT,IN_QA,MEDICAL,2024-12-31,2025-01-02,3,3375.0,True
TRIP_e24025b954,U_fc43d055fc,OUT,IN_NP,LEISURE,2026-06-03,2026-06-13,2,6704.0,True
TRIP_44b5dddca6,U_fc43d055fc,OUT,IN_SG,MEDICAL,2025-08-31,2025-09-09,1,31529.0,True
TRIP_399e16af6d,U_fc43d055fc,OUT,OTHER_R2,LEISURE,2026-04-09,2026-04-11,3,10209.0,True
TRIP_5539d03f96,U_fc43d055fc,OUT,IN_QA,EDUCATION,2025-10-12,2025-10-19,2,13497.0,True
TRIP_1883f6a5c5,U_c56e7045ff,OUT,IN_SG,LEISURE,2024-11-19,2024-12-03,3,16608.0,True
TRIP_a06fd34636,U_f8cb0c8575,OUT,IN_BT,EVENT,2025-02-23,2025-02-25,3,4310.0,True
TRIP_0a0151ca14,U_3832fbc804,OUT,IN_FR,BUSINESS,2026-07-11,2026-07-16,3,13018.0,True
TRIP_d98fda0ae3,U_3832fbc804,OUT,IN_AE,PILGRIMAGE,2025-02-22,2025-02-24,1,16949.0,True
TRIP_277a1cb003,U_3832fbc804,OUT,IN_FR,LEISURE,2026-04-02,2026-04-14,1,72410.0,False
TRIP_78194af1b3,U_a30d7bf6f1,OUT,OTHER_R2,LEISURE,2025-10-14,2025-10-20,2,11792.0,True
TRIP_41f4a8e595,U_a30d7bf6f1,OUT,IN_NP,LEISURE,2024-11-08,2024-11-11,2,4855.0,True
TRIP_a6c3658af3,U_a30d7bf6f1,OUT,IN_QA,PILGRIMAGE,2025-01-26,2025-01-31,3,32375.0,True
TRIP_6c61186738,U_dae0819938,OUT,OTHER_R2,EDUCATION,2024-11-18,2024-11-28,3,18162.0,True
TRIP_db81b2c6fb,U_a65511188a,OUT,IN_AE,LEISURE,2025-11-28,2025-12-10,1,19000.0,True
TRIP_3b014a3d59,U_365f778f5f,OUT,IN_MU,PILGRIMAGE,2025-05-10,2025-05-18,4,48006.0,True
TRIP_78a6a73a68,U_5b9905d221,OUT,IN_SG,LEISURE,2024-12-26,2025-01-08,3,12574.0,True
TRIP_5931943c2c,U_5b9905d221,OUT,OTHER_R2,VFR,2024-09-17,2024-09-28,4,15535.0,True
TRIP_2b76a7faf7,U_fe99790338,OUT,OTHER_R2,LEISURE,2024-12-10,2024-12-12,1,5551.0,True
TRIP_fdbaa6daa6,U_fe99790338,OUT,IN_QA,VFR,2025-06-20,2025-06-29,1,8816.0,True
TRIP_a289f9479d,U_773311e90d,OUT,OTHER_R2,PILGRIMAGE,2025-11-25,2025-11-28,2,25682.0,True
TRIP_b3c5335fc6,U_d4f0f5bad7,OUT,IN_AE,EDUCATION,2025-02-07,2025-02-10,2,13776.0,True
TRIP_2d4b2046a1,U_d4f0f5bad7,OUT,IN_MU,VFR,2025-03-31,2025-04-08,4,14928.0,True
TRIP_eac7db99a9,U_d4f0f5bad7,OUT,IN_NP,LEISURE,2026-01-09,2026-01-16,2,6195.0,True
TRIP_241e3e0350,U_78095c1055,OUT,OTHER_R2,LEISURE,2024-10-09,2024-10-11,3,10296.0,True
TRIP_efa9c86a71,U_78095c1055,OUT,OTHER_R2,LEISURE,2025-12-19,2026-01-02,2,15677.0,False
TRIP_b011553ef1,U_b5516d2644,OUT,IN_BT,LEISURE,2025-06-13,2025-06-23,2,40452.0,True
TRIP_829623d1ed,U_1520c7fb6d,OUT,OTHER_R2,VFR,2025-11-22,2025-12-06,4,30512.0,True
TRIP_60c46cdac4,U_1520c7fb6d,OUT,IN_MU,VFR,2026-05-22,2026-05-27,4,11647.0,True
TRIP_5b340b2fff,U_e87c2de9d3,OUT,IN_AE,VFR,2026-02-02,2026-02-10,1,3842.0,True
TRIP_e0bf0b8691,U_e87c2de9d3,OUT,IN_AE,TRANSIT,2026-07-03,2026-07-05,3,12835.0,False
TRIP_13334f040c,U_285229e284,OUT,IN_AE,LEISURE,2024-10-20,2024-10-27,4,50854.0,True
TRIP_d757841236,U_285229e284,OUT,OTHER_R2,BUSINESS,2026-01-18,2026-01-24,2,23254.0,True
TRIP_a7eca46078,U_3b802c0e6d,OUT,IN_SG,MEDICAL,2026-02-07,2026-02-12,1,27091.0,True
TRIP_5399b6d0b0,U_58710fe6e7,OUT,IN_AE,LEISURE,2025-02-01,2025-02-12,4,104758.0,True
TRIP_cc9ddfb06e,U_58710fe6e7,OUT,IN_NP,PILGRIMAGE,2024-08-16,2024-08-30,4,7744.0,True
TRIP_700faca168,U_58710fe6e7,OUT,IN_SG,LEISURE,2025-05-21,2025-06-03,4,12667.0,True
TRIP_39e9ec00fd,U_1f162f14b0,OUT,IN_QA,LEISURE,2026-05-04,2026-05-06,4,60315.0,True
TRIP_034021022d,U_429cb138c4,OUT,IN_NP,VFR,2024-10-22,2024-10-25,2,10389.0,True
TRIP_6850d8d074,U_4b782b5b50,OUT,IN_SG,VFR,2025-02-25,2025-03-05,1,20149.0,True
TRIP_f18f0e6925,U_a864fe3db2,OUT,IN_NP,BUSINESS,2025-12-21,2025-12-27,4,6952.0,True
TRIP_9536106d03,U_c460af02ea,OUT,OTHER_R2,MEDICAL,2025-06-01,2025-06-04,4,3230.0,True
TRIP_b52fd4f47f,U_c460af02ea,OUT,IN_SG,VFR,2024-09-21,2024-09-26,3,14872.0,True
TRIP_d8af74cd27,U_539e7ebc20,OUT,IN_AE,LEISURE,2024-12-18,2024-12-23,2,6106.0,True
TRIP_2001b8ebac,U_539e7ebc20,OUT,OTHER_R2,VFR,2025-05-14,2025-05-25,4,10479.0,True
TRIP_2e78789fbf,U_539e7ebc20,OUT,IN_NP,LEISURE,2025-08-24,2025-09-06,2,8814.0,True
TRIP_87b0eeeead,U_d583077a4c,OUT,IN_BT,VFR,2025-08-25,2025-09-03,2,29736.0,True
TRIP_25fda3a27f,U_0d956ee794,OUT,IN_AE,BUSINESS,2024-10-28,2024-10-31,4,8723.0,True
TRIP_baaad3944c,U_0d956ee794,OUT,IN_QA,EDUCATION,2026-05-21,2026-05-23,1,98114.0,True
TRIP_661734f99c,U_0d956ee794,OUT,IN_AE,LEISURE,2025-02-07,2025-02-13,4,18796.0,True
TRIP_2f4b2f46ed,U_0d956ee794,OUT,IN_AE,LEISURE,2025-06-01,2025-06-09,3,3427.0,True
TRIP_e0c0c17f47,U_a3f67b874f,OUT,IN_NP,LEISURE,2024-12-31,2025-01-04,1,22068.0,True
TRIP_677249a8d4,U_a3f67b874f,OUT,IN_AE,EDUCATION,2026-02-07,2026-02-17,2,30775.0,True
TRIP_a0411ca2a2,U_442efdb6e5,OUT,IN_NP,EDUCATION,2024-10-12,2024-10-26,4,86257.0,True
TRIP_5644b13763,U_442efdb6e5,OUT,IN_AE,EDUCATION,2025-04-28,2025-05-09,2,88002.0,True
TRIP_66cae2330c,U_bb73bae446,OUT,IN_QA,VFR,2025-01-24,2025-02-03,4,9553.0,True
TRIP_4ed613aa23,U_bb73bae446,OUT,OTHER_R2,BUSINESS,2025-01-11,2025-01-14,4,13189.0,True
TRIP_87c9cd6553,U_4a3cd27e2b,OUT,IN_NP,LEISURE,2025-02-12,2025-02-24,1,18981.0,True
TRIP_b46b8d5f28,U_4a3cd27e2b,OUT,IN_AE,VFR,2025-07-16,2025-07-24,1,9419.0,True
TRIP_6dfe95b639,U_bcc5967838,OUT,IN_AE,LEISURE,2026-06-14,2026-06-22,2,7945.0,True
TRIP_683055c161,U_bcc5967838,OUT,IN_BT,PILGRIMAGE,2026-06-20,2026-06-25,1,5399.0,True
TRIP_da4ed3dcae,U_81f4ba1977,OUT,IN_AE,LEISURE,2026-04-12,2026-04-14,2,7945.0,True
TRIP_f1266c17f8,U_81f4ba1977,OUT,OTHER_R2,BUSINESS,2025-05-23,2025-06-06,4,30187.0,True
TRIP_dd91422497,U_232b26a834,OUT,IN_MU,EDUCATION,2025-01-05,2025-01-15,3,3562.0,True
TRIP_0a695b7fa7,U_a2b56abfcb,IN,IN_ARRIVAL,LEISURE,2025-12-26,2026-01-05,3,21897.0,True
TRIP_8361531288,U_a2b56abfcb,IN,IN_ARRIVAL,MEDICAL,2026-01-01,2026-01-04,2,48914.0,False
TRIP_bad4c56ed7,U_0a6cc58f3f,IN,IN_ARRIVAL,LEISURE,2025-04-28,2025-05-18,4,2013.0,True
TRIP_f498a6f1fa,U_0a6cc58f3f,IN,IN_ARRIVAL,MEDICAL,2025-07-08,2025-07-14,3,23645.0,False
TRIP_f36e4818d6,U_3d848f2626,IN,IN_ARRIVAL,LEISURE,2025-03-08,2025-03-20,3,4824.0,True
TRIP_802f5e89d5,U_8d908c45f3,IN,IN_ARRIVAL,MEDICAL,2026-03-08,2026-03-15,2,25353.0,True
TRIP_91b5289b4f,U_d53b259a8d,IN,IN_ARRIVAL,EVENT,2025-05-08,2025-05-23,1,7161.0,True
TRIP_6282f695eb,U_d53b259a8d,IN,IN_ARRIVAL,LEISURE,2025-04-05,2025-04-20,4,5910.0,True
TRIP_ec8f322837,U_d53b259a8d,IN,IN_ARRIVAL,LEISURE,2024-10-20,2024-11-03,3,20451.0,False
TRIP_e6b8aec6fd,U_4bcbbe69f1,IN,IN_ARRIVAL,EVENT,2025-09-12,2025-09-28,2,10990.0,True
TRIP_a6dd7e8d81,U_4046e3107a,IN,IN_ARRIVAL,LEISURE,2025-10-30,2025-11-07,1,10954.0,True
TRIP_ecd5dadb9e,U_870b957977,IN,IN_ARRIVAL,LEISURE,2024-12-31,2025-01-09,3,13483.0,True
TRIP_cbe448449a,U_d32243e877,IN,IN_ARRIVAL,PILGRIMAGE,2024-11-12,2024-11-26,1,16617.0,True
TRIP_4984795050,U_31b02dc29d,IN,IN_ARRIVAL,VFR,2025-02-09,2025-02-25,1,26745.0,True
TRIP_ca955e4346,U_109215a01c,IN,IN_ARRIVAL,VFR,2025-01-30,2025-02-02,2,21879.0,True
TRIP_676efe81e7,U_114a0775b4,IN,IN_ARRIVAL,LEISURE,2024-11-16,2024-12-02,1,18075.0,True
TRIP_de90744df8,U_7596c8d955,IN,IN_ARRIVAL,EVENT,2025-11-17,2025-11-29,1,29115.0,True
TRIP_9173bea4c6,U_d12bf09027,IN,IN_ARRIVAL,EVENT,2025-01-11,2025-01-14,3,5997.0,True
TRIP_493691f9f9,U_401cafc261,IN,IN_ARRIVAL,LEISURE,2026-05-17,2026-05-24,4,5189.0,True
TRIP_253b6d8140,U_401cafc261,IN,IN_ARRIVAL,LEISURE,2024-10-21,2024-11-05,3,5073.0,False
TRIP_2b4e11313c,U_5d657c630a,IN,IN_ARRIVAL,LEISURE,2025-01-31,2025-02-17,3,16943.0,True
TRIP_cd7a928b70,U_a99e2939dd,IN,IN_ARRIVAL,BUSINESS,2025-08-15,2025-09-05,1,8782.0,True
TRIP_b240f09410,U_a99e2939dd,IN,IN_ARRIVAL,MEDICAL,2025-02-12,2025-02-28,3,10793.0,False
TRIP_d70c7fb0f8,U_a99e2939dd,IN,IN_ARRIVAL,EDUCATION,2025-11-15,2025-11-23,1,2851.0,False
TRIP_338f61a34d,U_a60b8f527b,IN,IN_ARRIVAL,EDUCATION,2024-11-15,2024-11-30,1,11820.0,True
TRIP_ff68bde92b,U_a60b8f527b,IN,IN_ARRIVAL,EDUCATION,2025-04-21,2025-05-04,4,14297.0,False
TRIP_bba3079d25,U_cc25c8dfbf,IN,IN_ARRIVAL,VFR,2024-10-09,2024-10-30,3,20564.0,True
TRIP_2fe0375612,U_44e65531e6,IN,IN_ARRIVAL,EDUCATION,2025-09-15,2025-09-26,2,10102.0,True
TRIP_5aa0b745dd,U_20b77ecd06,IN,IN_ARRIVAL,LEISURE,2024-10-07,2024-10-25,1,6427.0,True
TRIP_ffdd8b4256,U_20b77ecd06,IN,IN_ARRIVAL,VFR,2025-04-09,2025-04-18,4,55875.0,False
TRIP_3b80630273,U_2788c19ec5,IN,IN_ARRIVAL,LEISURE,2025-09-23,2025-09-26,3,64162.0,True
TRIP_68c5ee6d82,U_9c8c3bd943,IN,IN_ARRIVAL,BUSINESS,2025-02-24,2025-03-02,3,13130.0,True
TRIP_0eb5cbeaa6,U_0a69d0a86a,IN,IN_ARRIVAL,LEISURE,2025-01-19,2025-01-29,4,6519.0,True
TRIP_0923c72c86,U_0a69d0a86a,IN,IN_ARRIVAL,VFR,2026-06-28,2026-07-13,2,24248.0,False
TRIP_3131861b14,U_48a41f42b7,IN,IN_ARRIVAL,LEISURE,2026-05-07,2026-05-26,1,15941.0,True
TRIP_4cf4237b8f,U_9a0756330f,IN,IN_ARRIVAL,VFR,2026-03-19,2026-03-30,2,34647.0,True
TRIP_16b3686d54,U_9a0756330f,IN,IN_ARRIVAL,PILGRIMAGE,2026-07-04,2026-07-11,1,10340.0,False
TRIP_23d084df2a,U_575d14e18f,IN,IN_ARRIVAL,LEISURE,2025-09-21,2025-10-10,4,6250.0,True
TRIP_ce44c0c2fc,U_8a77f0dc2d,IN,IN_ARRIVAL,BUSINESS,2024-09-30,2024-10-20,4,6959.0,True
TRIP_988d88d394,U_2fca5084ce,IN,IN_ARRIVAL,LEISURE,2025-10-29,2025-11-03,4,6452.0,True
TRIP_507ce4ec98,U_2fca5084ce,IN,IN_ARRIVAL,LEISURE,2025-09-10,2025-09-27,2,22433.0,True
TRIP_7dbb19d885,U_2fca5084ce,IN,IN_ARRIVAL,LEISURE,2025-04-07,2025-04-21,3,3748.0,False
TRIP_b5b954741a,U_2fca5084ce,IN,IN_ARRIVAL,EDUCATION,2024-12-28,2025-01-01,2,6008.0,False
TRIP_2d0d6c5ba2,U_e3027bb0ca,IN,IN_ARRIVAL,LEISURE,2024-08-15,2024-08-29,2,25928.0,True
TRIP_d514d15079,U_e3027bb0ca,IN,IN_ARRIVAL,PILGRIMAGE,2026-05-02,2026-05-11,4,15493.0,False
TRIP_f863913e09,U_b9b18b5f98,IN,IN_ARRIVAL,PILGRIMAGE,2025-11-29,2025-12-03,4,6901.0,True
TRIP_9d25bfcfa7,U_b9b18b5f98,IN,IN_ARRIVAL,MEDICAL,2026-04-27,2026-05-02,1,4696.0,False
TRIP_422aa482b2,U_b9b18b5f98,IN,IN_ARRIVAL,LEISURE,2024-11-28,2024-12-03,3,29196.0,False
TRIP_8096362e3a,U_b9b18b5f98,IN,IN_ARRIVAL,PILGRIMAGE,2025-09-19,2025-10-02,3,8088.0,False
TRIP_9a1229599b,U_bae13fc39e,IN,IN_ARRIVAL,BUSINESS,2025-03-15,2025-04-03,2,95539.0,True
TRIP_f4ac4f7f6b,U_bae13fc39e,IN,IN_ARRIVAL,LEISURE,2025-01-02,2025-01-15,1,88082.0,False
TRIP_7683d08299,U_02de30cf6b,IN,IN_ARRIVAL,LEISURE,2025-12-17,2026-01-06,1,5661.0,True
TRIP_f0387992d5,U_02de30cf6b,IN,IN_ARRIVAL,LEISURE,2025-10-15,2025-10-18,3,44505.0,False
TRIP_02c38edbc7,U_02de30cf6b,IN,IN_ARRIVAL,LEISURE,2025-07-12,2025-07-26,1,17622.0,False
TRIP_731a5dbb39,U_a732760c48,IN,IN_ARRIVAL,MEDICAL,2025-04-28,2025-05-05,1,17256.0,True
TRIP_0fc3e2402e,U_3e3bd413a7,IN,IN_ARRIVAL,LEISURE,2025-12-24,2026-01-06,1,17851.0,True
TRIP_140cd15f5c,U_3e3bd413a7,IN,IN_ARRIVAL,LEISURE,2025-03-08,2025-03-21,4,13056.0,False
TRIP_90f25bc8aa,U_3e3bd413a7,IN,IN_ARRIVAL,EDUCATION,2024-09-16,2024-10-02,2,4876.0,False
TRIP_7ab8a34f58,U_3e3bd413a7,IN,IN_ARRIVAL,MEDICAL,2026-05-29,2026-06-16,2,5848.0,False
TRIP_80f0b28bff,U_a2b74ea81b,IN,IN_ARRIVAL,LEISURE,2025-04-03,2025-04-19,2,14834.0,True
TRIP_7fdd1c1b03,U_a2b74ea81b,IN,IN_ARRIVAL,LEISURE,2025-12-08,2025-12-27,1,13546.0,False
TRIP_d43f9724eb,U_3dd59127a0,IN,IN_ARRIVAL,VFR,2025-12-05,2025-12-14,3,23485.0,True
TRIP_b630f83ae8,U_3dd59127a0,IN,IN_ARRIVAL,BUSINESS,2025-03-08,2025-03-22,3,35537.0,False
TRIP_2a072f1015,U_3dd59127a0,IN,IN_ARRIVAL,MEDICAL,2026-02-05,2026-02-16,3,48285.0,False
TRIP_5fae6c6691,U_3dd59127a0,IN,IN_ARRIVAL,BUSINESS,2025-03-13,2025-03-25,4,5896.0,False
TRIP_87abd21591,U_8af50ffde0,IN,IN_ARRIVAL,BUSINESS,2026-03-01,2026-03-11,4,13289.0,True
TRIP_9917a8e5bf,U_a0c45eb123,IN,IN_ARRIVAL,LEISURE,2026-05-12,2026-05-16,4,5430.0,True
TRIP_c3af96cb11,U_431d1dac59,IN,IN_ARRIVAL,TRANSIT,2025-08-30,2025-09-20,3,28334.0,True
TRIP_431ac47ac7,U_431d1dac59,IN,IN_ARRIVAL,EDUCATION,2026-04-20,2026-05-08,4,7784.0,False
TRIP_01f721183d,U_355fc5d563,IN,IN_ARRIVAL,VFR,2025-10-29,2025-11-17,1,9200.0,True
TRIP_db86013a78,U_f7bc5a8050,IN,IN_ARRIVAL,EDUCATION,2026-05-09,2026-05-23,2,11630.0,True
TRIP_5624ff3cdc,U_9522a7f720,IN,IN_ARRIVAL,BUSINESS,2025-10-05,2025-10-24,1,27288.0,True
TRIP_fa4f931148,U_34e3007c27,IN,IN_ARRIVAL,VFR,2025-05-25,2025-05-29,2,4261.0,True
TRIP_753a2bd8e8,U_34e3007c27,IN,IN_ARRIVAL,EDUCATION,2024-08-22,2024-09-09,4,3179.0,False
TRIP_3746f18325,U_34e3007c27,IN,IN_ARRIVAL,VFR,2025-04-06,2025-04-20,2,18580.0,False
TRIP_d08112dedd,U_eb47084dbd,IN,IN_ARRIVAL,MEDICAL,2025-05-22,2025-06-09,1,6808.0,True
TRIP_21edfc3feb,U_3eb1f01b9c,IN,IN_ARRIVAL,LEISURE,2024-11-22,2024-11-25,2,59628.0,True
TRIP_be64baa81b,U_3eb1f01b9c,IN,IN_ARRIVAL,BUSINESS,2026-07-10,2026-07-24,3,1301.0,False
TRIP_9e9aa9a5b2,U_2a33df6ef5,IN,IN_ARRIVAL,PILGRIMAGE,2026-03-09,2026-03-16,2,11343.0,True
TRIP_02c13cb00d,U_2a33df6ef5,IN,IN_ARRIVAL,LEISURE,2025-02-26,2025-03-13,2,38222.0,False
TRIP_2343223d92,U_2a33df6ef5,IN,IN_ARRIVAL,LEISURE,2025-10-12,2025-10-27,4,4997.0,False
TRIP_ff11df2595,U_f6c5e2c929,IN,IN_ARRIVAL,LEISURE,2025-10-18,2025-11-08,4,18622.0,True
TRIP_a05e6b95ec,U_22bf4880e0,IN,IN_ARRIVAL,MEDICAL,2024-12-08,2024-12-15,3,13318.0,True
TRIP_3223d97d49,U_22bf4880e0,IN,IN_ARRIVAL,VFR,2025-07-15,2025-08-01,1,8489.0,False
TRIP_d41b7de241,U_efbed224b7,IN,IN_ARRIVAL,BUSINESS,2025-05-01,2025-05-17,2,3673.0,True
TRIP_8a5b3b2f7a,U_7332ad293e,IN,IN_ARRIVAL,BUSINESS,2025-06-15,2025-06-18,3,115957.0,True
TRIP_e2a3b4d873,U_7088e31f55,IN,IN_ARRIVAL,TRANSIT,2025-03-06,2025-03-25,4,48003.0,True
TRIP_b5ff63246f,U_7088e31f55,IN,IN_ARRIVAL,EDUCATION,2025-01-24,2025-02-08,2,10035.0,False
TRIP_5eba162a7c,U_7088e31f55,IN,IN_ARRIVAL,PILGRIMAGE,2025-06-01,2025-06-05,1,25579.0,False
TRIP_b6a426702a,U_c671bba35e,IN,IN_ARRIVAL,VFR,2026-01-29,2026-02-15,3,9947.0,True
TRIP_4041d388cf,U_c671bba35e,IN,IN_ARRIVAL,EDUCATION,2025-07-16,2025-07-26,3,19122.0,False
TRIP_f8926f817a,U_d42a1fa222,IN,IN_ARRIVAL,PILGRIMAGE,2026-05-23,2026-05-26,1,21191.0,True
TRIP_2fe38f210c,U_d42a1fa222,IN,IN_ARRIVAL,BUSINESS,2026-07-07,2026-07-11,1,14901.0,False
TRIP_c0c238654b,U_1a4eb7f8bd,IN,IN_ARRIVAL,BUSINESS,2025-11-27,2025-11-30,3,6183.0,True
TRIP_36f05860eb,U_1a4eb7f8bd,IN,IN_ARRIVAL,BUSINESS,2024-10-22,2024-11-09,1,14119.0,False
TRIP_5bac8fd963,U_93d2208f1c,IN,IN_ARRIVAL,LEISURE,2025-05-22,2025-06-03,1,7594.0,True
TRIP_dffb0d8f99,U_93d2208f1c,IN,IN_ARRIVAL,LEISURE,2025-10-11,2025-10-21,3,15871.0,False
TRIP_e0a8d4cd53,U_cf86fb7237,IN,IN_ARRIVAL,BUSINESS,2025-12-17,2025-12-20,4,6558.0,True
TRIP_1720eba90e,U_68296e8cb1,IN,IN_ARRIVAL,TRANSIT,2025-02-27,2025-03-20,2,20234.0,True
TRIP_56ad55692d,U_68296e8cb1,IN,IN_ARRIVAL,EVENT,2026-01-09,2026-01-16,2,12878.0,False
TRIP_dcb8e71706,U_b50ed184c5,IN,IN_ARRIVAL,LEISURE,2024-09-26,2024-10-07,2,12053.0,True
TRIP_2b97664a0b,U_b50ed184c5,IN,IN_ARRIVAL,EDUCATION,2025-10-16,2025-10-31,3,9442.0,True
TRIP_679e4f681e,U_de4d4db6b0,IN,IN_ARRIVAL,PILGRIMAGE,2025-07-21,2025-07-25,2,12876.0,True
TRIP_2f456c9145,U_de4d4db6b0,IN,IN_ARRIVAL,LEISURE,2025-03-23,2025-04-06,1,15796.0,False
TRIP_ead4d382ab,U_73e84910c3,IN,IN_ARRIVAL,BUSINESS,2026-02-07,2026-02-10,1,32250.0,True
TRIP_12ffd05a03,U_73e84910c3,IN,IN_ARRIVAL,VFR,2025-11-11,2025-11-28,3,7234.0,False
TRIP_5b444bd518,U_c904a2034e,IN,IN_ARRIVAL,LEISURE,2024-08-14,2024-08-25,2,6671.0,True
TRIP_3b5611c015,U_c904a2034e,IN,IN_ARRIVAL,TRANSIT,2026-05-11,2026-05-20,2,2879.0,False
TRIP_2fd9994cbd,U_c904a2034e,IN,IN_ARRIVAL,LEISURE,2025-03-27,2025-04-17,3,25115.0,False
TRIP_f7dc6bd136,U_a8b4d2d188,IN,IN_ARRIVAL,VFR,2024-08-20,2024-08-31,4,58857.0,True
TRIP_def980074d,U_49ce06c2d0,IN,IN_ARRIVAL,VFR,2025-11-07,2025-11-20,2,9488.0,True
TRIP_b95c08be20,U_49ce06c2d0,IN,IN_ARRIVAL,LEISURE,2025-06-01,2025-06-22,3,16926.0,False
TRIP_bb42e8873b,U_34117f5310,IN,IN_ARRIVAL,VFR,2026-02-22,2026-03-07,2,19801.0,True
TRIP_2e4709c432,U_1c7ecb11af,IN,IN_ARRIVAL,LEISURE,2025-08-27,2025-09-13,4,13315.0,True
TRIP_a3f99ac1b4,U_2511b818a1,IN,IN_ARRIVAL,LEISURE,2024-08-30,2024-09-06,2,31536.0,True
TRIP_3778eee32c,U_8cbdfa5dcb,IN,IN_ARRIVAL,EVENT,2026-07-05,2026-07-12,2,16464.0,True
TRIP_b6fc453865,U_c8acce142f,IN,IN_ARRIVAL,LEISURE,2026-01-03,2026-01-17,3,9254.0,True
TRIP_215bd6feee,U_c8acce142f,IN,IN_ARRIVAL,VFR,2025-08-04,2025-08-10,1,5381.0,False
TRIP_11a4d7a1a7,U_701796f81d,IN,IN_ARRIVAL,LEISURE,2025-02-14,2025-02-27,2,18262.0,True
TRIP_2a96f22e7e,U_701796f81d,IN,IN_ARRIVAL,BUSINESS,2026-02-22,2026-03-10,3,56423.0,False
TRIP_a3b7280e38,U_f6ea91e2d4,IN,IN_ARRIVAL,LEISURE,2024-10-08,2024-10-29,2,13572.0,True
TRIP_9eb5d0b590,U_72af2c1014,IN,IN_ARRIVAL,MEDICAL,2026-04-05,2026-04-08,2,13939.0,True
TRIP_1eec666446,U_4c509bfbfd,IN,IN_ARRIVAL,LEISURE,2025-04-20,2025-05-01,3,10435.0,True
TRIP_63507b7d9c,U_4c509bfbfd,IN,IN_ARRIVAL,BUSINESS,2025-07-30,2025-08-20,3,12020.0,False
TRIP_370319a4d2,U_627d0af525,IN,IN_ARRIVAL,LEISURE,2025-04-02,2025-04-12,2,47100.0,True
TRIP_d90bc9fdba,U_deb6ed7242,IN,IN_ARRIVAL,MEDICAL,2025-05-28,2025-06-09,3,23135.0,True
TRIP_55cbbf2ac2,U_deb6ed7242,IN,IN_ARRIVAL,EVENT,2025-05-27,2025-06-08,4,9196.0,False
TRIP_614ca3112f,U_2bd5a51715,IN,IN_ARRIVAL,VFR,2025-07-21,2025-07-24,4,16668.0,True
TRIP_31af7f758e,U_2bd5a51715,IN,IN_ARRIVAL,LEISURE,2024-10-03,2024-10-19,1,2341.0,False
TRIP_bf7de30746,U_113a7b2efd,IN,IN_ARRIVAL,BUSINESS,2025-11-06,2025-11-12,2,17233.0,True
TRIP_cb598127f5,U_fb6a2850c5,IN,IN_ARRIVAL,EDUCATION,2024-10-01,2024-10-05,4,10913.0,True
TRIP_3ce8b3b0fe,U_fb6a2850c5,IN,IN_ARRIVAL,VFR,2025-12-24,2026-01-06,1,81504.0,False
TRIP_9622d3dc7a,U_ab5fad49f0,IN,IN_ARRIVAL,LEISURE,2024-08-11,2024-08-15,3,3098.0,True
TRIP_1ddfbde8bc,U_ab5fad49f0,IN,IN_ARRIVAL,LEISURE,2026-05-19,2026-06-05,3,6160.0,False
TRIP_f24f2d06dd,U_ab5fad49f0,IN,IN_ARRIVAL,VFR,2025-11-20,2025-11-29,4,6138.0,False
TRIP_f447418ed2,U_905905d3f9,IN,IN_ARRIVAL,PILGRIMAGE,2025-09-10,2025-09-13,3,10212.0,True
TRIP_b7b1916fd9,U_fea0640e9e,IN,IN_ARRIVAL,LEISURE,2026-06-14,2026-06-26,4,57095.0,True
TRIP_5a59f254b2,U_fea0640e9e,IN,IN_ARRIVAL,LEISURE,2026-01-03,2026-01-07,3,37109.0,False
TRIP_d62b8a89d9,U_81bcec967d,IN,IN_ARRIVAL,LEISURE,2025-11-10,2025-11-13,4,4598.0,True
TRIP_561baddeca,U_a1f611965d,IN,IN_ARRIVAL,LEISURE,2025-01-29,2025-02-08,3,6923.0,True
TRIP_f0017cb16f,U_a1f611965d,IN,IN_ARRIVAL,BUSINESS,2026-01-12,2026-01-30,1,58354.0,False
TRIP_0e585ab86f,U_a534cbc1bb,IN,IN_ARRIVAL,PILGRIMAGE,2025-08-14,2025-08-19,2,13727.0,True
TRIP_31cd37c37d,U_a534cbc1bb,IN,IN_ARRIVAL,BUSINESS,2025-06-14,2025-06-23,3,18923.0,False
TRIP_a200075ab7,U_a534cbc1bb,IN,IN_ARRIVAL,TRANSIT,2026-01-17,2026-02-06,3,6364.0,False
TRIP_eb5bca4be0,U_0b3e4d4e0c,IN,IN_ARRIVAL,LEISURE,2026-05-09,2026-05-12,4,6965.0,True
TRIP_c3d0571597,U_d7c56dff79,IN,IN_ARRIVAL,VFR,2024-12-16,2024-12-27,1,13182.0,True
TRIP_372338852a,U_d7c56dff79,IN,IN_ARRIVAL,LEISURE,2026-06-08,2026-06-19,1,6282.0,False
TRIP_8ed74519fc,U_d7c56dff79,IN,IN_ARRIVAL,LEISURE,2024-12-12,2024-12-15,2,7195.0,False
TRIP_3bda64891f,U_d7c56dff79,IN,IN_ARRIVAL,BUSINESS,2025-09-03,2025-09-12,3,39226.0,False
TRIP_e85997fc59,U_d7c56dff79,IN,IN_ARRIVAL,LEISURE,2025-09-28,2025-10-03,2,2427.0,False
TRIP_50f96d10be,U_eb1f3e553f,IN,IN_ARRIVAL,EDUCATION,2025-03-05,2025-03-08,3,9909.0,True
TRIP_d3a3e31411,U_eb1f3e553f,IN,IN_ARRIVAL,LEISURE,2024-12-04,2024-12-14,2,81397.0,False
TRIP_7f0932a34f,U_5c23bdf32c,IN,IN_ARRIVAL,BUSINESS,2025-02-07,2025-02-21,1,9150.0,True
TRIP_8919e51679,U_18c07cff82,IN,IN_ARRIVAL,LEISURE,2026-06-26,2026-07-02,3,5268.0,True
TRIP_b50416bbac,U_18c07cff82,IN,IN_ARRIVAL,LEISURE,2026-07-08,2026-07-23,2,19039.0,False
TRIP_fa5021ea8f,U_a041af677f,IN,IN_ARRIVAL,TRANSIT,2026-03-21,2026-04-10,4,4682.0,True
TRIP_740423e439,U_a041af677f,IN,IN_ARRIVAL,VFR,2024-08-30,2024-09-16,4,11186.0,False
TRIP_a967bd7d89,U_a041af677f,IN,IN_ARRIVAL,PILGRIMAGE,2026-01-14,2026-01-21,2,10144.0,False
TRIP_78c40e7d0c,U_a041af677f,IN,IN_ARRIVAL,LEISURE,2025-07-26,2025-08-02,4,7552.0,False
TRIP_518761976f,U_a041af677f,IN,IN_ARRIVAL,LEISURE,2024-09-14,2024-10-01,1,5510.0,False
TRIP_fb0a4cf419,U_029d13871d,IN,IN_ARRIVAL,LEISURE,2026-03-09,2026-03-27,1,18293.0,True
TRIP_a6871966e5,U_f375557e89,IN,IN_ARRIVAL,VFR,2025-09-26,2025-10-12,1,19346.0,True
TRIP_18c5b3b53f,U_db80581bff,IN,IN_ARRIVAL,BUSINESS,2024-10-07,2024-10-28,1,27332.0,True
TRIP_a6e4797261,U_7c28a27a8e,IN,IN_ARRIVAL,BUSINESS,2025-09-06,2025-09-15,2,12146.0,True
TRIP_b2b0649582,U_11a6377440,IN,IN_ARRIVAL,LEISURE,2026-03-11,2026-03-15,1,18811.0,True
TRIP_134504d623,U_11a6377440,IN,IN_ARRIVAL,PILGRIMAGE,2024-08-21,2024-09-05,4,27462.0,True
TRIP_e7f4078d32,U_11a6377440,IN,IN_ARRIVAL,VFR,2025-03-11,2025-03-24,1,7213.0,True
TRIP_02a082153b,U_dfaaa01e6b,IN,IN_ARRIVAL,LEISURE,2024-09-19,2024-09-23,3,3438.0,True
TRIP_40d43d0e1a,U_d5692f287d,IN,IN_ARRIVAL,LEISURE,2024-10-24,2024-11-05,2,9535.0,True
TRIP_cc6b46690b,U_d135eb3545,IN,IN_ARRIVAL,PILGRIMAGE,2025-04-21,2025-05-08,1,7281.0,True
TRIP_b5c75b7ee0,U_1106e8dbb4,IN,IN_ARRIVAL,PILGRIMAGE,2024-12-02,2024-12-13,4,2487.0,True
TRIP_30575597ed,U_c49522b7a9,IN,IN_ARRIVAL,LEISURE,2026-01-24,2026-02-11,1,7901.0,True
TRIP_2fabe426f3,U_c49522b7a9,IN,IN_ARRIVAL,LEISURE,2024-08-18,2024-09-07,2,2892.0,True
TRIP_a1ff41409b,U_29a6452aa3,IN,IN_ARRIVAL,BUSINESS,2025-09-28,2025-10-12,4,15629.0,True
TRIP_026de3b37d,U_6623ecef5e,IN,IN_ARRIVAL,EDUCATION,2024-11-09,2024-11-12,3,10753.0,True
TRIP_cf8208e01a,U_6623ecef5e,IN,IN_ARRIVAL,LEISURE,2025-09-30,2025-10-10,1,10664.0,False
TRIP_535562d688,U_b11a42ad6e,IN,IN_ARRIVAL,BUSINESS,2025-06-12,2025-06-22,2,10948.0,True
TRIP_dfcc3a0f5f,U_b11a42ad6e,IN,IN_ARRIVAL,LEISURE,2025-01-21,2025-01-30,4,9387.0,False
TRIP_56b4b20eba,U_b11a42ad6e,IN,IN_ARRIVAL,LEISURE,2025-04-03,2025-04-15,2,13409.0,False
TRIP_8c63be6c8d,U_b11a42ad6e,IN,IN_ARRIVAL,LEISURE,2025-08-02,2025-08-07,1,3669.0,False
TRIP_7fb7fb4e42,U_41f3a19932,IN,IN_ARRIVAL,LEISURE,2025-04-06,2025-04-10,1,10180.0,True
TRIP_02036ea8b9,U_2ec779194c,IN,IN_ARRIVAL,LEISURE,2025-01-18,2025-02-04,3,3269.0,True
TRIP_99300f2181,U_2ec779194c,IN,IN_ARRIVAL,LEISURE,2024-11-08,2024-11-21,3,45606.0,False
TRIP_263230286b,U_2ec779194c,IN,IN_ARRIVAL,VFR,2025-03-13,2025-03-28,4,17179.0,False
TRIP_b12e1684fb,U_d13cc00db0,IN,IN_ARRIVAL,PILGRIMAGE,2024-08-22,2024-08-30,1,12526.0,True
TRIP_f1b019b694,U_67fa31e5fb,IN,IN_ARRIVAL,MEDICAL,2025-02-26,2025-03-15,2,16082.0,True
TRIP_cff38e5aeb,U_67fa31e5fb,IN,IN_ARRIVAL,LEISURE,2025-04-03,2025-04-23,3,15485.0,False
TRIP_505dd677b0,U_67fa31e5fb,IN,IN_ARRIVAL,BUSINESS,2026-05-19,2026-06-08,3,20753.0,False
TRIP_fde810f62c,U_1ad1d4db48,IN,IN_ARRIVAL,EVENT,2026-01-02,2026-01-07,4,3927.0,True
TRIP_ac0aac981a,U_a7b71baff9,IN,IN_ARRIVAL,VFR,2026-04-01,2026-04-11,2,13825.0,True
TRIP_a205564b7c,U_a7b71baff9,IN,IN_ARRIVAL,EVENT,2026-06-11,2026-06-17,4,4782.0,False
TRIP_8a50c37e63,U_0be16f28a1,IN,IN_ARRIVAL,LEISURE,2026-01-12,2026-02-01,1,11687.0,True
TRIP_96b9d6d12d,U_0be16f28a1,IN,IN_ARRIVAL,PILGRIMAGE,2026-03-16,2026-04-02,1,18111.0,False
TRIP_3c198593d6,U_789037d4d0,IN,IN_ARRIVAL,LEISURE,2024-09-02,2024-09-18,3,16085.0,True
TRIP_4b1511db69,U_789037d4d0,IN,IN_ARRIVAL,EVENT,2025-10-14,2025-11-02,2,10071.0,False
TRIP_b2f155e7ff,U_e4cc9e47c0,IN,IN_ARRIVAL,TRANSIT,2025-08-15,2025-08-23,2,12011.0,True
TRIP_a0a77507c9,U_ed9f84c4b7,IN,IN_ARRIVAL,EDUCATION,2025-02-14,2025-02-26,3,16040.0,True
TRIP_7848b297c7,U_da428d1b53,IN,IN_ARRIVAL,LEISURE,2025-12-09,2025-12-29,2,9288.0,True
TRIP_4f8d0be943,U_5f93ed9ae6,IN,IN_ARRIVAL,BUSINESS,2025-03-17,2025-04-04,1,13654.0,True
TRIP_f8df88d28b,U_de700307b6,IN,IN_ARRIVAL,BUSINESS,2025-10-20,2025-11-10,2,6018.0,True
TRIP_be76b28231,U_5674c423a1,IN,IN_ARRIVAL,VFR,2024-08-26,2024-09-03,3,10045.0,True
TRIP_8e4e417ac4,U_5674c423a1,IN,IN_ARRIVAL,PILGRIMAGE,2024-10-21,2024-11-08,1,9038.0,False
TRIP_39a74d3075,U_5674c423a1,IN,IN_ARRIVAL,VFR,2025-11-09,2025-11-25,1,42223.0,False
TRIP_dd06e2ff98,U_af545c7ed1,IN,IN_ARRIVAL,LEISURE,2025-06-20,2025-06-26,4,2810.0,True
TRIP_a1f98e74cf,U_753e6d828b,IN,IN_ARRIVAL,LEISURE,2025-07-21,2025-07-28,4,8944.0,True
TRIP_02d88ade86,U_753e6d828b,IN,IN_ARRIVAL,BUSINESS,2025-06-19,2025-06-28,3,12974.0,False
TRIP_221f65eee1,U_b48466adff,IN,IN_ARRIVAL,LEISURE,2026-02-25,2026-03-18,1,3572.0,True
TRIP_07adf975c3,U_b48466adff,IN,IN_ARRIVAL,LEISURE,2026-02-24,2026-03-14,1,6773.0,False
TRIP_86c8cf5d8a,U_b48466adff,IN,IN_ARRIVAL,VFR,2025-02-09,2025-02-17,4,12772.0,False
TRIP_b30b10ac36,U_b48466adff,IN,IN_ARRIVAL,BUSINESS,2025-03-26,2025-04-11,1,17700.0,False
TRIP_1c306e78b2,U_68b33074da,IN,IN_ARRIVAL,EVENT,2024-12-14,2025-01-01,4,7479.0,True
TRIP_d9b9893496,U_68b33074da,IN,IN_ARRIVAL,LEISURE,2025-08-25,2025-08-31,2,1966.0,False
TRIP_3016afc88c,U_e18b57a216,IN,IN_ARRIVAL,BUSINESS,2025-05-14,2025-05-26,1,13446.0,True
TRIP_5d5bae9d90,U_e18b57a216,IN,IN_ARRIVAL,EVENT,2026-01-01,2026-01-08,3,7161.0,False
TRIP_a382f56e76,U_d2090ba18f,IN,IN_ARRIVAL,LEISURE,2026-04-17,2026-04-24,1,63201.0,True
TRIP_954136a2a7,U_62e59f9b6e,IN,IN_ARRIVAL,VFR,2026-03-19,2026-04-03,2,21260.0,True
TRIP_a08eb7e43b,U_62e59f9b6e,IN,IN_ARRIVAL,EDUCATION,2024-11-11,2024-11-22,1,28953.0,False
TRIP_a2c8ffaf10,U_dc83978a62,IN,IN_ARRIVAL,PILGRIMAGE,2025-04-10,2025-04-21,2,21415.0,True
TRIP_204b76d38f,U_f2b86dd4ea,IN,IN_ARRIVAL,EDUCATION,2026-01-29,2026-02-19,1,5966.0,True
TRIP_abdc5cbf2c,U_7234691736,IN,IN_ARRIVAL,EVENT,2024-08-26,2024-08-29,2,16377.0,True
TRIP_520c169323,U_7234691736,IN,IN_ARRIVAL,BUSINESS,2025-08-24,2025-09-02,3,2499.0,True
TRIP_50ad9248cf,U_ce006352dd,IN,IN_ARRIVAL,BUSINESS,2026-04-22,2026-04-25,1,9350.0,True
TRIP_4685e4beda,U_ce006352dd,IN,IN_ARRIVAL,VFR,2025-06-16,2025-07-07,3,13244.0,False
TRIP_3b2d094177,U_ce006352dd,IN,IN_ARRIVAL,LEISURE,2026-02-07,2026-02-12,2,12934.0,False
TRIP_17fbaa5c4d,U_3eb8336c73,IN,IN_ARRIVAL,TRANSIT,2025-04-26,2025-05-07,1,7161.0,True
TRIP_b4e3c042cc,U_4b27133356,IN,IN_ARRIVAL,LEISURE,2026-07-02,2026-07-10,3,15070.0,True
TRIP_c7d7458a98,U_4b27133356,IN,IN_ARRIVAL,LEISURE,2026-04-30,2026-05-20,2,8884.0,False
TRIP_e30ba23b1f,U_4b27133356,IN,IN_ARRIVAL,VFR,2025-09-07,2025-09-10,2,8995.0,False
TRIP_da9059f9ac,U_af9a3a0c13,IN,IN_ARRIVAL,TRANSIT,2025-08-12,2025-08-21,1,10267.0,True
TRIP_a732cc6baa,U_d70e87ecf6,IN,IN_ARRIVAL,EDUCATION,2026-06-14,2026-07-04,2,6012.0,True
TRIP_15bd2df1cc,U_d70e87ecf6,IN,IN_ARRIVAL,EVENT,2026-07-06,2026-07-20,1,5206.0,False
TRIP_b65317e082,U_510c73a4a2,IN,IN_ARRIVAL,EVENT,2026-02-20,2026-03-02,3,5981.0,True
TRIP_23e34de90d,U_510c73a4a2,IN,IN_ARRIVAL,LEISURE,2025-05-27,2025-06-06,2,31782.0,False
TRIP_39a1df353e,U_6529fe87ee,IN,IN_ARRIVAL,BUSINESS,2024-09-22,2024-10-12,1,10248.0,True
TRIP_f94002a1c0,U_6529fe87ee,IN,IN_ARRIVAL,LEISURE,2025-04-16,2025-05-07,4,22798.0,False
TRIP_5ce892829f,U_6529fe87ee,IN,IN_ARRIVAL,VFR,2025-09-04,2025-09-14,2,27203.0,False
TRIP_57f7901736,U_9f6c4bf68e,IN,IN_ARRIVAL,MEDICAL,2024-10-19,2024-11-04,3,2206.0,True
TRIP_1b7896c305,U_9f6c4bf68e,IN,IN_ARRIVAL,BUSINESS,2025-09-08,2025-09-27,2,21017.0,False
TRIP_dace97eead,U_9f6c4bf68e,IN,IN_ARRIVAL,PILGRIMAGE,2024-11-29,2024-12-05,4,5884.0,False
TRIP_d71b62b5cb,U_9f6c4bf68e,IN,IN_ARRIVAL,LEISURE,2026-03-15,2026-03-29,4,10719.0,False
TRIP_62de88ddad,U_c702ae27c0,IN,IN_ARRIVAL,EDUCATION,2025-07-05,2025-07-25,4,7424.0,True
TRIP_f2a9099cca,U_ac246aa90a,IN,IN_ARRIVAL,PILGRIMAGE,2025-11-16,2025-11-20,4,11635.0,True
TRIP_551dd1a224,U_ac246aa90a,IN,IN_ARRIVAL,EDUCATION,2024-08-16,2024-08-25,1,8705.0,False
TRIP_f60db34ac0,U_ac246aa90a,IN,IN_ARRIVAL,MEDICAL,2025-03-14,2025-03-24,2,20716.0,False
TRIP_6fe4a3640b,U_ac246aa90a,IN,IN_ARRIVAL,VFR,2025-05-21,2025-06-11,4,6767.0,False
TRIP_f606479245,U_ac246aa90a,IN,IN_ARRIVAL,EDUCATION,2024-11-27,2024-12-18,2,19120.0,False
TRIP_0141f60950,U_1886378614,IN,IN_ARRIVAL,LEISURE,2025-04-25,2025-05-15,4,31133.0,True
TRIP_eb2dcfd8bc,U_cf39d29d7e,IN,IN_ARRIVAL,LEISURE,2025-10-23,2025-11-13,1,5421.0,True
TRIP_959329b841,U_cf39d29d7e,IN,IN_ARRIVAL,LEISURE,2025-08-20,2025-08-27,2,14550.0,False
TRIP_9695fd273c,U_cf39d29d7e,IN,IN_ARRIVAL,MEDICAL,2025-12-31,2026-01-09,1,15681.0,False
TRIP_61af80bd60,U_d6c81ec4ac,IN,IN_ARRIVAL,EVENT,2024-12-10,2024-12-18,3,10775.0,True
TRIP_5b0027fdca,U_d6c81ec4ac,IN,IN_ARRIVAL,EDUCATION,2026-02-09,2026-02-27,4,39471.0,False
TRIP_9eeec3de1b,U_2fd0105210,IN,IN_ARRIVAL,VFR,2025-02-14,2025-02-28,4,48108.0,True
TRIP_169a7301ab,U_2fd0105210,IN,IN_ARRIVAL,VFR,2026-05-30,2026-06-10,2,11942.0,False
TRIP_89fbf0ddc9,U_2fd0105210,IN,IN_ARRIVAL,BUSINESS,2025-02-15,2025-03-03,3,24476.0,False
TRIP_28f66a1b60,U_c906ccc1aa,IN,IN_ARRIVAL,VFR,2025-08-01,2025-08-08,2,25727.0,True
TRIP_cbdba45004,U_a599358996,IN,IN_ARRIVAL,VFR,2025-06-16,2025-07-03,3,24676.0,True
TRIP_5adcb085e5,U_abf3ca74b9,IN,IN_ARRIVAL,LEISURE,2025-01-10,2025-01-27,3,43414.0,True
TRIP_e2b69a772e,U_abf3ca74b9,IN,IN_ARRIVAL,BUSINESS,2026-05-30,2026-06-09,1,12901.0,False
TRIP_936ddabfd2,U_1fa93dd24f,IN,IN_ARRIVAL,LEISURE,2024-11-15,2024-12-03,4,15228.0,True
TRIP_82a7a956c9,U_1fa93dd24f,IN,IN_ARRIVAL,LEISURE,2025-04-18,2025-05-09,3,6546.0,False
TRIP_bd5db3c1b7,U_235eddf776,IN,IN_ARRIVAL,LEISURE,2025-10-30,2025-11-13,1,34443.0,True
TRIP_21560a8a40,U_21969a8ac9,IN,IN_ARRIVAL,EVENT,2025-09-30,2025-10-04,2,16004.0,True
TRIP_abee2b2070,U_1c9f26dc87,IN,IN_ARRIVAL,LEISURE,2025-06-26,2025-07-04,2,14246.0,True
TRIP_5f73dbc170,U_4550392fc7,IN,IN_ARRIVAL,VFR,2024-12-17,2025-01-02,1,18720.0,True
TRIP_fb515385ef,U_4550392fc7,IN,IN_ARRIVAL,MEDICAL,2025-04-11,2025-04-23,2,93196.0,False
TRIP_55420e9dbf,U_4550392fc7,IN,IN_ARRIVAL,LEISURE,2025-07-02,2025-07-18,4,28131.0,False
TRIP_b7c9f2491a,U_7739c6c3b4,IN,IN_ARRIVAL,MEDICAL,2025-03-31,2025-04-17,1,7582.0,True
TRIP_f95e5fa56b,U_716d0e51ce,IN,IN_ARRIVAL,LEISURE,2024-10-27,2024-11-04,3,5307.0,True
TRIP_49ed065a20,U_935764c2b7,IN,IN_ARRIVAL,VFR,2025-08-02,2025-08-14,1,7808.0,True
TRIP_944505b844,U_42bd9d46cf,IN,IN_ARRIVAL,LEISURE,2026-03-06,2026-03-21,2,12698.0,True
TRIP_7dbc87d7e8,U_42bd9d46cf,IN,IN_ARRIVAL,BUSINESS,2026-05-09,2026-05-25,3,7470.0,False
TRIP_b3fa233a7a,U_a5b897efa3,IN,IN_ARRIVAL,LEISURE,2025-04-05,2025-04-20,3,23429.0,True
TRIP_eb5d5ab7a4,U_a5b897efa3,IN,IN_ARRIVAL,LEISURE,2025-11-29,2025-12-03,1,14195.0,False
TRIP_74cff5e098,U_ee06ad9601,IN,IN_ARRIVAL,BUSINESS,2025-10-11,2025-10-30,4,18218.0,True
TRIP_3ff76c1f8c,U_ee06ad9601,IN,IN_ARRIVAL,EVENT,2025-11-25,2025-12-16,2,7997.0,False
TRIP_31f9ae8592,U_0fd4ac8fa0,IN,IN_ARRIVAL,VFR,2025-11-21,2025-12-12,2,18180.0,True
TRIP_6684516410,U_0fd4ac8fa0,IN,IN_ARRIVAL,LEISURE,2025-11-13,2025-12-03,4,18088.0,False
TRIP_7fdd5f0306,U_f2442dd3e7,IN,IN_ARRIVAL,MEDICAL,2024-12-08,2024-12-23,1,15113.0,True
TRIP_15c7bec7fa,U_1d5563c000,IN,IN_ARRIVAL,BUSINESS,2025-08-01,2025-08-12,2,12425.0,True
TRIP_c800321e49,U_9b66eb5280,IN,IN_ARRIVAL,MEDICAL,2026-01-25,2026-02-07,3,18866.0,True
TRIP_ef9b7e3eb3,U_ddd07ef440,IN,IN_ARRIVAL,TRANSIT,2025-03-07,2025-03-11,1,5206.0,True
TRIP_a51c0798ed,U_ddd07ef440,IN,IN_ARRIVAL,BUSINESS,2025-03-22,2025-03-31,1,4545.0,False
TRIP_9700b4c674,U_ddd07ef440,IN,IN_ARRIVAL,PILGRIMAGE,2025-10-05,2025-10-13,1,7043.0,False
TRIP_cb2eceb889,U_2c7b5e6b14,IN,IN_ARRIVAL,MEDICAL,2024-10-15,2024-10-31,4,30585.0,True
TRIP_0842ac175d,U_c6db1f2609,IN,IN_ARRIVAL,MEDICAL,2026-05-23,2026-06-13,3,9278.0,True
TRIP_cd4191c975,U_c6db1f2609,IN,IN_ARRIVAL,LEISURE,2026-05-24,2026-06-14,4,22615.0,False
TRIP_9f5dfbd650,U_4388e555c7,IN,IN_ARRIVAL,LEISURE,2025-07-08,2025-07-23,3,2554.0,True
TRIP_eeb392bb51,U_4388e555c7,IN,IN_ARRIVAL,VFR,2024-10-02,2024-10-15,3,7004.0,False
TRIP_5d146c6f4f,U_57c1a71981,IN,IN_ARRIVAL,LEISURE,2025-05-10,2025-05-19,2,19302.0,True
TRIP_1e00d1404d,U_57c1a71981,IN,IN_ARRIVAL,LEISURE,2025-01-09,2025-01-30,2,13782.0,False
TRIP_71967600d7,U_657b0667ec,IN,IN_ARRIVAL,PILGRIMAGE,2025-11-03,2025-11-19,4,9519.0,True
TRIP_824d44a794,U_9897717dfa,IN,IN_ARRIVAL,MEDICAL,2026-01-29,2026-02-09,4,24803.0,True
TRIP_5233dd0222,U_ef6bfbf7af,IN,IN_ARRIVAL,LEISURE,2024-09-06,2024-09-20,1,2277.0,True
TRIP_d42f64e560,U_d11c4cfb0a,IN,IN_ARRIVAL,LEISURE,2025-07-08,2025-07-12,4,11817.0,True
TRIP_437af0cafa,U_d11c4cfb0a,IN,IN_ARRIVAL,VFR,2025-08-31,2025-09-19,4,43555.0,False
TRIP_a5c0192473,U_6b09b0ea88,IN,IN_ARRIVAL,BUSINESS,2026-06-17,2026-06-24,1,8761.0,True
TRIP_0f43f1ecd1,U_6b09b0ea88,IN,IN_ARRIVAL,MEDICAL,2025-08-25,2025-09-05,3,24319.0,False
TRIP_a2f3dbee01,U_6b09b0ea88,IN,IN_ARRIVAL,BUSINESS,2025-12-05,2025-12-24,2,12063.0,False
TRIP_915c2312b3,U_e80df4bbb3,IN,IN_ARRIVAL,LEISURE,2026-05-04,2026-05-23,4,5304.0,True
TRIP_a5ce24a515,U_e80df4bbb3,IN,IN_ARRIVAL,EDUCATION,2024-11-29,2024-12-07,2,34259.0,False
TRIP_d012c676fc,U_e80df4bbb3,IN,IN_ARRIVAL,LEISURE,2025-05-28,2025-06-08,2,27259.0,False
TRIP_8f7fb6664e,U_e86b06b7cb,IN,IN_ARRIVAL,LEISURE,2025-10-01,2025-10-06,1,15415.0,True
TRIP_fce7d11701,U_e86b06b7cb,IN,IN_ARRIVAL,LEISURE,2025-03-14,2025-03-30,3,18109.0,False
TRIP_5af5b99570,U_8e151efe58,IN,IN_ARRIVAL,MEDICAL,2026-01-08,2026-01-26,4,15084.0,True
TRIP_310b627af7,U_8e151efe58,IN,IN_ARRIVAL,LEISURE,2026-01-12,2026-01-24,1,8684.0,False
TRIP_99db743efd,U_1d7ea42b32,IN,IN_ARRIVAL,EVENT,2025-10-03,2025-10-13,2,15812.0,True
TRIP_66cf7fb7f0,U_62c97cbc61,IN,IN_ARRIVAL,LEISURE,2025-04-23,2025-05-12,3,10493.0,True
TRIP_ee6b0eefd7,U_62c97cbc61,IN,IN_ARRIVAL,LEISURE,2026-04-12,2026-04-17,1,10851.0,False
TRIP_ac76898a15,U_62c97cbc61,IN,IN_ARRIVAL,TRANSIT,2024-09-11,2024-09-26,3,16730.0,False
TRIP_b29898ef19,U_40e764b372,IN,IN_ARRIVAL,BUSINESS,2025-01-02,2025-01-16,4,67142.0,True
TRIP_6d8a15efbc,U_40e764b372,IN,IN_ARRIVAL,LEISURE,2024-08-19,2024-08-27,3,5691.0,False
TRIP_a7b9768778,U_a8b1d6f1b8,IN,IN_ARRIVAL,EVENT,2026-04-09,2026-04-24,4,14635.0,True
TRIP_b1ddd7849c,U_aa52858ac9,IN,IN_ARRIVAL,EDUCATION,2026-03-28,2026-04-05,4,8592.0,True
TRIP_efb98c3600,U_aa52858ac9,IN,IN_ARRIVAL,LEISURE,2024-12-30,2025-01-18,4,25396.0,False
TRIP_5ccd482c2f,U_aa52858ac9,IN,IN_ARRIVAL,LEISURE,2024-11-16,2024-11-23,2,2675.0,False
TRIP_af5db99c9c,U_aa52858ac9,IN,IN_ARRIVAL,LEISURE,2026-04-06,2026-04-17,4,9970.0,False
TRIP_479e1ba096,U_80e63d8257,IN,IN_ARRIVAL,BUSINESS,2025-11-28,2025-12-04,4,4091.0,True
TRIP_0b73b7d7d1,U_c6c46291d2,IN,IN_ARRIVAL,LEISURE,2025-02-18,2025-03-08,3,12068.0,True
TRIP_68406252b3,U_2df6594f95,IN,IN_ARRIVAL,LEISURE,2025-04-09,2025-04-14,1,14752.0,True
TRIP_d05968a63d,U_a69b5bc0f8,IN,IN_ARRIVAL,TRANSIT,2025-08-16,2025-08-23,2,13203.0,True
TRIP_d89e3d166e,U_a69b5bc0f8,IN,IN_ARRIVAL,LEISURE,2026-05-22,2026-06-06,4,2724.0,False
TRIP_477a6b9ead,U_a69b5bc0f8,IN,IN_ARRIVAL,LEISURE,2026-03-11,2026-03-27,4,19093.0,False
TRIP_e0c4f2dafc,U_b9e3e292b0,IN,IN_ARRIVAL,LEISURE,2024-10-23,2024-11-04,1,10151.0,True
TRIP_0401c66534,U_b9e3e292b0,IN,IN_ARRIVAL,EDUCATION,2024-11-28,2024-12-14,1,13412.0,False
TRIP_799986e5ee,U_f5ca9dfdb1,IN,IN_ARRIVAL,BUSINESS,2025-06-12,2025-06-29,4,13760.0,True
TRIP_b5e6a1943c,U_fee6635e90,IN,IN_ARRIVAL,LEISURE,2025-06-19,2025-07-04,1,14123.0,True
TRIP_4792115686,U_fee6635e90,IN,IN_ARRIVAL,LEISURE,2025-08-31,2025-09-06,3,10333.0,False
TRIP_7c6018d3fd,U_9fa2ca6f47,IN,IN_ARRIVAL,BUSINESS,2026-05-01,2026-05-10,1,13253.0,True
TRIP_596ea9d932,U_0a5a445e8b,IN,IN_ARRIVAL,LEISURE,2025-04-21,2025-04-27,2,5908.0,True
TRIP_6304c90ae8,U_0a5a445e8b,IN,IN_ARRIVAL,LEISURE,2024-12-05,2024-12-09,1,46350.0,True
TRIP_b64c95424f,U_204e208c92,IN,IN_ARRIVAL,BUSINESS,2024-09-14,2024-10-02,1,20643.0,True
TRIP_d57c4c33c2,U_204e208c92,IN,IN_ARRIVAL,LEISURE,2026-02-09,2026-02-23,1,19055.0,False
TRIP_72ac3e49e7,U_2655803a6b,IN,IN_ARRIVAL,EDUCATION,2024-10-26,2024-11-01,3,24041.0,True
TRIP_6b034935ea,U_2655803a6b,IN,IN_ARRIVAL,LEISURE,2025-08-09,2025-08-30,4,28936.0,False
TRIP_1c920870a1,U_d6f1469e53,IN,IN_ARRIVAL,BUSINESS,2026-04-11,2026-04-26,2,15115.0,True
TRIP_9c189228e2,U_d6f1469e53,IN,IN_ARRIVAL,LEISURE,2025-12-25,2025-12-29,3,33522.0,False
TRIP_4c07514cc6,U_d7125aa2fb,IN,IN_ARRIVAL,LEISURE,2025-12-12,2025-12-16,3,12547.0,True
TRIP_c4f0705d75,U_d7125aa2fb,IN,IN_ARRIVAL,LEISURE,2025-09-19,2025-10-06,4,18333.0,False
TRIP_b4d225953f,U_d7125aa2fb,IN,IN_ARRIVAL,LEISURE,2025-06-25,2025-07-06,1,13207.0,False
TRIP_5f3e45e7a6,U_6017f8063f,IN,IN_ARRIVAL,BUSINESS,2025-02-26,2025-03-13,1,5583.0,True
TRIP_c289b742c3,U_f5b9628a36,IN,IN_ARRIVAL,BUSINESS,2026-04-07,2026-04-10,2,15958.0,True
TRIP_c4170c82df,U_5f1109299b,IN,IN_ARRIVAL,LEISURE,2025-01-13,2025-01-21,1,28622.0,True
TRIP_b265aba2c4,U_5f1109299b,IN,IN_ARRIVAL,BUSINESS,2024-10-23,2024-11-10,3,18748.0,False
TRIP_ef33de1853,U_5f1109299b,IN,IN_ARRIVAL,VFR,2025-03-31,2025-04-17,2,4924.0,False
TRIP_6b5e288d73,U_27ed48554d,IN,IN_ARRIVAL,BUSINESS,2026-03-06,2026-03-10,3,23617.0,True
TRIP_986812041e,U_27ed48554d,IN,IN_ARRIVAL,LEISURE,2026-07-05,2026-07-24,3,15506.0,False
TRIP_497a25b27d,U_f24b4468e0,IN,IN_ARRIVAL,EVENT,2025-09-12,2025-09-23,4,2610.0,True
TRIP_1545a0e6c1,U_f24b4468e0,IN,IN_ARRIVAL,VFR,2025-06-21,2025-07-07,1,4975.0,False
TRIP_b1b3491006,U_f24b4468e0,IN,IN_ARRIVAL,LEISURE,2024-10-06,2024-10-14,4,9677.0,False
TRIP_96a4967047,U_7e7076d32a,IN,IN_ARRIVAL,MEDICAL,2024-08-25,2024-09-14,4,24285.0,True
TRIP_77820b3c4a,U_f75f5ce3a7,IN,IN_ARRIVAL,LEISURE,2025-05-30,2025-06-04,3,26091.0,True
TRIP_79eca8d0a9,U_ea723184a3,IN,IN_ARRIVAL,LEISURE,2025-11-12,2025-11-17,3,3680.0,True
TRIP_92c9f63f7a,U_05a4ac6dd3,IN,IN_ARRIVAL,BUSINESS,2025-06-25,2025-07-08,3,7359.0,True
TRIP_0e2d5494f0,U_4241bf44e2,IN,IN_ARRIVAL,EDUCATION,2025-01-06,2025-01-15,3,12428.0,True
TRIP_5a868122eb,U_4241bf44e2,IN,IN_ARRIVAL,PILGRIMAGE,2025-08-16,2025-08-31,3,4397.0,False
TRIP_79757b5c44,U_dad7b12fa7,IN,IN_ARRIVAL,EVENT,2025-09-14,2025-09-23,2,22246.0,True
TRIP_413c73ba79,U_dad7b12fa7,IN,IN_ARRIVAL,LEISURE,2024-11-29,2024-12-17,4,7636.0,False
TRIP_c9d701a9d2,U_8c1e2b08f2,IN,IN_ARRIVAL,LEISURE,2025-01-25,2025-01-28,2,109288.0,True
TRIP_4539e9e768,U_6f3e971a8a,IN,IN_ARRIVAL,MEDICAL,2025-10-11,2025-10-30,1,7328.0,True
TRIP_59d3405e2b,U_2ba3b43697,IN,IN_ARRIVAL,VFR,2024-10-03,2024-10-21,1,32264.0,True
TRIP_398cc0daa3,U_415dca7c39,IN,IN_ARRIVAL,MEDICAL,2025-01-21,2025-02-01,3,28145.0,True
TRIP_b7abd45066,U_369fb49f8d,IN,IN_ARRIVAL,BUSINESS,2026-04-25,2026-05-02,2,41723.0,True
TRIP_a5a90eb4fc,U_369fb49f8d,IN,IN_ARRIVAL,TRANSIT,2025-12-02,2025-12-18,3,3510.0,False
TRIP_f8fd690221,U_369fb49f8d,IN,IN_ARRIVAL,VFR,2024-12-04,2024-12-19,3,5275.0,False
TRIP_950f3a49a6,U_369fb49f8d,IN,IN_ARRIVAL,PILGRIMAGE,2025-08-30,2025-09-15,3,14021.0,False
TRIP_34d4a16a15,U_748b149c78,IN,IN_ARRIVAL,BUSINESS,2025-07-20,2025-08-02,3,37713.0,True
TRIP_89cdef5df2,U_c2070a8cc2,IN,IN_ARRIVAL,BUSINESS,2025-11-29,2025-12-15,4,8394.0,True
TRIP_3bd88f4637,U_fbbe142cd9,IN,IN_ARRIVAL,PILGRIMAGE,2026-05-30,2026-06-17,1,11269.0,True
TRIP_89e4ef4ae1,U_3bc4be5637,IN,IN_ARRIVAL,MEDICAL,2025-06-20,2025-07-09,1,9297.0,True
TRIP_f9c7b3295e,U_827cb9c59f,IN,IN_ARRIVAL,LEISURE,2026-01-17,2026-01-23,2,5195.0,True
TRIP_62a6ca48ed,U_324cc4c51b,IN,IN_ARRIVAL,VFR,2024-11-16,2024-12-05,4,17679.0,True
TRIP_86291c7c63,U_324cc4c51b,IN,IN_ARRIVAL,EVENT,2025-04-16,2025-04-21,3,11046.0,False
TRIP_236cc651cc,U_c2821ee1e6,IN,IN_ARRIVAL,LEISURE,2024-10-30,2024-11-15,4,23810.0,True
TRIP_47a78f049e,U_c2821ee1e6,IN,IN_ARRIVAL,BUSINESS,2025-03-28,2025-04-07,3,9124.0,False
TRIP_b95fa4d09a,U_c2821ee1e6,IN,IN_ARRIVAL,PILGRIMAGE,2024-09-30,2024-10-20,3,26181.0,False
TRIP_052ba4cc7b,U_a39de35de5,IN,IN_ARRIVAL,BUSINESS,2025-07-18,2025-07-31,2,18951.0,True
TRIP_f441e09d37,U_a39de35de5,IN,IN_ARRIVAL,LEISURE,2025-03-05,2025-03-08,3,7572.0,False
TRIP_28e1a65302,U_c4c8c5bf27,IN,IN_ARRIVAL,LEISURE,2024-11-17,2024-11-20,3,48167.0,True
TRIP_a5e404b821,U_c4c8c5bf27,IN,IN_ARRIVAL,MEDICAL,2025-12-26,2026-01-01,4,4385.0,False
TRIP_d188fd036f,U_c4c8c5bf27,IN,IN_ARRIVAL,TRANSIT,2026-04-02,2026-04-12,2,23666.0,False
TRIP_1218599622,U_4ac1586750,IN,IN_ARRIVAL,LEISURE,2026-05-15,2026-05-28,3,1803.0,True
TRIP_f3bdfdcaee,U_4ac1586750,IN,IN_ARRIVAL,EDUCATION,2025-03-30,2025-04-15,1,25471.0,False
TRIP_2382f5edb3,U_1a65f8f882,IN,IN_ARRIVAL,EVENT,2026-04-29,2026-05-20,4,12750.0,True
TRIP_e07bdce7a0,U_8aba7210a7,IN,IN_ARRIVAL,LEISURE,2026-03-29,2026-04-16,3,34317.0,True
TRIP_0e0e9e08e2,U_8aba7210a7,IN,IN_ARRIVAL,BUSINESS,2024-08-20,2024-08-24,2,17316.0,False
TRIP_881230c6c7,U_d3e7484fed,IN,IN_ARRIVAL,LEISURE,2026-06-29,2026-07-12,1,20747.0,True
TRIP_29414db4c9,U_d3e7484fed,IN,IN_ARRIVAL,LEISURE,2026-06-24,2026-06-27,2,6290.0,False
TRIP_31457719a5,U_d3e7484fed,IN,IN_ARRIVAL,PILGRIMAGE,2024-10-24,2024-10-30,2,21097.0,False
TRIP_a723eb0fc5,U_7b2d746152,IN,IN_ARRIVAL,LEISURE,2024-11-06,2024-11-10,1,13719.0,True
TRIP_db38df2420,U_7b2d746152,IN,IN_ARRIVAL,VFR,2024-11-12,2024-11-18,3,22171.0,False
TRIP_c0e8130088,U_9ed39cb8af,IN,IN_ARRIVAL,BUSINESS,2026-01-07,2026-01-13,1,41578.0,True
TRIP_9c3bd39a30,U_9ed39cb8af,IN,IN_ARRIVAL,MEDICAL,2026-06-11,2026-06-18,1,12055.0,False
TRIP_fb726f3fd0,U_776c321801,IN,IN_ARRIVAL,LEISURE,2026-03-27,2026-04-10,2,24527.0,True
TRIP_d825570dfc,U_c0ec0a2c73,IN,IN_ARRIVAL,LEISURE,2025-05-22,2025-05-28,4,11925.0,True
TRIP_ce0f5bcb40,U_b5ccf96ad2,IN,IN_ARRIVAL,LEISURE,2025-08-10,2025-08-29,2,21721.0,True
TRIP_192287e0cb,U_b5ccf96ad2,IN,IN_ARRIVAL,LEISURE,2026-06-05,2026-06-25,3,18657.0,False
TRIP_02d76ebca6,U_b5ccf96ad2,IN,IN_ARRIVAL,LEISURE,2025-07-26,2025-08-02,3,6911.0,False
TRIP_a0afa7ee09,U_fc019250dd,IN,IN_ARRIVAL,VFR,2024-12-01,2024-12-08,1,24335.0,True
TRIP_fd8c287baf,U_da8c48f5be,IN,IN_ARRIVAL,LEISURE,2024-11-24,2024-12-02,3,12547.0,True
TRIP_5ef33972ca,U_a96bf612c6,IN,IN_ARRIVAL,VFR,2025-04-01,2025-04-19,3,5442.0,True
TRIP_b95d758151,U_a96bf612c6,IN,IN_ARRIVAL,EDUCATION,2025-09-13,2025-09-22,4,6324.0,False
TRIP_7d3b21bc42,U_a96bf612c6,IN,IN_ARRIVAL,EDUCATION,2025-10-01,2025-10-19,1,12880.0,False
TRIP_b88efaf45e,U_bce2d48608,IN,IN_ARRIVAL,LEISURE,2025-03-05,2025-03-12,3,3270.0,True
TRIP_5075ad3f9b,U_bebf4cccb2,IN,IN_ARRIVAL,EDUCATION,2025-10-04,2025-10-07,3,29678.0,True
TRIP_1c8b5a1b90,U_7717cba634,IN,IN_ARRIVAL,BUSINESS,2026-05-23,2026-06-08,3,29989.0,True
TRIP_314018563b,U_7717cba634,IN,IN_ARRIVAL,MEDICAL,2026-01-19,2026-01-24,3,3235.0,False
TRIP_c06ce55588,U_864b8b7a66,IN,IN_ARRIVAL,VFR,2025-10-12,2025-11-01,4,5571.0,True
TRIP_6942dea7d7,U_864b8b7a66,IN,IN_ARRIVAL,PILGRIMAGE,2025-07-04,2025-07-14,3,17807.0,False
TRIP_bd6ae0bbae,U_864b8b7a66,IN,IN_ARRIVAL,LEISURE,2025-06-24,2025-07-15,3,17308.0,False
TRIP_c35df2a206,U_864b8b7a66,IN,IN_ARRIVAL,LEISURE,2026-04-19,2026-05-02,3,33792.0,False
TRIP_b8e6881a23,U_bef0f9dac4,IN,IN_ARRIVAL,PILGRIMAGE,2026-02-20,2026-03-08,3,3987.0,True
TRIP_098565e0bb,U_bef0f9dac4,IN,IN_ARRIVAL,LEISURE,2026-02-23,2026-02-27,1,2185.0,False
TRIP_cc918e6f45,U_bef0f9dac4,IN,IN_ARRIVAL,LEISURE,2026-04-24,2026-05-06,4,21395.0,False
TRIP_a094e71220,U_bef0f9dac4,IN,IN_ARRIVAL,EDUCATION,2025-04-23,2025-05-12,2,14603.0,False
TRIP_a1f39fc9ab,U_bef0f9dac4,IN,IN_ARRIVAL,LEISURE,2026-05-01,2026-05-08,3,7328.0,False
TRIP_f2bff11ce6,U_ce1e0bc474,IN,IN_ARRIVAL,LEISURE,2024-10-17,2024-10-28,2,7853.0,True
TRIP_f023468960,U_2767b85a4f,IN,IN_ARRIVAL,BUSINESS,2026-01-30,2026-02-12,1,9534.0,True
TRIP_46f9aedc70,U_2767b85a4f,IN,IN_ARRIVAL,EDUCATION,2025-04-22,2025-04-28,2,27915.0,False
TRIP_03320fdd67,U_11055e5784,IN,IN_ARRIVAL,BUSINESS,2025-06-21,2025-07-08,3,10426.0,True
TRIP_cff4d60dd8,U_cbe6a74fab,IN,IN_ARRIVAL,LEISURE,2026-01-09,2026-01-16,3,20101.0,True
TRIP_f944e48420,U_cbe6a74fab,IN,IN_ARRIVAL,PILGRIMAGE,2025-02-10,2025-02-19,3,19719.0,False
TRIP_500e6573a9,U_cbe6a74fab,IN,IN_ARRIVAL,EDUCATION,2026-02-23,2026-02-26,4,49532.0,False
TRIP_5a45f13a2f,U_98655bc3ad,IN,IN_ARRIVAL,BUSINESS,2025-05-05,2025-05-08,2,67277.0,True
TRIP_162621440f,U_57179e299c,IN,IN_ARRIVAL,LEISURE,2024-11-28,2024-12-01,1,11789.0,True
TRIP_26a41fd30b,U_57179e299c,IN,IN_ARRIVAL,TRANSIT,2026-02-17,2026-03-06,3,28114.0,False
TRIP_1c1fcc2747,U_57179e299c,IN,IN_ARRIVAL,EVENT,2025-01-16,2025-02-04,3,20402.0,False
TRIP_f6e70c6a09,U_3ee6a4dc3f,IN,IN_ARRIVAL,LEISURE,2025-12-26,2026-01-07,2,31362.0,True
TRIP_faf5c380d5,U_e8af19dfc1,IN,IN_ARRIVAL,LEISURE,2025-11-02,2025-11-09,2,10690.0,True
TRIP_438a4c541f,U_3e0a0a7d25,IN,IN_ARRIVAL,PILGRIMAGE,2025-09-22,2025-10-08,2,18751.0,True
TRIP_fc9509ce25,U_3e0a0a7d25,IN,IN_ARRIVAL,BUSINESS,2025-04-03,2025-04-18,2,12438.0,False
TRIP_5ab3e50465,U_fdb9b3b0de,IN,IN_ARRIVAL,LEISURE,2024-11-20,2024-12-05,4,47378.0,True
TRIP_35fabe543a,U_376de062cc,IN,IN_ARRIVAL,LEISURE,2026-07-01,2026-07-14,4,9113.0,True
TRIP_bfc2262421,U_2e5516ef71,IN,IN_ARRIVAL,EDUCATION,2026-06-06,2026-06-12,1,14086.0,True
TRIP_d8f68574ab,U_1c0f80554c,IN,IN_ARRIVAL,BUSINESS,2025-06-06,2025-06-24,2,17848.0,True
TRIP_4b30995279,U_1c0f80554c,IN,IN_ARRIVAL,MEDICAL,2026-02-04,2026-02-24,4,4501.0,False
TRIP_8bf49189ea,U_1c0f80554c,IN,IN_ARRIVAL,EVENT,2025-06-30,2025-07-03,3,3530.0,False
TRIP_0b1d03f40d,U_b7c63d90b4,IN,IN_ARRIVAL,LEISURE,2026-05-16,2026-05-28,1,19068.0,True
TRIP_a4b2d25c6a,U_b7c63d90b4,IN,IN_ARRIVAL,LEISURE,2024-09-03,2024-09-07,2,9652.0,False
TRIP_172fbb6361,U_b7735d34f5,IN,IN_ARRIVAL,LEISURE,2025-09-01,2025-09-07,3,33809.0,True
TRIP_4bafdfe245,U_b7735d34f5,IN,IN_ARRIVAL,LEISURE,2025-12-18,2025-12-26,1,5780.0,False
TRIP_a0d8d13d36,U_b7735d34f5,IN,IN_ARRIVAL,LEISURE,2025-04-22,2025-05-08,4,20257.0,False
TRIP_493fc47448,U_f995e7d9cc,IN,IN_ARRIVAL,BUSINESS,2024-10-20,2024-11-10,1,7690.0,True
TRIP_01d265e713,U_001d56a71b,IN,IN_ARRIVAL,VFR,2025-06-20,2025-06-27,2,27663.0,True
TRIP_6c8c61d9be,U_001d56a71b,IN,IN_ARRIVAL,LEISURE,2025-04-11,2025-04-14,1,5179.0,False
TRIP_14721185c8,U_bc4b5714ab,IN,IN_ARRIVAL,TRANSIT,2024-12-03,2024-12-08,1,45700.0,True
TRIP_39e65e5f3b,U_6937cce1e8,IN,IN_ARRIVAL,TRANSIT,2025-10-13,2025-10-23,1,20925.0,True
TRIP_b1ca6d6cbb,U_f737b32d7c,IN,IN_ARRIVAL,VFR,2025-11-08,2025-11-26,1,13460.0,True
TRIP_ea63fe6b7f,U_39736268d1,IN,IN_ARRIVAL,EDUCATION,2025-03-08,2025-03-20,1,48281.0,True
TRIP_009792efea,U_39736268d1,IN,IN_ARRIVAL,MEDICAL,2026-04-16,2026-05-06,1,23213.0,False
TRIP_c2dbb92174,U_c19db53dc0,IN,IN_ARRIVAL,VFR,2025-05-08,2025-05-23,4,8007.0,True
TRIP_a5e560596d,U_c19db53dc0,IN,IN_ARRIVAL,LEISURE,2025-11-14,2025-12-01,3,9373.0,False
TRIP_79c8208aaa,U_2855d4b690,IN,IN_ARRIVAL,LEISURE,2025-07-24,2025-08-07,2,20443.0,True
TRIP_77d9247f75,U_b230f30f61,IN,IN_ARRIVAL,LEISURE,2024-11-22,2024-12-10,2,15073.0,True
TRIP_f4f8f9e0bd,U_b230f30f61,IN,IN_ARRIVAL,BUSINESS,2025-10-29,2025-11-18,3,12576.0,False
TRIP_196dfba11a,U_3f12e7682e,IN,IN_ARRIVAL,LEISURE,2025-06-16,2025-06-30,4,11682.0,True
TRIP_0d4e0b7b34,U_3f12e7682e,IN,IN_ARRIVAL,VFR,2025-06-19,2025-06-25,3,21278.0,False
TRIP_da7b928074,U_d3a6dce96e,IN,IN_ARRIVAL,VFR,2025-06-14,2025-07-02,2,14241.0,True
TRIP_e537061e78,U_439b7042c3,IN,IN_ARRIVAL,LEISURE,2025-02-13,2025-02-25,1,9503.0,True
TRIP_43b0ea0b39,U_08d8b67ff5,IN,IN_ARRIVAL,LEISURE,2025-05-21,2025-05-31,3,24908.0,True
TRIP_80c30fd8e1,U_08d8b67ff5,IN,IN_ARRIVAL,TRANSIT,2024-08-23,2024-09-04,2,9667.0,False
TRIP_55f7182e1c,U_f9270f7c9f,IN,IN_ARRIVAL,MEDICAL,2026-02-15,2026-03-02,3,4144.0,True
TRIP_2db1b4e392,U_f9270f7c9f,IN,IN_ARRIVAL,EVENT,2026-05-02,2026-05-23,3,17126.0,False
TRIP_cb544af5c1,U_30f222d358,IN,IN_ARRIVAL,LEISURE,2025-06-04,2025-06-25,3,46151.0,True
TRIP_aac01e59e1,U_30f222d358,IN,IN_ARRIVAL,BUSINESS,2025-02-21,2025-03-10,4,9928.0,True
TRIP_39866c1499,U_626b380292,IN,IN_ARRIVAL,EDUCATION,2025-06-06,2025-06-24,3,2500.0,True
TRIP_e2573e51e6,U_5cde8535d9,IN,IN_ARRIVAL,LEISURE,2026-01-26,2026-02-11,4,10954.0,True
TRIP_72cfbbdfc6,U_157e286abb,IN,IN_ARRIVAL,VFR,2025-10-27,2025-11-04,1,9176.0,True
TRIP_9970ad3de9,U_157e286abb,IN,IN_ARRIVAL,BUSINESS,2024-11-14,2024-11-23,2,18255.0,False
TRIP_2af2a9e346,U_157e286abb,IN,IN_ARRIVAL,LEISURE,2024-11-16,2024-12-06,3,26591.0,False
TRIP_d70746ca74,U_04fac9cf55,IN,IN_ARRIVAL,LEISURE,2026-05-19,2026-05-24,2,44752.0,True
TRIP_1ed253f74b,U_05f895e700,IN,IN_ARRIVAL,BUSINESS,2024-11-06,2024-11-25,2,7683.0,True
TRIP_ddbba44ff4,U_323b93c6c5,IN,IN_ARRIVAL,VFR,2025-07-11,2025-07-16,4,2840.0,True
TRIP_be01895a78,U_323b93c6c5,IN,IN_ARRIVAL,LEISURE,2025-12-10,2025-12-28,1,39283.0,False
TRIP_e4991a8195,U_2e54032fb0,IN,IN_ARRIVAL,TRANSIT,2024-09-26,2024-10-01,1,10477.0,True
TRIP_d6fb80140a,U_2e54032fb0,IN,IN_ARRIVAL,LEISURE,2025-03-19,2025-04-04,1,15962.0,False
TRIP_2073cea966,U_9b54ef79ae,IN,IN_ARRIVAL,TRANSIT,2026-05-08,2026-05-15,1,20866.0,True
TRIP_6c45035e59,U_464efca307,IN,IN_ARRIVAL,LEISURE,2025-08-06,2025-08-25,1,100148.0,True
TRIP_daa16a6ae1,U_5c0cedb0db,IN,IN_ARRIVAL,EDUCATION,2026-03-31,2026-04-10,4,6562.0,True
TRIP_c235b128e0,U_08917cab27,IN,IN_ARRIVAL,LEISURE,2024-10-23,2024-11-13,4,3594.0,True
TRIP_5eb39388d8,U_fbceb33e34,IN,IN_ARRIVAL,LEISURE,2025-08-06,2025-08-17,2,11974.0,True
TRIP_929d23f813,U_fbceb33e34,IN,IN_ARRIVAL,EDUCATION,2025-09-19,2025-10-05,3,3087.0,False
TRIP_53370a6677,U_eb87208c80,IN,IN_ARRIVAL,MEDICAL,2026-01-24,2026-02-03,4,4522.0,True
TRIP_0c38f518ec,U_eb87208c80,IN,IN_ARRIVAL,LEISURE,2025-01-24,2025-02-05,2,7037.0,False
TRIP_cd1fd597e3,U_a596b70e59,IN,IN_ARRIVAL,LEISURE,2025-03-01,2025-03-04,4,26913.0,True
TRIP_8e33e7a970,U_997107f203,IN,IN_ARRIVAL,LEISURE,2026-05-21,2026-05-31,1,6653.0,True
TRIP_83d384803e,U_997107f203,IN,IN_ARRIVAL,MEDICAL,2024-10-05,2024-10-15,4,35489.0,False
TRIP_e0541aa95f,U_7b9c7df8cc,IN,IN_ARRIVAL,LEISURE,2025-05-30,2025-06-03,4,14883.0,True
TRIP_14ad0b1410,U_7b9c7df8cc,IN,IN_ARRIVAL,TRANSIT,2025-11-04,2025-11-22,4,11391.0,False
TRIP_574206a810,U_7b9c7df8cc,IN,IN_ARRIVAL,TRANSIT,2026-02-24,2026-03-17,4,17920.0,False
TRIP_53d02871cd,U_7b9c7df8cc,IN,IN_ARRIVAL,LEISURE,2025-01-15,2025-01-21,1,11662.0,False
TRIP_e017701a7b,U_627696d94a,IN,IN_ARRIVAL,LEISURE,2026-04-29,2026-05-11,2,6238.0,True
TRIP_e10be714f3,U_864412c4ff,IN,IN_ARRIVAL,LEISURE,2025-01-30,2025-02-16,2,5115.0,True
TRIP_465b068287,U_9be7c53507,IN,IN_ARRIVAL,LEISURE,2025-05-03,2025-05-14,2,7229.0,True
TRIP_e0986d2d8c,U_9be7c53507,IN,IN_ARRIVAL,VFR,2025-03-07,2025-03-11,4,31229.0,False
TRIP_ca980e705e,U_9be7c53507,IN,IN_ARRIVAL,TRANSIT,2025-07-16,2025-08-06,2,10945.0,False
TRIP_97d227e073,U_1c88601b6a,IN,IN_ARRIVAL,LEISURE,2025-05-30,2025-06-09,2,16270.0,True
TRIP_b20f15e728,U_1c88601b6a,IN,IN_ARRIVAL,LEISURE,2025-02-10,2025-02-22,3,44924.0,False
TRIP_6293d9ed73,U_1c88601b6a,IN,IN_ARRIVAL,LEISURE,2024-11-04,2024-11-08,1,5476.0,False
TRIP_f93148439f,U_606f3c3932,IN,IN_ARRIVAL,VFR,2025-05-15,2025-05-18,4,16182.0,True
TRIP_bc8d8acf50,U_7b41d066a9,IN,IN_ARRIVAL,VFR,2025-05-12,2025-06-01,2,95478.0,True
TRIP_efd8df7ea8,U_7b41d066a9,IN,IN_ARRIVAL,VFR,2025-06-08,2025-06-12,1,11175.0,False
TRIP_a8a0d2de47,U_5d7f602990,IN,IN_ARRIVAL,VFR,2026-04-16,2026-04-21,1,36087.0,True
TRIP_c65e6637a7,U_ec97e79fd6,IN,IN_ARRIVAL,EVENT,2026-06-10,2026-06-23,1,19415.0,True
TRIP_ace9a4d34f,U_992066a95f,IN,IN_ARRIVAL,EDUCATION,2026-01-04,2026-01-11,1,13999.0,True
TRIP_615f9904fb,U_a637aedc70,IN,IN_ARRIVAL,LEISURE,2025-09-15,2025-10-02,2,15559.0,True
TRIP_0b6bb698ab,U_a637aedc70,IN,IN_ARRIVAL,EDUCATION,2026-02-26,2026-03-11,4,22617.0,False
TRIP_cb90e2fa98,U_f74bf578a5,IN,IN_ARRIVAL,PILGRIMAGE,2025-12-02,2025-12-11,4,32573.0,True
TRIP_d804471932,U_f74bf578a5,IN,IN_ARRIVAL,BUSINESS,2025-08-06,2025-08-26,2,22314.0,False
TRIP_5555c984a0,U_f74bf578a5,IN,IN_ARRIVAL,LEISURE,2026-05-17,2026-05-25,4,13024.0,False
TRIP_f3b784dbad,U_8a4f96c4ba,IN,IN_ARRIVAL,LEISURE,2026-01-03,2026-01-20,4,7161.0,True
TRIP_0a3ea3f02c,U_8a4f96c4ba,IN,IN_ARRIVAL,EDUCATION,2026-02-06,2026-02-22,2,3006.0,True
TRIP_cf6f9f1b64,U_91a1ac930e,IN,IN_ARRIVAL,LEISURE,2024-12-26,2024-12-29,1,25127.0,True
TRIP_57809efd1c,U_91a1ac930e,IN,IN_ARRIVAL,VFR,2025-01-21,2025-01-29,2,23387.0,False
TRIP_4913d763d2,U_c1fae3f72f,IN,IN_ARRIVAL,LEISURE,2026-06-26,2026-07-13,2,26748.0,True
TRIP_bc642f52bf,U_c1fae3f72f,IN,IN_ARRIVAL,TRANSIT,2025-01-03,2025-01-19,2,6560.0,False
TRIP_e72f8145ff,U_c1fae3f72f,IN,IN_ARRIVAL,LEISURE,2024-12-03,2024-12-11,2,55144.0,False
TRIP_4bb3d34bd8,U_c3df2cbd67,IN,IN_ARRIVAL,EDUCATION,2024-12-06,2024-12-20,2,22448.0,True
TRIP_d6f7270537,U_4dd30556fa,IN,IN_ARRIVAL,LEISURE,2024-11-20,2024-11-27,4,7127.0,True
TRIP_8e293dae23,U_4dd30556fa,IN,IN_ARRIVAL,VFR,2025-07-31,2025-08-19,1,27652.0,False
TRIP_5d92f02588,U_4dd30556fa,IN,IN_ARRIVAL,BUSINESS,2025-10-05,2025-10-25,4,2685.0,False
TRIP_292b5b4f25,U_e5df6dc0af,IN,IN_ARRIVAL,VFR,2025-09-11,2025-09-14,2,6438.0,True
TRIP_e270fc8074,U_e5df6dc0af,IN,IN_ARRIVAL,BUSINESS,2024-09-09,2024-09-23,1,16916.0,False
TRIP_7962da95f9,U_20f8757b9f,IN,IN_ARRIVAL,LEISURE,2025-08-12,2025-08-22,4,63534.0,True
TRIP_89f3d9d5f6,U_7c055a7851,IN,IN_ARRIVAL,EVENT,2024-12-09,2024-12-22,4,2733.0,True
TRIP_68fa51ad91,U_7c055a7851,IN,IN_ARRIVAL,LEISURE,2025-01-01,2025-01-11,4,8546.0,False
TRIP_247c33c319,U_7c055a7851,IN,IN_ARRIVAL,VFR,2026-03-02,2026-03-06,3,10089.0,False
TRIP_7cf8cfc5ca,U_7c055a7851,IN,IN_ARRIVAL,BUSINESS,2025-05-23,2025-06-07,2,16687.0,False
TRIP_0f32609501,U_56a3f5a3fc,IN,IN_ARRIVAL,LEISURE,2025-07-18,2025-07-23,4,20790.0,True
TRIP_49471e064b,U_a3304cc8d3,IN,IN_ARRIVAL,LEISURE,2025-08-26,2025-09-01,4,11938.0,True
TRIP_199e2a31a4,U_d4140b33cc,IN,IN_ARRIVAL,LEISURE,2025-02-03,2025-02-16,4,3656.0,True
TRIP_faeaf888a3,U_89ae6b6297,IN,IN_ARRIVAL,LEISURE,2025-10-17,2025-11-03,4,2827.0,True
TRIP_c8278fed06,U_89ae6b6297,IN,IN_ARRIVAL,VFR,2025-07-03,2025-07-22,1,19554.0,False
TRIP_92404ed986,U_60b6e97b4d,IN,IN_ARRIVAL,LEISURE,2024-10-26,2024-11-10,1,23413.0,True
TRIP_c5b3dab22b,U_60b6e97b4d,IN,IN_ARRIVAL,VFR,2025-08-26,2025-09-15,3,5081.0,False
TRIP_8c6e5435e0,U_b2f03495cb,IN,IN_ARRIVAL,LEISURE,2026-03-22,2026-04-01,2,37409.0,True
TRIP_55f08c14bb,U_b2f03495cb,IN,IN_ARRIVAL,TRANSIT,2024-10-19,2024-10-23,3,19177.0,False
TRIP_3eb5e910d5,U_b2f03495cb,IN,IN_ARRIVAL,LEISURE,2024-10-19,2024-10-31,1,10718.0,False
TRIP_d56102134d,U_f6a03862b0,IN,IN_ARRIVAL,LEISURE,2025-06-24,2025-07-10,4,10857.0,True
TRIP_730b17dc0c,U_b2537ea2fe,IN,IN_ARRIVAL,TRANSIT,2025-02-12,2025-03-02,1,28041.0,True
TRIP_7aadbec3e7,U_b2537ea2fe,IN,IN_ARRIVAL,EDUCATION,2025-09-03,2025-09-11,1,5038.0,False
TRIP_30e4268e05,U_b2537ea2fe,IN,IN_ARRIVAL,EVENT,2025-09-02,2025-09-09,2,24820.0,False
TRIP_ae15566de6,U_2bbc6356ee,IN,IN_ARRIVAL,LEISURE,2025-04-17,2025-04-29,3,46042.0,True
TRIP_82a4eb55f2,U_51c0e7484e,IN,IN_ARRIVAL,LEISURE,2025-12-24,2025-12-30,2,39824.0,True
TRIP_45884f8c1c,U_21cac91e66,IN,IN_ARRIVAL,TRANSIT,2026-05-25,2026-06-14,4,36239.0,True
TRIP_fbcbaa4e7c,U_21cac91e66,IN,IN_ARRIVAL,BUSINESS,2026-05-21,2026-05-27,3,8703.0,False
TRIP_fa9ed36a22,U_21cac91e66,IN,IN_ARRIVAL,VFR,2026-06-13,2026-06-20,4,9608.0,False
TRIP_a33d85caa1,U_6f052dc64b,IN,IN_ARRIVAL,BUSINESS,2024-11-24,2024-11-30,3,4425.0,True
TRIP_d39b8c5968,U_e2f3e7e540,IN,IN_ARRIVAL,EVENT,2024-09-03,2024-09-19,3,33842.0,True
TRIP_ef423edafa,U_99ff261fed,IN,IN_ARRIVAL,PILGRIMAGE,2024-12-20,2024-12-26,1,6822.0,True
TRIP_a77b8be604,U_99ff261fed,IN,IN_ARRIVAL,EVENT,2025-07-22,2025-08-09,1,12539.0,False
TRIP_c8f503d16c,U_99ff261fed,IN,IN_ARRIVAL,BUSINESS,2024-11-27,2024-12-05,4,17444.0,False
TRIP_b6f8498197,U_99ff261fed,IN,IN_ARRIVAL,LEISURE,2024-11-18,2024-11-26,3,24263.0,False
TRIP_d36ac35581,U_3f45e9e323,IN,IN_ARRIVAL,LEISURE,2025-07-15,2025-07-29,3,8794.0,True
TRIP_8ce455950f,U_3f45e9e323,IN,IN_ARRIVAL,MEDICAL,2026-07-05,2026-07-13,1,13784.0,False
TRIP_879a47caec,U_3f45e9e323,IN,IN_ARRIVAL,EDUCATION,2025-12-05,2025-12-25,2,19470.0,False
TRIP_99df8b8d58,U_31e999768f,IN,IN_ARRIVAL,LEISURE,2024-11-15,2024-11-25,2,12322.0,True
TRIP_a03d62858b,U_27775d254b,IN,IN_ARRIVAL,LEISURE,2026-06-12,2026-06-29,2,5161.0,True
TRIP_8beed74066,U_98f0f19738,IN,IN_ARRIVAL,LEISURE,2025-03-17,2025-03-27,3,29531.0,True
TRIP_1623820984,U_98f0f19738,IN,IN_ARRIVAL,LEISURE,2026-06-19,2026-07-06,3,21454.0,False
TRIP_531dfd12ba,U_98f0f19738,IN,IN_ARRIVAL,EVENT,2025-03-09,2025-03-12,3,38893.0,False
TRIP_f968da3a16,U_98f0f19738,IN,IN_ARRIVAL,LEISURE,2026-06-12,2026-06-26,3,18038.0,False
TRIP_d1960b3f51,U_5ece27b3c4,IN,IN_ARRIVAL,LEISURE,2026-06-24,2026-07-11,3,5962.0,True
TRIP_13cddb1873,U_5ece27b3c4,IN,IN_ARRIVAL,LEISURE,2024-11-18,2024-12-03,3,19153.0,False
TRIP_9a3455adb3,U_5ece27b3c4,IN,IN_ARRIVAL,PILGRIMAGE,2026-06-12,2026-06-17,1,7202.0,False
TRIP_4f3af5632c,U_e711d4104d,IN,IN_ARRIVAL,VFR,2025-04-28,2025-05-05,4,14907.0,True
TRIP_de8084c7b6,U_4f271067fc,IN,IN_ARRIVAL,BUSINESS,2025-02-11,2025-02-23,2,16323.0,True
TRIP_920f7783b9,U_9964457849,IN,IN_ARRIVAL,LEISURE,2025-02-19,2025-03-08,2,13544.0,True
TRIP_9168a288c2,U_5e9d4ea786,IN,IN_ARRIVAL,LEISURE,2026-01-25,2026-02-09,2,9699.0,True
TRIP_277373d590,U_5e9d4ea786,IN,IN_ARRIVAL,EDUCATION,2026-06-07,2026-06-12,4,6886.0,False
TRIP_3f5bb07f7b,U_5e9d4ea786,IN,IN_ARRIVAL,LEISURE,2024-10-26,2024-10-31,1,48769.0,False
TRIP_81618314e9,U_f9735f28bf,IN,IN_ARRIVAL,TRANSIT,2026-07-03,2026-07-08,4,28431.0,True
TRIP_835e7c6cd5,U_a99818ecfc,IN,IN_ARRIVAL,LEISURE,2026-06-11,2026-06-22,3,30947.0,True
TRIP_10ec065574,U_a99818ecfc,IN,IN_ARRIVAL,LEISURE,2024-10-21,2024-11-06,2,10446.0,False
TRIP_607e1d7378,U_114ca4ff07,IN,IN_ARRIVAL,LEISURE,2025-03-28,2025-04-10,4,16473.0,True
TRIP_3a3963842d,U_49a8aefd22,IN,IN_ARRIVAL,LEISURE,2025-10-15,2025-11-01,1,5633.0,True
TRIP_ea5da29864,U_ac347556c8,IN,IN_ARRIVAL,EVENT,2025-04-10,2025-04-18,4,6663.0,True
TRIP_a5f9a3427b,U_ac347556c8,IN,IN_ARRIVAL,BUSINESS,2026-06-07,2026-06-19,3,19112.0,False
TRIP_7a1411018c,U_ac347556c8,IN,IN_ARRIVAL,PILGRIMAGE,2024-09-12,2024-10-03,1,4210.0,False
TRIP_e76660249c,U_6dbf6b4631,IN,IN_ARRIVAL,EVENT,2026-07-11,2026-07-29,4,14698.0,True
TRIP_65a3aed316,U_6dbf6b4631,IN,IN_ARRIVAL,LEISURE,2026-02-02,2026-02-07,3,8544.0,False
TRIP_899301df25,U_66cd9e669c,IN,IN_ARRIVAL,TRANSIT,2025-09-14,2025-09-28,1,30749.0,True
TRIP_5d58aa3b3d,U_87a94ee59b,IN,IN_ARRIVAL,EVENT,2025-08-03,2025-08-06,1,18674.0,True
TRIP_71123d9ac6,U_87a94ee59b,IN,IN_ARRIVAL,BUSINESS,2026-06-07,2026-06-28,1,18884.0,False
TRIP_0129565871,U_a7ab3a24f5,IN,IN_ARRIVAL,LEISURE,2025-01-04,2025-01-21,1,19826.0,True
TRIP_fbefacef21,U_a7ab3a24f5,IN,IN_ARRIVAL,LEISURE,2024-09-09,2024-09-28,4,26496.0,False
TRIP_8df17c53f4,U_326aa75403,IN,IN_ARRIVAL,EVENT,2026-07-10,2026-07-18,4,13962.0,True
TRIP_6619bc4135,U_50af4dd174,IN,IN_ARRIVAL,BUSINESS,2025-11-26,2025-11-30,1,9005.0,True
TRIP_2447bcc9b2,U_71eb50e855,IN,IN_ARRIVAL,PILGRIMAGE,2024-11-16,2024-11-26,3,60145.0,True
TRIP_d8bae9c3ec,U_71eb50e855,IN,IN_ARRIVAL,VFR,2025-09-05,2025-09-23,1,9107.0,False
TRIP_7aee264a3d,U_0ea611f099,IN,IN_ARRIVAL,EVENT,2025-06-18,2025-07-06,2,78117.0,True
TRIP_4f48117cdc,U_f6d3aa3314,IN,IN_ARRIVAL,EDUCATION,2025-07-21,2025-07-27,3,10407.0,True
TRIP_0ab68b2c3a,U_3b715b1aaa,IN,IN_ARRIVAL,LEISURE,2025-07-16,2025-07-22,2,11379.0,True
TRIP_3425da70cd,U_3b715b1aaa,IN,IN_ARRIVAL,LEISURE,2025-02-12,2025-02-16,3,7740.0,False
TRIP_478a90e6d3,U_3b715b1aaa,IN,IN_ARRIVAL,EVENT,2026-06-09,2026-06-30,4,17535.0,False
TRIP_93daecba6f,U_3b715b1aaa,IN,IN_ARRIVAL,MEDICAL,2026-02-12,2026-03-02,4,7275.0,False
TRIP_8cf39a7517,U_f1a5dba579,IN,IN_ARRIVAL,TRANSIT,2025-08-16,2025-08-31,3,9495.0,True
TRIP_40a1330043,U_f1a5dba579,IN,IN_ARRIVAL,LEISURE,2024-09-22,2024-09-28,1,13981.0,False
TRIP_d453284b34,U_fe98c63cb7,IN,IN_ARRIVAL,VFR,2025-10-06,2025-10-12,3,9476.0,True
TRIP_0d3adb557c,U_fe98c63cb7,IN,IN_ARRIVAL,EVENT,2026-01-23,2026-02-13,1,23136.0,False
TRIP_fc3c1795eb,U_26d726322e,IN,IN_ARRIVAL,VFR,2025-03-27,2025-04-14,1,36427.0,True
TRIP_806c943ab0,U_ac8265d65d,IN,IN_ARRIVAL,BUSINESS,2025-07-21,2025-07-26,2,7111.0,True
TRIP_f6af135312,U_ac8265d65d,IN,IN_ARRIVAL,LEISURE,2025-09-06,2025-09-10,2,9245.0,False
TRIP_4e9d472a34,U_9d8afee124,IN,IN_ARRIVAL,LEISURE,2024-10-18,2024-10-23,3,18748.0,True
TRIP_bc33531532,U_9d8afee124,IN,IN_ARRIVAL,LEISURE,2025-03-20,2025-03-23,4,9254.0,False
TRIP_8b28741778,U_5fe73d571b,IN,IN_ARRIVAL,LEISURE,2025-09-08,2025-09-11,3,19215.0,True
TRIP_357563cecc,U_c4c0555f07,IN,IN_ARRIVAL,LEISURE,2025-03-04,2025-03-07,4,12904.0,True
TRIP_a37337d881,U_c4c0555f07,IN,IN_ARRIVAL,LEISURE,2026-03-07,2026-03-11,2,12078.0,False
TRIP_25662c9519,U_df0cd572c7,IN,IN_ARRIVAL,VFR,2025-03-29,2025-04-02,3,27134.0,True
TRIP_ce6cb53d6c,U_676a907dc1,IN,IN_ARRIVAL,LEISURE,2025-06-27,2025-07-06,2,21031.0,True
TRIP_99df5fffc6,U_6e874149dd,IN,IN_ARRIVAL,PILGRIMAGE,2024-11-27,2024-12-09,4,63203.0,True
TRIP_5e3649797b,U_6bf1cba74f,IN,IN_ARRIVAL,EDUCATION,2025-07-23,2025-08-03,3,11850.0,True
TRIP_68963d6750,U_6bf1cba74f,IN,IN_ARRIVAL,VFR,2025-12-11,2025-12-19,3,9621.0,False
TRIP_d7eaab3022,U_16b1eb4493,IN,IN_ARRIVAL,MEDICAL,2025-06-07,2025-06-27,2,5249.0,True
TRIP_8fd5acb232,U_e61d2abb39,IN,IN_ARRIVAL,LEISURE,2026-02-20,2026-02-25,1,5091.0,True
TRIP_21927116cf,U_e61d2abb39,IN,IN_ARRIVAL,EDUCATION,2025-05-26,2025-05-30,4,62237.0,False
TRIP_288c91df7b,U_e61d2abb39,IN,IN_ARRIVAL,TRANSIT,2025-09-20,2025-09-28,1,14572.0,False
TRIP_e808caf2ce,U_2e0284891e,IN,IN_ARRIVAL,LEISURE,2026-04-20,2026-05-06,3,8241.0,True
TRIP_1ae71c0e40,U_424f247659,IN,IN_ARRIVAL,EDUCATION,2025-07-19,2025-08-08,1,23638.0,True
TRIP_321f194c3d,U_424f247659,IN,IN_ARRIVAL,BUSINESS,2026-03-20,2026-03-31,4,6276.0,False
TRIP_5f657da512,U_c4c655f583,IN,IN_ARRIVAL,MEDICAL,2025-07-26,2025-08-01,1,6856.0,True
TRIP_4596c1ad26,U_c1a034f5b9,IN,IN_ARRIVAL,LEISURE,2026-04-11,2026-04-28,1,9733.0,True
TRIP_65cc393dbc,U_f0106c4d49,IN,IN_ARRIVAL,LEISURE,2025-07-04,2025-07-17,4,17765.0,True
TRIP_bf0ffb1a23,U_f0106c4d49,IN,IN_ARRIVAL,VFR,2025-07-01,2025-07-20,2,12791.0,False
TRIP_415adf38fb,U_f0106c4d49,IN,IN_ARRIVAL,LEISURE,2026-02-19,2026-03-07,1,10556.0,False
TRIP_2ef5a60dfd,U_7185f57883,IN,IN_ARRIVAL,LEISURE,2025-12-14,2025-12-17,4,937.0,True
TRIP_867016e188,U_7185f57883,IN,IN_ARRIVAL,BUSINESS,2024-11-18,2024-12-05,1,45278.0,False
TRIP_bfea5b78c7,U_7185f57883,IN,IN_ARRIVAL,LEISURE,2025-06-15,2025-06-24,4,54081.0,False
TRIP_265275d0a0,U_3302c39b37,IN,IN_ARRIVAL,MEDICAL,2025-09-21,2025-10-12,2,15945.0,True
TRIP_34b5891c13,U_3302c39b37,IN,IN_ARRIVAL,PILGRIMAGE,2025-10-14,2025-10-24,2,88194.0,False
TRIP_dd85334890,U_3302c39b37,IN,IN_ARRIVAL,LEISURE,2025-05-15,2025-05-25,1,14563.0,False
TRIP_84e72b7034,U_e74ef2b9d5,IN,IN_ARRIVAL,LEISURE,2025-05-15,2025-06-02,1,8842.0,True
TRIP_3bd5d2240f,U_003de0e3c5,IN,IN_ARRIVAL,BUSINESS,2025-07-02,2025-07-23,3,7932.0,True
TRIP_f5340b258c,U_003de0e3c5,IN,IN_ARRIVAL,EVENT,2025-12-31,2026-01-18,1,7481.0,False
TRIP_18e2abcfd5,U_b6272a7406,IN,IN_ARRIVAL,EVENT,2024-11-05,2024-11-15,3,27546.0,True
TRIP_2878b8895e,U_bd1007d9f8,IN,IN_ARRIVAL,LEISURE,2024-12-21,2025-01-07,3,12077.0,True
TRIP_7e5d90ab7c,U_bd1007d9f8,IN,IN_ARRIVAL,LEISURE,2025-09-06,2025-09-10,1,36681.0,False
TRIP_3550a5ee5f,U_bd1007d9f8,IN,IN_ARRIVAL,LEISURE,2026-01-11,2026-01-24,2,22957.0,False
TRIP_72a27c9ebf,U_72a6a2085c,IN,IN_ARRIVAL,BUSINESS,2025-11-23,2025-12-05,3,8826.0,True
TRIP_24bfdc36b4,U_fdc31f2f6c,IN,IN_ARRIVAL,LEISURE,2026-05-10,2026-05-25,4,12226.0,True
TRIP_b7a3905e08,U_f644f8c39e,IN,IN_ARRIVAL,TRANSIT,2026-02-05,2026-02-21,1,21708.0,True
TRIP_0e392cfe78,U_7b4c7299a4,IN,IN_ARRIVAL,LEISURE,2026-01-26,2026-02-03,1,57480.0,True
TRIP_08730abf8f,U_94c93e58b7,IN,IN_ARRIVAL,TRANSIT,2025-12-17,2025-12-24,1,13752.0,True
TRIP_1afaaf7738,U_c2c8530c76,IN,IN_ARRIVAL,MEDICAL,2025-07-20,2025-07-23,2,31175.0,True
TRIP_b236076e91,U_43a0e8b62e,IN,IN_ARRIVAL,VFR,2026-06-28,2026-07-04,2,21348.0,True
TRIP_b0aa814299,U_d891a5d8bb,IN,IN_ARRIVAL,EDUCATION,2025-07-29,2025-08-14,4,2983.0,True
TRIP_4d2b2a94df,U_d891a5d8bb,IN,IN_ARRIVAL,BUSINESS,2024-09-21,2024-10-07,3,5270.0,False
TRIP_6ef441bd2d,U_2531c70481,IN,IN_ARRIVAL,BUSINESS,2025-06-03,2025-06-22,3,8297.0,True
TRIP_1023ae7106,U_2531c70481,IN,IN_ARRIVAL,VFR,2025-02-19,2025-03-10,3,12967.0,False
TRIP_0d7aaaf663,U_bb58b6f608,IN,IN_ARRIVAL,PILGRIMAGE,2024-10-23,2024-10-29,4,9339.0,True
TRIP_9a2afc046f,U_bb58b6f608,IN,IN_ARRIVAL,LEISURE,2026-03-05,2026-03-25,1,27710.0,False
TRIP_ae7c7ca2a4,U_21d23ebe5f,IN,IN_ARRIVAL,LEISURE,2025-01-28,2025-02-13,4,18414.0,True
TRIP_57c4a35165,U_87313024e1,IN,IN_ARRIVAL,LEISURE,2025-10-22,2025-11-11,3,8337.0,True
TRIP_6331efd9e7,U_d1ea8029bb,IN,IN_ARRIVAL,LEISURE,2025-09-27,2025-10-15,2,13206.0,True
TRIP_a1af474849,U_7ccc890a2f,IN,IN_ARRIVAL,VFR,2025-06-08,2025-06-22,4,31100.0,True
TRIP_2a549ebb7b,U_1adbc8aefc,IN,IN_ARRIVAL,PILGRIMAGE,2025-04-21,2025-05-07,3,11498.0,True
TRIP_926f0f3199,U_2572fba926,IN,IN_ARRIVAL,LEISURE,2025-01-19,2025-01-29,1,37598.0,True
TRIP_051279b648,U_4c40990f87,IN,IN_ARRIVAL,LEISURE,2025-04-28,2025-05-02,3,49922.0,True
TRIP_1915bc8fa1,U_4c40990f87,IN,IN_ARRIVAL,LEISURE,2025-08-18,2025-08-24,3,9763.0,False
TRIP_fca959f2a4,U_1dac9e2118,IN,IN_ARRIVAL,LEISURE,2025-01-26,2025-01-31,1,15528.0,True
TRIP_5793c20d92,U_1dac9e2118,IN,IN_ARRIVAL,VFR,2025-12-09,2025-12-28,3,6312.0,False
TRIP_acaed58657,U_d378bdb4e4,IN,IN_ARRIVAL,BUSINESS,2026-02-16,2026-03-09,4,9842.0,True
TRIP_39d4faf9cb,U_c36c2ee60b,IN,IN_ARRIVAL,LEISURE,2025-06-02,2025-06-07,4,9464.0,True
TRIP_dda8a30220,U_ddf91e38e7,IN,IN_ARRIVAL,LEISURE,2026-06-17,2026-06-30,2,8545.0,True
TRIP_85489997c6,U_ddf91e38e7,IN,IN_ARRIVAL,LEISURE,2025-01-03,2025-01-21,4,20836.0,False
TRIP_d7cc206cf0,U_118f9b90ab,IN,IN_ARRIVAL,LEISURE,2025-04-13,2025-05-03,3,4273.0,True
TRIP_8504caf1bd,U_d01cf9534e,IN,IN_ARRIVAL,BUSINESS,2025-10-22,2025-10-31,3,38233.0,True
TRIP_dffa70de49,U_400697d0a3,IN,IN_ARRIVAL,PILGRIMAGE,2026-05-25,2026-06-06,3,11958.0,True
TRIP_afd0f76f95,U_afbc0cd991,IN,IN_ARRIVAL,PILGRIMAGE,2025-10-24,2025-11-05,1,2927.0,True
TRIP_e4066cf891,U_f9df4792c5,IN,IN_ARRIVAL,LEISURE,2025-12-09,2025-12-18,1,17585.0,True
TRIP_ba7db458cc,U_94329ec455,IN,IN_ARRIVAL,VFR,2025-09-18,2025-09-26,1,13940.0,True
TRIP_e8961c42ab,U_94329ec455,IN,IN_ARRIVAL,LEISURE,2025-02-13,2025-02-24,2,22146.0,False
TRIP_02bf6efd89,U_0f8b4511be,IN,IN_ARRIVAL,LEISURE,2024-10-17,2024-10-31,3,6252.0,True
TRIP_22ab6e329a,U_0f8b4511be,IN,IN_ARRIVAL,EVENT,2024-12-26,2025-01-06,4,21155.0,False
TRIP_fd9f9005d3,U_a5f69bb761,IN,IN_ARRIVAL,TRANSIT,2024-10-10,2024-10-22,3,5799.0,True
TRIP_90f637840b,U_a5f69bb761,IN,IN_ARRIVAL,PILGRIMAGE,2025-09-09,2025-09-26,4,35066.0,False
TRIP_1877f1e690,U_4412879689,IN,IN_ARRIVAL,LEISURE,2025-11-04,2025-11-23,3,31185.0,True
TRIP_c8173c67ad,U_4412879689,IN,IN_ARRIVAL,EDUCATION,2025-02-16,2025-03-07,4,9424.0,False
TRIP_4bac4eb7f0,U_5bebf55872,IN,IN_ARRIVAL,EVENT,2026-05-22,2026-06-01,2,17525.0,True
TRIP_f1138060dd,U_5bebf55872,IN,IN_ARRIVAL,LEISURE,2026-05-13,2026-05-16,3,44878.0,False
TRIP_c33ffd896f,U_c3b245a3ea,IN,IN_ARRIVAL,LEISURE,2025-02-23,2025-03-16,4,3565.0,True
TRIP_16fac2e835,U_c3b245a3ea,IN,IN_ARRIVAL,BUSINESS,2025-01-25,2025-01-28,3,14409.0,False
TRIP_9ccd9bb6ac,U_589aeaa163,IN,IN_ARRIVAL,VFR,2025-05-28,2025-05-31,3,27534.0,True
TRIP_c4721543fe,U_5ae6996e58,IN,IN_ARRIVAL,MEDICAL,2024-10-09,2024-10-14,4,19974.0,True
TRIP_f8712bdf85,U_e98d770651,IN,IN_ARRIVAL,VFR,2024-09-18,2024-09-24,2,9189.0,True
TRIP_d3567adecf,U_e98d770651,IN,IN_ARRIVAL,LEISURE,2024-12-12,2024-12-20,3,7327.0,False
TRIP_5e08e2524c,U_233ba6e6a1,IN,IN_ARRIVAL,LEISURE,2024-09-03,2024-09-11,3,20897.0,True
TRIP_fa28172645,U_aa66b8fce3,IN,IN_ARRIVAL,LEISURE,2025-08-09,2025-08-23,2,7686.0,True
TRIP_ee326a13be,U_aa66b8fce3,IN,IN_ARRIVAL,BUSINESS,2025-07-26,2025-08-15,4,8243.0,False
TRIP_465eab656f,U_aa66b8fce3,IN,IN_ARRIVAL,PILGRIMAGE,2026-05-02,2026-05-08,4,7784.0,False
TRIP_77cfdbfb9f,U_aa66b8fce3,IN,IN_ARRIVAL,LEISURE,2026-02-24,2026-03-17,1,12831.0,False
TRIP_150378f0fa,U_e9933f8173,IN,IN_ARRIVAL,LEISURE,2026-04-04,2026-04-24,1,5182.0,True
TRIP_3498dffb54,U_e9933f8173,IN,IN_ARRIVAL,EDUCATION,2025-02-10,2025-02-21,4,5678.0,False
TRIP_334847f773,U_93326328f7,IN,IN_ARRIVAL,LEISURE,2025-10-16,2025-10-30,4,60252.0,True
TRIP_0726b60e9a,U_3b7b81e68f,IN,IN_ARRIVAL,LEISURE,2025-12-05,2025-12-24,2,36201.0,True
TRIP_978e84669d,U_95f52fe1cf,IN,IN_ARRIVAL,EVENT,2025-05-05,2025-05-25,2,10968.0,True
TRIP_f6708e8761,U_95f52fe1cf,IN,IN_ARRIVAL,MEDICAL,2025-03-09,2025-03-24,1,7354.0,False
TRIP_e516b76cc3,U_95f52fe1cf,IN,IN_ARRIVAL,LEISURE,2025-09-25,2025-10-13,2,48775.0,False
TRIP_e96a3313e4,U_95f52fe1cf,IN,IN_ARRIVAL,LEISURE,2026-06-15,2026-07-03,4,11742.0,False
TRIP_cc073940ca,U_1a2f1e92b6,IN,IN_ARRIVAL,BUSINESS,2026-04-01,2026-04-04,1,3844.0,True
TRIP_e0af5c0b92,U_f06e5a8a0c,IN,IN_ARRIVAL,VFR,2026-04-28,2026-05-15,4,27904.0,True
TRIP_f8fc671332,U_f06e5a8a0c,IN,IN_ARRIVAL,LEISURE,2026-01-24,2026-02-09,2,8079.0,False
TRIP_1d1d8fe012,U_f06e5a8a0c,IN,IN_ARRIVAL,EDUCATION,2025-08-13,2025-08-17,3,17378.0,False
TRIP_bdd08a2cc3,U_323cc36dce,IN,IN_ARRIVAL,LEISURE,2024-09-21,2024-09-26,3,2871.0,True
TRIP_f026fd8df0,U_323cc36dce,IN,IN_ARRIVAL,VFR,2025-11-17,2025-12-02,1,3715.0,True
TRIP_77e866eb13,U_323cc36dce,IN,IN_ARRIVAL,LEISURE,2024-11-19,2024-11-27,1,11329.0,False
TRIP_ef47f97b05,U_7d0a3e435f,IN,IN_ARRIVAL,VFR,2025-12-13,2026-01-02,2,45584.0,True
TRIP_b74e0913c7,U_7d0a3e435f,IN,IN_ARRIVAL,MEDICAL,2026-06-04,2026-06-22,4,2007.0,False
TRIP_9d46863765,U_7d0a3e435f,IN,IN_ARRIVAL,LEISURE,2025-05-07,2025-05-12,3,18110.0,False
TRIP_717cbd5c07,U_fca9d4b5f4,IN,IN_ARRIVAL,BUSINESS,2026-03-19,2026-03-25,3,13436.0,True
TRIP_a6ac2337e7,U_fb01c05e09,IN,IN_ARRIVAL,PILGRIMAGE,2025-12-20,2026-01-08,1,23910.0,True
TRIP_88c2de4d5b,U_fb01c05e09,IN,IN_ARRIVAL,VFR,2026-06-12,2026-06-18,3,20863.0,False
TRIP_28207935b8,U_b03189887d,IN,IN_ARRIVAL,EDUCATION,2024-11-25,2024-12-09,2,8682.0,True
TRIP_b8aead5793,U_79e92f29c3,IN,IN_ARRIVAL,VFR,2024-12-06,2024-12-23,1,1273.0,True
TRIP_7290837aed,U_54de9cd770,IN,IN_ARRIVAL,VFR,2025-11-30,2025-12-06,4,8589.0,True
TRIP_c1f1370492,U_cf7e7e0e0f,IN,IN_ARRIVAL,MEDICAL,2025-11-19,2025-11-22,4,7528.0,True
TRIP_ac1adcccb7,U_2b14b4040e,IN,IN_ARRIVAL,VFR,2025-01-15,2025-01-30,2,17640.0,True
TRIP_a6949434c0,U_21c6d90b18,IN,IN_ARRIVAL,LEISURE,2025-11-30,2025-12-05,4,9013.0,True
TRIP_c51fdf048a,U_563a9c4c03,IN,IN_ARRIVAL,LEISURE,2025-03-31,2025-04-08,2,5966.0,True
TRIP_97f0a35f57,U_563a9c4c03,IN,IN_ARRIVAL,BUSINESS,2025-09-18,2025-10-03,3,15976.0,False
TRIP_ba8c0e5d65,U_563a9c4c03,IN,IN_ARRIVAL,TRANSIT,2025-07-14,2025-07-25,1,20355.0,False
TRIP_d6a043b672,U_c459eda5eb,IN,IN_ARRIVAL,LEISURE,2024-10-05,2024-10-14,1,57732.0,True
TRIP_64fdf9f60f,U_50cf7301ba,IN,IN_ARRIVAL,EDUCATION,2024-12-28,2025-01-13,3,7250.0,True
TRIP_58b5077757,U_50cf7301ba,IN,IN_ARRIVAL,VFR,2026-04-13,2026-05-01,3,34292.0,False
TRIP_9c4152bf73,U_f99f7e52c3,IN,IN_ARRIVAL,VFR,2025-10-23,2025-10-29,1,13019.0,True
TRIP_9988c518bb,U_f99f7e52c3,IN,IN_ARRIVAL,EDUCATION,2025-05-07,2025-05-12,1,3362.0,False
TRIP_1fca43f14e,U_bc35bd409b,IN,IN_ARRIVAL,TRANSIT,2025-04-15,2025-04-22,4,11097.0,True
TRIP_c56495c579,U_bc35bd409b,IN,IN_ARRIVAL,BUSINESS,2025-10-25,2025-11-14,2,4618.0,False
TRIP_5ef1f9b4c9,U_1bb81d7841,IN,IN_ARRIVAL,EDUCATION,2025-12-17,2025-12-20,3,9382.0,True
TRIP_367ebfad5f,U_1bb81d7841,IN,IN_ARRIVAL,LEISURE,2025-01-01,2025-01-10,4,7826.0,False
TRIP_9e2745b243,U_1bb81d7841,IN,IN_ARRIVAL,EVENT,2026-06-01,2026-06-13,4,5564.0,False
TRIP_065156c72e,U_d2a389137d,IN,IN_ARRIVAL,BUSINESS,2026-03-30,2026-04-08,3,16332.0,True
TRIP_908bd3c1e3,U_d2a389137d,IN,IN_ARRIVAL,LEISURE,2025-08-27,2025-09-11,1,16706.0,False
TRIP_45c2a45f5c,U_483f7daf98,IN,IN_ARRIVAL,BUSINESS,2025-06-15,2025-06-28,2,8559.0,True
TRIP_61b424394e,U_483f7daf98,IN,IN_ARRIVAL,EDUCATION,2025-08-23,2025-08-26,4,4016.0,False
TRIP_f269ace28a,U_8a2fe9c389,IN,IN_ARRIVAL,LEISURE,2024-12-25,2024-12-28,4,12630.0,True
TRIP_e08e514e2e,U_37be353147,IN,IN_ARRIVAL,VFR,2025-10-13,2025-10-28,1,10709.0,True
TRIP_7d89fb62c6,U_37be353147,IN,IN_ARRIVAL,LEISURE,2025-10-22,2025-11-09,2,11807.0,False
TRIP_586abf9cf2,U_37be353147,IN,IN_ARRIVAL,EDUCATION,2025-03-01,2025-03-08,4,13410.0,False
TRIP_517222778e,U_37be353147,IN,IN_ARRIVAL,LEISURE,2025-07-18,2025-08-06,3,14912.0,False
TRIP_a56504166e,U_e1f53f2b29,IN,IN_ARRIVAL,LEISURE,2025-11-24,2025-12-06,4,5994.0,True
TRIP_2fa23a1659,U_e1f53f2b29,IN,IN_ARRIVAL,EDUCATION,2025-12-05,2025-12-14,3,69013.0,False
TRIP_a065b1ef75,U_e1f53f2b29,IN,IN_ARRIVAL,VFR,2024-09-07,2024-09-25,2,1523.0,False
TRIP_249eb0049d,U_e1f53f2b29,IN,IN_ARRIVAL,LEISURE,2024-08-19,2024-08-24,2,30728.0,False
TRIP_f52bce11f6,U_30e6cd806d,IN,IN_ARRIVAL,LEISURE,2025-02-22,2025-03-05,4,8644.0,True
TRIP_fc535215f4,U_30e6cd806d,IN,IN_ARRIVAL,LEISURE,2025-08-17,2025-09-07,1,4019.0,False
TRIP_465e1731e4,U_30e6cd806d,IN,IN_ARRIVAL,LEISURE,2025-04-24,2025-05-09,2,5958.0,False
TRIP_98f30e9da1,U_9268b426a5,IN,IN_ARRIVAL,BUSINESS,2025-01-30,2025-02-20,4,11007.0,True
TRIP_8cdb1c8ffc,U_b71bed5862,IN,IN_ARRIVAL,PILGRIMAGE,2025-01-05,2025-01-12,2,22071.0,True
TRIP_73af4b3d22,U_b71bed5862,IN,IN_ARRIVAL,LEISURE,2025-12-16,2025-12-26,2,63682.0,False
TRIP_c71dcfb8b6,U_1e0d50a553,IN,IN_ARRIVAL,LEISURE,2024-12-31,2025-01-18,4,21781.0,True
TRIP_e220db071e,U_1e0d50a553,IN,IN_ARRIVAL,LEISURE,2024-10-01,2024-10-17,1,10952.0,False
TRIP_3effb158e9,U_5502006803,IN,IN_ARRIVAL,LEISURE,2026-04-13,2026-04-30,3,18864.0,True
TRIP_4b8ae6e1fa,U_c32b6778e1,IN,IN_ARRIVAL,LEISURE,2025-12-12,2026-01-01,4,7697.0,True
TRIP_8cec575d07,U_c32b6778e1,IN,IN_ARRIVAL,BUSINESS,2025-06-25,2025-07-09,3,17985.0,False
TRIP_2e614abde4,U_14ed603b59,IN,IN_ARRIVAL,VFR,2026-02-10,2026-02-23,1,23387.0,True
TRIP_71cb9d20dd,U_bd4adc6a5f,IN,IN_ARRIVAL,BUSINESS,2025-07-18,2025-07-30,2,4600.0,True
TRIP_1287779c82,U_d3778e580b,IN,IN_ARRIVAL,LEISURE,2026-06-07,2026-06-18,2,22453.0,True
TRIP_86ccb3c209,U_d3778e580b,IN,IN_ARRIVAL,LEISURE,2026-03-10,2026-03-16,2,12460.0,False
TRIP_346414327a,U_d3778e580b,IN,IN_ARRIVAL,VFR,2024-11-23,2024-11-28,1,23722.0,False
TRIP_d3a7b93f6a,U_4359b0540a,IN,IN_ARRIVAL,EVENT,2026-01-02,2026-01-19,3,35373.0,True
TRIP_9e4f7bd1ab,U_4359b0540a,IN,IN_ARRIVAL,LEISURE,2024-11-18,2024-11-22,2,15985.0,False
TRIP_437a8dc2b2,U_4359b0540a,IN,IN_ARRIVAL,LEISURE,2024-10-22,2024-11-07,3,46328.0,False
TRIP_ae865a62e7,U_15958fb73e,IN,IN_ARRIVAL,BUSINESS,2024-10-20,2024-10-29,2,39133.0,True
TRIP_8e63fe9d10,U_14d4ccaffc,IN,IN_ARRIVAL,VFR,2024-09-10,2024-09-20,3,23195.0,True
TRIP_71ce06cceb,U_fd31d86f9a,IN,IN_ARRIVAL,EVENT,2024-08-23,2024-08-29,4,11150.0,True
TRIP_d5cea51dd6,U_7e51841f70,IN,IN_ARRIVAL,LEISURE,2026-03-20,2026-04-10,4,17042.0,True
TRIP_f1805c70e6,U_7e51841f70,IN,IN_ARRIVAL,LEISURE,2025-05-06,2025-05-15,4,8948.0,False
TRIP_17b96d820a,U_f4fc14c6db,IN,IN_ARRIVAL,BUSINESS,2026-05-05,2026-05-21,2,14116.0,True
TRIP_9645164036,U_4787b05f24,IN,IN_ARRIVAL,BUSINESS,2026-02-15,2026-03-08,3,38914.0,True
TRIP_ff18b06521,U_102dee636c,IN,IN_ARRIVAL,VFR,2026-04-15,2026-05-02,1,2686.0,True
TRIP_c7b16952c0,U_102dee636c,IN,IN_ARRIVAL,LEISURE,2026-03-07,2026-03-26,2,4770.0,False
TRIP_885837e1a6,U_904e115678,IN,IN_ARRIVAL,LEISURE,2026-04-21,2026-05-06,1,4158.0,True
TRIP_ed0cb99b54,U_dfee5d1801,IN,IN_ARRIVAL,LEISURE,2025-09-21,2025-09-28,3,33439.0,True
TRIP_d4a0bf00ae,U_a0562bae75,IN,IN_ARRIVAL,LEISURE,2025-08-02,2025-08-18,1,36130.0,True
TRIP_ccfbc574c6,U_a0562bae75,IN,IN_ARRIVAL,LEISURE,2025-04-19,2025-04-25,1,4053.0,False
TRIP_8a5e35f5eb,U_16deb4ec63,IN,IN_ARRIVAL,PILGRIMAGE,2025-09-18,2025-10-07,4,4628.0,True
TRIP_675f921642,U_16deb4ec63,IN,IN_ARRIVAL,VFR,2025-03-14,2025-03-20,4,39714.0,False
TRIP_933617f5b8,U_ff7c4ad7eb,IN,IN_ARRIVAL,MEDICAL,2026-03-05,2026-03-25,3,9703.0,True
TRIP_6e888554d0,U_ff7c4ad7eb,IN,IN_ARRIVAL,BUSINESS,2026-01-19,2026-02-01,1,41706.0,False
TRIP_a3e6370cea,U_9b2c582e87,IN,IN_ARRIVAL,TRANSIT,2026-07-09,2026-07-25,1,5478.0,True
TRIP_18f67f7683,U_9b2c582e87,IN,IN_ARRIVAL,VFR,2025-04-05,2025-04-12,2,22775.0,False
TRIP_1921d44a9a,U_9b2c582e87,IN,IN_ARRIVAL,EVENT,2025-02-14,2025-03-02,3,18839.0,False
TRIP_8248d2df9e,U_acb67fb3fa,IN,IN_ARRIVAL,PILGRIMAGE,2025-08-27,2025-09-07,2,10568.0,True
TRIP_83303ad4ad,U_7f64c67310,IN,IN_ARRIVAL,LEISURE,2026-01-03,2026-01-24,1,2780.0,True
TRIP_666658a4ae,U_96709b5db8,IN,IN_ARRIVAL,EDUCATION,2024-08-20,2024-08-31,3,18451.0,True
TRIP_1ff29768a0,U_96709b5db8,IN,IN_ARRIVAL,EVENT,2025-12-13,2025-12-17,4,2785.0,False
TRIP_c1224adb38,U_d8624a25a0,IN,IN_ARRIVAL,MEDICAL,2025-03-27,2025-04-16,2,9427.0,True
TRIP_33da8b8c72,U_52eb28472d,IN,IN_ARRIVAL,LEISURE,2025-11-24,2025-12-03,4,5185.0,True
TRIP_54f39b8946,U_52eb28472d,IN,IN_ARRIVAL,BUSINESS,2025-04-23,2025-05-02,3,3539.0,False
TRIP_f43b0148a5,U_52eb28472d,IN,IN_ARRIVAL,BUSINESS,2025-09-07,2025-09-17,4,25472.0,False
TRIP_3b08efe2f2,U_6b6144a9fb,IN,IN_ARRIVAL,LEISURE,2025-01-23,2025-02-01,3,6843.0,True
TRIP_934ac74f98,U_6b6144a9fb,IN,IN_ARRIVAL,LEISURE,2026-04-24,2026-04-30,3,21102.0,False
TRIP_f0293a33fb,U_ac5baf1f1c,IN,IN_ARRIVAL,EDUCATION,2025-09-02,2025-09-22,2,22248.0,True
TRIP_d2802be1ce,U_ac5baf1f1c,IN,IN_ARRIVAL,LEISURE,2026-03-10,2026-03-29,4,8492.0,False
TRIP_377da9d986,U_10feb7d8a5,IN,IN_ARRIVAL,LEISURE,2025-10-10,2025-10-31,2,6681.0,True
TRIP_cde43c08e1,U_9ef4d8bf34,IN,IN_ARRIVAL,LEISURE,2025-01-25,2025-02-09,1,8586.0,True
TRIP_445e40cf4f,U_646746f301,IN,IN_ARRIVAL,PILGRIMAGE,2026-06-25,2026-07-01,3,10363.0,True
TRIP_80e1016e3d,U_646746f301,IN,IN_ARRIVAL,LEISURE,2024-10-31,2024-11-20,2,12439.0,False
TRIP_1d6f68230c,U_83c21e0c6d,IN,IN_ARRIVAL,BUSINESS,2025-04-13,2025-04-30,1,15043.0,True
TRIP_c40bf589f1,U_a0fd74f193,IN,IN_ARRIVAL,LEISURE,2025-01-26,2025-02-04,4,24273.0,True
TRIP_dedffce91f,U_9309462c3d,IN,IN_ARRIVAL,VFR,2024-09-10,2024-09-28,2,11721.0,True
TRIP_2c341f1bf9,U_bb588e3823,IN,IN_ARRIVAL,LEISURE,2026-03-24,2026-03-27,4,8438.0,True
TRIP_6bacd3472d,U_b6ee7c34ca,IN,IN_ARRIVAL,LEISURE,2025-10-03,2025-10-14,2,16724.0,True
TRIP_df04ea2835,U_b6ee7c34ca,IN,IN_ARRIVAL,LEISURE,2026-04-14,2026-04-25,3,7692.0,False
TRIP_f40615d2ac,U_b6ee7c34ca,IN,IN_ARRIVAL,TRANSIT,2025-11-08,2025-11-28,2,2204.0,False
TRIP_2029128027,U_b6ee7c34ca,IN,IN_ARRIVAL,PILGRIMAGE,2026-03-30,2026-04-05,2,24052.0,False
TRIP_4447e8edf2,U_50d14327f8,IN,IN_ARRIVAL,VFR,2025-12-18,2025-12-31,3,25212.0,True
TRIP_2f6097b5f6,U_50d14327f8,IN,IN_ARRIVAL,LEISURE,2025-12-29,2026-01-16,1,8422.0,False
TRIP_e7bb219372,U_50d14327f8,IN,IN_ARRIVAL,EVENT,2025-12-02,2025-12-18,3,24169.0,False
TRIP_c65c43b6f8,U_50d14327f8,IN,IN_ARRIVAL,LEISURE,2025-10-06,2025-10-11,3,12280.0,False
TRIP_5055f56823,U_0398ec1e72,IN,IN_ARRIVAL,VFR,2026-01-08,2026-01-24,4,18606.0,True
TRIP_8b5500f8ee,U_0db061b35d,IN,IN_ARRIVAL,PILGRIMAGE,2025-02-08,2025-02-16,4,2457.0,True
TRIP_52485562ce,U_0db061b35d,IN,IN_ARRIVAL,TRANSIT,2025-12-03,2025-12-18,3,23161.0,False
TRIP_344a509619,U_bfcf8c728d,IN,IN_ARRIVAL,LEISURE,2026-01-25,2026-02-04,2,3795.0,True
TRIP_348030eb2e,U_4c4653c1b7,IN,IN_ARRIVAL,LEISURE,2025-05-29,2025-06-07,2,27294.0,True
TRIP_74072ae4a1,U_0b0ec9985e,IN,IN_ARRIVAL,PILGRIMAGE,2026-03-19,2026-03-24,3,5099.0,True
TRIP_c2e8243e52,U_37d189f699,IN,IN_ARRIVAL,MEDICAL,2026-01-22,2026-02-12,3,7083.0,True
TRIP_4b3ef1d12e,U_02bd1234f7,IN,IN_ARRIVAL,BUSINESS,2026-01-25,2026-02-02,2,13089.0,True
TRIP_815b996e5d,U_02bd1234f7,IN,IN_ARRIVAL,LEISURE,2024-12-10,2024-12-23,4,29202.0,False
TRIP_01e346d510,U_6ea0e04a65,IN,IN_ARRIVAL,EDUCATION,2025-11-28,2025-12-13,1,20364.0,True
TRIP_b5ff1eb29f,U_6ea0e04a65,IN,IN_ARRIVAL,LEISURE,2026-05-03,2026-05-07,4,18962.0,False
TRIP_1408b221a4,U_01b95a6db7,IN,IN_ARRIVAL,EDUCATION,2024-08-22,2024-09-02,3,18834.0,True
TRIP_3606748d59,U_9492cf84a2,IN,IN_ARRIVAL,PILGRIMAGE,2025-07-17,2025-07-27,2,29750.0,True
TRIP_01b0fda179,U_6a543d2526,IN,IN_ARRIVAL,TRANSIT,2025-06-07,2025-06-24,2,17279.0,True
TRIP_f4c824527e,U_4e4350610b,IN,IN_ARRIVAL,LEISURE,2026-01-08,2026-01-24,4,4344.0,True
TRIP_388b779506,U_fc2f2c0cc5,IN,IN_ARRIVAL,TRANSIT,2025-08-18,2025-08-26,4,10312.0,True
TRIP_086ca3ffe4,U_e9c6d23813,IN,IN_ARRIVAL,EVENT,2026-04-18,2026-04-27,1,6091.0,True
TRIP_7b59242db5,U_e9c6d23813,IN,IN_ARRIVAL,LEISURE,2025-07-24,2025-08-12,1,24674.0,False
TRIP_5b455148a1,U_26541fe7a8,IN,IN_ARRIVAL,MEDICAL,2025-01-28,2025-02-03,1,12193.0,True
TRIP_1c35b3fc38,U_26541fe7a8,IN,IN_ARRIVAL,VFR,2025-04-04,2025-04-11,4,13244.0,False
TRIP_7141987027,U_467a9585a1,IN,IN_ARRIVAL,BUSINESS,2026-06-20,2026-07-08,4,17154.0,True
TRIP_f320c88db6,U_c3549027bb,IN,IN_ARRIVAL,EDUCATION,2024-10-21,2024-11-10,2,24302.0,True
TRIP_2ca5b49bc0,U_e6f47d9d6d,IN,IN_ARRIVAL,LEISURE,2025-09-30,2025-10-12,3,15267.0,True
TRIP_5ff917f894,U_e6f47d9d6d,IN,IN_ARRIVAL,LEISURE,2025-12-17,2026-01-07,1,36628.0,False
TRIP_176a3bba3e,U_336b750d8b,IN,IN_ARRIVAL,EVENT,2025-10-20,2025-10-30,1,15475.0,True
TRIP_e6e883d3ba,U_336b750d8b,IN,IN_ARRIVAL,EDUCATION,2024-09-07,2024-09-15,1,11843.0,False
TRIP_b3c5644f97,U_5c754736d1,IN,IN_ARRIVAL,EVENT,2024-08-11,2024-08-18,4,8403.0,True
TRIP_bf57cefd97,U_5c754736d1,IN,IN_ARRIVAL,LEISURE,2025-03-31,2025-04-12,3,10219.0,True
TRIP_bc71ff1716,U_d8b6e8ac7f,IN,IN_ARRIVAL,LEISURE,2026-04-19,2026-05-03,3,6026.0,True
TRIP_1271f968d6,U_68cd55cc45,IN,IN_ARRIVAL,BUSINESS,2024-10-26,2024-10-30,3,15099.0,True
TRIP_3fad33bb9e,U_68cd55cc45,IN,IN_ARRIVAL,BUSINESS,2025-11-22,2025-12-06,3,2539.0,False
TRIP_250894fa6a,U_68cd55cc45,IN,IN_ARRIVAL,BUSINESS,2025-08-14,2025-08-30,2,13127.0,False
TRIP_865693b725,U_c7e9b6f1d5,IN,IN_ARRIVAL,LEISURE,2026-02-03,2026-02-23,2,8018.0,True
TRIP_f4eb77fd9e,U_e48ff45a96,IN,IN_ARRIVAL,EDUCATION,2025-12-30,2026-01-20,4,9643.0,True
TRIP_e1116e003e,U_9144e99222,IN,IN_ARRIVAL,LEISURE,2025-06-12,2025-07-01,1,6116.0,True
TRIP_03cf330a45,U_9144e99222,IN,IN_ARRIVAL,LEISURE,2026-06-07,2026-06-14,4,19571.0,False
TRIP_19d6e0638f,U_e28469794b,IN,IN_ARRIVAL,TRANSIT,2026-03-11,2026-03-18,4,10351.0,True
TRIP_85fefd1da7,U_6d65ed2a3f,IN,IN_ARRIVAL,EDUCATION,2026-01-13,2026-02-03,2,24194.0,True
TRIP_2058b11dab,U_6d65ed2a3f,IN,IN_ARRIVAL,LEISURE,2026-02-24,2026-03-08,4,11923.0,False
TRIP_e86fb012c8,U_76cdad5640,IN,IN_ARRIVAL,PILGRIMAGE,2025-06-08,2025-06-21,3,20912.0,True
TRIP_16c1a861ee,U_76cdad5640,IN,IN_ARRIVAL,BUSINESS,2025-05-24,2025-06-08,4,5170.0,False
TRIP_8177cdf2ad,U_f3de22362f,IN,IN_ARRIVAL,LEISURE,2026-03-26,2026-04-07,3,2344.0,True
TRIP_6ac9bbc900,U_f3de22362f,IN,IN_ARRIVAL,TRANSIT,2026-01-12,2026-01-29,2,4300.0,False
TRIP_9741893346,U_f3de22362f,IN,IN_ARRIVAL,LEISURE,2025-12-09,2025-12-27,2,12929.0,False
TRIP_52eedfccb3,U_c3f9f4f0ef,IN,IN_ARRIVAL,VFR,2025-09-11,2025-09-25,4,36403.0,True
TRIP_cd9d7411fe,U_c3f9f4f0ef,IN,IN_ARRIVAL,LEISURE,2026-01-26,2026-02-03,1,6112.0,False
TRIP_179a714f1b,U_f06b4ca69b,IN,IN_ARRIVAL,EDUCATION,2025-07-13,2025-07-21,1,17521.0,True
TRIP_1b4e4990f1,U_1a177a900a,IN,IN_ARRIVAL,BUSINESS,2026-01-26,2026-02-06,1,7846.0,True
TRIP_4fbb68f871,U_1a177a900a,IN,IN_ARRIVAL,BUSINESS,2025-04-26,2025-05-06,1,13178.0,False
TRIP_ef2e76ccaa,U_4429314ed7,IN,IN_ARRIVAL,BUSINESS,2025-11-15,2025-12-06,2,11106.0,True
TRIP_9c5e68b42e,U_ba65ee6e0d,IN,IN_ARRIVAL,BUSINESS,2024-11-02,2024-11-23,2,5932.0,True
TRIP_26dc7e8386,U_5255a43bd4,IN,IN_ARRIVAL,VFR,2026-06-08,2026-06-19,1,35251.0,True
TRIP_87d6f42dd8,U_5255a43bd4,IN,IN_ARRIVAL,LEISURE,2025-06-30,2025-07-18,1,37590.0,False
TRIP_dcfb69ac5a,U_657738db74,IN,IN_ARRIVAL,LEISURE,2025-11-17,2025-11-29,2,4428.0,True
TRIP_5ac37c0afe,U_a6a4d51e5a,IN,IN_ARRIVAL,PILGRIMAGE,2024-09-13,2024-09-29,3,9467.0,True
TRIP_1348e8cb32,U_a6a4d51e5a,IN,IN_ARRIVAL,EDUCATION,2026-07-02,2026-07-07,2,7483.0,False
TRIP_6c049fa5f7,U_a6a4d51e5a,IN,IN_ARRIVAL,EVENT,2025-02-08,2025-02-15,1,35219.0,False
TRIP_09967a7380,U_de8ee61722,IN,IN_ARRIVAL,LEISURE,2026-03-15,2026-04-04,3,5340.0,True
TRIP_3e916df485,U_de8ee61722,IN,IN_ARRIVAL,LEISURE,2026-01-12,2026-01-30,1,23740.0,False
TRIP_d2d81ab396,U_e4f1d25bbf,IN,IN_ARRIVAL,LEISURE,2025-10-03,2025-10-19,3,64543.0,True
TRIP_8956bcfb1b,U_e4f1d25bbf,IN,IN_ARRIVAL,LEISURE,2024-11-08,2024-11-21,2,2098.0,False
TRIP_1caf9d72a2,U_e4f1d25bbf,IN,IN_ARRIVAL,LEISURE,2024-10-24,2024-10-27,3,10416.0,False
TRIP_e80252afd1,U_e4f1d25bbf,IN,IN_ARRIVAL,PILGRIMAGE,2025-12-28,2026-01-16,4,23018.0,False
TRIP_7ba6df15ad,U_b220e7173f,IN,IN_ARRIVAL,VFR,2026-03-13,2026-03-24,1,34197.0,True
TRIP_242c56ef8e,U_b220e7173f,IN,IN_ARRIVAL,LEISURE,2025-12-10,2025-12-31,3,6233.0,False
TRIP_fd4f97eacb,U_d47f38be8d,IN,IN_ARRIVAL,LEISURE,2025-10-10,2025-10-15,1,2503.0,True
TRIP_6b185a879c,U_cc2ab9517d,IN,IN_ARRIVAL,LEISURE,2025-11-07,2025-11-28,2,16626.0,True
TRIP_b07fde5850,U_5b0950fb77,IN,IN_ARRIVAL,BUSINESS,2025-12-20,2026-01-04,3,14695.0,True
TRIP_b1b06c7281,U_5b0950fb77,IN,IN_ARRIVAL,LEISURE,2026-02-24,2026-03-08,3,13686.0,False
TRIP_3dc7c37ef1,U_5b0950fb77,IN,IN_ARRIVAL,EDUCATION,2025-04-04,2025-04-23,4,17101.0,False
TRIP_238a54f589,U_147387c2a5,IN,IN_ARRIVAL,LEISURE,2025-08-25,2025-09-13,1,25179.0,True
TRIP_b909535397,U_147387c2a5,IN,IN_ARRIVAL,LEISURE,2024-09-05,2024-09-23,3,13488.0,False
TRIP_c7dd3f2a00,U_147387c2a5,IN,IN_ARRIVAL,LEISURE,2026-02-03,2026-02-08,2,4934.0,False
TRIP_b221c7f03d,U_147387c2a5,IN,IN_ARRIVAL,VFR,2026-06-13,2026-07-02,2,50790.0,False
TRIP_ff4b9c8bce,U_88ed62dff5,IN,IN_ARRIVAL,LEISURE,2025-05-29,2025-06-15,3,9784.0,True
TRIP_9c2d06e62c,U_5a4d37642b,IN,IN_ARRIVAL,MEDICAL,2025-10-15,2025-11-02,4,12969.0,True
TRIP_9e2c689fd2,U_5a4d37642b,IN,IN_ARRIVAL,LEISURE,2025-08-19,2025-09-08,3,16095.0,False
TRIP_5aa331a5a6,U_5a4d37642b,IN,IN_ARRIVAL,LEISURE,2024-11-29,2024-12-03,3,16512.0,False
TRIP_9f63ef9131,U_5a4d37642b,IN,IN_ARRIVAL,LEISURE,2024-12-06,2024-12-20,2,15087.0,False
TRIP_3a490b502e,U_5a4d37642b,IN,IN_ARRIVAL,LEISURE,2025-11-11,2025-11-21,2,9799.0,False
TRIP_dff60733b6,U_5be7c19af0,IN,IN_ARRIVAL,LEISURE,2026-06-24,2026-07-10,1,9668.0,True
TRIP_e5f1678576,U_5be7c19af0,IN,IN_ARRIVAL,LEISURE,2025-12-15,2025-12-26,3,73470.0,False
TRIP_82062ca30b,U_5be7c19af0,IN,IN_ARRIVAL,LEISURE,2025-07-27,2025-08-17,1,53935.0,False
TRIP_d540010c2b,U_f15c6fefa8,IN,IN_ARRIVAL,VFR,2025-09-10,2025-09-17,3,6408.0,True
TRIP_7d1cf97983,U_f15c6fefa8,IN,IN_ARRIVAL,LEISURE,2025-02-07,2025-02-21,2,19162.0,False
TRIP_7e80bc7ed0,U_074504eed8,IN,IN_ARRIVAL,EDUCATION,2024-09-25,2024-10-15,2,3622.0,True
TRIP_7084bbd1ba,U_074504eed8,IN,IN_ARRIVAL,EDUCATION,2025-01-16,2025-01-27,2,26978.0,False
TRIP_43c77ccc26,U_281a5db0d2,IN,IN_ARRIVAL,VFR,2026-04-30,2026-05-19,3,15415.0,True
TRIP_4c85832cfe,U_dc46353716,IN,IN_ARRIVAL,LEISURE,2025-01-17,2025-01-27,4,16497.0,True
TRIP_12822f11b0,U_91c29caa80,IN,IN_ARRIVAL,BUSINESS,2025-11-08,2025-11-27,2,3441.0,True
TRIP_ee898c253c,U_91c29caa80,IN,IN_ARRIVAL,VFR,2025-05-17,2025-06-02,4,7631.0,False
TRIP_be9f691b8d,U_91c29caa80,IN,IN_ARRIVAL,LEISURE,2026-05-31,2026-06-17,2,10219.0,False
TRIP_72a58e8f48,U_1382f61552,IN,IN_ARRIVAL,VFR,2025-10-29,2025-11-06,2,14733.0,True
TRIP_ee0b5d541e,U_1382f61552,IN,IN_ARRIVAL,LEISURE,2025-03-17,2025-04-02,2,18517.0,False
TRIP_969c8d32f8,U_b1c5c03372,IN,IN_ARRIVAL,LEISURE,2024-10-06,2024-10-26,1,58360.0,True
TRIP_bdfd5a5b94,U_edd463b2ca,IN,IN_ARRIVAL,BUSINESS,2025-05-10,2025-05-16,4,12712.0,True
TRIP_3b78be860b,U_edd463b2ca,IN,IN_ARRIVAL,MEDICAL,2026-03-14,2026-04-04,2,19156.0,False
TRIP_32a28c1956,U_77bf150e4f,IN,IN_ARRIVAL,VFR,2025-02-02,2025-02-15,2,1403.0,True
TRIP_7775a36f21,U_77bf150e4f,IN,IN_ARRIVAL,LEISURE,2025-11-01,2025-11-08,3,15916.0,False
TRIP_da98d8eda7,U_77bf150e4f,IN,IN_ARRIVAL,BUSINESS,2026-03-12,2026-03-17,2,6816.0,False
TRIP_23fce41a78,U_4145a61db0,IN,IN_ARRIVAL,VFR,2025-11-28,2025-12-01,2,30877.0,True
TRIP_eccf98f6ec,U_548ff2fc8b,IN,IN_ARRIVAL,EDUCATION,2025-05-29,2025-06-19,3,8767.0,True
TRIP_4a9c1b45f2,U_246409586d,IN,IN_ARRIVAL,BUSINESS,2025-06-09,2025-06-24,3,16459.0,True
TRIP_56ec60ff60,U_246409586d,IN,IN_ARRIVAL,LEISURE,2026-04-07,2026-04-24,3,17615.0,False
TRIP_c347395f0a,U_246409586d,IN,IN_ARRIVAL,BUSINESS,2025-12-24,2026-01-03,4,4360.0,False
TRIP_1edb61bbad,U_246409586d,IN,IN_ARRIVAL,MEDICAL,2025-12-29,2026-01-16,4,7408.0,False
TRIP_aa66a3a988,U_9bd83a145f,IN,IN_ARRIVAL,LEISURE,2025-07-15,2025-07-24,2,24284.0,True
TRIP_980dfd9c34,U_6f44c38b96,IN,IN_ARRIVAL,LEISURE,2025-09-18,2025-09-28,2,22861.0,True
TRIP_b6c8fd0f9b,U_aaf696233e,IN,IN_ARRIVAL,LEISURE,2024-08-20,2024-08-25,3,38887.0,True
TRIP_0bbae4fab3,U_aaf696233e,IN,IN_ARRIVAL,EDUCATION,2026-01-18,2026-02-05,2,7532.0,False
TRIP_8487f0ed8d,U_08fd19a6f5,IN,IN_ARRIVAL,EDUCATION,2026-06-16,2026-07-04,3,24099.0,True
TRIP_7994c450d3,U_08fd19a6f5,IN,IN_ARRIVAL,VFR,2025-12-05,2025-12-11,4,5768.0,False
TRIP_bab9ce7aa7,U_08fd19a6f5,IN,IN_ARRIVAL,LEISURE,2025-03-01,2025-03-13,1,22145.0,False
TRIP_a8571ee80e,U_08fd19a6f5,IN,IN_ARRIVAL,EDUCATION,2026-07-03,2026-07-13,2,2998.0,False
TRIP_ff22ffe8a9,U_08fd19a6f5,IN,IN_ARRIVAL,LEISURE,2025-04-12,2025-04-20,3,7358.0,False
TRIP_8f018f9cdc,U_4bfbe1479c,IN,IN_ARRIVAL,LEISURE,2025-07-07,2025-07-19,4,8292.0,True
TRIP_0e7a6bd31b,U_4bfbe1479c,IN,IN_ARRIVAL,LEISURE,2026-01-15,2026-01-28,4,10341.0,False
TRIP_4780774fcc,U_cef1ca0353,IN,IN_ARRIVAL,LEISURE,2025-03-27,2025-03-30,1,32396.0,True
TRIP_cf65506c70,U_cef1ca0353,IN,IN_ARRIVAL,BUSINESS,2025-06-28,2025-07-12,3,10622.0,False
TRIP_b2f8f96659,U_33142f52ec,IN,IN_ARRIVAL,TRANSIT,2025-11-08,2025-11-28,3,16975.0,True
TRIP_db3e36e66a,U_158b4a8e39,IN,IN_ARRIVAL,MEDICAL,2025-12-09,2025-12-20,3,24074.0,True
TRIP_edf0bf35b2,U_2b8ced6195,IN,IN_ARRIVAL,BUSINESS,2026-04-04,2026-04-22,3,2822.0,True
TRIP_96f8cb0159,U_bd0fca14b1,IN,IN_ARRIVAL,VFR,2026-03-08,2026-03-12,4,3592.0,True
TRIP_b5fb351396,U_604fe7ccdd,IN,IN_ARRIVAL,EVENT,2025-02-02,2025-02-14,1,3768.0,True
TRIP_7e3d28b95f,U_a3a9579ff1,IN,IN_ARRIVAL,MEDICAL,2024-11-25,2024-12-07,3,1492.0,True
TRIP_8e23780544,U_f080ca9d13,IN,IN_ARRIVAL,LEISURE,2025-02-20,2025-03-05,3,35551.0,True
TRIP_c47baae18e,U_f080ca9d13,IN,IN_ARRIVAL,VFR,2026-04-15,2026-04-26,1,5752.0,False
TRIP_ac4f631981,U_f080ca9d13,IN,IN_ARRIVAL,LEISURE,2026-03-30,2026-04-05,1,16440.0,False
TRIP_804660ee4a,U_f080ca9d13,IN,IN_ARRIVAL,EVENT,2025-07-20,2025-07-26,1,6118.0,False
TRIP_1f7a65a11c,U_3e72bfca54,IN,IN_ARRIVAL,TRANSIT,2025-09-22,2025-10-02,4,2272.0,True
TRIP_f51ff044b5,U_6169daaa65,IN,IN_ARRIVAL,LEISURE,2025-10-28,2025-11-11,3,12068.0,True
TRIP_507a84dfb8,U_c8d395f594,IN,IN_ARRIVAL,LEISURE,2025-02-14,2025-02-25,1,37122.0,True
TRIP_a94fe05d86,U_c8d395f594,IN,IN_ARRIVAL,VFR,2026-01-24,2026-02-11,1,9731.0,False
TRIP_986e242a13,U_c8d395f594,IN,IN_ARRIVAL,LEISURE,2025-03-08,2025-03-23,1,12374.0,False
TRIP_c6a8f56fa7,U_c8d395f594,IN,IN_ARRIVAL,LEISURE,2025-11-19,2025-12-10,2,33735.0,False
TRIP_b3c2e75da5,U_2e1685de36,IN,IN_ARRIVAL,LEISURE,2026-03-07,2026-03-26,1,23022.0,True
TRIP_e6cbafc8e6,U_180a4982f0,IN,IN_ARRIVAL,LEISURE,2025-04-11,2025-04-19,1,23268.0,True
TRIP_47b44c0536,U_180a4982f0,IN,IN_ARRIVAL,LEISURE,2026-01-19,2026-02-04,2,61163.0,False
TRIP_c356fdabd3,U_24f52f3397,IN,IN_ARRIVAL,LEISURE,2025-02-05,2025-02-08,3,4707.0,True
TRIP_4c0bb49c01,U_1f08df92cb,IN,IN_ARRIVAL,VFR,2026-01-21,2026-02-06,4,26611.0,True
TRIP_72ef0b6d89,U_d9b1656cfd,IN,IN_ARRIVAL,LEISURE,2025-05-06,2025-05-23,2,41145.0,True
TRIP_77e942f437,U_d9e93ea050,IN,IN_ARRIVAL,VFR,2025-04-06,2025-04-10,3,17103.0,True
TRIP_8893922e20,U_d6dcd99009,IN,IN_ARRIVAL,MEDICAL,2026-03-14,2026-03-30,2,13711.0,True
TRIP_53cf79fb4d,U_d6dcd99009,IN,IN_ARRIVAL,VFR,2025-03-25,2025-04-15,2,17397.0,False
TRIP_1727c7229f,U_d6dcd99009,IN,IN_ARRIVAL,MEDICAL,2025-10-04,2025-10-18,4,2856.0,False
TRIP_f1db14babb,U_3eb65f1ada,IN,IN_ARRIVAL,LEISURE,2025-11-22,2025-11-25,1,5550.0,True
TRIP_db676e599a,U_3eb65f1ada,IN,IN_ARRIVAL,LEISURE,2025-01-11,2025-01-24,2,29002.0,False
TRIP_788f8f5d5f,U_93bf5c7d98,IN,IN_ARRIVAL,LEISURE,2025-02-06,2025-02-13,3,33203.0,True
TRIP_4582769c11,U_0908dff2a3,IN,IN_ARRIVAL,PILGRIMAGE,2024-12-08,2024-12-18,2,6982.0,True
TRIP_e59a8eb534,U_0908dff2a3,IN,IN_ARRIVAL,VFR,2026-02-25,2026-03-01,4,7048.0,True
TRIP_5c698b9fde,U_bc1284cc27,IN,IN_ARRIVAL,EDUCATION,2026-05-22,2026-06-08,4,12061.0,True
TRIP_ac7b944e7d,U_bc1284cc27,IN,IN_ARRIVAL,LEISURE,2026-02-11,2026-02-21,2,10478.0,False
TRIP_28ecf5387f,U_cd8028d166,IN,IN_ARRIVAL,EDUCATION,2024-12-31,2025-01-04,1,5188.0,True
TRIP_3f35a42fd6,U_3c4c2749d6,IN,IN_ARRIVAL,LEISURE,2025-07-21,2025-08-03,2,26101.0,True
TRIP_366bfafc55,U_3c4c2749d6,IN,IN_ARRIVAL,VFR,2026-06-29,2026-07-08,4,26569.0,False
TRIP_d620d938ea,U_3c4c2749d6,IN,IN_ARRIVAL,BUSINESS,2024-10-18,2024-10-26,4,31921.0,False
TRIP_2aadb6a3eb,U_b92976fbd4,IN,IN_ARRIVAL,LEISURE,2026-06-27,2026-07-08,4,9068.0,True
TRIP_ffcaceb6be,U_b92976fbd4,IN,IN_ARRIVAL,LEISURE,2025-11-09,2025-11-13,1,18430.0,True
TRIP_a40a8c1b10,U_4780ed9c57,IN,IN_ARRIVAL,MEDICAL,2026-04-26,2026-05-13,4,17563.0,True
TRIP_941b08c256,U_6285890c8f,IN,IN_ARRIVAL,LEISURE,2024-08-16,2024-08-28,2,9366.0,True
TRIP_82b7082889,U_6285890c8f,IN,IN_ARRIVAL,LEISURE,2025-12-19,2025-12-29,3,12188.0,False
TRIP_0aa0a8d535,U_6285890c8f,IN,IN_ARRIVAL,VFR,2024-10-19,2024-10-24,1,7216.0,False
TRIP_9e3fd0008f,U_60d7542665,IN,IN_ARRIVAL,PILGRIMAGE,2025-01-28,2025-02-04,4,10613.0,True
TRIP_3084be6173,U_60d7542665,IN,IN_ARRIVAL,VFR,2025-06-30,2025-07-18,1,3504.0,False
TRIP_60deb7861d,U_baece7cf3c,IN,IN_ARRIVAL,LEISURE,2024-11-03,2024-11-22,3,3888.0,True
TRIP_79f0ce6cd5,U_baece7cf3c,IN,IN_ARRIVAL,BUSINESS,2025-01-12,2025-01-27,1,21277.0,False
TRIP_9ec1d5e5c0,U_5d7bf18196,IN,IN_ARRIVAL,LEISURE,2025-12-20,2025-12-31,3,7945.0,True
TRIP_9caf100fc2,U_5d7bf18196,IN,IN_ARRIVAL,LEISURE,2024-11-07,2024-11-14,2,16839.0,False
TRIP_9679c8f656,U_5d7bf18196,IN,IN_ARRIVAL,EDUCATION,2024-11-07,2024-11-18,1,8347.0,False
TRIP_ab8a98666a,U_5d7bf18196,IN,IN_ARRIVAL,LEISURE,2026-04-11,2026-04-26,3,3176.0,False
TRIP_503db1ae9f,U_5d7bf18196,IN,IN_ARRIVAL,LEISURE,2024-09-21,2024-09-30,2,13467.0,False
TRIP_af3a45e720,U_125b481fb6,IN,IN_ARRIVAL,VFR,2025-09-10,2025-09-21,3,34317.0,True
TRIP_86f1a1cbf5,U_94bfa3445e,IN,IN_ARRIVAL,VFR,2026-05-08,2026-05-21,1,4708.0,True
TRIP_8faadec5fd,U_dd3142c05d,IN,IN_ARRIVAL,LEISURE,2025-11-17,2025-11-21,3,24407.0,True
TRIP_d6e8abd855,U_f2ca6bf1c6,IN,IN_ARRIVAL,BUSINESS,2024-10-03,2024-10-17,1,5913.0,True
TRIP_614c5b965d,U_f2ca6bf1c6,IN,IN_ARRIVAL,LEISURE,2025-10-09,2025-10-21,1,62683.0,False
TRIP_a1023e3c3e,U_f2ca6bf1c6,IN,IN_ARRIVAL,VFR,2025-11-25,2025-12-14,1,54844.0,False
TRIP_fe6fe75d23,U_f2ca6bf1c6,IN,IN_ARRIVAL,EVENT,2026-03-11,2026-03-22,4,15973.0,False
TRIP_1e4c0a0aa5,U_f2ca6bf1c6,IN,IN_ARRIVAL,PILGRIMAGE,2024-08-24,2024-08-27,1,10963.0,False
TRIP_e61ceea407,U_891dce48d6,IN,IN_ARRIVAL,BUSINESS,2025-09-08,2025-09-19,1,5353.0,True
TRIP_57058d87ce,U_891dce48d6,IN,IN_ARRIVAL,LEISURE,2026-01-31,2026-02-06,4,6341.0,False
TRIP_a299abe8ea,U_f11a007faa,IN,IN_ARRIVAL,BUSINESS,2025-04-27,2025-05-13,1,15048.0,True
TRIP_f649aa2d80,U_f11a007faa,IN,IN_ARRIVAL,EVENT,2024-08-22,2024-09-05,3,20786.0,False
TRIP_a0deba1033,U_9a0029c031,IN,IN_ARRIVAL,LEISURE,2024-08-29,2024-09-10,4,36072.0,True
TRIP_ad24fbe734,U_5f12e69430,IN,IN_ARRIVAL,BUSINESS,2026-05-14,2026-05-26,3,10653.0,True
TRIP_85cc343abd,U_5f12e69430,IN,IN_ARRIVAL,LEISURE,2024-09-16,2024-09-26,3,39005.0,False
TRIP_4b9c869a86,U_c25d40e4f0,IN,IN_ARRIVAL,EVENT,2025-10-24,2025-11-14,3,12821.0,True
TRIP_fd788c996f,U_c25d40e4f0,IN,IN_ARRIVAL,BUSINESS,2024-10-31,2024-11-18,1,29544.0,False
TRIP_a10986a433,U_c25d40e4f0,IN,IN_ARRIVAL,VFR,2025-11-21,2025-11-27,1,33746.0,False
TRIP_2f6bfdf8ad,U_69addf7409,IN,IN_ARRIVAL,LEISURE,2025-09-27,2025-10-03,2,9917.0,True
TRIP_6092abd1fb,U_8b36b8e35c,IN,IN_ARRIVAL,VFR,2026-02-10,2026-03-02,2,38961.0,True
TRIP_ebb2d12ebf,U_64d233a1b7,IN,IN_ARRIVAL,BUSINESS,2024-09-07,2024-09-26,2,32753.0,True
TRIP_e85f25663a,U_64d233a1b7,IN,IN_ARRIVAL,BUSINESS,2025-07-14,2025-07-22,1,42060.0,False
TRIP_6d0252194e,U_09ada1fa0a,IN,IN_ARRIVAL,LEISURE,2025-07-13,2025-07-29,4,11112.0,True
TRIP_f24d724f1a,U_34c7c25f57,IN,IN_ARRIVAL,LEISURE,2024-09-09,2024-09-26,1,10216.0,True
TRIP_77f9d6c19d,U_63e7d9c005,IN,IN_ARRIVAL,EVENT,2025-12-03,2025-12-07,4,20185.0,True
TRIP_70799d0a5a,U_27c369c266,IN,IN_ARRIVAL,TRANSIT,2025-03-12,2025-03-28,1,50950.0,True
TRIP_2bec9480f4,U_27c369c266,IN,IN_ARRIVAL,VFR,2024-09-28,2024-10-19,2,26352.0,False
TRIP_782b9e3561,U_27c369c266,IN,IN_ARRIVAL,MEDICAL,2024-12-25,2024-12-30,4,3347.0,False
TRIP_02208f8a09,U_d8975052fc,IN,IN_ARRIVAL,LEISURE,2026-02-26,2026-03-03,1,2059.0,True
TRIP_d323aca060,U_4af9dd764f,IN,IN_ARRIVAL,TRANSIT,2025-02-08,2025-02-17,4,11787.0,True
TRIP_a94a742249,U_4af9dd764f,IN,IN_ARRIVAL,LEISURE,2025-09-16,2025-09-21,3,16043.0,False
TRIP_7d9bf4fd54,U_84c2e7f9e0,IN,IN_ARRIVAL,MEDICAL,2024-08-19,2024-08-23,1,10898.0,True
TRIP_2d5923e364,U_51e1cf00f8,IN,IN_ARRIVAL,BUSINESS,2025-06-12,2025-06-21,3,8241.0,True
TRIP_b815fe63c5,U_66ea0dbbaa,IN,IN_ARRIVAL,VFR,2025-08-23,2025-09-13,4,14804.0,True
TRIP_7a7713a10b,U_66ea0dbbaa,IN,IN_ARRIVAL,EVENT,2026-01-28,2026-02-08,3,34013.0,True
TRIP_b3d60efcab,U_9322f71635,IN,IN_ARRIVAL,MEDICAL,2025-10-26,2025-11-07,3,38996.0,True
TRIP_f18b5196af,U_9322f71635,IN,IN_ARRIVAL,LEISURE,2026-06-07,2026-06-18,1,11496.0,False
TRIP_5ab0f49a3e,U_01ebc694de,IN,IN_ARRIVAL,BUSINESS,2024-08-15,2024-08-26,4,6595.0,True
TRIP_88a89e36b6,U_01ebc694de,IN,IN_ARRIVAL,EDUCATION,2025-01-26,2025-02-09,4,23228.0,False
TRIP_3f39199e28,U_96cf409199,IN,IN_ARRIVAL,MEDICAL,2025-01-15,2025-01-18,3,19358.0,True
TRIP_8eec93c3b1,U_974603c60c,IN,IN_ARRIVAL,PILGRIMAGE,2025-01-27,2025-02-11,3,38697.0,True
TRIP_4bc0557d69,U_974603c60c,IN,IN_ARRIVAL,TRANSIT,2024-10-11,2024-10-18,3,14303.0,False
TRIP_64cd615d3d,U_974603c60c,IN,IN_ARRIVAL,BUSINESS,2026-02-02,2026-02-13,1,17316.0,False
TRIP_c0bcd82700,U_974603c60c,IN,IN_ARRIVAL,LEISURE,2025-09-13,2025-09-25,1,8730.0,False
TRIP_aac8cb491e,U_ae79fcb90b,IN,IN_ARRIVAL,EDUCATION,2025-12-22,2025-12-25,3,41907.0,True
TRIP_163dbd21e8,U_da5ea754a4,IN,IN_ARRIVAL,MEDICAL,2025-12-10,2025-12-19,2,12430.0,True
TRIP_289040bf0b,U_da5ea754a4,IN,IN_ARRIVAL,TRANSIT,2025-12-12,2025-12-16,2,12498.0,False
TRIP_0ea9c046c5,U_da5ea754a4,IN,IN_ARRIVAL,VFR,2024-09-25,2024-10-02,1,16991.0,False
TRIP_2e83a18c6c,U_03802a0597,IN,IN_ARRIVAL,LEISURE,2026-05-27,2026-06-09,1,37983.0,True
TRIP_b7d12d0c76,U_4e57da631e,IN,IN_ARRIVAL,VFR,2025-01-15,2025-01-20,3,10037.0,True
TRIP_2a8aa4da76,U_d28ce41deb,IN,IN_ARRIVAL,VFR,2025-06-06,2025-06-22,3,4228.0,True
TRIP_bc874d2782,U_e969c297d4,IN,IN_ARRIVAL,LEISURE,2024-09-09,2024-09-30,3,13598.0,True
TRIP_b8c89a9a24,U_e969c297d4,IN,IN_ARRIVAL,LEISURE,2026-02-24,2026-03-11,1,7288.0,False
TRIP_8bb28e1ecd,U_3bfa41c4b7,IN,IN_ARRIVAL,LEISURE,2025-06-09,2025-06-30,4,3199.0,True
TRIP_029f93dd77,U_3bfa41c4b7,IN,IN_ARRIVAL,LEISURE,2024-10-02,2024-10-20,2,8510.0,False
TRIP_2d8dc05cf4,U_e5db5209a7,IN,IN_ARRIVAL,VFR,2024-10-21,2024-11-02,3,16232.0,True
TRIP_73b202b246,U_e5db5209a7,IN,IN_ARRIVAL,LEISURE,2025-07-31,2025-08-13,4,39114.0,False
TRIP_be6764e746,U_4ccb99d037,IN,IN_ARRIVAL,LEISURE,2025-10-19,2025-11-09,1,17138.0,True
TRIP_cc9c340e5c,U_e6233b3140,IN,IN_ARRIVAL,VFR,2026-01-27,2026-02-03,3,10485.0,True
TRIP_5d17e64c2b,U_a420178e71,IN,IN_ARRIVAL,BUSINESS,2025-10-06,2025-10-14,3,23867.0,True
TRIP_ea77f34e02,U_e34f3ac711,IN,IN_ARRIVAL,PILGRIMAGE,2025-10-23,2025-11-07,1,17250.0,True
TRIP_5671b3b5af,U_664b8bf6c4,IN,IN_ARRIVAL,LEISURE,2025-09-24,2025-10-15,2,5424.0,True
TRIP_03423ed8f7,U_9eb0990b28,IN,IN_ARRIVAL,LEISURE,2025-09-30,2025-10-05,3,3961.0,True
TRIP_4e1c3da7be,U_8e821413c1,IN,IN_ARRIVAL,BUSINESS,2026-06-21,2026-07-11,2,12102.0,True
TRIP_7d17f8ca8e,U_8e821413c1,IN,IN_ARRIVAL,TRANSIT,2025-08-21,2025-09-11,1,20436.0,False
TRIP_619b411b15,U_c84db8599c,IN,IN_ARRIVAL,BUSINESS,2025-04-14,2025-05-02,1,17465.0,True
TRIP_8b6ae1217f,U_c6386d04c5,IN,IN_ARRIVAL,TRANSIT,2024-08-21,2024-08-29,1,29227.0,True
TRIP_beaae3f72a,U_6962825919,IN,IN_ARRIVAL,PILGRIMAGE,2025-05-09,2025-05-19,3,102659.0,True
TRIP_a1573d469b,U_6962825919,IN,IN_ARRIVAL,LEISURE,2026-04-16,2026-05-03,1,20491.0,False
TRIP_f715eb5100,U_a6139081a5,IN,IN_ARRIVAL,LEISURE,2024-12-13,2024-12-21,1,3723.0,True
TRIP_14108995ca,U_a6139081a5,IN,IN_ARRIVAL,VFR,2026-03-30,2026-04-05,3,12033.0,True
TRIP_616aa6b039,U_65b66aaf14,IN,IN_ARRIVAL,VFR,2024-09-25,2024-09-29,3,22668.0,True
TRIP_0bda9ffd51,U_65b66aaf14,IN,IN_ARRIVAL,PILGRIMAGE,2024-11-14,2024-11-27,1,25457.0,False
TRIP_382f89c374,U_65b66aaf14,IN,IN_ARRIVAL,EVENT,2024-08-19,2024-08-31,3,15503.0,False
TRIP_1ecfd21723,U_65b66aaf14,IN,IN_ARRIVAL,LEISURE,2024-09-12,2024-10-01,1,29123.0,False
TRIP_bf8e98442a,U_73af6a1cba,IN,IN_ARRIVAL,MEDICAL,2025-10-24,2025-11-09,4,13451.0,True
TRIP_c22a6a3c9a,U_0abbff8a63,IN,IN_ARRIVAL,VFR,2026-01-01,2026-01-13,1,5785.0,True
TRIP_132016bc3d,U_0abbff8a63,IN,IN_ARRIVAL,BUSINESS,2024-09-06,2024-09-27,2,4857.0,False
TRIP_7997a58754,U_0abbff8a63,IN,IN_ARRIVAL,EDUCATION,2024-12-25,2025-01-10,2,50832.0,False
TRIP_8d4d654c4e,U_2344e51c05,IN,IN_ARRIVAL,TRANSIT,2025-07-14,2025-07-23,3,31415.0,True
TRIP_5c12f96e02,U_eb0d670da6,IN,IN_ARRIVAL,MEDICAL,2025-04-28,2025-05-18,3,24633.0,True
TRIP_f0f3d4d067,U_eb0d670da6,IN,IN_ARRIVAL,BUSINESS,2025-02-01,2025-02-19,1,15543.0,False
TRIP_6870f0398a,U_eb0d670da6,IN,IN_ARRIVAL,LEISURE,2025-02-12,2025-03-04,4,49992.0,False
TRIP_9ba92e66c3,U_eb0d670da6,IN,IN_ARRIVAL,VFR,2025-01-29,2025-02-01,3,59134.0,False
TRIP_a8fcfecce6,U_eb0d670da6,IN,IN_ARRIVAL,LEISURE,2025-07-25,2025-08-06,1,22738.0,False
TRIP_8e1c828daa,U_0f7931d505,IN,IN_ARRIVAL,BUSINESS,2026-03-30,2026-04-11,4,938.0,True
TRIP_eea5537f1b,U_0f7931d505,IN,IN_ARRIVAL,BUSINESS,2025-03-03,2025-03-17,2,14010.0,True
TRIP_e3e0eed832,U_0f7931d505,IN,IN_ARRIVAL,LEISURE,2026-04-20,2026-04-27,2,26911.0,True
TRIP_332e4021d7,U_da5b2942c4,IN,IN_ARRIVAL,TRANSIT,2024-12-29,2025-01-12,1,12960.0,True
TRIP_2327d6cab8,U_7fe779fe72,IN,IN_ARRIVAL,LEISURE,2025-11-16,2025-12-03,2,16023.0,True
TRIP_800ea6eaf6,U_5519906316,IN,IN_ARRIVAL,MEDICAL,2025-03-29,2025-04-18,2,32122.0,True
TRIP_1f49c1cc0c,U_26820a7c41,IN,IN_ARRIVAL,LEISURE,2026-06-21,2026-06-29,2,5383.0,True
TRIP_3cd2a7326f,U_26820a7c41,IN,IN_ARRIVAL,LEISURE,2025-04-23,2025-05-08,3,32754.0,False
TRIP_431167e4e6,U_5a63640718,IN,IN_ARRIVAL,BUSINESS,2026-01-03,2026-01-23,4,5723.0,True
TRIP_c3ceec3b9b,U_b0dd43469a,IN,IN_ARRIVAL,LEISURE,2025-11-13,2025-11-22,1,34101.0,True
TRIP_14da73ba09,U_cdb232a178,IN,IN_ARRIVAL,PILGRIMAGE,2025-12-24,2026-01-12,4,42724.0,True
TRIP_3218d3c425,U_4c17fcd96a,IN,IN_ARRIVAL,LEISURE,2026-04-17,2026-04-25,3,57329.0,True
TRIP_378001eda6,U_4c17fcd96a,IN,IN_ARRIVAL,LEISURE,2025-05-07,2025-05-18,1,8225.0,False
TRIP_3913a42add,U_4c17fcd96a,IN,IN_ARRIVAL,LEISURE,2025-02-08,2025-02-23,3,40182.0,False
TRIP_86f8fdec49,U_c7549ab31e,IN,IN_ARRIVAL,VFR,2025-06-28,2025-07-13,3,35443.0,True
TRIP_b6008cee7d,U_c7549ab31e,IN,IN_ARRIVAL,VFR,2025-05-06,2025-05-24,1,11668.0,False
TRIP_8aed5f3178,U_ade0efd87f,IN,IN_ARRIVAL,LEISURE,2025-04-25,2025-05-02,4,11109.0,True
TRIP_8147eccd84,U_4e03babc16,IN,IN_ARRIVAL,LEISURE,2026-06-02,2026-06-08,3,3330.0,True
TRIP_cbb069ac9e,U_9b20abae92,IN,IN_ARRIVAL,EDUCATION,2025-06-12,2025-06-24,1,11845.0,True
TRIP_378d6f8d02,U_d52d23d95e,IN,IN_ARRIVAL,LEISURE,2025-06-08,2025-06-19,1,9194.0,True
TRIP_f10e2cd636,U_60bdae566d,IN,IN_ARRIVAL,EVENT,2025-12-02,2025-12-18,1,2867.0,True
TRIP_589bbbba96,U_7bff13a45f,IN,IN_ARRIVAL,LEISURE,2025-08-01,2025-08-06,1,8639.0,True
TRIP_67116355f7,U_a868d00f0d,IN,IN_ARRIVAL,MEDICAL,2025-05-04,2025-05-22,3,11100.0,True
TRIP_24e7e7cdd6,U_219f341b39,IN,IN_ARRIVAL,LEISURE,2025-09-15,2025-09-30,2,11440.0,True
TRIP_b6d30b0da4,U_34a194ed0d,IN,IN_ARRIVAL,LEISURE,2025-07-03,2025-07-23,1,6815.0,True
TRIP_05420fdbca,U_adf4f0b5fb,IN,IN_ARRIVAL,LEISURE,2025-08-06,2025-08-15,1,5094.0,True
TRIP_f08ee78170,U_adf4f0b5fb,IN,IN_ARRIVAL,BUSINESS,2025-04-27,2025-05-08,3,13494.0,False
TRIP_eff2701f1d,U_3b00602e41,IN,IN_ARRIVAL,LEISURE,2026-03-21,2026-03-27,4,8845.0,True
TRIP_4090af872c,U_8600f69cf0,IN,IN_ARRIVAL,LEISURE,2025-05-29,2025-06-18,3,10656.0,True
TRIP_b5833fbc2c,U_29a5304743,IN,IN_ARRIVAL,LEISURE,2025-05-22,2025-06-11,4,1485.0,True
TRIP_dbf9a62ed6,U_29a5304743,IN,IN_ARRIVAL,VFR,2025-08-19,2025-09-08,4,11983.0,False
TRIP_f17792be58,U_254b9a2c84,IN,IN_ARRIVAL,VFR,2024-12-15,2024-12-31,1,13513.0,True
TRIP_e79e2c8006,U_254b9a2c84,IN,IN_ARRIVAL,VFR,2024-11-06,2024-11-12,2,22727.0,False
TRIP_e6baac94d0,U_024cd5005a,IN,IN_ARRIVAL,LEISURE,2025-09-15,2025-10-01,2,36009.0,True
TRIP_5f1f29bade,U_fd4df7a0b6,IN,IN_ARRIVAL,LEISURE,2024-12-12,2025-01-01,2,55792.0,True
TRIP_725cad9f93,U_fd4df7a0b6,IN,IN_ARRIVAL,LEISURE,2026-05-30,2026-06-16,2,7622.0,False
TRIP_42a0b68378,U_fd4df7a0b6,IN,IN_ARRIVAL,VFR,2026-05-28,2026-06-12,1,15010.0,False
TRIP_f9d81db535,U_2a96cbf488,IN,IN_ARRIVAL,EDUCATION,2025-06-30,2025-07-21,1,2122.0,True
TRIP_837f8af332,U_2a96cbf488,IN,IN_ARRIVAL,LEISURE,2026-05-30,2026-06-18,1,170469.0,False
TRIP_904f731ef5,U_d0de6557b9,IN,IN_ARRIVAL,LEISURE,2024-08-31,2024-09-03,3,17592.0,True
TRIP_3fbfaf4a24,U_8a5c3917bb,IN,IN_ARRIVAL,LEISURE,2026-05-23,2026-05-27,3,8626.0,True
TRIP_bef4c76d45,U_415cae3184,IN,IN_ARRIVAL,LEISURE,2025-01-13,2025-01-30,4,88733.0,True
TRIP_b7f047acec,U_415cae3184,IN,IN_ARRIVAL,PILGRIMAGE,2024-10-25,2024-11-10,1,16937.0,False
TRIP_b0ae9e3c90,U_d20ff585df,IN,IN_ARRIVAL,MEDICAL,2026-03-19,2026-03-29,3,5062.0,True
TRIP_a3d8920af3,U_dd81c50dc8,IN,IN_ARRIVAL,LEISURE,2025-05-15,2025-06-03,3,37381.0,True
TRIP_bc21b96d75,U_dd81c50dc8,IN,IN_ARRIVAL,BUSINESS,2024-10-25,2024-10-30,1,5482.0,False
TRIP_dc79c93621,U_76a8b2c5ec,IN,IN_ARRIVAL,LEISURE,2025-07-26,2025-08-16,4,6294.0,True
TRIP_a7bf551dba,U_76a8b2c5ec,IN,IN_ARRIVAL,VFR,2025-10-10,2025-10-17,1,5646.0,False
TRIP_0b4778c0a7,U_654e19f018,IN,IN_ARRIVAL,LEISURE,2026-06-03,2026-06-15,4,24232.0,True
TRIP_f38b3745b4,U_654e19f018,IN,IN_ARRIVAL,BUSINESS,2025-09-01,2025-09-15,1,58560.0,False
TRIP_24ce88b449,U_654e19f018,IN,IN_ARRIVAL,LEISURE,2025-09-06,2025-09-16,1,9962.0,False
TRIP_a545923809,U_654e19f018,IN,IN_ARRIVAL,TRANSIT,2026-02-24,2026-03-09,1,3483.0,False
TRIP_81986e8ccd,U_8abc2fab8f,IN,IN_ARRIVAL,LEISURE,2025-02-10,2025-02-17,4,15083.0,True
TRIP_0a989fd91b,U_8abc2fab8f,IN,IN_ARRIVAL,LEISURE,2026-06-08,2026-06-27,4,6586.0,False
TRIP_c60ab945b9,U_8abc2fab8f,IN,IN_ARRIVAL,LEISURE,2026-01-19,2026-01-24,4,3669.0,False
TRIP_d9cc12ea9a,U_7d8fbd2a7f,IN,IN_ARRIVAL,MEDICAL,2025-02-12,2025-02-20,1,3973.0,True
TRIP_da45c47099,U_7d8fbd2a7f,IN,IN_ARRIVAL,MEDICAL,2025-02-05,2025-02-25,2,14451.0,False
TRIP_f0ce072273,U_7d8fbd2a7f,IN,IN_ARRIVAL,TRANSIT,2024-12-24,2025-01-05,2,41946.0,False
TRIP_2fe5e2ddf0,U_7d8fbd2a7f,IN,IN_ARRIVAL,MEDICAL,2025-02-25,2025-03-09,2,12864.0,False
TRIP_4fe912785e,U_e296d4800d,IN,IN_ARRIVAL,LEISURE,2025-01-04,2025-01-14,4,3562.0,True
TRIP_361f85f70b,U_1b755f266a,IN,IN_ARRIVAL,LEISURE,2024-08-18,2024-08-24,1,36168.0,True
TRIP_9a47b9ff43,U_1b755f266a,IN,IN_ARRIVAL,LEISURE,2025-01-29,2025-02-05,3,12259.0,False
TRIP_9119d81415,U_6b7b43ae9b,IN,IN_ARRIVAL,LEISURE,2025-07-12,2025-07-17,1,38053.0,True
TRIP_b00f9c4f26,U_712fbef1b1,IN,IN_ARRIVAL,LEISURE,2026-04-24,2026-05-08,4,19405.0,True
TRIP_0828ca99b6,U_712fbef1b1,IN,IN_ARRIVAL,VFR,2025-05-27,2025-06-03,3,21130.0,False
TRIP_b3f6e6db1b,U_87e58f9472,IN,IN_ARRIVAL,LEISURE,2026-03-21,2026-04-01,1,3535.0,True
TRIP_f2a15e4ad6,U_87e58f9472,IN,IN_ARRIVAL,LEISURE,2026-02-10,2026-02-22,3,8574.0,False
TRIP_f4014dabca,U_c09e012b09,IN,IN_ARRIVAL,PILGRIMAGE,2024-09-03,2024-09-15,4,5890.0,True
TRIP_682a6103a1,U_15d96b4cc1,IN,IN_ARRIVAL,MEDICAL,2026-06-05,2026-06-18,3,14752.0,True
TRIP_84cef410b8,U_15d96b4cc1,IN,IN_ARRIVAL,PILGRIMAGE,2026-02-24,2026-03-05,4,4148.0,False
TRIP_b232f1d932,U_15d96b4cc1,IN,IN_ARRIVAL,LEISURE,2025-05-04,2025-05-18,1,26042.0,False
TRIP_095920ffc5,U_b85a98922c,IN,IN_ARRIVAL,LEISURE,2025-01-16,2025-01-21,1,20174.0,True
TRIP_8122444a84,U_abb01f5f61,IN,IN_ARRIVAL,LEISURE,2024-12-25,2025-01-09,1,27998.0,True
TRIP_3c449eb0ea,U_abb01f5f61,IN,IN_ARRIVAL,BUSINESS,2026-05-24,2026-05-27,1,18718.0,False
TRIP_b3546bc634,U_6e54119148,IN,IN_ARRIVAL,LEISURE,2025-12-10,2025-12-29,3,9813.0,True
TRIP_f9e465e75c,U_6e54119148,IN,IN_ARRIVAL,LEISURE,2025-11-05,2025-11-23,2,9879.0,False
TRIP_37ca8da4b7,U_bfd58f8812,IN,IN_ARRIVAL,LEISURE,2025-09-19,2025-10-01,1,72827.0,True
TRIP_149df9729a,U_a85edcc9e9,IN,IN_ARRIVAL,EDUCATION,2025-10-02,2025-10-14,3,72306.0,True
TRIP_edb3550dcf,U_a85edcc9e9,IN,IN_ARRIVAL,TRANSIT,2025-03-26,2025-04-08,1,5889.0,False
TRIP_38928043be,U_b8be9c0578,IN,IN_ARRIVAL,PILGRIMAGE,2025-07-06,2025-07-10,2,17672.0,True
TRIP_0e41ff6e5d,U_a21a496aa2,IN,IN_ARRIVAL,LEISURE,2024-10-24,2024-11-03,3,13841.0,True
TRIP_1ec906c233,U_dac5b0bdd3,IN,IN_ARRIVAL,LEISURE,2026-05-07,2026-05-25,3,37224.0,True
TRIP_49532fedd9,U_ead4c766cf,IN,IN_ARRIVAL,LEISURE,2025-04-14,2025-04-25,2,11703.0,True
TRIP_d99e3afe45,U_31ee18755f,IN,IN_ARRIVAL,BUSINESS,2025-05-18,2025-06-04,1,25451.0,True
TRIP_760f0ce297,U_a117d06650,IN,IN_ARRIVAL,MEDICAL,2024-10-20,2024-11-05,4,20799.0,True
TRIP_cf0ea788a5,U_a117d06650,IN,IN_ARRIVAL,LEISURE,2026-05-22,2026-06-11,3,6482.0,False
TRIP_8068d6e09a,U_7589b94041,IN,IN_ARRIVAL,LEISURE,2025-09-25,2025-10-06,2,16789.0,True
TRIP_2f88e85e8d,U_7589b94041,IN,IN_ARRIVAL,LEISURE,2026-01-17,2026-01-30,3,33467.0,False
TRIP_91b34b0b61,U_bdf7d708df,IN,IN_ARRIVAL,LEISURE,2024-10-18,2024-11-05,3,17187.0,True
TRIP_62b988cb03,U_dfc9bf99ab,IN,IN_ARRIVAL,BUSINESS,2026-01-30,2026-02-14,1,60556.0,True
TRIP_dd2d0bd663,U_95f5f0b30f,IN,IN_ARRIVAL,LEISURE,2024-11-21,2024-12-09,3,38710.0,True
TRIP_3122e4af5d,U_fbffa8ac6c,IN,IN_ARRIVAL,LEISURE,2026-03-24,2026-04-07,2,9593.0,True
TRIP_7161686dd0,U_3cb065ae7d,IN,IN_ARRIVAL,BUSINESS,2024-12-15,2024-12-31,2,8552.0,True
TRIP_c7192806e8,U_3cb065ae7d,IN,IN_ARRIVAL,LEISURE,2026-04-23,2026-05-11,4,8269.0,False
TRIP_b2fadf7902,U_3cb065ae7d,IN,IN_ARRIVAL,VFR,2025-09-24,2025-10-11,1,115271.0,False
TRIP_af159c75c8,U_63821ddeea,IN,IN_ARRIVAL,BUSINESS,2025-02-15,2025-03-07,2,43315.0,True
TRIP_a2ff78496b,U_95d68f5bf2,IN,IN_ARRIVAL,EDUCATION,2025-03-13,2025-03-26,3,8950.0,True
TRIP_28bcdffea2,U_95d68f5bf2,IN,IN_ARRIVAL,LEISURE,2025-04-03,2025-04-24,4,12961.0,False
TRIP_cd897b5c48,U_4c6b915aef,IN,IN_ARRIVAL,VFR,2024-10-04,2024-10-16,4,35826.0,True
TRIP_04293c0989,U_4c6b915aef,IN,IN_ARRIVAL,LEISURE,2025-01-22,2025-02-09,3,10760.0,False
TRIP_b39384704f,U_4c6b915aef,IN,IN_ARRIVAL,VFR,2024-12-08,2024-12-27,2,4141.0,False
TRIP_964a9a5da7,U_4e19d062f2,IN,IN_ARRIVAL,LEISURE,2024-11-24,2024-12-07,1,16416.0,True
TRIP_95176bca3a,U_e827197530,IN,IN_ARRIVAL,LEISURE,2025-10-08,2025-10-24,2,18372.0,True
TRIP_432caa0fba,U_e827197530,IN,IN_ARRIVAL,EDUCATION,2024-11-22,2024-12-05,4,3880.0,False
TRIP_d7fafbc7bb,U_097064a047,IN,IN_ARRIVAL,LEISURE,2026-02-12,2026-03-05,1,14615.0,True
TRIP_e5a405e3f9,U_4f6aef0be3,IN,IN_ARRIVAL,TRANSIT,2026-06-08,2026-06-11,1,16491.0,True
TRIP_498b236a29,U_f318465535,IN,IN_ARRIVAL,VFR,2025-09-15,2025-10-01,2,5759.0,True
TRIP_9c85213fdf,U_f318465535,IN,IN_ARRIVAL,PILGRIMAGE,2024-10-15,2024-10-27,1,9163.0,False
TRIP_0a9f2c618f,U_7f1828c813,IN,IN_ARRIVAL,LEISURE,2025-03-14,2025-03-28,3,2706.0,True
TRIP_d9cc628421,U_b5eba49157,IN,IN_ARRIVAL,MEDICAL,2024-11-13,2024-11-16,1,16268.0,True
TRIP_7a22e519ed,U_b5eba49157,IN,IN_ARRIVAL,VFR,2025-12-22,2025-12-27,1,16775.0,False
TRIP_9478c99364,U_5ae85a4927,IN,IN_ARRIVAL,LEISURE,2025-05-16,2025-05-22,3,20245.0,True
TRIP_36a5dcdd43,U_5ae85a4927,IN,IN_ARRIVAL,LEISURE,2025-06-18,2025-06-23,4,23302.0,False
TRIP_123b39ccfa,U_f119174541,IN,IN_ARRIVAL,LEISURE,2024-12-04,2024-12-23,2,11801.0,True
TRIP_a3a31f66f5,U_936ccb8b05,IN,IN_ARRIVAL,LEISURE,2026-02-07,2026-02-17,3,9463.0,True
TRIP_2d8a7ef8e9,U_6e9cb6d719,IN,IN_ARRIVAL,VFR,2025-09-09,2025-09-30,4,10104.0,True
TRIP_3a6e4f806e,U_6e9cb6d719,IN,IN_ARRIVAL,BUSINESS,2024-12-13,2024-12-18,1,22980.0,False
TRIP_4891fc158f,U_f977e580b7,IN,IN_ARRIVAL,EDUCATION,2025-09-05,2025-09-08,1,3857.0,True
TRIP_07b81d5ed4,U_f977e580b7,IN,IN_ARRIVAL,BUSINESS,2025-11-14,2025-11-22,3,2805.0,False
TRIP_fa40816d4d,U_63d2c50ac7,IN,IN_ARRIVAL,LEISURE,2024-11-17,2024-11-26,2,23315.0,True
TRIP_e4affccf19,U_2e931d8bc3,IN,IN_ARRIVAL,EVENT,2026-05-21,2026-05-29,2,9677.0,True
TRIP_1d0c3a85cc,U_2e931d8bc3,IN,IN_ARRIVAL,VFR,2025-05-13,2025-05-23,1,14635.0,False
TRIP_0412b6e9cb,U_f4eb731e22,IN,IN_ARRIVAL,EVENT,2025-07-02,2025-07-18,4,7689.0,True
TRIP_77850bf3af,U_f4eb731e22,IN,IN_ARRIVAL,EDUCATION,2024-12-28,2025-01-14,2,7651.0,False
TRIP_c1a6db38dc,U_927203cfee,IN,IN_ARRIVAL,EVENT,2025-03-30,2025-04-20,4,17012.0,True
TRIP_37ab24c4eb,U_deb8f1046f,IN,IN_ARRIVAL,EDUCATION,2025-11-16,2025-11-26,4,10382.0,True
TRIP_74caa2cefb,U_deb8f1046f,IN,IN_ARRIVAL,LEISURE,2024-12-24,2025-01-08,1,1378.0,False
TRIP_1bff00d9c9,U_9699fa7545,IN,IN_ARRIVAL,BUSINESS,2026-01-06,2026-01-16,3,13195.0,True
TRIP_21b949c262,U_fdc1d8fcde,IN,IN_ARRIVAL,LEISURE,2025-04-11,2025-04-27,4,7097.0,True
TRIP_a16a86d22e,U_fdc1d8fcde,IN,IN_ARRIVAL,LEISURE,2025-07-18,2025-07-27,3,34361.0,False
TRIP_438f54be41,U_7b338616c8,IN,IN_ARRIVAL,LEISURE,2025-04-07,2025-04-17,1,7549.0,True
TRIP_63c03b4d76,U_e09a1c8473,IN,IN_ARRIVAL,PILGRIMAGE,2025-02-03,2025-02-07,2,4244.0,True
TRIP_c1b3ab9dba,U_e265908e37,IN,IN_ARRIVAL,LEISURE,2025-02-27,2025-03-04,1,8583.0,True
TRIP_12f08385c3,U_e265908e37,IN,IN_ARRIVAL,EDUCATION,2024-08-16,2024-08-28,1,20130.0,False
TRIP_c24ecef99b,U_309a406936,IN,IN_ARRIVAL,EVENT,2026-05-01,2026-05-16,4,12822.0,True
TRIP_512fbd7c08,U_9a3ccea822,IN,IN_ARRIVAL,LEISURE,2026-04-01,2026-04-18,3,47091.0,True
TRIP_3b27a08578,U_9a3ccea822,IN,IN_ARRIVAL,VFR,2025-01-22,2025-01-29,1,11694.0,False
TRIP_34d1d65f01,U_9a3ccea822,IN,IN_ARRIVAL,LEISURE,2025-09-23,2025-09-29,1,35694.0,False
TRIP_c9719b9bc8,U_9a3ccea822,IN,IN_ARRIVAL,LEISURE,2024-12-18,2025-01-04,2,10163.0,False
TRIP_c1f56f70a9,U_cda066b104,IN,IN_ARRIVAL,BUSINESS,2025-09-27,2025-10-09,4,48213.0,True
TRIP_8809b3802c,U_b4f74d69ac,IN,IN_ARRIVAL,BUSINESS,2024-10-28,2024-10-31,3,4541.0,True
TRIP_a8819b7e23,U_6325fbaf4c,IN,IN_ARRIVAL,MEDICAL,2025-10-23,2025-11-07,4,33891.0,True
TRIP_a9da066d35,U_6325fbaf4c,IN,IN_ARRIVAL,EDUCATION,2025-06-07,2025-06-11,3,2846.0,False
TRIP_21cf573a67,U_6325fbaf4c,IN,IN_ARRIVAL,LEISURE,2026-03-21,2026-04-04,3,7564.0,False
TRIP_234b7b6057,U_792806376e,IN,IN_ARRIVAL,TRANSIT,2024-11-17,2024-11-25,3,10800.0,True
TRIP_45014ad512,U_c3aeac86de,IN,IN_ARRIVAL,LEISURE,2025-11-05,2025-11-17,3,4773.0,True
TRIP_136d518b06,U_c3aeac86de,IN,IN_ARRIVAL,BUSINESS,2026-07-09,2026-07-17,1,7101.0,False
TRIP_36f57c2bca,U_8b8ee9f4fc,IN,IN_ARRIVAL,BUSINESS,2025-04-28,2025-05-19,1,4852.0,True
TRIP_d1d473cefa,U_8b8ee9f4fc,IN,IN_ARRIVAL,VFR,2026-05-19,2026-06-02,4,7582.0,False
TRIP_887acd7389,U_096f0caaf8,IN,IN_ARRIVAL,LEISURE,2026-06-26,2026-07-03,3,13388.0,True
TRIP_8266c91b39,U_1c829ddff9,IN,IN_ARRIVAL,LEISURE,2024-12-29,2025-01-17,2,25824.0,True
TRIP_4cb017ec51,U_85fd58f032,IN,IN_ARRIVAL,EDUCATION,2025-09-17,2025-09-22,2,27412.0,True
TRIP_a727970862,U_c0034e1ef8,IN,IN_ARRIVAL,LEISURE,2024-09-07,2024-09-28,2,20083.0,True
TRIP_1d9be7b316,U_0bbcf1d678,IN,IN_ARRIVAL,LEISURE,2024-08-30,2024-09-07,2,64467.0,True
TRIP_aa6d2cdb9a,U_97c456f49a,IN,IN_ARRIVAL,LEISURE,2025-02-28,2025-03-11,4,69193.0,True
TRIP_22f180b574,U_07695a9fee,IN,IN_ARRIVAL,EVENT,2024-09-10,2024-09-22,2,7127.0,True
TRIP_aa49b1a76f,U_6bd39a9b9a,IN,IN_ARRIVAL,LEISURE,2026-04-01,2026-04-14,3,10800.0,True
TRIP_f223c269cc,U_07e687b64f,IN,IN_ARRIVAL,LEISURE,2024-12-14,2024-12-25,2,34616.0,True
TRIP_66c4f8e4c5,U_7bb6fd6cf8,IN,IN_ARRIVAL,VFR,2025-09-29,2025-10-04,1,23923.0,True
TRIP_f6c63e66f1,U_efc93e8a4b,IN,IN_ARRIVAL,BUSINESS,2025-07-09,2025-07-14,2,8941.0,True
TRIP_70c3a96528,U_75cdb46954,IN,IN_ARRIVAL,EVENT,2025-11-19,2025-12-05,3,18917.0,True
TRIP_ffed2ed96a,U_75cdb46954,IN,IN_ARRIVAL,LEISURE,2024-08-28,2024-09-11,4,5995.0,False
TRIP_0c68eb10a2,U_65e250d2e1,IN,IN_ARRIVAL,PILGRIMAGE,2025-02-06,2025-02-13,4,23947.0,True
TRIP_1308e6dc79,U_be6cabb853,IN,IN_ARRIVAL,VFR,2024-10-21,2024-11-08,3,13026.0,True
TRIP_3d9ddd5e65,U_644d6d8653,IN,IN_ARRIVAL,BUSINESS,2024-08-22,2024-08-30,1,32540.0,True
TRIP_bc740079e2,U_7798edbc80,IN,IN_ARRIVAL,BUSINESS,2025-11-13,2025-11-25,4,34240.0,True
TRIP_93fefb3f28,U_3b164d1662,IN,IN_ARRIVAL,MEDICAL,2026-05-27,2026-06-12,4,12822.0,True
TRIP_1ec2bee4fe,U_49a66b523d,IN,IN_ARRIVAL,MEDICAL,2025-07-12,2025-07-31,4,10231.0,True
TRIP_a1d2976912,U_49a66b523d,IN,IN_ARRIVAL,EDUCATION,2025-01-05,2025-01-22,4,25367.0,False
TRIP_fd00f05339,U_72664c1889,IN,IN_ARRIVAL,LEISURE,2026-03-30,2026-04-03,2,8176.0,True
TRIP_2fa70a468b,U_72664c1889,IN,IN_ARRIVAL,EVENT,2025-04-11,2025-04-15,2,7665.0,False
TRIP_13ae5fb1e6,U_72664c1889,IN,IN_ARRIVAL,VFR,2025-04-21,2025-05-08,2,3562.0,False
TRIP_8e10b74608,U_72664c1889,IN,IN_ARRIVAL,LEISURE,2026-04-13,2026-04-26,3,7697.0,False
TRIP_47b5a80124,U_b8e60270e0,IN,IN_ARRIVAL,VFR,2025-05-04,2025-05-11,2,24550.0,True
TRIP_310c809bff,U_b8e60270e0,IN,IN_ARRIVAL,LEISURE,2025-03-15,2025-03-21,4,13153.0,False
TRIP_360cda8600,U_f53cfe4725,IN,IN_ARRIVAL,MEDICAL,2026-07-11,2026-07-15,4,13183.0,True
TRIP_09eb7beb76,U_f53cfe4725,IN,IN_ARRIVAL,VFR,2025-01-22,2025-02-06,2,8682.0,False
TRIP_827dcd8940,U_f53cfe4725,IN,IN_ARRIVAL,VFR,2025-04-09,2025-04-22,3,26363.0,False
TRIP_aebb4b3b12,U_a5f613b9a7,IN,IN_ARRIVAL,LEISURE,2025-09-10,2025-09-20,1,5418.0,True
TRIP_f99b2d9f13,U_a5f613b9a7,IN,IN_ARRIVAL,VFR,2025-08-16,2025-08-20,2,9011.0,False
TRIP_ee6ff7c06e,U_5291859d70,IN,IN_ARRIVAL,BUSINESS,2025-04-18,2025-04-28,4,13692.0,True
TRIP_35c5f1508e,U_5291859d70,IN,IN_ARRIVAL,LEISURE,2025-10-27,2025-11-07,1,13888.0,False
TRIP_1d5dc11b59,U_d2cb97de6b,IN,IN_ARRIVAL,LEISURE,2025-09-21,2025-09-26,4,28208.0,True
TRIP_4221f0d54b,U_d2cb97de6b,IN,IN_ARRIVAL,EVENT,2025-06-24,2025-07-06,3,10479.0,False
TRIP_6fc813b372,U_4c62439215,IN,IN_ARRIVAL,EDUCATION,2025-10-03,2025-10-12,3,29048.0,True
TRIP_35ad638fd7,U_21f90cf278,IN,IN_ARRIVAL,BUSINESS,2024-10-27,2024-10-31,3,17298.0,True
TRIP_ad24a1eb92,U_21f90cf278,IN,IN_ARRIVAL,BUSINESS,2024-12-24,2025-01-03,2,8670.0,False
TRIP_efd1886348,U_21f90cf278,IN,IN_ARRIVAL,PILGRIMAGE,2025-06-06,2025-06-17,2,5265.0,False
TRIP_0fe756ceb5,U_90597eb727,IN,IN_ARRIVAL,LEISURE,2025-12-20,2025-12-25,2,27984.0,True
TRIP_702a60f587,U_90597eb727,IN,IN_ARRIVAL,LEISURE,2025-01-26,2025-02-08,3,13070.0,False
TRIP_668a086dfe,U_62c50a3a6f,IN,IN_ARRIVAL,LEISURE,2024-12-12,2025-01-02,4,18651.0,True
TRIP_5b54c93d89,U_4c31d22c04,IN,IN_ARRIVAL,LEISURE,2025-06-12,2025-06-18,2,12913.0,True
TRIP_392872d1ab,U_c46bd8e621,IN,IN_ARRIVAL,LEISURE,2025-03-17,2025-04-01,2,30026.0,True
TRIP_3e16b8b2c9,U_c46bd8e621,IN,IN_ARRIVAL,VFR,2026-01-30,2026-02-12,3,38436.0,False
TRIP_645cbe9fb8,U_df04568734,IN,IN_ARRIVAL,LEISURE,2025-05-09,2025-05-14,3,20636.0,True
TRIP_7e0fbc4dc4,U_f2092415e0,IN,IN_ARRIVAL,BUSINESS,2025-06-04,2025-06-12,1,4993.0,True
TRIP_6c362276d7,U_943f84e6aa,IN,IN_ARRIVAL,LEISURE,2025-01-28,2025-02-17,3,8459.0,True
TRIP_d4d7e67e4a,U_943f84e6aa,IN,IN_ARRIVAL,VFR,2025-09-27,2025-10-11,1,4378.0,False
TRIP_7de43e2c90,U_943f84e6aa,IN,IN_ARRIVAL,TRANSIT,2024-12-08,2024-12-13,4,40243.0,False
TRIP_99a4a7e6a3,U_847b81b5b3,IN,IN_ARRIVAL,LEISURE,2025-12-17,2026-01-03,3,10252.0,True
TRIP_b576360498,U_2cd5a0e39b,IN,IN_ARRIVAL,LEISURE,2026-02-27,2026-03-08,1,8476.0,True
TRIP_2b71be93c8,U_c21f9f53f1,IN,IN_ARRIVAL,LEISURE,2026-05-10,2026-05-17,1,27124.0,True
TRIP_be66e7ffb3,U_e02d15b613,IN,IN_ARRIVAL,PILGRIMAGE,2025-07-02,2025-07-16,4,99455.0,True
TRIP_ea65ffcc3c,U_802041a4d4,IN,IN_ARRIVAL,BUSINESS,2025-08-01,2025-08-09,1,73060.0,True
TRIP_bdecac85c2,U_802041a4d4,IN,IN_ARRIVAL,VFR,2025-06-01,2025-06-17,1,4467.0,True
TRIP_19ec638ce7,U_802041a4d4,IN,IN_ARRIVAL,EDUCATION,2026-02-03,2026-02-14,4,3900.0,False
TRIP_7621756b65,U_2d34e57459,IN,IN_ARRIVAL,PILGRIMAGE,2026-07-02,2026-07-09,2,20908.0,True
TRIP_a5e5d20b29,U_fd68a58459,IN,IN_ARRIVAL,LEISURE,2026-06-14,2026-06-29,3,39030.0,True
TRIP_c84c0dfba2,U_fd68a58459,IN,IN_ARRIVAL,LEISURE,2026-01-10,2026-01-24,3,4935.0,False
TRIP_eebad4c7b9,U_9adca45c50,IN,IN_ARRIVAL,BUSINESS,2026-03-20,2026-03-28,2,20361.0,True
TRIP_666d596d38,U_9adca45c50,IN,IN_ARRIVAL,LEISURE,2026-01-15,2026-01-21,4,19671.0,False
TRIP_ae76eb72b2,U_7d06007609,IN,IN_ARRIVAL,LEISURE,2024-12-30,2025-01-08,3,9075.0,True
TRIP_5dc63a975a,U_7d06007609,IN,IN_ARRIVAL,LEISURE,2025-05-13,2025-05-17,1,6115.0,False
TRIP_c539397647,U_b68f8aadd3,IN,IN_ARRIVAL,BUSINESS,2025-03-19,2025-03-27,3,14980.0,True
TRIP_470e428b85,U_6dadd62084,IN,IN_ARRIVAL,LEISURE,2024-10-31,2024-11-12,1,30623.0,True
TRIP_03ef9a7ba4,U_6dadd62084,IN,IN_ARRIVAL,BUSINESS,2025-11-20,2025-11-26,3,17041.0,False
TRIP_7ac2aeef51,U_3612502eab,IN,IN_ARRIVAL,VFR,2025-12-27,2026-01-12,2,15710.0,True
TRIP_a0d3266dd1,U_3612502eab,IN,IN_ARRIVAL,LEISURE,2025-02-07,2025-02-23,4,5781.0,False
TRIP_f130236102,U_3612502eab,IN,IN_ARRIVAL,BUSINESS,2025-12-11,2025-12-29,1,10342.0,False
TRIP_f320cd0987,U_ae3612f114,IN,IN_ARRIVAL,LEISURE,2024-09-03,2024-09-06,2,12406.0,True
TRIP_46943fc3f5,U_ea40af6e45,IN,IN_ARRIVAL,BUSINESS,2025-05-26,2025-05-30,3,29116.0,True
TRIP_60979e7a1f,U_359cb13b0f,IN,IN_ARRIVAL,LEISURE,2026-02-21,2026-03-12,3,8313.0,True
TRIP_1214f2b9f4,U_2ddda60aa8,IN,IN_ARRIVAL,LEISURE,2025-09-21,2025-09-27,2,31836.0,True
TRIP_29ad78a65f,U_0fc04827dd,IN,IN_ARRIVAL,MEDICAL,2024-10-09,2024-10-26,4,33151.0,True
TRIP_1f55bd5562,U_0fc04827dd,IN,IN_ARRIVAL,MEDICAL,2025-02-08,2025-02-21,1,10797.0,False
TRIP_79f2dc37bf,U_0fc04827dd,IN,IN_ARRIVAL,BUSINESS,2026-03-21,2026-04-05,4,13772.0,False
TRIP_8caa86a3cc,U_3bb551fe41,IN,IN_ARRIVAL,EDUCATION,2026-06-23,2026-06-30,3,68114.0,True
TRIP_e3169d8af5,U_b6e86b4f13,IN,IN_ARRIVAL,EDUCATION,2024-09-16,2024-09-30,4,33225.0,True
TRIP_714c34462b,U_b6e86b4f13,IN,IN_ARRIVAL,BUSINESS,2026-03-27,2026-04-02,4,31457.0,False
TRIP_c8c3a42dfc,U_b6e86b4f13,IN,IN_ARRIVAL,EVENT,2024-12-11,2025-01-01,3,13053.0,False
TRIP_47d6d52fee,U_286538c7a9,IN,IN_ARRIVAL,BUSINESS,2025-12-02,2025-12-15,1,7781.0,True
TRIP_8167836873,U_b68e7817af,IN,IN_ARRIVAL,EDUCATION,2026-06-10,2026-06-19,3,34422.0,True
TRIP_e475a89bad,U_a6b1d97041,IN,IN_ARRIVAL,LEISURE,2025-01-12,2025-01-27,3,4429.0,True
TRIP_4a5f6d5dc9,U_c4cba414ce,IN,IN_ARRIVAL,TRANSIT,2025-09-30,2025-10-04,4,23040.0,True
TRIP_9f5e5a4cda,U_c4cba414ce,IN,IN_ARRIVAL,VFR,2025-12-20,2025-12-29,3,18022.0,False
TRIP_3f71b60b9f,U_013e65658e,IN,IN_ARRIVAL,MEDICAL,2025-08-08,2025-08-27,4,4418.0,True
TRIP_b9010d236e,U_013e65658e,IN,IN_ARRIVAL,VFR,2025-04-03,2025-04-15,3,2760.0,False
TRIP_2f8f227e4c,U_013e65658e,IN,IN_ARRIVAL,VFR,2026-01-02,2026-01-11,1,12865.0,False
TRIP_c10ab19509,U_b9352414c3,IN,IN_ARRIVAL,VFR,2024-10-30,2024-11-18,4,25017.0,True
TRIP_eaf21e2484,U_b9352414c3,IN,IN_ARRIVAL,LEISURE,2025-09-10,2025-09-27,1,19732.0,False
TRIP_d50a928109,U_2e671f8e37,IN,IN_ARRIVAL,VFR,2025-08-03,2025-08-24,4,71164.0,True
TRIP_a6bec2c16f,U_d6255fbb58,IN,IN_ARRIVAL,LEISURE,2025-10-27,2025-11-14,2,24484.0,True
TRIP_3b3716ce2e,U_65edacd5b7,IN,IN_ARRIVAL,MEDICAL,2025-07-31,2025-08-11,1,18752.0,True
TRIP_e766f16fd8,U_0abc95fbbb,IN,IN_ARRIVAL,LEISURE,2024-09-07,2024-09-15,3,20651.0,True
TRIP_9316970352,U_0abc95fbbb,IN,IN_ARRIVAL,PILGRIMAGE,2026-07-02,2026-07-14,2,22062.0,False
TRIP_a04e75ea96,U_daa02e34d2,IN,IN_ARRIVAL,LEISURE,2025-12-23,2026-01-12,3,6038.0,True
TRIP_c8bab3b911,U_daa02e34d2,IN,IN_ARRIVAL,LEISURE,2025-01-05,2025-01-17,3,38067.0,False
TRIP_7ff3fbc8a3,U_4950259669,IN,IN_ARRIVAL,PILGRIMAGE,2025-01-09,2025-01-26,1,8938.0,True
TRIP_1e56424a6e,U_18e3e703c1,IN,IN_ARRIVAL,PILGRIMAGE,2025-07-21,2025-07-25,3,15661.0,True
TRIP_9532c9ef7e,U_18e3e703c1,IN,IN_ARRIVAL,LEISURE,2026-01-26,2026-02-06,4,15559.0,False
TRIP_136951ba4b,U_fa8fd409f2,IN,IN_ARRIVAL,TRANSIT,2025-03-10,2025-03-29,1,30966.0,True
TRIP_882b6efc89,U_fb437cfad9,IN,IN_ARRIVAL,LEISURE,2025-08-13,2025-08-30,3,14523.0,True
TRIP_9a91b82219,U_783ebac4b8,IN,IN_ARRIVAL,VFR,2026-03-05,2026-03-24,1,69351.0,True
TRIP_e21c06de69,U_ff90478740,IN,IN_ARRIVAL,LEISURE,2026-03-28,2026-04-02,4,15992.0,True
TRIP_b57c3ecc36,U_ff90478740,IN,IN_ARRIVAL,LEISURE,2026-06-28,2026-07-11,3,11204.0,False
TRIP_d249a72e5a,U_34d0254019,IN,IN_ARRIVAL,LEISURE,2026-01-18,2026-01-30,4,9863.0,True
TRIP_b253956b37,U_b25e15e441,IN,IN_ARRIVAL,LEISURE,2026-05-13,2026-05-16,3,8270.0,True
TRIP_9767a07355,U_727e63d918,IN,IN_ARRIVAL,LEISURE,2025-11-04,2025-11-16,1,38095.0,True
TRIP_1f12621f88,U_727e63d918,IN,IN_ARRIVAL,LEISURE,2025-01-10,2025-01-21,2,4915.0,False
TRIP_0828dfe51e,U_cafefc196f,IN,IN_ARRIVAL,LEISURE,2025-04-03,2025-04-09,4,43603.0,True
TRIP_88f9d39c9a,U_503245a8ff,IN,IN_ARRIVAL,LEISURE,2025-03-05,2025-03-26,1,23855.0,True
TRIP_05bf58fd37,U_503245a8ff,IN,IN_ARRIVAL,LEISURE,2025-08-01,2025-08-15,4,3238.0,False
TRIP_93b55091a8,U_e20c2f496d,IN,IN_ARRIVAL,VFR,2026-01-18,2026-01-26,1,18316.0,True
TRIP_08ac177340,U_e20c2f496d,IN,IN_ARRIVAL,LEISURE,2025-10-24,2025-11-12,3,6082.0,False
TRIP_7b292ec560,U_f16200d056,IN,IN_ARRIVAL,LEISURE,2025-03-05,2025-03-16,4,22724.0,True
TRIP_ebedc2fa87,U_1b79ad13c4,IN,IN_ARRIVAL,LEISURE,2025-07-30,2025-08-16,1,3133.0,True
TRIP_0c9e10e2fd,U_1b79ad13c4,IN,IN_ARRIVAL,VFR,2025-06-01,2025-06-08,3,11238.0,False
TRIP_5d0143dc71,U_1b79ad13c4,IN,IN_ARRIVAL,LEISURE,2026-01-22,2026-02-12,4,17735.0,False
TRIP_3bfc18f10d,U_09f80f9d1f,IN,IN_ARRIVAL,LEISURE,2025-11-30,2025-12-04,4,3846.0,True
TRIP_d172a1235a,U_20f66f1b2c,IN,IN_ARRIVAL,LEISURE,2025-02-23,2025-03-12,2,23309.0,True
TRIP_a4862b7996,U_13143eb226,IN,IN_ARRIVAL,VFR,2025-07-26,2025-08-14,3,27560.0,True
TRIP_d77c08b471,U_dee15dbfc3,IN,IN_ARRIVAL,VFR,2025-12-06,2025-12-13,1,21219.0,True
TRIP_83550b1ed2,U_dee15dbfc3,IN,IN_ARRIVAL,EDUCATION,2025-02-15,2025-02-23,2,5141.0,False
TRIP_005653b7ad,U_347507e53d,IN,IN_ARRIVAL,TRANSIT,2025-04-07,2025-04-21,1,12177.0,True
TRIP_5a2d2f6e6c,U_347507e53d,IN,IN_ARRIVAL,VFR,2025-09-20,2025-09-23,2,14060.0,False
TRIP_26fe7230df,U_347507e53d,IN,IN_ARRIVAL,LEISURE,2025-03-06,2025-03-23,3,5165.0,False
TRIP_f6c606533f,U_347507e53d,IN,IN_ARRIVAL,VFR,2025-06-08,2025-06-15,2,20222.0,False
TRIP_674da98b5f,U_347507e53d,IN,IN_ARRIVAL,LEISURE,2025-02-01,2025-02-12,3,35522.0,False
TRIP_988ad04fef,U_96305ca532,IN,IN_ARRIVAL,LEISURE,2025-08-18,2025-09-01,2,9076.0,True
TRIP_89434e21d7,U_96305ca532,IN,IN_ARRIVAL,LEISURE,2026-01-19,2026-02-02,3,24072.0,False
TRIP_72f10cc5c0,U_94bae4d9dd,IN,IN_ARRIVAL,TRANSIT,2024-08-12,2024-08-21,2,28056.0,True
TRIP_c16dc6ab96,U_741023458e,IN,IN_ARRIVAL,LEISURE,2025-01-05,2025-01-22,1,65900.0,True
TRIP_4bd87b6125,U_741023458e,IN,IN_ARRIVAL,VFR,2024-11-23,2024-12-05,1,14399.0,True
TRIP_c1979480c2,U_741023458e,IN,IN_ARRIVAL,TRANSIT,2026-01-31,2026-02-12,2,19498.0,False
TRIP_f1d18f201c,U_9731d57efb,IN,IN_ARRIVAL,LEISURE,2025-01-25,2025-02-13,3,3578.0,True
TRIP_3417700ccf,U_6417f3c261,IN,IN_ARRIVAL,BUSINESS,2026-01-20,2026-01-25,3,27200.0,True
TRIP_991050d3de,U_53c7d64bc7,IN,IN_ARRIVAL,LEISURE,2025-06-16,2025-06-22,3,14758.0,True
TRIP_47853a88ef,U_53c7d64bc7,IN,IN_ARRIVAL,VFR,2025-02-11,2025-02-24,1,52127.0,False
TRIP_780b9dc773,U_53c7d64bc7,IN,IN_ARRIVAL,LEISURE,2026-01-17,2026-01-22,3,38282.0,False
TRIP_67a23fba28,U_ae49d89f58,IN,IN_ARRIVAL,PILGRIMAGE,2026-06-28,2026-07-08,4,12213.0,True
TRIP_ea2677803c,U_13ee2ff697,IN,IN_ARRIVAL,LEISURE,2026-03-10,2026-03-19,1,37784.0,True
TRIP_1806a92b8c,U_13ee2ff697,IN,IN_ARRIVAL,BUSINESS,2025-11-10,2025-11-26,3,18023.0,False
TRIP_83497f873e,U_6561cd68c9,IN,IN_ARRIVAL,PILGRIMAGE,2025-08-30,2025-09-07,4,20138.0,True
TRIP_848bb8f9e4,U_8cb3273520,IN,IN_ARRIVAL,BUSINESS,2025-08-01,2025-08-20,3,8196.0,True
TRIP_ccf99959e8,U_8cb3273520,IN,IN_ARRIVAL,LEISURE,2025-11-03,2025-11-13,3,7447.0,False
TRIP_f50e76fbe4,U_8cb3273520,IN,IN_ARRIVAL,EVENT,2025-02-25,2025-03-07,3,8397.0,False
TRIP_fbbf542565,U_8cb3273520,IN,IN_ARRIVAL,LEISURE,2024-09-04,2024-09-18,2,12927.0,False
TRIP_19601a3c40,U_8cb3273520,IN,IN_ARRIVAL,BUSINESS,2026-04-16,2026-04-19,4,17668.0,False
TRIP_919e873bd8,U_8cb3273520,IN,IN_ARRIVAL,VFR,2026-01-10,2026-01-31,4,26370.0,False
TRIP_59e8c8aab3,U_cdb381f354,IN,IN_ARRIVAL,LEISURE,2024-11-10,2024-11-20,3,8361.0,True
TRIP_6d00dabc75,U_cdb381f354,IN,IN_ARRIVAL,LEISURE,2025-10-13,2025-10-25,4,8955.0,False
TRIP_23988076d6,U_4fe09d2b13,IN,IN_ARRIVAL,VFR,2024-08-28,2024-09-11,2,6025.0,True
TRIP_cecb670daf,U_4fe09d2b13,IN,IN_ARRIVAL,MEDICAL,2026-02-11,2026-02-14,4,8757.0,False
TRIP_25bc006b92,U_607539260d,IN,IN_ARRIVAL,MEDICAL,2024-11-23,2024-12-07,1,52674.0,True
TRIP_5efa1865d4,U_607539260d,IN,IN_ARRIVAL,LEISURE,2024-12-11,2024-12-26,3,7511.0,True
TRIP_8889090195,U_6fedd172de,IN,IN_ARRIVAL,LEISURE,2026-05-25,2026-05-30,4,27621.0,True
TRIP_e126843b7a,U_992d04cf43,IN,IN_ARRIVAL,LEISURE,2025-02-05,2025-02-20,3,15142.0,True
TRIP_fe82ea2c99,U_53b10c38b9,IN,IN_ARRIVAL,LEISURE,2024-10-08,2024-10-24,2,16723.0,True
TRIP_83ae1dc202,U_ee203faf49,IN,IN_ARRIVAL,BUSINESS,2025-02-26,2025-03-13,2,8682.0,True
TRIP_fb5efaef99,U_ee203faf49,IN,IN_ARRIVAL,EVENT,2025-03-14,2025-04-04,4,32406.0,False
TRIP_7f7fa3d6a5,U_ee203faf49,IN,IN_ARRIVAL,EDUCATION,2024-11-28,2024-12-01,2,25014.0,False
TRIP_e690f6d486,U_ee203faf49,IN,IN_ARRIVAL,VFR,2024-11-06,2024-11-16,1,42776.0,False
TRIP_e809a1e250,U_ee203faf49,IN,IN_ARRIVAL,VFR,2025-09-24,2025-10-12,4,15941.0,False
TRIP_05ddf004ca,U_bef6cc41ac,IN,IN_ARRIVAL,LEISURE,2024-08-23,2024-09-09,3,21913.0,True
TRIP_a0efa2e52a,U_bef6cc41ac,IN,IN_ARRIVAL,LEISURE,2025-07-05,2025-07-17,3,44425.0,False
TRIP_9c1600e673,U_0b3b89d362,IN,IN_ARRIVAL,LEISURE,2026-04-01,2026-04-10,3,28833.0,True
TRIP_27879f48fc,U_0b3b89d362,IN,IN_ARRIVAL,TRANSIT,2025-04-25,2025-05-12,3,18049.0,False
TRIP_107723b430,U_1ebbf65566,IN,IN_ARRIVAL,LEISURE,2025-03-27,2025-04-11,4,11864.0,True
TRIP_921c39949c,U_77a8447177,IN,IN_ARRIVAL,VFR,2024-08-31,2024-09-10,4,27675.0,True
TRIP_b2308cf14e,U_77a8447177,IN,IN_ARRIVAL,VFR,2026-03-13,2026-03-16,1,5601.0,False
TRIP_6413097e60,U_4ace693862,IN,IN_ARRIVAL,EDUCATION,2024-08-27,2024-09-13,2,9489.0,True
TRIP_b03b11c447,U_9ef45fd4f0,IN,IN_ARRIVAL,VFR,2025-09-22,2025-10-11,4,4322.0,True
TRIP_ea7b90ea3a,U_9ef45fd4f0,IN,IN_ARRIVAL,LEISURE,2026-03-06,2026-03-16,2,27521.0,False
TRIP_5b656ddee8,U_c661748777,IN,IN_ARRIVAL,VFR,2025-04-07,2025-04-10,4,10183.0,True
TRIP_15f16f0f53,U_c661748777,IN,IN_ARRIVAL,LEISURE,2025-01-16,2025-01-24,4,23118.0,True
TRIP_863f516610,U_c661748777,IN,IN_ARRIVAL,TRANSIT,2025-04-12,2025-04-22,1,13214.0,False
TRIP_9decb23f85,U_dedf71d9b1,IN,IN_ARRIVAL,BUSINESS,2025-09-06,2025-09-22,3,13706.0,True
TRIP_cca0b42b38,U_dedf71d9b1,IN,IN_ARRIVAL,LEISURE,2025-11-26,2025-11-29,4,9768.0,False
TRIP_0e4676de97,U_dedf71d9b1,IN,IN_ARRIVAL,LEISURE,2025-02-01,2025-02-07,2,14179.0,False
TRIP_b08c368c80,U_830dde7b5e,IN,IN_ARRIVAL,LEISURE,2025-11-13,2025-11-21,1,29068.0,True
TRIP_197946ab8b,U_830dde7b5e,IN,IN_ARRIVAL,LEISURE,2025-03-13,2025-03-24,3,24043.0,False
TRIP_714a851ce5,U_eea2f1ff21,IN,IN_ARRIVAL,BUSINESS,2025-02-21,2025-03-01,4,9961.0,True
TRIP_3cc8780a63,U_eea2f1ff21,IN,IN_ARRIVAL,LEISURE,2025-08-31,2025-09-19,2,3590.0,False
TRIP_34ec60c932,U_eea2f1ff21,IN,IN_ARRIVAL,BUSINESS,2024-08-29,2024-09-18,4,13865.0,False
TRIP_cd7ac1b141,U_42afc482b8,IN,IN_ARRIVAL,EDUCATION,2024-10-27,2024-11-15,2,35447.0,True
TRIP_e9b0b311d0,U_fe2c574a30,IN,IN_ARRIVAL,VFR,2025-12-03,2025-12-08,4,23715.0,True
TRIP_bcf798d348,U_8ca0809f30,IN,IN_ARRIVAL,LEISURE,2025-12-22,2026-01-08,4,57977.0,True
TRIP_7181d394f9,U_dd241c87a4,IN,IN_ARRIVAL,VFR,2025-03-25,2025-03-30,1,4251.0,True
TRIP_0502a1d1b4,U_36d954b3a4,IN,IN_ARRIVAL,LEISURE,2024-10-07,2024-10-22,1,11086.0,True
TRIP_58ed574366,U_88725a36fe,IN,IN_ARRIVAL,LEISURE,2026-06-08,2026-06-25,3,16665.0,True
TRIP_24af86fa12,U_b6e757c450,IN,IN_ARRIVAL,MEDICAL,2025-10-19,2025-11-06,4,6336.0,True
TRIP_4e497617d7,U_6e5c393fee,IN,IN_ARRIVAL,LEISURE,2024-08-11,2024-08-14,2,9399.0,True
TRIP_9df2d47da7,U_6e5c393fee,IN,IN_ARRIVAL,TRANSIT,2024-11-20,2024-11-27,4,134064.0,False
TRIP_9ecf3be082,U_b4f876ba9f,IN,IN_ARRIVAL,EDUCATION,2024-08-25,2024-09-01,4,15015.0,True
TRIP_04e198254b,U_b5efe9dadd,IN,IN_ARRIVAL,LEISURE,2026-05-27,2026-06-05,4,15137.0,True
TRIP_ab67d8f14e,U_b5efe9dadd,IN,IN_ARRIVAL,LEISURE,2025-03-25,2025-04-13,3,16876.0,False
TRIP_e6504facc9,U_947860f501,IN,IN_ARRIVAL,TRANSIT,2026-03-21,2026-03-30,3,10647.0,True
TRIP_35cf074e94,U_94a44659cc,IN,IN_ARRIVAL,LEISURE,2025-04-15,2025-05-05,3,25849.0,True
TRIP_6bfdb4c6e9,U_94a44659cc,IN,IN_ARRIVAL,BUSINESS,2025-05-02,2025-05-08,3,12841.0,False
TRIP_4ea4b8cc8e,U_1e2c4b8073,IN,IN_ARRIVAL,LEISURE,2025-11-21,2025-12-07,4,6004.0,True
TRIP_02d6e30bf8,U_1e2c4b8073,IN,IN_ARRIVAL,LEISURE,2025-03-30,2025-04-20,1,29530.0,False
TRIP_b23c020ee0,U_1e2c4b8073,IN,IN_ARRIVAL,LEISURE,2025-09-02,2025-09-13,4,13326.0,False
TRIP_9ec0d3d2a7,U_1e2c4b8073,IN,IN_ARRIVAL,EDUCATION,2025-08-15,2025-08-22,1,14832.0,False
TRIP_b2fa356033,U_cb87536312,IN,IN_ARRIVAL,LEISURE,2026-02-11,2026-02-14,3,71477.0,True
TRIP_5f51485e8b,U_1e34413013,IN,IN_ARRIVAL,VFR,2024-12-04,2024-12-17,4,70533.0,True
TRIP_4200a6bf32,U_43bc4b5d5a,IN,IN_ARRIVAL,VFR,2024-12-07,2024-12-18,4,24849.0,True
TRIP_ceb8ddd9d5,U_cc88374c0c,IN,IN_ARRIVAL,BUSINESS,2025-10-31,2025-11-10,2,7626.0,True
TRIP_ec97ad4493,U_cc88374c0c,IN,IN_ARRIVAL,LEISURE,2025-01-16,2025-01-31,4,24625.0,False
TRIP_0a051f6b0d,U_31996a605e,IN,IN_ARRIVAL,EDUCATION,2025-01-01,2025-01-16,4,8791.0,True
TRIP_dbbe76fc07,U_31996a605e,IN,IN_ARRIVAL,TRANSIT,2025-04-22,2025-05-11,1,20112.0,False
TRIP_63f1935770,U_fe01c80db2,IN,IN_ARRIVAL,LEISURE,2026-01-11,2026-01-19,4,23156.0,True
TRIP_91dc58c49a,U_af9cdb5553,IN,IN_ARRIVAL,LEISURE,2025-11-06,2025-11-26,2,4366.0,True
TRIP_0705587440,U_af9cdb5553,IN,IN_ARRIVAL,LEISURE,2025-06-27,2025-07-12,3,5968.0,False
TRIP_6e05c979cf,U_d0b22de59b,IN,IN_ARRIVAL,LEISURE,2026-03-05,2026-03-11,2,7327.0,True
TRIP_ddf9a83a79,U_d0b22de59b,IN,IN_ARRIVAL,LEISURE,2026-01-31,2026-02-05,4,3823.0,False
TRIP_cf9bf2045d,U_64abde1d37,IN,IN_ARRIVAL,LEISURE,2025-08-08,2025-08-23,1,19852.0,True
TRIP_61b2a9b3e9,U_64abde1d37,IN,IN_ARRIVAL,EDUCATION,2026-02-21,2026-02-25,2,11934.0,False
TRIP_af39e6a27c,U_0ac0869912,IN,IN_ARRIVAL,TRANSIT,2026-05-23,2026-06-04,4,18587.0,True
TRIP_e6f6b31eac,U_1588104805,IN,IN_ARRIVAL,BUSINESS,2026-03-28,2026-04-12,4,33320.0,True
TRIP_890ac0e999,U_1588104805,IN,IN_ARRIVAL,LEISURE,2025-12-01,2025-12-08,2,2231.0,False
TRIP_17fff8b9c0,U_f9ed5323a1,IN,IN_ARRIVAL,LEISURE,2025-06-11,2025-06-17,1,10677.0,True
TRIP_ae097bd4fe,U_69a2767e89,IN,IN_ARRIVAL,BUSINESS,2025-10-18,2025-10-29,3,22347.0,True
TRIP_60672448cd,U_69a2767e89,IN,IN_ARRIVAL,LEISURE,2026-06-21,2026-07-03,3,10446.0,True
TRIP_a0d1d2607c,U_2191582621,IN,IN_ARRIVAL,VFR,2025-05-26,2025-06-15,2,27741.0,True
TRIP_53929bbcc4,U_2191582621,IN,IN_ARRIVAL,LEISURE,2025-07-05,2025-07-09,2,15033.0,False
TRIP_819ffe407b,U_3e41e56a94,IN,IN_ARRIVAL,LEISURE,2026-02-24,2026-03-02,4,5559.0,True
TRIP_3e0e52a597,U_3e41e56a94,IN,IN_ARRIVAL,LEISURE,2024-10-23,2024-10-30,3,30574.0,False
TRIP_a86095672d,U_3e41e56a94,IN,IN_ARRIVAL,VFR,2025-05-19,2025-06-02,2,17837.0,False
TRIP_7c6e8e48e9,U_ca9746a9d9,IN,IN_ARRIVAL,LEISURE,2025-02-26,2025-03-12,3,8066.0,True
TRIP_cb57ebc8ac,U_a7832dde83,IN,IN_ARRIVAL,LEISURE,2025-09-28,2025-10-02,3,56800.0,True
TRIP_bdf9c1b7d2,U_a7832dde83,IN,IN_ARRIVAL,BUSINESS,2026-01-11,2026-01-24,1,14444.0,False
TRIP_ca9f8b0dbc,U_a7832dde83,IN,IN_ARRIVAL,PILGRIMAGE,2025-08-13,2025-08-16,3,4763.0,False
TRIP_d231e59de2,U_e43e739ecc,IN,IN_ARRIVAL,BUSINESS,2026-04-19,2026-04-25,4,48750.0,True
TRIP_3564620e2e,U_0e979a61c4,IN,IN_ARRIVAL,LEISURE,2025-07-06,2025-07-25,3,7027.0,True
TRIP_187b147c74,U_56fc8da5bf,IN,IN_ARRIVAL,LEISURE,2025-07-09,2025-07-22,4,7497.0,True
TRIP_acac873c78,U_e3fc6c01d8,IN,IN_ARRIVAL,EDUCATION,2025-07-17,2025-08-05,3,3114.0,True
TRIP_dfedcc44a5,U_085eb2ed61,IN,IN_ARRIVAL,LEISURE,2026-03-29,2026-04-12,4,4933.0,True
TRIP_4727b4325a,U_085eb2ed61,IN,IN_ARRIVAL,VFR,2026-04-17,2026-04-27,3,10201.0,False
TRIP_b95c604609,U_2df1f2eccb,IN,IN_ARRIVAL,LEISURE,2026-01-16,2026-01-20,4,25538.0,True
TRIP_d6a4f80948,U_fb42a70235,IN,IN_ARRIVAL,VFR,2025-03-14,2025-03-29,3,28308.0,True
TRIP_061a365771,U_af7cdc1ac6,IN,IN_ARRIVAL,BUSINESS,2026-03-18,2026-03-28,4,4959.0,True
TRIP_b0929d3edc,U_af7cdc1ac6,IN,IN_ARRIVAL,BUSINESS,2025-10-08,2025-10-27,1,11099.0,False
TRIP_21777d6bfb,U_af7cdc1ac6,IN,IN_ARRIVAL,EVENT,2025-11-28,2025-12-16,4,11088.0,False
TRIP_3d4c17391a,U_5ebe4afeb1,IN,IN_ARRIVAL,BUSINESS,2025-08-13,2025-08-17,2,36181.0,True
TRIP_78de3b572f,U_5ebe4afeb1,IN,IN_ARRIVAL,VFR,2025-04-03,2025-04-19,2,16061.0,False
TRIP_e6c9daeaea,U_3c1b75d6b6,IN,IN_ARRIVAL,VFR,2024-12-30,2025-01-04,3,19769.0,True
TRIP_6d33822f4a,U_572ef0a751,IN,IN_ARRIVAL,TRANSIT,2025-01-21,2025-02-06,1,21057.0,True
TRIP_ef9e4cfc0e,U_572ef0a751,IN,IN_ARRIVAL,LEISURE,2025-05-05,2025-05-20,3,3354.0,False
TRIP_1c99e19bdf,U_572ef0a751,IN,IN_ARRIVAL,PILGRIMAGE,2025-01-04,2025-01-17,1,6055.0,False
TRIP_ccb575ae09,U_572ef0a751,IN,IN_ARRIVAL,LEISURE,2025-02-15,2025-03-08,2,18613.0,False
TRIP_4ae865ff9d,U_572ef0a751,IN,IN_ARRIVAL,LEISURE,2024-11-07,2024-11-13,1,25207.0,False
TRIP_82aa03a88f,U_572ef0a751,IN,IN_ARRIVAL,LEISURE,2025-06-30,2025-07-14,2,16098.0,False
TRIP_9d803cc4a2,U_50484e472b,IN,IN_ARRIVAL,TRANSIT,2026-06-15,2026-06-27,1,31169.0,True
TRIP_a97a81defb,U_aa0b75f8e9,IN,IN_ARRIVAL,LEISURE,2024-11-02,2024-11-22,2,5585.0,True
TRIP_00c077fc85,U_c3ca2b2a0c,IN,IN_ARRIVAL,LEISURE,2025-07-26,2025-08-07,4,17569.0,True
TRIP_71abe954a6,U_c3ca2b2a0c,IN,IN_ARRIVAL,BUSINESS,2024-12-10,2024-12-29,2,10394.0,False
TRIP_e6370da33d,U_e98862737c,IN,IN_ARRIVAL,LEISURE,2025-04-15,2025-04-19,2,8908.0,True
TRIP_44ebc80b75,U_3dc8036de5,IN,IN_ARRIVAL,VFR,2026-02-26,2026-03-02,4,51922.0,True
TRIP_0494bda686,U_86551e4cfa,IN,IN_ARRIVAL,LEISURE,2024-11-03,2024-11-18,1,8744.0,True
TRIP_291c57e5b1,U_86551e4cfa,IN,IN_ARRIVAL,VFR,2024-12-10,2024-12-26,4,19533.0,False
TRIP_f459845387,U_487b3b3d16,IN,IN_ARRIVAL,TRANSIT,2025-08-03,2025-08-23,4,18262.0,True
TRIP_4409b587e1,U_f8cd67ea5c,IN,IN_ARRIVAL,EVENT,2024-12-04,2024-12-22,2,23891.0,True
TRIP_96c5ecad32,U_f8cd67ea5c,IN,IN_ARRIVAL,EVENT,2025-02-01,2025-02-13,3,16111.0,False
TRIP_cc664676fc,U_f8cd67ea5c,IN,IN_ARRIVAL,VFR,2024-10-28,2024-11-18,4,13207.0,False
TRIP_2960482fc7,U_f8cd67ea5c,IN,IN_ARRIVAL,VFR,2025-05-22,2025-06-11,4,10509.0,False
TRIP_e6eddb0cfb,U_f8cd67ea5c,IN,IN_ARRIVAL,EVENT,2024-08-20,2024-09-04,3,59845.0,False
TRIP_1bc8354b1c,U_da2dbdbfd6,IN,IN_ARRIVAL,EDUCATION,2025-02-03,2025-02-15,4,23514.0,True
TRIP_5df803a53a,U_da2dbdbfd6,IN,IN_ARRIVAL,BUSINESS,2025-12-08,2025-12-11,2,23313.0,False
TRIP_e5496f6483,U_da2dbdbfd6,IN,IN_ARRIVAL,BUSINESS,2024-10-25,2024-10-28,3,9443.0,False
TRIP_7246661628,U_6dccf29609,IN,IN_ARRIVAL,TRANSIT,2025-02-02,2025-02-22,1,1197.0,True
TRIP_71a9026781,U_5680379f9c,IN,IN_ARRIVAL,VFR,2025-03-14,2025-04-02,4,12234.0,True
TRIP_4a01107cf8,U_5680379f9c,IN,IN_ARRIVAL,EVENT,2026-05-26,2026-06-16,4,9018.0,False
TRIP_3dd7d87f0b,U_893d5ca20b,IN,IN_ARRIVAL,PILGRIMAGE,2026-01-01,2026-01-16,1,9413.0,True
TRIP_213ed31e80,U_893d5ca20b,IN,IN_ARRIVAL,LEISURE,2024-08-16,2024-09-01,1,37488.0,False
TRIP_ce153c3bfb,U_4c77c2a470,IN,IN_ARRIVAL,EVENT,2026-06-02,2026-06-11,3,16881.0,True
TRIP_716354f9f6,U_4c77c2a470,IN,IN_ARRIVAL,LEISURE,2026-05-14,2026-05-28,1,19806.0,False
TRIP_57ea3fd6d6,U_4c77c2a470,IN,IN_ARRIVAL,LEISURE,2026-01-03,2026-01-14,1,14953.0,False
TRIP_d5272b7272,U_4c77c2a470,IN,IN_ARRIVAL,LEISURE,2026-05-23,2026-05-28,4,9515.0,False
TRIP_7b73f84d9c,U_853b41bd9c,IN,IN_ARRIVAL,MEDICAL,2026-04-11,2026-04-22,4,3372.0,True
TRIP_5ceb90a4ce,U_853b41bd9c,IN,IN_ARRIVAL,BUSINESS,2024-12-06,2024-12-17,4,15086.0,False
TRIP_722b322c15,U_a36aa166c0,IN,IN_ARRIVAL,LEISURE,2025-10-03,2025-10-15,1,14513.0,True
TRIP_279854090b,U_a36aa166c0,IN,IN_ARRIVAL,TRANSIT,2026-02-10,2026-03-01,1,17056.0,False
TRIP_03a97efe37,U_56a5b8aa3d,IN,IN_ARRIVAL,EVENT,2025-12-12,2025-12-15,4,40050.0,True
TRIP_186ec4b5a5,U_56a5b8aa3d,IN,IN_ARRIVAL,VFR,2026-03-28,2026-04-13,3,10989.0,False
TRIP_84d900e0b7,U_56a5b8aa3d,IN,IN_ARRIVAL,LEISURE,2024-09-05,2024-09-19,2,66120.0,False
TRIP_a0bc3a9d41,U_e2cdefb1df,IN,IN_ARRIVAL,PILGRIMAGE,2025-01-20,2025-01-29,4,6627.0,True
TRIP_a6356d3fdc,U_92f72f5808,IN,IN_ARRIVAL,LEISURE,2026-06-24,2026-07-13,3,3460.0,True
TRIP_72de6b5421,U_33060b4bd8,IN,IN_ARRIVAL,LEISURE,2024-12-29,2025-01-19,4,34994.0,True
TRIP_943f2ee879,U_c4dcf6bdff,IN,IN_ARRIVAL,LEISURE,2024-12-21,2025-01-10,4,14057.0,True
TRIP_4326d04a9a,U_8f309e5e04,IN,IN_ARRIVAL,LEISURE,2024-08-27,2024-09-12,1,39229.0,True
TRIP_d3e62310c2,U_8f309e5e04,IN,IN_ARRIVAL,PILGRIMAGE,2025-07-26,2025-08-07,1,14713.0,False
TRIP_79cccb5b19,U_a2cf48e046,IN,IN_ARRIVAL,LEISURE,2025-12-22,2025-12-30,4,14742.0,True
TRIP_ef02ee7a63,U_e353ba5041,IN,IN_ARRIVAL,LEISURE,2025-08-02,2025-08-07,4,13051.0,True
TRIP_3ab5fbe6bd,U_e353ba5041,IN,IN_ARRIVAL,VFR,2024-08-25,2024-08-31,1,11292.0,False
TRIP_615922a6fb,U_e353ba5041,IN,IN_ARRIVAL,LEISURE,2026-02-22,2026-03-04,1,6297.0,False
TRIP_de28eeda93,U_e353ba5041,IN,IN_ARRIVAL,EVENT,2025-12-10,2025-12-28,1,10503.0,False
TRIP_93538fbb27,U_f0cf8fbcf8,IN,IN_ARRIVAL,LEISURE,2026-04-21,2026-04-28,4,106141.0,True
TRIP_94c8d3cd88,U_f0cf8fbcf8,IN,IN_ARRIVAL,VFR,2025-03-23,2025-04-08,2,7245.0,False
TRIP_e391a99944,U_00177bf506,IN,IN_ARRIVAL,BUSINESS,2026-04-03,2026-04-08,1,2129.0,True
TRIP_579bf7594a,U_6d1b5e3c18,IN,IN_ARRIVAL,LEISURE,2026-03-21,2026-04-02,2,53471.0,True
TRIP_126adda600,U_47dc655ef5,IN,IN_ARRIVAL,VFR,2025-07-23,2025-08-10,2,3726.0,True
TRIP_d3f461c829,U_44a0c60c9c,IN,IN_ARRIVAL,LEISURE,2026-04-26,2026-05-13,2,17381.0,True
TRIP_a40ca04bc9,U_44a0c60c9c,IN,IN_ARRIVAL,BUSINESS,2026-04-24,2026-05-02,3,34319.0,False
TRIP_c5ae72f71c,U_44a0c60c9c,IN,IN_ARRIVAL,TRANSIT,2026-05-11,2026-05-16,2,20255.0,False
TRIP_0601f28988,U_2c1353e708,IN,IN_ARRIVAL,LEISURE,2025-12-01,2025-12-17,4,4203.0,True
TRIP_42b3881281,U_2c1353e708,IN,IN_ARRIVAL,VFR,2026-04-09,2026-04-17,4,12386.0,False
TRIP_9fc9684bdd,U_2c1353e708,IN,IN_ARRIVAL,LEISURE,2025-02-12,2025-02-18,4,11357.0,False
TRIP_77d22a835b,U_eae73fe507,IN,IN_ARRIVAL,MEDICAL,2026-06-01,2026-06-20,1,20717.0,True
TRIP_97306d49b3,U_eae73fe507,IN,IN_ARRIVAL,LEISURE,2025-04-22,2025-04-29,2,59884.0,False
TRIP_99504672e5,U_eae73fe507,IN,IN_ARRIVAL,EVENT,2025-04-13,2025-04-20,1,25607.0,False
TRIP_2390d49a71,U_eae73fe507,IN,IN_ARRIVAL,BUSINESS,2026-03-22,2026-03-26,1,4837.0,False
TRIP_ac5f2f6bfe,U_53204ad2d9,IN,IN_ARRIVAL,EVENT,2024-11-25,2024-12-06,1,13757.0,True
TRIP_9c554127e0,U_10681af252,IN,IN_ARRIVAL,LEISURE,2026-07-10,2026-07-29,4,12127.0,True
TRIP_23a99092b9,U_10681af252,IN,IN_ARRIVAL,LEISURE,2025-07-10,2025-07-26,4,6368.0,False
TRIP_f7093880df,U_1c81c4e679,IN,IN_ARRIVAL,PILGRIMAGE,2025-10-28,2025-10-31,4,4949.0,True
TRIP_eb47388c6a,U_5c75d139a0,IN,IN_ARRIVAL,LEISURE,2025-07-06,2025-07-19,3,67513.0,True
TRIP_ad196db142,U_12e45a7275,IN,IN_ARRIVAL,MEDICAL,2026-05-30,2026-06-19,1,5665.0,True
TRIP_bf0b8d6437,U_afcc1fe54c,IN,IN_ARRIVAL,LEISURE,2026-02-23,2026-03-08,3,63436.0,True
TRIP_671bfa9490,U_afcc1fe54c,IN,IN_ARRIVAL,LEISURE,2025-02-15,2025-03-08,4,22706.0,False
TRIP_9e2d90ff0d,U_afcc1fe54c,IN,IN_ARRIVAL,VFR,2025-08-04,2025-08-17,1,12801.0,False
TRIP_df35920c48,U_14f50f71d3,IN,IN_ARRIVAL,LEISURE,2025-02-03,2025-02-20,1,27289.0,True
TRIP_246a44c754,U_14f50f71d3,IN,IN_ARRIVAL,LEISURE,2025-09-26,2025-10-10,4,11138.0,False
TRIP_c6e25043e0,U_14f50f71d3,IN,IN_ARRIVAL,MEDICAL,2025-03-30,2025-04-06,2,32329.0,False
TRIP_c01986064f,U_14f50f71d3,IN,IN_ARRIVAL,BUSINESS,2026-06-17,2026-07-03,1,54257.0,False
TRIP_70dfc513f9,U_4e2c34535c,IN,IN_ARRIVAL,LEISURE,2026-01-29,2026-02-14,1,2452.0,True
TRIP_965f93aee7,U_4e2c34535c,IN,IN_ARRIVAL,LEISURE,2026-01-27,2026-02-11,1,12227.0,False
TRIP_9fcc5460e7,U_4e2c34535c,IN,IN_ARRIVAL,LEISURE,2026-03-15,2026-03-30,1,136427.0,False
TRIP_7fa1e9683b,U_463c49a4bb,IN,IN_ARRIVAL,LEISURE,2025-01-24,2025-01-29,1,13952.0,True
TRIP_982122e07c,U_463c49a4bb,IN,IN_ARRIVAL,LEISURE,2025-06-03,2025-06-20,3,1874.0,False
TRIP_0a2c087b79,U_62a5a545de,IN,IN_ARRIVAL,LEISURE,2026-03-29,2026-04-09,2,10383.0,True
TRIP_2389aaebe5,U_fba185dba8,IN,IN_ARRIVAL,LEISURE,2025-07-09,2025-07-13,1,45021.0,True
TRIP_c25b869a42,U_fba185dba8,IN,IN_ARRIVAL,LEISURE,2025-07-02,2025-07-09,1,25435.0,False
TRIP_8616d3fc10,U_fba185dba8,IN,IN_ARRIVAL,LEISURE,2025-09-21,2025-10-05,4,56263.0,False
TRIP_332476d834,U_7af45aed51,IN,IN_ARRIVAL,LEISURE,2025-10-09,2025-10-19,3,3964.0,True
TRIP_2fc9dae1d8,U_1ab300d5c6,IN,IN_ARRIVAL,VFR,2026-02-06,2026-02-27,3,14819.0,True
TRIP_a6694fc52e,U_1ab300d5c6,IN,IN_ARRIVAL,LEISURE,2025-03-13,2025-03-27,2,20285.0,False
TRIP_30e0018985,U_b561f9c874,IN,IN_ARRIVAL,BUSINESS,2026-05-31,2026-06-16,3,29665.0,True
TRIP_d6439c9331,U_809c2a4da4,IN,IN_ARRIVAL,LEISURE,2026-06-06,2026-06-10,3,41162.0,True
TRIP_4a600765d7,U_809c2a4da4,IN,IN_ARRIVAL,BUSINESS,2024-08-12,2024-09-01,2,37056.0,False
TRIP_5524f69a82,U_d09e92dc39,IN,IN_ARRIVAL,BUSINESS,2025-09-16,2025-10-02,3,7304.0,True
TRIP_ab7cbebea9,U_7ba82da94c,IN,IN_ARRIVAL,LEISURE,2025-04-18,2025-05-05,3,7694.0,True
TRIP_83b0cbbcf4,U_db143f7648,IN,IN_ARRIVAL,LEISURE,2026-01-18,2026-01-30,2,27153.0,True
TRIP_455e7c7a90,U_db143f7648,IN,IN_ARRIVAL,EVENT,2026-05-30,2026-06-10,2,16568.0,False
TRIP_ebb26ab06b,U_9fde4e3dfe,IN,IN_ARRIVAL,LEISURE,2024-10-12,2024-10-30,4,5552.0,True
TRIP_d1f4ee8737,U_6f34ca3b5a,IN,IN_ARRIVAL,VFR,2026-02-08,2026-03-01,2,19583.0,True
TRIP_90327ae5cf,U_1a852305d3,IN,IN_ARRIVAL,LEISURE,2025-12-28,2026-01-07,1,75949.0,True
TRIP_f5b6b2da40,U_1a852305d3,IN,IN_ARRIVAL,MEDICAL,2026-05-02,2026-05-11,1,6837.0,False
TRIP_313b408615,U_1a852305d3,IN,IN_ARRIVAL,LEISURE,2025-04-24,2025-05-05,2,21104.0,False
TRIP_973ae5b73d,U_db10391a33,IN,IN_ARRIVAL,LEISURE,2026-03-21,2026-03-27,1,18967.0,True
TRIP_6b1dd607f3,U_bfbb7065d9,IN,IN_ARRIVAL,BUSINESS,2026-03-03,2026-03-19,1,1377.0,True
TRIP_fcb68f4fb3,U_bfbb7065d9,IN,IN_ARRIVAL,LEISURE,2025-11-04,2025-11-23,1,13401.0,False
TRIP_adf0b5a260,U_90974da302,IN,IN_ARRIVAL,BUSINESS,2026-05-10,2026-05-23,3,12577.0,True
TRIP_eaecb9fd81,U_90974da302,IN,IN_ARRIVAL,LEISURE,2026-04-07,2026-04-15,4,59033.0,False
TRIP_eb24e57139,U_90974da302,IN,IN_ARRIVAL,LEISURE,2025-12-09,2025-12-24,2,9252.0,False
TRIP_414d01ab26,U_d995fc40d1,IN,IN_ARRIVAL,LEISURE,2026-03-28,2026-04-18,4,8421.0,True
TRIP_41c38f407a,U_26e3ca5b68,IN,IN_ARRIVAL,LEISURE,2025-01-17,2025-02-01,2,1588.0,True
TRIP_8f5613a28c,U_26e3ca5b68,IN,IN_ARRIVAL,VFR,2025-07-08,2025-07-28,4,5893.0,False
TRIP_42e97e8a30,U_77ee142f05,IN,IN_ARRIVAL,LEISURE,2025-11-11,2025-11-17,4,12608.0,True
TRIP_8ae8e31ddc,U_2ced9f6a74,IN,IN_ARRIVAL,LEISURE,2026-01-19,2026-01-25,3,16036.0,True
TRIP_c82359df6e,U_2ced9f6a74,IN,IN_ARRIVAL,BUSINESS,2024-10-11,2024-10-19,2,13690.0,False
TRIP_ecccf832b0,U_8d3fa5d418,IN,IN_ARRIVAL,EDUCATION,2025-04-20,2025-05-02,3,18064.0,True
TRIP_e35da8457b,U_8d3fa5d418,IN,IN_ARRIVAL,BUSINESS,2025-07-14,2025-07-17,3,5702.0,False
TRIP_cd37861fa2,U_40fdaf2c8a,IN,IN_ARRIVAL,LEISURE,2025-03-06,2025-03-12,3,23917.0,True
TRIP_caf9ea575d,U_8ba81b48f6,IN,IN_ARRIVAL,EDUCATION,2025-01-20,2025-02-04,1,19465.0,True
TRIP_bd6520a5c2,U_c746eb8244,IN,IN_ARRIVAL,PILGRIMAGE,2024-10-31,2024-11-18,1,6601.0,True
TRIP_fedf41c7cb,U_a6846c2e03,IN,IN_ARRIVAL,LEISURE,2025-03-03,2025-03-20,2,128830.0,True
TRIP_1c015d66fd,U_e4e9c7a11e,IN,IN_ARRIVAL,LEISURE,2025-12-25,2026-01-02,2,6146.0,True
TRIP_69b6d18fd8,U_2125edc31c,IN,IN_ARRIVAL,BUSINESS,2026-03-30,2026-04-14,3,6377.0,True
TRIP_b11ec8989f,U_7bd705cb17,IN,IN_ARRIVAL,TRANSIT,2026-02-14,2026-02-28,3,16465.0,True
TRIP_164c58b676,U_7bd705cb17,IN,IN_ARRIVAL,VFR,2026-03-06,2026-03-18,3,5441.0,False
TRIP_cde50fd544,U_ab12fe6c43,IN,IN_ARRIVAL,PILGRIMAGE,2026-01-15,2026-01-19,1,21056.0,True
TRIP_bc2d1425a5,U_ab12fe6c43,IN,IN_ARRIVAL,BUSINESS,2024-09-21,2024-10-09,4,5489.0,False
TRIP_f184378b8e,U_ab12fe6c43,IN,IN_ARRIVAL,EDUCATION,2024-12-30,2025-01-04,1,2940.0,False
TRIP_0c2c787751,U_ab12fe6c43,IN,IN_ARRIVAL,LEISURE,2024-11-08,2024-11-22,3,15289.0,False
TRIP_1eb9b81017,U_467c2c54e3,IN,IN_ARRIVAL,LEISURE,2024-10-13,2024-10-27,1,5502.0,True
TRIP_dae691f642,U_e331b356a6,IN,IN_ARRIVAL,EDUCATION,2026-06-05,2026-06-13,1,17654.0,True
TRIP_2819b359c6,U_e331b356a6,IN,IN_ARRIVAL,EDUCATION,2026-02-01,2026-02-09,2,37170.0,False
TRIP_88ff31bfd1,U_84cf52af1f,IN,IN_ARRIVAL,BUSINESS,2024-10-19,2024-11-02,3,11524.0,True
TRIP_a2495ea943,U_6fc91ccdc9,IN,IN_ARRIVAL,LEISURE,2025-04-08,2025-04-11,2,5052.0,True
TRIP_dd527c2cc7,U_80520e0b3a,IN,IN_ARRIVAL,LEISURE,2026-05-29,2026-06-11,1,13050.0,True
TRIP_036a9f475a,U_80520e0b3a,IN,IN_ARRIVAL,PILGRIMAGE,2026-06-06,2026-06-21,3,13601.0,False
TRIP_843dce6231,U_80520e0b3a,IN,IN_ARRIVAL,LEISURE,2024-08-19,2024-09-09,1,14582.0,False
TRIP_ea8afec33e,U_cfeed8370f,IN,IN_ARRIVAL,BUSINESS,2025-03-03,2025-03-13,2,12553.0,True
TRIP_b4f309a672,U_cfeed8370f,IN,IN_ARRIVAL,LEISURE,2025-04-22,2025-05-06,1,11337.0,False
TRIP_3df9bc1fd1,U_aedc5b7f46,IN,IN_ARRIVAL,VFR,2025-12-17,2025-12-30,2,35891.0,True
TRIP_349415aad5,U_1282524272,IN,IN_ARRIVAL,LEISURE,2025-07-02,2025-07-14,3,9275.0,True
TRIP_85f7c68388,U_1282524272,IN,IN_ARRIVAL,BUSINESS,2025-03-10,2025-03-18,2,50785.0,False
TRIP_8e55c65f18,U_40bf207619,IN,IN_ARRIVAL,BUSINESS,2025-05-25,2025-06-03,1,6262.0,True
TRIP_eb3fdc8dd1,U_9ddaeb2efd,IN,IN_ARRIVAL,LEISURE,2026-06-15,2026-06-19,4,23452.0,True
TRIP_17025760df,U_5e8c871735,IN,IN_ARRIVAL,VFR,2026-07-05,2026-07-19,1,27359.0,True
TRIP_6ef1448198,U_76bcae8247,IN,IN_ARRIVAL,LEISURE,2025-04-20,2025-05-11,2,4280.0,True
TRIP_6d8fa74410,U_76bcae8247,IN,IN_ARRIVAL,LEISURE,2025-11-02,2025-11-20,1,10221.0,False
TRIP_85075eb955,U_76bcae8247,IN,IN_ARRIVAL,BUSINESS,2025-06-02,2025-06-06,4,2122.0,False
TRIP_b5d9bfd88d,U_76bcae8247,IN,IN_ARRIVAL,EDUCATION,2025-11-10,2025-11-19,3,5593.0,False
TRIP_e4eebb23d4,U_76bcae8247,IN,IN_ARRIVAL,BUSINESS,2026-02-24,2026-03-14,2,3367.0,False
TRIP_cee6cc7510,U_76bcae8247,IN,IN_ARRIVAL,LEISURE,2025-01-24,2025-02-04,4,26646.0,False
TRIP_e1f8854e8e,U_76bcae8247,IN,IN_ARRIVAL,LEISURE,2026-01-01,2026-01-16,3,2694.0,False
TRIP_37b7909d4e,U_eb10a6653f,IN,IN_ARRIVAL,LEISURE,2024-09-18,2024-09-24,2,22606.0,True
TRIP_c45509cc08,U_1b6464bd70,IN,IN_ARRIVAL,VFR,2026-02-13,2026-03-05,3,6356.0,True
TRIP_634a6bb149,U_1b6464bd70,IN,IN_ARRIVAL,EDUCATION,2024-10-13,2024-10-22,1,6157.0,False
TRIP_9815587014,U_33db2db563,IN,IN_ARRIVAL,TRANSIT,2025-09-11,2025-09-21,3,7909.0,True
TRIP_e5bd1f8b52,U_33db2db563,IN,IN_ARRIVAL,LEISURE,2025-02-08,2025-02-18,3,3867.0,False
TRIP_b5b5aa43d3,U_1ef0e53d43,IN,IN_ARRIVAL,BUSINESS,2026-03-30,2026-04-07,3,9830.0,True
TRIP_05e04321dc,U_1ef0e53d43,IN,IN_ARRIVAL,LEISURE,2026-03-08,2026-03-26,2,31782.0,False
TRIP_9d58a7846f,U_bef1ac1bcc,IN,IN_ARRIVAL,EVENT,2025-04-10,2025-04-23,1,11143.0,True
TRIP_d051c7a661,U_9960e25d31,IN,IN_ARRIVAL,LEISURE,2025-10-11,2025-10-15,4,11246.0,True
TRIP_7fd1be043d,U_9960e25d31,IN,IN_ARRIVAL,TRANSIT,2025-08-13,2025-08-23,2,16460.0,False
TRIP_e7b5cb36ec,U_1d57d22c8d,IN,IN_ARRIVAL,EDUCATION,2025-07-08,2025-07-22,4,10471.0,True
TRIP_1526c9e309,U_34b604814b,IN,IN_ARRIVAL,LEISURE,2025-01-08,2025-01-12,2,11312.0,True
TRIP_a3353a1fe1,U_32e9234a21,IN,IN_ARRIVAL,LEISURE,2026-04-10,2026-04-16,1,19926.0,True
TRIP_fddb968bc3,U_2d7d257435,IN,IN_ARRIVAL,LEISURE,2025-08-15,2025-08-30,3,7488.0,True
TRIP_f3703194fa,U_3e9adb4d3f,IN,IN_ARRIVAL,LEISURE,2025-12-04,2025-12-22,4,18806.0,True
TRIP_8cac1ae2ee,U_3e9adb4d3f,IN,IN_ARRIVAL,LEISURE,2025-06-16,2025-07-05,4,5129.0,False
TRIP_f78f8f3c8b,U_0aa1138ad5,IN,IN_ARRIVAL,LEISURE,2024-12-05,2024-12-09,1,8216.0,True
TRIP_f4d97f77e1,U_0aa1138ad5,IN,IN_ARRIVAL,LEISURE,2024-09-11,2024-09-26,2,9735.0,True
TRIP_9542ef5035,U_0aa1138ad5,IN,IN_ARRIVAL,PILGRIMAGE,2025-03-14,2025-03-19,4,5692.0,False
TRIP_42dde56ae1,U_0aa1138ad5,IN,IN_ARRIVAL,VFR,2026-05-20,2026-06-06,3,13069.0,False
TRIP_3659e73103,U_b7f3c70cc5,IN,IN_ARRIVAL,VFR,2025-09-27,2025-10-18,3,19932.0,True
TRIP_aa8bcc1a24,U_b7f3c70cc5,IN,IN_ARRIVAL,LEISURE,2025-12-15,2025-12-18,4,26843.0,False
TRIP_46c2c94c54,U_384c2cc8a8,IN,IN_ARRIVAL,EVENT,2026-03-29,2026-04-17,2,22171.0,True
TRIP_82547f29d6,U_2a5109702d,IN,IN_ARRIVAL,LEISURE,2024-10-22,2024-10-26,3,3528.0,True
TRIP_ee431a2f5f,U_2a5109702d,IN,IN_ARRIVAL,PILGRIMAGE,2026-03-08,2026-03-18,2,50589.0,False
TRIP_aee4c5bc3d,U_9810c8342b,IN,IN_ARRIVAL,VFR,2026-04-10,2026-04-23,4,7452.0,True
TRIP_64e56113ba,U_9810c8342b,IN,IN_ARRIVAL,LEISURE,2026-05-03,2026-05-16,2,14490.0,False
TRIP_aab1008114,U_61eb414848,IN,IN_ARRIVAL,LEISURE,2025-03-27,2025-04-04,3,7972.0,True
TRIP_4532a4b889,U_61eb414848,IN,IN_ARRIVAL,MEDICAL,2025-10-05,2025-10-16,4,27338.0,False
TRIP_ce80a0cff6,U_61eb414848,IN,IN_ARRIVAL,PILGRIMAGE,2026-01-22,2026-02-05,4,7661.0,False
TRIP_ecce27ecc9,U_6de20f6b36,IN,IN_ARRIVAL,LEISURE,2025-04-02,2025-04-15,3,39913.0,True
TRIP_66a983f5c8,U_6de20f6b36,IN,IN_ARRIVAL,BUSINESS,2026-02-26,2026-03-04,2,5468.0,False
TRIP_da7b072afd,U_91217ebbbc,IN,IN_ARRIVAL,VFR,2026-04-23,2026-05-12,2,13507.0,True
TRIP_ead8acf53a,U_5aed858be4,IN,IN_ARRIVAL,VFR,2025-03-08,2025-03-16,2,13117.0,True
TRIP_1d8b6aa921,U_593ed14200,IN,IN_ARRIVAL,LEISURE,2026-06-19,2026-06-26,4,2758.0,True
TRIP_a7a8a7ebd9,U_1eb9539430,IN,IN_ARRIVAL,MEDICAL,2026-02-13,2026-03-01,3,16255.0,True
TRIP_f77783d38d,U_3d0b7c6c1f,IN,IN_ARRIVAL,VFR,2025-09-14,2025-09-28,3,9069.0,True
TRIP_1d80c06ea1,U_3d0b7c6c1f,IN,IN_ARRIVAL,EDUCATION,2025-01-16,2025-02-03,4,20760.0,False
TRIP_5348c31c58,U_b6821eae07,IN,IN_ARRIVAL,EVENT,2025-09-08,2025-09-16,1,6416.0,True
TRIP_92627a707c,U_b6821eae07,IN,IN_ARRIVAL,LEISURE,2025-11-13,2025-11-27,1,16090.0,False
TRIP_c0ac14e9fa,U_baf6d41b40,IN,IN_ARRIVAL,VFR,2025-06-03,2025-06-23,3,2346.0,True
TRIP_83c2249ca7,U_baf6d41b40,IN,IN_ARRIVAL,LEISURE,2024-10-02,2024-10-08,1,14550.0,False
TRIP_208b861bdf,U_cbb6028499,IN,IN_ARRIVAL,MEDICAL,2025-07-01,2025-07-04,1,12284.0,True
TRIP_edc617ed6f,U_83e21fcc8d,IN,IN_ARRIVAL,LEISURE,2026-07-10,2026-07-25,2,19628.0,True
TRIP_03a69d3884,U_4965da3a05,IN,IN_ARRIVAL,BUSINESS,2025-03-09,2025-03-12,1,5135.0,True
TRIP_c843050f86,U_82db572632,IN,IN_ARRIVAL,LEISURE,2024-10-05,2024-10-10,4,9727.0,True
TRIP_29f117c027,U_82db572632,IN,IN_ARRIVAL,BUSINESS,2024-12-30,2025-01-15,1,23517.0,False
TRIP_be11e9080e,U_82db572632,IN,IN_ARRIVAL,TRANSIT,2025-06-23,2025-07-08,3,30004.0,False
TRIP_7d836c926f,U_8d2b53c72d,IN,IN_ARRIVAL,PILGRIMAGE,2025-05-15,2025-05-30,1,18433.0,True
TRIP_91f6df8671,U_8d2b53c72d,IN,IN_ARRIVAL,LEISURE,2026-07-10,2026-07-21,2,7906.0,False
TRIP_d7eddb35a5,U_8d2b53c72d,IN,IN_ARRIVAL,VFR,2025-11-17,2025-11-21,1,35409.0,False
TRIP_c09dd9d946,U_4ed104bbae,IN,IN_ARRIVAL,LEISURE,2025-10-11,2025-10-23,4,2082.0,True
TRIP_299082fb14,U_47ec844b38,IN,IN_ARRIVAL,LEISURE,2025-05-26,2025-06-07,4,18629.0,True
TRIP_6423d8ff54,U_47ec844b38,IN,IN_ARRIVAL,BUSINESS,2025-08-18,2025-08-22,3,23722.0,False
TRIP_664c2e89f3,U_dcc5f5457b,IN,IN_ARRIVAL,LEISURE,2024-11-29,2024-12-16,1,29417.0,True
TRIP_5589e33207,U_dcc5f5457b,IN,IN_ARRIVAL,VFR,2025-03-05,2025-03-18,4,45636.0,False
TRIP_57b076a3aa,U_dcc5f5457b,IN,IN_ARRIVAL,LEISURE,2025-05-14,2025-05-19,2,1893.0,False
TRIP_96d10edfcf,U_5549cd76be,IN,IN_ARRIVAL,VFR,2025-10-13,2025-10-31,1,21966.0,True
TRIP_71ba76c089,U_8ddb7952da,IN,IN_ARRIVAL,TRANSIT,2024-09-15,2024-10-03,3,2768.0,True
TRIP_b1193f6f9f,U_d5080211ad,IN,IN_ARRIVAL,VFR,2025-09-15,2025-09-29,3,4768.0,True
TRIP_4a114b0ec2,U_d5080211ad,IN,IN_ARRIVAL,LEISURE,2026-06-04,2026-06-16,4,21577.0,False
TRIP_5795cf84e6,U_ce96946427,IN,IN_ARRIVAL,BUSINESS,2024-10-02,2024-10-21,1,8020.0,True
TRIP_7ac03a3955,U_c9015209f7,IN,IN_ARRIVAL,TRANSIT,2025-01-14,2025-01-25,1,23010.0,True
TRIP_f4c1971c52,U_c9015209f7,IN,IN_ARRIVAL,TRANSIT,2025-05-22,2025-05-31,1,46927.0,False
TRIP_76ea260dec,U_6360c6520f,IN,IN_ARRIVAL,BUSINESS,2025-06-17,2025-07-03,3,2972.0,True
TRIP_256b356ac3,U_6360c6520f,IN,IN_ARRIVAL,LEISURE,2024-09-24,2024-10-13,2,13147.0,False
TRIP_75c216385d,U_6360c6520f,IN,IN_ARRIVAL,LEISURE,2026-04-18,2026-05-05,2,29682.0,False
TRIP_08f119f67d,U_128a3a2bf9,IN,IN_ARRIVAL,EVENT,2024-09-10,2024-10-01,2,8905.0,True
TRIP_b872e007d0,U_f738cc53a8,IN,IN_ARRIVAL,BUSINESS,2024-10-29,2024-11-12,1,49085.0,True
TRIP_13685d62ae,U_f738cc53a8,IN,IN_ARRIVAL,EVENT,2025-12-07,2025-12-21,1,35992.0,False
TRIP_aea222df9e,U_f738cc53a8,IN,IN_ARRIVAL,LEISURE,2025-11-01,2025-11-09,4,71930.0,False
TRIP_e5ee4e4923,U_f738cc53a8,IN,IN_ARRIVAL,LEISURE,2025-09-28,2025-10-19,1,36670.0,False
TRIP_66cb8b2242,U_d5da3a3a0f,IN,IN_ARRIVAL,LEISURE,2026-01-10,2026-01-19,2,15070.0,True
TRIP_c92502ce45,U_d5da3a3a0f,IN,IN_ARRIVAL,VFR,2025-06-22,2025-06-27,1,18992.0,False
TRIP_071349f740,U_fe6762d9a1,IN,IN_ARRIVAL,BUSINESS,2026-04-20,2026-04-25,3,28741.0,True
TRIP_6e5904cff4,U_05e7f16157,IN,IN_ARRIVAL,EDUCATION,2025-09-01,2025-09-14,4,9402.0,True
TRIP_1c6bf038f7,U_05e7f16157,IN,IN_ARRIVAL,MEDICAL,2025-01-05,2025-01-19,1,15270.0,False
TRIP_c306f94b25,U_a15ef6755d,IN,IN_ARRIVAL,VFR,2026-01-08,2026-01-14,4,11196.0,True
TRIP_54edfb2945,U_df0155c5c6,IN,IN_ARRIVAL,LEISURE,2026-01-14,2026-01-29,1,27830.0,True
TRIP_7f1c35e904,U_737c56daa4,IN,IN_ARRIVAL,BUSINESS,2026-01-31,2026-02-20,4,23317.0,True
TRIP_c83813c662,U_737c56daa4,IN,IN_ARRIVAL,LEISURE,2025-12-18,2025-12-30,3,12365.0,False
TRIP_e50be5c788,U_1f8be56f05,IN,IN_ARRIVAL,PILGRIMAGE,2025-11-14,2025-11-20,2,17179.0,True
TRIP_77dc34939e,U_b636194c67,IN,IN_ARRIVAL,LEISURE,2026-03-22,2026-04-07,1,22810.0,True
TRIP_7bb52a422f,U_41e9e9713c,IN,IN_ARRIVAL,LEISURE,2024-11-09,2024-11-29,4,9949.0,True
TRIP_f6f8cd73da,U_41e9e9713c,IN,IN_ARRIVAL,EVENT,2026-06-24,2026-06-27,3,13183.0,False
TRIP_d185feb1ce,U_41e9e9713c,IN,IN_ARRIVAL,TRANSIT,2025-10-14,2025-10-19,1,26565.0,False
TRIP_ebbdf7e42b,U_f931b6664e,IN,IN_ARRIVAL,LEISURE,2024-12-30,2025-01-16,2,5965.0,True
TRIP_e8198c4efe,U_bd6c4ef3b7,IN,IN_ARRIVAL,LEISURE,2025-11-19,2025-11-24,2,4231.0,True
TRIP_252c3e9bed,U_0953b613e5,IN,IN_ARRIVAL,TRANSIT,2024-11-23,2024-12-11,1,22414.0,True
TRIP_88c395a6f1,U_0953b613e5,IN,IN_ARRIVAL,BUSINESS,2025-01-20,2025-02-03,3,17718.0,False
TRIP_05d87623f1,U_0953b613e5,IN,IN_ARRIVAL,LEISURE,2025-11-28,2025-12-16,4,15475.0,False
TRIP_2f1f99bcf2,U_c73a183e3c,IN,IN_ARRIVAL,EVENT,2025-11-09,2025-11-19,3,22243.0,True
TRIP_d73bf346ba,U_27b9a78ac1,IN,IN_ARRIVAL,BUSINESS,2024-12-05,2024-12-26,4,9989.0,True
TRIP_563049cbe0,U_918bc62d24,IN,IN_ARRIVAL,EVENT,2025-05-24,2025-06-03,1,3108.0,True
TRIP_1a112fa231,U_918bc62d24,IN,IN_ARRIVAL,VFR,2024-11-02,2024-11-09,3,21343.0,False
TRIP_f721bba763,U_05a25b50c8,IN,IN_ARRIVAL,PILGRIMAGE,2026-04-26,2026-05-16,1,15829.0,True
TRIP_20f8f0fb66,U_728b61b329,IN,IN_ARRIVAL,LEISURE,2024-10-18,2024-11-04,2,38498.0,True
TRIP_75c8cfa168,U_da32989cab,IN,IN_ARRIVAL,BUSINESS,2025-03-10,2025-03-20,2,10498.0,True
TRIP_37fb89dc08,U_da32989cab,IN,IN_ARRIVAL,VFR,2025-08-15,2025-09-05,4,8147.0,False
TRIP_966fdfb263,U_80ea11d279,IN,IN_ARRIVAL,LEISURE,2025-12-08,2025-12-28,1,19293.0,True
TRIP_8b66b05423,U_4c25aa0126,IN,IN_ARRIVAL,LEISURE,2026-03-24,2026-04-07,2,13756.0,True
TRIP_5ea6bf3369,U_3a3ecf162d,IN,IN_ARRIVAL,VFR,2024-12-14,2024-12-27,4,119380.0,True
TRIP_4577ee8682,U_12e7d8b909,IN,IN_ARRIVAL,EDUCATION,2025-05-27,2025-05-31,1,9764.0,True
TRIP_284206c62d,U_12e7d8b909,IN,IN_ARRIVAL,VFR,2025-03-04,2025-03-10,4,11106.0,False
TRIP_ae7f2e7575,U_fa82dc5d1f,IN,IN_ARRIVAL,BUSINESS,2025-11-08,2025-11-23,2,11536.0,True
TRIP_b25b641c92,U_b9791abdeb,IN,IN_ARRIVAL,MEDICAL,2025-09-25,2025-10-11,3,2409.0,True
TRIP_259036f1d5,U_b9791abdeb,IN,IN_ARRIVAL,BUSINESS,2025-07-16,2025-07-20,1,45929.0,False
TRIP_8d03374fee,U_ec0a23c507,IN,IN_ARRIVAL,LEISURE,2026-06-03,2026-06-13,3,24785.0,True
TRIP_eff552164c,U_5422a395b6,IN,IN_ARRIVAL,LEISURE,2025-10-16,2025-10-30,2,13750.0,True
TRIP_a706186921,U_d0e1444b07,IN,IN_ARRIVAL,VFR,2026-02-20,2026-03-09,4,8835.0,True
TRIP_34475140d6,U_c91050079f,IN,IN_ARRIVAL,LEISURE,2024-09-10,2024-09-16,2,24276.0,True
TRIP_8d3e074bed,U_1621e65036,IN,IN_ARRIVAL,PILGRIMAGE,2025-12-06,2025-12-16,2,8413.0,True
TRIP_c7da6de00a,U_1621e65036,IN,IN_ARRIVAL,EVENT,2024-09-21,2024-10-12,2,11909.0,False
TRIP_512c27c1db,U_d805ff5bdc,IN,IN_ARRIVAL,LEISURE,2026-03-22,2026-04-11,2,6282.0,True
TRIP_1c43fabf6c,U_2c40e2d9aa,IN,IN_ARRIVAL,VFR,2024-12-10,2024-12-17,4,11614.0,True
TRIP_3a461fd669,U_a7dabbfcd8,IN,IN_ARRIVAL,LEISURE,2025-09-16,2025-09-19,1,5756.0,True
TRIP_29780d1a29,U_a7dabbfcd8,IN,IN_ARRIVAL,PILGRIMAGE,2025-10-29,2025-11-03,2,11430.0,False
TRIP_30b5317e1c,U_f33f80c82e,IN,IN_ARRIVAL,LEISURE,2024-11-03,2024-11-10,4,6741.0,True
TRIP_d179a12709,U_db8a37b727,IN,IN_ARRIVAL,EDUCATION,2025-05-10,2025-05-14,4,41767.0,True
TRIP_3f67c641ef,U_2fa1972d60,IN,IN_ARRIVAL,PILGRIMAGE,2025-10-02,2025-10-15,3,37728.0,True
TRIP_67ea39d9b1,U_30dba2c4a3,IN,IN_ARRIVAL,BUSINESS,2025-03-14,2025-03-30,1,9976.0,True
TRIP_a36aa445b9,U_7249592284,IN,IN_ARRIVAL,LEISURE,2025-05-28,2025-06-04,3,66407.0,True
TRIP_136fd79d71,U_280dff119c,IN,IN_ARRIVAL,LEISURE,2025-12-02,2025-12-17,1,21013.0,True
TRIP_e5e56b5054,U_280dff119c,IN,IN_ARRIVAL,LEISURE,2025-02-07,2025-02-15,1,47078.0,False
TRIP_3176ada215,U_726a6e517b,IN,IN_ARRIVAL,LEISURE,2025-11-02,2025-11-14,2,34459.0,True
TRIP_206735bfd2,U_e9e1a861a6,IN,IN_ARRIVAL,BUSINESS,2025-05-11,2025-05-28,3,17564.0,True
TRIP_c1bfe31cd5,U_e9e1a861a6,IN,IN_ARRIVAL,LEISURE,2025-05-30,2025-06-02,3,10220.0,False
TRIP_e40dd2ac68,U_52385c1f10,IN,IN_ARRIVAL,EDUCATION,2024-10-03,2024-10-06,2,48592.0,True
TRIP_c1faf39b27,U_859f56450d,IN,IN_ARRIVAL,LEISURE,2025-11-14,2025-11-22,3,30903.0,True
TRIP_80396dbff4,U_b24b4f478a,IN,IN_ARRIVAL,TRANSIT,2025-08-02,2025-08-23,4,12564.0,True
TRIP_460075c541,U_4fbc39a3d2,IN,IN_ARRIVAL,LEISURE,2025-10-19,2025-10-31,2,17803.0,True
TRIP_9c78acf572,U_e7ff9a02da,IN,IN_ARRIVAL,EVENT,2025-03-19,2025-04-05,4,19207.0,True
TRIP_715e71d5fe,U_e7ff9a02da,IN,IN_ARRIVAL,VFR,2025-08-18,2025-09-01,4,9359.0,False
TRIP_2c71171ac2,U_f7b26eb114,IN,IN_ARRIVAL,TRANSIT,2024-11-14,2024-11-24,2,9102.0,True
TRIP_13e90a6c0d,U_f7b26eb114,IN,IN_ARRIVAL,EVENT,2026-02-05,2026-02-22,1,27369.0,False
TRIP_0a5a2c04be,U_f7b26eb114,IN,IN_ARRIVAL,VFR,2025-11-06,2025-11-11,4,19940.0,False
TRIP_df785035d9,U_10e3103190,IN,IN_ARRIVAL,BUSINESS,2024-09-19,2024-10-03,3,49965.0,True
TRIP_21b5e73b41,U_10e3103190,IN,IN_ARRIVAL,LEISURE,2026-04-07,2026-04-28,4,16202.0,False
TRIP_ad139395fa,U_e83e1d090a,IN,IN_ARRIVAL,LEISURE,2026-02-09,2026-02-25,2,27724.0,True
TRIP_82fcf6b671,U_e83e1d090a,IN,IN_ARRIVAL,VFR,2026-02-19,2026-03-04,3,17216.0,False
TRIP_a0b3bd3152,U_765c5d40a5,IN,IN_ARRIVAL,EVENT,2026-01-29,2026-02-07,3,14299.0,True
TRIP_9911b8fe81,U_765c5d40a5,IN,IN_ARRIVAL,LEISURE,2024-09-09,2024-09-25,2,29154.0,False
TRIP_b9ee95b22d,U_765c5d40a5,IN,IN_ARRIVAL,VFR,2026-04-19,2026-04-27,2,9554.0,False
TRIP_b126b1a780,U_90bffbc5b3,IN,IN_ARRIVAL,BUSINESS,2025-12-23,2026-01-07,1,18290.0,True
TRIP_2f5bff02be,U_f04ac8867b,IN,IN_ARRIVAL,EDUCATION,2026-03-29,2026-04-01,3,18096.0,True
TRIP_220ac0d4c0,U_f04ac8867b,IN,IN_ARRIVAL,LEISURE,2025-07-24,2025-07-31,1,5670.0,False
TRIP_98b6e2e61b,U_514ffb2643,IN,IN_ARRIVAL,VFR,2024-10-13,2024-11-03,1,12552.0,True
TRIP_4cc94f33e5,U_78a3e15461,IN,IN_ARRIVAL,LEISURE,2025-01-13,2025-01-20,2,22466.0,True
TRIP_141325491f,U_a7557582f8,IN,IN_ARRIVAL,VFR,2025-10-08,2025-10-24,3,7225.0,True
TRIP_2536e30ac7,U_91c724c05f,IN,IN_ARRIVAL,TRANSIT,2025-11-01,2025-11-06,2,7520.0,True
TRIP_8583177ab1,U_91c724c05f,IN,IN_ARRIVAL,LEISURE,2026-05-02,2026-05-09,4,4258.0,False
TRIP_0dbb889dea,U_44bd0bf796,IN,IN_ARRIVAL,LEISURE,2026-05-10,2026-05-19,1,11646.0,True
TRIP_094449a845,U_44bd0bf796,IN,IN_ARRIVAL,BUSINESS,2026-03-21,2026-03-29,2,30058.0,False
TRIP_b936443d44,U_44bd0bf796,IN,IN_ARRIVAL,EDUCATION,2024-09-16,2024-09-28,1,27721.0,False
TRIP_69ebec885a,U_0f3cdfc9df,IN,IN_ARRIVAL,VFR,2024-11-12,2024-12-02,4,1444.0,True
TRIP_5d0e30d7c5,U_0f3cdfc9df,IN,IN_ARRIVAL,PILGRIMAGE,2026-04-28,2026-05-08,3,43470.0,False
TRIP_8114edcc85,U_b79f6bb825,IN,IN_ARRIVAL,LEISURE,2025-09-20,2025-09-24,1,2267.0,True
TRIP_a07dfd3108,U_b79f6bb825,IN,IN_ARRIVAL,MEDICAL,2026-06-06,2026-06-12,1,50589.0,False
TRIP_0232da4bcf,U_b79f6bb825,IN,IN_ARRIVAL,LEISURE,2025-01-09,2025-01-16,1,8279.0,False
TRIP_3b7eda5eb0,U_889a3add15,IN,IN_ARRIVAL,LEISURE,2024-10-11,2024-10-30,1,22651.0,True
TRIP_9d3d78f7ca,U_889a3add15,IN,IN_ARRIVAL,BUSINESS,2026-01-15,2026-01-21,3,12251.0,False
TRIP_5897fbea7e,U_c0fbfccc13,IN,IN_ARRIVAL,LEISURE,2024-12-10,2024-12-23,1,3326.0,True
TRIP_b8de8903a2,U_d4ed2187c6,IN,IN_ARRIVAL,EDUCATION,2024-12-23,2024-12-26,4,28488.0,True
TRIP_a4b29b4f52,U_fa7ebf1108,IN,IN_ARRIVAL,VFR,2025-06-14,2025-07-02,4,7744.0,True
TRIP_230e64cd74,U_fa7ebf1108,IN,IN_ARRIVAL,TRANSIT,2024-12-02,2024-12-12,3,3185.0,False
TRIP_4478b7e8d1,U_1797fac185,IN,IN_ARRIVAL,LEISURE,2024-11-01,2024-11-12,4,4020.0,True
TRIP_255d8fcefc,U_7a883aec95,IN,IN_ARRIVAL,LEISURE,2025-11-18,2025-12-03,3,23573.0,True
TRIP_9b107c7024,U_1d3c552baf,IN,IN_ARRIVAL,LEISURE,2025-01-29,2025-02-19,4,10084.0,True
TRIP_81f8a230ad,U_1d3c552baf,IN,IN_ARRIVAL,TRANSIT,2024-10-13,2024-11-02,4,7321.0,False
TRIP_7eb81ccbc6,U_5dc494519f,IN,IN_ARRIVAL,BUSINESS,2026-02-17,2026-03-09,2,2881.0,True
TRIP_9e0404ea8d,U_5dc494519f,IN,IN_ARRIVAL,BUSINESS,2024-12-04,2024-12-23,3,20987.0,False
TRIP_325f15ef23,U_5dc494519f,IN,IN_ARRIVAL,MEDICAL,2026-03-30,2026-04-07,3,16789.0,False
TRIP_ae752c0e61,U_5dc494519f,IN,IN_ARRIVAL,EVENT,2024-12-05,2024-12-20,1,10337.0,False
TRIP_4bc6d35938,U_5dc494519f,IN,IN_ARRIVAL,EDUCATION,2026-01-18,2026-02-06,2,30792.0,False
TRIP_731af7c8fc,U_97befb386f,IN,IN_ARRIVAL,MEDICAL,2025-02-07,2025-02-22,1,36053.0,True
TRIP_ee1ea332cd,U_97befb386f,IN,IN_ARRIVAL,BUSINESS,2025-11-27,2025-12-10,1,4743.0,False
TRIP_0f2e4477aa,U_97befb386f,IN,IN_ARRIVAL,EVENT,2024-10-01,2024-10-05,1,10746.0,False
TRIP_66fc312218,U_97befb386f,IN,IN_ARRIVAL,BUSINESS,2024-09-19,2024-09-28,2,104879.0,False
TRIP_f3278311f2,U_0802e5e654,IN,IN_ARRIVAL,TRANSIT,2024-12-20,2024-12-24,4,37000.0,True
TRIP_82a433ff81,U_0802e5e654,IN,IN_ARRIVAL,LEISURE,2025-07-23,2025-08-04,4,6112.0,False
TRIP_732bcfe9d9,U_1cb03d25db,IN,IN_ARRIVAL,TRANSIT,2024-10-28,2024-11-12,1,20827.0,True
TRIP_3692b7941e,U_684d77bccb,IN,IN_ARRIVAL,LEISURE,2024-09-27,2024-10-14,3,11343.0,True
TRIP_fd938f4664,U_b019ee1935,IN,IN_ARRIVAL,BUSINESS,2025-07-31,2025-08-12,1,14501.0,True
TRIP_16354cbd82,U_b019ee1935,IN,IN_ARRIVAL,LEISURE,2025-02-09,2025-02-16,1,7512.0,False
TRIP_9c74c535f8,U_30424e9747,IN,IN_ARRIVAL,MEDICAL,2025-06-25,2025-07-16,4,17653.0,True
TRIP_013a57d5f9,U_043d9b8ff4,IN,IN_ARRIVAL,PILGRIMAGE,2026-01-28,2026-02-08,2,10029.0,True
TRIP_4fb970b905,U_043d9b8ff4,IN,IN_ARRIVAL,LEISURE,2025-05-02,2025-05-20,1,10682.0,False
TRIP_21d733fbc8,U_804c89e694,IN,IN_ARRIVAL,BUSINESS,2025-07-27,2025-08-13,1,6753.0,True
TRIP_cb72c535ef,U_804c89e694,IN,IN_ARRIVAL,LEISURE,2025-06-21,2025-06-25,4,16957.0,False
TRIP_1d0f3f6cf6,U_804c89e694,IN,IN_ARRIVAL,EDUCATION,2026-03-10,2026-03-14,2,10944.0,False
TRIP_9ad145dd67,U_b3df615b3a,IN,IN_ARRIVAL,LEISURE,2024-11-18,2024-11-27,1,12083.0,True
TRIP_ddcf950166,U_b3df615b3a,IN,IN_ARRIVAL,TRANSIT,2025-07-23,2025-08-09,4,67135.0,False
TRIP_bfadce1ef0,U_b3df615b3a,IN,IN_ARRIVAL,TRANSIT,2024-09-23,2024-10-05,4,3020.0,False
TRIP_e112c856ae,U_430375b33f,IN,IN_ARRIVAL,PILGRIMAGE,2025-08-09,2025-08-17,4,3310.0,True
TRIP_e72a638bff,U_430375b33f,IN,IN_ARRIVAL,BUSINESS,2026-05-06,2026-05-26,1,5512.0,False
TRIP_139fb94a2f,U_f0ce0377da,IN,IN_ARRIVAL,LEISURE,2025-03-25,2025-04-02,4,40660.0,True
TRIP_031833c936,U_e91ba00a89,IN,IN_ARRIVAL,LEISURE,2025-11-10,2025-11-28,4,8418.0,True
TRIP_dabd91e9b6,U_edc5660360,IN,IN_ARRIVAL,BUSINESS,2025-02-23,2025-03-07,2,5805.0,True
TRIP_caa8d3098a,U_9f186b696e,IN,IN_ARRIVAL,LEISURE,2025-10-02,2025-10-14,1,27784.0,True
TRIP_9e9ff20f47,U_72343a713d,IN,IN_ARRIVAL,LEISURE,2025-09-16,2025-10-04,3,8083.0,True
TRIP_84a55f7ad6,U_72343a713d,IN,IN_ARRIVAL,LEISURE,2025-11-12,2025-11-26,3,19328.0,False
TRIP_78428e63df,U_72343a713d,IN,IN_ARRIVAL,LEISURE,2025-06-06,2025-06-27,4,50263.0,False
TRIP_c4067183b3,U_c9308db099,IN,IN_ARRIVAL,BUSINESS,2025-10-21,2025-10-26,3,22008.0,True
TRIP_7568918764,U_c9308db099,IN,IN_ARRIVAL,LEISURE,2025-08-20,2025-09-07,1,5597.0,False
TRIP_a51723dc28,U_beb6713477,IN,IN_ARRIVAL,LEISURE,2026-03-25,2026-04-06,2,7041.0,True
TRIP_fe7260a992,U_5a4d9a7086,IN,IN_ARRIVAL,EVENT,2025-07-02,2025-07-16,1,29889.0,True
TRIP_acc7c5dfb8,U_7e26cc948a,IN,IN_ARRIVAL,LEISURE,2025-01-16,2025-01-28,3,26888.0,True
TRIP_6957810afa,U_7e26cc948a,IN,IN_ARRIVAL,LEISURE,2025-11-30,2025-12-13,4,13475.0,False
TRIP_e8c4284b68,U_70c3cee48e,IN,IN_ARRIVAL,BUSINESS,2024-12-19,2025-01-07,3,27836.0,True
TRIP_fb32133f68,U_540bc90c34,IN,IN_ARRIVAL,LEISURE,2025-11-17,2025-12-08,1,41328.0,True
TRIP_3251b204af,U_540bc90c34,IN,IN_ARRIVAL,LEISURE,2026-04-14,2026-04-18,4,13024.0,False
TRIP_093c533b90,U_0769461d2e,IN,IN_ARRIVAL,LEISURE,2025-02-23,2025-03-08,2,6273.0,True
TRIP_d89484f380,U_0769461d2e,IN,IN_ARRIVAL,LEISURE,2025-07-12,2025-08-01,1,18343.0,False
TRIP_27a3306b56,U_8fe5d1c1f9,IN,IN_ARRIVAL,VFR,2026-03-24,2026-04-14,3,30830.0,True
TRIP_8699318a70,U_8fe5d1c1f9,IN,IN_ARRIVAL,LEISURE,2026-05-07,2026-05-14,2,6853.0,False
TRIP_3225ae9601,U_3bdd3a658b,IN,IN_ARRIVAL,TRANSIT,2025-06-26,2025-07-17,1,18281.0,True
TRIP_2cc0f46a55,U_46f0c0a975,IN,IN_ARRIVAL,LEISURE,2025-12-29,2026-01-19,1,115181.0,True
TRIP_10179b31e6,U_98e25e3bce,IN,IN_ARRIVAL,EVENT,2025-08-08,2025-08-28,1,6254.0,True
TRIP_a79fa9c1fd,U_6da9d9b02f,IN,IN_ARRIVAL,LEISURE,2025-05-01,2025-05-16,2,53694.0,True
TRIP_84502aa3af,U_35453accff,IN,IN_ARRIVAL,LEISURE,2024-10-17,2024-11-05,1,5799.0,True
TRIP_3fa197101e,U_35453accff,IN,IN_ARRIVAL,BUSINESS,2026-04-19,2026-05-01,2,6611.0,False
TRIP_057aea1498,U_d9bd44ab96,IN,IN_ARRIVAL,EDUCATION,2026-01-31,2026-02-19,4,6737.0,True
TRIP_1b5cb81787,U_66d25a6a32,IN,IN_ARRIVAL,MEDICAL,2024-11-15,2024-11-30,2,3688.0,True
TRIP_8437614136,U_43c61fcf34,IN,IN_ARRIVAL,LEISURE,2025-03-31,2025-04-14,1,9306.0,True
TRIP_a533e4ff77,U_43c61fcf34,IN,IN_ARRIVAL,PILGRIMAGE,2026-04-25,2026-05-02,4,3735.0,False
TRIP_62e60a2699,U_24328bf2c9,IN,IN_ARRIVAL,BUSINESS,2025-01-28,2025-02-16,4,22130.0,True
TRIP_a168657888,U_382df671b0,IN,IN_ARRIVAL,BUSINESS,2025-09-30,2025-10-03,3,32083.0,True
TRIP_49c00ed568,U_4c2a43a1c1,IN,IN_ARRIVAL,TRANSIT,2025-02-23,2025-03-02,2,31996.0,True
TRIP_8ab2031767,U_62c02a32e1,IN,IN_ARRIVAL,LEISURE,2024-11-17,2024-11-23,4,10756.0,True
TRIP_a24c5d2356,U_62c02a32e1,IN,IN_ARRIVAL,VFR,2025-11-05,2025-11-17,1,12450.0,False
TRIP_e73506cdda,U_6641e6737f,IN,IN_ARRIVAL,LEISURE,2025-06-16,2025-07-05,2,3554.0,True
TRIP_c653269f72,U_6641e6737f,IN,IN_ARRIVAL,LEISURE,2026-05-13,2026-05-23,3,11371.0,True
TRIP_96b2c40157,U_e8ac9b8427,IN,IN_ARRIVAL,EDUCATION,2025-03-13,2025-03-30,4,9335.0,True
TRIP_4f16ff9496,U_e8ac9b8427,IN,IN_ARRIVAL,BUSINESS,2024-08-27,2024-09-13,2,4206.0,False
TRIP_2cc838b5f9,U_8331753272,IN,IN_ARRIVAL,EDUCATION,2024-12-05,2024-12-25,1,11779.0,True
TRIP_ae01cd6227,U_71760410a3,IN,IN_ARRIVAL,BUSINESS,2026-01-05,2026-01-20,4,4613.0,True
TRIP_ecf5bdc8ab,U_5854ce85ed,IN,IN_ARRIVAL,LEISURE,2025-01-02,2025-01-16,1,18890.0,True
TRIP_ab1fcab5eb,U_5854ce85ed,IN,IN_ARRIVAL,LEISURE,2026-01-17,2026-01-27,4,15144.0,True
TRIP_0af9591aac,U_fb6e7950b7,IN,IN_ARRIVAL,BUSINESS,2025-08-03,2025-08-09,2,8014.0,True
TRIP_9ee6e93314,U_fb6e7950b7,IN,IN_ARRIVAL,LEISURE,2024-09-04,2024-09-10,3,26557.0,False
TRIP_0a8bf38b7a,U_1cf486673c,IN,IN_ARRIVAL,EDUCATION,2025-05-05,2025-05-09,1,8800.0,True
TRIP_f56a690aec,U_1cf486673c,IN,IN_ARRIVAL,LEISURE,2025-10-21,2025-10-27,1,78554.0,False
TRIP_26867a8316,U_048d6c04bf,IN,IN_ARRIVAL,LEISURE,2025-06-13,2025-06-19,1,4100.0,True
TRIP_5a3b4aca4a,U_048d6c04bf,IN,IN_ARRIVAL,LEISURE,2026-01-02,2026-01-10,3,13600.0,False
TRIP_e58b610cb6,U_03c283b34a,IN,IN_ARRIVAL,EVENT,2024-08-12,2024-08-27,2,24385.0,True
TRIP_dcecb113e6,U_71688ab9c1,IN,IN_ARRIVAL,LEISURE,2024-08-31,2024-09-18,1,13279.0,True
TRIP_029a31ead6,U_71688ab9c1,IN,IN_ARRIVAL,LEISURE,2026-03-09,2026-03-13,4,15220.0,False
TRIP_d1f12ca1d6,U_3e5d61393c,IN,IN_ARRIVAL,LEISURE,2025-07-29,2025-08-07,1,30463.0,True
TRIP_d9cc22c0de,U_3e5d61393c,IN,IN_ARRIVAL,LEISURE,2025-11-17,2025-12-04,2,19219.0,False
TRIP_a1802b5681,U_007097f3d9,IN,IN_ARRIVAL,VFR,2026-03-09,2026-03-26,4,4651.0,True
TRIP_2b76f6c79d,U_007097f3d9,IN,IN_ARRIVAL,LEISURE,2025-04-09,2025-04-15,3,12264.0,False
TRIP_2592c77b6e,U_71597ee8e3,IN,IN_ARRIVAL,MEDICAL,2026-03-09,2026-03-29,3,30415.0,True
TRIP_902c466849,U_8ad20df116,IN,IN_ARRIVAL,LEISURE,2025-06-02,2025-06-18,4,4852.0,True
TRIP_8cb3ca3bb5,U_8ad20df116,IN,IN_ARRIVAL,VFR,2024-11-14,2024-12-01,3,22660.0,False
TRIP_7684ad9b87,U_8ad20df116,IN,IN_ARRIVAL,TRANSIT,2026-03-20,2026-03-26,1,13947.0,False
TRIP_7618208875,U_fb70a11f90,IN,IN_ARRIVAL,EVENT,2026-01-28,2026-02-06,2,15165.0,True
TRIP_392de488c5,U_fb70a11f90,IN,IN_ARRIVAL,EDUCATION,2025-01-30,2025-02-19,1,13650.0,False
TRIP_dd18647bcf,U_847213ac7e,IN,IN_ARRIVAL,PILGRIMAGE,2025-03-25,2025-04-08,3,10131.0,True
TRIP_1fa64dbd26,U_980be6530a,IN,IN_ARRIVAL,PILGRIMAGE,2026-01-03,2026-01-12,2,68075.0,True
TRIP_be24e220e1,U_ed5b3a937f,IN,IN_ARRIVAL,LEISURE,2024-12-02,2024-12-14,1,25056.0,True
TRIP_b99ca7a1f7,U_ed5b3a937f,IN,IN_ARRIVAL,VFR,2026-07-01,2026-07-06,3,3217.0,False
TRIP_1eb32afdb0,U_4eb9b330d6,IN,IN_ARRIVAL,LEISURE,2025-04-11,2025-04-29,3,39946.0,True
TRIP_cd16a46347,U_55bea6628a,IN,IN_ARRIVAL,EVENT,2025-11-17,2025-11-21,2,21801.0,True
TRIP_a2528a6027,U_55bea6628a,IN,IN_ARRIVAL,LEISURE,2026-01-05,2026-01-09,1,7158.0,False
TRIP_84b6cec9a5,U_826533374c,IN,IN_ARRIVAL,LEISURE,2025-05-18,2025-05-23,2,35628.0,True
TRIP_10cc7acaec,U_3e9d21c5c3,IN,IN_ARRIVAL,LEISURE,2025-07-01,2025-07-17,1,3991.0,True
TRIP_1f47573863,U_3e9d21c5c3,IN,IN_ARRIVAL,EDUCATION,2026-04-14,2026-04-20,1,6566.0,False
TRIP_667fa70753,U_3e9d21c5c3,IN,IN_ARRIVAL,LEISURE,2025-08-22,2025-08-27,4,16217.0,False
TRIP_ed2359358b,U_3e9d21c5c3,IN,IN_ARRIVAL,LEISURE,2026-02-01,2026-02-04,2,11535.0,False
TRIP_cdc90aa39e,U_caf38aef40,IN,IN_ARRIVAL,LEISURE,2026-05-27,2026-06-17,4,9443.0,True
TRIP_8a5f08f324,U_caf38aef40,IN,IN_ARRIVAL,LEISURE,2024-12-25,2025-01-15,4,27935.0,False
TRIP_e8b51c6d45,U_6e7c509604,IN,IN_ARRIVAL,LEISURE,2025-06-11,2025-06-19,4,16130.0,True
TRIP_07edff3e12,U_6e7c509604,IN,IN_ARRIVAL,LEISURE,2026-05-05,2026-05-23,3,25646.0,False
TRIP_dc42868bf8,U_6e7c509604,IN,IN_ARRIVAL,EVENT,2024-10-07,2024-10-23,1,6764.0,False
TRIP_6804b709cd,U_6e7c509604,IN,IN_ARRIVAL,MEDICAL,2025-02-17,2025-03-09,2,19111.0,False
TRIP_c9a3f7ac8d,U_018cebb6a2,IN,IN_ARRIVAL,VFR,2025-12-23,2026-01-12,1,7826.0,True
TRIP_e5b1640498,U_018cebb6a2,IN,IN_ARRIVAL,LEISURE,2024-09-13,2024-09-18,1,4084.0,False
TRIP_5f295adba1,U_018cebb6a2,IN,IN_ARRIVAL,LEISURE,2025-01-03,2025-01-14,3,30661.0,False
TRIP_1185425e14,U_3fd81f2f5c,IN,IN_ARRIVAL,BUSINESS,2025-06-13,2025-06-27,2,7609.0,True
TRIP_7c181acab7,U_49ea116d35,IN,IN_ARRIVAL,BUSINESS,2025-05-16,2025-05-21,1,36679.0,True
TRIP_0baa4c6749,U_49ea116d35,IN,IN_ARRIVAL,VFR,2025-01-30,2025-02-17,2,6301.0,False
TRIP_e0b455f203,U_5611c952e9,IN,IN_ARRIVAL,EDUCATION,2025-07-30,2025-08-20,1,15065.0,True
TRIP_9e465fecfd,U_5429199e4d,IN,IN_ARRIVAL,VFR,2025-04-01,2025-04-22,3,33393.0,True
TRIP_b44165a7af,U_5429199e4d,IN,IN_ARRIVAL,VFR,2026-06-04,2026-06-07,3,32506.0,False
TRIP_e6b219774b,U_a55cfba3b4,IN,IN_ARRIVAL,BUSINESS,2025-11-15,2025-11-27,2,13246.0,True
TRIP_446e4eafab,U_9eb0e9b485,IN,IN_ARRIVAL,LEISURE,2025-02-18,2025-02-21,2,37652.0,True
TRIP_3a7da6184f,U_74444a0f6c,IN,IN_ARRIVAL,MEDICAL,2025-09-13,2025-10-04,4,17207.0,True
TRIP_ffea26fded,U_73cd98381a,IN,IN_ARRIVAL,LEISURE,2026-03-04,2026-03-14,2,15940.0,True
TRIP_1f40a1922d,U_55d46e7638,IN,IN_ARRIVAL,LEISURE,2026-01-04,2026-01-08,1,20131.0,True
TRIP_cb27cfefdc,U_55d46e7638,IN,IN_ARRIVAL,MEDICAL,2025-04-26,2025-05-03,4,5304.0,False
TRIP_c281030c20,U_f09fcbdb2f,IN,IN_ARRIVAL,LEISURE,2025-11-22,2025-12-13,3,9488.0,True
TRIP_ed1fd5ccf1,U_f09fcbdb2f,IN,IN_ARRIVAL,PILGRIMAGE,2026-05-13,2026-05-29,1,12284.0,False
TRIP_90c872cf7a,U_652a753554,IN,IN_ARRIVAL,BUSINESS,2024-10-13,2024-10-18,1,8005.0,True
TRIP_57453fb5d6,U_3f24567672,IN,IN_ARRIVAL,EDUCATION,2024-12-20,2025-01-10,1,5018.0,True
TRIP_80da5af852,U_b14a196615,IN,IN_ARRIVAL,LEISURE,2025-09-30,2025-10-14,4,36644.0,True
TRIP_a368747437,U_b14a196615,IN,IN_ARRIVAL,BUSINESS,2025-05-16,2025-05-25,4,6564.0,True
TRIP_6f30d660c0,U_b14a196615,IN,IN_ARRIVAL,LEISURE,2026-02-16,2026-03-04,4,16118.0,False
TRIP_671ada7f37,U_f3188465ab,IN,IN_ARRIVAL,EVENT,2024-10-05,2024-10-12,3,8557.0,True
TRIP_2f4eeb153f,U_f3188465ab,IN,IN_ARRIVAL,VFR,2025-07-03,2025-07-24,3,8001.0,False
TRIP_092cf2739a,U_f3188465ab,IN,IN_ARRIVAL,VFR,2025-07-01,2025-07-21,3,2568.0,False
TRIP_618cf8ffdb,U_f3188465ab,IN,IN_ARRIVAL,LEISURE,2025-11-17,2025-11-26,2,41001.0,False
TRIP_8d208900f6,U_da0046f580,IN,IN_ARRIVAL,EVENT,2026-06-11,2026-06-25,3,1629.0,True
TRIP_1eaad901aa,U_f503d674a5,IN,IN_ARRIVAL,LEISURE,2026-03-05,2026-03-18,4,11146.0,True
TRIP_d971fefd35,U_9fb757c3f1,IN,IN_ARRIVAL,VFR,2025-01-22,2025-02-02,2,2281.0,True
TRIP_7e3228b6f3,U_ad32fb9ac8,IN,IN_ARRIVAL,EDUCATION,2024-10-28,2024-11-04,3,7288.0,True
TRIP_5c744a87c9,U_ad32fb9ac8,IN,IN_ARRIVAL,TRANSIT,2024-12-31,2025-01-20,1,5772.0,False
TRIP_3483b776a3,U_cbc39a2671,IN,IN_ARRIVAL,BUSINESS,2026-01-15,2026-01-22,2,3558.0,True
TRIP_61294a66bc,U_da0fa67b4f,IN,IN_ARRIVAL,VFR,2024-09-13,2024-09-20,4,4731.0,True
TRIP_0582476ac0,U_da0fa67b4f,IN,IN_ARRIVAL,LEISURE,2026-04-24,2026-05-05,4,9770.0,False
TRIP_9b01e046fe,U_1a6bf29586,IN,IN_ARRIVAL,EDUCATION,2024-09-04,2024-09-17,2,12600.0,True
TRIP_9dc9e2398a,U_c8dd616678,IN,IN_ARRIVAL,BUSINESS,2025-02-17,2025-03-04,1,66446.0,True
TRIP_59dc030494,U_5c30cddcbb,IN,IN_ARRIVAL,VFR,2026-05-20,2026-06-05,4,17488.0,True
TRIP_1f356ce7c0,U_5c30cddcbb,IN,IN_ARRIVAL,MEDICAL,2026-06-08,2026-06-14,2,11906.0,False
TRIP_24d16e26ff,U_ff16a47569,IN,IN_ARRIVAL,LEISURE,2025-12-04,2025-12-15,3,11837.0,True
TRIP_d116f436bf,U_fc1ec22678,IN,IN_ARRIVAL,EVENT,2025-09-02,2025-09-16,2,13927.0,True
TRIP_fb90f97d11,U_e59b31ad87,IN,IN_ARRIVAL,LEISURE,2024-12-06,2024-12-25,3,7784.0,True
TRIP_3ba40c06ea,U_454d2bd462,IN,IN_ARRIVAL,LEISURE,2026-05-06,2026-05-18,1,30512.0,True
TRIP_a8bd81aea0,U_454d2bd462,IN,IN_ARRIVAL,LEISURE,2024-11-27,2024-12-01,1,13297.0,False
TRIP_84b8b50c3b,U_1df4240e70,IN,IN_ARRIVAL,LEISURE,2024-12-18,2025-01-04,3,6469.0,True
TRIP_31d90ccf9a,U_00751afb28,IN,IN_ARRIVAL,VFR,2026-05-30,2026-06-10,1,11408.0,True
TRIP_7acb2bd566,U_06c662c6c1,IN,IN_ARRIVAL,EDUCATION,2025-10-06,2025-10-10,1,10796.0,True
TRIP_32a0d920d3,U_60b09d836a,IN,IN_ARRIVAL,BUSINESS,2026-06-05,2026-06-21,2,22994.0,True
TRIP_9f83298128,U_51829e7d40,IN,IN_ARRIVAL,PILGRIMAGE,2024-09-05,2024-09-18,2,15759.0,True
TRIP_723bf72632,U_83774dff66,IN,IN_ARRIVAL,VFR,2026-05-18,2026-05-26,3,15873.0,True
TRIP_8ea65e39d4,U_4d99c87bf5,IN,IN_ARRIVAL,BUSINESS,2025-08-04,2025-08-24,1,19483.0,True
TRIP_624a1ef043,U_4d99c87bf5,IN,IN_ARRIVAL,EVENT,2026-01-07,2026-01-25,2,8102.0,False
TRIP_4c1a16ce59,U_3fc5a48377,IN,IN_ARRIVAL,LEISURE,2026-01-20,2026-02-06,3,16145.0,True
TRIP_c0fb5d1cb1,U_3fc5a48377,IN,IN_ARRIVAL,LEISURE,2026-04-09,2026-04-13,4,34122.0,False
TRIP_c1cb9c3cff,U_7339f1f9eb,IN,IN_ARRIVAL,EVENT,2024-11-08,2024-11-21,2,22549.0,True
TRIP_5376855349,U_7339f1f9eb,IN,IN_ARRIVAL,LEISURE,2025-02-14,2025-02-24,3,17191.0,False
TRIP_4d2b48cfdc,U_6451958fef,IN,IN_ARRIVAL,LEISURE,2024-11-02,2024-11-17,3,19095.0,True
TRIP_b14ca2de65,U_ee29d45546,IN,IN_ARRIVAL,LEISURE,2025-08-31,2025-09-16,4,24284.0,True
TRIP_9376a3f749,U_811510df93,IN,IN_ARRIVAL,LEISURE,2025-06-27,2025-07-12,4,8151.0,True
TRIP_b947133c3e,U_ce7abea522,IN,IN_ARRIVAL,VFR,2024-10-01,2024-10-13,2,13341.0,True
TRIP_e1407b4f31,U_ce7abea522,IN,IN_ARRIVAL,VFR,2026-03-24,2026-03-30,1,8278.0,False
TRIP_9faf756940,U_1501ab5d28,IN,IN_ARRIVAL,VFR,2026-01-07,2026-01-11,2,8308.0,True
TRIP_8b433f2de1,U_0f44b440a5,IN,IN_ARRIVAL,MEDICAL,2026-01-21,2026-01-24,1,4312.0,True
TRIP_207a40b81e,U_0f44b440a5,IN,IN_ARRIVAL,LEISURE,2024-10-24,2024-11-02,4,9415.0,False
TRIP_b4f6c6d451,U_322abececd,IN,IN_ARRIVAL,BUSINESS,2026-05-14,2026-05-27,2,9229.0,True
TRIP_8190431b88,U_322abececd,IN,IN_ARRIVAL,VFR,2025-12-26,2026-01-06,2,8170.0,False
TRIP_0ef0aeca36,U_34e7e4c381,IN,IN_ARRIVAL,BUSINESS,2025-05-07,2025-05-10,1,30824.0,True
TRIP_b2cc1a1a94,U_34e7e4c381,IN,IN_ARRIVAL,LEISURE,2025-10-05,2025-10-14,2,10854.0,False
TRIP_fbaef0e425,U_34e7e4c381,IN,IN_ARRIVAL,EVENT,2025-05-07,2025-05-19,1,23518.0,False
TRIP_6aaf4a613a,U_e621b29a75,IN,IN_ARRIVAL,MEDICAL,2025-10-16,2025-11-06,1,9629.0,True
TRIP_64ee0886cc,U_e621b29a75,IN,IN_ARRIVAL,LEISURE,2025-10-29,2025-11-06,3,11784.0,False
TRIP_aee36e8aa0,U_e621b29a75,IN,IN_ARRIVAL,TRANSIT,2025-08-21,2025-09-04,1,6391.0,False
TRIP_2b0f35dc3d,U_e621b29a75,IN,IN_ARRIVAL,BUSINESS,2026-03-07,2026-03-11,2,15428.0,False
TRIP_525b4d0b78,U_7348a59df1,IN,IN_ARRIVAL,VFR,2025-01-01,2025-01-11,4,46748.0,True
TRIP_8baee2f9ea,U_7348a59df1,IN,IN_ARRIVAL,VFR,2026-05-07,2026-05-20,4,20813.0,False
TRIP_b9568d04f2,U_d26710357d,IN,IN_ARRIVAL,LEISURE,2024-08-17,2024-08-24,3,14829.0,True
TRIP_13fc380e0c,U_f63ecd05fe,IN,IN_ARRIVAL,EVENT,2025-08-29,2025-09-14,1,15319.0,True
TRIP_b455c52e85,U_f63ecd05fe,IN,IN_ARRIVAL,EDUCATION,2025-04-01,2025-04-16,1,19106.0,False
TRIP_5beb7af080,U_f63ecd05fe,IN,IN_ARRIVAL,VFR,2025-01-30,2025-02-16,2,52518.0,False
TRIP_95a1c6369a,U_981950a8c1,IN,IN_ARRIVAL,BUSINESS,2025-12-15,2025-12-30,1,23116.0,True
TRIP_3be3a42a69,U_981950a8c1,IN,IN_ARRIVAL,VFR,2025-06-19,2025-06-25,4,83966.0,False
TRIP_18d71431ca,U_d0f163435b,IN,IN_ARRIVAL,VFR,2025-02-17,2025-03-07,2,4253.0,True
TRIP_a7a7cdbcfe,U_d4203f247a,IN,IN_ARRIVAL,LEISURE,2025-02-13,2025-02-21,3,48533.0,True
TRIP_a14673f334,U_d4203f247a,IN,IN_ARRIVAL,VFR,2024-12-13,2025-01-02,1,8594.0,True
TRIP_599ad1f9aa,U_67747e1810,IN,IN_ARRIVAL,BUSINESS,2025-09-11,2025-09-26,1,3160.0,True
TRIP_27cadf4805,U_67747e1810,IN,IN_ARRIVAL,EDUCATION,2026-05-04,2026-05-16,1,39743.0,False
TRIP_8c99c12d1f,U_ef9c8237d9,IN,IN_ARRIVAL,BUSINESS,2024-12-27,2025-01-08,4,17352.0,True
TRIP_10ff95e8b4,U_2de4250be3,IN,IN_ARRIVAL,VFR,2025-01-25,2025-02-09,3,8547.0,True
TRIP_2da54f348f,U_2de4250be3,IN,IN_ARRIVAL,VFR,2025-09-17,2025-10-02,4,25677.0,False
TRIP_f39582c9a5,U_2de4250be3,IN,IN_ARRIVAL,BUSINESS,2026-01-22,2026-01-28,1,12134.0,False
TRIP_ca0b9fda0e,U_24a65d7dca,IN,IN_ARRIVAL,BUSINESS,2025-01-05,2025-01-18,4,6378.0,True
TRIP_06e598de66,U_24a65d7dca,IN,IN_ARRIVAL,BUSINESS,2024-08-13,2024-08-29,2,15233.0,False
TRIP_c55628f2eb,U_7001a1d862,IN,IN_ARRIVAL,MEDICAL,2025-03-21,2025-04-04,2,7404.0,True
TRIP_593ffa86f0,U_60075c7713,IN,IN_ARRIVAL,LEISURE,2025-04-19,2025-04-23,3,2989.0,True
TRIP_092a0f07e7,U_34ba1369c1,IN,IN_ARRIVAL,BUSINESS,2026-03-02,2026-03-19,3,39891.0,True
TRIP_7e262f7d84,U_34ba1369c1,IN,IN_ARRIVAL,LEISURE,2025-09-29,2025-10-10,3,35036.0,False
TRIP_d3986c4fa0,U_18c8ab54aa,IN,IN_ARRIVAL,BUSINESS,2026-01-14,2026-02-02,1,7598.0,True
TRIP_238acfab48,U_18c8ab54aa,IN,IN_ARRIVAL,BUSINESS,2025-09-12,2025-09-27,2,6052.0,False
TRIP_9d68817e90,U_18c8ab54aa,IN,IN_ARRIVAL,LEISURE,2026-04-08,2026-04-15,4,3294.0,False
TRIP_3d8625788f,U_4999afe48a,IN,IN_ARRIVAL,LEISURE,2025-02-28,2025-03-20,3,47752.0,True
TRIP_e8e9d9657f,U_a2b60fedab,IN,IN_ARRIVAL,LEISURE,2025-07-20,2025-08-08,3,16512.0,True
TRIP_f139407083,U_a2b60fedab,IN,IN_ARRIVAL,EDUCATION,2026-04-08,2026-04-23,3,11603.0,True
TRIP_f95f0c7aac,U_b29d227c8d,IN,IN_ARRIVAL,LEISURE,2026-06-19,2026-07-08,3,68881.0,True
TRIP_2f26281e10,U_e2f992ae2a,IN,IN_ARRIVAL,LEISURE,2026-03-26,2026-04-03,1,12329.0,True
TRIP_e52fe58a28,U_2988adc8c6,IN,IN_ARRIVAL,BUSINESS,2026-07-10,2026-07-24,2,28708.0,True
TRIP_5a12b885d2,U_2988adc8c6,IN,IN_ARRIVAL,LEISURE,2025-03-22,2025-04-07,4,21841.0,False
TRIP_a78cb227e7,U_2988adc8c6,IN,IN_ARRIVAL,VFR,2025-09-24,2025-10-03,1,5173.0,False
TRIP_db31b8f809,U_2988adc8c6,IN,IN_ARRIVAL,LEISURE,2025-12-05,2025-12-25,2,5634.0,False
TRIP_c994c3650d,U_add9e50a0b,IN,IN_ARRIVAL,LEISURE,2026-01-20,2026-02-04,4,9722.0,True
TRIP_108c2542a8,U_e142fad750,IN,IN_ARRIVAL,LEISURE,2026-06-27,2026-07-06,4,8290.0,True
TRIP_821bedace9,U_216cbe5e58,IN,IN_ARRIVAL,EDUCATION,2025-01-22,2025-01-27,4,28235.0,True
TRIP_dd7257ab2e,U_f3c7830a18,IN,IN_ARRIVAL,EDUCATION,2026-05-02,2026-05-05,4,6809.0,True
TRIP_499e5a2e4a,U_818dfe78e9,IN,IN_ARRIVAL,EDUCATION,2024-12-08,2024-12-13,4,5921.0,True
TRIP_ba8ee11740,U_e6302ae3a8,IN,IN_ARRIVAL,EDUCATION,2026-06-07,2026-06-12,4,52606.0,True
TRIP_ca118f2d92,U_b5877018e6,IN,IN_ARRIVAL,LEISURE,2024-08-17,2024-08-21,2,6418.0,True
TRIP_6569885594,U_3a101a990a,IN,IN_ARRIVAL,TRANSIT,2026-03-07,2026-03-23,1,6036.0,True
TRIP_919117c013,U_aadfbb7387,IN,IN_ARRIVAL,PILGRIMAGE,2026-01-23,2026-01-27,3,9416.0,True
TRIP_8796ce84b7,U_f653af9a6c,IN,IN_ARRIVAL,PILGRIMAGE,2025-10-27,2025-11-08,4,48886.0,True
TRIP_59b2fa0a57,U_f653af9a6c,IN,IN_ARRIVAL,LEISURE,2026-04-13,2026-05-02,3,16000.0,False
TRIP_0de7ec6616,U_f653af9a6c,IN,IN_ARRIVAL,TRANSIT,2025-06-07,2025-06-22,1,6958.0,False
TRIP_797f09c4bb,U_e5d3198bed,IN,IN_ARRIVAL,LEISURE,2026-04-26,2026-05-16,1,27527.0,True
TRIP_76f17ec487,U_e5d3198bed,IN,IN_ARRIVAL,VFR,2026-07-07,2026-07-12,3,19297.0,False
TRIP_dc8b53633d,U_c4d7270ae8,IN,IN_ARRIVAL,BUSINESS,2025-06-19,2025-07-07,3,4611.0,True
TRIP_e8b969ed17,U_f058b60158,IN,IN_ARRIVAL,TRANSIT,2025-02-08,2025-02-12,1,26580.0,True
TRIP_39880b3f4a,U_f058b60158,IN,IN_ARRIVAL,LEISURE,2025-01-24,2025-02-11,3,33451.0,False
TRIP_b903fcc0b5,U_b3c3598c43,IN,IN_ARRIVAL,LEISURE,2024-12-28,2025-01-13,4,5038.0,True
TRIP_0863e4e066,U_b3c3598c43,IN,IN_ARRIVAL,MEDICAL,2026-03-27,2026-04-10,4,1925.0,False
TRIP_2fd2f50564,U_1592e8b297,IN,IN_ARRIVAL,BUSINESS,2024-09-02,2024-09-15,2,7340.0,True
TRIP_3b242f8a4e,U_f8e13c734f,IN,IN_ARRIVAL,LEISURE,2026-01-11,2026-01-26,1,5010.0,True
TRIP_ab7f2f77db,U_f8e13c734f,IN,IN_ARRIVAL,BUSINESS,2026-02-12,2026-03-04,3,5115.0,False
TRIP_3ccd4933ae,U_f8e13c734f,IN,IN_ARRIVAL,VFR,2025-11-18,2025-11-30,3,1264.0,False
TRIP_72f5ae3ed0,U_f8e13c734f,IN,IN_ARRIVAL,EDUCATION,2025-12-28,2026-01-02,2,7926.0,False
TRIP_e81d5fccda,U_7da4f8c789,IN,IN_ARRIVAL,LEISURE,2024-08-18,2024-09-05,4,4795.0,True
TRIP_f8e291338c,U_7da4f8c789,IN,IN_ARRIVAL,TRANSIT,2025-02-28,2025-03-15,2,23343.0,False
TRIP_ad4c0cb246,U_0f9f7ee78e,IN,IN_ARRIVAL,PILGRIMAGE,2026-05-08,2026-05-23,4,14170.0,True
TRIP_276e0620b8,U_0f9f7ee78e,IN,IN_ARRIVAL,BUSINESS,2025-05-22,2025-05-31,3,4833.0,False
TRIP_cc6cd89524,U_25fabce6a2,IN,IN_ARRIVAL,BUSINESS,2025-11-20,2025-11-27,4,9281.0,True
TRIP_36537754b6,U_015d3da4bf,IN,IN_ARRIVAL,BUSINESS,2026-04-04,2026-04-23,2,9290.0,True
TRIP_beb3120b46,U_015d3da4bf,IN,IN_ARRIVAL,VFR,2025-02-01,2025-02-16,2,4932.0,False
TRIP_c31d497ac5,U_015d3da4bf,IN,IN_ARRIVAL,EVENT,2025-08-22,2025-09-08,4,8886.0,False
TRIP_e13ba0d9c0,U_2d3a7e1854,IN,IN_ARRIVAL,LEISURE,2024-12-31,2025-01-18,3,3078.0,True
TRIP_852c3522a4,U_2d3a7e1854,IN,IN_ARRIVAL,TRANSIT,2026-04-08,2026-04-11,4,14892.0,False
TRIP_4f8cf8174b,U_8cbc24c8ef,IN,IN_ARRIVAL,BUSINESS,2025-10-29,2025-11-17,3,66594.0,True
TRIP_f4aca14805,U_bfaff90628,IN,IN_ARRIVAL,EVENT,2025-10-12,2025-10-31,1,11923.0,True
TRIP_86db0b5c0f,U_7ec81be4e6,IN,IN_ARRIVAL,EVENT,2024-08-20,2024-08-29,4,16511.0,True
TRIP_00b63db9f4,U_7ec81be4e6,IN,IN_ARRIVAL,EDUCATION,2024-12-04,2024-12-23,3,20940.0,False
TRIP_d70dad0e39,U_7ec81be4e6,IN,IN_ARRIVAL,MEDICAL,2026-06-29,2026-07-15,1,22401.0,False
TRIP_22a0eb2cfb,U_766a4f4804,IN,IN_ARRIVAL,VFR,2025-10-15,2025-10-22,4,12324.0,True
TRIP_d5a8211b0d,U_766a4f4804,IN,IN_ARRIVAL,LEISURE,2025-07-14,2025-07-29,2,4065.0,False
TRIP_0ed1d4bfa4,U_766a4f4804,IN,IN_ARRIVAL,LEISURE,2024-11-16,2024-11-29,2,17796.0,False
TRIP_a311ae5a07,U_12596fd32e,IN,IN_ARRIVAL,EDUCATION,2025-06-17,2025-07-08,1,24630.0,True
TRIP_49150e7221,U_12596fd32e,IN,IN_ARRIVAL,LEISURE,2026-03-01,2026-03-04,2,10228.0,False
TRIP_70c32a2a47,U_f316967330,IN,IN_ARRIVAL,EDUCATION,2025-02-27,2025-03-06,4,28271.0,True
TRIP_ec7d7a9e7b,U_f316967330,IN,IN_ARRIVAL,VFR,2026-05-11,2026-05-26,1,44993.0,False
TRIP_a5cbaa6694,U_f316967330,IN,IN_ARRIVAL,VFR,2026-04-25,2026-05-09,2,26657.0,False
TRIP_4de4f45fd1,U_8246809d15,IN,IN_ARRIVAL,PILGRIMAGE,2026-03-25,2026-04-03,2,14606.0,True
TRIP_a3b07b1fee,U_88cb5f0079,IN,IN_ARRIVAL,VFR,2025-08-29,2025-09-07,1,26394.0,True
TRIP_b963ba3c71,U_ee08e2c4ac,IN,IN_ARRIVAL,LEISURE,2025-10-16,2025-10-22,4,10950.0,True
TRIP_80390262cc,U_ee08e2c4ac,IN,IN_ARRIVAL,LEISURE,2025-03-17,2025-03-30,2,20751.0,False
TRIP_01e89982dd,U_36d2551c8b,IN,IN_ARRIVAL,LEISURE,2024-11-11,2024-11-30,3,23078.0,True
TRIP_dc6c7941cf,U_36d2551c8b,IN,IN_ARRIVAL,BUSINESS,2026-03-07,2026-03-26,1,5660.0,False
TRIP_63793d293c,U_36d2551c8b,IN,IN_ARRIVAL,LEISURE,2024-12-19,2024-12-25,1,14926.0,False
TRIP_a0d2a6d4f1,U_ad46288821,IN,IN_ARRIVAL,VFR,2025-09-16,2025-10-03,2,45025.0,True
TRIP_cb175b54b5,U_85a5b0a3ad,IN,IN_ARRIVAL,TRANSIT,2024-11-20,2024-11-24,1,14730.0,True
TRIP_9313f24a07,U_85a5b0a3ad,IN,IN_ARRIVAL,LEISURE,2026-04-07,2026-04-18,3,14228.0,False
TRIP_2b3340db1f,U_2159aa305b,IN,IN_ARRIVAL,MEDICAL,2026-01-07,2026-01-27,2,3270.0,True
TRIP_fe5fc19d43,U_ab548679bf,IN,IN_ARRIVAL,PILGRIMAGE,2025-01-03,2025-01-14,4,10001.0,True
TRIP_55a9c094ce,U_ab548679bf,IN,IN_ARRIVAL,LEISURE,2024-11-11,2024-11-28,4,11654.0,False
TRIP_4eb72b7fdc,U_c4f18e6051,IN,IN_ARRIVAL,LEISURE,2025-08-10,2025-08-26,4,4953.0,True
TRIP_cfd6405cfc,U_cac43599b7,IN,IN_ARRIVAL,MEDICAL,2024-12-12,2024-12-27,4,7388.0,True
TRIP_fb9d8376d1,U_221fd68f87,IN,IN_ARRIVAL,VFR,2025-01-14,2025-01-17,1,3718.0,True
TRIP_90f8326c5e,U_da91ee8fb9,IN,IN_ARRIVAL,LEISURE,2025-05-10,2025-05-27,3,49443.0,True
TRIP_df57634155,U_da91ee8fb9,IN,IN_ARRIVAL,EVENT,2025-08-22,2025-09-02,2,7180.0,False
TRIP_6511c0bb4c,U_da91ee8fb9,IN,IN_ARRIVAL,PILGRIMAGE,2025-05-06,2025-05-10,4,14694.0,False
TRIP_08407529e9,U_7d2c843dbc,IN,IN_ARRIVAL,BUSINESS,2024-10-19,2024-11-05,3,4106.0,True
TRIP_320ba01926,U_3ccc1e78ac,IN,IN_ARRIVAL,LEISURE,2025-03-16,2025-03-22,4,16827.0,True
TRIP_445dd5653f,U_329e1a8ee0,IN,IN_ARRIVAL,PILGRIMAGE,2026-02-16,2026-03-08,4,18440.0,True
TRIP_2167f56702,U_9d264d9439,IN,IN_ARRIVAL,MEDICAL,2025-06-05,2025-06-20,1,7452.0,True
TRIP_ea463adfb9,U_effcb8422a,IN,IN_ARRIVAL,LEISURE,2025-12-01,2025-12-12,2,9212.0,True
TRIP_09452c5ffd,U_4f1e2c29b6,IN,IN_ARRIVAL,EVENT,2026-07-08,2026-07-12,2,27284.0,True
TRIP_fda2a8f276,U_10b5cabefa,IN,IN_ARRIVAL,BUSINESS,2025-04-16,2025-04-22,1,5643.0,True
TRIP_d0df709876,U_abd2084e12,IN,IN_ARRIVAL,LEISURE,2025-07-03,2025-07-23,4,34980.0,True
TRIP_a45e73d6e6,U_6eee343bae,IN,IN_ARRIVAL,VFR,2026-03-11,2026-03-31,2,16420.0,True
TRIP_a9a0a34e32,U_df5dd0ac6a,IN,IN_ARRIVAL,VFR,2026-02-22,2026-03-06,1,20750.0,True
TRIP_53f49b2e39,U_7a396f86b1,IN,IN_ARRIVAL,TRANSIT,2026-02-02,2026-02-05,4,3893.0,True
TRIP_612e0f1c7f,U_aac4ac4b67,IN,IN_ARRIVAL,LEISURE,2025-07-18,2025-07-27,1,2009.0,True
TRIP_549238b0cb,U_aac4ac4b67,IN,IN_ARRIVAL,LEISURE,2025-12-13,2025-12-27,1,6486.0,False
TRIP_ddd95e68ad,U_befa9fa956,IN,IN_ARRIVAL,EDUCATION,2026-06-23,2026-06-30,1,49101.0,True
TRIP_e0dfbd3059,U_befa9fa956,IN,IN_ARRIVAL,LEISURE,2026-02-03,2026-02-19,3,8515.0,False
TRIP_6d7fc942fc,U_f8404ded74,IN,IN_ARRIVAL,LEISURE,2025-02-16,2025-03-07,2,47350.0,True
TRIP_6ba3dc2f3d,U_74ef2be312,IN,IN_ARRIVAL,LEISURE,2025-04-22,2025-05-11,2,7852.0,True
TRIP_55713345ce,U_74ef2be312,IN,IN_ARRIVAL,LEISURE,2025-10-05,2025-10-10,3,28716.0,False
TRIP_fc1a305740,U_74ef2be312,IN,IN_ARRIVAL,EVENT,2024-11-22,2024-12-04,4,38088.0,False
TRIP_06b40da429,U_3df78f94bb,IN,IN_ARRIVAL,PILGRIMAGE,2025-12-08,2025-12-20,3,10954.0,True
TRIP_b5b1bd1c56,U_71cd7c0c09,IN,IN_ARRIVAL,TRANSIT,2025-01-26,2025-02-16,1,881.0,True
TRIP_b2565d93d1,U_71cd7c0c09,IN,IN_ARRIVAL,EDUCATION,2025-08-10,2025-08-22,3,48783.0,False
TRIP_c1492dc5d5,U_84f5ea413d,IN,IN_ARRIVAL,BUSINESS,2026-04-27,2026-05-12,4,80709.0,True
TRIP_0315dbe716,U_8960847739,IN,IN_ARRIVAL,EDUCATION,2025-01-04,2025-01-17,1,20766.0,True
TRIP_3b85034955,U_a6e969ed85,IN,IN_ARRIVAL,LEISURE,2025-03-12,2025-03-15,2,4125.0,True
TRIP_f1d9b1b675,U_a6e969ed85,IN,IN_ARRIVAL,LEISURE,2025-08-16,2025-09-06,1,16947.0,False
TRIP_634d72585d,U_766f059ae5,IN,IN_ARRIVAL,LEISURE,2025-10-05,2025-10-25,4,5821.0,True
TRIP_e5cb17f1c7,U_766f059ae5,IN,IN_ARRIVAL,LEISURE,2024-09-21,2024-10-04,1,1488.0,False
TRIP_89ec01dfba,U_5c4f985132,IN,IN_ARRIVAL,EVENT,2025-02-05,2025-02-08,1,5814.0,True
TRIP_59bfa3f402,U_99b406146c,IN,IN_ARRIVAL,EDUCATION,2025-03-14,2025-03-21,1,13486.0,True
TRIP_da6edb4d32,U_79a8d71802,IN,IN_ARRIVAL,LEISURE,2025-02-10,2025-02-26,2,44850.0,True
TRIP_0e38be5423,U_9dc118ae00,IN,IN_ARRIVAL,LEISURE,2025-07-31,2025-08-11,2,44668.0,True
TRIP_f5029ae16d,U_a58c2c3c00,IN,IN_ARRIVAL,LEISURE,2024-10-18,2024-10-28,3,21881.0,True
TRIP_8d3e2f2cc4,U_a58c2c3c00,IN,IN_ARRIVAL,LEISURE,2025-05-04,2025-05-11,3,27188.0,False
TRIP_7f32cb9e22,U_e29223bc27,IN,IN_ARRIVAL,LEISURE,2024-11-28,2024-12-13,1,31584.0,True
TRIP_d76eaffcb2,U_1a9aa42aeb,IN,IN_ARRIVAL,TRANSIT,2025-01-26,2025-02-11,4,4651.0,True
TRIP_e6d8a9e7d6,U_1a9aa42aeb,IN,IN_ARRIVAL,LEISURE,2025-06-12,2025-06-18,1,11558.0,False
TRIP_8f4932fd38,U_1a9aa42aeb,IN,IN_ARRIVAL,BUSINESS,2026-04-08,2026-04-24,1,5903.0,False
TRIP_a5a771219e,U_e99193e765,IN,IN_ARRIVAL,MEDICAL,2026-04-11,2026-04-29,3,8648.0,True
TRIP_e7abdf2a2b,U_ac71026c98,IN,IN_ARRIVAL,BUSINESS,2025-05-02,2025-05-16,1,24161.0,True
TRIP_37de892e0b,U_b6b2891acd,IN,IN_ARRIVAL,LEISURE,2025-04-05,2025-04-08,3,23686.0,True
TRIP_d776400d30,U_25081db043,IN,IN_ARRIVAL,LEISURE,2025-09-09,2025-09-22,4,11189.0,True
TRIP_a5a150de64,U_b5248441ad,IN,IN_ARRIVAL,VFR,2024-09-06,2024-09-27,4,4255.0,True
TRIP_55d6263fd7,U_d9fb028fa4,IN,IN_ARRIVAL,BUSINESS,2026-02-26,2026-03-11,4,7528.0,True
TRIP_0941c55582,U_d9fb028fa4,IN,IN_ARRIVAL,EVENT,2024-12-27,2025-01-06,3,6864.0,False
TRIP_d87cde7530,U_ea9440e90a,IN,IN_ARRIVAL,MEDICAL,2026-05-27,2026-06-05,2,20572.0,True
TRIP_94f143c07c,U_ea9440e90a,IN,IN_ARRIVAL,LEISURE,2025-09-19,2025-10-07,3,30019.0,False
TRIP_bce203e0dd,U_7d552ab5c5,IN,IN_ARRIVAL,TRANSIT,2025-05-23,2025-06-11,3,16627.0,True
TRIP_990c773514,U_7d552ab5c5,IN,IN_ARRIVAL,LEISURE,2025-06-09,2025-06-21,3,41518.0,False
TRIP_c78e96d673,U_7d552ab5c5,IN,IN_ARRIVAL,LEISURE,2025-06-05,2025-06-21,4,12876.0,False
TRIP_7470458599,U_61020011ac,IN,IN_ARRIVAL,EDUCATION,2025-05-26,2025-06-10,1,7007.0,True
TRIP_295bc371e5,U_61020011ac,IN,IN_ARRIVAL,LEISURE,2025-06-15,2025-06-21,3,84050.0,False
TRIP_c3882d84a3,U_61a369f783,IN,IN_ARRIVAL,LEISURE,2025-08-26,2025-08-31,3,4725.0,True
TRIP_c6d013d0dc,U_2e50c0a19d,IN,IN_ARRIVAL,EVENT,2025-06-21,2025-07-08,1,16906.0,True
TRIP_2482d7b249,U_db9f471205,IN,IN_ARRIVAL,LEISURE,2026-04-14,2026-05-04,3,59156.0,True
TRIP_cdfd4d8bd7,U_db9f471205,IN,IN_ARRIVAL,LEISURE,2025-05-24,2025-06-12,1,17498.0,False
TRIP_aae0036ec1,U_16f2dd51a3,IN,IN_ARRIVAL,EDUCATION,2026-02-13,2026-03-03,2,8077.0,True
TRIP_a011648bbd,U_16f2dd51a3,IN,IN_ARRIVAL,LEISURE,2024-08-13,2024-08-21,3,6230.0,False
TRIP_5462529f10,U_16f2dd51a3,IN,IN_ARRIVAL,TRANSIT,2026-05-18,2026-05-26,2,23472.0,False
TRIP_ab5b068f3e,U_16f2dd51a3,IN,IN_ARRIVAL,BUSINESS,2024-10-06,2024-10-25,3,11410.0,False
TRIP_7a08508781,U_5add85e0f1,IN,IN_ARRIVAL,LEISURE,2025-02-23,2025-03-04,1,25355.0,True
TRIP_c2fe9025bd,U_07ecf23d93,IN,IN_ARRIVAL,LEISURE,2025-03-01,2025-03-09,2,30987.0,True
TRIP_257b31f350,U_a7f3f689ab,IN,IN_ARRIVAL,LEISURE,2026-01-21,2026-01-30,2,25387.0,True
TRIP_ba91b8476f,U_a84c4ba4ef,IN,IN_ARRIVAL,EDUCATION,2025-03-22,2025-04-02,4,2856.0,True
TRIP_335a92023a,U_d103097036,IN,IN_ARRIVAL,LEISURE,2026-01-16,2026-01-25,1,34127.0,True
TRIP_b361df2952,U_5b9a30c576,IN,IN_ARRIVAL,EVENT,2026-02-14,2026-02-28,4,54276.0,True
TRIP_1c5adc45db,U_5b9a30c576,IN,IN_ARRIVAL,EDUCATION,2025-01-01,2025-01-07,3,19042.0,False
TRIP_00c8a6f34e,U_75939c0566,IN,IN_ARRIVAL,EDUCATION,2025-03-16,2025-03-31,3,19821.0,True
TRIP_9506ba95c8,U_223b467dc3,IN,IN_ARRIVAL,LEISURE,2025-02-06,2025-02-15,1,13416.0,True
TRIP_dae9391ebb,U_223b467dc3,IN,IN_ARRIVAL,EDUCATION,2024-12-07,2024-12-26,3,65331.0,False
TRIP_f6dff6554b,U_223b467dc3,IN,IN_ARRIVAL,MEDICAL,2025-10-29,2025-11-09,1,18780.0,False
TRIP_ff34a43c29,U_c6c997806f,IN,IN_ARRIVAL,BUSINESS,2025-06-24,2025-07-13,1,9300.0,True
TRIP_91129cc6de,U_7044801b62,IN,IN_ARRIVAL,PILGRIMAGE,2026-03-07,2026-03-28,2,6436.0,True
TRIP_138e0f62f3,U_4609cec612,IN,IN_ARRIVAL,LEISURE,2026-07-07,2026-07-21,1,11679.0,True
TRIP_132f71dcf9,U_59eaa3ffac,IN,IN_ARRIVAL,VFR,2026-06-15,2026-07-01,3,15568.0,True
TRIP_2dc0451d35,U_59eaa3ffac,IN,IN_ARRIVAL,LEISURE,2025-04-03,2025-04-07,3,12728.0,False
TRIP_c270e836c1,U_46263141be,IN,IN_ARRIVAL,VFR,2024-12-17,2024-12-31,1,21784.0,True
TRIP_00f7ef8f6b,U_7247699412,IN,IN_ARRIVAL,PILGRIMAGE,2026-03-31,2026-04-06,3,16608.0,True
TRIP_5a7f8ddff2,U_f71be5be77,IN,IN_ARRIVAL,VFR,2024-12-06,2024-12-21,4,10621.0,True
TRIP_ac3d0b57ea,U_64c2a50b05,IN,IN_ARRIVAL,PILGRIMAGE,2026-02-13,2026-02-26,4,27413.0,True
TRIP_5d832d84b2,U_64c2a50b05,IN,IN_ARRIVAL,PILGRIMAGE,2025-08-28,2025-09-17,3,25490.0,False
TRIP_6a6cca26e5,U_64c2a50b05,IN,IN_ARRIVAL,LEISURE,2025-10-15,2025-10-31,4,4569.0,False
TRIP_1ba30dbe11,U_62ed314803,IN,IN_ARRIVAL,LEISURE,2025-04-06,2025-04-19,1,9272.0,True
TRIP_4242b09692,U_62ed314803,IN,IN_ARRIVAL,VFR,2024-10-15,2024-10-28,2,18542.0,False
TRIP_a75e25fc68,U_b605be8085,IN,IN_ARRIVAL,LEISURE,2024-09-29,2024-10-06,3,28583.0,True
TRIP_cddf7107ca,U_98eff12e57,IN,IN_ARRIVAL,LEISURE,2024-08-18,2024-08-24,4,5066.0,True
TRIP_c8e66146cc,U_98eff12e57,IN,IN_ARRIVAL,EDUCATION,2024-11-26,2024-12-08,2,4105.0,True
TRIP_ac186f75fa,U_98eff12e57,IN,IN_ARRIVAL,LEISURE,2025-04-03,2025-04-08,4,6806.0,False
TRIP_30bf705dc0,U_98eff12e57,IN,IN_ARRIVAL,TRANSIT,2025-04-18,2025-05-01,4,13403.0,False
TRIP_67e95b6167,U_ff872707c9,IN,IN_ARRIVAL,VFR,2025-06-09,2025-06-15,3,27142.0,True
TRIP_c02c34b348,U_ff872707c9,IN,IN_ARRIVAL,BUSINESS,2025-07-04,2025-07-11,4,36770.0,False
TRIP_a5615515d5,U_ff872707c9,IN,IN_ARRIVAL,TRANSIT,2024-12-05,2024-12-22,2,54583.0,False
TRIP_bf83463504,U_084b51c22d,IN,IN_ARRIVAL,VFR,2024-10-01,2024-10-12,3,9980.0,True
TRIP_b37037bdab,U_084b51c22d,IN,IN_ARRIVAL,PILGRIMAGE,2025-01-16,2025-01-22,4,9746.0,False
TRIP_0188130b8d,U_c66a558b7a,IN,IN_ARRIVAL,EVENT,2025-02-04,2025-02-23,4,11296.0,True
TRIP_cdd0f5a6d2,U_549c582864,IN,IN_ARRIVAL,LEISURE,2024-12-09,2024-12-27,2,21950.0,True
TRIP_9c30ce4c62,U_3056287b3f,IN,IN_ARRIVAL,LEISURE,2026-01-07,2026-01-28,1,26099.0,True
TRIP_e2511975dc,U_80fe47a02d,IN,IN_ARRIVAL,PILGRIMAGE,2026-04-18,2026-04-30,1,5888.0,True
TRIP_b1c6cbd66c,U_ac4e96d2b3,IN,IN_ARRIVAL,BUSINESS,2025-09-24,2025-10-08,3,7426.0,True
TRIP_6ec4928063,U_ac4e96d2b3,IN,IN_ARRIVAL,PILGRIMAGE,2026-05-01,2026-05-11,2,22008.0,False
TRIP_44a41281cb,U_e191d0600c,IN,IN_ARRIVAL,LEISURE,2026-03-29,2026-04-06,2,31686.0,True
TRIP_f6e2a5b303,U_e191d0600c,IN,IN_ARRIVAL,LEISURE,2025-12-23,2026-01-03,2,36679.0,False
TRIP_4d6538d9ec,U_e191d0600c,IN,IN_ARRIVAL,PILGRIMAGE,2025-10-25,2025-11-08,1,12026.0,False
TRIP_29a202cd5f,U_cfc8248baf,IN,IN_ARRIVAL,LEISURE,2025-06-02,2025-06-17,4,17744.0,True
TRIP_f96e784986,U_7ae83cd459,IN,IN_ARRIVAL,LEISURE,2025-06-01,2025-06-07,4,16966.0,True
TRIP_785dc670b9,U_308a68f177,IN,IN_ARRIVAL,BUSINESS,2025-04-25,2025-05-08,4,5757.0,True
TRIP_b63cc67771,U_308a68f177,IN,IN_ARRIVAL,LEISURE,2025-01-19,2025-01-22,4,35415.0,False
TRIP_28b25d4681,U_308a68f177,IN,IN_ARRIVAL,EDUCATION,2026-02-17,2026-03-08,3,4475.0,False
TRIP_0c8272c080,U_bd4a8fc3ca,IN,IN_ARRIVAL,MEDICAL,2024-08-14,2024-08-29,3,16158.0,True
TRIP_36f86b2279,U_2fb6dcb1ac,IN,IN_ARRIVAL,VFR,2026-05-28,2026-05-31,3,7216.0,True
TRIP_c5c983fb86,U_8dc1e94b6e,IN,IN_ARRIVAL,VFR,2025-11-29,2025-12-14,1,9072.0,True
TRIP_3c1398dae8,U_8dc1e94b6e,IN,IN_ARRIVAL,LEISURE,2024-11-21,2024-12-11,4,11484.0,False
TRIP_365efbeff9,U_10696affdb,IN,IN_ARRIVAL,LEISURE,2026-06-02,2026-06-18,2,20206.0,True
TRIP_b2c6c4a6df,U_10696affdb,IN,IN_ARRIVAL,VFR,2025-06-04,2025-06-16,2,4481.0,False
TRIP_7ea32eea6b,U_a50a1ea1c9,IN,IN_ARRIVAL,PILGRIMAGE,2025-06-22,2025-06-30,1,9199.0,True
TRIP_462ec73c5b,U_a50a1ea1c9,IN,IN_ARRIVAL,MEDICAL,2025-10-21,2025-11-06,3,9422.0,False
TRIP_04a143ce1c,U_a50a1ea1c9,IN,IN_ARRIVAL,LEISURE,2025-09-30,2025-10-08,3,27041.0,False
TRIP_7e0d6f9555,U_3fce9fbca3,IN,IN_ARRIVAL,LEISURE,2024-08-27,2024-09-16,1,3317.0,True
TRIP_0086337dde,U_b247c20f7f,IN,IN_ARRIVAL,MEDICAL,2024-12-05,2024-12-17,3,15896.0,True
TRIP_b529041a2b,U_653015fb0b,IN,IN_ARRIVAL,EDUCATION,2024-12-19,2025-01-03,4,6153.0,True
TRIP_a6be159402,U_653015fb0b,IN,IN_ARRIVAL,MEDICAL,2025-08-20,2025-09-10,1,8040.0,False
TRIP_f7fd01e7c9,U_653015fb0b,IN,IN_ARRIVAL,LEISURE,2025-01-25,2025-01-29,1,15614.0,False
TRIP_5ef14ad30a,U_f0c3ac912a,IN,IN_ARRIVAL,LEISURE,2024-11-24,2024-12-02,4,8554.0,True
TRIP_1e37a838d9,U_f0c3ac912a,IN,IN_ARRIVAL,LEISURE,2025-07-28,2025-08-15,1,65729.0,False
TRIP_5f55049fc6,U_0d44210060,IN,IN_ARRIVAL,VFR,2025-12-09,2025-12-13,4,13532.0,True
TRIP_9b69282e87,U_70596c3f48,IN,IN_ARRIVAL,LEISURE,2025-09-27,2025-10-12,3,22913.0,True
TRIP_03061a436e,U_70596c3f48,IN,IN_ARRIVAL,BUSINESS,2025-08-07,2025-08-25,1,3948.0,False
TRIP_c00df7b3d2,U_a966f8fc45,IN,IN_ARRIVAL,VFR,2026-05-13,2026-05-17,2,21878.0,True
TRIP_7ca57291ce,U_b5c6147f32,IN,IN_ARRIVAL,EDUCATION,2024-11-23,2024-12-08,2,72985.0,True
TRIP_1af4e72972,U_b1f96d6e1f,IN,IN_ARRIVAL,LEISURE,2025-02-02,2025-02-09,3,23051.0,True
TRIP_36eb02cab8,U_24bcaea169,IN,IN_ARRIVAL,LEISURE,2025-02-06,2025-02-27,4,11879.0,True
TRIP_bd362ea504,U_24bcaea169,IN,IN_ARRIVAL,LEISURE,2024-10-21,2024-10-27,1,19087.0,False
TRIP_373a82514d,U_24bcaea169,IN,IN_ARRIVAL,LEISURE,2024-12-29,2025-01-04,3,3467.0,False
TRIP_d537e3bc25,U_3cbed62f7c,IN,IN_ARRIVAL,LEISURE,2026-01-10,2026-01-26,3,8365.0,True
TRIP_edc9e5f6de,U_a17a14329a,IN,IN_ARRIVAL,EVENT,2025-06-17,2025-06-28,1,25028.0,True
TRIP_5eedb389d5,U_fd2ee947aa,IN,IN_ARRIVAL,TRANSIT,2026-03-07,2026-03-12,2,7933.0,True
TRIP_af797e3358,U_105b5226c8,IN,IN_ARRIVAL,VFR,2026-01-08,2026-01-16,2,4346.0,True
TRIP_b0559d947a,U_967d7ccf61,IN,IN_ARRIVAL,LEISURE,2025-09-26,2025-10-13,3,10832.0,True
TRIP_5388a312a1,U_e331852321,IN,IN_ARRIVAL,LEISURE,2025-03-01,2025-03-08,3,18785.0,True
TRIP_b0a4b62bf8,U_2f4f7881a1,IN,IN_ARRIVAL,BUSINESS,2024-11-23,2024-12-03,1,12307.0,True
TRIP_332c4de549,U_2f4f7881a1,IN,IN_ARRIVAL,PILGRIMAGE,2025-01-17,2025-01-30,1,11149.0,False
TRIP_48b0634acd,U_591132edf9,IN,IN_ARRIVAL,LEISURE,2025-01-23,2025-01-30,1,18024.0,True
TRIP_2bb96beae0,U_591132edf9,IN,IN_ARRIVAL,MEDICAL,2026-05-03,2026-05-23,1,5621.0,False
TRIP_bdb0346d05,U_591132edf9,IN,IN_ARRIVAL,LEISURE,2025-01-15,2025-01-27,4,20488.0,False
TRIP_e66d2d55b9,U_14cd5a1c71,IN,IN_ARRIVAL,BUSINESS,2024-12-30,2025-01-04,4,4474.0,True
TRIP_4f192d04e8,U_9cdae9f059,IN,IN_ARRIVAL,LEISURE,2025-04-02,2025-04-09,1,12838.0,True
TRIP_de996f1967,U_9cdae9f059,IN,IN_ARRIVAL,PILGRIMAGE,2025-12-08,2025-12-17,1,19104.0,False
TRIP_f1fcfde7e1,U_9cdae9f059,IN,IN_ARRIVAL,LEISURE,2025-08-31,2025-09-19,3,17601.0,False
TRIP_01eb1f7def,U_6b55bb6577,IN,IN_ARRIVAL,PILGRIMAGE,2026-07-02,2026-07-09,1,18959.0,True
TRIP_fc7a2be688,U_9f11d0392c,IN,IN_ARRIVAL,BUSINESS,2025-02-10,2025-02-16,4,37695.0,True
TRIP_5fa1dd5949,U_551adbf182,IN,IN_ARRIVAL,EVENT,2026-06-08,2026-06-19,3,8422.0,True
TRIP_171a122b1a,U_551adbf182,IN,IN_ARRIVAL,LEISURE,2026-02-15,2026-02-25,3,40527.0,False
TRIP_7eaeaad3f5,U_4929b104f0,IN,IN_ARRIVAL,BUSINESS,2025-02-09,2025-02-13,4,20729.0,True
TRIP_84d44b2a5c,U_4929b104f0,IN,IN_ARRIVAL,PILGRIMAGE,2025-05-09,2025-05-17,4,7238.0,False
TRIP_9cd4998726,U_4929b104f0,IN,IN_ARRIVAL,LEISURE,2025-08-06,2025-08-11,4,6973.0,False
TRIP_3338861428,U_4929b104f0,IN,IN_ARRIVAL,LEISURE,2025-04-13,2025-04-27,1,27462.0,False
TRIP_68c25b41a0,U_8f73db3472,IN,IN_ARRIVAL,BUSINESS,2025-06-22,2025-06-26,2,40141.0,True
TRIP_f4e3ae9272,U_8f73db3472,IN,IN_ARRIVAL,BUSINESS,2024-09-11,2024-09-23,4,26843.0,False
TRIP_1086a1921d,U_7a3a72bdd2,IN,IN_ARRIVAL,EDUCATION,2025-03-01,2025-03-19,3,8865.0,True
TRIP_34107db426,U_b86284c08d,IN,IN_ARRIVAL,LEISURE,2026-02-02,2026-02-11,4,2879.0,True
TRIP_dc839b2055,U_536a56eba4,IN,IN_ARRIVAL,EVENT,2025-03-27,2025-03-31,3,34261.0,True
TRIP_0d75bccfa8,U_536a56eba4,IN,IN_ARRIVAL,LEISURE,2024-12-23,2024-12-28,2,22229.0,False
TRIP_30110bc649,U_536a56eba4,IN,IN_ARRIVAL,BUSINESS,2024-10-18,2024-10-23,3,10855.0,False
TRIP_05fb36982c,U_c4a41f8b86,IN,IN_ARRIVAL,LEISURE,2025-07-02,2025-07-23,3,8123.0,True
TRIP_893ee5ab5c,U_35d530a8c4,IN,IN_ARRIVAL,BUSINESS,2024-12-15,2024-12-21,4,4082.0,True
TRIP_f3b2a7de37,U_35d530a8c4,IN,IN_ARRIVAL,TRANSIT,2026-02-11,2026-02-24,3,1559.0,True
TRIP_280b2b4c2f,U_35d530a8c4,IN,IN_ARRIVAL,LEISURE,2026-06-27,2026-07-18,2,24555.0,False
TRIP_f3e29a0216,U_35d530a8c4,IN,IN_ARRIVAL,TRANSIT,2026-02-08,2026-02-11,2,22442.0,False
TRIP_78a9c6b75a,U_ef4e99f7d0,IN,IN_ARRIVAL,LEISURE,2025-08-02,2025-08-21,2,10229.0,True
TRIP_32aa033e30,U_e49182ce74,IN,IN_ARRIVAL,VFR,2025-07-12,2025-07-18,3,13617.0,True
TRIP_e594f5ccae,U_e04b9c9d74,IN,IN_ARRIVAL,MEDICAL,2025-08-30,2025-09-20,2,28008.0,True
TRIP_86d0592489,U_d244eeccf5,IN,IN_ARRIVAL,BUSINESS,2024-09-19,2024-09-24,2,9249.0,True
TRIP_0eae025197,U_e6a6837185,IN,IN_ARRIVAL,EDUCATION,2025-11-20,2025-12-08,2,10095.0,True
TRIP_8b973aece0,U_c1e92de600,IN,IN_ARRIVAL,EVENT,2025-10-15,2025-11-05,4,7812.0,True
TRIP_f917fee4b0,U_c1e92de600,IN,IN_ARRIVAL,VFR,2025-06-05,2025-06-08,1,12730.0,False
TRIP_38d6bd6b4d,U_ed27d81226,IN,IN_ARRIVAL,VFR,2024-11-02,2024-11-16,2,21291.0,True
TRIP_72b078efd4,U_ed27d81226,IN,IN_ARRIVAL,LEISURE,2025-07-22,2025-07-30,3,5471.0,False
TRIP_cc8ca1f53e,U_ed27d81226,IN,IN_ARRIVAL,LEISURE,2025-09-01,2025-09-18,3,11975.0,False
TRIP_a8d28fb0fd,U_4189f4437b,IN,IN_ARRIVAL,EVENT,2025-10-16,2025-10-19,1,13200.0,True
TRIP_362411dadf,U_343be9251c,IN,IN_ARRIVAL,EVENT,2025-10-26,2025-11-16,3,10133.0,True
TRIP_b78bdc36d0,U_1f1f4ba9ac,IN,IN_ARRIVAL,TRANSIT,2024-11-14,2024-11-24,4,50285.0,True
TRIP_d863b3681a,U_0ccf4470e4,IN,IN_ARRIVAL,TRANSIT,2026-06-22,2026-07-09,1,6439.0,True
TRIP_d4fb55bc3d,U_0ccf4470e4,IN,IN_ARRIVAL,LEISURE,2026-06-30,2026-07-06,4,38129.0,False
TRIP_4d4b475a8e,U_0ccf4470e4,IN,IN_ARRIVAL,LEISURE,2026-05-17,2026-06-03,1,30006.0,False
TRIP_712640f030,U_1c9b629a38,IN,IN_ARRIVAL,VFR,2024-12-08,2024-12-28,2,9835.0,True
TRIP_437e0006ac,U_1c9b629a38,IN,IN_ARRIVAL,VFR,2025-05-01,2025-05-18,4,40682.0,False
TRIP_3c3071e0a6,U_7ee021b30d,IN,IN_ARRIVAL,LEISURE,2025-12-13,2026-01-03,2,28066.0,True
TRIP_58d185f151,U_5266f50bc4,IN,IN_ARRIVAL,LEISURE,2026-06-17,2026-07-01,4,14845.0,True
TRIP_c31bb06090,U_71542f228b,IN,IN_ARRIVAL,LEISURE,2024-08-27,2024-09-08,1,10876.0,True
TRIP_8dc721abe1,U_71542f228b,IN,IN_ARRIVAL,LEISURE,2024-11-18,2024-12-02,2,9216.0,False
TRIP_d53105b84d,U_b623021f5d,IN,IN_ARRIVAL,MEDICAL,2025-01-16,2025-01-19,4,11696.0,True
TRIP_e773c0e430,U_b623021f5d,IN,IN_ARRIVAL,BUSINESS,2025-09-28,2025-10-09,3,4438.0,False
TRIP_17f38845d5,U_02f240b426,IN,IN_ARRIVAL,BUSINESS,2025-03-09,2025-03-25,4,23745.0,True
TRIP_2689aa59ed,U_bae6ab496e,IN,IN_ARRIVAL,VFR,2026-04-23,2026-04-28,3,10087.0,True
TRIP_822461d573,U_bae6ab496e,IN,IN_ARRIVAL,LEISURE,2025-02-19,2025-03-03,1,44963.0,False
TRIP_d1cb6fc066,U_90dc2a6e21,IN,IN_ARRIVAL,LEISURE,2025-08-23,2025-09-03,3,4488.0,True
TRIP_325c3ad2b3,U_c0dda03e6c,IN,IN_ARRIVAL,BUSINESS,2026-03-21,2026-04-04,1,13001.0,True
TRIP_2f18fdd421,U_d6aee91e0a,IN,IN_ARRIVAL,TRANSIT,2026-01-31,2026-02-18,4,2460.0,True
TRIP_f809ac861f,U_d6aee91e0a,IN,IN_ARRIVAL,LEISURE,2024-11-20,2024-12-03,3,12107.0,False
TRIP_8d10a55d14,U_d6aee91e0a,IN,IN_ARRIVAL,PILGRIMAGE,2025-06-12,2025-06-30,3,9458.0,False
TRIP_ca4c72331c,U_0dc8681be3,IN,IN_ARRIVAL,LEISURE,2024-12-24,2024-12-28,1,14382.0,True
TRIP_a798062a1e,U_0dc8681be3,IN,IN_ARRIVAL,LEISURE,2025-05-25,2025-06-10,4,28968.0,False
TRIP_bc868bc2c1,U_0dc8681be3,IN,IN_ARRIVAL,EDUCATION,2025-05-27,2025-06-05,3,15786.0,False
TRIP_2d38101b3a,U_6fedec4ef9,IN,IN_ARRIVAL,LEISURE,2025-12-16,2025-12-21,2,44449.0,True
TRIP_7c996432d0,U_6fedec4ef9,IN,IN_ARRIVAL,LEISURE,2025-02-28,2025-03-10,2,6964.0,False
TRIP_206e9410cf,U_d1871eaf3d,IN,IN_ARRIVAL,VFR,2025-12-07,2025-12-28,3,5121.0,True
TRIP_c7c85a53b1,U_46e6eb366b,IN,IN_ARRIVAL,LEISURE,2024-08-24,2024-08-31,1,7035.0,True
TRIP_b46af88c06,U_9035fbd6ff,IN,IN_ARRIVAL,MEDICAL,2026-05-15,2026-05-25,1,4332.0,True
TRIP_0b4b43d774,U_3d426cdd79,IN,IN_ARRIVAL,LEISURE,2024-09-06,2024-09-18,4,4017.0,True
TRIP_c2b8c30866,U_3d426cdd79,IN,IN_ARRIVAL,VFR,2025-10-09,2025-10-27,3,4762.0,False
TRIP_35897388fc,U_3d426cdd79,IN,IN_ARRIVAL,LEISURE,2026-05-10,2026-05-26,3,14235.0,False
TRIP_239d2a1565,U_3d426cdd79,IN,IN_ARRIVAL,VFR,2025-11-26,2025-12-09,2,37993.0,False
TRIP_faffd57c17,U_4dc47c0eb5,IN,IN_ARRIVAL,PILGRIMAGE,2026-01-27,2026-02-03,1,6206.0,True
TRIP_4e3ffb3eac,U_4dc47c0eb5,IN,IN_ARRIVAL,BUSINESS,2025-08-20,2025-09-10,4,14746.0,False
TRIP_decb7a4870,U_4dc47c0eb5,IN,IN_ARRIVAL,LEISURE,2025-10-12,2025-10-24,1,19864.0,False
TRIP_298f3db63b,U_7d43fcf103,IN,IN_ARRIVAL,VFR,2026-01-14,2026-01-21,4,7823.0,True
TRIP_3e8ecc4ac3,U_47003094c6,IN,IN_ARRIVAL,BUSINESS,2025-04-18,2025-05-03,2,16056.0,True
TRIP_d009b1ff35,U_7176168152,IN,IN_ARRIVAL,BUSINESS,2026-02-07,2026-02-26,1,22716.0,True
TRIP_16ae2be5d2,U_07ec2b0404,IN,IN_ARRIVAL,VFR,2026-03-10,2026-03-31,2,12316.0,True
TRIP_82e76004ed,U_07ec2b0404,IN,IN_ARRIVAL,EDUCATION,2024-11-05,2024-11-18,1,8548.0,False
TRIP_4a0826960a,U_4269816502,IN,IN_ARRIVAL,VFR,2024-08-20,2024-09-10,1,27929.0,True
TRIP_92eaebe858,U_8fc766428a,IN,IN_ARRIVAL,LEISURE,2024-09-14,2024-09-25,3,31570.0,True
TRIP_8ed5eb168a,U_2d33a4760b,IN,IN_ARRIVAL,PILGRIMAGE,2025-01-30,2025-02-10,2,5886.0,True
TRIP_87819c3a4e,U_fc45929bef,IN,IN_ARRIVAL,VFR,2026-01-16,2026-01-31,3,14924.0,True
TRIP_1cd3c58955,U_d7d563df07,IN,IN_ARRIVAL,VFR,2025-08-11,2025-08-24,2,7136.0,True
TRIP_8855a293c8,U_3584e0165e,IN,IN_ARRIVAL,VFR,2025-05-19,2025-06-02,3,5596.0,True
TRIP_b97de8aa34,U_3584e0165e,IN,IN_ARRIVAL,EDUCATION,2024-12-15,2024-12-18,4,55501.0,False
TRIP_aa5b566a68,U_fa6024905a,IN,IN_ARRIVAL,VFR,2026-05-10,2026-05-30,2,9642.0,True
TRIP_2f02c24519,U_fa6024905a,IN,IN_ARRIVAL,LEISURE,2026-03-02,2026-03-19,4,6860.0,False
TRIP_4d7ab2158d,U_fa6024905a,IN,IN_ARRIVAL,EDUCATION,2026-05-02,2026-05-15,3,4784.0,False
TRIP_a0092750d8,U_84025ddbbe,IN,IN_ARRIVAL,LEISURE,2025-06-09,2025-06-21,3,7639.0,True
TRIP_c9224be792,U_84025ddbbe,IN,IN_ARRIVAL,BUSINESS,2025-09-07,2025-09-17,2,50863.0,False
TRIP_cd965ef30d,U_d36705480f,IN,IN_ARRIVAL,LEISURE,2026-05-08,2026-05-14,4,62876.0,True
TRIP_b34a24323f,U_442c52fe44,IN,IN_ARRIVAL,BUSINESS,2025-01-25,2025-02-05,1,10312.0,True
TRIP_222f6d9da0,U_290f715544,IN,IN_ARRIVAL,PILGRIMAGE,2026-06-28,2026-07-07,4,11303.0,True
TRIP_2f4807236c,U_290f715544,IN,IN_ARRIVAL,VFR,2025-06-07,2025-06-23,3,6793.0,False
TRIP_c0a98a06a6,U_290f715544,IN,IN_ARRIVAL,PILGRIMAGE,2025-07-27,2025-08-05,2,38137.0,False
TRIP_50d030ea3e,U_290f715544,IN,IN_ARRIVAL,EDUCATION,2025-11-04,2025-11-19,1,18168.0,False
TRIP_d524ca300f,U_02f6bbf8bb,IN,IN_ARRIVAL,LEISURE,2025-02-17,2025-03-03,4,5774.0,True
TRIP_ff7afe93f4,U_f61a79fd14,IN,IN_ARRIVAL,LEISURE,2025-05-19,2025-06-09,2,13196.0,True
TRIP_7b265032c0,U_7940890496,IN,IN_ARRIVAL,MEDICAL,2025-03-06,2025-03-20,4,17804.0,True
TRIP_1c991f12ed,U_7940890496,IN,IN_ARRIVAL,LEISURE,2025-05-21,2025-05-24,4,10536.0,False
TRIP_f72e6d47aa,U_1926ac6d1e,IN,IN_ARRIVAL,LEISURE,2024-09-09,2024-09-18,4,38399.0,True
TRIP_a8b2c51c0c,U_1926ac6d1e,IN,IN_ARRIVAL,EDUCATION,2026-07-10,2026-07-31,1,10063.0,False
TRIP_a573f01e9b,U_dbdf0b647b,IN,IN_ARRIVAL,BUSINESS,2025-10-22,2025-10-31,2,17934.0,True
TRIP_55fc1dfe7a,U_dbdf0b647b,IN,IN_ARRIVAL,LEISURE,2024-10-22,2024-11-09,3,8902.0,False
TRIP_387d358dbe,U_366ed2ab14,IN,IN_ARRIVAL,EVENT,2025-10-19,2025-11-05,2,21914.0,True
TRIP_4015798e76,U_40b00ac701,IN,IN_ARRIVAL,VFR,2025-10-22,2025-11-03,4,35871.0,True
TRIP_2f2f118dc3,U_40b00ac701,IN,IN_ARRIVAL,PILGRIMAGE,2026-01-05,2026-01-08,3,14463.0,False
TRIP_3928f75676,U_26c8cbd18a,IN,IN_ARRIVAL,LEISURE,2024-11-26,2024-12-11,1,16929.0,True
TRIP_e771f51783,U_54cc93ed6c,IN,IN_ARRIVAL,BUSINESS,2025-09-23,2025-10-07,2,8395.0,True
TRIP_acf31e89c9,U_097e6d1c12,IN,IN_ARRIVAL,EDUCATION,2025-10-08,2025-10-15,1,21609.0,True
TRIP_fd0128ab02,U_b56f862436,IN,IN_ARRIVAL,BUSINESS,2026-07-02,2026-07-06,3,18136.0,True
TRIP_45b4aa7263,U_b56f862436,IN,IN_ARRIVAL,LEISURE,2025-09-25,2025-10-10,3,15269.0,False
TRIP_74845cce9c,U_335868636d,IN,IN_ARRIVAL,BUSINESS,2025-02-16,2025-02-22,4,14754.0,True
TRIP_5362a7019c,U_4487ffd218,IN,IN_ARRIVAL,LEISURE,2025-04-05,2025-04-26,4,9014.0,True
TRIP_5913037d27,U_4487ffd218,IN,IN_ARRIVAL,BUSINESS,2026-03-13,2026-03-31,4,26771.0,False
TRIP_86ed5380bf,U_7b50387af1,IN,IN_ARRIVAL,LEISURE,2025-07-20,2025-07-28,2,41516.0,True
TRIP_db5be3defd,U_7b50387af1,IN,IN_ARRIVAL,BUSINESS,2025-05-20,2025-05-27,2,13792.0,False
TRIP_f913053c83,U_7b50387af1,IN,IN_ARRIVAL,EVENT,2025-10-08,2025-10-17,2,2605.0,False
TRIP_a1b015b784,U_0f5833e283,IN,IN_ARRIVAL,LEISURE,2024-09-17,2024-09-23,4,45535.0,True
TRIP_2974d53ad8,U_68d881a21f,IN,IN_ARRIVAL,EVENT,2026-06-14,2026-06-20,3,9736.0,True
TRIP_0d21d95f45,U_68d881a21f,IN,IN_ARRIVAL,EDUCATION,2025-06-28,2025-07-05,4,14809.0,True
TRIP_48c75ca427,U_73cc6b0893,IN,IN_ARRIVAL,LEISURE,2024-08-19,2024-08-28,2,37643.0,True
TRIP_8dfaafbdf6,U_e650e0f3f3,IN,IN_ARRIVAL,VFR,2025-05-09,2025-05-22,2,6510.0,True
TRIP_b1dfbf9ffa,U_61ef8c7b19,IN,IN_ARRIVAL,LEISURE,2024-10-07,2024-10-28,2,9119.0,True
TRIP_745c19907d,U_53973a65d2,IN,IN_ARRIVAL,LEISURE,2025-01-12,2025-01-28,1,5046.0,True
TRIP_26b6e892a7,U_53973a65d2,IN,IN_ARRIVAL,BUSINESS,2026-07-03,2026-07-13,4,25230.0,False
TRIP_e98e811a66,U_53973a65d2,IN,IN_ARRIVAL,LEISURE,2025-08-09,2025-08-15,4,10223.0,False
TRIP_46b6dd29ee,U_53973a65d2,IN,IN_ARRIVAL,LEISURE,2024-08-11,2024-08-16,2,8377.0,False
TRIP_5831e69120,U_e13221c2fa,IN,IN_ARRIVAL,VFR,2026-03-07,2026-03-12,1,17983.0,True
TRIP_cb3ecf78cd,U_fc0a7bace8,IN,IN_ARRIVAL,LEISURE,2026-01-14,2026-01-21,3,4547.0,True
TRIP_ab3de198ed,U_fc0a7bace8,IN,IN_ARRIVAL,LEISURE,2025-03-09,2025-03-22,2,7866.0,False
TRIP_2dacddae1b,U_6da52ef656,IN,IN_ARRIVAL,EDUCATION,2025-04-29,2025-05-19,1,17942.0,True
TRIP_0bbc379b72,U_d1334151e4,IN,IN_ARRIVAL,EDUCATION,2025-09-13,2025-10-02,4,6286.0,True
TRIP_5ec3a274a1,U_964cc43f1a,IN,IN_ARRIVAL,BUSINESS,2025-02-05,2025-02-10,4,7821.0,True
TRIP_1d37a60e25,U_964cc43f1a,IN,IN_ARRIVAL,LEISURE,2025-04-18,2025-04-23,1,6114.0,False
TRIP_56fceabf94,U_65bdde846a,IN,IN_ARRIVAL,LEISURE,2025-07-01,2025-07-04,3,19357.0,True
TRIP_58049697c2,U_0dc845c017,IN,IN_ARRIVAL,LEISURE,2024-11-13,2024-11-28,3,5990.0,True
TRIP_b6e10ae1fe,U_439a6bed4f,IN,IN_ARRIVAL,BUSINESS,2026-07-09,2026-07-18,3,2679.0,True
TRIP_889fe0007e,U_439a6bed4f,IN,IN_ARRIVAL,VFR,2025-06-21,2025-07-01,4,9067.0,False
TRIP_173467265c,U_1cd6018748,IN,IN_ARRIVAL,EDUCATION,2026-02-15,2026-02-23,4,38182.0,True
TRIP_5009553e96,U_ebb7b8d354,IN,IN_ARRIVAL,PILGRIMAGE,2025-08-29,2025-09-15,4,14049.0,True
TRIP_ad5f93953f,U_ebb7b8d354,IN,IN_ARRIVAL,BUSINESS,2025-08-03,2025-08-18,2,5619.0,False
TRIP_0861d7d3db,U_67e4947d6d,IN,IN_ARRIVAL,LEISURE,2025-10-08,2025-10-28,3,23547.0,True
TRIP_04789d123e,U_67e4947d6d,IN,IN_ARRIVAL,EVENT,2025-05-10,2025-05-27,4,3188.0,False
TRIP_d1e825f88e,U_67e4947d6d,IN,IN_ARRIVAL,EVENT,2025-08-30,2025-09-12,4,1869.0,False
TRIP_60ff98b785,U_18c43bfeeb,IN,IN_ARRIVAL,BUSINESS,2025-12-07,2025-12-20,3,35156.0,True
TRIP_76d754109b,U_a2e4ab8d0e,IN,IN_ARRIVAL,EVENT,2026-01-19,2026-01-28,1,16873.0,True
TRIP_c773d2247c,U_a2e4ab8d0e,IN,IN_ARRIVAL,LEISURE,2026-02-06,2026-02-15,1,6908.0,False
TRIP_262e4b1f9f,U_a2e4ab8d0e,IN,IN_ARRIVAL,LEISURE,2025-06-14,2025-06-23,1,12351.0,False
TRIP_5743cd10ff,U_a2e4ab8d0e,IN,IN_ARRIVAL,LEISURE,2025-03-01,2025-03-22,2,22618.0,False
TRIP_8093caa527,U_4d8cb45bd1,IN,IN_ARRIVAL,LEISURE,2025-10-15,2025-10-22,1,2598.0,True
TRIP_365efc5435,U_6d0e000a09,IN,IN_ARRIVAL,LEISURE,2026-03-28,2026-04-18,4,22458.0,True
TRIP_899093c196,U_3064f2492f,IN,IN_ARRIVAL,VFR,2025-10-01,2025-10-19,3,63727.0,True
TRIP_5e1cec1ce1,U_3064f2492f,IN,IN_ARRIVAL,LEISURE,2026-06-26,2026-07-09,3,5115.0,False
TRIP_3d94344108,U_3064f2492f,IN,IN_ARRIVAL,MEDICAL,2026-04-23,2026-05-06,3,24499.0,False
TRIP_2d64ed41e2,U_a2e39060d2,IN,IN_ARRIVAL,BUSINESS,2025-04-22,2025-05-10,3,11985.0,True
TRIP_884bd25054,U_a2e39060d2,IN,IN_ARRIVAL,LEISURE,2025-09-29,2025-10-17,4,12751.0,False
TRIP_1df9ca9e79,U_ed17092d80,IN,IN_ARRIVAL,BUSINESS,2026-01-12,2026-01-27,3,8387.0,True
TRIP_ca86610dfd,U_ccf5ab357e,IN,IN_ARRIVAL,LEISURE,2025-11-03,2025-11-18,1,62714.0,True
TRIP_253994e992,U_c10a266d93,IN,IN_ARRIVAL,EVENT,2026-04-22,2026-05-12,2,16432.0,True
TRIP_cb6504155b,U_c10a266d93,IN,IN_ARRIVAL,PILGRIMAGE,2026-01-12,2026-01-26,3,20065.0,False
TRIP_e7d0f9632e,U_6337fd7837,IN,IN_ARRIVAL,PILGRIMAGE,2026-01-02,2026-01-15,2,29115.0,True
TRIP_2755ba8e98,U_6337fd7837,IN,IN_ARRIVAL,LEISURE,2025-04-26,2025-05-01,1,14395.0,False
TRIP_48ee4047b5,U_9dcbff477a,IN,IN_ARRIVAL,VFR,2025-11-17,2025-12-08,3,24561.0,True
TRIP_2d07c474b1,U_9dcbff477a,IN,IN_ARRIVAL,VFR,2025-09-22,2025-10-08,2,9758.0,False
TRIP_56e13b5b22,U_5e90744c24,IN,IN_ARRIVAL,MEDICAL,2025-09-19,2025-09-23,1,61586.0,True
TRIP_67af91959d,U_5e90744c24,IN,IN_ARRIVAL,VFR,2025-03-13,2025-03-24,3,59836.0,False
TRIP_2bbc377fc1,U_5e90744c24,IN,IN_ARRIVAL,LEISURE,2026-01-28,2026-02-05,3,10391.0,False
TRIP_e434b1aa18,U_c72c1ed1c9,IN,IN_ARRIVAL,EDUCATION,2026-03-09,2026-03-19,3,5466.0,True
TRIP_923b4d91d9,U_c72c1ed1c9,IN,IN_ARRIVAL,PILGRIMAGE,2025-10-03,2025-10-22,3,9079.0,False
TRIP_988e0a72cc,U_e838307b17,IN,IN_ARRIVAL,VFR,2025-03-23,2025-03-31,3,22984.0,True
TRIP_0fb807864b,U_e838307b17,IN,IN_ARRIVAL,PILGRIMAGE,2026-02-12,2026-03-01,3,21253.0,False
TRIP_ad3589d9f6,U_e838307b17,IN,IN_ARRIVAL,VFR,2025-12-11,2025-12-25,2,12656.0,False
TRIP_c052d3f353,U_dbcbc62f3b,IN,IN_ARRIVAL,LEISURE,2025-02-11,2025-02-27,3,13800.0,True
TRIP_5c898d3743,U_52026ccbc0,IN,IN_ARRIVAL,LEISURE,2024-11-13,2024-11-20,4,3890.0,True
TRIP_fb19cd1856,U_52026ccbc0,IN,IN_ARRIVAL,PILGRIMAGE,2026-02-19,2026-03-09,3,4316.0,False
TRIP_2b7fd99e79,U_52026ccbc0,IN,IN_ARRIVAL,EVENT,2025-05-24,2025-05-30,2,6321.0,False
TRIP_4e19d104ad,U_65370a81a5,IN,IN_ARRIVAL,BUSINESS,2025-04-12,2025-04-15,3,24602.0,True
TRIP_957739425b,U_65370a81a5,IN,IN_ARRIVAL,BUSINESS,2025-10-12,2025-10-16,3,13766.0,False
TRIP_ad34f44e69,U_65370a81a5,IN,IN_ARRIVAL,BUSINESS,2024-11-19,2024-12-02,4,22255.0,False
TRIP_42ea3c3ea1,U_65370a81a5,IN,IN_ARRIVAL,EDUCATION,2025-06-02,2025-06-16,1,5889.0,False
TRIP_ae2e4660cc,U_5bb17260c9,IN,IN_ARRIVAL,BUSINESS,2025-04-07,2025-04-22,2,32151.0,True
TRIP_3dfbfc2786,U_48569c78e1,IN,IN_ARRIVAL,LEISURE,2025-03-12,2025-03-24,3,5939.0,True
TRIP_c50865b025,U_1558a46b1c,IN,IN_ARRIVAL,LEISURE,2024-12-28,2025-01-07,4,6091.0,True
TRIP_43aa02881a,U_1558a46b1c,IN,IN_ARRIVAL,LEISURE,2025-09-11,2025-09-24,2,25780.0,False
TRIP_20dea1dbe5,U_497188a107,IN,IN_ARRIVAL,LEISURE,2026-05-13,2026-05-21,3,4720.0,True
TRIP_285c9d8ee5,U_497188a107,IN,IN_ARRIVAL,LEISURE,2026-02-05,2026-02-22,3,68313.0,False
TRIP_5f7f5b0f8f,U_497188a107,IN,IN_ARRIVAL,LEISURE,2024-12-02,2024-12-07,2,2363.0,False
TRIP_507f437500,U_0af69c30f8,IN,IN_ARRIVAL,LEISURE,2025-05-03,2025-05-10,2,15946.0,True
TRIP_b986132867,U_75315c54b7,IN,IN_ARRIVAL,LEISURE,2025-07-24,2025-07-28,1,7500.0,True
TRIP_a1430b6b6a,U_362af35e20,IN,IN_ARRIVAL,LEISURE,2025-11-02,2025-11-14,3,8054.0,True
TRIP_24fba42da1,U_4f58a1d508,IN,IN_ARRIVAL,MEDICAL,2025-08-01,2025-08-04,4,11531.0,True
TRIP_3455d22191,U_4f58a1d508,IN,IN_ARRIVAL,VFR,2025-12-14,2025-12-29,2,27436.0,False
TRIP_4b9463d0c9,U_4f58a1d508,IN,IN_ARRIVAL,MEDICAL,2026-01-17,2026-02-06,2,9757.0,False
TRIP_b60579d113,U_4f58a1d508,IN,IN_ARRIVAL,TRANSIT,2025-03-29,2025-04-10,1,8836.0,False
TRIP_f69317573d,U_c747467dc9,IN,IN_ARRIVAL,LEISURE,2025-04-19,2025-05-02,2,8138.0,True
TRIP_6b204dd8fd,U_c747467dc9,IN,IN_ARRIVAL,VFR,2025-09-01,2025-09-15,1,37080.0,False
TRIP_2d42de1e1b,U_c747467dc9,IN,IN_ARRIVAL,BUSINESS,2025-03-21,2025-03-30,2,5023.0,False
TRIP_cfce88cf71,U_3371a4ab90,IN,IN_ARRIVAL,VFR,2025-01-03,2025-01-18,2,19320.0,True
TRIP_e81e6a7bb5,U_eee2e91fec,IN,IN_ARRIVAL,TRANSIT,2025-12-15,2026-01-04,1,9285.0,True
TRIP_76fb8c108d,U_eee2e91fec,IN,IN_ARRIVAL,EDUCATION,2024-08-14,2024-08-29,3,39773.0,False
TRIP_7309077e14,U_710719a133,IN,IN_ARRIVAL,EDUCATION,2024-08-28,2024-09-14,4,42803.0,True
TRIP_315bf6517a,U_dd4c7e6c22,IN,IN_ARRIVAL,VFR,2026-05-30,2026-06-04,4,13786.0,True
TRIP_d668d5fbbb,U_dd4c7e6c22,IN,IN_ARRIVAL,BUSINESS,2025-06-30,2025-07-21,4,21906.0,False
TRIP_11d3e40028,U_fb0e48035a,IN,IN_ARRIVAL,VFR,2025-01-30,2025-02-05,2,10932.0,True
TRIP_2fb5cc8482,U_fb0e48035a,IN,IN_ARRIVAL,EVENT,2025-08-09,2025-08-29,4,10246.0,False
TRIP_9eeb81c8e2,U_abc42dad88,IN,IN_ARRIVAL,EDUCATION,2025-04-06,2025-04-21,1,47845.0,True
TRIP_be5653f23a,U_fb6a11f5df,IN,IN_ARRIVAL,LEISURE,2024-08-25,2024-09-12,2,7583.0,True
TRIP_1a9afa3a9e,U_be127c1b78,IN,IN_ARRIVAL,LEISURE,2024-09-15,2024-09-23,3,8292.0,True
TRIP_6465c2c903,U_be127c1b78,IN,IN_ARRIVAL,PILGRIMAGE,2026-04-04,2026-04-15,2,2066.0,False
TRIP_50c4ffa7ae,U_371450e04d,IN,IN_ARRIVAL,LEISURE,2024-10-30,2024-11-07,3,23793.0,True
TRIP_eba7f854ef,U_df261fd1bb,IN,IN_ARRIVAL,LEISURE,2025-05-18,2025-05-29,2,5952.0,True
TRIP_9fa6281133,U_df261fd1bb,IN,IN_ARRIVAL,LEISURE,2025-03-06,2025-03-19,1,9973.0,False
TRIP_02393b2fce,U_df261fd1bb,IN,IN_ARRIVAL,MEDICAL,2025-03-01,2025-03-20,3,6398.0,False
TRIP_e007cc858a,U_c3b8cad838,IN,IN_ARRIVAL,LEISURE,2026-06-21,2026-07-10,3,2607.0,True
TRIP_ab5e129ad7,U_c3b8cad838,IN,IN_ARRIVAL,EDUCATION,2025-08-31,2025-09-07,3,16632.0,False
TRIP_f6fc5915d7,U_8ee05e7584,IN,IN_ARRIVAL,VFR,2025-09-05,2025-09-13,3,6741.0,True
TRIP_4c03d60e76,U_8ee05e7584,IN,IN_ARRIVAL,MEDICAL,2026-01-10,2026-01-19,3,21313.0,False
TRIP_8e17d509e0,U_8ee05e7584,IN,IN_ARRIVAL,LEISURE,2026-03-26,2026-04-14,1,37706.0,False
TRIP_55aec7213f,U_25119e852e,IN,IN_ARRIVAL,BUSINESS,2026-05-05,2026-05-23,3,26232.0,True
TRIP_3c8fcaffa2,U_25119e852e,IN,IN_ARRIVAL,BUSINESS,2026-04-24,2026-05-01,4,36333.0,False
TRIP_eafdfca9e8,U_1d5c5377fd,IN,IN_ARRIVAL,PILGRIMAGE,2025-02-19,2025-02-23,2,23535.0,True
TRIP_674fb0923d,U_1d5c5377fd,IN,IN_ARRIVAL,LEISURE,2025-08-28,2025-09-11,3,18230.0,False
TRIP_9baf55000c,U_a988e0163f,IN,IN_ARRIVAL,LEISURE,2025-02-26,2025-03-17,3,10892.0,True
TRIP_e586d26640,U_a988e0163f,IN,IN_ARRIVAL,BUSINESS,2026-05-18,2026-05-27,2,21053.0,False
TRIP_14a71efe7c,U_a988e0163f,IN,IN_ARRIVAL,LEISURE,2025-05-26,2025-05-30,1,40830.0,False
TRIP_a324a26d23,U_4a2f1b5452,IN,IN_ARRIVAL,LEISURE,2025-11-29,2025-12-14,4,9658.0,True
TRIP_3ac0c8b4d5,U_541a6959ac,IN,IN_ARRIVAL,BUSINESS,2025-06-28,2025-07-18,4,17087.0,True
TRIP_8f1aca4b72,U_541a6959ac,IN,IN_ARRIVAL,BUSINESS,2024-12-28,2025-01-04,2,6207.0,False
TRIP_ede9a9d990,U_541a6959ac,IN,IN_ARRIVAL,LEISURE,2025-12-03,2025-12-17,4,46166.0,False
TRIP_dbdb49dad8,U_541a6959ac,IN,IN_ARRIVAL,PILGRIMAGE,2025-01-03,2025-01-08,3,9755.0,False
TRIP_b91be27cfd,U_3dc07da44e,IN,IN_ARRIVAL,EDUCATION,2024-12-18,2024-12-21,4,7061.0,True
TRIP_b0668899a1,U_3dc07da44e,IN,IN_ARRIVAL,EDUCATION,2025-04-13,2025-04-19,4,16173.0,False
TRIP_8da8ad51ba,U_ec3120b222,IN,IN_ARRIVAL,EDUCATION,2026-07-01,2026-07-05,4,58841.0,True
TRIP_7903f79b36,U_ec3120b222,IN,IN_ARRIVAL,LEISURE,2026-04-28,2026-05-13,4,12762.0,False
TRIP_fbcfb404c6,U_4d7a57f121,IN,IN_ARRIVAL,PILGRIMAGE,2025-03-09,2025-03-24,3,12473.0,True
TRIP_0212048e85,U_6612f70afc,IN,IN_ARRIVAL,VFR,2024-10-27,2024-10-31,3,2407.0,True
TRIP_ab6c335d7e,U_6612f70afc,IN,IN_ARRIVAL,LEISURE,2025-06-02,2025-06-20,1,16860.0,False
TRIP_2704600a91,U_19f746c668,IN,IN_ARRIVAL,LEISURE,2025-08-01,2025-08-22,4,23014.0,True
TRIP_6cafcf915e,U_c47b7a8856,IN,IN_ARRIVAL,LEISURE,2025-08-25,2025-09-09,3,21358.0,True
TRIP_70ff6270a2,U_c47b7a8856,IN,IN_ARRIVAL,MEDICAL,2025-11-09,2025-11-30,1,15625.0,False
TRIP_8ab1128d98,U_c47b7a8856,IN,IN_ARRIVAL,BUSINESS,2025-09-13,2025-09-29,4,7432.0,False
TRIP_1884b580a1,U_e54700525d,IN,IN_ARRIVAL,LEISURE,2025-04-02,2025-04-13,4,19107.0,True
TRIP_229112f55e,U_e54700525d,IN,IN_ARRIVAL,LEISURE,2024-11-21,2024-11-25,4,9661.0,False
TRIP_a04ac912f0,U_9723f5b50f,IN,IN_ARRIVAL,VFR,2025-10-12,2025-10-16,2,12135.0,True
TRIP_ed637ef0b0,U_9c3b0873f6,IN,IN_ARRIVAL,LEISURE,2024-09-19,2024-10-09,4,11391.0,True
TRIP_7ae9d7e524,U_80a6e6143b,IN,IN_ARRIVAL,LEISURE,2026-06-16,2026-06-26,3,12213.0,True
TRIP_9e9646c28c,U_a66e613500,IN,IN_ARRIVAL,VFR,2026-02-16,2026-03-08,4,22860.0,True
TRIP_af4f2ecf7c,U_a66e613500,IN,IN_ARRIVAL,LEISURE,2025-06-18,2025-06-22,2,19678.0,False
TRIP_90fe567d18,U_a66e613500,IN,IN_ARRIVAL,PILGRIMAGE,2025-02-15,2025-03-01,3,8080.0,False
TRIP_3fbeeaebb6,U_549f466225,IN,IN_ARRIVAL,BUSINESS,2024-08-20,2024-09-05,3,14211.0,True
TRIP_df348b398c,U_549f466225,IN,IN_ARRIVAL,LEISURE,2025-03-09,2025-03-17,3,5101.0,False
TRIP_280077e308,U_549f466225,IN,IN_ARRIVAL,LEISURE,2025-05-16,2025-05-26,3,37290.0,False
TRIP_5d040bea95,U_c430bf0952,IN,IN_ARRIVAL,TRANSIT,2025-06-12,2025-06-29,3,6437.0,True
TRIP_b65e7d8ff8,U_167de824c9,IN,IN_ARRIVAL,PILGRIMAGE,2025-03-19,2025-04-08,2,25227.0,True
TRIP_4354b5c186,U_167de824c9,IN,IN_ARRIVAL,EVENT,2026-01-21,2026-01-24,3,2628.0,False
TRIP_e3fabbcf5b,U_c91fb8b7ac,IN,IN_ARRIVAL,VFR,2026-06-11,2026-06-20,1,6306.0,True
TRIP_9d453b53b0,U_f49484f083,IN,IN_ARRIVAL,VFR,2025-10-18,2025-11-04,1,12979.0,True
TRIP_62daa791e5,U_f49484f083,IN,IN_ARRIVAL,MEDICAL,2026-06-08,2026-06-17,4,13342.0,False
TRIP_14829b571c,U_94727ccf00,IN,IN_ARRIVAL,LEISURE,2026-06-04,2026-06-09,1,8473.0,True
TRIP_f91457f998,U_94727ccf00,IN,IN_ARRIVAL,EVENT,2025-07-22,2025-07-29,1,7417.0,False
TRIP_d358a12d09,U_9675e816ba,IN,IN_ARRIVAL,EVENT,2025-02-07,2025-02-19,1,29760.0,True
TRIP_57da8b3f09,U_9675e816ba,IN,IN_ARRIVAL,VFR,2025-11-05,2025-11-08,3,40866.0,False
TRIP_1adbabc72b,U_629c988b15,IN,IN_ARRIVAL,LEISURE,2025-10-05,2025-10-17,4,4666.0,True
TRIP_5f078cd29a,U_864f46828e,IN,IN_ARRIVAL,VFR,2026-05-31,2026-06-04,2,4311.0,True
TRIP_e713ec3d54,U_864f46828e,IN,IN_ARRIVAL,MEDICAL,2024-09-23,2024-10-01,3,5898.0,False
TRIP_d5dcffb873,U_864f46828e,IN,IN_ARRIVAL,EVENT,2025-01-16,2025-01-26,4,8993.0,False
TRIP_9740f72358,U_65c751c43d,IN,IN_ARRIVAL,PILGRIMAGE,2025-06-10,2025-06-14,1,17923.0,True
TRIP_ce6de7b93c,U_65c751c43d,IN,IN_ARRIVAL,VFR,2024-10-31,2024-11-19,3,10754.0,False
TRIP_a90ef89dcf,U_ad5b2f86b1,IN,IN_ARRIVAL,LEISURE,2025-05-17,2025-05-20,1,21137.0,True
TRIP_bc54409e4b,U_ad5b2f86b1,IN,IN_ARRIVAL,BUSINESS,2025-08-14,2025-08-30,2,8396.0,False
TRIP_ded1223d65,U_3c5cbdefc9,IN,IN_ARRIVAL,LEISURE,2025-04-15,2025-04-23,2,13121.0,True
TRIP_312eada005,U_3c5cbdefc9,IN,IN_ARRIVAL,BUSINESS,2026-02-13,2026-02-19,1,32219.0,False
TRIP_9481196b6e,U_3c5cbdefc9,IN,IN_ARRIVAL,LEISURE,2026-03-30,2026-04-16,1,10138.0,False
TRIP_b198475340,U_466b978b35,IN,IN_ARRIVAL,EVENT,2025-07-12,2025-07-24,1,11548.0,True
TRIP_d9f91f9d95,U_d6a66043b9,IN,IN_ARRIVAL,LEISURE,2024-12-24,2025-01-12,2,35613.0,True
TRIP_8e74eccd0d,U_d6a66043b9,IN,IN_ARRIVAL,VFR,2025-09-15,2025-10-05,3,13904.0,False
TRIP_f6db8b3a9a,U_b34de71685,IN,IN_ARRIVAL,VFR,2026-06-27,2026-07-18,3,3241.0,True
TRIP_cd23f73438,U_b34de71685,IN,IN_ARRIVAL,PILGRIMAGE,2025-09-11,2025-09-15,1,21751.0,False
TRIP_edf1c3a255,U_b34de71685,IN,IN_ARRIVAL,MEDICAL,2025-06-13,2025-07-01,1,31012.0,False
TRIP_6553e0ea8c,U_b18088c750,IN,IN_ARRIVAL,LEISURE,2025-04-07,2025-04-17,4,7936.0,True
TRIP_9fdd3cdfcf,U_acb61d0a58,IN,IN_ARRIVAL,LEISURE,2026-02-02,2026-02-18,3,44422.0,True
TRIP_b5c219ed99,U_ac44155d12,IN,IN_ARRIVAL,EVENT,2025-09-17,2025-10-01,1,36430.0,True
TRIP_94412f3715,U_549434fb1f,IN,IN_ARRIVAL,PILGRIMAGE,2025-12-18,2025-12-23,3,39219.0,True
TRIP_52788dea0e,U_ab8bc01cea,IN,IN_ARRIVAL,BUSINESS,2025-11-19,2025-12-06,2,18017.0,True
TRIP_c77acbcdb9,U_694dfd9890,IN,IN_ARRIVAL,LEISURE,2025-08-17,2025-09-04,1,12695.0,True
TRIP_593a0b8816,U_694dfd9890,IN,IN_ARRIVAL,BUSINESS,2024-09-23,2024-10-01,2,24195.0,False
TRIP_1b32de592b,U_baf505f304,IN,IN_ARRIVAL,LEISURE,2025-06-09,2025-06-13,2,27078.0,True
TRIP_e2128b1be1,U_baf505f304,IN,IN_ARRIVAL,LEISURE,2025-06-08,2025-06-26,1,6608.0,False
TRIP_7ef8ccb276,U_23543bee0f,IN,IN_ARRIVAL,PILGRIMAGE,2026-03-11,2026-03-18,4,4404.0,True
TRIP_85b9ee47ad,U_9c16219134,IN,IN_ARRIVAL,BUSINESS,2024-12-04,2024-12-24,1,10925.0,True
TRIP_6a64f22d24,U_9c16219134,IN,IN_ARRIVAL,LEISURE,2026-07-01,2026-07-21,2,18518.0,False
TRIP_b0d8ec0820,U_9c16219134,IN,IN_ARRIVAL,LEISURE,2026-05-21,2026-06-08,3,16322.0,False
TRIP_2d8ca6627e,U_c031b03441,IN,IN_ARRIVAL,LEISURE,2026-04-27,2026-05-02,2,9333.0,True
TRIP_f576a342b1,U_43b81b4b4b,IN,IN_ARRIVAL,VFR,2026-01-08,2026-01-29,4,19673.0,True
