ledger_id,user_id,event,amount_inr,fx_source_currency,balance_after_inr,ts,channel
WAL_1a70f5ad5a,U_a2b56abfcb,LOAD,23991.43,LK,23991.43,2025-12-29T10:00:00,APP
WAL_bbb8aa3214,U_a2b56abfcb,SPEND,-2922.87,LK,21068.56,2026-01-03T23:00:00,QR
WAL_e671b8c4a4,U_a2b56abfcb,SPEND,-2176.89,LK,18891.67,2026-01-03T02:00:00,QR
WAL_37259dedb4,U_a2b56abfcb,SPEND,-976.75,LK,17914.92,2025-12-29T22:00:00,QR
WAL_0006008350,U_a2b56abfcb,SPEND,-434.45,LK,17480.47,2026-01-03T00:00:00,QR
WAL_2408555d84,U_a2b56abfcb,SPEND,-1496.67,LK,15983.8,2025-12-30T10:00:00,QR
WAL_b5dd8b9a21,U_a2b56abfcb,SPEND,-1060.44,LK,14923.36,2025-12-28T04:00:00,QR
WAL_22df8d4f81,U_a2b56abfcb,SPEND,-1002.71,LK,13920.65,2026-01-02T08:00:00,QR
WAL_e80a14d8d9,U_a2b56abfcb,SPEND,-1150.71,LK,12769.94,2026-01-03T09:00:00,QR
WAL_03567a5ea4,U_a2b56abfcb,SPEND,-723.7,LK,12046.24,2025-12-27T16:00:00,QR
WAL_566e49d8df,U_a2b56abfcb,SPEND,-1402.16,LK,10644.08,2025-12-27T12:00:00,QR
WAL_f02bc338c5,U_a2b56abfcb,SPEND,-1648.8,LK,8995.28,2025-12-30T03:00:00,QR
WAL_5d74380c24,U_a2b56abfcb,SPEND,-683.98,LK,8311.3,2025-12-30T03:00:00,QR
WAL_9010617870,U_a2b56abfcb,SPEND,-2040.18,LK,6271.12,2025-12-26T14:00:00,QR
WAL_76f17c3b53,U_a2b56abfcb,SPEND,-2264.51,LK,4006.61,2026-01-03T23:00:00,QR
WAL_29e5814bf2,U_a2b56abfcb,SPEND,-850.55,LK,3156.06,2026-01-02T23:00:00,QR
WAL_7c03bc85d6,U_a2b56abfcb,SPEND,-2561.21,LK,594.85,2025-12-30T03:00:00,QR
WAL_18c6b9a20e,U_a2b56abfcb,SPEND,-4462.44,LK,-3867.59,2025-12-28T17:00:00,QR
WAL_a787958837,U_a2b56abfcb,LOAD,16779.4,LK,16779.4,2026-01-03T19:00:00,APP
WAL_e73ab68c7f,U_a2b56abfcb,SPEND,-2881.17,LK,13898.23,2026-01-03T19:00:00,QR
WAL_32400285db,U_a2b56abfcb,SPEND,-696.37,LK,13201.86,2026-01-01T11:00:00,QR
WAL_978a443515,U_a2b56abfcb,SPEND,-2431.1,LK,10770.76,2026-01-01T17:00:00,QR
WAL_fd0e694344,U_a2b56abfcb,SPEND,-1555.98,LK,9214.78,2026-01-03T02:00:00,QR
WAL_c407619953,U_a2b56abfcb,SPEND,-3550.3,LK,5664.48,2026-01-03T12:00:00,QR
WAL_a23642e194,U_a2b56abfcb,SPEND,-995.97,LK,4668.51,2026-01-02T06:00:00,QR
WAL_c3c2c77db7,U_a2b56abfcb,SPEND,-663.64,LK,4004.87,2026-01-02T00:00:00,QR
WAL_30c1744376,U_a2b56abfcb,SPEND,-1520.17,LK,2484.7,2026-01-01T15:00:00,QR
WAL_c428d15e6b,U_a2b56abfcb,SPEND,-1873.85,LK,610.85,2026-01-02T16:00:00,QR
WAL_ad230e2ca5,U_a2b56abfcb,SPEND,-2224.69,LK,-1613.84,2026-01-01T00:00:00,QR
WAL_380b937ade,U_a2b56abfcb,LOAD,23325.53,LK,21711.69,2026-01-02T04:00:00,APP
WAL_b776271d23,U_a2b56abfcb,SPEND,-902.43,LK,20809.26,2026-01-03T23:00:00,QR
WAL_0c2ee038c6,U_0a6cc58f3f,LOAD,16803.53,AU,16803.53,2025-05-17T09:00:00,APP
WAL_72fc15615a,U_0a6cc58f3f,SPEND,-643.35,AU,16160.18,2025-05-17T09:00:00,QR
WAL_a55146aeed,U_0a6cc58f3f,LOAD,15089.6,AU,15089.6,2025-07-12T00:00:00,APP
WAL_d17df9d8f9,U_0a6cc58f3f,SPEND,-3394.74,AU,11694.86,2025-07-12T00:00:00,QR
WAL_e7923f3f52,U_3d848f2626,LOAD,5707.75,BD,5707.75,2025-03-18T18:00:00,APP
WAL_1217d365e1,U_3d848f2626,SPEND,-1522.88,BD,4184.87,2025-03-18T18:00:00,QR
WAL_a991260099,U_3d848f2626,SPEND,-2056.6,BD,2128.27,2025-03-17T03:00:00,QR
WAL_2276cf7c51,U_3d848f2626,SPEND,-2692.68,BD,-564.41,2025-03-15T17:00:00,QR
WAL_4ba92ca0ce,U_3d848f2626,LOAD,14811.23,BD,14246.82,2025-03-16T22:00:00,APP
WAL_f70f382426,U_3d848f2626,SPEND,-2549.75,BD,11697.07,2025-03-15T07:00:00,QR
WAL_91e21a944d,U_3d848f2626,SPEND,-1582.45,BD,10114.62,2025-03-12T08:00:00,QR
WAL_4e48b5d75e,U_3d848f2626,SPEND,-1617.6,BD,8497.02,2025-03-17T03:00:00,QR
WAL_3d1ba7363d,U_3d848f2626,SPEND,-819.12,BD,7677.9,2025-03-13T17:00:00,QR
WAL_67a5a6b337,U_8d908c45f3,LOAD,19540.38,US,19540.38,2026-03-12T15:00:00,APP
WAL_f8a6f3d689,U_8d908c45f3,SPEND,-2430.76,US,17109.62,2026-03-13T04:00:00,QR
WAL_11f3ab3ece,U_8d908c45f3,SPEND,-963.76,US,16145.86,2026-03-12T19:00:00,QR
WAL_2c7c60db02,U_8d908c45f3,SPEND,-1327.69,US,14818.17,2026-03-08T01:00:00,QR
WAL_3930055f2f,U_8d908c45f3,SPEND,-530.58,US,14287.59,2026-03-09T07:00:00,QR
WAL_9095d6c85e,U_8d908c45f3,SPEND,-720.32,US,13567.27,2026-03-13T00:00:00,QR
WAL_c3a9d42b27,U_8d908c45f3,SPEND,-2925.7,US,10641.57,2026-03-12T18:00:00,QR
WAL_50cea5ce62,U_8d908c45f3,SPEND,-1724.7,US,8916.87,2026-03-13T02:00:00,QR
WAL_c76f70a393,U_8d908c45f3,SPEND,-2011.76,US,6905.11,2026-03-10T04:00:00,QR
WAL_436ddb3825,U_8d908c45f3,SPEND,-1047.76,US,5857.35,2026-03-10T07:00:00,QR
WAL_9b64e3241e,U_8d908c45f3,SPEND,-1733.18,US,4124.17,2026-03-12T07:00:00,QR
WAL_df9b99222f,U_d53b259a8d,LOAD,12493.71,FR,12493.71,2025-04-06T14:00:00,APP
WAL_082af56b21,U_d53b259a8d,SPEND,-371.86,FR,12121.85,2025-04-06T14:00:00,QR
WAL_86064ed898,U_d53b259a8d,SPEND,-1860.9,FR,10260.95,2025-04-06T11:00:00,QR
WAL_d090d14b2b,U_d53b259a8d,SPEND,-1755.26,FR,8505.69,2025-04-07T07:00:00,QR
WAL_4c4c832fef,U_d53b259a8d,SPEND,-2044.86,FR,6460.83,2025-04-12T23:00:00,QR
WAL_cc60f9e12b,U_d53b259a8d,SPEND,-634.66,FR,5826.17,2025-04-18T11:00:00,QR
WAL_29c66fe7ab,U_d53b259a8d,SPEND,-1220.33,FR,4605.84,2025-04-05T22:00:00,QR
WAL_06870dea88,U_d53b259a8d,SPEND,-1620.72,FR,2985.12,2025-04-18T14:00:00,QR
WAL_9148b44d36,U_d53b259a8d,SPEND,-3818.68,FR,-833.56,2025-04-09T13:00:00,QR
WAL_2c418fc812,U_d53b259a8d,LOAD,3816.45,FR,2982.89,2025-04-16T08:00:00,APP
WAL_b1262d4d8e,U_d53b259a8d,SPEND,-3259.55,FR,-276.66,2025-04-16T08:00:00,QR
WAL_cc69ed5b54,U_d53b259a8d,LOAD,21841.63,FR,21841.63,2024-10-24T15:00:00,APP
WAL_f150023eb0,U_d53b259a8d,SPEND,-1871.53,FR,19970.1,2024-10-24T15:00:00,QR
WAL_47067cf6a4,U_d53b259a8d,SPEND,-903.49,FR,19066.61,2024-10-31T03:00:00,QR
WAL_c1b78d3f98,U_d53b259a8d,SPEND,-2460.22,FR,16606.39,2024-11-01T17:00:00,QR
WAL_e924adebc2,U_4046e3107a,LOAD,14938.97,US,14938.97,2025-10-31T18:00:00,APP
WAL_a3a7b299d7,U_4046e3107a,SPEND,-775.8,US,14163.17,2025-10-31T18:00:00,QR
WAL_3daddc911e,U_4046e3107a,SPEND,-1561.96,US,12601.21,2025-11-06T20:00:00,QR
WAL_c6956dd3b8,U_4046e3107a,SPEND,-1080.25,US,11520.96,2025-11-01T16:00:00,QR
WAL_368afc4c4c,U_4046e3107a,SPEND,-2720.56,US,8800.4,2025-11-05T14:00:00,QR
WAL_325647e696,U_870b957977,LOAD,20028.8,MY,20028.8,2025-01-07T06:00:00,APP
WAL_7ff07d3245,U_870b957977,SPEND,-1746.7,MY,18282.1,2025-01-07T06:00:00,QR
WAL_cb18c858fe,U_870b957977,SPEND,-1427.72,MY,16854.38,2025-01-05T02:00:00,QR
WAL_ea8ef7decd,U_870b957977,SPEND,-2682.12,MY,14172.26,2025-01-07T15:00:00,QR
WAL_3e3d33ed18,U_870b957977,SPEND,-1258.92,MY,12913.34,2025-01-01T04:00:00,QR
WAL_55f6d73b58,U_870b957977,SPEND,-780.88,MY,12132.46,2024-12-31T20:00:00,QR
WAL_655bcce5a0,U_870b957977,SPEND,-1116.94,MY,11015.52,2025-01-08T09:00:00,QR
WAL_02d94b4f47,U_d32243e877,LOAD,18652.04,GB,18652.04,2024-11-22T06:00:00,APP
WAL_ecfa817f13,U_d32243e877,SPEND,-3532.39,GB,15119.65,2024-11-25T09:00:00,QR
WAL_1b547e4124,U_d32243e877,SPEND,-1215.15,GB,13904.5,2024-11-25T02:00:00,QR
WAL_0a2f5668e7,U_d32243e877,SPEND,-1434.28,GB,12470.22,2024-11-24T00:00:00,QR
WAL_669530404a,U_d32243e877,SPEND,-3226.81,GB,9243.41,2024-11-23T14:00:00,QR
WAL_46eece542b,U_d32243e877,SPEND,-1509.94,GB,7733.47,2024-11-24T07:00:00,QR
WAL_0c660c12b3,U_7596c8d955,LOAD,20809.16,CA,20809.16,2025-11-21T19:00:00,APP
WAL_e09174ac7d,U_7596c8d955,SPEND,-1602.67,CA,19206.49,2025-11-21T19:00:00,QR
WAL_7850d2b6c7,U_7596c8d955,SPEND,-1127.56,CA,18078.93,2025-11-26T08:00:00,QR
WAL_558f1e3de5,U_7596c8d955,SPEND,-3016.13,CA,15062.8,2025-11-27T00:00:00,QR
WAL_a3ee506236,U_7596c8d955,SPEND,-4066.79,CA,10996.01,2025-11-19T05:00:00,QR
WAL_77d2b4a19c,U_7596c8d955,SPEND,-2244.46,CA,8751.55,2025-11-26T12:00:00,QR
WAL_c960d6699a,U_7596c8d955,SPEND,-2449.7,CA,6301.85,2025-11-19T06:00:00,QR
WAL_59dcbc0fc0,U_7596c8d955,SPEND,-705.67,CA,5596.18,2025-11-21T21:00:00,QR
WAL_cdc46e88ed,U_7596c8d955,SPEND,-1129.31,CA,4466.87,2025-11-27T22:00:00,QR
WAL_eecf7f751c,U_7596c8d955,SPEND,-3165.98,CA,1300.89,2025-11-27T03:00:00,QR
WAL_7cf3c33394,U_5d657c630a,LOAD,13679.51,REST,13679.51,2025-02-08T11:00:00,APP
WAL_fcf58840d1,U_5d657c630a,SPEND,-1172.82,REST,12506.69,2025-02-08T11:00:00,QR
WAL_2a24982a9c,U_5d657c630a,SPEND,-2773.38,REST,9733.31,2025-02-12T17:00:00,QR
WAL_79ace1bf7b,U_5d657c630a,SPEND,-3110.42,REST,6622.89,2025-02-15T23:00:00,QR
WAL_76ded93942,U_5d657c630a,SPEND,-1094.78,REST,5528.11,2025-02-06T07:00:00,QR
WAL_55746a0d79,U_a99e2939dd,LOAD,9291.34,AE,9291.34,2025-08-21T08:00:00,APP
WAL_24b5d25353,U_a99e2939dd,SPEND,-2336.83,AE,6954.51,2025-08-20T01:00:00,QR
WAL_03ccfcecb4,U_a99e2939dd,SPEND,-2203.81,AE,4750.7,2025-08-22T11:00:00,QR
WAL_9361f918ea,U_a99e2939dd,SPEND,-3297.0,AE,1453.7,2025-09-02T04:00:00,QR
WAL_5a77b43d96,U_a99e2939dd,SPEND,-1392.24,AE,61.46,2025-08-17T23:00:00,QR
WAL_b58dc411ac,U_a99e2939dd,SPEND,-2336.29,AE,-2274.83,2025-08-30T10:00:00,QR
WAL_cd1804dfe4,U_a99e2939dd,LOAD,5813.16,AE,3538.33,2025-08-31T06:00:00,APP
WAL_fb5cffa4ec,U_a99e2939dd,SPEND,-1243.73,AE,2294.6,2025-08-31T06:00:00,QR
WAL_1aa1af3f3b,U_a99e2939dd,LOAD,5647.54,AE,5647.54,2025-02-18T16:00:00,APP
WAL_e2c032b642,U_a99e2939dd,SPEND,-1442.43,AE,4205.11,2025-02-18T16:00:00,QR
WAL_cf34097aad,U_a99e2939dd,SPEND,-2912.25,AE,1292.86,2025-02-15T03:00:00,QR
WAL_c3d401cebf,U_a99e2939dd,SPEND,-2246.1,AE,-953.24,2025-02-20T00:00:00,QR
WAL_0b73b041cc,U_a99e2939dd,LOAD,17247.73,AE,16294.49,2025-02-26T22:00:00,APP
WAL_5e3a8b8edd,U_a99e2939dd,SPEND,-4558.99,AE,11735.5,2025-02-26T22:00:00,QR
WAL_8ed60b8816,U_a99e2939dd,SPEND,-1657.57,AE,10077.93,2025-02-27T09:00:00,QR
WAL_5808215b72,U_a99e2939dd,SPEND,-1179.02,AE,8898.91,2025-02-13T08:00:00,QR
WAL_9ad316f630,U_a99e2939dd,SPEND,-5283.8,AE,3615.11,2025-02-12T11:00:00,QR
WAL_81ad69b19a,U_a99e2939dd,LOAD,8079.68,AE,8079.68,2025-11-15T00:00:00,APP
WAL_7cf92a052b,U_a99e2939dd,SPEND,-1300.35,AE,6779.33,2025-11-15T00:00:00,QR
WAL_0d7a9a2dae,U_a99e2939dd,SPEND,-1977.19,AE,4802.14,2025-11-15T22:00:00,QR
WAL_3ae65b5deb,U_a99e2939dd,SPEND,-782.24,AE,4019.9,2025-11-15T05:00:00,QR
WAL_a6674fe0fd,U_a99e2939dd,SPEND,-485.08,AE,3534.82,2025-11-15T23:00:00,QR
WAL_4af48f0efe,U_a99e2939dd,SPEND,-1597.02,AE,1937.8,2025-11-19T09:00:00,QR
WAL_c5176a5f02,U_a99e2939dd,SPEND,-1551.48,AE,386.32,2025-11-21T23:00:00,QR
WAL_874ba94c8b,U_a99e2939dd,SPEND,-2014.69,AE,-1628.37,2025-11-16T10:00:00,QR
WAL_52b25f5492,U_a99e2939dd,LOAD,13175.5,AE,11547.13,2025-11-18T23:00:00,APP
WAL_9d200dbd66,U_a99e2939dd,SPEND,-866.97,AE,10680.16,2025-11-18T23:00:00,QR
WAL_f1b95855d1,U_a60b8f527b,LOAD,18064.51,REST,18064.51,2024-11-16T23:00:00,APP
WAL_774e53efff,U_a60b8f527b,SPEND,-1443.63,REST,16620.88,2024-11-26T20:00:00,QR
WAL_36198a2791,U_a60b8f527b,SPEND,-1026.19,REST,15594.69,2024-11-27T21:00:00,QR
WAL_fa03d51084,U_a60b8f527b,SPEND,-2146.78,REST,13447.91,2024-11-26T18:00:00,QR
WAL_6d1bee63af,U_a60b8f527b,SPEND,-2982.32,REST,10465.59,2024-11-27T07:00:00,QR
WAL_2cf6818198,U_a60b8f527b,SPEND,-2031.55,REST,8434.04,2024-11-26T09:00:00,QR
WAL_a581c04975,U_a60b8f527b,SPEND,-849.71,REST,7584.33,2024-11-27T12:00:00,QR
WAL_be942abc3c,U_a60b8f527b,SPEND,-2034.99,REST,5549.34,2024-11-15T17:00:00,QR
WAL_2e838f3e31,U_a60b8f527b,LOAD,8858.08,REST,8858.08,2025-04-21T13:00:00,APP
WAL_75d2e84091,U_a60b8f527b,SPEND,-1473.4,REST,7384.68,2025-04-25T00:00:00,QR
WAL_4d19cc0693,U_a60b8f527b,SPEND,-1432.38,REST,5952.3,2025-05-02T11:00:00,QR
WAL_d9a231947f,U_a60b8f527b,SPEND,-3700.95,REST,2251.35,2025-05-01T12:00:00,QR
WAL_4f4207da85,U_a60b8f527b,SPEND,-1376.48,REST,874.87,2025-04-22T22:00:00,QR
WAL_853d034435,U_a60b8f527b,SPEND,-832.97,REST,41.9,2025-04-28T00:00:00,QR
WAL_f193c970af,U_a60b8f527b,SPEND,-4071.07,REST,-4029.17,2025-04-30T11:00:00,QR
WAL_7cfd98aacd,U_a60b8f527b,LOAD,8713.35,REST,4684.18,2025-04-28T21:00:00,APP
WAL_5492ffa821,U_a60b8f527b,SPEND,-2101.71,REST,2582.47,2025-04-28T21:00:00,QR
WAL_f81fa53ade,U_a60b8f527b,SPEND,-1098.14,REST,1484.33,2025-04-27T00:00:00,QR
WAL_231a688f1b,U_a60b8f527b,SPEND,-4558.05,REST,-3073.72,2025-04-27T00:00:00,QR
WAL_d5afb97030,U_a60b8f527b,LOAD,3077.57,REST,3.85,2025-04-30T01:00:00,APP
WAL_9c1063421c,U_a60b8f527b,SPEND,-652.84,REST,-648.99,2025-04-30T01:00:00,QR
WAL_684e5372b3,U_a60b8f527b,LOAD,6378.95,REST,5729.96,2025-04-26T05:00:00,APP
WAL_fbad34665a,U_a60b8f527b,SPEND,-2276.94,REST,3453.02,2025-04-26T05:00:00,QR
WAL_0d477536a0,U_a60b8f527b,SPEND,-842.71,REST,2610.31,2025-04-26T12:00:00,QR
WAL_71e3199d39,U_a60b8f527b,SPEND,-434.88,REST,2175.43,2025-05-01T04:00:00,QR
WAL_f7dc863919,U_20b77ecd06,LOAD,23165.64,AE,23165.64,2024-10-09T06:00:00,APP
WAL_db73541d9a,U_20b77ecd06,SPEND,-1716.14,AE,21449.5,2024-10-09T06:00:00,QR
WAL_dd3195f231,U_20b77ecd06,SPEND,-1775.35,AE,19674.15,2024-10-17T07:00:00,QR
WAL_8340093c1d,U_20b77ecd06,SPEND,-1414.98,AE,18259.17,2024-10-21T22:00:00,QR
WAL_ce7a9cbbf2,U_20b77ecd06,SPEND,-1058.63,AE,17200.54,2024-10-24T01:00:00,QR
WAL_f8a722a799,U_20b77ecd06,SPEND,-1521.72,AE,15678.82,2024-10-20T06:00:00,QR
WAL_9c8608502f,U_20b77ecd06,SPEND,-917.93,AE,14760.89,2024-10-18T14:00:00,QR
WAL_609b082ada,U_20b77ecd06,SPEND,-2364.65,AE,12396.24,2024-10-21T01:00:00,QR
WAL_4c376cca12,U_20b77ecd06,LOAD,15930.14,AE,15930.14,2025-04-10T16:00:00,APP
WAL_11a8d8803c,U_20b77ecd06,SPEND,-3146.55,AE,12783.59,2025-04-10T16:00:00,QR
WAL_73f4a46fc3,U_20b77ecd06,SPEND,-2676.13,AE,10107.46,2025-04-15T16:00:00,QR
WAL_f99966c042,U_20b77ecd06,SPEND,-3596.68,AE,6510.78,2025-04-14T12:00:00,QR
WAL_585af4c03b,U_20b77ecd06,SPEND,-3420.32,AE,3090.46,2025-04-12T17:00:00,QR
WAL_b1af43f4c7,U_20b77ecd06,SPEND,-1578.83,AE,1511.63,2025-04-13T14:00:00,QR
WAL_f0af2814d7,U_9c8c3bd943,LOAD,22942.37,AU,22942.37,2025-02-24T23:00:00,APP
WAL_d7154ddd7d,U_9c8c3bd943,SPEND,-2939.66,AU,20002.71,2025-02-24T23:00:00,QR
WAL_50ff0ef55e,U_9c8c3bd943,SPEND,-872.53,AU,19130.18,2025-02-26T22:00:00,QR
WAL_71fa18d0fe,U_9c8c3bd943,SPEND,-1345.36,AU,17784.82,2025-02-26T23:00:00,QR
WAL_5f63dd3c1b,U_9c8c3bd943,SPEND,-2098.7,AU,15686.12,2025-02-28T10:00:00,QR
WAL_56c2926d5b,U_9c8c3bd943,SPEND,-4226.55,AU,11459.57,2025-02-27T18:00:00,QR
WAL_fa1cca5922,U_9c8c3bd943,SPEND,-1257.43,AU,10202.14,2025-03-01T02:00:00,QR
WAL_79fe452747,U_0a69d0a86a,LOAD,10071.51,REST,10071.51,2025-01-19T05:00:00,APP
WAL_28c5cfa947,U_0a69d0a86a,SPEND,-2136.17,REST,7935.34,2025-01-24T12:00:00,QR
WAL_9609a66f7c,U_0a69d0a86a,SPEND,-753.81,REST,7181.53,2025-01-22T18:00:00,QR
WAL_2a4f1d4c80,U_0a69d0a86a,SPEND,-3223.43,REST,3958.1,2025-01-20T06:00:00,QR
WAL_d47b1270ec,U_0a69d0a86a,SPEND,-1285.13,REST,2672.97,2025-01-20T22:00:00,QR
WAL_a6fe9cb2b3,U_0a69d0a86a,SPEND,-1124.48,REST,1548.49,2025-01-26T09:00:00,QR
WAL_310a2d63c6,U_0a69d0a86a,SPEND,-727.5,REST,820.99,2025-01-28T04:00:00,QR
WAL_3b9b19d1c5,U_0a69d0a86a,SPEND,-1396.85,REST,-575.86,2025-01-19T00:00:00,QR
WAL_dbfccf96e1,U_0a69d0a86a,LOAD,24474.28,REST,23898.42,2025-01-27T20:00:00,APP
WAL_f3ac9d435a,U_0a69d0a86a,SPEND,-1737.26,REST,22161.16,2025-01-24T08:00:00,QR
WAL_bc5c5c17fe,U_0a69d0a86a,LOAD,4303.48,REST,4303.48,2026-06-30T06:00:00,APP
WAL_9a66162884,U_0a69d0a86a,SPEND,-1331.38,REST,2972.1,2026-06-30T06:00:00,QR
WAL_d85555575f,U_0a69d0a86a,SPEND,-3275.62,REST,-303.52,2026-07-03T05:00:00,QR
WAL_bc55f5f11f,U_0a69d0a86a,LOAD,8170.44,REST,7866.92,2026-07-04T00:00:00,APP
WAL_daded821c4,U_0a69d0a86a,SPEND,-685.46,REST,7181.46,2026-07-04T00:00:00,QR
WAL_4477db8bd0,U_0a69d0a86a,SPEND,-3607.95,REST,3573.51,2026-07-06T22:00:00,QR
WAL_ef5b096ff2,U_0a69d0a86a,SPEND,-2059.87,REST,1513.64,2026-07-05T04:00:00,QR
WAL_2331a29ac7,U_0a69d0a86a,SPEND,-1806.96,REST,-293.32,2026-07-11T20:00:00,QR
WAL_b2d1da8867,U_0a69d0a86a,LOAD,16788.18,REST,16494.86,2026-07-09T12:00:00,APP
WAL_8e12d2c196,U_0a69d0a86a,SPEND,-2200.37,REST,14294.49,2026-06-30T20:00:00,QR
WAL_8e86f443f4,U_0a69d0a86a,SPEND,-1145.37,REST,13149.12,2026-07-05T08:00:00,QR
WAL_b7f2e2bcf9,U_48a41f42b7,LOAD,13249.4,US,13249.4,2026-05-16T14:00:00,APP
WAL_2886890d79,U_48a41f42b7,SPEND,-1275.9,US,11973.5,2026-05-16T14:00:00,QR
WAL_5bf1e921d7,U_48a41f42b7,SPEND,-1196.96,US,10776.54,2026-05-17T04:00:00,QR
WAL_8b0cc71145,U_48a41f42b7,SPEND,-1003.4,US,9773.14,2026-05-16T01:00:00,QR
WAL_6be1f4c32d,U_48a41f42b7,SPEND,-1690.81,US,8082.33,2026-05-08T10:00:00,QR
WAL_f63d27a8fc,U_48a41f42b7,SPEND,-3035.64,US,5046.69,2026-05-25T03:00:00,QR
WAL_ed6d6be12a,U_48a41f42b7,SPEND,-3426.61,US,1620.08,2026-05-19T18:00:00,QR
WAL_042c971e4f,U_48a41f42b7,SPEND,-985.78,US,634.3,2026-05-07T15:00:00,QR
WAL_2648d8e072,U_48a41f42b7,SPEND,-3286.47,US,-2652.17,2026-05-12T17:00:00,QR
WAL_128a9d1cce,U_48a41f42b7,LOAD,20210.19,US,17558.02,2026-05-23T15:00:00,APP
WAL_405e73ad7c,U_48a41f42b7,SPEND,-1740.53,US,15817.49,2026-05-23T15:00:00,QR
WAL_f1476c417d,U_9a0756330f,LOAD,8260.45,DE,8260.45,2026-03-27T07:00:00,APP
WAL_e9dc91e702,U_9a0756330f,SPEND,-732.78,DE,7527.67,2026-03-27T07:00:00,QR
WAL_a5106c88a3,U_9a0756330f,SPEND,-2622.87,DE,4904.8,2026-03-21T21:00:00,QR
WAL_3bf543ca66,U_9a0756330f,SPEND,-2248.0,DE,2656.8,2026-03-27T09:00:00,QR
WAL_fc8f8206f6,U_9a0756330f,SPEND,-1997.63,DE,659.17,2026-03-24T11:00:00,QR
WAL_da51a860ad,U_9a0756330f,SPEND,-500.27,DE,158.9,2026-03-25T15:00:00,QR
WAL_efe6aa4854,U_9a0756330f,SPEND,-1146.17,DE,-987.27,2026-03-27T23:00:00,QR
WAL_b590dd17fa,U_9a0756330f,LOAD,6251.97,DE,5264.7,2026-03-28T09:00:00,APP
WAL_38f61ca6cc,U_9a0756330f,SPEND,-1155.63,DE,4109.07,2026-03-28T09:00:00,QR
WAL_fbaf773501,U_9a0756330f,SPEND,-1247.79,DE,2861.28,2026-03-27T04:00:00,QR
WAL_e23ca7e48e,U_9a0756330f,SPEND,-1860.2,DE,1001.08,2026-03-20T13:00:00,QR
WAL_b07fe85c56,U_9a0756330f,SPEND,-758.93,DE,242.15,2026-03-19T03:00:00,QR
WAL_3dad67ef8c,U_9a0756330f,SPEND,-4322.23,DE,-4080.08,2026-03-21T01:00:00,QR
WAL_0694edbe7e,U_9a0756330f,LOAD,12151.34,DE,8071.27,2026-03-22T05:00:00,APP
WAL_4f9f5820d2,U_9a0756330f,SPEND,-837.91,DE,7233.36,2026-03-26T15:00:00,QR
WAL_fddb1d784e,U_9a0756330f,LOAD,16252.26,DE,16252.26,2026-07-05T18:00:00,APP
WAL_6f7f117fb0,U_9a0756330f,SPEND,-1496.45,DE,14755.81,2026-07-05T18:00:00,QR
WAL_f949aa3157,U_9a0756330f,SPEND,-1740.8,DE,13015.01,2026-07-09T11:00:00,QR
WAL_53bccf5ba7,U_2fca5084ce,LOAD,17179.5,DE,17179.5,2025-11-02T20:00:00,APP
WAL_12fb79ec04,U_2fca5084ce,LOAD,20330.65,DE,20330.65,2025-09-19T14:00:00,APP
WAL_ae96bb2fa3,U_2fca5084ce,SPEND,-837.54,DE,19493.11,2025-09-19T14:00:00,QR
WAL_0d7c720c30,U_2fca5084ce,SPEND,-572.73,DE,18920.38,2025-09-19T21:00:00,QR
WAL_affb4e4d85,U_2fca5084ce,SPEND,-2268.26,DE,16652.12,2025-09-18T23:00:00,QR
WAL_766cb7bd2f,U_2fca5084ce,LOAD,20224.06,DE,20224.06,2025-04-11T22:00:00,APP
WAL_3586b7d993,U_2fca5084ce,SPEND,-2237.47,DE,17986.59,2025-04-11T22:00:00,QR
WAL_596f0d238f,U_2fca5084ce,SPEND,-1508.4,DE,16478.19,2025-04-15T23:00:00,QR
WAL_f9f6d45218,U_2fca5084ce,SPEND,-993.88,DE,15484.31,2025-04-13T23:00:00,QR
WAL_18fbbad234,U_2fca5084ce,SPEND,-2030.04,DE,13454.27,2025-04-13T02:00:00,QR
WAL_42fb09bde1,U_2fca5084ce,SPEND,-689.52,DE,12764.75,2025-04-14T14:00:00,QR
WAL_6e9fc4e8b7,U_2fca5084ce,SPEND,-3241.57,DE,9523.18,2025-04-20T16:00:00,QR
WAL_d904e50965,U_2fca5084ce,SPEND,-816.73,DE,8706.45,2025-04-10T02:00:00,QR
WAL_82062bfaa5,U_2fca5084ce,SPEND,-637.79,DE,8068.66,2025-04-15T08:00:00,QR
WAL_00899eab6e,U_2fca5084ce,SPEND,-1559.81,DE,6508.85,2025-04-15T15:00:00,QR
WAL_c88a3c977e,U_2fca5084ce,SPEND,-1173.4,DE,5335.45,2025-04-13T19:00:00,QR
WAL_fc639bb841,U_2fca5084ce,SPEND,-1003.72,DE,4331.73,2025-04-14T11:00:00,QR
WAL_b5382c2d2d,U_2fca5084ce,SPEND,-1671.96,DE,2659.77,2025-04-08T11:00:00,QR
WAL_1ae24d9d30,U_2fca5084ce,SPEND,-1128.87,DE,1530.9,2025-04-10T10:00:00,QR
WAL_1dfa330d63,U_e3027bb0ca,LOAD,24048.44,FR,24048.44,2024-08-21T01:00:00,APP
WAL_09d90e1f1e,U_e3027bb0ca,SPEND,-1701.1,FR,22347.34,2024-08-21T01:00:00,QR
WAL_0080f89321,U_b9b18b5f98,LOAD,10718.69,DE,10718.69,2025-12-01T06:00:00,APP
WAL_7224ff15cc,U_b9b18b5f98,SPEND,-2795.64,DE,7923.05,2025-12-01T19:00:00,QR
WAL_00392267bd,U_b9b18b5f98,SPEND,-913.4,DE,7009.65,2025-11-30T10:00:00,QR
WAL_307cdedf0f,U_b9b18b5f98,SPEND,-1325.67,DE,5683.98,2025-11-30T07:00:00,QR
WAL_f5f96f76c1,U_b9b18b5f98,SPEND,-1943.37,DE,3740.61,2025-12-01T23:00:00,QR
WAL_03b49eb906,U_b9b18b5f98,SPEND,-1070.14,DE,2670.47,2025-12-01T22:00:00,QR
WAL_39cec49767,U_b9b18b5f98,SPEND,-1488.8,DE,1181.67,2025-11-30T23:00:00,QR
WAL_b5b0db56ea,U_b9b18b5f98,LOAD,6432.79,DE,6432.79,2026-05-01T02:00:00,APP
WAL_19a1443d7c,U_b9b18b5f98,SPEND,-5462.08,DE,970.71,2026-05-01T02:00:00,QR
WAL_8c2c00859d,U_b9b18b5f98,SPEND,-2752.91,DE,-1782.2,2026-04-30T06:00:00,QR
WAL_cc945e4347,U_b9b18b5f98,LOAD,22364.6,DE,20582.4,2026-04-29T08:00:00,APP
WAL_12625c0644,U_b9b18b5f98,SPEND,-255.78,DE,20326.62,2026-04-29T08:00:00,QR
WAL_7e56ee48fc,U_b9b18b5f98,LOAD,16687.9,DE,16687.9,2024-12-01T13:00:00,APP
WAL_bea6289422,U_b9b18b5f98,SPEND,-1777.17,DE,14910.73,2024-12-01T13:00:00,QR
WAL_79dde6ca0b,U_b9b18b5f98,SPEND,-1423.11,DE,13487.62,2024-11-28T00:00:00,QR
WAL_8593a8fc81,U_b9b18b5f98,SPEND,-903.27,DE,12584.35,2024-12-01T08:00:00,QR
WAL_2f86a9f997,U_b9b18b5f98,SPEND,-960.35,DE,11624.0,2024-12-02T14:00:00,QR
WAL_3146dfd431,U_b9b18b5f98,SPEND,-3105.96,DE,8518.04,2024-12-01T11:00:00,QR
WAL_579842875f,U_b9b18b5f98,SPEND,-4222.66,DE,4295.38,2024-11-30T23:00:00,QR
WAL_4faefa6b59,U_b9b18b5f98,SPEND,-562.72,DE,3732.66,2024-11-29T05:00:00,QR
WAL_e976837145,U_b9b18b5f98,SPEND,-2331.54,DE,1401.12,2024-12-02T03:00:00,QR
WAL_da97f5de43,U_b9b18b5f98,SPEND,-2276.03,DE,-874.91,2024-11-29T09:00:00,QR
WAL_37ba2039b8,U_b9b18b5f98,LOAD,21086.88,DE,20211.97,2024-12-01T12:00:00,APP
WAL_5af39d7568,U_b9b18b5f98,SPEND,-2574.77,DE,17637.2,2024-11-28T13:00:00,QR
WAL_993f89c6bf,U_b9b18b5f98,LOAD,13096.75,DE,13096.75,2025-09-22T14:00:00,APP
WAL_ba64ba9adc,U_b9b18b5f98,SPEND,-1648.93,DE,11447.82,2025-09-22T14:00:00,QR
WAL_559f54574b,U_b9b18b5f98,SPEND,-1296.05,DE,10151.77,2025-09-20T15:00:00,QR
WAL_b9361de049,U_b9b18b5f98,SPEND,-1931.89,DE,8219.88,2025-09-19T17:00:00,QR
WAL_5c0b0d8251,U_b9b18b5f98,SPEND,-1834.82,DE,6385.06,2025-09-19T11:00:00,QR
WAL_e5062c366d,U_b9b18b5f98,SPEND,-1059.43,DE,5325.63,2025-09-21T17:00:00,QR
WAL_a6dbe10c2d,U_bae13fc39e,LOAD,24261.74,AU,24261.74,2025-03-23T20:00:00,APP
WAL_5bf7a7ea13,U_bae13fc39e,SPEND,-1175.9,AU,23085.84,2025-03-23T20:00:00,QR
WAL_12284179b7,U_bae13fc39e,SPEND,-1089.21,AU,21996.63,2025-03-16T20:00:00,QR
WAL_463f37228b,U_bae13fc39e,SPEND,-1251.64,AU,20744.99,2025-03-30T16:00:00,QR
WAL_db83a0ab3a,U_bae13fc39e,SPEND,-1130.51,AU,19614.48,2025-03-29T13:00:00,QR
WAL_06d71381c3,U_bae13fc39e,SPEND,-2711.91,AU,16902.57,2025-04-02T08:00:00,QR
WAL_8c398a7ab4,U_bae13fc39e,SPEND,-1306.12,AU,15596.45,2025-03-15T03:00:00,QR
WAL_8df4d25be9,U_bae13fc39e,SPEND,-1775.91,AU,13820.54,2025-03-23T01:00:00,QR
WAL_63bcb9391c,U_bae13fc39e,SPEND,-712.55,AU,13107.99,2025-03-31T15:00:00,QR
WAL_cac329bee4,U_bae13fc39e,SPEND,-6012.39,AU,7095.6,2025-03-16T17:00:00,QR
WAL_15a1a49bef,U_bae13fc39e,SPEND,-1370.6,AU,5725.0,2025-03-22T19:00:00,QR
WAL_62f3b8e5f7,U_bae13fc39e,SPEND,-2531.46,AU,3193.54,2025-03-17T13:00:00,QR
WAL_61d60b6e8d,U_bae13fc39e,SPEND,-592.82,AU,2600.72,2025-03-28T10:00:00,QR
WAL_36e3159397,U_bae13fc39e,SPEND,-808.15,AU,1792.57,2025-03-22T16:00:00,QR
WAL_91d34b1c49,U_bae13fc39e,SPEND,-1127.21,AU,665.36,2025-03-23T13:00:00,QR
WAL_6dbcb0b304,U_bae13fc39e,LOAD,18780.75,AU,18780.75,2025-01-11T07:00:00,APP
WAL_0755329c0d,U_bae13fc39e,SPEND,-1018.34,AU,17762.41,2025-01-06T01:00:00,QR
WAL_d0c21869ab,U_bae13fc39e,SPEND,-625.2,AU,17137.21,2025-01-08T11:00:00,QR
WAL_a4f7fa5808,U_bae13fc39e,SPEND,-1008.3,AU,16128.91,2025-01-11T03:00:00,QR
WAL_3211f771bd,U_bae13fc39e,SPEND,-1565.27,AU,14563.64,2025-01-11T07:00:00,QR
WAL_5e38649e5d,U_bae13fc39e,SPEND,-1032.39,AU,13531.25,2025-01-09T14:00:00,QR
WAL_fa8e26088e,U_02de30cf6b,LOAD,16098.5,BD,16098.5,2026-01-01T14:00:00,APP
WAL_194e859269,U_02de30cf6b,SPEND,-1619.92,BD,14478.58,2026-01-01T14:00:00,QR
WAL_a28b3ddc00,U_02de30cf6b,SPEND,-1222.08,BD,13256.5,2025-12-19T09:00:00,QR
WAL_fd8fe1fe90,U_02de30cf6b,SPEND,-1194.96,BD,12061.54,2026-01-03T15:00:00,QR
WAL_3d788bfb71,U_02de30cf6b,SPEND,-3725.42,BD,8336.12,2026-01-04T05:00:00,QR
WAL_0b8504b8e2,U_02de30cf6b,SPEND,-1859.59,BD,6476.53,2025-12-21T09:00:00,QR
WAL_bff5edeb6d,U_02de30cf6b,LOAD,5537.89,BD,5537.89,2025-10-17T23:00:00,APP
WAL_1729b69f90,U_02de30cf6b,SPEND,-956.45,BD,4581.44,2025-10-16T20:00:00,QR
WAL_546f595b46,U_02de30cf6b,SPEND,-1628.42,BD,2953.02,2025-10-17T02:00:00,QR
WAL_bc586f2948,U_02de30cf6b,SPEND,-1615.1,BD,1337.92,2025-10-16T16:00:00,QR
WAL_734faae030,U_02de30cf6b,SPEND,-1678.44,BD,-340.52,2025-10-15T09:00:00,QR
WAL_af5611523e,U_02de30cf6b,LOAD,7371.92,BD,7031.4,2025-10-16T07:00:00,APP
WAL_84c64be30e,U_02de30cf6b,SPEND,-2814.14,BD,4217.26,2025-10-16T07:00:00,QR
WAL_fe69b9a4fb,U_02de30cf6b,LOAD,5976.22,BD,5976.22,2025-07-17T06:00:00,APP
WAL_ec286177e7,U_02de30cf6b,SPEND,-1620.82,BD,4355.4,2025-07-17T06:00:00,QR
WAL_cd680ee431,U_02de30cf6b,SPEND,-3964.73,BD,390.67,2025-07-22T21:00:00,QR
WAL_2b54944dce,U_02de30cf6b,SPEND,-1995.63,BD,-1604.96,2025-07-17T11:00:00,QR
WAL_91ca6ac266,U_02de30cf6b,LOAD,5508.1,BD,3903.14,2025-07-19T02:00:00,APP
WAL_69e138102f,U_02de30cf6b,SPEND,-1244.6,BD,2658.54,2025-07-17T11:00:00,QR
WAL_ff225754dd,U_02de30cf6b,SPEND,-2734.55,BD,-76.01,2025-07-14T19:00:00,QR
WAL_f4a8105f46,U_02de30cf6b,LOAD,18451.82,BD,18375.81,2025-07-18T09:00:00,APP
WAL_3298803892,U_02de30cf6b,SPEND,-1737.45,BD,16638.36,2025-07-18T09:00:00,QR
WAL_a96d1bd422,U_3e3bd413a7,LOAD,11517.07,REST,11517.07,2026-01-01T17:00:00,APP
WAL_470e1aa12d,U_3e3bd413a7,SPEND,-1125.46,REST,10391.61,2026-01-01T17:00:00,QR
WAL_e4aca1929b,U_3e3bd413a7,SPEND,-1980.82,REST,8410.79,2025-12-24T08:00:00,QR
WAL_9d4fb0f175,U_3e3bd413a7,SPEND,-1728.78,REST,6682.01,2025-12-29T18:00:00,QR
WAL_8864f357f6,U_3e3bd413a7,SPEND,-2270.23,REST,4411.78,2025-12-25T05:00:00,QR
WAL_502c04b460,U_3e3bd413a7,SPEND,-610.47,REST,3801.31,2025-12-29T00:00:00,QR
WAL_bf805e43c3,U_3e3bd413a7,SPEND,-2965.66,REST,835.65,2025-12-31T16:00:00,QR
WAL_6b7d3d4008,U_3e3bd413a7,LOAD,20898.88,REST,20898.88,2025-03-09T01:00:00,APP
WAL_a7124f4de5,U_3e3bd413a7,SPEND,-873.44,REST,20025.44,2025-03-09T01:00:00,QR
WAL_e55581b0e8,U_3e3bd413a7,SPEND,-2235.62,REST,17789.82,2025-03-16T02:00:00,QR
WAL_569f50cb5b,U_3e3bd413a7,SPEND,-2486.55,REST,15303.27,2025-03-11T07:00:00,QR
WAL_e7b86dcdf0,U_3e3bd413a7,SPEND,-5663.03,REST,9640.24,2025-03-19T18:00:00,QR
WAL_cbd452fec4,U_3e3bd413a7,SPEND,-2648.36,REST,6991.88,2025-03-14T20:00:00,QR
WAL_b925896002,U_3e3bd413a7,SPEND,-1341.85,REST,5650.03,2025-03-12T06:00:00,QR
WAL_f735f11bc3,U_3e3bd413a7,LOAD,14409.19,REST,14409.19,2024-09-21T18:00:00,APP
WAL_5811911afe,U_3e3bd413a7,SPEND,-1108.49,REST,13300.7,2024-09-21T18:00:00,QR
WAL_76ec833d74,U_3e3bd413a7,SPEND,-1310.63,REST,11990.07,2024-09-24T10:00:00,QR
WAL_6548237f0a,U_3e3bd413a7,SPEND,-2061.91,REST,9928.16,2024-09-19T18:00:00,QR
WAL_a63d07f37f,U_3e3bd413a7,SPEND,-2065.78,REST,7862.38,2024-09-19T03:00:00,QR
WAL_14258975ce,U_3e3bd413a7,SPEND,-1404.68,REST,6457.7,2024-09-22T23:00:00,QR
WAL_bfdc451f0f,U_3e3bd413a7,SPEND,-1159.8,REST,5297.9,2024-09-23T15:00:00,QR
WAL_8b1fc7a328,U_3e3bd413a7,SPEND,-1145.24,REST,4152.66,2024-09-19T22:00:00,QR
WAL_3cd1294ccc,U_3e3bd413a7,SPEND,-1210.74,REST,2941.92,2024-09-29T21:00:00,QR
WAL_d8096b34e2,U_3e3bd413a7,SPEND,-1551.78,REST,1390.14,2024-09-30T10:00:00,QR
WAL_2d6a343e70,U_3e3bd413a7,SPEND,-1573.17,REST,-183.03,2024-09-22T07:00:00,QR
WAL_39cfbaf192,U_3e3bd413a7,LOAD,7707.04,REST,7707.04,2026-06-15T03:00:00,APP
WAL_df3341b302,U_3e3bd413a7,SPEND,-1091.67,REST,6615.37,2026-06-15T03:00:00,QR
WAL_7d81ef6d9b,U_3e3bd413a7,SPEND,-1470.1,REST,5145.27,2026-05-30T23:00:00,QR
WAL_59bcfc1742,U_3e3bd413a7,SPEND,-2360.25,REST,2785.02,2026-06-08T17:00:00,QR
WAL_d97d0e3a57,U_3e3bd413a7,SPEND,-2445.52,REST,339.5,2026-06-01T10:00:00,QR
WAL_d5a662a121,U_3e3bd413a7,SPEND,-1140.78,REST,-801.28,2026-06-13T15:00:00,QR
WAL_f89066ded6,U_3e3bd413a7,LOAD,18992.96,REST,18191.68,2026-06-12T07:00:00,APP
WAL_57e0b931e0,U_3e3bd413a7,SPEND,-1038.35,REST,17153.33,2026-06-12T07:00:00,QR
WAL_9479bf89a8,U_3e3bd413a7,SPEND,-848.82,REST,16304.51,2026-06-12T17:00:00,QR
WAL_7f8862dfe7,U_3e3bd413a7,SPEND,-1698.71,REST,14605.8,2026-06-08T21:00:00,QR
WAL_0837bddf4b,U_3e3bd413a7,SPEND,-1808.51,REST,12797.29,2026-06-12T01:00:00,QR
WAL_b2688bbc13,U_a2b74ea81b,LOAD,9759.16,CA,9759.16,2025-04-03T04:00:00,APP
WAL_94f2579025,U_a2b74ea81b,SPEND,-1252.95,CA,8506.21,2025-04-03T04:00:00,QR
WAL_5b35ac403e,U_a2b74ea81b,SPEND,-2215.44,CA,6290.77,2025-04-13T16:00:00,QR
WAL_de48637471,U_a2b74ea81b,SPEND,-1401.75,CA,4889.02,2025-04-03T15:00:00,QR
WAL_aaff27d030,U_a2b74ea81b,SPEND,-3896.76,CA,992.26,2025-04-03T21:00:00,QR
WAL_2d3dcea988,U_a2b74ea81b,SPEND,-1641.2,CA,-648.94,2025-04-15T07:00:00,QR
WAL_277d6f9e48,U_a2b74ea81b,LOAD,5251.57,CA,5251.57,2025-12-17T14:00:00,APP
WAL_7da43805a7,U_a2b74ea81b,SPEND,-1909.73,CA,3341.84,2025-12-17T14:00:00,QR
WAL_33e9665ba3,U_a2b74ea81b,SPEND,-1458.75,CA,1883.09,2025-12-23T22:00:00,QR
WAL_cf8b13dc0a,U_a2b74ea81b,SPEND,-1754.56,CA,128.53,2025-12-12T23:00:00,QR
WAL_79c9c55cf0,U_a2b74ea81b,SPEND,-1216.88,CA,-1088.35,2025-12-19T16:00:00,QR
WAL_73930693ac,U_3dd59127a0,LOAD,17567.36,REST,17567.36,2025-12-06T00:00:00,APP
WAL_0bdd894c67,U_3dd59127a0,SPEND,-1075.84,REST,16491.52,2025-12-06T00:00:00,QR
WAL_b371ae3440,U_3dd59127a0,SPEND,-1418.17,REST,15073.35,2025-12-11T04:00:00,QR
WAL_71b65e4599,U_3dd59127a0,SPEND,-1450.93,REST,13622.42,2025-12-08T22:00:00,QR
WAL_d187c2f6b4,U_3dd59127a0,SPEND,-915.11,REST,12707.31,2025-12-07T21:00:00,QR
WAL_24293e2e0f,U_3dd59127a0,SPEND,-1272.86,REST,11434.45,2025-12-12T09:00:00,QR
WAL_602bac581a,U_3dd59127a0,LOAD,5701.78,REST,5701.78,2025-03-17T19:00:00,APP
WAL_a7a6ec5572,U_3dd59127a0,SPEND,-4527.99,REST,1173.79,2025-03-17T19:00:00,QR
WAL_d16ebfe88d,U_3dd59127a0,SPEND,-505.63,REST,668.16,2025-03-11T21:00:00,QR
WAL_271184db5c,U_3dd59127a0,SPEND,-1776.33,REST,-1108.17,2025-03-21T20:00:00,QR
WAL_fa602526e8,U_3dd59127a0,LOAD,16394.69,REST,16394.69,2026-02-05T02:00:00,APP
WAL_82fb5fe25f,U_3dd59127a0,SPEND,-3322.19,REST,13072.5,2026-02-05T02:00:00,QR
WAL_a21d874f7b,U_3dd59127a0,SPEND,-1185.71,REST,11886.79,2026-02-12T03:00:00,QR
WAL_f53a9ababe,U_3dd59127a0,SPEND,-1315.91,REST,10570.88,2026-02-07T19:00:00,QR
WAL_aa3797ad5f,U_3dd59127a0,LOAD,6172.94,REST,6172.94,2025-03-23T09:00:00,APP
WAL_18d3d34de7,U_3dd59127a0,SPEND,-1737.52,REST,4435.42,2025-03-23T09:00:00,QR
WAL_1de24b7b01,U_3dd59127a0,SPEND,-1934.26,REST,2501.16,2025-03-23T02:00:00,QR
WAL_4c88c670ed,U_3dd59127a0,SPEND,-3066.28,REST,-565.12,2025-03-13T06:00:00,QR
WAL_70fe929d29,U_3dd59127a0,LOAD,9605.51,REST,9040.39,2025-03-19T15:00:00,APP
WAL_4c4602dc73,U_3dd59127a0,SPEND,-2458.79,REST,6581.6,2025-03-19T15:00:00,QR
WAL_a23ca881c0,U_3dd59127a0,SPEND,-992.28,REST,5589.32,2025-03-20T22:00:00,QR
WAL_b7ebb19748,U_3dd59127a0,SPEND,-1870.9,REST,3718.42,2025-03-24T02:00:00,QR
WAL_c666a01e44,U_3dd59127a0,SPEND,-659.83,REST,3058.59,2025-03-13T03:00:00,QR
WAL_01c1a4a13c,U_a0c45eb123,LOAD,2633.21,LK,2633.21,2026-05-13T11:00:00,APP
WAL_c4b42619d7,U_a0c45eb123,SPEND,-1370.64,LK,1262.57,2026-05-13T11:00:00,QR
WAL_d7a5f930bb,U_a0c45eb123,SPEND,-854.08,LK,408.49,2026-05-12T12:00:00,QR
WAL_e589ff47cf,U_a0c45eb123,SPEND,-2512.07,LK,-2103.58,2026-05-13T06:00:00,QR
WAL_080f52d6c6,U_a0c45eb123,LOAD,21998.87,LK,19895.29,2026-05-14T07:00:00,APP
WAL_f029c158cc,U_a0c45eb123,SPEND,-1830.78,LK,18064.51,2026-05-14T07:00:00,QR
WAL_50ecd55b0c,U_a0c45eb123,SPEND,-2163.15,LK,15901.36,2026-05-15T21:00:00,QR
WAL_5f1016aaf7,U_a0c45eb123,SPEND,-1743.18,LK,14158.18,2026-05-13T09:00:00,QR
WAL_cb460e7168,U_9522a7f720,LOAD,4159.98,NP,4159.98,2025-10-10T00:00:00,APP
WAL_348c0a2bf7,U_9522a7f720,SPEND,-749.61,NP,3410.37,2025-10-10T00:00:00,QR
WAL_57db62101f,U_9522a7f720,SPEND,-3023.24,NP,387.13,2025-10-22T13:00:00,QR
WAL_f17e87f91b,U_9522a7f720,SPEND,-1598.44,NP,-1211.31,2025-10-22T18:00:00,QR
WAL_8049601e76,U_9522a7f720,LOAD,20812.2,NP,19600.89,2025-10-06T22:00:00,APP
WAL_c9f779ee0f,U_9522a7f720,SPEND,-958.51,NP,18642.38,2025-10-06T22:00:00,QR
WAL_472af853ad,U_9522a7f720,SPEND,-3237.08,NP,15405.3,2025-10-08T17:00:00,QR
WAL_2c7588fca2,U_9522a7f720,SPEND,-1492.96,NP,13912.34,2025-10-11T04:00:00,QR
WAL_57e4797bc6,U_9522a7f720,SPEND,-1307.81,NP,12604.53,2025-10-10T07:00:00,QR
WAL_8314356db2,U_34e3007c27,LOAD,8944.44,DE,8944.44,2025-05-25T10:00:00,APP
WAL_e7cc2b554c,U_34e3007c27,SPEND,-776.99,DE,8167.45,2025-05-25T10:00:00,QR
WAL_c6fc0bc42a,U_34e3007c27,SPEND,-1596.85,DE,6570.6,2025-05-26T14:00:00,QR
WAL_4a115b5513,U_34e3007c27,SPEND,-1646.72,DE,4923.88,2025-05-28T00:00:00,QR
WAL_57aa5033f0,U_34e3007c27,LOAD,20013.67,DE,20013.67,2024-08-29T15:00:00,APP
WAL_6aa649e737,U_34e3007c27,SPEND,-1588.32,DE,18425.35,2024-08-29T15:00:00,QR
WAL_58378910f3,U_34e3007c27,SPEND,-775.92,DE,17649.43,2024-08-23T18:00:00,QR
WAL_89e2890228,U_34e3007c27,SPEND,-3502.91,DE,14146.52,2024-08-28T10:00:00,QR
WAL_75d4c1e823,U_34e3007c27,SPEND,-957.0,DE,13189.52,2024-08-30T20:00:00,QR
WAL_20815aae0e,U_34e3007c27,SPEND,-1132.28,DE,12057.24,2024-09-02T18:00:00,QR
WAL_27d46ff320,U_34e3007c27,SPEND,-914.95,DE,11142.29,2024-09-03T01:00:00,QR
WAL_1fd2f9f755,U_34e3007c27,SPEND,-1506.04,DE,9636.25,2024-08-25T21:00:00,QR
WAL_a67a682782,U_34e3007c27,LOAD,9574.95,DE,9574.95,2025-04-09T12:00:00,APP
WAL_037e80b844,U_34e3007c27,SPEND,-5051.18,DE,4523.77,2025-04-12T08:00:00,QR
WAL_3b7c7ae2e2,U_34e3007c27,SPEND,-1040.14,DE,3483.63,2025-04-11T16:00:00,QR
WAL_c9489cc468,U_34e3007c27,SPEND,-886.23,DE,2597.4,2025-04-07T21:00:00,QR
WAL_9e0bd0fad3,U_34e3007c27,SPEND,-1266.4,DE,1331.0,2025-04-18T00:00:00,QR
WAL_f8cb7d7c56,U_34e3007c27,SPEND,-2219.52,DE,-888.52,2025-04-09T00:00:00,QR
WAL_173cb895cb,U_34e3007c27,LOAD,21466.26,DE,20577.73,2025-04-17T10:00:00,APP
WAL_371e22cc5b,U_eb47084dbd,LOAD,10870.8,GB,10870.8,2025-06-06T00:00:00,APP
WAL_a740818094,U_eb47084dbd,SPEND,-829.24,GB,10041.56,2025-06-06T00:00:00,QR
WAL_d43225048d,U_eb47084dbd,SPEND,-1702.4,GB,8339.16,2025-06-08T18:00:00,QR
WAL_c39839ab0d,U_eb47084dbd,SPEND,-1229.85,GB,7109.31,2025-06-06T06:00:00,QR
WAL_26c8b2aa09,U_eb47084dbd,SPEND,-633.27,GB,6476.04,2025-06-02T03:00:00,QR
WAL_68f5f481a2,U_eb47084dbd,SPEND,-719.23,GB,5756.81,2025-06-05T22:00:00,QR
WAL_0eb2a6ae6f,U_eb47084dbd,SPEND,-1584.43,GB,4172.38,2025-06-01T07:00:00,QR
WAL_7c3aa79025,U_eb47084dbd,SPEND,-1841.13,GB,2331.25,2025-05-22T12:00:00,QR
WAL_a4fafd0950,U_eb47084dbd,SPEND,-2272.9,GB,58.35,2025-05-31T00:00:00,QR
WAL_c8284785fe,U_2a33df6ef5,LOAD,17873.31,AE,17873.31,2026-03-12T16:00:00,APP
WAL_432d571597,U_2a33df6ef5,SPEND,-2668.13,AE,15205.18,2026-03-12T16:00:00,QR
WAL_15b746bf21,U_2a33df6ef5,SPEND,-1873.92,AE,13331.26,2026-03-10T17:00:00,QR
WAL_21897ef1d9,U_2a33df6ef5,SPEND,-3114.58,AE,10216.68,2026-03-12T03:00:00,QR
WAL_f2dab67f24,U_2a33df6ef5,SPEND,-813.69,AE,9402.99,2026-03-14T18:00:00,QR
WAL_1b500184e8,U_2a33df6ef5,SPEND,-1645.46,AE,7757.53,2026-03-11T04:00:00,QR
WAL_81b7b07e69,U_2a33df6ef5,SPEND,-4077.0,AE,3680.53,2026-03-13T18:00:00,QR
WAL_5ff6b944f1,U_2a33df6ef5,SPEND,-1504.47,AE,2176.06,2026-03-09T11:00:00,QR
WAL_33d8a11075,U_2a33df6ef5,SPEND,-2911.96,AE,-735.9,2026-03-14T13:00:00,QR
WAL_e3713fcd5e,U_2a33df6ef5,LOAD,14569.12,AE,14569.12,2025-03-09T12:00:00,APP
WAL_f90bd85434,U_2a33df6ef5,SPEND,-1714.59,AE,12854.53,2025-02-27T10:00:00,QR
WAL_fb5bd9fae7,U_2a33df6ef5,LOAD,9494.12,AE,9494.12,2025-10-14T09:00:00,APP
WAL_5d0d024462,U_2a33df6ef5,SPEND,-921.51,AE,8572.61,2025-10-14T09:00:00,QR
WAL_58d64f91f4,U_2a33df6ef5,SPEND,-1581.26,AE,6991.35,2025-10-25T19:00:00,QR
WAL_bea6d95524,U_2a33df6ef5,SPEND,-2495.44,AE,4495.91,2025-10-14T02:00:00,QR
WAL_9084632b44,U_2a33df6ef5,SPEND,-1420.51,AE,3075.4,2025-10-17T07:00:00,QR
WAL_65893f3364,U_2a33df6ef5,SPEND,-2214.88,AE,860.52,2025-10-17T23:00:00,QR
WAL_0920c6be81,U_2a33df6ef5,SPEND,-1632.15,AE,-771.63,2025-10-18T20:00:00,QR
WAL_15151f9548,U_2a33df6ef5,LOAD,2343.92,AE,1572.29,2025-10-20T12:00:00,APP
WAL_3de0df8a6e,U_2a33df6ef5,SPEND,-1066.97,AE,505.32,2025-10-20T12:00:00,QR
WAL_4c5f5666f1,U_2a33df6ef5,SPEND,-532.76,AE,-27.44,2025-10-20T20:00:00,QR
WAL_cd77a813d3,U_2a33df6ef5,LOAD,21103.04,AE,21075.6,2025-10-17T10:00:00,APP
WAL_565e654804,U_2a33df6ef5,SPEND,-525.56,AE,20550.04,2025-10-17T10:00:00,QR
WAL_793d7c4769,U_2a33df6ef5,SPEND,-536.63,AE,20013.41,2025-10-24T17:00:00,QR
WAL_61dc12c4b3,U_2a33df6ef5,SPEND,-1380.85,AE,18632.56,2025-10-19T03:00:00,QR
WAL_be62b86588,U_2a33df6ef5,SPEND,-1460.25,AE,17172.31,2025-10-19T11:00:00,QR
WAL_2cbc4510a9,U_f6c5e2c929,LOAD,5954.08,AE,5954.08,2025-10-20T05:00:00,APP
WAL_77e6088361,U_f6c5e2c929,SPEND,-2115.66,AE,3838.42,2025-10-20T05:00:00,QR
WAL_fec5f79a37,U_f6c5e2c929,SPEND,-1212.67,AE,2625.75,2025-10-30T16:00:00,QR
WAL_ee18cb93f3,U_f6c5e2c929,SPEND,-1181.46,AE,1444.29,2025-11-01T21:00:00,QR
WAL_8ccf4dd731,U_f6c5e2c929,SPEND,-1076.62,AE,367.67,2025-10-24T09:00:00,QR
WAL_af49f311ee,U_f6c5e2c929,SPEND,-1656.14,AE,-1288.47,2025-11-06T21:00:00,QR
WAL_c15fa1c645,U_efbed224b7,LOAD,8566.24,FR,8566.24,2025-05-14T19:00:00,APP
WAL_1b67d521c2,U_efbed224b7,SPEND,-1399.98,FR,7166.26,2025-05-14T19:00:00,QR
WAL_2ff7870045,U_efbed224b7,SPEND,-2764.65,FR,4401.61,2025-05-11T03:00:00,QR
WAL_25654e8f9a,U_efbed224b7,SPEND,-797.35,FR,3604.26,2025-05-11T20:00:00,QR
WAL_14ff834877,U_efbed224b7,SPEND,-780.75,FR,2823.51,2025-05-05T18:00:00,QR
WAL_1c9f37e4b3,U_efbed224b7,SPEND,-1067.65,FR,1755.86,2025-05-12T09:00:00,QR
WAL_93e3b8afd4,U_7332ad293e,LOAD,17626.74,CA,17626.74,2025-06-15T11:00:00,APP
WAL_b24daa36af,U_7332ad293e,SPEND,-953.31,CA,16673.43,2025-06-15T11:00:00,QR
WAL_4f4a356491,U_7332ad293e,SPEND,-1313.06,CA,15360.37,2025-06-16T19:00:00,QR
WAL_25f4f140a4,U_7332ad293e,SPEND,-1443.96,CA,13916.41,2025-06-16T21:00:00,QR
WAL_1bafba4712,U_7332ad293e,SPEND,-2873.98,CA,11042.43,2025-06-16T07:00:00,QR
WAL_622286cb65,U_7332ad293e,SPEND,-1286.34,CA,9756.09,2025-06-15T19:00:00,QR
WAL_baa9c3ba14,U_7332ad293e,SPEND,-1839.83,CA,7916.26,2025-06-17T23:00:00,QR
WAL_33132b4b4c,U_7332ad293e,SPEND,-1624.37,CA,6291.89,2025-06-16T14:00:00,QR
WAL_82cd4cb48c,U_7332ad293e,SPEND,-1732.13,CA,4559.76,2025-06-15T11:00:00,QR
WAL_1038663578,U_7332ad293e,SPEND,-816.84,CA,3742.92,2025-06-17T17:00:00,QR
WAL_f227a199d9,U_7332ad293e,SPEND,-746.85,CA,2996.07,2025-06-15T19:00:00,QR
WAL_f2f17d410e,U_7332ad293e,SPEND,-1430.63,CA,1565.44,2025-06-16T07:00:00,QR
WAL_6103acda2c,U_7332ad293e,SPEND,-874.04,CA,691.4,2025-06-16T08:00:00,QR
WAL_7c6b53d98f,U_7088e31f55,LOAD,7867.6,MY,7867.6,2025-03-18T21:00:00,APP
WAL_1b1b2a5e43,U_7088e31f55,SPEND,-1739.13,MY,6128.47,2025-03-18T21:00:00,QR
WAL_b64332d848,U_7088e31f55,SPEND,-1565.59,MY,4562.88,2025-03-13T10:00:00,QR
WAL_bb65ec41ab,U_7088e31f55,SPEND,-1242.96,MY,3319.92,2025-03-10T06:00:00,QR
WAL_92deae5170,U_7088e31f55,SPEND,-1302.06,MY,2017.86,2025-03-17T14:00:00,QR
WAL_8896f55bb5,U_7088e31f55,SPEND,-2069.36,MY,-51.5,2025-03-08T10:00:00,QR
WAL_6dc87eee10,U_7088e31f55,LOAD,15484.91,MY,15484.91,2025-01-25T02:00:00,APP
WAL_8261dcc18b,U_7088e31f55,SPEND,-1907.7,MY,13577.21,2025-01-25T02:00:00,QR
WAL_22a4d9bc69,U_7088e31f55,SPEND,-1565.19,MY,12012.02,2025-01-31T12:00:00,QR
WAL_3231d2c81c,U_7088e31f55,SPEND,-902.38,MY,11109.64,2025-02-04T02:00:00,QR
WAL_3e058f15a4,U_7088e31f55,SPEND,-523.23,MY,10586.41,2025-01-30T02:00:00,QR
WAL_e227f13221,U_7088e31f55,SPEND,-1941.23,MY,8645.18,2025-02-01T11:00:00,QR
WAL_622e85cd0b,U_7088e31f55,SPEND,-3796.98,MY,4848.2,2025-01-24T20:00:00,QR
WAL_df56fb0ba3,U_7088e31f55,SPEND,-698.46,MY,4149.74,2025-01-31T01:00:00,QR
WAL_876ff04292,U_7088e31f55,SPEND,-1853.25,MY,2296.49,2025-01-24T02:00:00,QR
WAL_57b2630282,U_7088e31f55,SPEND,-1613.87,MY,682.62,2025-01-25T14:00:00,QR
WAL_fa71b6e80a,U_7088e31f55,SPEND,-916.83,MY,-234.21,2025-01-28T09:00:00,QR
WAL_94caa79fd8,U_7088e31f55,LOAD,21834.58,MY,21600.37,2025-02-06T14:00:00,APP
WAL_3b5474cd48,U_7088e31f55,SPEND,-1388.32,MY,20212.05,2025-02-06T14:00:00,QR
WAL_ed1b5391f8,U_7088e31f55,LOAD,15962.66,MY,15962.66,2025-06-04T04:00:00,APP
WAL_02fdf44785,U_7088e31f55,SPEND,-1056.13,MY,14906.53,2025-06-04T04:00:00,QR
WAL_66f4bb0d7a,U_7088e31f55,SPEND,-4669.16,MY,10237.37,2025-06-04T04:00:00,QR
WAL_61441c4d3f,U_7088e31f55,SPEND,-1381.08,MY,8856.29,2025-06-02T21:00:00,QR
WAL_2ad11d4275,U_c671bba35e,LOAD,7041.87,LK,7041.87,2026-02-11T11:00:00,APP
WAL_40b0213eb8,U_c671bba35e,SPEND,-1460.96,LK,5580.91,2026-02-11T04:00:00,QR
WAL_0408f49f80,U_c671bba35e,SPEND,-1019.19,LK,4561.72,2026-02-09T08:00:00,QR
WAL_691dfcc3cd,U_c671bba35e,SPEND,-764.19,LK,3797.53,2026-02-10T19:00:00,QR
WAL_92a475367c,U_c671bba35e,SPEND,-1205.01,LK,2592.52,2026-02-04T17:00:00,QR
WAL_2bff12be03,U_c671bba35e,LOAD,5829.22,LK,5829.22,2025-07-18T15:00:00,APP
WAL_f7f84b3d39,U_c671bba35e,SPEND,-896.66,LK,4932.56,2025-07-18T15:00:00,QR
WAL_967dcc167c,U_c671bba35e,SPEND,-2679.79,LK,2252.77,2025-07-22T12:00:00,QR
WAL_94e14fba2e,U_c671bba35e,SPEND,-1173.95,LK,1078.82,2025-07-19T08:00:00,QR
WAL_7f85a8b2ad,U_1a4eb7f8bd,LOAD,17868.78,CA,17868.78,2025-11-29T05:00:00,APP
WAL_76fe4ba1ce,U_1a4eb7f8bd,SPEND,-2627.16,CA,15241.62,2025-11-29T05:00:00,QR
WAL_605c6b6511,U_1a4eb7f8bd,SPEND,-1146.68,CA,14094.94,2025-11-29T19:00:00,QR
WAL_692a44467d,U_1a4eb7f8bd,SPEND,-1930.06,CA,12164.88,2025-11-29T06:00:00,QR
WAL_e58322b251,U_1a4eb7f8bd,SPEND,-1596.54,CA,10568.34,2025-11-27T15:00:00,QR
WAL_14b4fc2227,U_1a4eb7f8bd,SPEND,-868.15,CA,9700.19,2025-11-28T07:00:00,QR
WAL_c5a877eb59,U_1a4eb7f8bd,SPEND,-937.51,CA,8762.68,2025-11-29T15:00:00,QR
WAL_b11d41c809,U_1a4eb7f8bd,SPEND,-903.01,CA,7859.67,2025-11-27T07:00:00,QR
WAL_adf7036638,U_1a4eb7f8bd,SPEND,-1427.93,CA,6431.74,2025-11-29T13:00:00,QR
WAL_4363e3bc42,U_1a4eb7f8bd,SPEND,-1675.26,CA,4756.48,2025-11-29T22:00:00,QR
WAL_c7ce1c8368,U_1a4eb7f8bd,LOAD,7832.48,CA,7832.48,2024-10-22T04:00:00,APP
WAL_0b1c51fe12,U_1a4eb7f8bd,SPEND,-1529.19,CA,6303.29,2024-10-24T20:00:00,QR
WAL_73650ad49b,U_1a4eb7f8bd,SPEND,-1325.38,CA,4977.91,2024-10-30T21:00:00,QR
WAL_89b1e6b591,U_1a4eb7f8bd,SPEND,-1273.11,CA,3704.8,2024-11-07T22:00:00,QR
WAL_0837d42f4c,U_1a4eb7f8bd,SPEND,-1581.17,CA,2123.63,2024-10-24T03:00:00,QR
WAL_520d221277,U_1a4eb7f8bd,SPEND,-1311.5,CA,812.13,2024-10-30T17:00:00,QR
WAL_d8501931b4,U_1a4eb7f8bd,SPEND,-1862.84,CA,-1050.71,2024-10-22T03:00:00,QR
WAL_00640c4db9,U_1a4eb7f8bd,LOAD,12610.77,CA,11560.06,2024-10-27T08:00:00,APP
WAL_b15092ee95,U_1a4eb7f8bd,SPEND,-3869.3,CA,7690.76,2024-10-27T08:00:00,QR
WAL_986f5b61b7,U_cf86fb7237,LOAD,21692.83,US,21692.83,2025-12-18T03:00:00,APP
WAL_6466898abe,U_cf86fb7237,SPEND,-779.2,US,20913.63,2025-12-18T03:00:00,QR
WAL_5139a3683d,U_cf86fb7237,SPEND,-1958.44,US,18955.19,2025-12-19T22:00:00,QR
WAL_530b28c49a,U_cf86fb7237,SPEND,-1582.82,US,17372.37,2025-12-19T02:00:00,QR
WAL_5c63874634,U_cf86fb7237,SPEND,-1306.76,US,16065.61,2025-12-19T10:00:00,QR
WAL_d5f24cddde,U_cf86fb7237,SPEND,-5557.87,US,10507.74,2025-12-18T13:00:00,QR
WAL_bf74e1f144,U_cf86fb7237,SPEND,-681.31,US,9826.43,2025-12-18T09:00:00,QR
WAL_70741ecad1,U_cf86fb7237,SPEND,-1679.15,US,8147.28,2025-12-18T00:00:00,QR
WAL_7b6b9496d8,U_cf86fb7237,SPEND,-5757.58,US,2389.7,2025-12-19T10:00:00,QR
WAL_e67370e243,U_cf86fb7237,SPEND,-1913.96,US,475.74,2025-12-18T22:00:00,QR
WAL_fde5353ba5,U_cf86fb7237,SPEND,-3148.26,US,-2672.52,2025-12-17T18:00:00,QR
WAL_8b389d8898,U_cf86fb7237,LOAD,10915.49,US,8242.97,2025-12-18T14:00:00,APP
WAL_a79bf2dd15,U_cf86fb7237,SPEND,-1256.47,US,6986.5,2025-12-18T14:00:00,QR
WAL_e1088ddbb8,U_68296e8cb1,LOAD,10191.43,BD,10191.43,2025-03-14T20:00:00,APP
WAL_4d98a5f99e,U_68296e8cb1,SPEND,-788.79,BD,9402.64,2025-03-14T20:00:00,QR
WAL_c23145d9a0,U_68296e8cb1,SPEND,-4817.73,BD,4584.91,2025-03-17T18:00:00,QR
WAL_c22f0ec781,U_68296e8cb1,SPEND,-1960.05,BD,2624.86,2025-03-07T18:00:00,QR
WAL_0a43eefa47,U_68296e8cb1,SPEND,-905.55,BD,1719.31,2025-03-12T14:00:00,QR
WAL_65bc1081e7,U_68296e8cb1,SPEND,-6969.73,BD,-5250.42,2025-03-01T05:00:00,QR
WAL_41681188b7,U_68296e8cb1,LOAD,5660.69,BD,410.27,2025-03-05T06:00:00,APP
WAL_8af8be4935,U_68296e8cb1,SPEND,-3702.14,BD,-3291.87,2025-03-11T22:00:00,QR
WAL_5ba2efa9bd,U_68296e8cb1,LOAD,11223.06,BD,11223.06,2026-01-12T06:00:00,APP
WAL_f521f2c221,U_68296e8cb1,SPEND,-1758.88,BD,9464.18,2026-01-12T06:00:00,QR
WAL_66a27ee5ff,U_68296e8cb1,SPEND,-1134.01,BD,8330.17,2026-01-10T08:00:00,QR
WAL_5e89589e4a,U_68296e8cb1,SPEND,-1206.17,BD,7124.0,2026-01-09T11:00:00,QR
WAL_5c1af61ea5,U_68296e8cb1,SPEND,-1175.99,BD,5948.01,2026-01-11T06:00:00,QR
WAL_55937fb00a,U_68296e8cb1,SPEND,-2110.66,BD,3837.35,2026-01-13T07:00:00,QR
WAL_11379d8bf4,U_b50ed184c5,LOAD,23017.0,REST,23017.0,2025-10-27T19:00:00,APP
WAL_27652ef5cc,U_b50ed184c5,SPEND,-1029.58,REST,21987.42,2025-10-27T19:00:00,QR
WAL_1f27f1d491,U_b50ed184c5,SPEND,-2504.51,REST,19482.91,2025-10-16T15:00:00,QR
WAL_8dd0eada9e,U_b50ed184c5,SPEND,-852.86,REST,18630.05,2025-10-25T17:00:00,QR
WAL_60f77aa440,U_b50ed184c5,SPEND,-225.76,REST,18404.29,2025-10-22T05:00:00,QR
WAL_bf66faed5a,U_b50ed184c5,SPEND,-1991.1,REST,16413.19,2025-10-30T04:00:00,QR
WAL_f6b729494d,U_b50ed184c5,SPEND,-2880.88,REST,13532.31,2025-10-28T14:00:00,QR
WAL_6da8c4cfea,U_b50ed184c5,SPEND,-1018.12,REST,12514.19,2025-10-24T21:00:00,QR
WAL_03d5206b7e,U_b50ed184c5,SPEND,-1104.15,REST,11410.04,2025-10-29T18:00:00,QR
WAL_060e63a2b2,U_de4d4db6b0,LOAD,18140.47,NP,18140.47,2025-07-21T00:00:00,APP
WAL_0614838058,U_de4d4db6b0,SPEND,-1631.09,NP,16509.38,2025-07-21T00:00:00,QR
WAL_ab9d2764db,U_de4d4db6b0,SPEND,-570.3,NP,15939.08,2025-07-24T15:00:00,QR
WAL_ae8b69667c,U_de4d4db6b0,SPEND,-1724.68,NP,14214.4,2025-07-23T08:00:00,QR
WAL_a8ba1f9cfe,U_de4d4db6b0,LOAD,19976.91,NP,19976.91,2025-03-25T02:00:00,APP
WAL_07bbfa1076,U_de4d4db6b0,SPEND,-1926.04,NP,18050.87,2025-03-25T02:00:00,QR
WAL_cec5d8dd34,U_de4d4db6b0,SPEND,-1605.93,NP,16444.94,2025-04-04T03:00:00,QR
WAL_10bb23d8d6,U_c904a2034e,LOAD,21607.05,REST,21607.05,2024-08-19T16:00:00,APP
WAL_dc69ab20bd,U_c904a2034e,SPEND,-1002.42,REST,20604.63,2024-08-20T18:00:00,QR
WAL_04484f3232,U_c904a2034e,SPEND,-1065.12,REST,19539.51,2024-08-14T14:00:00,QR
WAL_f9a48e88ea,U_c904a2034e,SPEND,-1259.12,REST,18280.39,2024-08-24T21:00:00,QR
WAL_8a326c2a7c,U_c904a2034e,LOAD,14267.73,REST,14267.73,2026-05-14T01:00:00,APP
WAL_b61e444a88,U_c904a2034e,SPEND,-2670.67,REST,11597.06,2026-05-14T01:00:00,QR
WAL_f12abd2889,U_c904a2034e,LOAD,13974.79,REST,13974.79,2025-03-27T11:00:00,APP
WAL_cee0f85f7b,U_c904a2034e,SPEND,-2654.4,REST,11320.39,2025-03-27T11:00:00,QR
WAL_cf1c377437,U_c904a2034e,SPEND,-643.85,REST,10676.54,2025-04-03T03:00:00,QR
WAL_83d14583e5,U_c904a2034e,SPEND,-1117.19,REST,9559.35,2025-04-10T04:00:00,QR
WAL_5c8563ab9d,U_49ce06c2d0,LOAD,9490.76,MY,9490.76,2025-11-09T06:00:00,APP
WAL_f3084c4560,U_49ce06c2d0,SPEND,-649.51,MY,8841.25,2025-11-09T06:00:00,QR
WAL_e3d69671e9,U_49ce06c2d0,SPEND,-1142.66,MY,7698.59,2025-11-18T10:00:00,QR
WAL_15ec25df30,U_49ce06c2d0,SPEND,-1489.78,MY,6208.81,2025-11-11T01:00:00,QR
WAL_92f5ca3387,U_49ce06c2d0,SPEND,-3249.3,MY,2959.51,2025-11-19T23:00:00,QR
WAL_fb877073f1,U_49ce06c2d0,SPEND,-2645.84,MY,313.67,2025-11-17T05:00:00,QR
WAL_d135ab3f67,U_49ce06c2d0,SPEND,-1147.08,MY,-833.41,2025-11-16T02:00:00,QR
WAL_dde908c43b,U_49ce06c2d0,LOAD,24365.11,MY,23531.7,2025-11-16T05:00:00,APP
WAL_988ae54821,U_49ce06c2d0,SPEND,-3441.79,MY,20089.91,2025-11-16T05:00:00,QR
WAL_05c883f97b,U_49ce06c2d0,SPEND,-1465.82,MY,18624.09,2025-11-07T04:00:00,QR
WAL_059a464b55,U_49ce06c2d0,LOAD,9551.92,MY,9551.92,2025-06-13T05:00:00,APP
WAL_7c666eaaaf,U_49ce06c2d0,SPEND,-1255.26,MY,8296.66,2025-06-13T05:00:00,QR
WAL_01e8cdc085,U_49ce06c2d0,SPEND,-2943.63,MY,5353.03,2025-06-05T14:00:00,QR
WAL_75b3ee9c42,U_49ce06c2d0,SPEND,-1952.54,MY,3400.49,2025-06-18T08:00:00,QR
WAL_dca9716d65,U_34117f5310,LOAD,17616.49,CA,17616.49,2026-03-02T03:00:00,APP
WAL_a3c10c5251,U_34117f5310,SPEND,-1408.52,CA,16207.97,2026-03-02T03:00:00,QR
WAL_047222cd78,U_34117f5310,SPEND,-3218.95,CA,12989.02,2026-03-06T17:00:00,QR
WAL_286e123a2f,U_34117f5310,SPEND,-1845.8,CA,11143.22,2026-03-06T06:00:00,QR
WAL_fe63987cd1,U_34117f5310,SPEND,-2016.36,CA,9126.86,2026-03-03T23:00:00,QR
WAL_66be37435a,U_34117f5310,SPEND,-1963.85,CA,7163.01,2026-02-26T19:00:00,QR
WAL_ad7e8188af,U_34117f5310,SPEND,-1690.21,CA,5472.8,2026-02-27T05:00:00,QR
WAL_568797b975,U_34117f5310,SPEND,-2274.25,CA,3198.55,2026-02-28T06:00:00,QR
WAL_8942c27d17,U_34117f5310,SPEND,-1754.43,CA,1444.12,2026-03-02T11:00:00,QR
WAL_1f12d81add,U_34117f5310,SPEND,-1482.54,CA,-38.42,2026-02-26T11:00:00,QR
WAL_d2fcc46f9b,U_34117f5310,LOAD,19173.71,CA,19135.29,2026-03-06T06:00:00,APP
WAL_5bf2cb472f,U_34117f5310,SPEND,-5814.95,CA,13320.34,2026-03-06T06:00:00,QR
WAL_824659c824,U_1c7ecb11af,LOAD,14096.36,AU,14096.36,2025-09-01T14:00:00,APP
WAL_60be1ca946,U_1c7ecb11af,SPEND,-2384.84,AU,11711.52,2025-09-01T14:00:00,QR
WAL_ac5787f574,U_1c7ecb11af,SPEND,-4558.47,AU,7153.05,2025-08-29T09:00:00,QR
WAL_870e5ba87e,U_1c7ecb11af,SPEND,-1439.33,AU,5713.72,2025-09-05T10:00:00,QR
WAL_21199d5c4f,U_1c7ecb11af,SPEND,-759.11,AU,4954.61,2025-08-29T03:00:00,QR
WAL_24595aa118,U_1c7ecb11af,SPEND,-1440.4,AU,3514.21,2025-09-10T04:00:00,QR
WAL_86e07e900f,U_1c7ecb11af,SPEND,-1442.64,AU,2071.57,2025-09-09T21:00:00,QR
WAL_51a06eef3a,U_1c7ecb11af,SPEND,-4430.49,AU,-2358.92,2025-09-08T05:00:00,QR
WAL_7b40460c1a,U_1c7ecb11af,LOAD,22807.5,AU,20448.58,2025-09-10T06:00:00,APP
WAL_2474cecbfd,U_1c7ecb11af,SPEND,-1553.2,AU,18895.38,2025-09-10T06:00:00,QR
WAL_7875f8256e,U_701796f81d,LOAD,20889.35,REST,20889.35,2025-02-18T21:00:00,APP
WAL_c089e40ddb,U_701796f81d,SPEND,-2595.37,REST,18293.98,2025-02-18T21:00:00,QR
WAL_b8a333f3ef,U_701796f81d,SPEND,-2213.0,REST,16080.98,2025-02-21T18:00:00,QR
WAL_08defa5f5a,U_701796f81d,SPEND,-984.58,REST,15096.4,2025-02-20T04:00:00,QR
WAL_ec1251fd54,U_701796f81d,SPEND,-2380.44,REST,12715.96,2025-02-21T02:00:00,QR
WAL_cdae2191e5,U_701796f81d,LOAD,5823.83,REST,5823.83,2026-02-22T20:00:00,APP
WAL_dbd1ca0aa0,U_701796f81d,SPEND,-810.13,REST,5013.7,2026-02-22T20:00:00,QR
WAL_a6ac2fcf6f,U_701796f81d,SPEND,-1377.71,REST,3635.99,2026-02-23T09:00:00,QR
WAL_ff26fc744c,U_701796f81d,SPEND,-1098.91,REST,2537.08,2026-02-24T20:00:00,QR
WAL_96bc8e8c1f,U_701796f81d,SPEND,-1119.28,REST,1417.8,2026-03-08T08:00:00,QR
WAL_b383bacacd,U_72af2c1014,LOAD,3874.28,US,3874.28,2026-04-05T21:00:00,APP
WAL_a840b71886,U_72af2c1014,SPEND,-768.24,US,3106.04,2026-04-06T10:00:00,QR
WAL_3acf30fd2f,U_72af2c1014,SPEND,-1888.87,US,1217.17,2026-04-06T01:00:00,QR
WAL_d15ce2ee67,U_72af2c1014,SPEND,-582.32,US,634.85,2026-04-05T00:00:00,QR
WAL_2093fca4c5,U_72af2c1014,SPEND,-1611.73,US,-976.88,2026-04-05T12:00:00,QR
WAL_ca191fb36d,U_72af2c1014,LOAD,16854.33,US,15877.45,2026-04-06T05:00:00,APP
WAL_a730ddb7fb,U_72af2c1014,SPEND,-919.92,US,14957.53,2026-04-06T05:00:00,QR
WAL_b8e223d102,U_72af2c1014,SPEND,-2125.67,US,12831.86,2026-04-07T15:00:00,QR
WAL_191fb6d696,U_72af2c1014,SPEND,-584.84,US,12247.02,2026-04-07T13:00:00,QR
WAL_d50d39a268,U_72af2c1014,SPEND,-934.9,US,11312.12,2026-04-06T10:00:00,QR
WAL_b982b9eff8,U_72af2c1014,SPEND,-2157.37,US,9154.75,2026-04-07T08:00:00,QR
WAL_8998f70eaa,U_4c509bfbfd,LOAD,3073.19,US,3073.19,2025-04-25T23:00:00,APP
WAL_f9b88e0403,U_4c509bfbfd,SPEND,-1660.16,US,1413.03,2025-04-25T11:00:00,QR
WAL_5b2377e6d5,U_4c509bfbfd,SPEND,-1625.1,US,-212.07,2025-04-25T13:00:00,QR
WAL_9806c05de8,U_4c509bfbfd,LOAD,6272.19,US,6060.12,2025-04-20T21:00:00,APP
WAL_23b98dbe70,U_4c509bfbfd,SPEND,-1330.18,US,4729.94,2025-04-20T21:00:00,QR
WAL_39a33db032,U_4c509bfbfd,SPEND,-967.42,US,3762.52,2025-04-20T13:00:00,QR
WAL_6ff06cfe65,U_4c509bfbfd,SPEND,-733.6,US,3028.92,2025-04-26T13:00:00,QR
WAL_e8fce8eff4,U_4c509bfbfd,SPEND,-812.52,US,2216.4,2025-04-25T17:00:00,QR
WAL_1d82ade3d2,U_4c509bfbfd,SPEND,-704.99,US,1511.41,2025-04-20T11:00:00,QR
WAL_abe3a076bd,U_4c509bfbfd,SPEND,-1378.83,US,132.58,2025-04-23T10:00:00,QR
WAL_13acab739f,U_4c509bfbfd,LOAD,15033.13,US,15033.13,2025-08-13T10:00:00,APP
WAL_ab822ef97b,U_4c509bfbfd,SPEND,-1126.05,US,13907.08,2025-08-02T16:00:00,QR
WAL_e89ab2f5af,U_4c509bfbfd,SPEND,-1744.09,US,12162.99,2025-07-30T08:00:00,QR
WAL_7ef06caec9,U_4c509bfbfd,SPEND,-325.99,US,11837.0,2025-07-30T10:00:00,QR
WAL_7126429973,U_4c509bfbfd,SPEND,-886.22,US,10950.78,2025-08-07T11:00:00,QR
WAL_d9991c690c,U_4c509bfbfd,SPEND,-1663.21,US,9287.57,2025-08-01T22:00:00,QR
WAL_809d7446bf,U_4c509bfbfd,SPEND,-450.31,US,8837.26,2025-08-19T16:00:00,QR
WAL_32d4d7da9f,U_4c509bfbfd,SPEND,-1274.62,US,7562.64,2025-08-05T09:00:00,QR
WAL_ea66d5341b,U_4c509bfbfd,SPEND,-2912.78,US,4649.86,2025-08-14T12:00:00,QR
WAL_c864be2b31,U_627d0af525,LOAD,11216.22,BD,11216.22,2025-04-03T23:00:00,APP
WAL_295512b621,U_627d0af525,SPEND,-553.68,BD,10662.54,2025-04-03T23:00:00,QR
WAL_4d9c91bc13,U_627d0af525,SPEND,-1608.46,BD,9054.08,2025-04-02T05:00:00,QR
WAL_22244b696f,U_627d0af525,SPEND,-2030.27,BD,7023.81,2025-04-06T23:00:00,QR
WAL_54566a6868,U_627d0af525,SPEND,-724.13,BD,6299.68,2025-04-04T09:00:00,QR
WAL_d862de5425,U_627d0af525,SPEND,-1227.11,BD,5072.57,2025-04-05T10:00:00,QR
WAL_f720346c92,U_627d0af525,SPEND,-752.36,BD,4320.21,2025-04-05T05:00:00,QR
WAL_90b40816ba,U_2bd5a51715,LOAD,20058.23,DE,20058.23,2025-07-22T15:00:00,APP
WAL_c782138ff6,U_2bd5a51715,SPEND,-803.02,DE,19255.21,2025-07-23T20:00:00,QR
WAL_c697a1a4b5,U_2bd5a51715,SPEND,-1358.76,DE,17896.45,2025-07-23T01:00:00,QR
WAL_dda11b6c26,U_2bd5a51715,SPEND,-2034.26,DE,15862.19,2025-07-21T03:00:00,QR
WAL_c51c5f8117,U_2bd5a51715,SPEND,-1513.72,DE,14348.47,2025-07-23T10:00:00,QR
WAL_357b4fccb6,U_2bd5a51715,SPEND,-889.27,DE,13459.2,2025-07-21T12:00:00,QR
WAL_cdb34298c7,U_2bd5a51715,SPEND,-1930.94,DE,11528.26,2025-07-22T16:00:00,QR
WAL_20a6dbf62c,U_2bd5a51715,LOAD,2055.03,DE,2055.03,2024-10-09T03:00:00,APP
WAL_2dffe878b8,U_2bd5a51715,SPEND,-1765.19,DE,289.84,2024-10-09T03:00:00,QR
WAL_d7becb54f6,U_2bd5a51715,SPEND,-2043.87,DE,-1754.03,2024-10-07T16:00:00,QR
WAL_372e743f86,U_2bd5a51715,LOAD,2485.69,DE,731.66,2024-10-07T19:00:00,APP
WAL_62308056b0,U_2bd5a51715,SPEND,-1345.83,DE,-614.17,2024-10-08T20:00:00,QR
WAL_3e0231b216,U_fb6a2850c5,LOAD,22203.92,BD,22203.92,2024-10-03T10:00:00,APP
WAL_cb8ad07052,U_fb6a2850c5,SPEND,-1649.52,BD,20554.4,2024-10-03T04:00:00,QR
WAL_74b0d5e8bc,U_fb6a2850c5,SPEND,-952.12,BD,19602.28,2024-10-02T22:00:00,QR
WAL_9bc0ec8453,U_fb6a2850c5,SPEND,-2662.34,BD,16939.94,2024-10-03T05:00:00,QR
WAL_ce6bb81f15,U_fb6a2850c5,LOAD,17773.42,BD,17773.42,2025-12-28T23:00:00,APP
WAL_1823ec117b,U_fb6a2850c5,SPEND,-757.67,BD,17015.75,2025-12-28T23:00:00,QR
WAL_3af1b3de84,U_fb6a2850c5,SPEND,-5953.14,BD,11062.61,2025-12-28T22:00:00,QR
WAL_c08d83486d,U_fb6a2850c5,SPEND,-975.84,BD,10086.77,2025-12-28T06:00:00,QR
WAL_0b43cf09c0,U_fb6a2850c5,SPEND,-664.73,BD,9422.04,2025-12-26T05:00:00,QR
WAL_f0dbd98a77,U_905905d3f9,LOAD,19220.14,REST,19220.14,2025-09-11T02:00:00,APP
WAL_4e9d287b24,U_905905d3f9,SPEND,-2896.1,REST,16324.04,2025-09-10T06:00:00,QR
WAL_b1b48f8fde,U_905905d3f9,SPEND,-1626.97,REST,14697.07,2025-09-12T02:00:00,QR
WAL_da7371bc8a,U_905905d3f9,SPEND,-1745.59,REST,12951.48,2025-09-10T20:00:00,QR
WAL_b409fc4adf,U_905905d3f9,SPEND,-778.49,REST,12172.99,2025-09-12T04:00:00,QR
WAL_2884b9bf52,U_905905d3f9,SPEND,-1651.63,REST,10521.36,2025-09-12T04:00:00,QR
WAL_449e7a9bfa,U_905905d3f9,SPEND,-1079.96,REST,9441.4,2025-09-12T06:00:00,QR
WAL_dadefadd1a,U_905905d3f9,SPEND,-2504.33,REST,6937.07,2025-09-10T06:00:00,QR
WAL_ba81d5cf0f,U_905905d3f9,SPEND,-957.7,REST,5979.37,2025-09-12T08:00:00,QR
WAL_6b2c84d4f7,U_905905d3f9,SPEND,-1043.57,REST,4935.8,2025-09-12T12:00:00,QR
WAL_f9c8a154f2,U_fea0640e9e,LOAD,15665.16,REST,15665.16,2026-06-20T09:00:00,APP
WAL_b040127e37,U_fea0640e9e,SPEND,-2353.85,REST,13311.31,2026-06-20T09:00:00,QR
WAL_cdca5ee93f,U_fea0640e9e,SPEND,-1781.28,REST,11530.03,2026-06-16T01:00:00,QR
WAL_46400c910a,U_81bcec967d,LOAD,5248.38,NP,5248.38,2025-11-10T07:00:00,APP
WAL_fb4ed59864,U_81bcec967d,SPEND,-2653.38,NP,2595.0,2025-11-10T23:00:00,QR
WAL_57d529ea34,U_81bcec967d,SPEND,-2400.33,NP,194.67,2025-11-10T04:00:00,QR
WAL_894298b5d6,U_81bcec967d,SPEND,-1429.84,NP,-1235.17,2025-11-10T09:00:00,QR
WAL_b402c88186,U_81bcec967d,LOAD,22095.33,NP,20860.17,2025-11-10T10:00:00,APP
WAL_1c465511f1,U_0b3e4d4e0c,LOAD,17599.19,BD,17599.19,2026-05-11T02:00:00,APP
WAL_58a8991ef6,U_0b3e4d4e0c,SPEND,-712.2,BD,16886.99,2026-05-11T02:00:00,QR
WAL_7ebd646a5a,U_0b3e4d4e0c,SPEND,-2596.9,BD,14290.09,2026-05-09T09:00:00,QR
WAL_416210020f,U_0b3e4d4e0c,SPEND,-4940.88,BD,9349.21,2026-05-11T12:00:00,QR
WAL_58e05b0660,U_0b3e4d4e0c,SPEND,-1259.84,BD,8089.37,2026-05-10T03:00:00,QR
WAL_ccb394ba50,U_0b3e4d4e0c,SPEND,-1904.49,BD,6184.88,2026-05-11T02:00:00,QR
WAL_0b018dd0c1,U_0b3e4d4e0c,SPEND,-651.48,BD,5533.4,2026-05-09T08:00:00,QR
WAL_b5f1db1c7e,U_0b3e4d4e0c,SPEND,-3274.97,BD,2258.43,2026-05-09T02:00:00,QR
WAL_3aceda36c5,U_d7c56dff79,LOAD,18204.22,BD,18204.22,2024-12-23T05:00:00,APP
WAL_fb96467def,U_d7c56dff79,SPEND,-2901.0,BD,15303.22,2024-12-17T06:00:00,QR
WAL_bbe25b048b,U_d7c56dff79,SPEND,-1732.53,BD,13570.69,2024-12-19T07:00:00,QR
WAL_b59591234c,U_d7c56dff79,LOAD,18754.7,BD,18754.7,2026-06-09T13:00:00,APP
WAL_d24c27b191,U_d7c56dff79,SPEND,-1534.66,BD,17220.04,2026-06-14T00:00:00,QR
WAL_0faa20de14,U_d7c56dff79,SPEND,-1515.91,BD,15704.13,2026-06-12T14:00:00,QR
WAL_929e3041b5,U_d7c56dff79,SPEND,-4141.53,BD,11562.6,2026-06-10T15:00:00,QR
WAL_462991bc09,U_d7c56dff79,SPEND,-2006.61,BD,9555.99,2026-06-12T02:00:00,QR
WAL_2fc10067a3,U_d7c56dff79,SPEND,-574.23,BD,8981.76,2026-06-11T03:00:00,QR
WAL_b37a04302d,U_d7c56dff79,LOAD,19397.22,BD,19397.22,2024-12-12T15:00:00,APP
WAL_978119c3c6,U_d7c56dff79,SPEND,-1392.53,BD,18004.69,2024-12-12T15:00:00,QR
WAL_029963d247,U_d7c56dff79,SPEND,-1663.14,BD,16341.55,2024-12-14T08:00:00,QR
WAL_92f2e3f735,U_d7c56dff79,SPEND,-531.52,BD,15810.03,2024-12-13T17:00:00,QR
WAL_ca717f4b3d,U_d7c56dff79,SPEND,-2317.97,BD,13492.06,2024-12-12T03:00:00,QR
WAL_886112482c,U_d7c56dff79,SPEND,-936.91,BD,12555.15,2024-12-12T23:00:00,QR
WAL_870f9885dc,U_d7c56dff79,SPEND,-985.32,BD,11569.83,2024-12-13T00:00:00,QR
WAL_26b07e8844,U_d7c56dff79,SPEND,-2508.81,BD,9061.02,2024-12-12T20:00:00,QR
WAL_52ab1eb303,U_d7c56dff79,LOAD,15796.5,BD,15796.5,2025-09-08T18:00:00,APP
WAL_4c24ef9214,U_d7c56dff79,SPEND,-616.43,BD,15180.07,2025-09-08T18:00:00,QR
WAL_4ee90517d5,U_d7c56dff79,SPEND,-1507.85,BD,13672.22,2025-09-10T17:00:00,QR
WAL_2530552cf3,U_d7c56dff79,SPEND,-897.16,BD,12775.06,2025-09-10T08:00:00,QR
WAL_a08322b0cb,U_d7c56dff79,SPEND,-1239.3,BD,11535.76,2025-09-03T14:00:00,QR
WAL_9a9e6aa28f,U_d7c56dff79,SPEND,-1667.39,BD,9868.37,2025-09-11T20:00:00,QR
WAL_9d95570883,U_d7c56dff79,SPEND,-810.16,BD,9058.21,2025-09-10T20:00:00,QR
WAL_9752e72d68,U_d7c56dff79,SPEND,-3992.15,BD,5066.06,2025-09-09T05:00:00,QR
WAL_d45c532fc4,U_d7c56dff79,SPEND,-1692.99,BD,3373.07,2025-09-11T08:00:00,QR
WAL_3ea2282b5b,U_d7c56dff79,LOAD,8208.12,BD,8208.12,2025-09-29T21:00:00,APP
WAL_118f4b027a,U_d7c56dff79,SPEND,-538.92,BD,7669.2,2025-09-29T21:00:00,QR
WAL_d38f986e85,U_d7c56dff79,SPEND,-839.18,BD,6830.02,2025-10-01T18:00:00,QR
WAL_865e42f4e7,U_d7c56dff79,SPEND,-1634.3,BD,5195.72,2025-10-02T08:00:00,QR
WAL_0362150220,U_d7c56dff79,SPEND,-1740.92,BD,3454.8,2025-09-30T10:00:00,QR
WAL_46a176363f,U_d7c56dff79,SPEND,-1719.12,BD,1735.68,2025-10-02T11:00:00,QR
WAL_a65022998f,U_d7c56dff79,SPEND,-1031.29,BD,704.39,2025-09-30T00:00:00,QR
WAL_d6e6404866,U_d7c56dff79,SPEND,-2731.17,BD,-2026.78,2025-09-28T04:00:00,QR
WAL_feffc1a1f6,U_d7c56dff79,LOAD,2634.84,BD,608.06,2025-09-28T03:00:00,APP
WAL_21ef670ff1,U_d7c56dff79,SPEND,-580.79,BD,27.27,2025-09-28T03:00:00,QR
WAL_f6e2b5e976,U_eb1f3e553f,LOAD,21772.38,GB,21772.38,2025-03-06T11:00:00,APP
WAL_84f2f68a8c,U_eb1f3e553f,SPEND,-3622.73,GB,18149.65,2025-03-05T21:00:00,QR
WAL_e5fbc09f0f,U_eb1f3e553f,SPEND,-847.04,GB,17302.61,2025-03-05T14:00:00,QR
WAL_d427c1f6be,U_eb1f3e553f,LOAD,21226.08,GB,21226.08,2024-12-11T01:00:00,APP
WAL_29f4dd75ac,U_eb1f3e553f,SPEND,-1000.79,GB,20225.29,2024-12-12T03:00:00,QR
WAL_a21b2b737f,U_eb1f3e553f,SPEND,-7644.53,GB,12580.76,2024-12-10T08:00:00,QR
WAL_7210b91320,U_eb1f3e553f,SPEND,-2049.16,GB,10531.6,2024-12-13T02:00:00,QR
WAL_6cbab676b8,U_eb1f3e553f,SPEND,-2627.61,GB,7903.99,2024-12-12T14:00:00,QR
WAL_7f0f2d13ac,U_a041af677f,LOAD,21430.25,AU,21430.25,2026-04-02T10:00:00,APP
WAL_d18dc2cbb4,U_a041af677f,SPEND,-1384.34,AU,20045.91,2026-04-09T08:00:00,QR
WAL_5ca10868d6,U_a041af677f,SPEND,-1300.21,AU,18745.7,2026-04-09T13:00:00,QR
WAL_78d6e441a4,U_a041af677f,SPEND,-2794.34,AU,15951.36,2026-03-24T03:00:00,QR
WAL_62e7cab90e,U_a041af677f,SPEND,-766.1,AU,15185.26,2026-03-28T20:00:00,QR
WAL_0e93994103,U_a041af677f,SPEND,-1016.44,AU,14168.82,2026-04-07T08:00:00,QR
WAL_3770787df1,U_a041af677f,SPEND,-2708.5,AU,11460.32,2026-03-31T00:00:00,QR
WAL_c84783417a,U_a041af677f,LOAD,3758.6,AU,3758.6,2024-09-12T22:00:00,APP
WAL_3b93c4c44f,U_a041af677f,SPEND,-2610.94,AU,1147.66,2024-09-12T22:00:00,QR
WAL_45dd9e4531,U_a041af677f,SPEND,-1543.54,AU,-395.88,2024-09-15T06:00:00,QR
WAL_95fd66c9cd,U_a041af677f,LOAD,6818.72,AU,6422.84,2024-08-31T07:00:00,APP
WAL_8e43434eac,U_a041af677f,SPEND,-2307.49,AU,4115.35,2024-08-31T07:00:00,QR
WAL_53f09346f2,U_a041af677f,SPEND,-2465.89,AU,1649.46,2024-09-11T21:00:00,QR
WAL_da8e50980d,U_a041af677f,SPEND,-693.49,AU,955.97,2024-08-31T22:00:00,QR
WAL_bdd1226f24,U_a041af677f,SPEND,-2340.12,AU,-1384.15,2024-09-10T01:00:00,QR
WAL_07ede9d903,U_a041af677f,LOAD,8966.73,AU,7582.58,2024-09-15T18:00:00,APP
WAL_c3928ad7d4,U_a041af677f,LOAD,7542.26,AU,7542.26,2026-01-20T09:00:00,APP
WAL_ce22b3098e,U_a041af677f,SPEND,-3396.8,AU,4145.46,2026-01-20T09:00:00,QR
WAL_45ca3a136a,U_a041af677f,SPEND,-1796.75,AU,2348.71,2026-01-15T12:00:00,QR
WAL_5179ad754e,U_a041af677f,SPEND,-1440.54,AU,908.17,2026-01-15T06:00:00,QR
WAL_8c1e40a9a1,U_a041af677f,SPEND,-1519.79,AU,-611.62,2026-01-14T08:00:00,QR
WAL_eec0e9eca3,U_a041af677f,LOAD,7995.48,AU,7383.86,2026-01-19T06:00:00,APP
WAL_534dc5e8c5,U_a041af677f,SPEND,-3025.16,AU,4358.7,2026-01-19T06:00:00,QR
WAL_8c86e039b6,U_a041af677f,SPEND,-1454.66,AU,2904.04,2026-01-17T10:00:00,QR
WAL_4de4d0be3e,U_a041af677f,SPEND,-1161.51,AU,1742.53,2026-01-16T23:00:00,QR
WAL_10d95dc351,U_a041af677f,LOAD,3091.54,AU,3091.54,2025-07-28T00:00:00,APP
WAL_fb7e70bc38,U_a041af677f,SPEND,-1065.54,AU,2026.0,2025-07-28T00:00:00,QR
WAL_9381b1065f,U_a041af677f,SPEND,-2118.34,AU,-92.34,2025-07-27T19:00:00,QR
WAL_bc2709bbcf,U_a041af677f,LOAD,3761.29,AU,3668.95,2025-07-28T09:00:00,APP
WAL_4869dd8d31,U_a041af677f,SPEND,-2288.08,AU,1380.87,2025-07-28T09:00:00,QR
WAL_4e3c868f5d,U_a041af677f,SPEND,-836.78,AU,544.09,2025-07-30T17:00:00,QR
WAL_0061bdc723,U_a041af677f,SPEND,-1202.87,AU,-658.78,2025-07-26T13:00:00,QR
WAL_b578515fee,U_a041af677f,LOAD,8856.12,AU,8197.34,2025-07-29T09:00:00,APP
WAL_4d8abc94f8,U_a041af677f,SPEND,-3779.09,AU,4418.25,2025-07-29T09:00:00,QR
WAL_def95ffac7,U_a041af677f,SPEND,-1265.51,AU,3152.74,2025-07-28T23:00:00,QR
WAL_acfd73c1fc,U_a041af677f,SPEND,-840.55,AU,2312.19,2025-07-31T21:00:00,QR
WAL_3a54dc6c52,U_a041af677f,SPEND,-1509.01,AU,803.18,2025-07-29T05:00:00,QR
WAL_04a7809f8e,U_a041af677f,SPEND,-1158.21,AU,-355.03,2025-07-30T20:00:00,QR
WAL_b63ad36a80,U_a041af677f,LOAD,15988.08,AU,15633.05,2025-08-01T10:00:00,APP
WAL_3f7449df33,U_a041af677f,SPEND,-512.29,AU,15120.76,2025-08-01T10:00:00,QR
WAL_398e033c8d,U_a041af677f,SPEND,-1098.94,AU,14021.82,2025-08-01T15:00:00,QR
WAL_0af7e2998c,U_a041af677f,LOAD,22524.67,AU,22524.67,2024-09-29T04:00:00,APP
WAL_ef473dac39,U_a041af677f,SPEND,-1598.2,AU,20926.47,2024-09-29T04:00:00,QR
WAL_b57a60daad,U_a041af677f,SPEND,-1999.81,AU,18926.66,2024-09-19T02:00:00,QR
WAL_1e80e20996,U_a041af677f,SPEND,-1656.61,AU,17270.05,2024-09-27T13:00:00,QR
WAL_aae6a77e0e,U_029d13871d,LOAD,16185.87,GB,16185.87,2026-03-13T23:00:00,APP
WAL_873b533fd4,U_029d13871d,SPEND,-1212.23,GB,14973.64,2026-03-13T23:00:00,QR
WAL_d3516eb9f2,U_029d13871d,SPEND,-2745.73,GB,12227.91,2026-03-09T05:00:00,QR
WAL_1cb7b9cfdc,U_029d13871d,SPEND,-1921.98,GB,10305.93,2026-03-25T04:00:00,QR
WAL_faea41ba16,U_029d13871d,SPEND,-1606.57,GB,8699.36,2026-03-22T15:00:00,QR
WAL_ea21fc1a23,U_029d13871d,SPEND,-1888.04,GB,6811.32,2026-03-13T04:00:00,QR
WAL_db289ca09c,U_029d13871d,SPEND,-1084.41,GB,5726.91,2026-03-24T20:00:00,QR
WAL_a44893f211,U_029d13871d,SPEND,-2141.93,GB,3584.98,2026-03-15T18:00:00,QR
WAL_74f4071160,U_7c28a27a8e,LOAD,11098.6,LK,11098.6,2025-09-07T10:00:00,APP
WAL_109c43da44,U_7c28a27a8e,SPEND,-3123.72,LK,7974.88,2025-09-06T12:00:00,QR
WAL_d5f80775d3,U_11a6377440,LOAD,6849.11,REST,6849.11,2025-03-13T03:00:00,APP
WAL_577f7579af,U_11a6377440,SPEND,-670.5,REST,6178.61,2025-03-13T03:00:00,QR
WAL_8af4c05f12,U_11a6377440,SPEND,-900.14,REST,5278.47,2025-03-19T11:00:00,QR
WAL_faf74d08bb,U_11a6377440,SPEND,-2231.54,REST,3046.93,2025-03-15T05:00:00,QR
WAL_5ca6d71e87,U_11a6377440,SPEND,-1317.42,REST,1729.51,2025-03-15T23:00:00,QR
WAL_30c14adae0,U_11a6377440,SPEND,-975.27,REST,754.24,2025-03-23T10:00:00,QR
WAL_a6602718e1,U_11a6377440,SPEND,-1877.7,REST,-1123.46,2025-03-11T10:00:00,QR
WAL_8409db4fd8,U_d5692f287d,LOAD,15874.85,LK,15874.85,2024-10-25T15:00:00,APP
WAL_d97541ccdf,U_d5692f287d,SPEND,-1032.82,LK,14842.03,2024-10-25T15:00:00,QR
WAL_248ad97a96,U_d5692f287d,SPEND,-2237.98,LK,12604.05,2024-11-02T01:00:00,QR
WAL_868013b08c,U_c49522b7a9,LOAD,14993.19,GB,14993.19,2024-08-31T09:00:00,APP
WAL_d039f9bbd8,U_c49522b7a9,SPEND,-1525.04,GB,13468.15,2024-08-31T09:00:00,QR
WAL_56a2d5fa2f,U_c49522b7a9,SPEND,-1165.13,GB,12303.02,2024-09-06T14:00:00,QR
WAL_6fb28f6799,U_c49522b7a9,SPEND,-2225.85,GB,10077.17,2024-08-29T06:00:00,QR
WAL_98e03ee7f2,U_6623ecef5e,LOAD,3802.64,DE,3802.64,2024-11-11T04:00:00,APP
WAL_c9ae1068b9,U_6623ecef5e,SPEND,-3349.26,DE,453.38,2024-11-09T11:00:00,QR
WAL_5c725c3930,U_6623ecef5e,SPEND,-1187.32,DE,-733.94,2024-11-09T16:00:00,QR
WAL_65bb1d3851,U_6623ecef5e,LOAD,5375.24,DE,4641.29,2024-11-09T14:00:00,APP
WAL_d3cd15291a,U_6623ecef5e,SPEND,-1027.36,DE,3613.93,2024-11-09T14:00:00,QR
WAL_75fa8f1711,U_6623ecef5e,SPEND,-1722.29,DE,1891.64,2024-11-11T13:00:00,QR
WAL_d538bf1633,U_6623ecef5e,SPEND,-1517.96,DE,373.68,2024-11-10T06:00:00,QR
WAL_cbc38de6f0,U_6623ecef5e,LOAD,7127.87,DE,7127.87,2025-09-30T06:00:00,APP
WAL_eb214bde69,U_6623ecef5e,SPEND,-921.1,DE,6206.77,2025-09-30T06:00:00,QR
WAL_4a211e805a,U_6623ecef5e,SPEND,-3903.79,DE,2302.98,2025-09-30T01:00:00,QR
WAL_bff1b50329,U_6623ecef5e,SPEND,-1962.83,DE,340.15,2025-10-01T02:00:00,QR
WAL_3e7ed2ef27,U_6623ecef5e,SPEND,-1638.43,DE,-1298.28,2025-10-06T11:00:00,QR
WAL_068423d192,U_6623ecef5e,LOAD,23060.11,DE,21761.83,2025-10-05T18:00:00,APP
WAL_701407a515,U_6623ecef5e,SPEND,-3102.44,DE,18659.39,2025-10-05T18:00:00,QR
WAL_1f1c97102c,U_6623ecef5e,SPEND,-2507.92,DE,16151.47,2025-09-30T15:00:00,QR
WAL_4a3dab17df,U_6623ecef5e,SPEND,-1133.96,DE,15017.51,2025-10-09T01:00:00,QR
WAL_1b28bad6d1,U_6623ecef5e,SPEND,-1902.59,DE,13114.92,2025-09-30T02:00:00,QR
WAL_f7520b2f87,U_6623ecef5e,SPEND,-1735.14,DE,11379.78,2025-10-09T14:00:00,QR
WAL_79445c8fb9,U_6623ecef5e,SPEND,-786.68,DE,10593.1,2025-10-02T14:00:00,QR
WAL_2fb07aacc0,U_2ec779194c,LOAD,21571.67,REST,21571.67,2025-01-28T02:00:00,APP
WAL_8b98f827bd,U_2ec779194c,SPEND,-2121.0,REST,19450.67,2025-01-28T02:00:00,QR
WAL_5edcdc6e1a,U_2ec779194c,SPEND,-1468.06,REST,17982.61,2025-01-18T11:00:00,QR
WAL_86f3e221d9,U_2ec779194c,SPEND,-3420.48,REST,14562.13,2025-01-23T06:00:00,QR
WAL_3272f37657,U_2ec779194c,SPEND,-1731.32,REST,12830.81,2025-01-21T23:00:00,QR
WAL_445e78c6e8,U_2ec779194c,SPEND,-2076.78,REST,10754.03,2025-01-30T17:00:00,QR
WAL_a929202f2d,U_2ec779194c,SPEND,-2960.92,REST,7793.11,2025-02-02T05:00:00,QR
WAL_1346aba698,U_2ec779194c,SPEND,-995.22,REST,6797.89,2025-01-30T13:00:00,QR
WAL_68f4900bef,U_2ec779194c,SPEND,-1194.24,REST,5603.65,2025-01-20T14:00:00,QR
WAL_1fd2c19baa,U_2ec779194c,LOAD,4464.65,REST,4464.65,2024-11-18T03:00:00,APP
WAL_cfa877cea4,U_2ec779194c,SPEND,-822.12,REST,3642.53,2024-11-18T03:00:00,QR
WAL_7871c2b7a8,U_2ec779194c,SPEND,-1867.01,REST,1775.52,2024-11-18T05:00:00,QR
WAL_dc68ecd3f4,U_2ec779194c,LOAD,7906.49,REST,7906.49,2025-03-13T06:00:00,APP
WAL_29ebb61b1f,U_2ec779194c,SPEND,-4365.2,REST,3541.29,2025-03-13T06:00:00,QR
WAL_aca8fe2707,U_2ec779194c,SPEND,-1492.35,REST,2048.94,2025-03-22T19:00:00,QR
WAL_adc66e2002,U_2ec779194c,SPEND,-2289.56,REST,-240.62,2025-03-15T21:00:00,QR
WAL_1d83f16199,U_2ec779194c,LOAD,3774.95,REST,3534.33,2025-03-19T01:00:00,APP
WAL_07b8a88780,U_2ec779194c,SPEND,-1845.77,REST,1688.56,2025-03-19T01:00:00,QR
WAL_e93b5e3cd7,U_2ec779194c,SPEND,-3092.72,REST,-1404.16,2025-03-18T01:00:00,QR
WAL_da9a976c68,U_2ec779194c,LOAD,10891.2,REST,9487.04,2025-03-18T18:00:00,APP
WAL_e91f06aa80,U_2ec779194c,SPEND,-3137.59,REST,6349.45,2025-03-18T14:00:00,QR
WAL_b168518f06,U_2ec779194c,SPEND,-2077.81,REST,4271.64,2025-03-15T18:00:00,QR
WAL_7994a32232,U_d13cc00db0,LOAD,19063.73,REST,19063.73,2024-08-24T16:00:00,APP
WAL_5a80d63b7c,U_d13cc00db0,SPEND,-2119.47,REST,16944.26,2024-08-24T16:00:00,QR
WAL_6a7b6f7ea9,U_d13cc00db0,SPEND,-833.06,REST,16111.2,2024-08-28T01:00:00,QR
WAL_fc80911f5f,U_d13cc00db0,SPEND,-1772.96,REST,14338.24,2024-08-24T16:00:00,QR
WAL_83d7dc5797,U_d13cc00db0,SPEND,-1887.85,REST,12450.39,2024-08-28T00:00:00,QR
WAL_220699d13b,U_67fa31e5fb,LOAD,4245.43,AE,4245.43,2025-03-05T16:00:00,APP
WAL_06ae66243c,U_67fa31e5fb,SPEND,-1058.87,AE,3186.56,2025-03-05T16:00:00,QR
WAL_88ac5100e6,U_67fa31e5fb,SPEND,-2127.44,AE,1059.12,2025-02-26T21:00:00,QR
WAL_42c8884662,U_67fa31e5fb,SPEND,-930.88,AE,128.24,2025-03-01T06:00:00,QR
WAL_b5dee42af2,U_67fa31e5fb,SPEND,-8121.17,AE,-7992.93,2025-03-01T04:00:00,QR
WAL_07ac914f70,U_67fa31e5fb,LOAD,5362.56,AE,-2630.37,2025-03-09T09:00:00,APP
WAL_3858916ce2,U_67fa31e5fb,SPEND,-1167.28,AE,-3797.65,2025-03-09T09:00:00,QR
WAL_2a6968479a,U_67fa31e5fb,LOAD,4095.29,AE,297.64,2025-03-04T13:00:00,APP
WAL_83ceabebb1,U_67fa31e5fb,SPEND,-2201.25,AE,-1903.61,2025-03-04T13:00:00,QR
WAL_7aff76f65a,U_67fa31e5fb,LOAD,15877.71,AE,13974.09,2025-02-27T15:00:00,APP
WAL_cf09536bea,U_67fa31e5fb,SPEND,-2192.97,AE,11781.12,2025-02-27T15:00:00,QR
WAL_93c5c10ae9,U_67fa31e5fb,SPEND,-1915.05,AE,9866.07,2025-03-10T04:00:00,QR
WAL_86c2359e2f,U_67fa31e5fb,SPEND,-1091.48,AE,8774.59,2025-03-07T10:00:00,QR
WAL_065436a478,U_67fa31e5fb,SPEND,-1069.85,AE,7704.74,2025-03-03T10:00:00,QR
WAL_faacb799b7,U_67fa31e5fb,SPEND,-1155.37,AE,6549.37,2025-03-02T10:00:00,QR
WAL_c8b101d224,U_67fa31e5fb,SPEND,-3133.7,AE,3415.67,2025-03-10T16:00:00,QR
WAL_be4db7b9dc,U_67fa31e5fb,LOAD,17771.48,AE,17771.48,2026-06-04T13:00:00,APP
WAL_8455cb7aba,U_67fa31e5fb,SPEND,-782.85,AE,16988.63,2026-06-04T13:00:00,QR
WAL_96904037b9,U_67fa31e5fb,SPEND,-840.56,AE,16148.07,2026-06-07T15:00:00,QR
WAL_1f19b1e624,U_67fa31e5fb,SPEND,-372.93,AE,15775.14,2026-06-01T13:00:00,QR
WAL_41a0d6780a,U_67fa31e5fb,SPEND,-3273.25,AE,12501.89,2026-05-31T21:00:00,QR
WAL_65d2f7796d,U_a7b71baff9,LOAD,9123.43,GB,9123.43,2026-04-02T19:00:00,APP
WAL_cf530445dd,U_a7b71baff9,SPEND,-1614.8,GB,7508.63,2026-04-02T19:00:00,QR
WAL_9734285f69,U_a7b71baff9,SPEND,-1660.42,GB,5848.21,2026-04-02T07:00:00,QR
WAL_6d551c48c7,U_a7b71baff9,SPEND,-2622.55,GB,3225.66,2026-04-07T13:00:00,QR
WAL_de67727680,U_a7b71baff9,SPEND,-1044.28,GB,2181.38,2026-04-01T01:00:00,QR
WAL_907a2c916a,U_a7b71baff9,SPEND,-2816.79,GB,-635.41,2026-04-04T12:00:00,QR
WAL_f556137f7c,U_a7b71baff9,LOAD,14125.72,GB,14125.72,2026-06-15T12:00:00,APP
WAL_f2835746e7,U_a7b71baff9,SPEND,-2284.3,GB,11841.42,2026-06-15T12:00:00,QR
WAL_2e83e8de8d,U_a7b71baff9,SPEND,-2109.63,GB,9731.79,2026-06-16T04:00:00,QR
WAL_9b0aee19e5,U_a7b71baff9,SPEND,-2106.33,GB,7625.46,2026-06-11T02:00:00,QR
WAL_e3e5bc4748,U_a7b71baff9,SPEND,-833.99,GB,6791.47,2026-06-12T19:00:00,QR
WAL_a3cf095361,U_a7b71baff9,SPEND,-735.13,GB,6056.34,2026-06-16T07:00:00,QR
WAL_c4b0ba61aa,U_a7b71baff9,SPEND,-1488.41,GB,4567.93,2026-06-16T18:00:00,QR
WAL_c6e470a6ca,U_0be16f28a1,LOAD,16819.98,AE,16819.98,2026-01-21T21:00:00,APP
WAL_dd31ab9759,U_0be16f28a1,SPEND,-1434.6,AE,15385.38,2026-01-22T19:00:00,QR
WAL_21e5692dc6,U_0be16f28a1,SPEND,-1767.68,AE,13617.7,2026-01-29T04:00:00,QR
WAL_72c9006856,U_0be16f28a1,SPEND,-2749.41,AE,10868.29,2026-01-23T00:00:00,QR
WAL_cf1af1ec42,U_0be16f28a1,LOAD,20123.4,AE,20123.4,2026-03-23T18:00:00,APP
WAL_c05f3ae526,U_0be16f28a1,SPEND,-1770.04,AE,18353.36,2026-03-23T18:00:00,QR
WAL_15305618b1,U_0be16f28a1,SPEND,-5116.83,AE,13236.53,2026-03-22T11:00:00,QR
WAL_b0a28aa55d,U_0be16f28a1,SPEND,-2063.18,AE,11173.35,2026-03-23T00:00:00,QR
WAL_549f9b5da2,U_0be16f28a1,SPEND,-975.63,AE,10197.72,2026-03-20T13:00:00,QR
WAL_66e126b7fd,U_0be16f28a1,SPEND,-1303.68,AE,8894.04,2026-03-26T04:00:00,QR
WAL_093882c397,U_0be16f28a1,SPEND,-1209.0,AE,7685.04,2026-03-29T04:00:00,QR
WAL_2acc0c1d03,U_0be16f28a1,SPEND,-1387.47,AE,6297.57,2026-03-27T01:00:00,QR
WAL_96173d250f,U_af545c7ed1,LOAD,13063.94,MY,13063.94,2025-06-25T22:00:00,APP
WAL_5a9ffe5fa5,U_af545c7ed1,SPEND,-834.97,MY,12228.97,2025-06-25T22:00:00,QR
WAL_e02b9b23ed,U_af545c7ed1,SPEND,-1188.67,MY,11040.3,2025-06-22T19:00:00,QR
WAL_8d6f661ca3,U_af545c7ed1,SPEND,-684.32,MY,10355.98,2025-06-21T13:00:00,QR
WAL_1f88097b93,U_dc83978a62,LOAD,21764.66,MY,21764.66,2025-04-16T04:00:00,APP
WAL_8104966cf9,U_dc83978a62,SPEND,-1297.22,MY,20467.44,2025-04-16T04:00:00,QR
WAL_ffdc165898,U_dc83978a62,SPEND,-3335.62,MY,17131.82,2025-04-15T08:00:00,QR
WAL_69f5bede39,U_dc83978a62,SPEND,-2071.74,MY,15060.08,2025-04-10T04:00:00,QR
WAL_1c38f818cb,U_dc83978a62,SPEND,-732.43,MY,14327.65,2025-04-12T02:00:00,QR
WAL_3ab52b6466,U_dc83978a62,SPEND,-3779.61,MY,10548.04,2025-04-12T01:00:00,QR
WAL_c793fefa30,U_7234691736,LOAD,6560.95,AU,6560.95,2025-08-30T04:00:00,APP
WAL_87f8868f1f,U_7234691736,SPEND,-1408.51,AU,5152.44,2025-08-30T04:00:00,QR
WAL_c3aefbb39e,U_7234691736,SPEND,-967.13,AU,4185.31,2025-09-01T04:00:00,QR
WAL_00b5df037d,U_7234691736,SPEND,-3206.24,AU,979.07,2025-08-25T23:00:00,QR
WAL_72863a6ae2,U_7234691736,SPEND,-1203.79,AU,-224.72,2025-08-30T05:00:00,QR
WAL_0ea7dad597,U_7234691736,LOAD,23392.58,AU,23167.87,2025-08-26T00:00:00,APP
WAL_7b11d57cde,U_7234691736,SPEND,-1129.76,AU,22038.11,2025-08-31T17:00:00,QR
WAL_544b55386f,U_7234691736,SPEND,-2802.82,AU,19235.29,2025-08-28T01:00:00,QR
WAL_19f826e60c,U_7234691736,SPEND,-1341.11,AU,17894.18,2025-08-31T15:00:00,QR
WAL_17b2d90dd4,U_7234691736,SPEND,-2391.53,AU,15502.65,2025-08-28T20:00:00,QR
WAL_46be53bac8,U_7234691736,SPEND,-1642.67,AU,13859.98,2025-08-31T11:00:00,QR
WAL_df4805543f,U_7234691736,SPEND,-2032.0,AU,11827.98,2025-09-01T14:00:00,QR
WAL_74740f1168,U_7234691736,SPEND,-990.07,AU,10837.91,2025-08-30T23:00:00,QR
WAL_671e92cd12,U_4b27133356,LOAD,2725.43,GB,2725.43,2026-07-08T23:00:00,APP
WAL_f2daa3b49a,U_4b27133356,SPEND,-1375.02,GB,1350.41,2026-07-08T23:00:00,QR
WAL_1bec6c5e80,U_4b27133356,SPEND,-1833.81,GB,-483.4,2026-07-05T19:00:00,QR
WAL_1be4e0012f,U_4b27133356,LOAD,15727.1,GB,15243.71,2026-07-08T15:00:00,APP
WAL_d0fec7701d,U_4b27133356,SPEND,-3342.23,GB,11901.48,2026-07-05T11:00:00,QR
WAL_76d47d67c1,U_4b27133356,SPEND,-2942.27,GB,8959.21,2026-07-09T19:00:00,QR
WAL_0bc111ac4c,U_4b27133356,SPEND,-1592.91,GB,7366.3,2026-07-03T02:00:00,QR
WAL_bda4123639,U_4b27133356,SPEND,-450.13,GB,6916.17,2026-07-09T05:00:00,QR
WAL_d72bf3e49a,U_4b27133356,SPEND,-710.11,GB,6206.06,2026-07-08T16:00:00,QR
WAL_6706f55239,U_4b27133356,SPEND,-1215.98,GB,4990.08,2026-07-02T04:00:00,QR
WAL_08658b1019,U_4b27133356,SPEND,-1997.12,GB,2992.96,2026-07-03T05:00:00,QR
WAL_3104920d00,U_4b27133356,LOAD,22864.25,GB,22864.25,2026-05-06T23:00:00,APP
WAL_3e2b219074,U_4b27133356,SPEND,-1451.53,GB,21412.72,2026-05-06T23:00:00,QR
WAL_dd7cb6967f,U_4b27133356,SPEND,-1471.2,GB,19941.52,2026-05-07T03:00:00,QR
WAL_c6d0bc346b,U_4b27133356,SPEND,-936.68,GB,19004.84,2026-05-03T15:00:00,QR
WAL_c9aafea6c5,U_4b27133356,SPEND,-4388.21,GB,14616.63,2026-05-09T20:00:00,QR
WAL_83e67b5442,U_4b27133356,LOAD,7750.78,GB,7750.78,2025-09-08T08:00:00,APP
WAL_fd999b0002,U_4b27133356,SPEND,-1210.35,GB,6540.43,2025-09-07T08:00:00,QR
WAL_b9dc7bb7f1,U_4b27133356,SPEND,-2425.39,GB,4115.04,2025-09-08T07:00:00,QR
WAL_96f547e600,U_d70e87ecf6,LOAD,8807.63,AU,8807.63,2026-06-22T08:00:00,APP
WAL_8f8209af1a,U_d70e87ecf6,SPEND,-564.15,AU,8243.48,2026-07-02T04:00:00,QR
WAL_6eeb3124fc,U_d70e87ecf6,SPEND,-1752.08,AU,6491.4,2026-06-16T19:00:00,QR
WAL_cc48713fb3,U_d70e87ecf6,SPEND,-832.69,AU,5658.71,2026-06-17T16:00:00,QR
WAL_6cc34ea24c,U_d70e87ecf6,SPEND,-1722.71,AU,3936.0,2026-06-30T06:00:00,QR
WAL_68aaa7ec04,U_d70e87ecf6,SPEND,-3224.66,AU,711.34,2026-06-24T22:00:00,QR
WAL_627201a91e,U_d70e87ecf6,LOAD,4120.25,AU,4120.25,2026-07-10T08:00:00,APP
WAL_b33e997496,U_d70e87ecf6,SPEND,-826.65,AU,3293.6,2026-07-18T17:00:00,QR
WAL_3fe78c191f,U_d70e87ecf6,SPEND,-4812.55,AU,-1518.95,2026-07-07T10:00:00,QR
WAL_a836cb9543,U_d70e87ecf6,LOAD,13438.64,AU,11919.69,2026-07-12T04:00:00,APP
WAL_b72c78b7a1,U_d70e87ecf6,SPEND,-1144.83,AU,10774.86,2026-07-12T04:00:00,QR
WAL_c1a0e0a8a2,U_d70e87ecf6,SPEND,-4085.32,AU,6689.54,2026-07-18T17:00:00,QR
WAL_759690bcef,U_d70e87ecf6,SPEND,-977.2,AU,5712.34,2026-07-11T00:00:00,QR
WAL_9a4169e4f8,U_510c73a4a2,LOAD,23998.34,FR,23998.34,2026-02-24T14:00:00,APP
WAL_45f7fa7811,U_510c73a4a2,SPEND,-3114.89,FR,20883.45,2026-02-24T14:00:00,QR
WAL_f7477f8915,U_510c73a4a2,SPEND,-1836.17,FR,19047.28,2026-02-27T17:00:00,QR
WAL_96484fd4d1,U_510c73a4a2,SPEND,-1598.03,FR,17449.25,2026-02-26T17:00:00,QR
WAL_56d3b1c5b9,U_510c73a4a2,SPEND,-770.58,FR,16678.67,2026-02-24T14:00:00,QR
WAL_745fd893be,U_510c73a4a2,LOAD,4684.94,FR,4684.94,2025-05-27T12:00:00,APP
WAL_ab6116ea1a,U_510c73a4a2,SPEND,-1992.01,FR,2692.93,2025-05-27T12:00:00,QR
WAL_63d11a5821,U_510c73a4a2,SPEND,-2175.57,FR,517.36,2025-05-27T04:00:00,QR
WAL_1264890444,U_510c73a4a2,SPEND,-1795.68,FR,-1278.32,2025-06-02T23:00:00,QR
WAL_a2260ae200,U_510c73a4a2,LOAD,7714.81,FR,6436.48,2025-06-02T20:00:00,APP
WAL_340719c934,U_510c73a4a2,SPEND,-982.18,FR,5454.3,2025-06-02T20:00:00,QR
WAL_5836f022a0,U_510c73a4a2,SPEND,-1711.8,FR,3742.5,2025-05-30T03:00:00,QR
WAL_4fb86e3ec5,U_510c73a4a2,SPEND,-4217.91,FR,-475.41,2025-05-27T06:00:00,QR
WAL_f538379a1f,U_510c73a4a2,LOAD,23108.25,FR,22632.85,2025-06-02T18:00:00,APP
WAL_2758af2165,U_510c73a4a2,SPEND,-1213.94,FR,21418.91,2025-06-02T18:00:00,QR
WAL_f32974ae5b,U_510c73a4a2,SPEND,-1688.74,FR,19730.17,2025-05-28T07:00:00,QR
WAL_ad400b9025,U_9f6c4bf68e,LOAD,14866.34,REST,14866.34,2024-11-01T20:00:00,APP
WAL_b1f72383af,U_9f6c4bf68e,SPEND,-3734.69,REST,11131.65,2024-11-01T20:00:00,QR
WAL_bc30a61109,U_9f6c4bf68e,SPEND,-3123.94,REST,8007.71,2024-10-20T06:00:00,QR
WAL_20fab252f4,U_9f6c4bf68e,SPEND,-1113.98,REST,6893.73,2024-10-20T08:00:00,QR
WAL_6cb908e0dd,U_9f6c4bf68e,SPEND,-2047.95,REST,4845.78,2024-10-26T20:00:00,QR
WAL_fb949abb12,U_9f6c4bf68e,SPEND,-1063.48,REST,3782.3,2024-11-03T15:00:00,QR
WAL_02265c9000,U_9f6c4bf68e,SPEND,-1327.46,REST,2454.84,2024-10-28T18:00:00,QR
WAL_ffa65140a3,U_9f6c4bf68e,LOAD,4476.09,REST,4476.09,2025-09-23T23:00:00,APP
WAL_2d4a12465c,U_9f6c4bf68e,SPEND,-1499.76,REST,2976.33,2025-09-23T23:00:00,QR
WAL_626f2b4632,U_9f6c4bf68e,SPEND,-904.83,REST,2071.5,2025-09-19T09:00:00,QR
WAL_e87ff0a1de,U_9f6c4bf68e,LOAD,13446.0,REST,13446.0,2024-11-30T09:00:00,APP
WAL_5bcddc4466,U_9f6c4bf68e,SPEND,-773.78,REST,12672.22,2024-11-30T09:00:00,QR
WAL_aa19dbf243,U_9f6c4bf68e,SPEND,-3149.06,REST,9523.16,2024-11-29T09:00:00,QR
WAL_d9c07449e9,U_9f6c4bf68e,LOAD,7256.3,REST,7256.3,2026-03-27T23:00:00,APP
WAL_e120f7f533,U_9f6c4bf68e,SPEND,-963.95,REST,6292.35,2026-03-27T23:00:00,QR
WAL_b21c4cc79d,U_9f6c4bf68e,SPEND,-518.79,REST,5773.56,2026-03-16T13:00:00,QR
WAL_f79932fc33,U_9f6c4bf68e,SPEND,-459.38,REST,5314.18,2026-03-23T02:00:00,QR
WAL_43d759b761,U_9f6c4bf68e,SPEND,-1581.77,REST,3732.41,2026-03-21T13:00:00,QR
WAL_3486fd011d,U_9f6c4bf68e,SPEND,-932.31,REST,2800.1,2026-03-24T02:00:00,QR
WAL_b41cb5824c,U_9f6c4bf68e,SPEND,-1895.49,REST,904.61,2026-03-18T14:00:00,QR
WAL_ecc8846f65,U_9f6c4bf68e,SPEND,-1808.31,REST,-903.7,2026-03-22T08:00:00,QR
WAL_03c6e4fb0b,U_c702ae27c0,LOAD,17353.02,LK,17353.02,2025-07-06T09:00:00,APP
WAL_44e54c8ed1,U_c702ae27c0,SPEND,-878.01,LK,16475.01,2025-07-06T09:00:00,QR
WAL_ba621bb95d,U_c702ae27c0,SPEND,-1919.23,LK,14555.78,2025-07-12T20:00:00,QR
WAL_c9b7346058,U_c702ae27c0,SPEND,-1459.29,LK,13096.49,2025-07-16T21:00:00,QR
WAL_3fff3b7fe4,U_cf39d29d7e,LOAD,4996.21,REST,4996.21,2025-11-01T01:00:00,APP
WAL_6f8152b1a8,U_cf39d29d7e,SPEND,-2199.8,REST,2796.41,2025-11-01T01:00:00,QR
WAL_0d3136bfdf,U_cf39d29d7e,SPEND,-835.81,REST,1960.6,2025-10-30T16:00:00,QR
WAL_c2b06b16a3,U_cf39d29d7e,SPEND,-2035.92,REST,-75.32,2025-11-03T03:00:00,QR
WAL_5d797f2a6b,U_cf39d29d7e,LOAD,3621.21,REST,3545.89,2025-11-10T12:00:00,APP
WAL_78c7809f41,U_cf39d29d7e,SPEND,-2737.79,REST,808.1,2025-11-10T12:00:00,QR
WAL_6e61874de2,U_cf39d29d7e,SPEND,-2315.21,REST,-1507.11,2025-11-10T05:00:00,QR
WAL_f9682e0f28,U_cf39d29d7e,LOAD,4295.4,REST,2788.3,2025-11-09T21:00:00,APP
WAL_625607b1bc,U_cf39d29d7e,LOAD,7262.06,REST,7262.06,2025-08-21T04:00:00,APP
WAL_35268123f1,U_cf39d29d7e,SPEND,-1911.2,REST,5350.86,2025-08-21T04:00:00,QR
WAL_a7a2332c07,U_cf39d29d7e,SPEND,-1425.53,REST,3925.33,2025-08-22T21:00:00,QR
WAL_485ac6af91,U_cf39d29d7e,SPEND,-2172.98,REST,1752.35,2025-08-20T22:00:00,QR
WAL_dd801aa579,U_cf39d29d7e,SPEND,-1600.66,REST,151.69,2025-08-25T06:00:00,QR
WAL_673dc509f7,U_cf39d29d7e,SPEND,-3577.42,REST,-3425.73,2025-08-23T18:00:00,QR
WAL_62eebef920,U_cf39d29d7e,LOAD,7985.28,REST,4559.55,2025-08-22T17:00:00,APP
WAL_e697f40492,U_cf39d29d7e,SPEND,-2450.09,REST,2109.46,2025-08-22T17:00:00,QR
WAL_82e6f1604a,U_cf39d29d7e,SPEND,-923.76,REST,1185.7,2025-08-22T02:00:00,QR
WAL_a152e48473,U_cf39d29d7e,SPEND,-1249.06,REST,-63.36,2025-08-25T01:00:00,QR
WAL_ee7c8b01aa,U_cf39d29d7e,LOAD,4646.84,REST,4583.48,2025-08-20T13:00:00,APP
WAL_9263a0b98a,U_cf39d29d7e,SPEND,-1050.48,REST,3533.0,2025-08-20T13:00:00,QR
WAL_c187641b53,U_cf39d29d7e,SPEND,-768.95,REST,2764.05,2025-08-20T08:00:00,QR
WAL_9bd87a3fd7,U_cf39d29d7e,SPEND,-887.03,REST,1877.02,2025-08-20T21:00:00,QR
WAL_6e308ec734,U_cf39d29d7e,SPEND,-985.36,REST,891.66,2025-08-23T16:00:00,QR
WAL_8bf9aa5078,U_cf39d29d7e,LOAD,4381.49,REST,4381.49,2026-01-02T19:00:00,APP
WAL_dd8299154e,U_cf39d29d7e,SPEND,-2451.5,REST,1929.99,2026-01-02T19:00:00,QR
WAL_f4c0887081,U_cf39d29d7e,SPEND,-6483.52,REST,-4553.53,2025-12-31T18:00:00,QR
WAL_2af9199748,U_cf39d29d7e,LOAD,17170.36,REST,12616.83,2026-01-05T07:00:00,APP
WAL_c71dffcfc5,U_cf39d29d7e,SPEND,-798.21,REST,11818.62,2026-01-05T07:00:00,QR
WAL_c26cc1931d,U_d6c81ec4ac,LOAD,17163.33,CA,17163.33,2024-12-10T08:00:00,APP
WAL_0125485649,U_d6c81ec4ac,SPEND,-1157.82,CA,16005.51,2024-12-10T08:00:00,QR
WAL_eb34fcf061,U_d6c81ec4ac,SPEND,-1162.88,CA,14842.63,2024-12-14T03:00:00,QR
WAL_785d6d82fa,U_d6c81ec4ac,SPEND,-731.59,CA,14111.04,2024-12-12T06:00:00,QR
WAL_4addb5c666,U_d6c81ec4ac,SPEND,-2852.44,CA,11258.6,2024-12-12T18:00:00,QR
WAL_54ab4790c1,U_d6c81ec4ac,SPEND,-974.61,CA,10283.99,2024-12-13T17:00:00,QR
WAL_a571062102,U_d6c81ec4ac,SPEND,-623.02,CA,9660.97,2024-12-10T08:00:00,QR
WAL_92e307a39d,U_d6c81ec4ac,SPEND,-873.82,CA,8787.15,2024-12-16T07:00:00,QR
WAL_c003254406,U_d6c81ec4ac,SPEND,-4150.17,CA,4636.98,2024-12-14T15:00:00,QR
WAL_a019d3e854,U_d6c81ec4ac,SPEND,-1602.3,CA,3034.68,2024-12-17T22:00:00,QR
WAL_dab486645d,U_d6c81ec4ac,SPEND,-3680.57,CA,-645.89,2024-12-11T01:00:00,QR
WAL_d6b41bf992,U_d6c81ec4ac,LOAD,14793.05,CA,14147.16,2024-12-15T21:00:00,APP
WAL_5c1a24df77,U_d6c81ec4ac,SPEND,-1687.2,CA,12459.96,2024-12-17T17:00:00,QR
WAL_6c3162471c,U_d6c81ec4ac,SPEND,-3089.96,CA,9370.0,2024-12-10T16:00:00,QR
WAL_2f09979cab,U_d6c81ec4ac,SPEND,-1611.65,CA,7758.35,2024-12-17T14:00:00,QR
WAL_b100572ffd,U_d6c81ec4ac,SPEND,-389.14,CA,7369.21,2024-12-17T22:00:00,QR
WAL_e1a32ddc64,U_d6c81ec4ac,SPEND,-1314.21,CA,6055.0,2024-12-12T15:00:00,QR
WAL_c95fef3dc8,U_d6c81ec4ac,LOAD,2909.93,CA,2909.93,2026-02-19T05:00:00,APP
WAL_738dd7263f,U_d6c81ec4ac,SPEND,-752.43,CA,2157.5,2026-02-19T05:00:00,QR
WAL_3ede11ff2d,U_d6c81ec4ac,SPEND,-1926.43,CA,231.07,2026-02-19T18:00:00,QR
WAL_08aabd19e8,U_d6c81ec4ac,SPEND,-3003.65,CA,-2772.58,2026-02-09T09:00:00,QR
WAL_038d6d4c0c,U_d6c81ec4ac,LOAD,12520.93,CA,9748.35,2026-02-24T01:00:00,APP
WAL_6a27b5066b,U_d6c81ec4ac,SPEND,-990.19,CA,8758.16,2026-02-23T01:00:00,QR
WAL_7e736f04a1,U_d6c81ec4ac,SPEND,-1474.22,CA,7283.94,2026-02-09T22:00:00,QR
WAL_cd27dc03cb,U_d6c81ec4ac,SPEND,-1737.62,CA,5546.32,2026-02-20T23:00:00,QR
WAL_c5f8eb8a31,U_d6c81ec4ac,SPEND,-1570.08,CA,3976.24,2026-02-17T01:00:00,QR
WAL_4bbb04177e,U_2fd0105210,LOAD,20998.04,REST,20998.04,2025-02-15T06:00:00,APP
WAL_1a922c769e,U_2fd0105210,SPEND,-2297.87,REST,18700.17,2025-02-20T15:00:00,QR
WAL_174c4e17a8,U_2fd0105210,SPEND,-2952.51,REST,15747.66,2025-02-21T09:00:00,QR
WAL_43197ce497,U_2fd0105210,SPEND,-1319.0,REST,14428.66,2025-02-16T05:00:00,QR
WAL_7b5c4591d2,U_2fd0105210,LOAD,18748.65,REST,18748.65,2026-06-09T17:00:00,APP
WAL_2a475b1fc1,U_2fd0105210,SPEND,-2337.41,REST,16411.24,2026-06-08T17:00:00,QR
WAL_25b60aa1fc,U_2fd0105210,LOAD,19385.26,REST,19385.26,2025-02-16T10:00:00,APP
WAL_7561e8bd3c,U_2fd0105210,SPEND,-3714.51,REST,15670.75,2025-02-26T08:00:00,QR
WAL_649d5c52c7,U_2fd0105210,SPEND,-1434.29,REST,14236.46,2025-02-16T21:00:00,QR
WAL_7f4b8369ec,U_c906ccc1aa,LOAD,22359.61,GB,22359.61,2025-08-04T03:00:00,APP
WAL_9c6eb40f25,U_c906ccc1aa,SPEND,-544.13,GB,21815.48,2025-08-04T03:00:00,QR
WAL_0f421b268d,U_c906ccc1aa,SPEND,-863.33,GB,20952.15,2025-08-07T06:00:00,QR
WAL_5aba180141,U_c906ccc1aa,SPEND,-732.43,GB,20219.72,2025-08-04T08:00:00,QR
WAL_8955ff72c2,U_c906ccc1aa,SPEND,-1797.14,GB,18422.58,2025-08-03T06:00:00,QR
WAL_33632a9d17,U_c906ccc1aa,SPEND,-879.68,GB,17542.9,2025-08-02T15:00:00,QR
WAL_acf3a9f6a6,U_a599358996,LOAD,8786.38,MY,8786.38,2025-06-25T05:00:00,APP
WAL_522d6b358c,U_abf3ca74b9,LOAD,4805.43,US,4805.43,2025-01-18T19:00:00,APP
WAL_0b29e0ea23,U_abf3ca74b9,SPEND,-1170.17,US,3635.26,2025-01-18T19:00:00,QR
WAL_648d7c286f,U_abf3ca74b9,SPEND,-1072.85,US,2562.41,2025-01-22T03:00:00,QR
WAL_ed649c3374,U_abf3ca74b9,SPEND,-934.98,US,1627.43,2025-01-25T06:00:00,QR
WAL_ad8fe74849,U_abf3ca74b9,LOAD,8516.84,US,8516.84,2026-06-06T22:00:00,APP
WAL_3a12b3b074,U_abf3ca74b9,SPEND,-3030.03,US,5486.81,2026-06-06T22:00:00,QR
WAL_c568ac2400,U_abf3ca74b9,SPEND,-891.41,US,4595.4,2026-06-02T00:00:00,QR
WAL_a552841d05,U_abf3ca74b9,SPEND,-1579.62,US,3015.78,2026-06-01T19:00:00,QR
WAL_a3e91ecdde,U_abf3ca74b9,SPEND,-548.8,US,2466.98,2026-06-04T06:00:00,QR
WAL_d9564394d4,U_abf3ca74b9,SPEND,-912.08,US,1554.9,2026-05-31T21:00:00,QR
WAL_f3efabbe59,U_abf3ca74b9,SPEND,-642.65,US,912.25,2026-06-05T13:00:00,QR
WAL_fce88a434c,U_1fa93dd24f,LOAD,3211.9,NP,3211.9,2024-11-28T17:00:00,APP
WAL_6c84853f96,U_1fa93dd24f,SPEND,-1627.88,NP,1584.02,2024-11-28T17:00:00,QR
WAL_7d3a422650,U_1fa93dd24f,SPEND,-2362.84,NP,-778.82,2024-11-20T21:00:00,QR
WAL_2e70b2b9b8,U_1fa93dd24f,LOAD,17459.41,NP,16680.59,2024-11-23T10:00:00,APP
WAL_120b8597a9,U_1fa93dd24f,SPEND,-2761.19,NP,13919.4,2024-11-23T10:00:00,QR
WAL_3fed12dda1,U_1fa93dd24f,SPEND,-1039.29,NP,12880.11,2024-11-29T23:00:00,QR
WAL_1c2c9484ef,U_1fa93dd24f,SPEND,-1657.03,NP,11223.08,2024-11-26T15:00:00,QR
WAL_a35b1ef1a8,U_1fa93dd24f,SPEND,-2018.9,NP,9204.18,2024-11-30T01:00:00,QR
WAL_e73559f504,U_1fa93dd24f,SPEND,-5255.92,NP,3948.26,2024-12-01T15:00:00,QR
WAL_91cc4eed0f,U_1fa93dd24f,SPEND,-1095.9,NP,2852.36,2024-11-20T21:00:00,QR
WAL_efe0b01983,U_1fa93dd24f,SPEND,-756.88,NP,2095.48,2024-11-19T00:00:00,QR
WAL_446c64bf64,U_1fa93dd24f,LOAD,24297.55,NP,24297.55,2025-05-03T10:00:00,APP
WAL_143659b276,U_1fa93dd24f,SPEND,-1886.58,NP,22410.97,2025-05-03T10:00:00,QR
WAL_870c65e9ed,U_1fa93dd24f,SPEND,-2210.0,NP,20200.97,2025-04-28T15:00:00,QR
WAL_5c8ada1e38,U_235eddf776,LOAD,18709.03,AU,18709.03,2025-11-10T03:00:00,APP
WAL_a8a5e953f6,U_235eddf776,SPEND,-2397.99,AU,16311.04,2025-11-05T11:00:00,QR
WAL_29ff23fe06,U_235eddf776,SPEND,-2435.76,AU,13875.28,2025-10-30T09:00:00,QR
WAL_c605043f94,U_235eddf776,SPEND,-943.56,AU,12931.72,2025-11-07T10:00:00,QR
WAL_8e287d111d,U_235eddf776,SPEND,-3266.01,AU,9665.71,2025-11-11T04:00:00,QR
WAL_6d852798c4,U_235eddf776,SPEND,-1147.14,AU,8518.57,2025-11-02T00:00:00,QR
WAL_777973443a,U_1c9f26dc87,LOAD,2734.41,REST,2734.41,2025-06-27T11:00:00,APP
WAL_4c2a472683,U_1c9f26dc87,SPEND,-1909.2,REST,825.21,2025-06-27T11:00:00,QR
WAL_73d6b9af51,U_4550392fc7,LOAD,3782.71,SG,3782.71,2024-12-27T08:00:00,APP
WAL_291af2170e,U_4550392fc7,SPEND,-1121.54,SG,2661.17,2024-12-27T08:00:00,QR
WAL_5901b7ae42,U_4550392fc7,SPEND,-760.49,SG,1900.68,2024-12-24T20:00:00,QR
WAL_84851c2ee6,U_4550392fc7,SPEND,-617.42,SG,1283.26,2024-12-19T23:00:00,QR
WAL_b65eb141de,U_4550392fc7,LOAD,4730.37,SG,4730.37,2025-04-16T11:00:00,APP
WAL_f21d243791,U_4550392fc7,SPEND,-2445.75,SG,2284.62,2025-04-16T13:00:00,QR
WAL_ba17dc2c45,U_4550392fc7,SPEND,-2702.5,SG,-417.88,2025-04-20T07:00:00,QR
WAL_ca26dbc9c4,U_4550392fc7,LOAD,22506.15,SG,22088.26,2025-04-12T10:00:00,APP
WAL_4989fe5a8d,U_4550392fc7,SPEND,-930.02,SG,21158.24,2025-04-12T10:00:00,QR
WAL_84f9c042e2,U_4550392fc7,SPEND,-1198.63,SG,19959.61,2025-04-19T16:00:00,QR
WAL_24db1a63d9,U_4550392fc7,LOAD,21831.01,SG,21831.01,2025-07-10T20:00:00,APP
WAL_b1e20a4429,U_4550392fc7,SPEND,-1936.17,SG,19894.84,2025-07-10T20:00:00,QR
WAL_2b6893b6c6,U_4550392fc7,SPEND,-702.07,SG,19192.77,2025-07-17T14:00:00,QR
WAL_d0e3d6b0f5,U_4550392fc7,SPEND,-1471.68,SG,17721.09,2025-07-02T11:00:00,QR
WAL_cc8c1c7de6,U_4550392fc7,SPEND,-2428.85,SG,15292.24,2025-07-15T14:00:00,QR
WAL_4fedd8624d,U_4550392fc7,SPEND,-1226.96,SG,14065.28,2025-07-08T10:00:00,QR
WAL_638949994f,U_4550392fc7,SPEND,-3215.26,SG,10850.02,2025-07-14T04:00:00,QR
WAL_c6881a0117,U_4550392fc7,SPEND,-1277.89,SG,9572.13,2025-07-09T13:00:00,QR
WAL_ba6fa16c09,U_4550392fc7,SPEND,-1710.89,SG,7861.24,2025-07-17T04:00:00,QR
WAL_a5463576c4,U_4550392fc7,SPEND,-1307.06,SG,6554.18,2025-07-14T03:00:00,QR
WAL_2d252b18d2,U_716d0e51ce,LOAD,20997.17,AE,20997.17,2024-10-30T13:00:00,APP
WAL_61fd867eca,U_716d0e51ce,SPEND,-973.13,AE,20024.04,2024-10-30T13:00:00,QR
WAL_f932ff4059,U_935764c2b7,LOAD,9199.43,GB,9199.43,2025-08-05T21:00:00,APP
WAL_8799b9e706,U_935764c2b7,SPEND,-450.36,GB,8749.07,2025-08-05T04:00:00,QR
WAL_7dd2185ed5,U_935764c2b7,SPEND,-3228.13,GB,5520.94,2025-08-02T15:00:00,QR
WAL_2b5ea6da50,U_42bd9d46cf,LOAD,5125.98,CA,5125.98,2026-03-09T11:00:00,APP
WAL_c5d0366bf1,U_42bd9d46cf,SPEND,-1637.25,CA,3488.73,2026-03-09T11:00:00,QR
WAL_8361468710,U_42bd9d46cf,SPEND,-2615.58,CA,873.15,2026-03-08T22:00:00,QR
WAL_837b8a51d9,U_42bd9d46cf,LOAD,12831.67,CA,12831.67,2026-05-10T04:00:00,APP
WAL_01bbdabba0,U_42bd9d46cf,SPEND,-576.11,CA,12255.56,2026-05-10T04:00:00,QR
WAL_9de1f96522,U_42bd9d46cf,SPEND,-3245.52,CA,9010.04,2026-05-24T12:00:00,QR
WAL_b16b31f675,U_42bd9d46cf,SPEND,-1565.01,CA,7445.03,2026-05-22T20:00:00,QR
WAL_9ad598530e,U_42bd9d46cf,SPEND,-1801.86,CA,5643.17,2026-05-23T10:00:00,QR
WAL_782251aa01,U_42bd9d46cf,SPEND,-1113.07,CA,4530.1,2026-05-16T14:00:00,QR
WAL_a9062197ca,U_42bd9d46cf,SPEND,-3870.91,CA,659.19,2026-05-19T14:00:00,QR
WAL_a649b001a9,U_42bd9d46cf,SPEND,-529.27,CA,129.92,2026-05-24T19:00:00,QR
WAL_0f44b157a5,U_42bd9d46cf,SPEND,-1142.07,CA,-1012.15,2026-05-17T08:00:00,QR
WAL_6533f1af62,U_42bd9d46cf,LOAD,19952.35,CA,18940.2,2026-05-23T12:00:00,APP
WAL_b6969c5e40,U_42bd9d46cf,SPEND,-3720.71,CA,15219.49,2026-05-23T12:00:00,QR
WAL_6cbb34c428,U_42bd9d46cf,SPEND,-1706.86,CA,13512.63,2026-05-11T03:00:00,QR
WAL_5bef40b05b,U_a5b897efa3,LOAD,13551.49,DE,13551.49,2025-04-12T15:00:00,APP
WAL_7697e4ad10,U_a5b897efa3,SPEND,-1158.42,DE,12393.07,2025-04-14T11:00:00,QR
WAL_42b525a347,U_a5b897efa3,SPEND,-2354.35,DE,10038.72,2025-04-06T04:00:00,QR
WAL_a7008d4210,U_a5b897efa3,SPEND,-1535.19,DE,8503.53,2025-04-16T08:00:00,QR
WAL_3ef3258a0c,U_a5b897efa3,LOAD,7044.88,DE,7044.88,2025-11-30T05:00:00,APP
WAL_8c80ff8ff5,U_a5b897efa3,SPEND,-1486.52,DE,5558.36,2025-11-30T05:00:00,QR
WAL_72299c3bdf,U_ee06ad9601,LOAD,24574.97,NP,24574.97,2025-10-11T06:00:00,APP
WAL_328fe3e5e9,U_ee06ad9601,SPEND,-803.07,NP,23771.9,2025-10-11T06:00:00,QR
WAL_f0057d016e,U_ee06ad9601,SPEND,-1983.38,NP,21788.52,2025-10-23T15:00:00,QR
WAL_4455221236,U_ee06ad9601,SPEND,-3109.7,NP,18678.82,2025-10-25T01:00:00,QR
WAL_b1a7eee309,U_ee06ad9601,SPEND,-2801.05,NP,15877.77,2025-10-23T07:00:00,QR
WAL_e605fc50cd,U_ee06ad9601,SPEND,-1583.65,NP,14294.12,2025-10-26T03:00:00,QR
WAL_68c554c4dc,U_ee06ad9601,SPEND,-1539.97,NP,12754.15,2025-10-12T19:00:00,QR
WAL_57c54bfe41,U_ee06ad9601,SPEND,-2387.47,NP,10366.68,2025-10-22T14:00:00,QR
WAL_8c03451e29,U_ee06ad9601,SPEND,-4431.23,NP,5935.45,2025-10-15T16:00:00,QR
WAL_629661f555,U_ee06ad9601,SPEND,-1480.66,NP,4454.79,2025-10-22T10:00:00,QR
WAL_d7afaaf884,U_ee06ad9601,SPEND,-2034.5,NP,2420.29,2025-10-17T20:00:00,QR
WAL_2493614d64,U_ee06ad9601,SPEND,-2769.03,NP,-348.74,2025-10-18T20:00:00,QR
WAL_3f02d0a105,U_ee06ad9601,LOAD,24157.52,NP,24157.52,2025-11-29T17:00:00,APP
WAL_1007e3bb44,U_ee06ad9601,SPEND,-632.98,NP,23524.54,2025-12-02T08:00:00,QR
WAL_56e9108174,U_ee06ad9601,SPEND,-1768.01,NP,21756.53,2025-11-28T18:00:00,QR
WAL_32dfa53c5b,U_ee06ad9601,SPEND,-2268.22,NP,19488.31,2025-11-27T03:00:00,QR
WAL_c5c41c22d7,U_ee06ad9601,SPEND,-1074.74,NP,18413.57,2025-12-07T07:00:00,QR
WAL_d747528f7a,U_ee06ad9601,SPEND,-1453.35,NP,16960.22,2025-12-05T02:00:00,QR
WAL_4be8e2c55f,U_ee06ad9601,SPEND,-1085.5,NP,15874.72,2025-12-14T18:00:00,QR
WAL_ffee1363ff,U_ee06ad9601,SPEND,-1512.22,NP,14362.5,2025-12-13T01:00:00,QR
WAL_ee6fbb6e54,U_ee06ad9601,SPEND,-2963.95,NP,11398.55,2025-11-30T22:00:00,QR
WAL_4b2e1359c4,U_ee06ad9601,SPEND,-1848.19,NP,9550.36,2025-12-07T04:00:00,QR
WAL_75c5a027f2,U_ee06ad9601,SPEND,-869.33,NP,8681.03,2025-12-10T17:00:00,QR
WAL_8067723284,U_ee06ad9601,SPEND,-1072.36,NP,7608.67,2025-12-10T08:00:00,QR
WAL_985694ac06,U_ee06ad9601,SPEND,-1689.96,NP,5918.71,2025-12-07T18:00:00,QR
WAL_c74ff92ff7,U_0fd4ac8fa0,LOAD,11510.52,MY,11510.52,2025-11-26T06:00:00,APP
WAL_18bfc84f4a,U_0fd4ac8fa0,SPEND,-1029.43,MY,10481.09,2025-11-26T06:00:00,QR
WAL_84bd6b29e4,U_0fd4ac8fa0,SPEND,-1296.83,MY,9184.26,2025-12-09T19:00:00,QR
WAL_2c85cd7bc0,U_0fd4ac8fa0,SPEND,-1069.26,MY,8115.0,2025-12-11T15:00:00,QR
WAL_7517f4cd34,U_0fd4ac8fa0,SPEND,-1829.46,MY,6285.54,2025-12-08T14:00:00,QR
WAL_3ab42538fc,U_0fd4ac8fa0,LOAD,9787.97,MY,9787.97,2025-11-22T01:00:00,APP
WAL_00d04ac1d5,U_0fd4ac8fa0,SPEND,-1066.55,MY,8721.42,2025-11-22T01:00:00,QR
WAL_68ff7f2de2,U_0fd4ac8fa0,SPEND,-793.01,MY,7928.41,2025-11-19T21:00:00,QR
WAL_7a4be1229b,U_0fd4ac8fa0,SPEND,-785.07,MY,7143.34,2025-11-29T01:00:00,QR
WAL_68fa909a57,U_0fd4ac8fa0,SPEND,-2282.01,MY,4861.33,2025-11-18T12:00:00,QR
WAL_efa5c7616d,U_0fd4ac8fa0,SPEND,-1651.52,MY,3209.81,2025-12-01T02:00:00,QR
WAL_86c82361e6,U_0fd4ac8fa0,SPEND,-3007.24,MY,202.57,2025-11-28T11:00:00,QR
WAL_15805edaca,U_0fd4ac8fa0,SPEND,-957.53,MY,-754.96,2025-11-22T08:00:00,QR
WAL_26f7ebef11,U_0fd4ac8fa0,LOAD,23920.7,MY,23165.73,2025-11-17T16:00:00,APP
WAL_70fe8d8567,U_0fd4ac8fa0,SPEND,-1834.14,MY,21331.59,2025-11-17T16:00:00,QR
WAL_4c356783e6,U_0fd4ac8fa0,SPEND,-3412.31,MY,17919.28,2025-11-17T16:00:00,QR
WAL_e1c0445f31,U_0fd4ac8fa0,SPEND,-1055.05,MY,16864.23,2025-11-15T14:00:00,QR
WAL_08a094958a,U_0fd4ac8fa0,SPEND,-1026.13,MY,15838.1,2025-11-25T23:00:00,QR
WAL_5bd800f90c,U_0fd4ac8fa0,SPEND,-1953.9,MY,13884.2,2025-11-15T14:00:00,QR
WAL_f1cd129c19,U_0fd4ac8fa0,SPEND,-1192.85,MY,12691.35,2025-12-02T11:00:00,QR
WAL_6da8a01365,U_0fd4ac8fa0,SPEND,-1199.47,MY,11491.88,2025-11-29T19:00:00,QR
WAL_cd4bd0d46a,U_0fd4ac8fa0,SPEND,-1473.14,MY,10018.74,2025-11-13T02:00:00,QR
WAL_132d65fa2b,U_0fd4ac8fa0,SPEND,-704.4,MY,9314.34,2025-11-27T03:00:00,QR
WAL_9d314e48b0,U_0fd4ac8fa0,SPEND,-4886.78,MY,4427.56,2025-11-18T19:00:00,QR
WAL_2d9c267173,U_0fd4ac8fa0,SPEND,-1148.79,MY,3278.77,2025-11-23T00:00:00,QR
WAL_0614b267cd,U_0fd4ac8fa0,SPEND,-4251.63,MY,-972.86,2025-11-25T12:00:00,QR
WAL_cc98d50dd7,U_f2442dd3e7,LOAD,2934.85,BD,2934.85,2024-12-20T18:00:00,APP
WAL_d1eb0a3a58,U_f2442dd3e7,SPEND,-1932.77,BD,1002.08,2024-12-18T22:00:00,QR
WAL_0af02d6ca6,U_f2442dd3e7,SPEND,-1931.55,BD,-929.47,2024-12-16T16:00:00,QR
WAL_9574d25a46,U_f2442dd3e7,LOAD,19159.66,BD,18230.19,2024-12-21T02:00:00,APP
WAL_570daba166,U_f2442dd3e7,SPEND,-749.35,BD,17480.84,2024-12-15T09:00:00,QR
WAL_b6af7eb7d1,U_f2442dd3e7,SPEND,-3971.29,BD,13509.55,2024-12-08T16:00:00,QR
WAL_da7ca2ba8b,U_f2442dd3e7,SPEND,-1382.01,BD,12127.54,2024-12-13T07:00:00,QR
WAL_da9f3c998f,U_f2442dd3e7,SPEND,-757.31,BD,11370.23,2024-12-13T13:00:00,QR
WAL_30d4f20a85,U_f2442dd3e7,SPEND,-2225.72,BD,9144.51,2024-12-13T19:00:00,QR
WAL_679e6fc11a,U_f2442dd3e7,SPEND,-3481.71,BD,5662.8,2024-12-21T11:00:00,QR
WAL_4c2cc7f2c6,U_f2442dd3e7,SPEND,-2494.12,BD,3168.68,2024-12-22T07:00:00,QR
WAL_1b11d08b05,U_f2442dd3e7,SPEND,-665.54,BD,2503.14,2024-12-21T09:00:00,QR
WAL_6d5f7c6fad,U_1d5563c000,LOAD,10912.3,LK,10912.3,2025-08-10T04:00:00,APP
WAL_2f56243f48,U_1d5563c000,SPEND,-2780.62,LK,8131.68,2025-08-10T04:00:00,QR
WAL_90a7233428,U_1d5563c000,SPEND,-1422.74,LK,6708.94,2025-08-03T17:00:00,QR
WAL_3f5888b8c1,U_1d5563c000,SPEND,-1663.43,LK,5045.51,2025-08-11T16:00:00,QR
WAL_3ee8254dea,U_9b66eb5280,LOAD,4790.27,NP,4790.27,2026-01-28T02:00:00,APP
WAL_7dd29c4964,U_9b66eb5280,SPEND,-1930.78,NP,2859.49,2026-01-28T02:00:00,QR
WAL_fc179130a3,U_9b66eb5280,SPEND,-2791.0,NP,68.49,2026-01-28T13:00:00,QR
WAL_4d5b1089ca,U_9b66eb5280,SPEND,-1440.3,NP,-1371.81,2026-01-31T15:00:00,QR
WAL_947b21b239,U_9b66eb5280,LOAD,9669.63,NP,8297.82,2026-02-06T13:00:00,APP
WAL_281d565bff,U_9b66eb5280,SPEND,-2827.03,NP,5470.79,2026-02-05T15:00:00,QR
WAL_4b6002e12d,U_9b66eb5280,SPEND,-1467.59,NP,4003.2,2026-01-25T18:00:00,QR
WAL_1c52383db1,U_9b66eb5280,SPEND,-1653.06,NP,2350.14,2026-01-29T20:00:00,QR
WAL_1b82c06272,U_c6db1f2609,LOAD,10768.06,BD,10768.06,2026-06-08T21:00:00,APP
WAL_9a8bf2e061,U_c6db1f2609,SPEND,-632.22,BD,10135.84,2026-06-08T04:00:00,QR
WAL_ae08744416,U_c6db1f2609,SPEND,-702.3,BD,9433.54,2026-05-27T00:00:00,QR
WAL_88dcfc7957,U_c6db1f2609,SPEND,-1691.45,BD,7742.09,2026-06-07T05:00:00,QR
WAL_8e912c4a99,U_c6db1f2609,LOAD,21459.81,BD,21459.81,2026-06-07T14:00:00,APP
WAL_1f2e8d532c,U_c6db1f2609,SPEND,-850.09,BD,20609.72,2026-05-25T04:00:00,QR
WAL_7cb2cb89c2,U_c6db1f2609,SPEND,-974.89,BD,19634.83,2026-05-25T13:00:00,QR
WAL_f310066dac,U_c6db1f2609,SPEND,-802.44,BD,18832.39,2026-05-31T23:00:00,QR
WAL_169458d032,U_4388e555c7,LOAD,20492.24,REST,20492.24,2025-07-22T13:00:00,APP
WAL_3315b8374b,U_4388e555c7,SPEND,-1922.83,REST,18569.41,2025-07-19T04:00:00,QR
WAL_1010fc50c1,U_4388e555c7,SPEND,-2315.39,REST,16254.02,2025-07-16T17:00:00,QR
WAL_c68ea55aab,U_4388e555c7,SPEND,-795.08,REST,15458.94,2025-07-21T20:00:00,QR
WAL_1d0e84c203,U_4388e555c7,SPEND,-997.57,REST,14461.37,2025-07-19T15:00:00,QR
WAL_85c9674089,U_4388e555c7,SPEND,-1833.54,REST,12627.83,2025-07-09T07:00:00,QR
WAL_c7dfda0b6f,U_4388e555c7,LOAD,23620.32,REST,23620.32,2024-10-10T10:00:00,APP
WAL_e67e0a6f56,U_4388e555c7,SPEND,-539.14,REST,23081.18,2024-10-09T22:00:00,QR
WAL_2836736e17,U_4388e555c7,SPEND,-803.9,REST,22277.28,2024-10-08T17:00:00,QR
WAL_0bd4a64267,U_57c1a71981,LOAD,10799.55,AE,10799.55,2025-05-10T15:00:00,APP
WAL_b97f124fdd,U_57c1a71981,SPEND,-1893.97,AE,8905.58,2025-05-14T16:00:00,QR
WAL_8d87fe1254,U_57c1a71981,SPEND,-328.34,AE,8577.24,2025-05-12T18:00:00,QR
WAL_f9e03b3c01,U_57c1a71981,SPEND,-462.99,AE,8114.25,2025-05-15T16:00:00,QR
WAL_e853f863bf,U_57c1a71981,SPEND,-1717.59,AE,6396.66,2025-05-15T00:00:00,QR
WAL_229f579f48,U_57c1a71981,SPEND,-3142.21,AE,3254.45,2025-05-13T15:00:00,QR
WAL_efa6a7edb2,U_57c1a71981,SPEND,-3837.46,AE,-583.01,2025-05-15T16:00:00,QR
WAL_35863c06cb,U_57c1a71981,LOAD,14803.63,AE,14803.63,2025-01-17T21:00:00,APP
WAL_112fd3d561,U_57c1a71981,SPEND,-896.06,AE,13907.57,2025-01-17T21:00:00,QR
WAL_a1676bd9df,U_57c1a71981,SPEND,-2074.77,AE,11832.8,2025-01-19T21:00:00,QR
WAL_74d8c5daa9,U_57c1a71981,SPEND,-794.3,AE,11038.5,2025-01-16T10:00:00,QR
WAL_71fe99c498,U_57c1a71981,SPEND,-1593.66,AE,9444.84,2025-01-15T06:00:00,QR
WAL_e93e3ca811,U_57c1a71981,SPEND,-8663.73,AE,781.11,2025-01-19T07:00:00,QR
WAL_129509c660,U_57c1a71981,SPEND,-1865.57,AE,-1084.46,2025-01-22T17:00:00,QR
WAL_60141b5962,U_657b0667ec,LOAD,17508.69,SG,17508.69,2025-11-08T17:00:00,APP
WAL_61f1ce9770,U_657b0667ec,SPEND,-1337.59,SG,16171.1,2025-11-16T13:00:00,QR
WAL_fe481e539b,U_9897717dfa,LOAD,8842.53,GB,8842.53,2026-01-30T19:00:00,APP
WAL_385d98e28b,U_9897717dfa,SPEND,-1389.5,GB,7453.03,2026-02-07T00:00:00,QR
WAL_415d367c53,U_9897717dfa,SPEND,-2962.5,GB,4490.53,2026-02-02T19:00:00,QR
WAL_c0f5515318,U_9897717dfa,SPEND,-2752.57,GB,1737.96,2026-02-05T00:00:00,QR
WAL_7eeb43556d,U_9897717dfa,SPEND,-2114.68,GB,-376.72,2026-02-02T02:00:00,QR
WAL_86faad70d1,U_9897717dfa,LOAD,21486.81,GB,21110.09,2026-01-31T09:00:00,APP
WAL_8c7f5e2ae8,U_9897717dfa,SPEND,-1787.93,GB,19322.16,2026-01-31T09:00:00,QR
WAL_ee71a41997,U_9897717dfa,SPEND,-3432.18,GB,15889.98,2026-01-30T14:00:00,QR
WAL_f8df0244bd,U_9897717dfa,SPEND,-994.13,GB,14895.85,2026-02-08T05:00:00,QR
WAL_c2e771c44e,U_ef6bfbf7af,LOAD,4344.03,AU,4344.03,2024-09-09T13:00:00,APP
WAL_52f2755644,U_ef6bfbf7af,SPEND,-2174.45,AU,2169.58,2024-09-09T13:00:00,QR
WAL_d5ac88ee21,U_ef6bfbf7af,SPEND,-687.47,AU,1482.11,2024-09-18T09:00:00,QR
WAL_372ca93a1a,U_ef6bfbf7af,SPEND,-952.17,AU,529.94,2024-09-07T10:00:00,QR
WAL_62bfb2d635,U_ef6bfbf7af,SPEND,-961.38,AU,-431.44,2024-09-10T07:00:00,QR
WAL_4cca53ecfd,U_ef6bfbf7af,LOAD,3541.64,AU,3110.2,2024-09-09T20:00:00,APP
WAL_412b2151bb,U_ef6bfbf7af,SPEND,-1225.13,AU,1885.07,2024-09-09T20:00:00,QR
WAL_83d4af55ab,U_ef6bfbf7af,SPEND,-1117.95,AU,767.12,2024-09-08T03:00:00,QR
WAL_1b620fb53d,U_ef6bfbf7af,SPEND,-1602.86,AU,-835.74,2024-09-06T20:00:00,QR
WAL_e950fe23ea,U_ef6bfbf7af,LOAD,10585.0,AU,9749.25,2024-09-10T11:00:00,APP
WAL_4b3b110fbf,U_ef6bfbf7af,SPEND,-970.21,AU,8779.04,2024-09-10T11:00:00,QR
WAL_dd18391eb1,U_ef6bfbf7af,SPEND,-1562.2,AU,7216.84,2024-09-13T15:00:00,QR
WAL_46dce4d416,U_e80df4bbb3,LOAD,17215.75,US,17215.75,2026-05-16T12:00:00,APP
WAL_26db73da8f,U_e80df4bbb3,SPEND,-1209.18,US,16006.57,2026-05-16T12:00:00,QR
WAL_2e92513494,U_e80df4bbb3,SPEND,-2467.02,US,13539.55,2026-05-09T06:00:00,QR
WAL_dd1dec4a54,U_e80df4bbb3,SPEND,-720.81,US,12818.74,2026-05-11T23:00:00,QR
WAL_76b048d289,U_e80df4bbb3,SPEND,-1732.36,US,11086.38,2026-05-08T13:00:00,QR
WAL_f9bf212654,U_e80df4bbb3,SPEND,-901.7,US,10184.68,2026-05-21T14:00:00,QR
WAL_a88a372cde,U_e80df4bbb3,LOAD,21172.16,US,21172.16,2025-06-02T06:00:00,APP
WAL_25da4aa374,U_e80df4bbb3,SPEND,-2295.98,US,18876.18,2025-06-02T06:00:00,QR
WAL_c4d7c5976e,U_e80df4bbb3,SPEND,-2356.14,US,16520.04,2025-06-05T02:00:00,QR
WAL_327d6317eb,U_e80df4bbb3,SPEND,-1017.11,US,15502.93,2025-05-31T21:00:00,QR
WAL_e360daf1ed,U_e80df4bbb3,SPEND,-797.99,US,14704.94,2025-05-31T03:00:00,QR
WAL_a27804dcff,U_e80df4bbb3,SPEND,-2290.43,US,12414.51,2025-06-02T12:00:00,QR
WAL_59c5135fbd,U_e80df4bbb3,SPEND,-1573.0,US,10841.51,2025-05-28T09:00:00,QR
WAL_214b4780f7,U_e80df4bbb3,SPEND,-2053.46,US,8788.05,2025-05-31T00:00:00,QR
WAL_94d9b86f1e,U_e86b06b7cb,LOAD,3565.96,REST,3565.96,2025-10-01T09:00:00,APP
WAL_2860db4ddf,U_e86b06b7cb,SPEND,-1402.47,REST,2163.49,2025-10-01T09:00:00,QR
WAL_e5ad81e8f1,U_e86b06b7cb,SPEND,-1145.9,REST,1017.59,2025-10-03T12:00:00,QR
WAL_d4e6fa19e4,U_e86b06b7cb,LOAD,20202.56,REST,20202.56,2025-03-19T21:00:00,APP
WAL_bbb88e0237,U_e86b06b7cb,SPEND,-2548.27,REST,17654.29,2025-03-19T21:00:00,QR
WAL_59733c8e9b,U_e86b06b7cb,SPEND,-2972.8,REST,14681.49,2025-03-20T20:00:00,QR
WAL_a30b0664b8,U_1d7ea42b32,LOAD,14288.79,LK,14288.79,2025-10-11T05:00:00,APP
WAL_c9914464c5,U_1d7ea42b32,SPEND,-1408.23,LK,12880.56,2025-10-11T05:00:00,QR
WAL_ed9ec6bdbd,U_1d7ea42b32,SPEND,-3444.94,LK,9435.62,2025-10-04T01:00:00,QR
WAL_6400a23b97,U_1d7ea42b32,SPEND,-1649.5,LK,7786.12,2025-10-07T06:00:00,QR
WAL_f5d93a3347,U_1d7ea42b32,SPEND,-1748.38,LK,6037.74,2025-10-03T20:00:00,QR
WAL_36f43ceff5,U_62c97cbc61,LOAD,16610.87,CA,16610.87,2025-04-23T19:00:00,APP
WAL_d951767b9f,U_62c97cbc61,SPEND,-2137.51,CA,14473.36,2025-04-30T17:00:00,QR
WAL_92eebc82d2,U_62c97cbc61,SPEND,-2008.39,CA,12464.97,2025-05-04T18:00:00,QR
WAL_e64607338d,U_62c97cbc61,LOAD,9302.18,CA,9302.18,2026-04-15T09:00:00,APP
WAL_1ca6e5d21a,U_62c97cbc61,SPEND,-618.34,CA,8683.84,2026-04-14T10:00:00,QR
WAL_510dadf731,U_62c97cbc61,SPEND,-1423.55,CA,7260.29,2026-04-13T01:00:00,QR
WAL_80d7254dfd,U_62c97cbc61,SPEND,-2299.32,CA,4960.97,2026-04-14T16:00:00,QR
WAL_f22be2f9b1,U_62c97cbc61,SPEND,-846.42,CA,4114.55,2026-04-13T21:00:00,QR
WAL_f0822580ba,U_62c97cbc61,SPEND,-1974.16,CA,2140.39,2026-04-13T09:00:00,QR
WAL_bc98e3d35e,U_62c97cbc61,SPEND,-533.29,CA,1607.1,2026-04-15T21:00:00,QR
WAL_424242fcf3,U_62c97cbc61,SPEND,-5624.67,CA,-4017.57,2026-04-14T06:00:00,QR
WAL_adcf2de0ba,U_62c97cbc61,LOAD,10821.48,CA,6803.91,2026-04-15T01:00:00,APP
WAL_10dac292ad,U_62c97cbc61,SPEND,-3689.79,CA,3114.12,2026-04-15T01:00:00,QR
WAL_8b1b4577da,U_62c97cbc61,SPEND,-1564.52,CA,1549.6,2026-04-14T05:00:00,QR
WAL_931dfe4e69,U_62c97cbc61,SPEND,-976.11,CA,573.49,2026-04-12T20:00:00,QR
WAL_b5e325b940,U_62c97cbc61,SPEND,-1174.95,CA,-601.46,2026-04-12T14:00:00,QR
WAL_99373a6fc8,U_62c97cbc61,LOAD,3288.31,CA,2686.85,2026-04-15T22:00:00,APP
WAL_07c1bc8df6,U_62c97cbc61,SPEND,-1325.37,CA,1361.48,2026-04-15T22:00:00,QR
WAL_22890c8918,U_62c97cbc61,SPEND,-1145.96,CA,215.52,2026-04-13T23:00:00,QR
WAL_f88a3bffb0,U_62c97cbc61,LOAD,2281.45,CA,2281.45,2024-09-12T06:00:00,APP
WAL_3aedd7642a,U_62c97cbc61,SPEND,-1197.8,CA,1083.65,2024-09-12T06:00:00,QR
WAL_ad701f4dba,U_40e764b372,LOAD,2733.58,MY,2733.58,2025-01-11T18:00:00,APP
WAL_f6ca394b88,U_40e764b372,LOAD,8877.65,MY,8877.65,2024-08-20T07:00:00,APP
WAL_53b89ece54,U_40e764b372,SPEND,-1403.8,MY,7473.85,2024-08-20T07:00:00,QR
WAL_5d7cdf6f56,U_40e764b372,SPEND,-939.15,MY,6534.7,2024-08-19T05:00:00,QR
WAL_323fc47e46,U_40e764b372,SPEND,-3126.36,MY,3408.34,2024-08-20T15:00:00,QR
WAL_3eb0676762,U_40e764b372,SPEND,-1208.25,MY,2200.09,2024-08-23T03:00:00,QR
WAL_03da24a47b,U_40e764b372,SPEND,-2771.32,MY,-571.23,2024-08-21T19:00:00,QR
WAL_a0bdf449ff,U_80e63d8257,LOAD,18749.04,CA,18749.04,2025-12-02T22:00:00,APP
WAL_6c27b9b5ae,U_80e63d8257,SPEND,-1915.68,CA,16833.36,2025-12-02T22:00:00,QR
WAL_fe052cfb8f,U_c6c46291d2,LOAD,16603.32,BD,16603.32,2025-03-05T12:00:00,APP
WAL_2c8e086f66,U_c6c46291d2,SPEND,-2156.32,BD,14447.0,2025-03-05T12:00:00,QR
WAL_6509506d56,U_c6c46291d2,SPEND,-2093.06,BD,12353.94,2025-03-04T11:00:00,QR
WAL_7317556ed2,U_c6c46291d2,SPEND,-1701.03,BD,10652.91,2025-02-26T02:00:00,QR
WAL_28c9a85812,U_2df6594f95,LOAD,15919.84,US,15919.84,2025-04-11T01:00:00,APP
WAL_6f7d3104b2,U_2df6594f95,SPEND,-1861.32,US,14058.52,2025-04-11T11:00:00,QR
WAL_bb46c2318a,U_2df6594f95,SPEND,-1281.49,US,12777.03,2025-04-12T16:00:00,QR
WAL_343569e38e,U_2df6594f95,SPEND,-2134.87,US,10642.16,2025-04-13T00:00:00,QR
WAL_04c0c7bacf,U_2df6594f95,SPEND,-1716.84,US,8925.32,2025-04-12T23:00:00,QR
WAL_9ce50cb7da,U_a69b5bc0f8,LOAD,11683.55,BD,11683.55,2025-08-20T21:00:00,APP
WAL_30c3ca410f,U_a69b5bc0f8,SPEND,-1547.1,BD,10136.45,2025-08-20T21:00:00,QR
WAL_46b76f23ba,U_a69b5bc0f8,SPEND,-2002.35,BD,8134.1,2025-08-21T05:00:00,QR
WAL_ebb63b1f5c,U_a69b5bc0f8,SPEND,-522.74,BD,7611.36,2025-08-17T12:00:00,QR
WAL_6ec3d1b9ab,U_a69b5bc0f8,SPEND,-1233.14,BD,6378.22,2025-08-18T19:00:00,QR
WAL_81004d66a5,U_a69b5bc0f8,SPEND,-597.59,BD,5780.63,2025-08-20T21:00:00,QR
WAL_d88587b80b,U_a69b5bc0f8,SPEND,-2978.4,BD,2802.23,2025-08-19T09:00:00,QR
WAL_697124b7a4,U_a69b5bc0f8,LOAD,15177.8,BD,15177.8,2026-06-05T20:00:00,APP
WAL_3cc0dcc414,U_a69b5bc0f8,SPEND,-781.81,BD,14395.99,2026-06-05T20:00:00,QR
WAL_c4e059f500,U_a69b5bc0f8,SPEND,-2776.27,BD,11619.72,2026-05-23T16:00:00,QR
WAL_6315202ffe,U_a69b5bc0f8,LOAD,24435.14,BD,24435.14,2026-03-24T05:00:00,APP
WAL_d32ea5ff81,U_a69b5bc0f8,SPEND,-1248.54,BD,23186.6,2026-03-24T05:00:00,QR
WAL_b877f21bfd,U_a69b5bc0f8,SPEND,-1612.37,BD,21574.23,2026-03-19T10:00:00,QR
WAL_bbf0308a6c,U_a69b5bc0f8,SPEND,-1430.98,BD,20143.25,2026-03-25T11:00:00,QR
WAL_17989352f2,U_a69b5bc0f8,SPEND,-4543.88,BD,15599.37,2026-03-14T21:00:00,QR
WAL_397baf832f,U_b9e3e292b0,LOAD,12027.25,REST,12027.25,2024-10-31T19:00:00,APP
WAL_40a4c434f0,U_b9e3e292b0,SPEND,-1717.62,REST,10309.63,2024-10-31T19:00:00,QR
WAL_d0ae066bc7,U_b9e3e292b0,SPEND,-2495.1,REST,7814.53,2024-10-30T21:00:00,QR
WAL_4f35d01b30,U_b9e3e292b0,SPEND,-1655.94,REST,6158.59,2024-10-29T05:00:00,QR
WAL_8d772e8f0d,U_b9e3e292b0,SPEND,-4107.77,REST,2050.82,2024-10-27T03:00:00,QR
WAL_5c912aa99f,U_b9e3e292b0,SPEND,-2046.45,REST,4.37,2024-10-25T19:00:00,QR
WAL_7b61e6c4e8,U_b9e3e292b0,LOAD,18486.68,REST,18486.68,2024-12-09T06:00:00,APP
WAL_4a3d29471a,U_b9e3e292b0,SPEND,-2985.63,REST,15501.05,2024-12-09T06:00:00,QR
WAL_7ee57b66ad,U_b9e3e292b0,SPEND,-1726.89,REST,13774.16,2024-11-30T10:00:00,QR
WAL_59ed3454d2,U_b9e3e292b0,SPEND,-2411.04,REST,11363.12,2024-12-12T08:00:00,QR
WAL_eb9924d27e,U_b9e3e292b0,SPEND,-711.52,REST,10651.6,2024-11-29T11:00:00,QR
WAL_9582d40858,U_b9e3e292b0,SPEND,-1207.58,REST,9444.02,2024-12-02T22:00:00,QR
WAL_c7b5d0f03a,U_b9e3e292b0,SPEND,-1969.86,REST,7474.16,2024-11-30T17:00:00,QR
WAL_24a9fc5c1c,U_b9e3e292b0,SPEND,-1118.46,REST,6355.7,2024-12-04T14:00:00,QR
WAL_cee1a6f0cb,U_b9e3e292b0,SPEND,-1682.6,REST,4673.1,2024-12-10T10:00:00,QR
WAL_d54bfa74e7,U_b9e3e292b0,SPEND,-1160.51,REST,3512.59,2024-12-13T09:00:00,QR
WAL_c4c332199a,U_b9e3e292b0,SPEND,-1826.97,REST,1685.62,2024-11-28T13:00:00,QR
WAL_eba57f4924,U_f5ca9dfdb1,LOAD,2332.84,DE,2332.84,2025-06-16T11:00:00,APP
WAL_b7517e373a,U_f5ca9dfdb1,SPEND,-1321.65,DE,1011.19,2025-06-16T11:00:00,QR
WAL_2bbd9dd68b,U_f5ca9dfdb1,SPEND,-1062.67,DE,-51.48,2025-06-28T04:00:00,QR
WAL_5782ad9eac,U_f5ca9dfdb1,LOAD,19785.27,DE,19733.8,2025-06-28T08:00:00,APP
WAL_a83b6e93b5,U_f5ca9dfdb1,SPEND,-2803.43,DE,16930.37,2025-06-28T08:00:00,QR
WAL_0afd2b3c6a,U_f5ca9dfdb1,SPEND,-1807.01,DE,15123.36,2025-06-26T05:00:00,QR
WAL_5319807a7a,U_f5ca9dfdb1,SPEND,-2685.76,DE,12437.6,2025-06-14T05:00:00,QR
WAL_01216b1cbf,U_fee6635e90,LOAD,9621.37,BD,9621.37,2025-07-03T08:00:00,APP
WAL_8e1606ecca,U_fee6635e90,SPEND,-1205.83,BD,8415.54,2025-07-02T01:00:00,QR
WAL_abf4b03e9e,U_fee6635e90,SPEND,-1291.56,BD,7123.98,2025-06-21T06:00:00,QR
WAL_c392933a2e,U_fee6635e90,SPEND,-2747.32,BD,4376.66,2025-07-02T06:00:00,QR
WAL_15c6f9116f,U_fee6635e90,SPEND,-1763.61,BD,2613.05,2025-06-22T08:00:00,QR
WAL_541600b233,U_fee6635e90,SPEND,-1437.82,BD,1175.23,2025-07-03T02:00:00,QR
WAL_b79cf9e28a,U_fee6635e90,SPEND,-4984.34,BD,-3809.11,2025-06-20T11:00:00,QR
WAL_215add8682,U_fee6635e90,LOAD,10092.31,BD,6283.2,2025-06-29T09:00:00,APP
WAL_814b1a36ff,U_fee6635e90,SPEND,-869.14,BD,5414.06,2025-06-29T09:00:00,QR
WAL_599daf563f,U_fee6635e90,SPEND,-936.67,BD,4477.39,2025-07-03T04:00:00,QR
WAL_39389b0467,U_fee6635e90,LOAD,3477.14,BD,3477.14,2025-09-02T09:00:00,APP
WAL_912acb889c,U_fee6635e90,SPEND,-2869.44,BD,607.7,2025-09-02T09:00:00,QR
WAL_b7a882b10e,U_fee6635e90,SPEND,-4057.72,BD,-3450.02,2025-09-03T00:00:00,QR
WAL_aa013243ad,U_fee6635e90,LOAD,15365.17,BD,11915.15,2025-09-03T21:00:00,APP
WAL_482b52464b,U_0a5a445e8b,LOAD,24843.86,US,24843.86,2024-12-06T11:00:00,APP
WAL_91fef7a98b,U_0a5a445e8b,SPEND,-1903.6,US,22940.26,2024-12-06T10:00:00,QR
WAL_a3d089b63c,U_0a5a445e8b,SPEND,-1332.9,US,21607.36,2024-12-06T15:00:00,QR
WAL_db8e723981,U_0a5a445e8b,SPEND,-885.12,US,20722.24,2024-12-05T02:00:00,QR
WAL_7c72770e85,U_0a5a445e8b,SPEND,-1301.0,US,19421.24,2024-12-08T14:00:00,QR
WAL_8f94c4740f,U_0a5a445e8b,SPEND,-820.32,US,18600.92,2024-12-08T03:00:00,QR
WAL_3f5a37a3c2,U_0a5a445e8b,SPEND,-758.88,US,17842.04,2024-12-07T15:00:00,QR
WAL_457e7d5926,U_0a5a445e8b,SPEND,-2419.05,US,15422.99,2024-12-06T16:00:00,QR
WAL_9f5cea29c5,U_0a5a445e8b,SPEND,-1314.56,US,14108.43,2024-12-05T08:00:00,QR
WAL_eaf90bee48,U_0a5a445e8b,SPEND,-1151.3,US,12957.13,2024-12-08T21:00:00,QR
WAL_b014c2e9af,U_0a5a445e8b,SPEND,-1714.86,US,11242.27,2024-12-06T05:00:00,QR
WAL_edd39c6a2e,U_0a5a445e8b,SPEND,-1344.55,US,9897.72,2024-12-05T11:00:00,QR
WAL_cfdb509595,U_0a5a445e8b,SPEND,-3092.91,US,6804.81,2024-12-05T08:00:00,QR
WAL_73d0d04998,U_204e208c92,LOAD,11815.4,DE,11815.4,2024-09-16T11:00:00,APP
WAL_5aeb9940d2,U_204e208c92,SPEND,-979.12,DE,10836.28,2024-09-25T23:00:00,QR
WAL_79fb690e03,U_204e208c92,SPEND,-1600.5,DE,9235.78,2024-09-17T01:00:00,QR
WAL_93b19749fb,U_204e208c92,SPEND,-1884.46,DE,7351.32,2024-09-28T00:00:00,QR
WAL_3d2e996a25,U_204e208c92,SPEND,-1427.07,DE,5924.25,2024-09-16T19:00:00,QR
WAL_171a1e4851,U_204e208c92,SPEND,-2015.83,DE,3908.42,2024-09-26T20:00:00,QR
WAL_003663ef13,U_204e208c92,SPEND,-2454.98,DE,1453.44,2024-09-22T10:00:00,QR
WAL_86d06a6ca3,U_204e208c92,LOAD,9278.93,DE,9278.93,2026-02-15T02:00:00,APP
WAL_677cde74f4,U_204e208c92,SPEND,-982.09,DE,8296.84,2026-02-15T02:00:00,QR
WAL_909d186bf5,U_204e208c92,SPEND,-1684.66,DE,6612.18,2026-02-13T15:00:00,QR
WAL_0f53bb41e3,U_204e208c92,SPEND,-4072.55,DE,2539.63,2026-02-14T12:00:00,QR
WAL_b218dfb840,U_204e208c92,SPEND,-1235.98,DE,1303.65,2026-02-09T10:00:00,QR
WAL_f4ec4a66d2,U_204e208c92,SPEND,-723.86,DE,579.79,2026-02-22T17:00:00,QR
WAL_1e90e627e1,U_204e208c92,SPEND,-401.88,DE,177.91,2026-02-12T19:00:00,QR
WAL_0a266c13c3,U_204e208c92,SPEND,-2004.65,DE,-1826.74,2026-02-21T15:00:00,QR
WAL_1a7a04bde4,U_204e208c92,LOAD,24001.03,DE,22174.29,2026-02-11T10:00:00,APP
WAL_e30a232d1d,U_204e208c92,SPEND,-1965.01,DE,20209.28,2026-02-11T16:00:00,QR
WAL_35272964a9,U_2655803a6b,LOAD,10033.91,LK,10033.91,2024-10-27T01:00:00,APP
WAL_af2a19a65b,U_2655803a6b,SPEND,-1195.7,LK,8838.21,2024-10-27T01:00:00,QR
WAL_42773efd63,U_2655803a6b,SPEND,-1969.72,LK,6868.49,2024-10-29T04:00:00,QR
WAL_2ef54379ac,U_2655803a6b,SPEND,-1838.54,LK,5029.95,2024-10-29T19:00:00,QR
WAL_fc1c75ea00,U_2655803a6b,SPEND,-3965.47,LK,1064.48,2024-10-26T08:00:00,QR
WAL_56f07bfb61,U_2655803a6b,SPEND,-2315.38,LK,-1250.9,2024-10-26T10:00:00,QR
WAL_2b03b7a6c6,U_2655803a6b,LOAD,18075.78,LK,16824.89,2024-10-27T16:00:00,APP
WAL_5371be7eb0,U_2655803a6b,SPEND,-959.58,LK,15865.31,2024-10-27T16:00:00,QR
WAL_dd0cefb869,U_2655803a6b,SPEND,-2081.8,LK,13783.51,2024-10-27T16:00:00,QR
WAL_d98fd72e94,U_2655803a6b,SPEND,-986.63,LK,12796.88,2024-10-29T15:00:00,QR
WAL_c2bdbf9bc9,U_2655803a6b,SPEND,-3575.37,LK,9221.51,2024-10-26T10:00:00,QR
WAL_429e64a136,U_2655803a6b,SPEND,-1411.01,LK,7810.5,2024-10-26T06:00:00,QR
WAL_8c265b294e,U_2655803a6b,LOAD,8068.0,LK,8068.0,2025-08-22T16:00:00,APP
WAL_be0534d24b,U_2655803a6b,SPEND,-983.06,LK,7084.94,2025-08-22T16:00:00,QR
WAL_b18198bda2,U_2655803a6b,SPEND,-1133.14,LK,5951.8,2025-08-13T20:00:00,QR
WAL_73e3bd1858,U_2655803a6b,SPEND,-1598.97,LK,4352.83,2025-08-23T21:00:00,QR
WAL_11c1759751,U_2655803a6b,SPEND,-1147.5,LK,3205.33,2025-08-19T09:00:00,QR
WAL_a9072e95d9,U_2655803a6b,SPEND,-2082.34,LK,1122.99,2025-08-12T21:00:00,QR
WAL_a2f8ff7d1d,U_2655803a6b,SPEND,-1026.56,LK,96.43,2025-08-14T01:00:00,QR
WAL_6d873e6620,U_d6f1469e53,LOAD,2718.97,AE,2718.97,2026-04-21T16:00:00,APP
WAL_5a97ca1f53,U_d6f1469e53,SPEND,-2205.99,AE,512.98,2026-04-21T16:00:00,QR
WAL_8e82fae6f5,U_d6f1469e53,SPEND,-1796.16,AE,-1283.18,2026-04-16T07:00:00,QR
WAL_1104f684a1,U_d6f1469e53,LOAD,12519.44,AE,11236.26,2026-04-14T05:00:00,APP
WAL_9db2d4844e,U_d6f1469e53,SPEND,-1533.22,AE,9703.04,2026-04-14T05:00:00,QR
WAL_ac68059d6e,U_d6f1469e53,SPEND,-1843.76,AE,7859.28,2026-04-15T14:00:00,QR
WAL_02be143165,U_d6f1469e53,SPEND,-973.36,AE,6885.92,2026-04-22T01:00:00,QR
WAL_017332f662,U_d6f1469e53,SPEND,-1746.54,AE,5139.38,2026-04-13T20:00:00,QR
WAL_09cfc471bb,U_d6f1469e53,SPEND,-1453.82,AE,3685.56,2026-04-12T07:00:00,QR
WAL_f3eff1c9a1,U_d6f1469e53,SPEND,-1665.25,AE,2020.31,2026-04-17T20:00:00,QR
WAL_8a95c74812,U_d6f1469e53,SPEND,-2196.43,AE,-176.12,2026-04-16T16:00:00,QR
WAL_ddfd9f2c4f,U_d6f1469e53,LOAD,4664.64,AE,4488.53,2026-04-16T15:00:00,APP
WAL_e681d683e1,U_d6f1469e53,SPEND,-861.19,AE,3627.34,2026-04-25T06:00:00,QR
WAL_b8725744db,U_d6f1469e53,LOAD,14666.37,AE,14666.37,2025-12-26T20:00:00,APP
WAL_d31aac2d99,U_d6f1469e53,SPEND,-1589.57,AE,13076.8,2025-12-26T20:00:00,QR
WAL_e06efe841a,U_d6f1469e53,SPEND,-6523.14,AE,6553.66,2025-12-26T11:00:00,QR
WAL_bbe6fcc198,U_d6f1469e53,SPEND,-1400.63,AE,5153.03,2025-12-26T17:00:00,QR
WAL_73b82b9bc8,U_d6f1469e53,SPEND,-1418.98,AE,3734.05,2025-12-27T10:00:00,QR
WAL_95a6c6134b,U_d6f1469e53,SPEND,-1892.14,AE,1841.91,2025-12-28T23:00:00,QR
WAL_a650d74153,U_f5b9628a36,LOAD,3700.58,REST,3700.58,2026-04-08T13:00:00,APP
WAL_7ecf2bd6dd,U_f5b9628a36,SPEND,-1487.78,REST,2212.8,2026-04-08T13:00:00,QR
WAL_3384611f9d,U_f5b9628a36,SPEND,-1348.14,REST,864.66,2026-04-09T13:00:00,QR
WAL_dea34b9be2,U_f5b9628a36,SPEND,-1376.29,REST,-511.63,2026-04-07T01:00:00,QR
WAL_78631ac7f0,U_f5b9628a36,LOAD,7272.59,REST,6760.96,2026-04-07T05:00:00,APP
WAL_2ed354d3d0,U_f5b9628a36,SPEND,-708.69,REST,6052.27,2026-04-08T17:00:00,QR
WAL_34d273f0d6,U_f5b9628a36,SPEND,-1429.24,REST,4623.03,2026-04-09T14:00:00,QR
WAL_a122fb6303,U_f5b9628a36,SPEND,-1371.43,REST,3251.6,2026-04-07T13:00:00,QR
WAL_0697f17a6d,U_5f1109299b,LOAD,13906.94,BD,13906.94,2025-01-16T06:00:00,APP
WAL_00b1f6f3d3,U_5f1109299b,SPEND,-1887.47,BD,12019.47,2025-01-16T06:00:00,QR
WAL_f0ac862558,U_5f1109299b,SPEND,-1283.67,BD,10735.8,2025-01-17T12:00:00,QR
WAL_ba6331ae00,U_5f1109299b,SPEND,-1319.3,BD,9416.5,2025-01-14T10:00:00,QR
WAL_7b495e875d,U_5f1109299b,LOAD,18646.64,BD,18646.64,2024-11-08T11:00:00,APP
WAL_cece93304c,U_5f1109299b,SPEND,-3014.96,BD,15631.68,2024-11-08T11:00:00,QR
WAL_1763ea560e,U_5f1109299b,SPEND,-1167.37,BD,14464.31,2024-11-09T23:00:00,QR
WAL_c54a0e5edc,U_5f1109299b,SPEND,-1359.23,BD,13105.08,2024-11-03T00:00:00,QR
WAL_13bdce233b,U_5f1109299b,SPEND,-1525.58,BD,11579.5,2024-11-06T02:00:00,QR
WAL_52bcb58d72,U_5f1109299b,LOAD,7013.54,BD,7013.54,2025-04-15T00:00:00,APP
WAL_a4b5e27a56,U_5f1109299b,SPEND,-607.79,BD,6405.75,2025-04-15T00:00:00,QR
WAL_34ba429431,U_5f1109299b,SPEND,-1645.66,BD,4760.09,2025-04-05T21:00:00,QR
WAL_ca5f81c979,U_5f1109299b,SPEND,-3016.68,BD,1743.41,2025-04-02T12:00:00,QR
WAL_87b1eb983b,U_5f1109299b,SPEND,-2549.51,BD,-806.1,2025-04-15T00:00:00,QR
WAL_8cfc9220cf,U_5f1109299b,LOAD,22580.09,BD,21773.99,2025-04-15T13:00:00,APP
WAL_a70d6d7477,U_5f1109299b,SPEND,-1732.4,BD,20041.59,2025-04-15T13:00:00,QR
WAL_1e8ef2d079,U_5f1109299b,SPEND,-1812.55,BD,18229.04,2025-04-06T02:00:00,QR
WAL_37d230c90a,U_27ed48554d,LOAD,10372.91,DE,10372.91,2026-03-08T08:00:00,APP
WAL_7a963f6ffa,U_27ed48554d,SPEND,-1572.92,DE,8799.99,2026-03-08T08:00:00,QR
WAL_5d3d6da0d1,U_27ed48554d,SPEND,-592.81,DE,8207.18,2026-03-07T14:00:00,QR
WAL_95aa7a132d,U_27ed48554d,SPEND,-674.23,DE,7532.95,2026-03-08T13:00:00,QR
WAL_d310f2a06b,U_27ed48554d,SPEND,-1633.73,DE,5899.22,2026-03-09T11:00:00,QR
WAL_1d4bb54967,U_27ed48554d,SPEND,-2022.41,DE,3876.81,2026-03-06T08:00:00,QR
WAL_28b399f0ac,U_27ed48554d,SPEND,-2607.0,DE,1269.81,2026-03-07T11:00:00,QR
WAL_41c650c80e,U_27ed48554d,LOAD,12845.73,DE,12845.73,2026-07-08T03:00:00,APP
WAL_82958a567b,U_27ed48554d,SPEND,-675.34,DE,12170.39,2026-07-09T07:00:00,QR
WAL_8439e21dfe,U_27ed48554d,SPEND,-1599.3,DE,10571.09,2026-07-07T23:00:00,QR
WAL_531b37cf20,U_27ed48554d,SPEND,-1570.73,DE,9000.36,2026-07-20T10:00:00,QR
WAL_a273609f58,U_27ed48554d,SPEND,-3032.79,DE,5967.57,2026-07-19T13:00:00,QR
WAL_e4e459c295,U_27ed48554d,SPEND,-446.96,DE,5520.61,2026-07-20T08:00:00,QR
WAL_7d49f8996f,U_27ed48554d,SPEND,-799.98,DE,4720.63,2026-07-17T18:00:00,QR
WAL_6575a66be4,U_f24b4468e0,LOAD,12790.57,CA,12790.57,2025-09-22T13:00:00,APP
WAL_acfa4cb73b,U_f24b4468e0,SPEND,-725.11,CA,12065.46,2025-09-22T13:00:00,QR
WAL_8048c5f270,U_f24b4468e0,SPEND,-957.63,CA,11107.83,2025-09-20T15:00:00,QR
WAL_dacf294c92,U_f24b4468e0,SPEND,-668.97,CA,10438.86,2025-09-15T07:00:00,QR
WAL_20b81926c3,U_f24b4468e0,LOAD,16763.35,CA,16763.35,2025-07-06T21:00:00,APP
WAL_c1250bc6b1,U_f24b4468e0,SPEND,-1254.88,CA,15508.47,2025-07-06T21:00:00,QR
WAL_1c8259b2af,U_f24b4468e0,SPEND,-1960.38,CA,13548.09,2025-07-05T21:00:00,QR
WAL_a032addbaa,U_f24b4468e0,SPEND,-2851.66,CA,10696.43,2025-06-30T13:00:00,QR
WAL_ffb4faa374,U_f24b4468e0,SPEND,-1406.3,CA,9290.13,2025-06-22T07:00:00,QR
WAL_8f7ce3ffad,U_f24b4468e0,SPEND,-978.37,CA,8311.76,2025-07-06T23:00:00,QR
WAL_48f39f0248,U_f24b4468e0,SPEND,-1345.31,CA,6966.45,2025-07-05T18:00:00,QR
WAL_89b67e6e38,U_7e7076d32a,LOAD,22280.43,AU,22280.43,2024-09-03T17:00:00,APP
WAL_875c042f82,U_7e7076d32a,SPEND,-1247.24,AU,21033.19,2024-09-03T17:00:00,QR
WAL_1197711965,U_7e7076d32a,SPEND,-2089.38,AU,18943.81,2024-08-25T18:00:00,QR
WAL_146a7f578c,U_7e7076d32a,SPEND,-1528.94,AU,17414.87,2024-09-10T00:00:00,QR
WAL_2f2cf944b0,U_ea723184a3,LOAD,14682.68,REST,14682.68,2025-11-16T00:00:00,APP
WAL_5f86a62cf8,U_ea723184a3,SPEND,-986.17,REST,13696.51,2025-11-15T13:00:00,QR
WAL_2f1be19aca,U_ea723184a3,SPEND,-692.13,REST,13004.38,2025-11-15T04:00:00,QR
WAL_b53106aa26,U_ea723184a3,SPEND,-4909.96,REST,8094.42,2025-11-14T12:00:00,QR
WAL_669e2fd373,U_ea723184a3,SPEND,-551.9,REST,7542.52,2025-11-13T18:00:00,QR
WAL_d8f0867726,U_ea723184a3,SPEND,-1066.19,REST,6476.33,2025-11-16T18:00:00,QR
WAL_7e71be151d,U_ea723184a3,SPEND,-1000.49,REST,5475.84,2025-11-14T19:00:00,QR
WAL_b3fb97a6e3,U_ea723184a3,SPEND,-1461.71,REST,4014.13,2025-11-12T01:00:00,QR
WAL_e40375b8d0,U_ea723184a3,SPEND,-1426.81,REST,2587.32,2025-11-15T11:00:00,QR
WAL_64675eb2e2,U_4241bf44e2,LOAD,10799.21,REST,10799.21,2025-01-10T08:00:00,APP
WAL_162ead1352,U_4241bf44e2,SPEND,-1940.26,REST,8858.95,2025-01-10T08:00:00,QR
WAL_fd20c422f7,U_4241bf44e2,SPEND,-843.68,REST,8015.27,2025-01-09T23:00:00,QR
WAL_a43aa0bd14,U_4241bf44e2,SPEND,-1667.25,REST,6348.02,2025-01-06T16:00:00,QR
WAL_f99ac0fb0d,U_4241bf44e2,LOAD,13730.07,REST,13730.07,2025-08-25T08:00:00,APP
WAL_1cd8deb22a,U_4241bf44e2,SPEND,-1235.55,REST,12494.52,2025-08-17T22:00:00,QR
WAL_ebde518952,U_4241bf44e2,SPEND,-807.24,REST,11687.28,2025-08-22T15:00:00,QR
WAL_38ae26056e,U_4241bf44e2,SPEND,-1074.43,REST,10612.85,2025-08-29T08:00:00,QR
WAL_e4582a6f1c,U_4241bf44e2,SPEND,-1376.88,REST,9235.97,2025-08-17T20:00:00,QR
WAL_4bfb238f9c,U_4241bf44e2,SPEND,-1693.93,REST,7542.04,2025-08-26T05:00:00,QR
WAL_579e9d7048,U_4241bf44e2,SPEND,-1739.72,REST,5802.32,2025-08-25T07:00:00,QR
WAL_f9fa6cf49b,U_4241bf44e2,SPEND,-1637.65,REST,4164.67,2025-08-22T15:00:00,QR
WAL_b330ec66f5,U_4241bf44e2,SPEND,-1347.26,REST,2817.41,2025-08-19T10:00:00,QR
WAL_aa79296c6e,U_4241bf44e2,SPEND,-1524.56,REST,1292.85,2025-08-23T21:00:00,QR
WAL_3e525597e4,U_8c1e2b08f2,LOAD,11048.87,BD,11048.87,2025-01-27T12:00:00,APP
WAL_2dcda76bef,U_8c1e2b08f2,SPEND,-1125.92,BD,9922.95,2025-01-27T12:00:00,QR
WAL_09e3d677ef,U_8c1e2b08f2,SPEND,-1467.11,BD,8455.84,2025-01-25T18:00:00,QR
WAL_b49f4e4c3a,U_8c1e2b08f2,SPEND,-738.02,BD,7717.82,2025-01-27T15:00:00,QR
WAL_abf29ddd0f,U_8c1e2b08f2,SPEND,-434.56,BD,7283.26,2025-01-26T02:00:00,QR
WAL_e99c6a3447,U_8c1e2b08f2,SPEND,-1266.85,BD,6016.41,2025-01-25T21:00:00,QR
WAL_cca9b13689,U_8c1e2b08f2,SPEND,-3257.21,BD,2759.2,2025-01-26T08:00:00,QR
WAL_5f97a28c90,U_2ba3b43697,LOAD,16126.2,BD,16126.2,2024-10-09T19:00:00,APP
WAL_ab686c03f9,U_2ba3b43697,SPEND,-1922.78,BD,14203.42,2024-10-09T19:00:00,QR
WAL_eb11ca4418,U_2ba3b43697,SPEND,-1174.71,BD,13028.71,2024-10-17T06:00:00,QR
WAL_29040dfc3a,U_2ba3b43697,SPEND,-1368.53,BD,11660.18,2024-10-06T07:00:00,QR
WAL_6665c044e7,U_2ba3b43697,SPEND,-2120.94,BD,9539.24,2024-10-07T12:00:00,QR
WAL_a87977a527,U_2ba3b43697,SPEND,-608.85,BD,8930.39,2024-10-08T11:00:00,QR
WAL_296ce07f5e,U_2ba3b43697,SPEND,-2923.06,BD,6007.33,2024-10-19T12:00:00,QR
WAL_e3b835f687,U_415dca7c39,LOAD,13435.61,AE,13435.61,2025-01-26T12:00:00,APP
WAL_17589fbd0a,U_415dca7c39,SPEND,-2626.07,AE,10809.54,2025-01-26T12:00:00,QR
WAL_d96f2ea546,U_415dca7c39,SPEND,-1410.49,AE,9399.05,2025-01-22T01:00:00,QR
WAL_5a0f5cc364,U_415dca7c39,SPEND,-2354.92,AE,7044.13,2025-01-26T11:00:00,QR
WAL_3c963cd221,U_415dca7c39,SPEND,-2096.88,AE,4947.25,2025-01-25T04:00:00,QR
WAL_3a37244d23,U_415dca7c39,SPEND,-900.35,AE,4046.9,2025-01-25T20:00:00,QR
WAL_7e60d6d723,U_369fb49f8d,LOAD,16021.99,GB,16021.99,2026-04-27T19:00:00,APP
WAL_def9091623,U_369fb49f8d,SPEND,-1354.98,GB,14667.01,2026-04-29T07:00:00,QR
WAL_d8d8363049,U_369fb49f8d,SPEND,-2060.08,GB,12606.93,2026-04-26T19:00:00,QR
WAL_662505b1a7,U_369fb49f8d,LOAD,11073.62,GB,11073.62,2025-12-06T20:00:00,APP
WAL_d65e1aca07,U_369fb49f8d,SPEND,-3432.81,GB,7640.81,2025-12-04T05:00:00,QR
WAL_141eafea1d,U_369fb49f8d,SPEND,-668.94,GB,6971.87,2025-12-05T19:00:00,QR
WAL_713af85c74,U_369fb49f8d,SPEND,-3129.78,GB,3842.09,2025-12-16T16:00:00,QR
WAL_9742a7a97e,U_369fb49f8d,SPEND,-2749.69,GB,1092.4,2025-12-11T16:00:00,QR
WAL_206a693af0,U_369fb49f8d,LOAD,21084.04,GB,21084.04,2024-12-12T13:00:00,APP
WAL_f1a21000ef,U_369fb49f8d,SPEND,-2285.71,GB,18798.33,2024-12-14T12:00:00,QR
WAL_580b92fd2b,U_369fb49f8d,SPEND,-735.99,GB,18062.34,2024-12-05T05:00:00,QR
WAL_228d54e2c5,U_369fb49f8d,LOAD,6691.87,GB,6691.87,2025-09-06T20:00:00,APP
WAL_d2ba85ae29,U_369fb49f8d,SPEND,-2093.45,GB,4598.42,2025-09-02T08:00:00,QR
WAL_8459f53e0d,U_369fb49f8d,SPEND,-1715.5,GB,2882.92,2025-09-10T00:00:00,QR
WAL_b7d78de9d1,U_369fb49f8d,SPEND,-3116.12,GB,-233.2,2025-09-03T11:00:00,QR
WAL_01cad9816f,U_369fb49f8d,LOAD,23202.44,GB,22969.24,2025-09-14T23:00:00,APP
WAL_3fc5b3605c,U_369fb49f8d,SPEND,-929.47,GB,22039.77,2025-09-14T23:00:00,QR
WAL_0a43358827,U_369fb49f8d,SPEND,-1396.07,GB,20643.7,2025-09-02T02:00:00,QR
WAL_844b8185e9,U_369fb49f8d,SPEND,-655.79,GB,19987.91,2025-09-12T19:00:00,QR
WAL_66eb95d781,U_369fb49f8d,SPEND,-692.33,GB,19295.58,2025-09-07T19:00:00,QR
WAL_d011cbfc87,U_369fb49f8d,SPEND,-971.75,GB,18323.83,2025-09-01T13:00:00,QR
WAL_4b7b9c9995,U_369fb49f8d,SPEND,-2421.26,GB,15902.57,2025-09-04T09:00:00,QR
WAL_47e0209150,U_369fb49f8d,SPEND,-1826.13,GB,14076.44,2025-09-01T06:00:00,QR
WAL_baf698c2fd,U_369fb49f8d,SPEND,-1978.16,GB,12098.28,2025-09-14T11:00:00,QR
WAL_41938c5553,U_369fb49f8d,SPEND,-1017.69,GB,11080.59,2025-09-03T21:00:00,QR
WAL_6f0e3d3b54,U_748b149c78,LOAD,10325.83,US,10325.83,2025-07-23T19:00:00,APP
WAL_5c1f83be62,U_748b149c78,SPEND,-1683.66,US,8642.17,2025-07-23T19:00:00,QR
WAL_91ed934e26,U_748b149c78,SPEND,-695.86,US,7946.31,2025-07-25T14:00:00,QR
WAL_75c3d2d712,U_748b149c78,SPEND,-1081.93,US,6864.38,2025-07-24T03:00:00,QR
WAL_81cd34551b,U_748b149c78,SPEND,-1704.62,US,5159.76,2025-07-26T10:00:00,QR
WAL_7a4839d0aa,U_748b149c78,SPEND,-1592.23,US,3567.53,2025-07-21T11:00:00,QR
WAL_e6f3f00a7c,U_748b149c78,SPEND,-1985.8,US,1581.73,2025-08-01T11:00:00,QR
WAL_4f26ed5cef,U_748b149c78,SPEND,-2188.65,US,-606.92,2025-07-24T05:00:00,QR
WAL_2fe0cde17b,U_748b149c78,LOAD,3146.83,US,2539.91,2025-07-29T12:00:00,APP
WAL_05e7e1ad13,U_748b149c78,SPEND,-1847.1,US,692.81,2025-07-24T18:00:00,QR
WAL_71532765ee,U_748b149c78,SPEND,-2200.45,US,-1507.64,2025-07-21T06:00:00,QR
WAL_ee7c944aca,U_748b149c78,LOAD,3701.97,US,2194.33,2025-07-27T14:00:00,APP
WAL_8003d94e5e,U_748b149c78,SPEND,-630.93,US,1563.4,2025-07-27T14:00:00,QR
WAL_8ea68f987d,U_748b149c78,SPEND,-815.72,US,747.68,2025-08-01T18:00:00,QR
WAL_77a02c981d,U_748b149c78,SPEND,-2188.49,US,-1440.81,2025-07-24T08:00:00,QR
WAL_44a136c260,U_748b149c78,LOAD,18582.9,US,17142.1,2025-07-29T05:00:00,APP
WAL_b63d7a6335,U_748b149c78,SPEND,-5492.55,US,11649.55,2025-07-29T05:00:00,QR
WAL_354d41612b,U_748b149c78,SPEND,-4100.59,US,7548.96,2025-07-24T00:00:00,QR
WAL_b90a38995e,U_748b149c78,SPEND,-2008.48,US,5540.48,2025-08-01T05:00:00,QR
WAL_1c69fe17f7,U_fbbe142cd9,LOAD,9382.42,US,9382.42,2026-06-10T12:00:00,APP
WAL_81fc4c453a,U_fbbe142cd9,SPEND,-807.73,US,8574.69,2026-06-10T12:00:00,QR
WAL_f3cd17a43a,U_fbbe142cd9,SPEND,-3089.88,US,5484.81,2026-06-15T18:00:00,QR
WAL_da3c1e62cc,U_fbbe142cd9,SPEND,-1741.82,US,3742.99,2026-05-30T21:00:00,QR
WAL_a072c978b8,U_fbbe142cd9,SPEND,-1262.06,US,2480.93,2026-06-01T04:00:00,QR
WAL_e882d3f029,U_fbbe142cd9,SPEND,-1291.14,US,1189.79,2026-06-13T12:00:00,QR
WAL_f12da1952d,U_fbbe142cd9,SPEND,-2625.32,US,-1435.53,2026-06-11T13:00:00,QR
WAL_7b5b88cda5,U_fbbe142cd9,LOAD,19928.82,US,18493.29,2026-06-02T00:00:00,APP
WAL_8a04e69d5a,U_fbbe142cd9,SPEND,-1441.94,US,17051.35,2026-05-30T06:00:00,QR
WAL_cc307fedcb,U_fbbe142cd9,SPEND,-1144.89,US,15906.46,2026-06-05T18:00:00,QR
WAL_ba59653bf2,U_fbbe142cd9,SPEND,-1549.58,US,14356.88,2026-06-08T03:00:00,QR
WAL_96869b34a8,U_fbbe142cd9,SPEND,-1324.03,US,13032.85,2026-06-11T04:00:00,QR
WAL_8db5b94d1a,U_fbbe142cd9,SPEND,-2619.25,US,10413.6,2026-06-13T18:00:00,QR
WAL_4bfd0963d2,U_fbbe142cd9,SPEND,-1546.25,US,8867.35,2026-06-14T20:00:00,QR
WAL_6b345d3b7e,U_3bc4be5637,LOAD,12057.61,CA,12057.61,2025-07-08T05:00:00,APP
WAL_8fd9b35d19,U_3bc4be5637,SPEND,-2695.11,CA,9362.5,2025-07-08T05:00:00,QR
WAL_e54c8dccc1,U_3bc4be5637,SPEND,-901.36,CA,8461.14,2025-07-02T04:00:00,QR
WAL_13ee9c2586,U_3bc4be5637,SPEND,-1078.35,CA,7382.79,2025-06-20T19:00:00,QR
WAL_861fb8794a,U_3bc4be5637,SPEND,-955.02,CA,6427.77,2025-06-28T00:00:00,QR
WAL_c9a91472ae,U_3bc4be5637,SPEND,-945.55,CA,5482.22,2025-07-01T09:00:00,QR
WAL_d7c7868154,U_3bc4be5637,SPEND,-874.27,CA,4607.95,2025-07-07T17:00:00,QR
WAL_ede56185da,U_3bc4be5637,SPEND,-1796.26,CA,2811.69,2025-06-24T18:00:00,QR
WAL_b361b1b64c,U_324cc4c51b,LOAD,10636.45,REST,10636.45,2024-11-26T07:00:00,APP
WAL_b60c67dd80,U_324cc4c51b,SPEND,-1364.14,REST,9272.31,2024-11-27T23:00:00,QR
WAL_36f9c53685,U_324cc4c51b,LOAD,17616.08,REST,17616.08,2025-04-17T20:00:00,APP
WAL_49954ec74c,U_324cc4c51b,SPEND,-1637.16,REST,15978.92,2025-04-17T20:00:00,QR
WAL_001e8b77dc,U_c2821ee1e6,LOAD,23830.51,REST,23830.51,2024-10-30T23:00:00,APP
WAL_8d86e966cd,U_c2821ee1e6,SPEND,-3804.39,REST,20026.12,2024-10-30T23:00:00,QR
WAL_9e07717724,U_c2821ee1e6,SPEND,-1167.5,REST,18858.62,2024-11-04T03:00:00,QR
WAL_f89636adf2,U_c2821ee1e6,SPEND,-3092.28,REST,15766.34,2024-11-02T21:00:00,QR
WAL_aa445e7986,U_c2821ee1e6,SPEND,-924.94,REST,14841.4,2024-11-03T20:00:00,QR
WAL_bdc6544221,U_c2821ee1e6,LOAD,3864.49,REST,3864.49,2025-04-05T11:00:00,APP
WAL_97e12f9355,U_c2821ee1e6,SPEND,-998.04,REST,2866.45,2025-04-04T04:00:00,QR
WAL_92be7fc33d,U_c2821ee1e6,SPEND,-1047.85,REST,1818.6,2025-03-28T09:00:00,QR
WAL_40d0234287,U_c2821ee1e6,SPEND,-1460.12,REST,358.48,2025-04-03T05:00:00,QR
WAL_0449a0523a,U_c2821ee1e6,LOAD,7743.27,REST,7743.27,2024-10-08T00:00:00,APP
WAL_c35ce267f1,U_c2821ee1e6,SPEND,-669.09,REST,7074.18,2024-10-08T00:00:00,QR
WAL_e5a9cef90f,U_c2821ee1e6,SPEND,-694.1,REST,6380.08,2024-09-30T22:00:00,QR
WAL_5f7bf1e3ea,U_c2821ee1e6,SPEND,-2811.26,REST,3568.82,2024-10-04T18:00:00,QR
WAL_b895d41117,U_c2821ee1e6,SPEND,-1988.97,REST,1579.85,2024-10-05T04:00:00,QR
WAL_c63e43c342,U_c2821ee1e6,SPEND,-1625.68,REST,-45.83,2024-10-18T08:00:00,QR
WAL_f95ae5608f,U_1a65f8f882,LOAD,20796.08,CA,20796.08,2026-04-29T02:00:00,APP
WAL_5d81afe386,U_1a65f8f882,SPEND,-664.07,CA,20132.01,2026-05-15T06:00:00,QR
WAL_7568cc965b,U_1a65f8f882,SPEND,-3395.71,CA,16736.3,2026-05-02T22:00:00,QR
WAL_8700b6fc9f,U_d3e7484fed,LOAD,5924.41,BD,5924.41,2026-07-03T23:00:00,APP
WAL_7300885b85,U_d3e7484fed,SPEND,-1393.26,BD,4531.15,2026-07-03T23:00:00,QR
WAL_fff4d9bedc,U_d3e7484fed,SPEND,-2370.54,BD,2160.61,2026-07-08T09:00:00,QR
WAL_ed1f5337a3,U_d3e7484fed,SPEND,-849.72,BD,1310.89,2026-07-02T02:00:00,QR
WAL_b75086aae9,U_d3e7484fed,LOAD,12606.32,BD,12606.32,2026-06-25T21:00:00,APP
WAL_60f6cc2874,U_d3e7484fed,SPEND,-4155.58,BD,8450.74,2026-06-25T21:00:00,QR
WAL_496eea3e5a,U_d3e7484fed,SPEND,-1380.2,BD,7070.54,2026-06-24T11:00:00,QR
WAL_3cfb83fb2a,U_d3e7484fed,LOAD,17088.32,BD,17088.32,2024-10-28T18:00:00,APP
WAL_191b322d45,U_d3e7484fed,SPEND,-1321.16,BD,15767.16,2024-10-28T18:00:00,QR
WAL_7e9244cae2,U_d3e7484fed,SPEND,-343.39,BD,15423.77,2024-10-27T22:00:00,QR
WAL_6b033ad08d,U_d3e7484fed,SPEND,-797.06,BD,14626.71,2024-10-29T22:00:00,QR
WAL_2b1006724f,U_d3e7484fed,SPEND,-1641.44,BD,12985.27,2024-10-24T18:00:00,QR
WAL_fdce824969,U_d3e7484fed,SPEND,-2775.67,BD,10209.6,2024-10-29T16:00:00,QR
WAL_3063405def,U_9ed39cb8af,LOAD,11697.55,AU,11697.55,2026-01-10T05:00:00,APP
WAL_6a02b8374f,U_9ed39cb8af,SPEND,-1616.66,AU,10080.89,2026-01-10T05:00:00,QR
WAL_1f016d4482,U_9ed39cb8af,SPEND,-820.96,AU,9259.93,2026-01-10T06:00:00,QR
WAL_feed776c57,U_9ed39cb8af,SPEND,-1385.31,AU,7874.62,2026-01-09T02:00:00,QR
WAL_12b0c3ac42,U_9ed39cb8af,SPEND,-2533.83,AU,5340.79,2026-01-11T17:00:00,QR
WAL_9e1363bebc,U_9ed39cb8af,SPEND,-1074.45,AU,4266.34,2026-01-08T04:00:00,QR
WAL_9af74a883f,U_9ed39cb8af,LOAD,11829.44,AU,11829.44,2026-06-11T17:00:00,APP
WAL_1e39f78a44,U_9ed39cb8af,SPEND,-1002.75,AU,10826.69,2026-06-11T17:00:00,QR
WAL_8cef73d1cc,U_9ed39cb8af,SPEND,-5031.96,AU,5794.73,2026-06-12T01:00:00,QR
WAL_19594df71b,U_9ed39cb8af,SPEND,-1368.98,AU,4425.75,2026-06-12T14:00:00,QR
WAL_4cb8071f24,U_9ed39cb8af,SPEND,-2317.49,AU,2108.26,2026-06-11T23:00:00,QR
WAL_85088c3840,U_9ed39cb8af,SPEND,-1350.14,AU,758.12,2026-06-12T22:00:00,QR
WAL_304e32f7e4,U_c0ec0a2c73,LOAD,14836.83,BD,14836.83,2025-05-27T08:00:00,APP
WAL_c21624f00c,U_c0ec0a2c73,SPEND,-2440.02,BD,12396.81,2025-05-27T08:00:00,QR
WAL_067b35663f,U_c0ec0a2c73,SPEND,-1161.35,BD,11235.46,2025-05-23T16:00:00,QR
WAL_7bdcf72ea4,U_b5ccf96ad2,LOAD,15980.54,AE,15980.54,2025-08-28T00:00:00,APP
WAL_e3b123902b,U_b5ccf96ad2,SPEND,-1554.56,AE,14425.98,2025-08-28T18:00:00,QR
WAL_2085c9b8d3,U_b5ccf96ad2,SPEND,-2624.75,AE,11801.23,2025-08-26T07:00:00,QR
WAL_6fada4a145,U_b5ccf96ad2,SPEND,-2075.23,AE,9726.0,2025-08-18T13:00:00,QR
WAL_82826f60aa,U_b5ccf96ad2,SPEND,-907.36,AE,8818.64,2025-08-24T07:00:00,QR
WAL_ce7c560164,U_b5ccf96ad2,SPEND,-857.07,AE,7961.57,2025-08-23T22:00:00,QR
WAL_b75bd6041e,U_b5ccf96ad2,SPEND,-1236.18,AE,6725.39,2025-08-24T22:00:00,QR
WAL_bd8bbb9d36,U_b5ccf96ad2,LOAD,21566.88,AE,21566.88,2026-06-20T21:00:00,APP
WAL_25a35edeec,U_b5ccf96ad2,SPEND,-2270.09,AE,19296.79,2026-06-15T22:00:00,QR
WAL_cad0eea054,U_b5ccf96ad2,LOAD,21182.73,AE,21182.73,2025-07-29T13:00:00,APP
WAL_830ce50bfa,U_b5ccf96ad2,SPEND,-1116.38,AE,20066.35,2025-07-29T13:00:00,QR
WAL_fa2e71561d,U_b5ccf96ad2,SPEND,-2026.64,AE,18039.71,2025-07-26T08:00:00,QR
WAL_b3dbf9dbeb,U_b5ccf96ad2,SPEND,-1536.61,AE,16503.1,2025-07-26T06:00:00,QR
WAL_c17de5e430,U_b5ccf96ad2,SPEND,-2001.96,AE,14501.14,2025-07-27T04:00:00,QR
WAL_e1d1e50294,U_b5ccf96ad2,SPEND,-2856.06,AE,11645.08,2025-07-28T00:00:00,QR
WAL_059406e09e,U_b5ccf96ad2,SPEND,-1344.84,AE,10300.24,2025-07-28T08:00:00,QR
WAL_ac23548293,U_b5ccf96ad2,SPEND,-1437.76,AE,8862.48,2025-07-26T18:00:00,QR
WAL_953009a1a1,U_fc019250dd,LOAD,24811.31,GB,24811.31,2024-12-06T16:00:00,APP
WAL_7d286a3499,U_fc019250dd,SPEND,-803.61,GB,24007.7,2024-12-06T16:00:00,QR
WAL_5dadf55a60,U_fc019250dd,SPEND,-943.68,GB,23064.02,2024-12-06T07:00:00,QR
WAL_3fcdf78537,U_fc019250dd,SPEND,-1538.41,GB,21525.61,2024-12-04T08:00:00,QR
WAL_ebdc3faef5,U_fc019250dd,SPEND,-872.95,GB,20652.66,2024-12-04T14:00:00,QR
WAL_aba13e9007,U_da8c48f5be,LOAD,18814.15,REST,18814.15,2024-12-01T12:00:00,APP
WAL_f0d26fde6d,U_da8c48f5be,SPEND,-2243.83,REST,16570.32,2024-12-01T21:00:00,QR
WAL_f665e13293,U_bce2d48608,LOAD,20631.8,AU,20631.8,2025-03-05T03:00:00,APP
WAL_c673268b3c,U_bce2d48608,SPEND,-2307.71,AU,18324.09,2025-03-05T03:00:00,QR
WAL_30a85aaa18,U_bce2d48608,SPEND,-402.86,AU,17921.23,2025-03-08T12:00:00,QR
WAL_9967af29b4,U_bce2d48608,SPEND,-3509.18,AU,14412.05,2025-03-10T05:00:00,QR
WAL_df59c91025,U_7717cba634,LOAD,11876.64,MY,11876.64,2026-06-03T09:00:00,APP
WAL_228b06ab60,U_7717cba634,SPEND,-1158.57,MY,10718.07,2026-06-03T09:00:00,QR
WAL_ad15529461,U_7717cba634,SPEND,-666.66,MY,10051.41,2026-05-30T10:00:00,QR
WAL_7935d6fcc2,U_7717cba634,SPEND,-1745.65,MY,8305.76,2026-06-05T11:00:00,QR
WAL_93b4cb6808,U_7717cba634,SPEND,-1068.99,MY,7236.77,2026-05-24T21:00:00,QR
WAL_399d404887,U_7717cba634,SPEND,-2530.36,MY,4706.41,2026-06-06T08:00:00,QR
WAL_934d3b8311,U_7717cba634,SPEND,-584.07,MY,4122.34,2026-05-31T18:00:00,QR
WAL_31ce9dc1ea,U_7717cba634,SPEND,-1347.92,MY,2774.42,2026-05-30T06:00:00,QR
WAL_d350b8f106,U_7717cba634,SPEND,-1521.37,MY,1253.05,2026-06-04T08:00:00,QR
WAL_e0c5a184c1,U_7717cba634,SPEND,-1518.0,MY,-264.95,2026-06-05T22:00:00,QR
WAL_4aa169d343,U_7717cba634,LOAD,12785.35,MY,12785.35,2026-01-23T03:00:00,APP
WAL_fd7c4dc8cf,U_7717cba634,SPEND,-2397.35,MY,10388.0,2026-01-23T03:00:00,QR
WAL_f7f0282a39,U_7717cba634,SPEND,-2712.43,MY,7675.57,2026-01-19T04:00:00,QR
WAL_2bd2fc3ab1,U_7717cba634,SPEND,-2998.18,MY,4677.39,2026-01-20T08:00:00,QR
WAL_855fc24f63,U_7717cba634,SPEND,-705.32,MY,3972.07,2026-01-23T04:00:00,QR
WAL_9ba2928373,U_7717cba634,SPEND,-2306.27,MY,1665.8,2026-01-20T11:00:00,QR
WAL_4c0a9b8c76,U_7717cba634,SPEND,-2402.63,MY,-736.83,2026-01-23T08:00:00,QR
WAL_586db22ff1,U_7717cba634,LOAD,16720.99,MY,15984.16,2026-01-20T22:00:00,APP
WAL_6465684a9c,U_bef0f9dac4,LOAD,17761.44,DE,17761.44,2026-03-07T07:00:00,APP
WAL_39bf670eb6,U_bef0f9dac4,SPEND,-1815.02,DE,15946.42,2026-03-07T07:00:00,QR
WAL_03ad30b7dc,U_bef0f9dac4,SPEND,-1440.03,DE,14506.39,2026-02-20T21:00:00,QR
WAL_8580736f2d,U_bef0f9dac4,SPEND,-1094.63,DE,13411.76,2026-03-05T21:00:00,QR
WAL_7c07f9706c,U_bef0f9dac4,SPEND,-1554.96,DE,11856.8,2026-03-07T22:00:00,QR
WAL_885798b9f6,U_bef0f9dac4,SPEND,-1760.81,DE,10095.99,2026-02-27T01:00:00,QR
WAL_b2713ed8af,U_bef0f9dac4,SPEND,-6212.27,DE,3883.72,2026-02-22T14:00:00,QR
WAL_9282dbd225,U_bef0f9dac4,LOAD,5901.71,DE,5901.71,2026-02-26T21:00:00,APP
WAL_e4c04fdad5,U_bef0f9dac4,SPEND,-1070.48,DE,4831.23,2026-02-26T21:00:00,QR
WAL_bd4e1d1ffd,U_bef0f9dac4,SPEND,-820.2,DE,4011.03,2026-02-26T13:00:00,QR
WAL_b1ae08928a,U_bef0f9dac4,SPEND,-964.17,DE,3046.86,2026-02-24T08:00:00,QR
WAL_5871fe86aa,U_bef0f9dac4,SPEND,-925.9,DE,2120.96,2026-02-23T07:00:00,QR
WAL_f45e7bb490,U_bef0f9dac4,SPEND,-936.1,DE,1184.86,2026-02-24T07:00:00,QR
WAL_bad33959c9,U_bef0f9dac4,LOAD,20793.21,DE,20793.21,2026-04-24T16:00:00,APP
WAL_3c5ffc9fe5,U_bef0f9dac4,SPEND,-2211.91,DE,18581.3,2026-04-24T16:00:00,QR
WAL_af3b9f9043,U_bef0f9dac4,SPEND,-974.48,DE,17606.82,2026-04-28T22:00:00,QR
WAL_82f4e34d6a,U_bef0f9dac4,LOAD,17268.35,DE,17268.35,2025-04-24T18:00:00,APP
WAL_fe5be3c67a,U_bef0f9dac4,SPEND,-852.72,DE,16415.63,2025-04-24T18:00:00,QR
WAL_0ee2684930,U_bef0f9dac4,SPEND,-2217.1,DE,14198.53,2025-04-28T01:00:00,QR
WAL_0af6120e65,U_bef0f9dac4,SPEND,-1723.06,DE,12475.47,2025-05-11T03:00:00,QR
WAL_3ce2d4d409,U_bef0f9dac4,SPEND,-1150.81,DE,11324.66,2025-05-09T19:00:00,QR
WAL_7b5295c2e3,U_bef0f9dac4,SPEND,-1135.7,DE,10188.96,2025-05-01T05:00:00,QR
WAL_60825aa666,U_bef0f9dac4,SPEND,-1712.86,DE,8476.1,2025-05-04T09:00:00,QR
WAL_2c01f7b4fc,U_bef0f9dac4,SPEND,-3423.59,DE,5052.51,2025-05-09T14:00:00,QR
WAL_02bdbff344,U_bef0f9dac4,SPEND,-665.39,DE,4387.12,2025-04-28T16:00:00,QR
WAL_cd763a4dec,U_bef0f9dac4,SPEND,-1346.49,DE,3040.63,2025-05-05T16:00:00,QR
WAL_f9939e7a8a,U_bef0f9dac4,SPEND,-459.68,DE,2580.95,2025-05-08T09:00:00,QR
WAL_c0e78a1025,U_bef0f9dac4,SPEND,-1487.05,DE,1093.9,2025-05-02T22:00:00,QR
WAL_e83d5a5d61,U_bef0f9dac4,LOAD,24798.66,DE,24798.66,2026-05-03T20:00:00,APP
WAL_93474a961b,U_ce1e0bc474,LOAD,23837.39,FR,23837.39,2024-10-17T00:00:00,APP
WAL_60186da3ff,U_ce1e0bc474,SPEND,-506.99,FR,23330.4,2024-10-17T00:00:00,QR
WAL_5d5e0c55f7,U_ce1e0bc474,SPEND,-356.56,FR,22973.84,2024-10-25T13:00:00,QR
WAL_14c59b2dc7,U_11055e5784,LOAD,6477.63,REST,6477.63,2025-06-21T21:00:00,APP
WAL_57c012935d,U_11055e5784,SPEND,-1467.51,REST,5010.12,2025-06-21T21:00:00,QR
WAL_fb6421c024,U_11055e5784,SPEND,-643.33,REST,4366.79,2025-06-30T22:00:00,QR
WAL_6bcdc01c11,U_11055e5784,SPEND,-4317.41,REST,49.38,2025-06-29T03:00:00,QR
WAL_b5c0f4c279,U_cbe6a74fab,LOAD,20134.43,AE,20134.43,2026-01-13T09:00:00,APP
WAL_7acef6d649,U_cbe6a74fab,SPEND,-729.56,AE,19404.87,2026-01-11T06:00:00,QR
WAL_0dbf379d4b,U_cbe6a74fab,SPEND,-2615.58,AE,16789.29,2026-01-13T21:00:00,QR
WAL_fda0d8a81d,U_cbe6a74fab,LOAD,20556.85,AE,20556.85,2025-02-15T17:00:00,APP
WAL_cfdba461b3,U_cbe6a74fab,SPEND,-2230.44,AE,18326.41,2025-02-15T17:00:00,QR
WAL_512aff9ff6,U_cbe6a74fab,SPEND,-624.44,AE,17701.97,2025-02-15T05:00:00,QR
WAL_0f6cad5752,U_cbe6a74fab,LOAD,9801.26,AE,9801.26,2026-02-23T04:00:00,APP
WAL_849d59b686,U_cbe6a74fab,SPEND,-1220.45,AE,8580.81,2026-02-23T04:00:00,QR
WAL_38868cc05e,U_57179e299c,LOAD,2192.97,SG,2192.97,2024-11-29T02:00:00,APP
WAL_e7f739bf15,U_57179e299c,SPEND,-723.57,SG,1469.4,2024-11-29T02:00:00,QR
WAL_8a4fc49921,U_57179e299c,SPEND,-1881.44,SG,-412.04,2024-11-28T17:00:00,QR
WAL_62f7737f37,U_57179e299c,LOAD,3773.53,SG,3361.48,2024-11-30T09:00:00,APP
WAL_0c16085a4c,U_57179e299c,SPEND,-1461.34,SG,1900.14,2024-11-30T09:00:00,QR
WAL_39a8d7336f,U_57179e299c,LOAD,4575.54,SG,4575.54,2026-02-21T07:00:00,APP
WAL_ef8e08a2b7,U_57179e299c,SPEND,-1057.03,SG,3518.51,2026-03-05T06:00:00,QR
WAL_6fb4a755d7,U_57179e299c,SPEND,-1660.16,SG,1858.35,2026-02-19T22:00:00,QR
WAL_79d8a80407,U_57179e299c,SPEND,-962.02,SG,896.33,2026-02-19T02:00:00,QR
WAL_a0803c6b34,U_57179e299c,SPEND,-3721.93,SG,-2825.6,2026-03-02T08:00:00,QR
WAL_5133443a9f,U_57179e299c,LOAD,20182.54,SG,17356.95,2026-02-17T16:00:00,APP
WAL_83ddc9243f,U_57179e299c,SPEND,-1194.86,SG,16162.09,2026-03-04T18:00:00,QR
WAL_2836ea51fd,U_57179e299c,LOAD,6423.18,SG,6423.18,2025-01-22T22:00:00,APP
WAL_5fb81a0d6b,U_57179e299c,SPEND,-2282.74,SG,4140.44,2025-01-28T09:00:00,QR
WAL_f121ebcdb2,U_57179e299c,SPEND,-3506.92,SG,633.52,2025-01-29T11:00:00,QR
WAL_363dfa94a4,U_57179e299c,SPEND,-537.34,SG,96.18,2025-01-28T09:00:00,QR
WAL_2d7663b6e2,U_57179e299c,SPEND,-976.63,SG,-880.45,2025-01-21T13:00:00,QR
WAL_085aca6117,U_57179e299c,LOAD,2016.23,SG,1135.78,2025-01-24T04:00:00,APP
WAL_b41d6f8663,U_57179e299c,SPEND,-804.27,SG,331.51,2025-01-24T22:00:00,QR
WAL_2dc63b089f,U_57179e299c,SPEND,-940.04,SG,-608.53,2025-01-20T10:00:00,QR
WAL_587109bd4d,U_57179e299c,LOAD,15170.37,SG,14561.84,2025-01-17T00:00:00,APP
WAL_4d248dd136,U_57179e299c,SPEND,-5803.25,SG,8758.59,2025-01-17T00:00:00,QR
WAL_dd54616460,U_57179e299c,SPEND,-1834.0,SG,6924.59,2025-01-28T16:00:00,QR
WAL_6f198b65a8,U_57179e299c,SPEND,-1590.49,SG,5334.1,2025-01-17T20:00:00,QR
WAL_9e1e261c4a,U_57179e299c,SPEND,-886.64,SG,4447.46,2025-01-22T02:00:00,QR
WAL_f51b4e1e68,U_57179e299c,SPEND,-1766.93,SG,2680.53,2025-01-18T15:00:00,QR
WAL_fabba60284,U_57179e299c,SPEND,-1708.45,SG,972.08,2025-01-23T19:00:00,QR
WAL_79d1c76327,U_57179e299c,SPEND,-3548.49,SG,-2576.41,2025-01-23T02:00:00,QR
WAL_a23e4de299,U_e8af19dfc1,LOAD,24849.66,US,24849.66,2025-11-05T05:00:00,APP
WAL_180e4ffa08,U_e8af19dfc1,SPEND,-1421.22,US,23428.44,2025-11-04T10:00:00,QR
WAL_c2c197a66b,U_e8af19dfc1,SPEND,-1375.36,US,22053.08,2025-11-04T02:00:00,QR
WAL_85dc9b7dae,U_e8af19dfc1,SPEND,-1472.45,US,20580.63,2025-11-02T07:00:00,QR
WAL_abbaeaedde,U_e8af19dfc1,SPEND,-4033.34,US,16547.29,2025-11-05T04:00:00,QR
WAL_78fdf3cfb9,U_3e0a0a7d25,LOAD,10827.58,US,10827.58,2025-09-27T14:00:00,APP
WAL_5ca1b89434,U_3e0a0a7d25,SPEND,-953.3,US,9874.28,2025-09-27T14:00:00,QR
WAL_56fd2e1ae7,U_3e0a0a7d25,SPEND,-1566.78,US,8307.5,2025-09-28T00:00:00,QR
WAL_7c397a8d72,U_3e0a0a7d25,SPEND,-1589.57,US,6717.93,2025-10-04T16:00:00,QR
WAL_eb5ee3a355,U_3e0a0a7d25,LOAD,24983.57,US,24983.57,2025-04-16T13:00:00,APP
WAL_33a48a0122,U_3e0a0a7d25,SPEND,-2547.6,US,22435.97,2025-04-09T21:00:00,QR
WAL_8ea490197e,U_3e0a0a7d25,SPEND,-854.94,US,21581.03,2025-04-09T10:00:00,QR
WAL_78a95cdb72,U_3e0a0a7d25,SPEND,-1646.32,US,19934.71,2025-04-07T13:00:00,QR
WAL_d09c063c23,U_3e0a0a7d25,SPEND,-2452.02,US,17482.69,2025-04-15T23:00:00,QR
WAL_3737369502,U_3e0a0a7d25,SPEND,-1529.41,US,15953.28,2025-04-12T12:00:00,QR
WAL_237454def1,U_3e0a0a7d25,SPEND,-898.73,US,15054.55,2025-04-10T18:00:00,QR
WAL_8ffe204e24,U_3e0a0a7d25,SPEND,-934.8,US,14119.75,2025-04-10T12:00:00,QR
WAL_96e7092122,U_3e0a0a7d25,SPEND,-1993.04,US,12126.71,2025-04-03T19:00:00,QR
WAL_9343bc17d7,U_3e0a0a7d25,SPEND,-2202.87,US,9923.84,2025-04-14T08:00:00,QR
WAL_06b9cb85a1,U_3e0a0a7d25,SPEND,-1067.91,US,8855.93,2025-04-08T01:00:00,QR
WAL_2b9e40519e,U_3e0a0a7d25,SPEND,-2797.36,US,6058.57,2025-04-03T06:00:00,QR
WAL_80b389de58,U_3e0a0a7d25,SPEND,-2107.28,US,3951.29,2025-04-03T02:00:00,QR
WAL_f2bd7c270f,U_fdb9b3b0de,LOAD,17926.59,BD,17926.59,2024-11-21T20:00:00,APP
WAL_bd9a056ba8,U_fdb9b3b0de,SPEND,-3307.18,BD,14619.41,2024-12-03T18:00:00,QR
WAL_4dac52769d,U_fdb9b3b0de,SPEND,-1252.93,BD,13366.48,2024-11-22T08:00:00,QR
WAL_ec08426f61,U_fdb9b3b0de,SPEND,-3040.65,BD,10325.83,2024-12-01T14:00:00,QR
WAL_8f7cc8c636,U_fdb9b3b0de,SPEND,-3320.64,BD,7005.19,2024-12-03T22:00:00,QR
WAL_da2976377b,U_fdb9b3b0de,SPEND,-1347.83,BD,5657.36,2024-11-23T03:00:00,QR
WAL_11caff882c,U_fdb9b3b0de,SPEND,-771.47,BD,4885.89,2024-12-01T12:00:00,QR
WAL_ebae343250,U_fdb9b3b0de,SPEND,-1949.93,BD,2935.96,2024-11-27T01:00:00,QR
WAL_b2ef19950f,U_fdb9b3b0de,SPEND,-1656.96,BD,1279.0,2024-11-30T22:00:00,QR
WAL_59d7322d27,U_fdb9b3b0de,SPEND,-1232.98,BD,46.02,2024-11-29T18:00:00,QR
WAL_c54d61885f,U_376de062cc,LOAD,3848.24,GB,3848.24,2026-07-12T00:00:00,APP
WAL_e13d222f43,U_376de062cc,SPEND,-1863.17,GB,1985.07,2026-07-10T21:00:00,QR
WAL_c6a9a66c90,U_376de062cc,SPEND,-988.84,GB,996.23,2026-07-09T20:00:00,QR
WAL_be9bb782c8,U_2e5516ef71,LOAD,14695.86,US,14695.86,2026-06-11T20:00:00,APP
WAL_71c99e67c5,U_2e5516ef71,SPEND,-902.65,US,13793.21,2026-06-11T20:00:00,QR
WAL_628236a9e7,U_2e5516ef71,SPEND,-1270.1,US,12523.11,2026-06-10T19:00:00,QR
WAL_f8c15ea3c4,U_2e5516ef71,SPEND,-1555.22,US,10967.89,2026-06-11T12:00:00,QR
WAL_d8f5b9927f,U_2e5516ef71,SPEND,-1149.04,US,9818.85,2026-06-08T03:00:00,QR
WAL_cd9f7f2a5d,U_2e5516ef71,SPEND,-1472.3,US,8346.55,2026-06-10T18:00:00,QR
WAL_4b0c4e57c6,U_2e5516ef71,SPEND,-1113.32,US,7233.23,2026-06-11T03:00:00,QR
WAL_2329700f21,U_2e5516ef71,SPEND,-1483.32,US,5749.91,2026-06-09T12:00:00,QR
WAL_901b5a0a63,U_f995e7d9cc,LOAD,15370.87,CA,15370.87,2024-10-29T17:00:00,APP
WAL_cbb82e8bf9,U_f995e7d9cc,SPEND,-2165.53,CA,13205.34,2024-11-08T08:00:00,QR
WAL_3fdca30e11,U_f995e7d9cc,SPEND,-526.75,CA,12678.59,2024-10-28T15:00:00,QR
WAL_df98de81f8,U_f995e7d9cc,SPEND,-2307.06,CA,10371.53,2024-10-22T15:00:00,QR
WAL_f911188c91,U_f995e7d9cc,SPEND,-1834.4,CA,8537.13,2024-10-29T19:00:00,QR
WAL_4a5c50b1c5,U_f995e7d9cc,SPEND,-845.87,CA,7691.26,2024-10-25T12:00:00,QR
WAL_b567e8089d,U_f995e7d9cc,SPEND,-2313.31,CA,5377.95,2024-11-09T13:00:00,QR
WAL_e1b04f7736,U_001d56a71b,LOAD,14576.72,REST,14576.72,2025-06-21T08:00:00,APP
WAL_8e34d4f0f6,U_001d56a71b,SPEND,-6367.52,REST,8209.2,2025-06-21T06:00:00,QR
WAL_56f6c77278,U_001d56a71b,SPEND,-839.66,REST,7369.54,2025-06-23T17:00:00,QR
WAL_4890942511,U_001d56a71b,SPEND,-4017.46,REST,3352.08,2025-06-25T05:00:00,QR
WAL_c50dc70927,U_001d56a71b,SPEND,-1969.91,REST,1382.17,2025-06-25T15:00:00,QR
WAL_c2288275a9,U_001d56a71b,SPEND,-1369.24,REST,12.93,2025-06-26T14:00:00,QR
WAL_23e78872d7,U_001d56a71b,SPEND,-2966.39,REST,-2953.46,2025-06-20T18:00:00,QR
WAL_947c2c1fb8,U_001d56a71b,LOAD,20430.99,REST,20430.99,2025-04-11T08:00:00,APP
WAL_fb56980009,U_bc4b5714ab,LOAD,17606.52,AE,17606.52,2024-12-03T21:00:00,APP
WAL_4817a9b90e,U_6937cce1e8,LOAD,24191.29,AU,24191.29,2025-10-15T21:00:00,APP
WAL_73105b4bd3,U_6937cce1e8,SPEND,-2297.21,AU,21894.08,2025-10-15T21:00:00,QR
WAL_9393131776,U_6937cce1e8,SPEND,-1870.98,AU,20023.1,2025-10-20T13:00:00,QR
WAL_f1dc7710b1,U_6937cce1e8,SPEND,-1159.41,AU,18863.69,2025-10-14T03:00:00,QR
WAL_d51471aa91,U_6937cce1e8,SPEND,-2400.94,AU,16462.75,2025-10-14T00:00:00,QR
WAL_fff7d8e86d,U_f737b32d7c,LOAD,10935.22,US,10935.22,2025-11-16T01:00:00,APP
WAL_3d1c72c272,U_f737b32d7c,SPEND,-1429.92,US,9505.3,2025-11-16T01:00:00,QR
WAL_f9cef4f646,U_f737b32d7c,SPEND,-894.65,US,8610.65,2025-11-09T11:00:00,QR
WAL_6a98e4a72c,U_39736268d1,LOAD,12209.98,REST,12209.98,2025-03-18T08:00:00,APP
WAL_4ef8dc1efb,U_39736268d1,SPEND,-913.52,REST,11296.46,2025-03-08T14:00:00,QR
WAL_1f25d6b848,U_39736268d1,SPEND,-3281.39,REST,8015.07,2025-03-14T00:00:00,QR
WAL_250a7f4f71,U_39736268d1,SPEND,-2039.75,REST,5975.32,2025-03-14T15:00:00,QR
WAL_dfa4361b97,U_39736268d1,SPEND,-1021.98,REST,4953.34,2025-03-13T05:00:00,QR
WAL_d5d4ef8f62,U_39736268d1,SPEND,-2074.19,REST,2879.15,2025-03-09T15:00:00,QR
WAL_8a59cde4ad,U_39736268d1,LOAD,3327.07,REST,3327.07,2026-04-24T21:00:00,APP
WAL_d3266d4f76,U_39736268d1,SPEND,-1094.1,REST,2232.97,2026-04-24T21:00:00,QR
WAL_f2cb08e5fa,U_39736268d1,SPEND,-610.09,REST,1622.88,2026-04-26T13:00:00,QR
WAL_a049c6d6ef,U_39736268d1,SPEND,-2202.51,REST,-579.63,2026-04-21T08:00:00,QR
WAL_53cf1151b0,U_39736268d1,LOAD,20625.95,REST,20046.31,2026-05-05T02:00:00,APP
WAL_6beefc469e,U_39736268d1,SPEND,-2200.08,REST,17846.23,2026-05-01T03:00:00,QR
WAL_16d39d25ca,U_39736268d1,SPEND,-2079.87,REST,15766.36,2026-04-26T09:00:00,QR
WAL_e5b404d9a9,U_c19db53dc0,LOAD,2095.93,GB,2095.93,2025-05-12T03:00:00,APP
WAL_d698145c66,U_c19db53dc0,SPEND,-1365.23,GB,730.7,2025-05-12T03:00:00,QR
WAL_6fd82eab37,U_c19db53dc0,SPEND,-1871.39,GB,-1140.69,2025-05-09T22:00:00,QR
WAL_4fd141c716,U_c19db53dc0,LOAD,2150.16,GB,1009.47,2025-05-13T11:00:00,APP
WAL_7c6829941d,U_c19db53dc0,SPEND,-1122.24,GB,-112.77,2025-05-16T10:00:00,QR
WAL_5f52aed483,U_c19db53dc0,LOAD,13061.0,GB,12948.24,2025-05-21T20:00:00,APP
WAL_1bd59c1b57,U_c19db53dc0,SPEND,-3198.29,GB,9749.95,2025-05-21T20:00:00,QR
WAL_7682b3498a,U_c19db53dc0,SPEND,-633.78,GB,9116.17,2025-05-09T15:00:00,QR
WAL_8400e4a95b,U_c19db53dc0,SPEND,-3762.9,GB,5353.27,2025-05-16T15:00:00,QR
WAL_2f82443dce,U_c19db53dc0,SPEND,-3402.83,GB,1950.44,2025-05-11T19:00:00,QR
WAL_428088942c,U_c19db53dc0,LOAD,13771.62,GB,13771.62,2025-11-25T20:00:00,APP
WAL_04a3c510ee,U_c19db53dc0,SPEND,-1131.05,GB,12640.57,2025-11-25T20:00:00,QR
WAL_3bd7801da1,U_c19db53dc0,SPEND,-2398.02,GB,10242.55,2025-11-19T14:00:00,QR
WAL_d6aaa2a1f6,U_c19db53dc0,SPEND,-2645.76,GB,7596.79,2025-11-23T10:00:00,QR
WAL_cc5f2a5805,U_c19db53dc0,SPEND,-1131.41,GB,6465.38,2025-11-27T01:00:00,QR
WAL_f796d88c42,U_c19db53dc0,SPEND,-2006.19,GB,4459.19,2025-11-17T22:00:00,QR
WAL_b6d51b61c3,U_c19db53dc0,SPEND,-1423.71,GB,3035.48,2025-11-15T03:00:00,QR
WAL_eaca52fa14,U_3f12e7682e,LOAD,23194.23,US,23194.23,2025-06-19T15:00:00,APP
WAL_2a26e207df,U_3f12e7682e,SPEND,-1279.9,US,21914.33,2025-06-19T15:00:00,QR
WAL_8b4f3ed6a7,U_3f12e7682e,SPEND,-827.21,US,21087.12,2025-06-29T14:00:00,QR
WAL_46b7bcb873,U_3f12e7682e,SPEND,-888.7,US,20198.42,2025-06-18T02:00:00,QR
WAL_3850a913bd,U_3f12e7682e,SPEND,-1720.55,US,18477.87,2025-06-25T01:00:00,QR
WAL_20fd241050,U_3f12e7682e,SPEND,-1706.75,US,16771.12,2025-06-16T00:00:00,QR
WAL_8353a1268b,U_3f12e7682e,SPEND,-2489.82,US,14281.3,2025-06-25T08:00:00,QR
WAL_f2472ca02c,U_3f12e7682e,SPEND,-508.13,US,13773.17,2025-06-23T07:00:00,QR
WAL_6862245e61,U_439b7042c3,LOAD,5507.38,REST,5507.38,2025-02-16T23:00:00,APP
WAL_00f2b0d35f,U_439b7042c3,SPEND,-1297.47,REST,4209.91,2025-02-14T23:00:00,QR
WAL_7bb584812b,U_439b7042c3,SPEND,-1370.35,REST,2839.56,2025-02-19T20:00:00,QR
WAL_42e1b3627b,U_439b7042c3,SPEND,-830.14,REST,2009.42,2025-02-14T23:00:00,QR
WAL_135e681cd8,U_439b7042c3,SPEND,-842.34,REST,1167.08,2025-02-21T21:00:00,QR
WAL_7faeee7500,U_439b7042c3,SPEND,-884.35,REST,282.73,2025-02-22T03:00:00,QR
WAL_67d62e44a0,U_439b7042c3,SPEND,-954.09,REST,-671.36,2025-02-16T04:00:00,QR
WAL_306e15da09,U_439b7042c3,LOAD,16475.08,REST,15803.72,2025-02-14T08:00:00,APP
WAL_2e73c82304,U_439b7042c3,SPEND,-926.38,REST,14877.34,2025-02-14T09:00:00,QR
WAL_34b18688e2,U_f9270f7c9f,LOAD,4278.07,REST,4278.07,2026-02-17T10:00:00,APP
WAL_331d52a7c7,U_f9270f7c9f,SPEND,-900.85,REST,3377.22,2026-02-17T10:00:00,QR
WAL_30afc700d7,U_f9270f7c9f,SPEND,-2956.49,REST,420.73,2026-02-28T13:00:00,QR
WAL_6ac98e9352,U_f9270f7c9f,SPEND,-1128.41,REST,-707.68,2026-02-21T07:00:00,QR
WAL_2ba1236fcf,U_f9270f7c9f,LOAD,12707.24,REST,11999.56,2026-03-01T21:00:00,APP
WAL_dabad86de9,U_f9270f7c9f,SPEND,-1037.28,REST,10962.28,2026-03-01T21:00:00,QR
WAL_be6519727a,U_f9270f7c9f,SPEND,-1610.46,REST,9351.82,2026-02-26T01:00:00,QR
WAL_42da6e2b4c,U_f9270f7c9f,SPEND,-800.74,REST,8551.08,2026-02-28T11:00:00,QR
WAL_6199daf1df,U_f9270f7c9f,SPEND,-528.02,REST,8023.06,2026-02-16T12:00:00,QR
WAL_a528617b1f,U_f9270f7c9f,SPEND,-1253.89,REST,6769.17,2026-02-22T15:00:00,QR
WAL_390f42b080,U_f9270f7c9f,LOAD,14631.72,REST,14631.72,2026-05-18T03:00:00,APP
WAL_a34d406597,U_f9270f7c9f,SPEND,-1250.28,REST,13381.44,2026-05-05T11:00:00,QR
WAL_6d3b253435,U_f9270f7c9f,SPEND,-3998.67,REST,9382.77,2026-05-11T16:00:00,QR
WAL_99f7b4be53,U_f9270f7c9f,SPEND,-985.67,REST,8397.1,2026-05-03T09:00:00,QR
WAL_47de316fa0,U_f9270f7c9f,SPEND,-2715.65,REST,5681.45,2026-05-09T05:00:00,QR
WAL_1b43bd5bcd,U_5cde8535d9,LOAD,24799.82,MY,24799.82,2026-02-06T07:00:00,APP
WAL_d93deb3b80,U_5cde8535d9,SPEND,-1468.48,MY,23331.34,2026-02-06T07:00:00,QR
WAL_883037c4b3,U_5cde8535d9,SPEND,-627.5,MY,22703.84,2026-02-03T12:00:00,QR
WAL_c0cc2bb000,U_5cde8535d9,SPEND,-457.23,MY,22246.61,2026-01-27T07:00:00,QR
WAL_791c3ba13b,U_5cde8535d9,SPEND,-1796.95,MY,20449.66,2026-02-08T06:00:00,QR
WAL_e44d13e050,U_5cde8535d9,SPEND,-1268.23,MY,19181.43,2026-02-07T09:00:00,QR
WAL_68944c0fe4,U_05f895e700,LOAD,17593.64,US,17593.64,2024-11-11T05:00:00,APP
WAL_543580a701,U_05f895e700,SPEND,-1809.09,US,15784.55,2024-11-11T05:00:00,QR
WAL_e672e2311f,U_05f895e700,SPEND,-789.31,US,14995.24,2024-11-21T15:00:00,QR
WAL_a2f854ff12,U_05f895e700,SPEND,-3009.64,US,11985.6,2024-11-11T02:00:00,QR
WAL_8b0c085398,U_05f895e700,SPEND,-2649.35,US,9336.25,2024-11-15T00:00:00,QR
WAL_1a05c52baa,U_05f895e700,SPEND,-3124.16,US,6212.09,2024-11-07T23:00:00,QR
WAL_7bebce837b,U_323b93c6c5,LOAD,18184.84,AE,18184.84,2025-07-15T16:00:00,APP
WAL_cc8ae3dca6,U_323b93c6c5,SPEND,-1755.89,AE,16428.95,2025-07-12T23:00:00,QR
WAL_c18c30ec21,U_323b93c6c5,SPEND,-4391.59,AE,12037.36,2025-07-12T11:00:00,QR
WAL_153f0739e5,U_323b93c6c5,SPEND,-1388.27,AE,10649.09,2025-07-14T16:00:00,QR
WAL_a3c6d07ecb,U_323b93c6c5,SPEND,-1071.27,AE,9577.82,2025-07-14T08:00:00,QR
WAL_b5cf34d8e6,U_323b93c6c5,SPEND,-1102.56,AE,8475.26,2025-07-15T14:00:00,QR
WAL_5d58d0ab10,U_323b93c6c5,SPEND,-996.37,AE,7478.89,2025-07-15T19:00:00,QR
WAL_3f5a28463d,U_323b93c6c5,LOAD,7009.09,AE,7009.09,2025-12-27T20:00:00,APP
WAL_8b3dea697e,U_323b93c6c5,SPEND,-1955.68,AE,5053.41,2025-12-27T20:00:00,QR
WAL_b7b227bab8,U_323b93c6c5,SPEND,-1565.71,AE,3487.7,2025-12-26T05:00:00,QR
WAL_d53dcc9b33,U_323b93c6c5,SPEND,-1788.55,AE,1699.15,2025-12-15T05:00:00,QR
WAL_6fbb69817b,U_323b93c6c5,SPEND,-1692.36,AE,6.79,2025-12-23T16:00:00,QR
WAL_2d2dbe267e,U_323b93c6c5,SPEND,-1893.13,AE,-1886.34,2025-12-14T20:00:00,QR
WAL_09a681ec66,U_2e54032fb0,LOAD,18261.16,AU,18261.16,2024-09-30T13:00:00,APP
WAL_190e991a76,U_2e54032fb0,SPEND,-1544.41,AU,16716.75,2024-09-30T13:00:00,QR
WAL_1c2ff38d1c,U_2e54032fb0,SPEND,-1794.49,AU,14922.26,2024-09-29T05:00:00,QR
WAL_a0f9aeac8e,U_2e54032fb0,SPEND,-659.67,AU,14262.59,2024-09-26T13:00:00,QR
WAL_86fde67fe3,U_2e54032fb0,LOAD,4691.67,AU,4691.67,2025-03-23T21:00:00,APP
WAL_e000cdf1de,U_2e54032fb0,SPEND,-522.17,AU,4169.5,2025-04-01T14:00:00,QR
WAL_bfda09f538,U_2e54032fb0,SPEND,-4276.57,AU,-107.07,2025-03-19T22:00:00,QR
WAL_4578504779,U_2e54032fb0,LOAD,17621.82,AU,17514.74,2025-04-02T16:00:00,APP
WAL_64d1268fa4,U_2e54032fb0,SPEND,-1458.12,AU,16056.62,2025-04-02T16:00:00,QR
WAL_1a73880ab1,U_2e54032fb0,SPEND,-3165.24,AU,12891.38,2025-04-01T23:00:00,QR
WAL_26f0a8d8b0,U_2e54032fb0,SPEND,-887.66,AU,12003.72,2025-04-03T13:00:00,QR
WAL_e70de99205,U_2e54032fb0,SPEND,-2287.38,AU,9716.34,2025-03-30T05:00:00,QR
WAL_1574a37444,U_9b54ef79ae,LOAD,12157.45,US,12157.45,2026-05-10T10:00:00,APP
WAL_977caf6ddd,U_9b54ef79ae,SPEND,-2636.52,US,9520.93,2026-05-10T10:00:00,QR
WAL_9e23d113b6,U_9b54ef79ae,SPEND,-1498.47,US,8022.46,2026-05-12T12:00:00,QR
WAL_19bfc4c65f,U_9b54ef79ae,SPEND,-1233.81,US,6788.65,2026-05-08T01:00:00,QR
WAL_b6fde0762f,U_9b54ef79ae,SPEND,-2849.65,US,3939.0,2026-05-12T22:00:00,QR
WAL_eaebfebbe9,U_9b54ef79ae,SPEND,-1619.69,US,2319.31,2026-05-14T15:00:00,QR
WAL_a81d92600c,U_9b54ef79ae,SPEND,-1544.74,US,774.57,2026-05-14T00:00:00,QR
WAL_91f231edde,U_9b54ef79ae,SPEND,-1278.11,US,-503.54,2026-05-14T16:00:00,QR
WAL_701a1a9d7a,U_9b54ef79ae,LOAD,20984.8,US,20481.27,2026-05-14T16:00:00,APP
WAL_3a1fb1e72e,U_9b54ef79ae,SPEND,-1226.08,US,19255.19,2026-05-14T03:00:00,QR
WAL_8925d595e0,U_464efca307,LOAD,7327.99,CA,7327.99,2025-08-19T02:00:00,APP
WAL_a50b66a8e8,U_464efca307,SPEND,-3491.45,CA,3836.54,2025-08-19T02:00:00,QR
WAL_3a820cf2ca,U_464efca307,SPEND,-2513.77,CA,1322.77,2025-08-15T11:00:00,QR
WAL_8afae3a245,U_464efca307,SPEND,-887.58,CA,435.19,2025-08-22T19:00:00,QR
WAL_161a9b0938,U_464efca307,SPEND,-2594.27,CA,-2159.08,2025-08-16T04:00:00,QR
WAL_cb7b023c1f,U_a596b70e59,LOAD,2103.57,GB,2103.57,2025-03-03T16:00:00,APP
WAL_b2c48224f0,U_a596b70e59,SPEND,-845.31,GB,1258.26,2025-03-03T16:00:00,QR
WAL_ea41db99b6,U_997107f203,LOAD,12490.31,REST,12490.31,2026-05-21T21:00:00,APP
WAL_5f006af6b1,U_997107f203,SPEND,-2578.57,REST,9911.74,2026-05-21T21:00:00,QR
WAL_298ebac855,U_997107f203,SPEND,-2230.12,REST,7681.62,2026-05-29T19:00:00,QR
WAL_7940e2ccbd,U_997107f203,SPEND,-961.94,REST,6719.68,2026-05-22T23:00:00,QR
WAL_d108ec3494,U_997107f203,SPEND,-1236.3,REST,5483.38,2026-05-26T14:00:00,QR
WAL_7f45878f7a,U_997107f203,SPEND,-4374.37,REST,1109.01,2026-05-22T11:00:00,QR
WAL_3b40eda910,U_997107f203,LOAD,14745.01,REST,14745.01,2024-10-11T15:00:00,APP
WAL_e34897b072,U_997107f203,SPEND,-1551.1,REST,13193.91,2024-10-11T15:00:00,QR
WAL_975b58dc63,U_997107f203,SPEND,-1300.17,REST,11893.74,2024-10-11T03:00:00,QR
WAL_2c81346455,U_997107f203,SPEND,-2059.08,REST,9834.66,2024-10-07T04:00:00,QR
WAL_be95a397eb,U_997107f203,SPEND,-1333.49,REST,8501.17,2024-10-14T06:00:00,QR
WAL_90f1a35f42,U_7b9c7df8cc,LOAD,6689.65,REST,6689.65,2025-06-01T21:00:00,APP
WAL_5ab3f59f84,U_7b9c7df8cc,SPEND,-854.21,REST,5835.44,2025-06-01T21:00:00,QR
WAL_afa552902a,U_7b9c7df8cc,SPEND,-1243.72,REST,4591.72,2025-06-01T00:00:00,QR
WAL_fc4eeea38d,U_7b9c7df8cc,LOAD,12147.17,REST,12147.17,2025-11-20T07:00:00,APP
WAL_adff1517db,U_7b9c7df8cc,SPEND,-904.59,REST,11242.58,2025-11-05T19:00:00,QR
WAL_a2bfbadebd,U_7b9c7df8cc,SPEND,-1659.45,REST,9583.13,2025-11-06T14:00:00,QR
WAL_24529fe354,U_7b9c7df8cc,LOAD,12615.63,REST,12615.63,2026-03-10T11:00:00,APP
WAL_9c8cf552ec,U_7b9c7df8cc,SPEND,-1254.31,REST,11361.32,2026-03-10T11:00:00,QR
WAL_09369aa358,U_7b9c7df8cc,SPEND,-1288.53,REST,10072.79,2026-03-10T14:00:00,QR
WAL_96c05fe498,U_7b9c7df8cc,SPEND,-764.61,REST,9308.18,2026-03-10T07:00:00,QR
WAL_343e1d3fde,U_7b9c7df8cc,SPEND,-1213.91,REST,8094.27,2026-03-02T13:00:00,QR
WAL_a6e9e9dee2,U_7b9c7df8cc,SPEND,-2337.29,REST,5756.98,2026-03-01T12:00:00,QR
WAL_da518642aa,U_7b9c7df8cc,SPEND,-1520.81,REST,4236.17,2026-02-26T10:00:00,QR
WAL_0b7d1da9e3,U_7b9c7df8cc,SPEND,-957.78,REST,3278.39,2026-02-27T11:00:00,QR
WAL_2da49651b1,U_7b9c7df8cc,SPEND,-1159.89,REST,2118.5,2026-03-02T14:00:00,QR
WAL_b46b98650e,U_7b9c7df8cc,SPEND,-2442.46,REST,-323.96,2026-03-16T19:00:00,QR
WAL_4bfe1c88d8,U_7b9c7df8cc,LOAD,24910.67,REST,24586.72,2026-03-12T13:00:00,APP
WAL_4afbd4d859,U_7b9c7df8cc,SPEND,-2631.86,REST,21954.86,2026-02-28T06:00:00,QR
WAL_f3fbd4424b,U_7b9c7df8cc,SPEND,-976.88,REST,20977.98,2026-02-28T14:00:00,QR
WAL_0c67831036,U_7b9c7df8cc,SPEND,-2941.43,REST,18036.55,2026-03-08T08:00:00,QR
WAL_35e7ded910,U_7b9c7df8cc,SPEND,-1693.59,REST,16342.96,2026-03-08T18:00:00,QR
WAL_77e41732c7,U_7b9c7df8cc,SPEND,-491.62,REST,15851.34,2026-03-10T02:00:00,QR
WAL_cfa1d24e93,U_7b9c7df8cc,LOAD,2908.04,REST,2908.04,2025-01-17T16:00:00,APP
WAL_39dc43f129,U_7b9c7df8cc,SPEND,-1979.6,REST,928.44,2025-01-15T17:00:00,QR
WAL_6867d79435,U_627696d94a,LOAD,6595.28,US,6595.28,2026-05-06T06:00:00,APP
WAL_8abbfeb8a8,U_627696d94a,SPEND,-3353.45,US,3241.83,2026-05-06T06:00:00,QR
WAL_fb21a93118,U_627696d94a,SPEND,-904.63,US,2337.2,2026-05-02T02:00:00,QR
WAL_8386d83ade,U_627696d94a,SPEND,-1264.82,US,1072.38,2026-05-04T06:00:00,QR
WAL_9a23147a9c,U_627696d94a,SPEND,-882.0,US,190.38,2026-05-08T18:00:00,QR
WAL_798bfbecb4,U_627696d94a,SPEND,-612.08,US,-421.7,2026-04-29T21:00:00,QR
WAL_52c87cf491,U_627696d94a,LOAD,23486.63,US,23064.94,2026-05-07T08:00:00,APP
WAL_73777cb361,U_627696d94a,SPEND,-419.3,US,22645.64,2026-05-04T10:00:00,QR
WAL_b7d98d32e5,U_627696d94a,SPEND,-1368.61,US,21277.03,2026-05-09T21:00:00,QR
WAL_59e66ba88c,U_864412c4ff,LOAD,18058.45,SG,18058.45,2025-02-06T02:00:00,APP
WAL_938b4b6b4d,U_864412c4ff,SPEND,-2501.39,SG,15557.06,2025-02-15T14:00:00,QR
WAL_7bacc2b18a,U_864412c4ff,SPEND,-1774.95,SG,13782.11,2025-01-31T21:00:00,QR
WAL_356c90d6e0,U_864412c4ff,SPEND,-736.28,SG,13045.83,2025-02-08T21:00:00,QR
WAL_fa953b63b5,U_864412c4ff,SPEND,-691.84,SG,12353.99,2025-02-06T23:00:00,QR
WAL_ad796e86c1,U_864412c4ff,SPEND,-1242.65,SG,11111.34,2025-02-14T11:00:00,QR
WAL_3b76bcb734,U_864412c4ff,SPEND,-1885.43,SG,9225.91,2025-02-04T04:00:00,QR
WAL_319461ebc7,U_864412c4ff,SPEND,-2079.7,SG,7146.21,2025-02-06T14:00:00,QR
WAL_58a56b5aad,U_606f3c3932,LOAD,2377.08,US,2377.08,2025-05-17T02:00:00,APP
WAL_38004ba1d9,U_606f3c3932,SPEND,-716.89,US,1660.19,2025-05-15T07:00:00,QR
WAL_6f809b2290,U_606f3c3932,SPEND,-1712.13,US,-51.94,2025-05-17T05:00:00,QR
WAL_df1139d8be,U_606f3c3932,LOAD,5348.12,US,5296.18,2025-05-17T04:00:00,APP
WAL_f0930a08b2,U_606f3c3932,SPEND,-1518.11,US,3778.07,2025-05-17T04:00:00,QR
WAL_54d040d6d6,U_a637aedc70,LOAD,5560.79,CA,5560.79,2025-09-17T23:00:00,APP
WAL_d26956cb9f,U_a637aedc70,SPEND,-574.05,CA,4986.74,2025-09-17T23:00:00,QR
WAL_441888a895,U_a637aedc70,SPEND,-1045.06,CA,3941.68,2025-09-23T02:00:00,QR
WAL_49ec04365d,U_a637aedc70,SPEND,-2702.1,CA,1239.58,2025-09-20T23:00:00,QR
WAL_80da9bfa3e,U_a637aedc70,SPEND,-1077.5,CA,162.08,2025-09-30T15:00:00,QR
WAL_466c7c52af,U_a637aedc70,SPEND,-649.39,CA,-487.31,2025-09-28T04:00:00,QR
WAL_737dd8f8ec,U_a637aedc70,LOAD,9270.86,CA,8783.54,2025-09-18T05:00:00,APP
WAL_8c474f4740,U_a637aedc70,SPEND,-1897.41,CA,6886.13,2025-10-01T18:00:00,QR
WAL_a4679692aa,U_a637aedc70,SPEND,-1649.81,CA,5236.32,2025-09-16T12:00:00,QR
WAL_aa32716775,U_a637aedc70,SPEND,-2986.84,CA,2249.48,2025-09-17T02:00:00,QR
WAL_f65ce4a4e4,U_a637aedc70,SPEND,-1852.63,CA,396.85,2025-09-28T22:00:00,QR
WAL_b6d4158f7d,U_a637aedc70,SPEND,-2056.69,CA,-1659.84,2025-09-30T08:00:00,QR
WAL_bddd446df1,U_a637aedc70,LOAD,21939.14,CA,21939.14,2026-02-27T20:00:00,APP
WAL_b91ef89443,U_a637aedc70,SPEND,-589.14,CA,21350.0,2026-02-27T20:00:00,QR
WAL_c18b707061,U_a637aedc70,SPEND,-1521.46,CA,19828.54,2026-03-09T23:00:00,QR
WAL_83771b7cab,U_a637aedc70,SPEND,-976.39,CA,18852.15,2026-03-04T13:00:00,QR
WAL_0cc504abb0,U_a637aedc70,SPEND,-2556.67,CA,16295.48,2026-02-26T06:00:00,QR
WAL_59b1502800,U_a637aedc70,SPEND,-1708.64,CA,14586.84,2026-03-03T09:00:00,QR
WAL_7d08e235e7,U_a637aedc70,SPEND,-1175.82,CA,13411.02,2026-03-05T16:00:00,QR
WAL_87aca10250,U_a637aedc70,SPEND,-875.27,CA,12535.75,2026-03-10T15:00:00,QR
WAL_34982f0cdc,U_a637aedc70,SPEND,-2561.8,CA,9973.95,2026-03-05T22:00:00,QR
WAL_7813f4c255,U_a637aedc70,SPEND,-1746.5,CA,8227.45,2026-03-08T12:00:00,QR
WAL_eb8f19165c,U_a637aedc70,SPEND,-2587.87,CA,5639.58,2026-03-10T19:00:00,QR
WAL_8d7fb96ae7,U_8a4f96c4ba,LOAD,6163.11,DE,6163.11,2026-02-11T14:00:00,APP
WAL_9cde8053f1,U_8a4f96c4ba,SPEND,-522.91,DE,5640.2,2026-02-20T01:00:00,QR
WAL_1657447116,U_8a4f96c4ba,SPEND,-928.74,DE,4711.46,2026-02-12T05:00:00,QR
WAL_6402d69336,U_8a4f96c4ba,SPEND,-1314.61,DE,3396.85,2026-02-10T16:00:00,QR
WAL_946333d412,U_91a1ac930e,LOAD,18014.11,GB,18014.11,2024-12-26T05:00:00,APP
WAL_c2020617df,U_91a1ac930e,SPEND,-1455.83,GB,16558.28,2024-12-26T05:00:00,QR
WAL_3aea13f16f,U_91a1ac930e,SPEND,-1546.34,GB,15011.94,2024-12-26T13:00:00,QR
WAL_a13a2062f8,U_91a1ac930e,SPEND,-1528.43,GB,13483.51,2024-12-27T16:00:00,QR
WAL_4dfb0aad3c,U_91a1ac930e,SPEND,-2884.04,GB,10599.47,2024-12-27T13:00:00,QR
WAL_72a268bbc6,U_91a1ac930e,SPEND,-5146.94,GB,5452.53,2024-12-27T11:00:00,QR
WAL_4c614b24fb,U_91a1ac930e,LOAD,10041.1,GB,10041.1,2025-01-21T07:00:00,APP
WAL_6e8d49aeb5,U_91a1ac930e,SPEND,-1685.26,GB,8355.84,2025-01-21T07:00:00,QR
WAL_d938ed7bc6,U_91a1ac930e,SPEND,-692.26,GB,7663.58,2025-01-26T11:00:00,QR
WAL_e11fd4c0e5,U_c1fae3f72f,LOAD,7082.45,US,7082.45,2026-07-06T01:00:00,APP
WAL_b37c7a08d0,U_c1fae3f72f,SPEND,-2206.9,US,4875.55,2026-07-06T01:00:00,QR
WAL_070465e4e7,U_c1fae3f72f,SPEND,-3010.31,US,1865.24,2026-07-06T11:00:00,QR
WAL_8fba7bea96,U_c1fae3f72f,SPEND,-1479.74,US,385.5,2026-06-27T05:00:00,QR
WAL_dd0579b9a3,U_c1fae3f72f,LOAD,12759.44,US,12759.44,2025-01-04T11:00:00,APP
WAL_1f4ac2d317,U_c1fae3f72f,SPEND,-1724.33,US,11035.11,2025-01-04T11:00:00,QR
WAL_2f56d0e799,U_c1fae3f72f,SPEND,-2989.6,US,8045.51,2025-01-14T11:00:00,QR
WAL_40356bc063,U_c1fae3f72f,SPEND,-1978.24,US,6067.27,2025-01-11T02:00:00,QR
WAL_79f0a1b49c,U_c1fae3f72f,SPEND,-2147.76,US,3919.51,2025-01-09T04:00:00,QR
WAL_ed62ea60b8,U_c1fae3f72f,SPEND,-1900.64,US,2018.87,2025-01-08T18:00:00,QR
WAL_07761a56ae,U_c1fae3f72f,SPEND,-1467.09,US,551.78,2025-01-17T17:00:00,QR
WAL_88481fa9f3,U_c1fae3f72f,SPEND,-1728.45,US,-1176.67,2025-01-05T08:00:00,QR
WAL_4ed3e11aa7,U_c1fae3f72f,LOAD,24578.29,US,23401.62,2025-01-03T01:00:00,APP
WAL_ae3b7b1a95,U_c1fae3f72f,SPEND,-2315.85,US,21085.77,2025-01-10T14:00:00,QR
WAL_e3fd37af82,U_c1fae3f72f,SPEND,-740.15,US,20345.62,2025-01-05T18:00:00,QR
WAL_3826cdc2cf,U_c1fae3f72f,LOAD,7099.5,US,7099.5,2024-12-09T22:00:00,APP
WAL_6c6c89bd11,U_c1fae3f72f,SPEND,-2573.14,US,4526.36,2024-12-06T18:00:00,QR
WAL_e93a21f313,U_20f8757b9f,LOAD,15537.34,BD,15537.34,2025-08-16T16:00:00,APP
WAL_5b18a50860,U_20f8757b9f,SPEND,-2650.64,BD,12886.7,2025-08-16T16:00:00,QR
WAL_4a46e8b75e,U_20f8757b9f,SPEND,-1533.7,BD,11353.0,2025-08-21T07:00:00,QR
WAL_a996a343af,U_20f8757b9f,SPEND,-2312.13,BD,9040.87,2025-08-16T18:00:00,QR
WAL_8f1842d75a,U_20f8757b9f,SPEND,-2414.77,BD,6626.1,2025-08-12T14:00:00,QR
WAL_a05d84e7e5,U_20f8757b9f,SPEND,-1359.62,BD,5266.48,2025-08-18T00:00:00,QR
WAL_85cc2aad88,U_20f8757b9f,SPEND,-2383.67,BD,2882.81,2025-08-15T08:00:00,QR
WAL_f54e9ff65e,U_a3304cc8d3,LOAD,20370.08,US,20370.08,2025-08-31T01:00:00,APP
WAL_0475952517,U_a3304cc8d3,SPEND,-1641.65,US,18728.43,2025-08-29T13:00:00,QR
WAL_5527cab9a4,U_a3304cc8d3,SPEND,-1567.23,US,17161.2,2025-08-31T23:00:00,QR
WAL_35fd092f1f,U_a3304cc8d3,SPEND,-1503.94,US,15657.26,2025-08-26T22:00:00,QR
WAL_ba808b4e4d,U_a3304cc8d3,SPEND,-1099.58,US,14557.68,2025-08-27T21:00:00,QR
WAL_188686e5bc,U_a3304cc8d3,SPEND,-1654.31,US,12903.37,2025-08-26T07:00:00,QR
WAL_f6936ceb53,U_a3304cc8d3,SPEND,-2399.32,US,10504.05,2025-08-30T23:00:00,QR
WAL_dfab4ff8dd,U_a3304cc8d3,SPEND,-2068.84,US,8435.21,2025-08-31T07:00:00,QR
WAL_0ca8334851,U_a3304cc8d3,SPEND,-1986.97,US,6448.24,2025-08-26T18:00:00,QR
WAL_aa89690af4,U_a3304cc8d3,SPEND,-1129.2,US,5319.04,2025-08-28T02:00:00,QR
WAL_9001a356e9,U_a3304cc8d3,SPEND,-2058.75,US,3260.29,2025-08-29T10:00:00,QR
WAL_3b0cfb99fc,U_a3304cc8d3,SPEND,-1851.84,US,1408.45,2025-08-31T16:00:00,QR
WAL_03134b3141,U_d4140b33cc,LOAD,12849.07,LK,12849.07,2025-02-10T04:00:00,APP
WAL_39e8222eaf,U_d4140b33cc,SPEND,-1768.96,LK,11080.11,2025-02-06T01:00:00,QR
WAL_4e3ee80835,U_d4140b33cc,SPEND,-1236.1,LK,9844.01,2025-02-07T01:00:00,QR
WAL_729ccdfc83,U_d4140b33cc,SPEND,-1385.22,LK,8458.79,2025-02-06T10:00:00,QR
WAL_a3f0b991f1,U_d4140b33cc,SPEND,-1139.64,LK,7319.15,2025-02-10T22:00:00,QR
WAL_86766dfc6e,U_b2f03495cb,LOAD,17620.27,REST,17620.27,2026-03-22T08:00:00,APP
WAL_9cf1690cd0,U_b2f03495cb,SPEND,-1761.64,REST,15858.63,2026-03-22T08:00:00,QR
WAL_44fd2400db,U_b2f03495cb,SPEND,-753.51,REST,15105.12,2026-03-22T02:00:00,QR
WAL_5599dea1b4,U_b2f03495cb,SPEND,-4769.03,REST,10336.09,2026-03-25T03:00:00,QR
WAL_0d6e9cf34c,U_b2f03495cb,SPEND,-693.29,REST,9642.8,2026-03-26T17:00:00,QR
WAL_79282b0729,U_b2f03495cb,SPEND,-3376.4,REST,6266.4,2026-03-25T05:00:00,QR
WAL_0fdfbf3144,U_b2f03495cb,SPEND,-532.09,REST,5734.31,2026-03-22T17:00:00,QR
WAL_455de0d36d,U_b2f03495cb,SPEND,-2211.9,REST,3522.41,2026-03-22T00:00:00,QR
WAL_5a9cfdbbde,U_b2f03495cb,LOAD,20872.18,REST,20872.18,2024-10-20T09:00:00,APP
WAL_b55c643b8f,U_b2f03495cb,SPEND,-1991.17,REST,18881.01,2024-10-21T07:00:00,QR
WAL_8887e07930,U_b2f03495cb,SPEND,-1765.38,REST,17115.63,2024-10-20T06:00:00,QR
WAL_651906d2cc,U_b2f03495cb,SPEND,-13686.83,REST,3428.8,2024-10-20T16:00:00,QR
WAL_12a8996b0a,U_b2f03495cb,LOAD,10591.2,REST,10591.2,2024-10-23T07:00:00,APP
WAL_dc2eddc359,U_b2f03495cb,SPEND,-668.49,REST,9922.71,2024-10-30T22:00:00,QR
WAL_cff8fc1857,U_b2f03495cb,SPEND,-1704.57,REST,8218.14,2024-10-20T03:00:00,QR
WAL_1705101a26,U_b2f03495cb,SPEND,-443.92,REST,7774.22,2024-10-21T04:00:00,QR
WAL_03c7d594c9,U_b2f03495cb,SPEND,-2897.14,REST,4877.08,2024-10-23T12:00:00,QR
WAL_635b250350,U_b2f03495cb,SPEND,-1635.25,REST,3241.83,2024-10-30T01:00:00,QR
WAL_99df3d1a98,U_b2f03495cb,SPEND,-2327.11,REST,914.72,2024-10-20T05:00:00,QR
WAL_2e2542c52d,U_b2f03495cb,SPEND,-1808.73,REST,-894.01,2024-10-23T05:00:00,QR
WAL_7ddfec9330,U_b2f03495cb,LOAD,6742.45,REST,5848.44,2024-10-20T23:00:00,APP
WAL_ed3ed63e1b,U_b2f03495cb,SPEND,-2259.63,REST,3588.81,2024-10-27T10:00:00,QR
WAL_a8a9c24402,U_f6a03862b0,LOAD,23738.09,MY,23738.09,2025-06-26T02:00:00,APP
WAL_412a9b0815,U_f6a03862b0,SPEND,-1801.43,MY,21936.66,2025-07-04T23:00:00,QR
WAL_0ea8656a0d,U_f6a03862b0,SPEND,-1285.32,MY,20651.34,2025-07-08T16:00:00,QR
WAL_fdc9e4d49d,U_f6a03862b0,SPEND,-2379.18,MY,18272.16,2025-07-04T18:00:00,QR
WAL_ef811a5301,U_f6a03862b0,SPEND,-1169.05,MY,17103.11,2025-07-04T14:00:00,QR
WAL_519c2f70dd,U_2bbc6356ee,LOAD,23097.44,REST,23097.44,2025-04-19T01:00:00,APP
WAL_be3cbd7fbe,U_2bbc6356ee,SPEND,-3356.75,REST,19740.69,2025-04-19T20:00:00,QR
WAL_70395537de,U_2bbc6356ee,SPEND,-1695.88,REST,18044.81,2025-04-21T23:00:00,QR
WAL_10a980e224,U_2bbc6356ee,SPEND,-2394.11,REST,15650.7,2025-04-22T20:00:00,QR
WAL_41e9b4f209,U_2bbc6356ee,SPEND,-3757.1,REST,11893.6,2025-04-27T06:00:00,QR
WAL_b0d1a5c48e,U_2bbc6356ee,SPEND,-3785.64,REST,8107.96,2025-04-21T09:00:00,QR
WAL_0a085bd242,U_2bbc6356ee,SPEND,-1767.02,REST,6340.94,2025-04-28T20:00:00,QR
WAL_12cc536c1f,U_2bbc6356ee,SPEND,-1334.15,REST,5006.79,2025-04-22T19:00:00,QR
WAL_dc2756630c,U_2bbc6356ee,SPEND,-4352.24,REST,654.55,2025-04-22T20:00:00,QR
WAL_f853908959,U_51c0e7484e,LOAD,15859.58,REST,15859.58,2025-12-26T14:00:00,APP
WAL_1d97339526,U_51c0e7484e,SPEND,-613.73,REST,15245.85,2025-12-27T05:00:00,QR
WAL_edd493f558,U_51c0e7484e,SPEND,-1405.44,REST,13840.41,2025-12-27T05:00:00,QR
WAL_217f877c0f,U_51c0e7484e,SPEND,-3905.96,REST,9934.45,2025-12-29T19:00:00,QR
WAL_65aec7d9cc,U_51c0e7484e,SPEND,-1019.34,REST,8915.11,2025-12-25T17:00:00,QR
WAL_5ad951f96b,U_e2f3e7e540,LOAD,9870.8,US,9870.8,2024-09-16T16:00:00,APP
WAL_74cc73791c,U_e2f3e7e540,SPEND,-2285.82,US,7584.98,2024-09-16T16:00:00,QR
WAL_4b676cc7d0,U_e2f3e7e540,SPEND,-1055.0,US,6529.98,2024-09-12T18:00:00,QR
WAL_c5be104e85,U_e2f3e7e540,SPEND,-438.85,US,6091.13,2024-09-17T05:00:00,QR
WAL_899d6c9590,U_e2f3e7e540,SPEND,-1589.52,US,4501.61,2024-09-03T21:00:00,QR
WAL_9520e115b6,U_e2f3e7e540,SPEND,-769.19,US,3732.42,2024-09-09T11:00:00,QR
WAL_af19640d41,U_e2f3e7e540,SPEND,-1273.64,US,2458.78,2024-09-11T13:00:00,QR
WAL_ca4a9efc74,U_e2f3e7e540,SPEND,-1384.6,US,1074.18,2024-09-17T21:00:00,QR
WAL_bb85395227,U_e2f3e7e540,SPEND,-1675.25,US,-601.07,2024-09-04T01:00:00,QR
WAL_ee7dca3f66,U_99ff261fed,LOAD,9357.44,AU,9357.44,2024-12-24T20:00:00,APP
WAL_551aaddfad,U_99ff261fed,SPEND,-946.03,AU,8411.41,2024-12-24T20:00:00,QR
WAL_57514225cb,U_99ff261fed,SPEND,-957.0,AU,7454.41,2024-12-20T08:00:00,QR
WAL_255cf187c7,U_99ff261fed,SPEND,-2209.91,AU,5244.5,2024-12-23T12:00:00,QR
WAL_141e2e8081,U_99ff261fed,SPEND,-2085.05,AU,3159.45,2024-12-23T16:00:00,QR
WAL_c1e1cee414,U_99ff261fed,SPEND,-582.11,AU,2577.34,2024-12-23T11:00:00,QR
WAL_5f2ea9cb18,U_99ff261fed,LOAD,21864.95,AU,21864.95,2025-08-03T12:00:00,APP
WAL_102dada0ca,U_99ff261fed,SPEND,-4084.14,AU,17780.81,2025-08-03T12:00:00,QR
WAL_867910b204,U_99ff261fed,SPEND,-1509.58,AU,16271.23,2025-07-28T18:00:00,QR
WAL_e884270dd2,U_99ff261fed,LOAD,18385.55,AU,18385.55,2024-12-01T15:00:00,APP
WAL_28f56b4457,U_99ff261fed,SPEND,-1202.22,AU,17183.33,2024-12-01T15:00:00,QR
WAL_34970f47ac,U_99ff261fed,SPEND,-1846.28,AU,15337.05,2024-11-30T04:00:00,QR
WAL_d660f8ca47,U_99ff261fed,SPEND,-1045.4,AU,14291.65,2024-11-27T05:00:00,QR
WAL_3bff991d54,U_99ff261fed,SPEND,-782.53,AU,13509.12,2024-11-30T06:00:00,QR
WAL_b71322ffed,U_99ff261fed,LOAD,3279.39,AU,3279.39,2024-11-25T10:00:00,APP
WAL_ff96bccda8,U_99ff261fed,SPEND,-974.8,AU,2304.59,2024-11-21T16:00:00,QR
WAL_06eb82143d,U_99ff261fed,SPEND,-1932.92,AU,371.67,2024-11-21T04:00:00,QR
WAL_566f5fe0c3,U_99ff261fed,SPEND,-1155.87,AU,-784.2,2024-11-23T04:00:00,QR
WAL_605d9f019d,U_99ff261fed,LOAD,11861.56,AU,11077.36,2024-11-20T21:00:00,APP
WAL_ab66fd9122,U_99ff261fed,SPEND,-2803.94,AU,8273.42,2024-11-20T21:00:00,QR
WAL_a7e178e0af,U_31e999768f,LOAD,3308.2,NP,3308.2,2024-11-20T01:00:00,APP
WAL_06acebb565,U_31e999768f,SPEND,-1430.93,NP,1877.27,2024-11-20T01:00:00,QR
WAL_fa86842d00,U_5ece27b3c4,LOAD,18730.34,BD,18730.34,2026-07-07T08:00:00,APP
WAL_fe63540327,U_5ece27b3c4,SPEND,-1842.16,BD,16888.18,2026-07-07T08:00:00,QR
WAL_647be0c4dc,U_5ece27b3c4,SPEND,-1094.74,BD,15793.44,2026-07-10T23:00:00,QR
WAL_6e6e03b935,U_5ece27b3c4,SPEND,-719.34,BD,15074.1,2026-07-03T22:00:00,QR
WAL_de9421ab7e,U_5ece27b3c4,SPEND,-867.67,BD,14206.43,2026-06-26T03:00:00,QR
WAL_1ec784b4ac,U_5ece27b3c4,SPEND,-1326.51,BD,12879.92,2026-07-02T19:00:00,QR
WAL_228e7e608b,U_5ece27b3c4,SPEND,-4501.73,BD,8378.19,2026-07-09T11:00:00,QR
WAL_72a63d00c3,U_5ece27b3c4,SPEND,-1455.52,BD,6922.67,2026-07-04T20:00:00,QR
WAL_6b553922d3,U_5ece27b3c4,SPEND,-2424.21,BD,4498.46,2026-07-09T19:00:00,QR
WAL_fd451a18d0,U_5ece27b3c4,LOAD,19615.38,BD,19615.38,2024-11-28T05:00:00,APP
WAL_f51901cf37,U_5ece27b3c4,SPEND,-1958.96,BD,17656.42,2024-11-22T23:00:00,QR
WAL_49f4c50cfc,U_5ece27b3c4,SPEND,-414.0,BD,17242.42,2024-11-22T02:00:00,QR
WAL_20b06a3667,U_5ece27b3c4,SPEND,-1829.07,BD,15413.35,2024-11-30T03:00:00,QR
WAL_a38a388586,U_5ece27b3c4,SPEND,-1168.87,BD,14244.48,2024-11-26T23:00:00,QR
WAL_5d129a33b6,U_5ece27b3c4,SPEND,-2830.58,BD,11413.9,2024-11-21T18:00:00,QR
WAL_2ecbaf17ac,U_5ece27b3c4,SPEND,-1743.77,BD,9670.13,2024-11-19T19:00:00,QR
WAL_2a4c9a8ebf,U_5ece27b3c4,SPEND,-2075.41,BD,7594.72,2024-11-26T07:00:00,QR
WAL_b5f753a709,U_5ece27b3c4,SPEND,-3079.64,BD,4515.08,2024-11-25T02:00:00,QR
WAL_e8866f0cbe,U_5ece27b3c4,LOAD,20488.78,BD,20488.78,2026-06-15T01:00:00,APP
WAL_d41a69b5f1,U_5ece27b3c4,SPEND,-1281.7,BD,19207.08,2026-06-15T01:00:00,QR
WAL_7747c04a57,U_5ece27b3c4,SPEND,-976.81,BD,18230.27,2026-06-13T16:00:00,QR
WAL_daa50d3af5,U_5ece27b3c4,SPEND,-1112.04,BD,17118.23,2026-06-12T07:00:00,QR
WAL_47380b2de9,U_5ece27b3c4,SPEND,-3280.75,BD,13837.48,2026-06-14T21:00:00,QR
WAL_58aa8c339d,U_5ece27b3c4,SPEND,-1510.9,BD,12326.58,2026-06-16T16:00:00,QR
WAL_9199f3f6c8,U_5ece27b3c4,SPEND,-672.37,BD,11654.21,2026-06-16T06:00:00,QR
WAL_cb456ada99,U_ac347556c8,LOAD,16809.27,DE,16809.27,2025-04-15T12:00:00,APP
WAL_a845b116d1,U_ac347556c8,SPEND,-1322.92,DE,15486.35,2025-04-15T12:00:00,QR
WAL_4362d74b5b,U_ac347556c8,SPEND,-2320.68,DE,13165.67,2025-04-10T12:00:00,QR
WAL_a65c8043ed,U_ac347556c8,SPEND,-1031.7,DE,12133.97,2025-04-12T04:00:00,QR
WAL_1d5aef36f6,U_ac347556c8,SPEND,-2194.1,DE,9939.87,2025-04-15T14:00:00,QR
WAL_f273400524,U_ac347556c8,SPEND,-8750.38,DE,1189.49,2025-04-17T03:00:00,QR
WAL_329acf31de,U_ac347556c8,LOAD,18111.86,DE,18111.86,2026-06-14T13:00:00,APP
WAL_960fe35a70,U_ac347556c8,SPEND,-827.52,DE,17284.34,2026-06-14T13:00:00,QR
WAL_738c868050,U_ac347556c8,SPEND,-1376.55,DE,15907.79,2026-06-09T13:00:00,QR
WAL_dd31848b41,U_ac347556c8,SPEND,-2971.52,DE,12936.27,2026-06-08T02:00:00,QR
WAL_d140507c62,U_ac347556c8,LOAD,10827.18,DE,10827.18,2024-09-22T19:00:00,APP
WAL_2eff2bcb2a,U_ac347556c8,SPEND,-4155.78,DE,6671.4,2024-09-22T19:00:00,QR
WAL_18da8e0eb4,U_87a94ee59b,LOAD,14133.43,US,14133.43,2025-08-05T00:00:00,APP
WAL_4aacc1b48d,U_87a94ee59b,SPEND,-1322.41,US,12811.02,2025-08-05T00:00:00,QR
WAL_93a89df112,U_87a94ee59b,SPEND,-2997.9,US,9813.12,2025-08-04T11:00:00,QR
WAL_43c99bf5ef,U_87a94ee59b,SPEND,-910.63,US,8902.49,2025-08-05T14:00:00,QR
WAL_c5801ad46a,U_87a94ee59b,SPEND,-3508.95,US,5393.54,2025-08-04T14:00:00,QR
WAL_782fdbc67e,U_87a94ee59b,SPEND,-3261.15,US,2132.39,2025-08-03T04:00:00,QR
WAL_02a99d118c,U_87a94ee59b,SPEND,-3005.02,US,-872.63,2025-08-03T06:00:00,QR
WAL_0a6ef895fa,U_87a94ee59b,LOAD,21499.29,US,20626.66,2025-08-03T15:00:00,APP
WAL_a17c6e8c60,U_87a94ee59b,SPEND,-1298.86,US,19327.8,2025-08-03T15:00:00,QR
WAL_7899de2688,U_87a94ee59b,SPEND,-1080.67,US,18247.13,2025-08-05T19:00:00,QR
WAL_c067c90ea7,U_87a94ee59b,SPEND,-2246.59,US,16000.54,2025-08-03T20:00:00,QR
WAL_0e95ba849c,U_87a94ee59b,LOAD,3732.11,US,3732.11,2026-06-18T06:00:00,APP
WAL_94f63f154e,U_87a94ee59b,SPEND,-1802.2,US,1929.91,2026-06-18T06:00:00,QR
WAL_43ce35094c,U_87a94ee59b,SPEND,-1219.28,US,710.63,2026-06-15T21:00:00,QR
WAL_97a08adfae,U_87a94ee59b,SPEND,-2126.79,US,-1416.16,2026-06-18T09:00:00,QR
WAL_f77f7dd1d9,U_87a94ee59b,LOAD,9095.94,US,7679.78,2026-06-23T16:00:00,APP
WAL_81816eea88,U_87a94ee59b,SPEND,-2847.43,US,4832.35,2026-06-23T16:00:00,QR
WAL_c813ee72db,U_87a94ee59b,SPEND,-1502.36,US,3329.99,2026-06-27T17:00:00,QR
WAL_e9fa00b334,U_87a94ee59b,SPEND,-2154.77,US,1175.22,2026-06-12T13:00:00,QR
WAL_44bba5fe96,U_a7ab3a24f5,LOAD,19952.71,FR,19952.71,2025-01-08T22:00:00,APP
WAL_396e29fd60,U_a7ab3a24f5,SPEND,-1376.73,FR,18575.98,2025-01-08T22:00:00,QR
WAL_8e4c5338f3,U_a7ab3a24f5,SPEND,-1563.96,FR,17012.02,2025-01-06T22:00:00,QR
WAL_ca5db8de4f,U_a7ab3a24f5,SPEND,-2099.62,FR,14912.4,2025-01-12T03:00:00,QR
WAL_5f7affb402,U_a7ab3a24f5,SPEND,-1733.92,FR,13178.48,2025-01-18T03:00:00,QR
WAL_3b716b1b85,U_a7ab3a24f5,LOAD,14660.91,FR,14660.91,2024-09-18T22:00:00,APP
WAL_1c1df73e6f,U_a7ab3a24f5,SPEND,-1054.52,FR,13606.39,2024-09-10T15:00:00,QR
WAL_0ea0c3fc76,U_a7ab3a24f5,SPEND,-1344.89,FR,12261.5,2024-09-16T01:00:00,QR
WAL_c0790add69,U_326aa75403,LOAD,2603.81,BD,2603.81,2026-07-10T00:00:00,APP
WAL_1339f4a887,U_326aa75403,SPEND,-817.03,BD,1786.78,2026-07-10T00:00:00,QR
WAL_ba69a8c836,U_326aa75403,SPEND,-1033.14,BD,753.64,2026-07-10T08:00:00,QR
WAL_e56614f0ac,U_326aa75403,SPEND,-1576.88,BD,-823.24,2026-07-17T14:00:00,QR
WAL_839163a65f,U_326aa75403,LOAD,5648.57,BD,4825.33,2026-07-15T23:00:00,APP
WAL_33c8473b71,U_326aa75403,SPEND,-1329.11,BD,3496.22,2026-07-15T23:00:00,QR
WAL_e0ba37f386,U_50af4dd174,LOAD,2719.97,US,2719.97,2025-11-28T00:00:00,APP
WAL_0e42beb129,U_50af4dd174,SPEND,-1187.33,US,1532.64,2025-11-29T11:00:00,QR
WAL_90e0ec0d88,U_50af4dd174,SPEND,-1160.67,US,371.97,2025-11-28T10:00:00,QR
WAL_e598d85433,U_50af4dd174,SPEND,-1134.29,US,-762.32,2025-11-27T07:00:00,QR
WAL_4c711f7231,U_f6d3aa3314,LOAD,15171.95,US,15171.95,2025-07-21T11:00:00,APP
WAL_d6c3f9db3d,U_f6d3aa3314,SPEND,-2546.93,US,12625.02,2025-07-21T11:00:00,QR
WAL_62ede897ee,U_f6d3aa3314,SPEND,-1029.07,US,11595.95,2025-07-24T13:00:00,QR
WAL_57a5233f10,U_f6d3aa3314,SPEND,-940.05,US,10655.9,2025-07-22T01:00:00,QR
WAL_35fd8700c6,U_f6d3aa3314,SPEND,-1856.81,US,8799.09,2025-07-25T12:00:00,QR
WAL_441f917ebe,U_f6d3aa3314,SPEND,-1240.3,US,7558.79,2025-07-26T18:00:00,QR
WAL_96f95d77dd,U_3b715b1aaa,LOAD,6871.19,AE,6871.19,2025-07-18T05:00:00,APP
WAL_a1b4e1f9f9,U_3b715b1aaa,SPEND,-1819.8,AE,5051.39,2025-07-18T05:00:00,QR
WAL_a9dad0c856,U_3b715b1aaa,SPEND,-1642.41,AE,3408.98,2025-07-19T09:00:00,QR
WAL_8d2445d95e,U_3b715b1aaa,SPEND,-2437.8,AE,971.18,2025-07-16T09:00:00,QR
WAL_b95f88582b,U_3b715b1aaa,SPEND,-2173.35,AE,-1202.17,2025-07-17T16:00:00,QR
WAL_51d40d437c,U_3b715b1aaa,LOAD,12035.84,AE,10833.67,2025-07-21T15:00:00,APP
WAL_ae83b0c50f,U_3b715b1aaa,SPEND,-806.37,AE,10027.3,2025-07-21T15:00:00,QR
WAL_0c995810d9,U_3b715b1aaa,LOAD,23527.08,AE,23527.08,2025-02-14T20:00:00,APP
WAL_6ec22d69c3,U_3b715b1aaa,SPEND,-4212.54,AE,19314.54,2025-02-15T14:00:00,QR
WAL_8c84b2b04d,U_3b715b1aaa,SPEND,-1496.04,AE,17818.5,2025-02-14T02:00:00,QR
WAL_79ca8d66de,U_3b715b1aaa,SPEND,-2372.9,AE,15445.6,2025-02-15T02:00:00,QR
WAL_385c523337,U_3b715b1aaa,SPEND,-1935.18,AE,13510.42,2025-02-14T00:00:00,QR
WAL_a6335eee2c,U_3b715b1aaa,SPEND,-820.59,AE,12689.83,2025-02-12T09:00:00,QR
WAL_c982ff3d87,U_3b715b1aaa,SPEND,-2126.81,AE,10563.02,2025-02-12T13:00:00,QR
WAL_90a3af9965,U_3b715b1aaa,SPEND,-1115.53,AE,9447.49,2025-02-13T03:00:00,QR
WAL_b7b0c9360c,U_3b715b1aaa,SPEND,-1602.78,AE,7844.71,2025-02-14T13:00:00,QR
WAL_867466e125,U_3b715b1aaa,LOAD,14868.82,AE,14868.82,2026-06-13T14:00:00,APP
WAL_30e69d3b9d,U_3b715b1aaa,SPEND,-3029.28,AE,11839.54,2026-06-23T21:00:00,QR
WAL_913027374d,U_3b715b1aaa,SPEND,-2983.54,AE,8856.0,2026-06-17T00:00:00,QR
WAL_25f8477b9d,U_3b715b1aaa,SPEND,-1173.35,AE,7682.65,2026-06-11T20:00:00,QR
WAL_1d0bef15e1,U_3b715b1aaa,SPEND,-1290.07,AE,6392.58,2026-06-29T13:00:00,QR
WAL_9954e6d7ba,U_3b715b1aaa,SPEND,-1060.87,AE,5331.71,2026-06-15T16:00:00,QR
WAL_210213e441,U_3b715b1aaa,SPEND,-557.88,AE,4773.83,2026-06-28T12:00:00,QR
WAL_919023fa53,U_3b715b1aaa,SPEND,-1888.56,AE,2885.27,2026-06-15T09:00:00,QR
WAL_ae824c0558,U_3b715b1aaa,SPEND,-1241.04,AE,1644.23,2026-06-29T00:00:00,QR
WAL_dedd5b8ae9,U_3b715b1aaa,SPEND,-1087.77,AE,556.46,2026-06-16T09:00:00,QR
WAL_dfa7b3d2af,U_3b715b1aaa,LOAD,5159.6,AE,5159.6,2026-02-21T11:00:00,APP
WAL_c4c0123bf5,U_3b715b1aaa,SPEND,-1286.69,AE,3872.91,2026-02-21T11:00:00,QR
WAL_6a957f6f78,U_3b715b1aaa,SPEND,-959.49,AE,2913.42,2026-02-16T02:00:00,QR
WAL_7b1502791e,U_3b715b1aaa,SPEND,-981.82,AE,1931.6,2026-02-28T16:00:00,QR
WAL_0769f15aa6,U_3b715b1aaa,SPEND,-1390.93,AE,540.67,2026-02-25T14:00:00,QR
WAL_3c21bf8d4e,U_3b715b1aaa,SPEND,-1192.24,AE,-651.57,2026-02-13T19:00:00,QR
WAL_290880a4b5,U_3b715b1aaa,LOAD,14861.63,AE,14210.06,2026-02-24T23:00:00,APP
WAL_92afb0167f,U_3b715b1aaa,SPEND,-509.39,AE,13700.67,2026-02-24T23:00:00,QR
WAL_e6f7539fa3,U_f1a5dba579,LOAD,15228.87,BD,15228.87,2025-08-28T07:00:00,APP
WAL_d345052c6c,U_f1a5dba579,SPEND,-1132.31,BD,14096.56,2025-08-28T07:00:00,QR
WAL_58c06e0660,U_f1a5dba579,SPEND,-2448.45,BD,11648.11,2025-08-20T15:00:00,QR
WAL_d4e41c8b98,U_f1a5dba579,SPEND,-910.37,BD,10737.74,2025-08-30T11:00:00,QR
WAL_2a4d56308a,U_f1a5dba579,SPEND,-445.55,BD,10292.19,2025-08-27T11:00:00,QR
WAL_607addf2b1,U_f1a5dba579,SPEND,-2802.31,BD,7489.88,2025-08-27T14:00:00,QR
WAL_603ff6ecc4,U_f1a5dba579,SPEND,-1166.91,BD,6322.97,2025-08-28T03:00:00,QR
WAL_1c73bef57d,U_f1a5dba579,SPEND,-1038.32,BD,5284.65,2025-08-18T11:00:00,QR
WAL_c23fe2f09a,U_f1a5dba579,SPEND,-2117.55,BD,3167.1,2025-08-19T00:00:00,QR
WAL_76cf418769,U_f1a5dba579,SPEND,-2268.81,BD,898.29,2025-08-24T09:00:00,QR
WAL_0159803223,U_f1a5dba579,SPEND,-1514.66,BD,-616.37,2025-08-29T10:00:00,QR
WAL_1493106074,U_f1a5dba579,LOAD,6279.08,BD,5662.71,2025-08-26T18:00:00,APP
WAL_6700d64b1c,U_f1a5dba579,SPEND,-2320.96,BD,3341.75,2025-08-26T18:00:00,QR
WAL_e467ddf409,U_f1a5dba579,SPEND,-1783.46,BD,1558.29,2025-08-25T05:00:00,QR
WAL_3ce0acf701,U_f1a5dba579,LOAD,3624.5,BD,3624.5,2024-09-24T06:00:00,APP
WAL_620217182b,U_f1a5dba579,SPEND,-1601.56,BD,2022.94,2024-09-27T16:00:00,QR
WAL_a107735149,U_f1a5dba579,SPEND,-4081.3,BD,-2058.36,2024-09-22T13:00:00,QR
WAL_8e317bef1c,U_f1a5dba579,LOAD,24213.73,BD,22155.37,2024-09-22T21:00:00,APP
WAL_a394d3f8bc,U_f1a5dba579,SPEND,-1025.16,BD,21130.21,2024-09-22T21:00:00,QR
WAL_41de4767a6,U_f1a5dba579,SPEND,-1217.92,BD,19912.29,2024-09-27T14:00:00,QR
WAL_f2f9015057,U_f1a5dba579,SPEND,-1607.06,BD,18305.23,2024-09-24T14:00:00,QR
WAL_0b84819160,U_f1a5dba579,SPEND,-667.25,BD,17637.98,2024-09-26T12:00:00,QR
WAL_69f578fef7,U_f1a5dba579,SPEND,-2803.99,BD,14833.99,2024-09-22T13:00:00,QR
WAL_a82e7f972c,U_f1a5dba579,SPEND,-780.41,BD,14053.58,2024-09-23T18:00:00,QR
WAL_8179b5ec04,U_f1a5dba579,SPEND,-668.0,BD,13385.58,2024-09-22T09:00:00,QR
WAL_f8c1d7a6de,U_f1a5dba579,SPEND,-1604.55,BD,11781.03,2024-09-23T05:00:00,QR
WAL_d7a404c443,U_f1a5dba579,SPEND,-1129.42,BD,10651.61,2024-09-23T11:00:00,QR
WAL_496d2eb33a,U_f1a5dba579,SPEND,-859.66,BD,9791.95,2024-09-24T22:00:00,QR
WAL_22e6155620,U_5fe73d571b,LOAD,4254.98,US,4254.98,2025-09-10T21:00:00,APP
WAL_b5409a128a,U_5fe73d571b,SPEND,-1235.94,US,3019.04,2025-09-10T21:00:00,QR
WAL_0db0bf17a2,U_5fe73d571b,SPEND,-8487.66,US,-5468.62,2025-09-10T07:00:00,QR
WAL_7b2eee1911,U_5fe73d571b,LOAD,22573.63,US,17105.01,2025-09-08T18:00:00,APP
WAL_408d3030a0,U_5fe73d571b,SPEND,-3008.43,US,14096.58,2025-09-08T18:00:00,QR
WAL_4e41ab92b2,U_5fe73d571b,SPEND,-1242.73,US,12853.85,2025-09-09T04:00:00,QR
WAL_497835f82f,U_c4c0555f07,LOAD,10659.39,LK,10659.39,2025-03-04T15:00:00,APP
WAL_a438f3d11c,U_c4c0555f07,SPEND,-966.23,LK,9693.16,2025-03-05T19:00:00,QR
WAL_aa0ab5fd85,U_c4c0555f07,SPEND,-2262.55,LK,7430.61,2025-03-04T11:00:00,QR
WAL_a95a193bdf,U_c4c0555f07,SPEND,-464.13,LK,6966.48,2025-03-06T16:00:00,QR
WAL_97b997c2a6,U_c4c0555f07,SPEND,-1769.64,LK,5196.84,2025-03-04T03:00:00,QR
WAL_c231d7f865,U_c4c0555f07,SPEND,-1258.86,LK,3937.98,2025-03-06T14:00:00,QR
WAL_c6046dbde9,U_c4c0555f07,SPEND,-589.07,LK,3348.91,2025-03-04T21:00:00,QR
WAL_0e2616bac2,U_c4c0555f07,SPEND,-2440.85,LK,908.06,2025-03-05T11:00:00,QR
WAL_ea63ae1a0a,U_c4c0555f07,SPEND,-2522.27,LK,-1614.21,2025-03-05T14:00:00,QR
WAL_7d4bbf5dcf,U_c4c0555f07,LOAD,13030.81,LK,11416.6,2025-03-05T17:00:00,APP
WAL_f9088eca8c,U_c4c0555f07,LOAD,6017.09,LK,6017.09,2026-03-07T20:00:00,APP
WAL_daaaf44337,U_c4c0555f07,SPEND,-2254.45,LK,3762.64,2026-03-07T20:00:00,QR
WAL_5eb673e759,U_c4c0555f07,SPEND,-1788.61,LK,1974.03,2026-03-10T11:00:00,QR
WAL_76e490febd,U_c4c0555f07,SPEND,-1636.23,LK,337.8,2026-03-09T12:00:00,QR
WAL_5843073795,U_676a907dc1,LOAD,16558.15,AE,16558.15,2025-07-03T14:00:00,APP
WAL_6ccc72085c,U_676a907dc1,SPEND,-1239.26,AE,15318.89,2025-07-03T14:00:00,QR
WAL_5a855faab7,U_676a907dc1,SPEND,-1692.01,AE,13626.88,2025-07-04T13:00:00,QR
WAL_e14d9e4bb8,U_6bf1cba74f,LOAD,13686.24,MY,13686.24,2025-07-31T16:00:00,APP
WAL_466ebc854d,U_6bf1cba74f,SPEND,-539.68,MY,13146.56,2025-07-31T16:00:00,QR
WAL_0a776a65f0,U_6bf1cba74f,SPEND,-2915.7,MY,10230.86,2025-08-01T23:00:00,QR
WAL_b5f405984d,U_6bf1cba74f,SPEND,-1073.67,MY,9157.19,2025-07-27T10:00:00,QR
WAL_abd9366d43,U_6bf1cba74f,SPEND,-2388.76,MY,6768.43,2025-07-23T05:00:00,QR
WAL_4038d4a52b,U_6bf1cba74f,SPEND,-599.01,MY,6169.42,2025-07-29T22:00:00,QR
WAL_2c5b02815e,U_6bf1cba74f,LOAD,13595.22,MY,13595.22,2025-12-17T04:00:00,APP
WAL_38c3c2391e,U_6bf1cba74f,SPEND,-856.08,MY,12739.14,2025-12-12T17:00:00,QR
WAL_9a7a31ee6e,U_6bf1cba74f,SPEND,-1571.59,MY,11167.55,2025-12-11T17:00:00,QR
WAL_33d1c4b748,U_6bf1cba74f,SPEND,-1627.73,MY,9539.82,2025-12-15T13:00:00,QR
WAL_e89ee7716e,U_6bf1cba74f,SPEND,-1385.46,MY,8154.36,2025-12-16T21:00:00,QR
WAL_cc69305a53,U_6bf1cba74f,SPEND,-2864.54,MY,5289.82,2025-12-13T00:00:00,QR
WAL_29ed90bdbe,U_2e0284891e,LOAD,21591.36,CA,21591.36,2026-04-21T20:00:00,APP
WAL_4a044e5add,U_2e0284891e,SPEND,-1327.58,CA,20263.78,2026-04-21T20:00:00,QR
WAL_86ff356663,U_c1a034f5b9,LOAD,22246.85,US,22246.85,2026-04-15T04:00:00,APP
WAL_4ddcaa3cb7,U_c1a034f5b9,SPEND,-799.66,US,21447.19,2026-04-15T04:00:00,QR
WAL_365f4e4edd,U_7185f57883,LOAD,19466.73,GB,19466.73,2025-12-15T12:00:00,APP
WAL_7c25d29d57,U_7185f57883,SPEND,-1914.83,GB,17551.9,2025-12-15T12:00:00,QR
WAL_97f8cc5577,U_7185f57883,SPEND,-6215.61,GB,11336.29,2025-12-16T02:00:00,QR
WAL_c6a3ce0f59,U_7185f57883,LOAD,13457.92,GB,13457.92,2024-12-03T15:00:00,APP
WAL_4d7eee7793,U_7185f57883,SPEND,-775.15,GB,12682.77,2024-12-03T15:00:00,QR
WAL_bfde8ad148,U_7185f57883,SPEND,-4387.74,GB,8295.03,2024-11-30T21:00:00,QR
WAL_54c3573e30,U_7185f57883,SPEND,-1557.44,GB,6737.59,2024-12-01T20:00:00,QR
WAL_ce5f119dba,U_7185f57883,SPEND,-2067.95,GB,4669.64,2024-11-22T20:00:00,QR
WAL_33c88d0cc4,U_7185f57883,SPEND,-1829.36,GB,2840.28,2024-11-22T06:00:00,QR
WAL_4f27e07f17,U_7185f57883,SPEND,-4026.29,GB,-1186.01,2024-11-19T15:00:00,QR
WAL_aaaf1ed749,U_7185f57883,LOAD,19365.79,GB,19365.79,2025-06-17T14:00:00,APP
WAL_017d9e3e11,U_7185f57883,SPEND,-4262.81,GB,15102.98,2025-06-17T14:00:00,QR
WAL_fe6b94db3d,U_7185f57883,SPEND,-1901.63,GB,13201.35,2025-06-18T04:00:00,QR
WAL_46533f8a4b,U_3302c39b37,LOAD,14940.42,US,14940.42,2025-09-25T22:00:00,APP
WAL_c02f855e71,U_3302c39b37,SPEND,-2123.77,US,12816.65,2025-09-25T22:00:00,QR
WAL_951b527459,U_3302c39b37,SPEND,-2013.42,US,10803.23,2025-10-01T11:00:00,QR
WAL_e594d7f7ea,U_3302c39b37,SPEND,-699.06,US,10104.17,2025-10-05T15:00:00,QR
WAL_0b1db7ca99,U_3302c39b37,SPEND,-1951.08,US,8153.09,2025-10-11T21:00:00,QR
WAL_536f1462f2,U_3302c39b37,SPEND,-1429.32,US,6723.77,2025-09-22T14:00:00,QR
WAL_58400f8462,U_3302c39b37,SPEND,-3402.96,US,3320.81,2025-10-09T14:00:00,QR
WAL_030c145349,U_3302c39b37,SPEND,-774.23,US,2546.58,2025-10-03T03:00:00,QR
WAL_0c418ecfed,U_3302c39b37,SPEND,-6925.15,US,-4378.57,2025-10-09T12:00:00,QR
WAL_ff63509ac1,U_3302c39b37,LOAD,20278.56,US,15899.99,2025-10-06T11:00:00,APP
WAL_f0528e7cdc,U_3302c39b37,SPEND,-773.05,US,15126.94,2025-10-06T11:00:00,QR
WAL_7af3e75510,U_3302c39b37,LOAD,20466.93,US,20466.93,2025-05-19T12:00:00,APP
WAL_4b4f0f5243,U_3302c39b37,SPEND,-687.22,US,19779.71,2025-05-19T12:00:00,QR
WAL_397890fe49,U_3302c39b37,SPEND,-1011.49,US,18768.22,2025-05-20T22:00:00,QR
WAL_eeda736944,U_3302c39b37,SPEND,-574.36,US,18193.86,2025-05-24T11:00:00,QR
WAL_f9165b564a,U_3302c39b37,SPEND,-2202.67,US,15991.19,2025-05-18T22:00:00,QR
WAL_2d9a302b4a,U_3302c39b37,SPEND,-1558.79,US,14432.4,2025-05-22T14:00:00,QR
WAL_b5bd236b9f,U_3302c39b37,SPEND,-1736.76,US,12695.64,2025-05-19T12:00:00,QR
WAL_053655875d,U_3302c39b37,SPEND,-461.63,US,12234.01,2025-05-18T20:00:00,QR
WAL_13b6df5d99,U_003de0e3c5,LOAD,21688.35,REST,21688.35,2025-07-03T14:00:00,APP
WAL_fe10b0fdb9,U_003de0e3c5,SPEND,-533.22,REST,21155.13,2025-07-09T08:00:00,QR
WAL_6dcdb88f52,U_003de0e3c5,SPEND,-987.76,REST,20167.37,2025-07-19T18:00:00,QR
WAL_e5c280e751,U_003de0e3c5,SPEND,-1569.87,REST,18597.5,2025-07-18T00:00:00,QR
WAL_6fbce31f26,U_003de0e3c5,SPEND,-1687.44,REST,16910.06,2025-07-02T23:00:00,QR
WAL_5578c4d831,U_003de0e3c5,SPEND,-1023.14,REST,15886.92,2025-07-03T17:00:00,QR
WAL_b923bc249e,U_003de0e3c5,SPEND,-2420.41,REST,13466.51,2025-07-12T07:00:00,QR
WAL_514e414a13,U_003de0e3c5,SPEND,-1833.07,REST,11633.44,2025-07-15T13:00:00,QR
WAL_ad3f053b0e,U_003de0e3c5,SPEND,-1938.75,REST,9694.69,2025-07-11T15:00:00,QR
WAL_97d53777ac,U_003de0e3c5,SPEND,-853.31,REST,8841.38,2025-07-12T13:00:00,QR
WAL_c55d478cae,U_003de0e3c5,SPEND,-1695.08,REST,7146.3,2025-07-10T22:00:00,QR
WAL_b8054f3afa,U_003de0e3c5,SPEND,-2160.94,REST,4985.36,2025-07-05T17:00:00,QR
WAL_badbd1a010,U_003de0e3c5,LOAD,4383.59,REST,4383.59,2026-01-05T01:00:00,APP
WAL_384fe50b55,U_003de0e3c5,SPEND,-4269.33,REST,114.26,2026-01-05T01:00:00,QR
WAL_7c58a648ed,U_003de0e3c5,SPEND,-761.91,REST,-647.65,2026-01-09T01:00:00,QR
WAL_a2f2fa8c54,U_003de0e3c5,LOAD,11164.89,REST,10517.24,2026-01-17T05:00:00,APP
WAL_de589ce327,U_003de0e3c5,SPEND,-1733.32,REST,8783.92,2026-01-17T05:00:00,QR
WAL_0e6a82b405,U_003de0e3c5,SPEND,-1914.31,REST,6869.61,2026-01-14T05:00:00,QR
WAL_64c8b025cc,U_003de0e3c5,SPEND,-2212.09,REST,4657.52,2026-01-10T20:00:00,QR
WAL_b602191217,U_003de0e3c5,SPEND,-2781.8,REST,1875.72,2026-01-13T18:00:00,QR
WAL_73d4db2ed0,U_003de0e3c5,SPEND,-2114.16,REST,-238.44,2026-01-05T12:00:00,QR
WAL_6dd7703132,U_003de0e3c5,LOAD,6964.34,REST,6725.9,2026-01-05T14:00:00,APP
WAL_5a05e6464d,U_003de0e3c5,SPEND,-2050.1,REST,4675.8,2026-01-05T14:00:00,QR
WAL_8118d67713,U_003de0e3c5,SPEND,-1300.48,REST,3375.32,2026-01-11T16:00:00,QR
WAL_12ba097631,U_003de0e3c5,SPEND,-734.71,REST,2640.61,2026-01-17T05:00:00,QR
WAL_27cb639484,U_003de0e3c5,SPEND,-1286.1,REST,1354.51,2026-01-01T07:00:00,QR
WAL_94c56ba96e,U_72a6a2085c,LOAD,7892.21,DE,7892.21,2025-12-02T12:00:00,APP
WAL_b300c7b859,U_72a6a2085c,SPEND,-1143.69,DE,6748.52,2025-12-02T12:00:00,QR
WAL_92a03534c9,U_72a6a2085c,SPEND,-632.96,DE,6115.56,2025-12-03T07:00:00,QR
WAL_45f517d2a0,U_72a6a2085c,SPEND,-1475.26,DE,4640.3,2025-11-26T15:00:00,QR
WAL_0826f69b4c,U_72a6a2085c,SPEND,-3068.46,DE,1571.84,2025-12-04T03:00:00,QR
WAL_d4ee73101f,U_72a6a2085c,SPEND,-577.76,DE,994.08,2025-12-01T22:00:00,QR
WAL_ef89bd58ca,U_72a6a2085c,SPEND,-1457.66,DE,-463.58,2025-12-01T20:00:00,QR
WAL_bcbf8967d6,U_72a6a2085c,LOAD,16214.98,DE,15751.4,2025-12-04T08:00:00,APP
WAL_33e6847f3f,U_72a6a2085c,SPEND,-810.37,DE,14941.03,2025-12-04T08:00:00,QR
WAL_7b1647d38d,U_72a6a2085c,SPEND,-3637.55,DE,11303.48,2025-11-27T02:00:00,QR
WAL_f8b06ead64,U_fdc31f2f6c,LOAD,6245.09,US,6245.09,2026-05-22T15:00:00,APP
WAL_57af410ff8,U_fdc31f2f6c,SPEND,-1047.1,US,5197.99,2026-05-22T15:00:00,QR
WAL_247ec21865,U_fdc31f2f6c,SPEND,-3671.1,US,1526.89,2026-05-14T15:00:00,QR
WAL_a7642631b8,U_fdc31f2f6c,SPEND,-1018.5,US,508.39,2026-05-21T20:00:00,QR
WAL_c1b9ce865a,U_fdc31f2f6c,SPEND,-1251.71,US,-743.32,2026-05-18T20:00:00,QR
WAL_37a943bd2e,U_fdc31f2f6c,LOAD,9421.88,US,8678.56,2026-05-16T02:00:00,APP
WAL_1992c478ef,U_fdc31f2f6c,SPEND,-1520.96,US,7157.6,2026-05-16T02:00:00,QR
WAL_f9abdb18ef,U_f644f8c39e,LOAD,12521.28,MY,12521.28,2026-02-11T00:00:00,APP
WAL_90e645adf0,U_f644f8c39e,SPEND,-1966.0,MY,10555.28,2026-02-11T00:00:00,QR
WAL_d7320f7358,U_f644f8c39e,SPEND,-2024.63,MY,8530.65,2026-02-14T13:00:00,QR
WAL_799e208e25,U_f644f8c39e,SPEND,-934.49,MY,7596.16,2026-02-19T07:00:00,QR
WAL_802255c720,U_f644f8c39e,SPEND,-3414.91,MY,4181.25,2026-02-08T03:00:00,QR
WAL_57a3b6255a,U_f644f8c39e,SPEND,-564.62,MY,3616.63,2026-02-16T09:00:00,QR
WAL_8c556fe364,U_f644f8c39e,SPEND,-936.71,MY,2679.92,2026-02-05T21:00:00,QR
WAL_a25b663935,U_f644f8c39e,SPEND,-512.49,MY,2167.43,2026-02-08T10:00:00,QR
WAL_92afd81da8,U_f644f8c39e,SPEND,-716.14,MY,1451.29,2026-02-17T17:00:00,QR
WAL_9918acb116,U_f644f8c39e,SPEND,-1266.71,MY,184.58,2026-02-16T13:00:00,QR
WAL_9ad3394c56,U_f644f8c39e,SPEND,-854.84,MY,-670.26,2026-02-06T04:00:00,QR
WAL_cd8a13b6b6,U_f644f8c39e,LOAD,5668.53,MY,4998.27,2026-02-13T05:00:00,APP
WAL_c9cbfd1bc9,U_7b4c7299a4,LOAD,12968.86,GB,12968.86,2026-01-29T15:00:00,APP
WAL_a23254a3b1,U_7b4c7299a4,SPEND,-681.87,GB,12286.99,2026-01-29T15:00:00,QR
WAL_88bdc8d457,U_7b4c7299a4,SPEND,-1671.88,GB,10615.11,2026-01-31T15:00:00,QR
WAL_b28775b353,U_7b4c7299a4,SPEND,-632.98,GB,9982.13,2026-01-29T00:00:00,QR
WAL_be64068d42,U_7b4c7299a4,SPEND,-3486.93,GB,6495.2,2026-01-26T00:00:00,QR
WAL_7bc656a515,U_7b4c7299a4,SPEND,-1281.33,GB,5213.87,2026-01-30T22:00:00,QR
WAL_f6a318268c,U_7b4c7299a4,SPEND,-1074.41,GB,4139.46,2026-01-30T23:00:00,QR
WAL_29f4afa0fc,U_7b4c7299a4,SPEND,-795.28,GB,3344.18,2026-02-01T04:00:00,QR
WAL_71a5459e34,U_d891a5d8bb,LOAD,2827.4,REST,2827.4,2025-07-30T17:00:00,APP
WAL_c26015dbdd,U_d891a5d8bb,SPEND,-785.46,REST,2041.94,2025-07-30T17:00:00,QR
WAL_f8eb6650d6,U_d891a5d8bb,SPEND,-2061.43,REST,-19.49,2025-08-06T03:00:00,QR
WAL_33a73d4549,U_d891a5d8bb,LOAD,12942.48,REST,12922.98,2025-08-06T20:00:00,APP
WAL_8153c12c01,U_d891a5d8bb,SPEND,-1249.57,REST,11673.41,2025-08-06T20:00:00,QR
WAL_126f9214dd,U_d891a5d8bb,LOAD,17952.34,REST,17952.34,2024-10-02T20:00:00,APP
WAL_aff2e6b117,U_d891a5d8bb,SPEND,-921.23,REST,17031.11,2024-10-03T10:00:00,QR
WAL_3b63cb1f23,U_d891a5d8bb,SPEND,-1175.01,REST,15856.1,2024-10-05T07:00:00,QR
WAL_a1cb99ac31,U_d891a5d8bb,SPEND,-1883.87,REST,13972.23,2024-09-24T00:00:00,QR
WAL_589a7f7039,U_2531c70481,LOAD,7087.75,DE,7087.75,2025-06-14T02:00:00,APP
WAL_5b8e1c709e,U_2531c70481,SPEND,-353.86,DE,6733.89,2025-06-14T02:00:00,QR
WAL_d4e8191213,U_2531c70481,SPEND,-2597.49,DE,4136.4,2025-06-06T17:00:00,QR
WAL_e89308626f,U_2531c70481,SPEND,-4638.47,DE,-502.07,2025-06-12T05:00:00,QR
WAL_b116a52563,U_2531c70481,LOAD,4401.65,DE,3899.58,2025-06-07T15:00:00,APP
WAL_9292ffa6b4,U_2531c70481,SPEND,-2175.16,DE,1724.42,2025-06-17T05:00:00,QR
WAL_591dfa6008,U_2531c70481,SPEND,-1141.45,DE,582.97,2025-06-03T19:00:00,QR
WAL_6bb801d941,U_2531c70481,SPEND,-2788.1,DE,-2205.13,2025-06-05T22:00:00,QR
WAL_f90dfdc7a9,U_2531c70481,LOAD,18878.69,DE,16673.56,2025-06-15T22:00:00,APP
WAL_e60f385975,U_2531c70481,SPEND,-1280.82,DE,15392.74,2025-06-15T22:00:00,QR
WAL_61f4d159b8,U_2531c70481,SPEND,-4978.35,DE,10414.39,2025-06-10T03:00:00,QR
WAL_a42d4995f2,U_2531c70481,LOAD,11726.55,DE,11726.55,2025-02-26T11:00:00,APP
WAL_ac4071f2ec,U_2531c70481,SPEND,-2262.02,DE,9464.53,2025-02-26T11:00:00,QR
WAL_cc10e531d9,U_2531c70481,SPEND,-2385.31,DE,7079.22,2025-02-19T17:00:00,QR
WAL_f4243fae22,U_bb58b6f608,LOAD,17929.39,REST,17929.39,2024-10-27T13:00:00,APP
WAL_64ce279450,U_bb58b6f608,SPEND,-1364.59,REST,16564.8,2024-10-27T13:00:00,QR
WAL_7edefb6e2d,U_bb58b6f608,SPEND,-2564.49,REST,14000.31,2024-10-26T15:00:00,QR
WAL_cabcf749ca,U_bb58b6f608,SPEND,-1360.34,REST,12639.97,2024-10-27T07:00:00,QR
WAL_153d30c640,U_bb58b6f608,SPEND,-2215.61,REST,10424.36,2024-10-24T20:00:00,QR
WAL_e42bfa44d3,U_bb58b6f608,SPEND,-1057.96,REST,9366.4,2024-10-27T06:00:00,QR
WAL_23ec2086a5,U_bb58b6f608,SPEND,-706.79,REST,8659.61,2024-10-23T02:00:00,QR
WAL_12f4e9135e,U_bb58b6f608,SPEND,-1786.53,REST,6873.08,2024-10-24T10:00:00,QR
WAL_f5191c993f,U_bb58b6f608,SPEND,-1925.83,REST,4947.25,2024-10-25T17:00:00,QR
WAL_dda4ecadd2,U_bb58b6f608,SPEND,-939.78,REST,4007.47,2024-10-28T10:00:00,QR
WAL_bca4867f2f,U_bb58b6f608,SPEND,-2003.16,REST,2004.31,2024-10-27T01:00:00,QR
WAL_af59c0a818,U_bb58b6f608,SPEND,-1924.43,REST,79.88,2024-10-24T06:00:00,QR
WAL_ec3e96f004,U_bb58b6f608,SPEND,-2142.42,REST,-2062.54,2024-10-27T20:00:00,QR
WAL_ea2e43f22b,U_bb58b6f608,LOAD,7521.39,REST,5458.85,2024-10-25T09:00:00,APP
WAL_c335ceb9ce,U_bb58b6f608,SPEND,-5254.82,REST,204.03,2024-10-25T09:00:00,QR
WAL_11e10b3bdb,U_bb58b6f608,SPEND,-1561.42,REST,-1357.39,2024-10-23T02:00:00,QR
WAL_7a80be0d9f,U_bb58b6f608,LOAD,12991.28,REST,11633.89,2024-10-28T03:00:00,APP
WAL_06e8773bc8,U_bb58b6f608,SPEND,-756.67,REST,10877.22,2024-10-28T03:00:00,QR
WAL_f2d4f15979,U_bb58b6f608,SPEND,-577.33,REST,10299.89,2024-10-27T05:00:00,QR
WAL_53f5bb017b,U_bb58b6f608,LOAD,9080.6,REST,9080.6,2026-03-23T17:00:00,APP
WAL_7091dca31e,U_bb58b6f608,SPEND,-1701.06,REST,7379.54,2026-03-23T17:00:00,QR
WAL_454857851d,U_bb58b6f608,SPEND,-1255.95,REST,6123.59,2026-03-10T20:00:00,QR
WAL_6a92400c54,U_bb58b6f608,SPEND,-1446.06,REST,4677.53,2026-03-07T09:00:00,QR
WAL_95e73436a3,U_bb58b6f608,SPEND,-1343.86,REST,3333.67,2026-03-05T05:00:00,QR
WAL_46d1dd4251,U_87313024e1,LOAD,23197.83,US,23197.83,2025-10-24T23:00:00,APP
WAL_7d845cd31f,U_87313024e1,SPEND,-2161.88,US,21035.95,2025-10-24T23:00:00,QR
WAL_5a225b418e,U_87313024e1,SPEND,-1187.39,US,19848.56,2025-11-05T05:00:00,QR
WAL_ffe849cfbd,U_87313024e1,SPEND,-747.08,US,19101.48,2025-10-31T21:00:00,QR
WAL_e4cde5db1a,U_87313024e1,SPEND,-1345.01,US,17756.47,2025-11-03T21:00:00,QR
WAL_286821fad5,U_87313024e1,SPEND,-2195.88,US,15560.59,2025-10-24T01:00:00,QR
WAL_38239e1615,U_87313024e1,SPEND,-1088.55,US,14472.04,2025-10-26T20:00:00,QR
WAL_443ac1ba78,U_87313024e1,SPEND,-1027.19,US,13444.85,2025-11-05T12:00:00,QR
WAL_188c2cf640,U_87313024e1,SPEND,-2286.38,US,11158.47,2025-11-06T16:00:00,QR
WAL_f9ad0c6886,U_87313024e1,SPEND,-332.14,US,10826.33,2025-10-23T15:00:00,QR
WAL_df69488499,U_2572fba926,LOAD,22538.7,CA,22538.7,2025-01-27T02:00:00,APP
WAL_81bd301ec3,U_2572fba926,SPEND,-2488.29,CA,20050.41,2025-01-23T06:00:00,QR
WAL_48fbc0aba1,U_d378bdb4e4,LOAD,13446.2,BD,13446.2,2026-02-21T00:00:00,APP
WAL_12d12bf2cb,U_d378bdb4e4,SPEND,-2436.79,BD,11009.41,2026-02-24T19:00:00,QR
WAL_bdef6ee400,U_d378bdb4e4,SPEND,-1083.95,BD,9925.46,2026-03-08T08:00:00,QR
WAL_7378320026,U_d378bdb4e4,SPEND,-1150.14,BD,8775.32,2026-03-02T13:00:00,QR
WAL_d1e98161e6,U_400697d0a3,LOAD,11245.4,US,11245.4,2026-06-02T22:00:00,APP
WAL_4576fbbcde,U_400697d0a3,SPEND,-776.66,US,10468.74,2026-06-02T22:00:00,QR
WAL_c163e54cc4,U_400697d0a3,SPEND,-1181.07,US,9287.67,2026-06-02T09:00:00,QR
WAL_6c75203c42,U_400697d0a3,SPEND,-2661.55,US,6626.12,2026-06-02T19:00:00,QR
WAL_f875753250,U_400697d0a3,SPEND,-822.58,US,5803.54,2026-05-26T14:00:00,QR
WAL_a36681e9fd,U_400697d0a3,SPEND,-2209.37,US,3594.17,2026-05-28T01:00:00,QR
WAL_a1a1a6bd1d,U_400697d0a3,SPEND,-1580.71,US,2013.46,2026-05-26T19:00:00,QR
WAL_ee0ea34294,U_94329ec455,LOAD,20391.6,NP,20391.6,2025-09-19T07:00:00,APP
WAL_19876e3891,U_94329ec455,SPEND,-1902.4,NP,18489.2,2025-09-24T05:00:00,QR
WAL_93ac5e759d,U_94329ec455,SPEND,-3875.57,NP,14613.63,2025-09-21T14:00:00,QR
WAL_c067045b36,U_94329ec455,SPEND,-1364.66,NP,13248.97,2025-09-19T15:00:00,QR
WAL_c94681106b,U_94329ec455,SPEND,-1211.7,NP,12037.27,2025-09-22T00:00:00,QR
WAL_892ec467fb,U_94329ec455,LOAD,14212.65,NP,14212.65,2025-02-16T23:00:00,APP
WAL_2cc07adaba,U_94329ec455,SPEND,-2502.57,NP,11710.08,2025-02-16T23:00:00,QR
WAL_ecdc0191d2,U_94329ec455,SPEND,-756.09,NP,10953.99,2025-02-23T09:00:00,QR
WAL_9e1154b539,U_0f8b4511be,LOAD,5245.74,AU,5245.74,2024-10-30T02:00:00,APP
WAL_c189ae8895,U_0f8b4511be,SPEND,-1822.73,AU,3423.01,2024-10-30T02:00:00,QR
WAL_36070520c7,U_0f8b4511be,SPEND,-4350.22,AU,-927.21,2024-10-17T21:00:00,QR
WAL_3eaab2a5d8,U_0f8b4511be,LOAD,2292.47,AU,1365.26,2024-10-18T14:00:00,APP
WAL_083a48ff8d,U_0f8b4511be,SPEND,-1414.72,AU,-49.46,2024-10-18T14:00:00,QR
WAL_de23a3cc92,U_0f8b4511be,LOAD,10976.66,AU,10927.2,2024-10-20T18:00:00,APP
WAL_fe3ff20a28,U_0f8b4511be,SPEND,-1159.49,AU,9767.71,2024-10-26T09:00:00,QR
WAL_483dec1e9a,U_0f8b4511be,SPEND,-825.03,AU,8942.68,2024-10-21T22:00:00,QR
WAL_d6f1fe5873,U_0f8b4511be,SPEND,-1292.2,AU,7650.48,2024-10-25T15:00:00,QR
WAL_c826cf7db1,U_0f8b4511be,SPEND,-2173.93,AU,5476.55,2024-10-27T21:00:00,QR
WAL_47b67f92ba,U_0f8b4511be,SPEND,-1687.8,AU,3788.75,2024-10-27T22:00:00,QR
WAL_dd723799d1,U_0f8b4511be,SPEND,-525.33,AU,3263.42,2024-10-29T23:00:00,QR
WAL_f1a9e90963,U_0f8b4511be,LOAD,11582.75,AU,11582.75,2025-01-03T11:00:00,APP
WAL_d345ebfc98,U_0f8b4511be,SPEND,-2133.37,AU,9449.38,2025-01-03T11:00:00,QR
WAL_b0bc60349b,U_0f8b4511be,SPEND,-3312.7,AU,6136.68,2025-01-05T19:00:00,QR
WAL_0d2e47751f,U_4412879689,LOAD,20167.58,BD,20167.58,2025-11-18T09:00:00,APP
WAL_9d07f0dcfc,U_4412879689,SPEND,-2097.43,BD,18070.15,2025-11-18T09:00:00,QR
WAL_3e33dac27b,U_4412879689,SPEND,-2431.51,BD,15638.64,2025-11-19T00:00:00,QR
WAL_61a9a52c5c,U_4412879689,SPEND,-2296.13,BD,13342.51,2025-11-08T02:00:00,QR
WAL_934a5e5ea7,U_4412879689,SPEND,-3845.07,BD,9497.44,2025-11-21T16:00:00,QR
WAL_aa7d95f876,U_4412879689,LOAD,4809.51,BD,4809.51,2025-03-05T02:00:00,APP
WAL_9c44702cd6,U_4412879689,SPEND,-1186.12,BD,3623.39,2025-02-18T07:00:00,QR
WAL_01ba4c1eed,U_4412879689,SPEND,-1485.28,BD,2138.11,2025-02-25T04:00:00,QR
WAL_e05b546d5a,U_4412879689,SPEND,-1288.45,BD,849.66,2025-02-17T21:00:00,QR
WAL_b39f6d1113,U_5bebf55872,LOAD,5686.54,REST,5686.54,2026-05-25T19:00:00,APP
WAL_d14f4aa5c8,U_5bebf55872,SPEND,-1486.22,REST,4200.32,2026-05-25T19:00:00,QR
WAL_1b0999c1b7,U_5bebf55872,SPEND,-1318.37,REST,2881.95,2026-05-23T05:00:00,QR
WAL_00e5e83b7c,U_5bebf55872,SPEND,-2115.54,REST,766.41,2026-05-27T06:00:00,QR
WAL_7884e30b66,U_5bebf55872,LOAD,22629.8,REST,22629.8,2026-05-13T23:00:00,APP
WAL_a92b4ee75d,U_5bebf55872,SPEND,-1424.01,REST,21205.79,2026-05-13T23:00:00,QR
WAL_09b45635f2,U_5bebf55872,SPEND,-2632.57,REST,18573.22,2026-05-15T20:00:00,QR
WAL_7c851c8ad2,U_5bebf55872,SPEND,-1017.45,REST,17555.77,2026-05-14T02:00:00,QR
WAL_6d396dfb79,U_5bebf55872,SPEND,-1636.23,REST,15919.54,2026-05-14T01:00:00,QR
WAL_b5f44563a3,U_5bebf55872,SPEND,-969.81,REST,14949.73,2026-05-14T16:00:00,QR
WAL_fafa4c4b2c,U_5bebf55872,SPEND,-2338.1,REST,12611.63,2026-05-15T04:00:00,QR
WAL_3d446f8ea4,U_c3b245a3ea,LOAD,21572.38,GB,21572.38,2025-03-10T18:00:00,APP
WAL_b26bb371bb,U_c3b245a3ea,SPEND,-1372.3,GB,20200.08,2025-03-10T18:00:00,QR
WAL_63dd3a789f,U_c3b245a3ea,SPEND,-2269.59,GB,17930.49,2025-02-26T21:00:00,QR
WAL_8d4ad5d50f,U_c3b245a3ea,SPEND,-946.51,GB,16983.98,2025-03-04T19:00:00,QR
WAL_54f3929d12,U_c3b245a3ea,SPEND,-1391.84,GB,15592.14,2025-03-03T00:00:00,QR
WAL_13342d32b4,U_c3b245a3ea,LOAD,2045.13,GB,2045.13,2025-01-26T06:00:00,APP
WAL_9e1303ab0d,U_c3b245a3ea,SPEND,-729.16,GB,1315.97,2025-01-27T05:00:00,QR
WAL_ec4208bbb5,U_c3b245a3ea,SPEND,-2161.15,GB,-845.18,2025-01-25T17:00:00,QR
WAL_593c847427,U_c3b245a3ea,LOAD,5175.83,GB,4330.65,2025-01-25T12:00:00,APP
WAL_abff5d73ec,U_c3b245a3ea,SPEND,-2032.77,GB,2297.88,2025-01-25T16:00:00,QR
WAL_d0314789b6,U_589aeaa163,LOAD,10539.7,MY,10539.7,2025-05-30T09:00:00,APP
WAL_aa7f128d21,U_589aeaa163,SPEND,-919.05,MY,9620.65,2025-05-30T09:00:00,QR
WAL_ace8970be5,U_589aeaa163,SPEND,-5083.59,MY,4537.06,2025-05-29T17:00:00,QR
WAL_3a1d71c6c4,U_589aeaa163,SPEND,-1945.39,MY,2591.67,2025-05-28T09:00:00,QR
WAL_5b88131aba,U_589aeaa163,SPEND,-2094.09,MY,497.58,2025-05-29T02:00:00,QR
WAL_78fb3fb76b,U_589aeaa163,SPEND,-4910.28,MY,-4412.7,2025-05-28T02:00:00,QR
WAL_98c34cabbd,U_589aeaa163,LOAD,14343.47,MY,9930.77,2025-05-30T17:00:00,APP
WAL_18d42e94a9,U_589aeaa163,SPEND,-2139.52,MY,7791.25,2025-05-29T01:00:00,QR
WAL_a416fed900,U_589aeaa163,SPEND,-1393.86,MY,6397.39,2025-05-29T09:00:00,QR
WAL_c53db40557,U_e98d770651,LOAD,5048.78,US,5048.78,2024-09-19T01:00:00,APP
WAL_3b5d230094,U_e98d770651,SPEND,-3176.27,US,1872.51,2024-09-18T13:00:00,QR
WAL_313b70906a,U_e98d770651,SPEND,-757.55,US,1114.96,2024-09-18T05:00:00,QR
WAL_b123f17c21,U_e98d770651,SPEND,-3566.4,US,-2451.44,2024-09-23T04:00:00,QR
WAL_8c918c9d91,U_e98d770651,LOAD,14947.78,US,12496.35,2024-09-18T10:00:00,APP
WAL_1f76deef0d,U_e98d770651,SPEND,-2896.71,US,9599.64,2024-09-18T10:00:00,QR
WAL_75031eb3b6,U_e98d770651,SPEND,-1570.03,US,8029.61,2024-09-18T07:00:00,QR
WAL_517218c7dc,U_e98d770651,SPEND,-1492.04,US,6537.57,2024-09-18T05:00:00,QR
WAL_17ce046ec7,U_e98d770651,LOAD,17396.5,US,17396.5,2024-12-18T03:00:00,APP
WAL_0b14ee1a4b,U_e98d770651,SPEND,-1756.19,US,15640.31,2024-12-12T05:00:00,QR
WAL_b9e025895e,U_e98d770651,SPEND,-1975.39,US,13664.92,2024-12-14T09:00:00,QR
WAL_1ba5f84ea8,U_aa66b8fce3,LOAD,2376.84,GB,2376.84,2025-08-22T23:00:00,APP
WAL_5be3f305d3,U_aa66b8fce3,SPEND,-1264.23,GB,1112.61,2025-08-21T20:00:00,QR
WAL_9239bdb4fb,U_aa66b8fce3,SPEND,-2089.76,GB,-977.15,2025-08-20T22:00:00,QR
WAL_2d4806becf,U_aa66b8fce3,LOAD,18102.74,GB,18102.74,2025-08-11T08:00:00,APP
WAL_0c96c70d8c,U_aa66b8fce3,SPEND,-2252.6,GB,15850.14,2025-08-03T23:00:00,QR
WAL_733edc328d,U_aa66b8fce3,SPEND,-2431.07,GB,13419.07,2025-08-03T06:00:00,QR
WAL_4ad7594fc2,U_aa66b8fce3,SPEND,-1549.7,GB,11869.37,2025-08-08T10:00:00,QR
WAL_b6aac82825,U_aa66b8fce3,SPEND,-4123.26,GB,7746.11,2025-08-14T23:00:00,QR
WAL_ba42adf065,U_aa66b8fce3,SPEND,-1454.93,GB,6291.18,2025-08-06T04:00:00,QR
WAL_9be964a36e,U_aa66b8fce3,SPEND,-1565.28,GB,4725.9,2025-08-12T21:00:00,QR
WAL_45e074d710,U_aa66b8fce3,SPEND,-2009.47,GB,2716.43,2025-08-05T14:00:00,QR
WAL_9ba42e8176,U_aa66b8fce3,SPEND,-796.76,GB,1919.67,2025-08-03T06:00:00,QR
WAL_d6772dab6b,U_aa66b8fce3,LOAD,15718.25,GB,15718.25,2026-05-06T12:00:00,APP
WAL_8719f6cfba,U_aa66b8fce3,SPEND,-474.02,GB,15244.23,2026-05-06T12:00:00,QR
WAL_5d43e27e7f,U_aa66b8fce3,SPEND,-2453.52,GB,12790.71,2026-05-03T15:00:00,QR
WAL_1ab24ac3d7,U_aa66b8fce3,SPEND,-717.19,GB,12073.52,2026-05-04T22:00:00,QR
WAL_8a86826b86,U_aa66b8fce3,LOAD,18699.61,GB,18699.61,2026-03-16T18:00:00,APP
WAL_3ed9fe92d2,U_aa66b8fce3,SPEND,-1597.68,GB,17101.93,2026-03-03T12:00:00,QR
WAL_bc5df4a745,U_aa66b8fce3,SPEND,-1643.56,GB,15458.37,2026-03-13T19:00:00,QR
WAL_9c8aab4411,U_aa66b8fce3,SPEND,-1118.85,GB,14339.52,2026-02-24T21:00:00,QR
WAL_903a97b528,U_aa66b8fce3,SPEND,-1154.02,GB,13185.5,2026-02-25T07:00:00,QR
WAL_9bb2eebcab,U_aa66b8fce3,SPEND,-1246.19,GB,11939.31,2026-03-08T11:00:00,QR
WAL_ef6c6d8d3e,U_aa66b8fce3,SPEND,-896.74,GB,11042.57,2026-03-06T13:00:00,QR
WAL_6e2b639769,U_aa66b8fce3,SPEND,-901.77,GB,10140.8,2026-03-12T14:00:00,QR
WAL_0d22487884,U_3b7b81e68f,LOAD,18911.86,REST,18911.86,2025-12-14T07:00:00,APP
WAL_d95473dde3,U_3b7b81e68f,SPEND,-3725.93,REST,15185.93,2025-12-14T07:00:00,QR
WAL_fcca617987,U_3b7b81e68f,SPEND,-806.99,REST,14378.94,2025-12-12T11:00:00,QR
WAL_d979a7a90d,U_3b7b81e68f,SPEND,-2110.26,REST,12268.68,2025-12-12T01:00:00,QR
WAL_068b1b56f0,U_3b7b81e68f,SPEND,-707.93,REST,11560.75,2025-12-21T09:00:00,QR
WAL_c264bed253,U_1a2f1e92b6,LOAD,24503.99,AE,24503.99,2026-04-03T07:00:00,APP
WAL_dcb9e118ea,U_1a2f1e92b6,SPEND,-1507.28,AE,22996.71,2026-04-03T05:00:00,QR
WAL_6554699682,U_1a2f1e92b6,SPEND,-1376.88,AE,21619.83,2026-04-01T00:00:00,QR
WAL_38f9d277cb,U_f06e5a8a0c,LOAD,4882.81,GB,4882.81,2026-05-03T22:00:00,APP
WAL_0814f3bf67,U_f06e5a8a0c,SPEND,-2009.41,GB,2873.4,2026-05-03T22:00:00,QR
WAL_5bf6856806,U_f06e5a8a0c,SPEND,-1838.89,GB,1034.51,2026-04-30T22:00:00,QR
WAL_687e2e626e,U_f06e5a8a0c,LOAD,23921.85,GB,23921.85,2026-01-26T12:00:00,APP
WAL_0987d122f4,U_f06e5a8a0c,SPEND,-1165.28,GB,22756.57,2026-01-26T12:00:00,QR
WAL_b9e623b150,U_f06e5a8a0c,SPEND,-5290.55,GB,17466.02,2026-02-08T11:00:00,QR
WAL_620a996dfd,U_f06e5a8a0c,SPEND,-1400.27,GB,16065.75,2026-02-06T01:00:00,QR
WAL_1c34e7cceb,U_f06e5a8a0c,SPEND,-1930.64,GB,14135.11,2026-01-28T14:00:00,QR
WAL_eef16decb1,U_f06e5a8a0c,SPEND,-1577.36,GB,12557.75,2026-01-25T10:00:00,QR
WAL_08c2e93b06,U_f06e5a8a0c,LOAD,5103.81,GB,5103.81,2025-08-13T23:00:00,APP
WAL_dcec23634c,U_f06e5a8a0c,SPEND,-675.51,GB,4428.3,2025-08-13T23:00:00,QR
WAL_bc4f44681f,U_f06e5a8a0c,SPEND,-1224.66,GB,3203.64,2025-08-15T10:00:00,QR
WAL_6c91b20942,U_f06e5a8a0c,SPEND,-565.68,GB,2637.96,2025-08-14T01:00:00,QR
WAL_c5642f2552,U_f06e5a8a0c,SPEND,-1117.34,GB,1520.62,2025-08-14T11:00:00,QR
WAL_2d41f56427,U_f06e5a8a0c,SPEND,-1426.09,GB,94.53,2025-08-15T17:00:00,QR
WAL_61b6fd2c50,U_f06e5a8a0c,SPEND,-1299.95,GB,-1205.42,2025-08-16T01:00:00,QR
WAL_016f1ca136,U_f06e5a8a0c,LOAD,9253.51,GB,8048.09,2025-08-15T00:00:00,APP
WAL_c6c4bb20ff,U_f06e5a8a0c,SPEND,-2511.29,GB,5536.8,2025-08-15T00:00:00,QR
WAL_c3660efc3a,U_f06e5a8a0c,SPEND,-421.1,GB,5115.7,2025-08-15T09:00:00,QR
WAL_845c7a7dc1,U_f06e5a8a0c,SPEND,-1498.51,GB,3617.19,2025-08-14T03:00:00,QR
WAL_03cf62daff,U_f06e5a8a0c,SPEND,-1977.32,GB,1639.87,2025-08-16T13:00:00,QR
WAL_1118a105fb,U_323cc36dce,LOAD,4158.28,REST,4158.28,2025-11-22T04:00:00,APP
WAL_491880ad59,U_323cc36dce,LOAD,14240.46,REST,14240.46,2024-11-21T11:00:00,APP
WAL_a4aeff24c8,U_323cc36dce,SPEND,-944.95,REST,13295.51,2024-11-21T11:00:00,QR
WAL_9ad93bb6a3,U_323cc36dce,SPEND,-1664.38,REST,11631.13,2024-11-23T07:00:00,QR
WAL_0878527e3c,U_323cc36dce,SPEND,-1099.08,REST,10532.05,2024-11-24T19:00:00,QR
WAL_e59ca2ef6e,U_323cc36dce,SPEND,-1278.92,REST,9253.13,2024-11-21T22:00:00,QR
WAL_c2eb8f1785,U_323cc36dce,SPEND,-1549.13,REST,7704.0,2024-11-23T06:00:00,QR
WAL_b13434b63d,U_323cc36dce,SPEND,-1712.8,REST,5991.2,2024-11-25T19:00:00,QR
WAL_4779655c85,U_323cc36dce,SPEND,-1395.94,REST,4595.26,2024-11-22T19:00:00,QR
WAL_6addb7fa97,U_323cc36dce,SPEND,-628.02,REST,3967.24,2024-11-22T19:00:00,QR
WAL_c5f5f5be78,U_7d0a3e435f,LOAD,4378.26,AU,4378.26,2025-12-31T16:00:00,APP
WAL_063b4959e8,U_7d0a3e435f,SPEND,-980.76,AU,3397.5,2025-12-31T16:00:00,QR
WAL_51aa35ad96,U_7d0a3e435f,SPEND,-992.61,AU,2404.89,2025-12-25T23:00:00,QR
WAL_96804b416e,U_7d0a3e435f,SPEND,-2592.52,AU,-187.63,2025-12-21T22:00:00,QR
WAL_50857a190c,U_7d0a3e435f,LOAD,17371.43,AU,17183.79,2025-12-28T09:00:00,APP
WAL_90e956e46b,U_7d0a3e435f,SPEND,-2239.81,AU,14943.98,2025-12-26T03:00:00,QR
WAL_1f5fa39195,U_7d0a3e435f,SPEND,-3848.13,AU,11095.85,2025-12-25T06:00:00,QR
WAL_c141f42222,U_7d0a3e435f,SPEND,-1995.34,AU,9100.51,2025-12-21T19:00:00,QR
WAL_6a722efa92,U_7d0a3e435f,SPEND,-2120.54,AU,6979.97,2025-12-29T11:00:00,QR
WAL_a37635a082,U_7d0a3e435f,SPEND,-4100.14,AU,2879.83,2025-12-23T05:00:00,QR
WAL_cae63dd956,U_7d0a3e435f,SPEND,-762.9,AU,2116.93,2025-12-31T08:00:00,QR
WAL_dd818d3b99,U_7d0a3e435f,SPEND,-1940.12,AU,176.81,2025-12-28T07:00:00,QR
WAL_3159ef63e2,U_7d0a3e435f,SPEND,-1257.42,AU,-1080.61,2025-12-31T09:00:00,QR
WAL_664a883971,U_7d0a3e435f,LOAD,18349.57,AU,17268.96,2025-12-20T07:00:00,APP
WAL_1af1ef5539,U_7d0a3e435f,SPEND,-1470.85,AU,15798.11,2025-12-22T10:00:00,QR
WAL_d085872817,U_7d0a3e435f,LOAD,3816.05,AU,3816.05,2025-05-08T15:00:00,APP
WAL_0459c31314,U_7d0a3e435f,SPEND,-3168.79,AU,647.26,2025-05-08T15:00:00,QR
WAL_06da5574c3,U_fb01c05e09,LOAD,6754.2,GB,6754.2,2025-12-28T22:00:00,APP
WAL_00efb5e1d1,U_fb01c05e09,SPEND,-1002.66,GB,5751.54,2025-12-28T22:00:00,QR
WAL_128778e2eb,U_fb01c05e09,SPEND,-1247.26,GB,4504.28,2025-12-24T08:00:00,QR
WAL_e51aedb592,U_fb01c05e09,SPEND,-361.46,GB,4142.82,2025-12-30T11:00:00,QR
WAL_0eafdb8ccc,U_fb01c05e09,SPEND,-626.02,GB,3516.8,2026-01-01T21:00:00,QR
WAL_25980648c8,U_fb01c05e09,SPEND,-892.57,GB,2624.23,2025-12-26T05:00:00,QR
WAL_71b8f12188,U_fb01c05e09,SPEND,-1155.74,GB,1468.49,2025-12-28T18:00:00,QR
WAL_118baa6896,U_fb01c05e09,SPEND,-1274.69,GB,193.8,2026-01-05T12:00:00,QR
WAL_0e6d66f4f4,U_fb01c05e09,SPEND,-2735.02,GB,-2541.22,2025-12-31T20:00:00,QR
WAL_256c585fa4,U_fb01c05e09,LOAD,6743.33,GB,4202.11,2025-12-24T18:00:00,APP
WAL_c6965605c6,U_fb01c05e09,SPEND,-671.23,GB,3530.88,2025-12-24T18:00:00,QR
WAL_10021f325f,U_fb01c05e09,LOAD,16172.07,GB,16172.07,2026-06-13T14:00:00,APP
WAL_9e841bea9c,U_b03189887d,LOAD,14124.88,GB,14124.88,2024-11-28T00:00:00,APP
WAL_d4e11c9f36,U_b03189887d,SPEND,-3762.28,GB,10362.6,2024-11-28T00:00:00,QR
WAL_5bd07899a4,U_b03189887d,SPEND,-878.05,GB,9484.55,2024-11-30T17:00:00,QR
WAL_bc7eaf3a95,U_b03189887d,SPEND,-2568.95,GB,6915.6,2024-11-25T04:00:00,QR
WAL_5684c2a6f1,U_21c6d90b18,LOAD,24555.74,SG,24555.74,2025-12-04T02:00:00,APP
WAL_f47f2a61cd,U_21c6d90b18,SPEND,-3589.14,SG,20966.6,2025-12-04T02:00:00,QR
WAL_a046eb0661,U_563a9c4c03,LOAD,23894.21,REST,23894.21,2025-04-04T15:00:00,APP
WAL_05053c80d3,U_563a9c4c03,SPEND,-1612.67,REST,22281.54,2025-04-04T00:00:00,QR
WAL_a09420b1f2,U_563a9c4c03,SPEND,-1124.63,REST,21156.91,2025-04-01T02:00:00,QR
WAL_12a2fdbed6,U_563a9c4c03,LOAD,21444.14,REST,21444.14,2025-09-21T19:00:00,APP
WAL_2676197330,U_563a9c4c03,SPEND,-1958.97,REST,19485.17,2025-09-24T07:00:00,QR
WAL_804471ff56,U_563a9c4c03,SPEND,-1841.57,REST,17643.6,2025-09-26T05:00:00,QR
WAL_6bca4e4a21,U_563a9c4c03,SPEND,-6375.9,REST,11267.7,2025-09-20T20:00:00,QR
WAL_5d97cda738,U_563a9c4c03,SPEND,-662.0,REST,10605.7,2025-09-27T08:00:00,QR
WAL_bef9d3088a,U_563a9c4c03,SPEND,-1383.13,REST,9222.57,2025-10-01T03:00:00,QR
WAL_0ed623c728,U_563a9c4c03,SPEND,-2535.8,REST,6686.77,2025-10-01T20:00:00,QR
WAL_12156b64f4,U_563a9c4c03,SPEND,-1562.35,REST,5124.42,2025-09-30T22:00:00,QR
WAL_6ac2933aca,U_563a9c4c03,SPEND,-4268.27,REST,856.15,2025-09-26T14:00:00,QR
WAL_e5a3441022,U_563a9c4c03,SPEND,-1369.95,REST,-513.8,2025-09-23T09:00:00,QR
WAL_87fc3f087c,U_563a9c4c03,LOAD,13635.26,REST,13121.46,2025-09-26T17:00:00,APP
WAL_55bdfb9bdc,U_563a9c4c03,SPEND,-1308.61,REST,11812.85,2025-09-26T17:00:00,QR
WAL_62af86b0f8,U_563a9c4c03,LOAD,6714.95,REST,6714.95,2025-07-22T20:00:00,APP
WAL_8aaea304b1,U_563a9c4c03,SPEND,-1593.5,REST,5121.45,2025-07-19T02:00:00,QR
WAL_49972885f4,U_563a9c4c03,SPEND,-1924.47,REST,3196.98,2025-07-17T16:00:00,QR
WAL_b61fd783d0,U_c459eda5eb,LOAD,3828.41,GB,3828.41,2024-10-06T02:00:00,APP
WAL_ebd42b3c13,U_c459eda5eb,SPEND,-2346.36,GB,1482.05,2024-10-05T23:00:00,QR
WAL_a96ad03f9e,U_c459eda5eb,SPEND,-1064.88,GB,417.17,2024-10-11T10:00:00,QR
WAL_c628062b93,U_c459eda5eb,SPEND,-1890.26,GB,-1473.09,2024-10-08T07:00:00,QR
WAL_fcb430e542,U_c459eda5eb,LOAD,10822.04,GB,9348.95,2024-10-10T13:00:00,APP
WAL_ef9fb92806,U_c459eda5eb,SPEND,-1360.54,GB,7988.41,2024-10-10T13:00:00,QR
WAL_6db4e2ccaf,U_c459eda5eb,SPEND,-1033.49,GB,6954.92,2024-10-11T00:00:00,QR
WAL_df2a318f4d,U_c459eda5eb,SPEND,-1530.64,GB,5424.28,2024-10-12T02:00:00,QR
WAL_6769e5eb3c,U_c459eda5eb,SPEND,-1932.08,GB,3492.2,2024-10-07T10:00:00,QR
WAL_b6dd2cf897,U_c459eda5eb,SPEND,-1640.61,GB,1851.59,2024-10-06T15:00:00,QR
WAL_f0bb926011,U_bc35bd409b,LOAD,18117.31,REST,18117.31,2025-04-18T11:00:00,APP
WAL_dae33ec560,U_bc35bd409b,SPEND,-961.9,REST,17155.41,2025-04-18T11:00:00,QR
WAL_df9fa23f5e,U_bc35bd409b,SPEND,-2512.49,REST,14642.92,2025-04-16T03:00:00,QR
WAL_90dfa90448,U_bc35bd409b,SPEND,-1099.01,REST,13543.91,2025-04-20T10:00:00,QR
WAL_f7714048bb,U_bc35bd409b,SPEND,-2304.98,REST,11238.93,2025-04-19T20:00:00,QR
WAL_b2c9aae4f9,U_bc35bd409b,SPEND,-1181.22,REST,10057.71,2025-04-17T23:00:00,QR
WAL_956105daae,U_bc35bd409b,SPEND,-1106.5,REST,8951.21,2025-04-19T02:00:00,QR
WAL_091672d114,U_bc35bd409b,LOAD,17307.65,REST,17307.65,2025-10-28T12:00:00,APP
WAL_3bbe59c689,U_bc35bd409b,SPEND,-4532.4,REST,12775.25,2025-10-28T12:00:00,QR
WAL_ce855fae74,U_bc35bd409b,SPEND,-2179.69,REST,10595.56,2025-11-04T03:00:00,QR
WAL_70fe1da8d9,U_bc35bd409b,SPEND,-2391.5,REST,8204.06,2025-11-01T10:00:00,QR
WAL_d3179d910a,U_bc35bd409b,SPEND,-2972.4,REST,5231.66,2025-10-28T16:00:00,QR
WAL_be9a6f0cab,U_1bb81d7841,LOAD,7481.32,LK,7481.32,2025-12-19T22:00:00,APP
WAL_fc853158f0,U_1bb81d7841,SPEND,-1487.17,LK,5994.15,2025-12-18T14:00:00,QR
WAL_f390355325,U_1bb81d7841,LOAD,8309.36,LK,8309.36,2025-01-02T23:00:00,APP
WAL_899ac22d97,U_1bb81d7841,SPEND,-1430.33,LK,6879.03,2025-01-02T23:00:00,QR
WAL_0e08b2b275,U_1bb81d7841,SPEND,-1530.13,LK,5348.9,2025-01-04T05:00:00,QR
WAL_70ee1cb23f,U_1bb81d7841,SPEND,-2304.86,LK,3044.04,2025-01-05T22:00:00,QR
WAL_6093a1351a,U_1bb81d7841,SPEND,-1660.94,LK,1383.1,2025-01-04T11:00:00,QR
WAL_4fbf2de3b2,U_1bb81d7841,SPEND,-2128.31,LK,-745.21,2025-01-03T20:00:00,QR
WAL_0560dc826e,U_1bb81d7841,LOAD,5816.65,LK,5071.44,2025-01-06T12:00:00,APP
WAL_91e6cafd51,U_1bb81d7841,SPEND,-819.16,LK,4252.28,2025-01-06T12:00:00,QR
WAL_a831e746da,U_1bb81d7841,SPEND,-803.05,LK,3449.23,2025-01-01T11:00:00,QR
WAL_4ac4c505d1,U_1bb81d7841,LOAD,2941.36,LK,2941.36,2026-06-04T05:00:00,APP
WAL_55e7765d2f,U_483f7daf98,LOAD,18928.44,US,18928.44,2025-06-16T16:00:00,APP
WAL_65055c198b,U_483f7daf98,SPEND,-499.44,US,18429.0,2025-06-16T16:00:00,QR
WAL_31398c80f3,U_483f7daf98,SPEND,-2573.27,US,15855.73,2025-06-16T11:00:00,QR
WAL_dafd944bcc,U_483f7daf98,SPEND,-1213.13,US,14642.6,2025-06-18T16:00:00,QR
WAL_61cce760f3,U_483f7daf98,SPEND,-1626.2,US,13016.4,2025-06-17T11:00:00,QR
WAL_5be9818e86,U_483f7daf98,SPEND,-596.79,US,12419.61,2025-06-24T14:00:00,QR
WAL_48d762b5f9,U_483f7daf98,SPEND,-2178.89,US,10240.72,2025-06-15T01:00:00,QR
WAL_eda4fac551,U_483f7daf98,LOAD,10449.12,US,10449.12,2025-08-24T19:00:00,APP
WAL_2d6e2f5725,U_483f7daf98,SPEND,-1182.43,US,9266.69,2025-08-23T01:00:00,QR
WAL_222e4ae4ca,U_483f7daf98,SPEND,-2929.39,US,6337.3,2025-08-23T05:00:00,QR
WAL_4792142274,U_483f7daf98,SPEND,-2651.93,US,3685.37,2025-08-25T14:00:00,QR
WAL_e684066d66,U_8a2fe9c389,LOAD,13031.52,AE,13031.52,2024-12-27T02:00:00,APP
WAL_d3b4e0ace4,U_8a2fe9c389,SPEND,-1956.16,AE,11075.36,2024-12-27T02:00:00,QR
WAL_2c1b2ede45,U_8a2fe9c389,SPEND,-855.17,AE,10220.19,2024-12-27T02:00:00,QR
WAL_cb7c5d9f51,U_8a2fe9c389,SPEND,-586.11,AE,9634.08,2024-12-27T15:00:00,QR
WAL_5d6bf2ea4b,U_8a2fe9c389,SPEND,-1795.9,AE,7838.18,2024-12-25T20:00:00,QR
WAL_b718d91d91,U_8a2fe9c389,SPEND,-2790.96,AE,5047.22,2024-12-25T09:00:00,QR
WAL_29884e69f6,U_37be353147,LOAD,20917.82,GB,20917.82,2025-10-19T21:00:00,APP
WAL_02090cf984,U_37be353147,SPEND,-2529.02,GB,18388.8,2025-10-19T21:00:00,QR
WAL_d166bb1c40,U_37be353147,SPEND,-2262.27,GB,16126.53,2025-10-15T17:00:00,QR
WAL_7c76019b5d,U_37be353147,SPEND,-1609.07,GB,14517.46,2025-10-17T20:00:00,QR
WAL_ec488e4c43,U_37be353147,LOAD,8775.17,GB,8775.17,2025-11-05T12:00:00,APP
WAL_69883b884b,U_37be353147,SPEND,-880.4,GB,7894.77,2025-11-05T12:00:00,QR
WAL_d2ce2893bc,U_37be353147,SPEND,-1905.86,GB,5988.91,2025-10-22T15:00:00,QR
WAL_808eb5fe14,U_37be353147,SPEND,-1633.81,GB,4355.1,2025-11-04T19:00:00,QR
WAL_44bb20af3c,U_37be353147,SPEND,-3221.56,GB,1133.54,2025-11-02T01:00:00,QR
WAL_0b1cd6aba8,U_37be353147,SPEND,-2859.33,GB,-1725.79,2025-10-22T10:00:00,QR
WAL_1fd2eecc48,U_37be353147,LOAD,12295.83,GB,10570.04,2025-11-04T02:00:00,APP
WAL_83d2913dd4,U_37be353147,SPEND,-3652.39,GB,6917.65,2025-11-04T02:00:00,QR
WAL_a90e32fcd9,U_37be353147,SPEND,-620.99,GB,6296.66,2025-10-29T18:00:00,QR
WAL_9101bb5969,U_37be353147,LOAD,20135.12,GB,20135.12,2025-03-03T11:00:00,APP
WAL_59284ff1c7,U_37be353147,SPEND,-786.06,GB,19349.06,2025-03-02T10:00:00,QR
WAL_bf19230ef5,U_37be353147,SPEND,-2237.07,GB,17111.99,2025-03-04T05:00:00,QR
WAL_dd57cafe06,U_37be353147,SPEND,-2187.85,GB,14924.14,2025-03-05T02:00:00,QR
WAL_b9bb9359af,U_37be353147,SPEND,-851.46,GB,14072.68,2025-03-02T11:00:00,QR
WAL_ef483020db,U_37be353147,SPEND,-589.45,GB,13483.23,2025-03-02T02:00:00,QR
WAL_6fc238852f,U_37be353147,LOAD,5243.77,GB,5243.77,2025-07-29T11:00:00,APP
WAL_92fb2e0496,U_37be353147,SPEND,-922.25,GB,4321.52,2025-08-05T16:00:00,QR
WAL_f2f358f94a,U_37be353147,SPEND,-2634.6,GB,1686.92,2025-07-21T08:00:00,QR
WAL_7f255880e9,U_37be353147,SPEND,-962.6,GB,724.32,2025-07-27T17:00:00,QR
WAL_1ca8a4bef5,U_37be353147,SPEND,-592.41,GB,131.91,2025-07-27T12:00:00,QR
WAL_bdd491c734,U_37be353147,SPEND,-3111.53,GB,-2979.62,2025-07-19T16:00:00,QR
WAL_fc23457118,U_e1f53f2b29,LOAD,22673.93,CA,22673.93,2025-12-04T03:00:00,APP
WAL_cba72f8bb7,U_e1f53f2b29,SPEND,-1179.72,CA,21494.21,2025-12-04T00:00:00,QR
WAL_95687d0333,U_e1f53f2b29,LOAD,17691.94,CA,17691.94,2025-12-11T07:00:00,APP
WAL_d357090d84,U_e1f53f2b29,SPEND,-542.02,CA,17149.92,2025-12-11T07:00:00,QR
WAL_580359e2e4,U_e1f53f2b29,SPEND,-1788.52,CA,15361.4,2025-12-10T13:00:00,QR
WAL_ac555437dd,U_e1f53f2b29,LOAD,12069.67,CA,12069.67,2024-08-19T06:00:00,APP
WAL_94fc1d6546,U_e1f53f2b29,SPEND,-3611.26,CA,8458.41,2024-08-19T06:00:00,QR
WAL_22b4bdf1f8,U_e1f53f2b29,SPEND,-2638.58,CA,5819.83,2024-08-20T15:00:00,QR
WAL_c6e1b558b2,U_e1f53f2b29,SPEND,-1869.92,CA,3949.91,2024-08-21T22:00:00,QR
WAL_49917a78ab,U_9268b426a5,LOAD,15621.4,CA,15621.4,2025-01-31T07:00:00,APP
WAL_1b171ca6aa,U_9268b426a5,SPEND,-2435.03,CA,13186.37,2025-01-31T07:00:00,QR
WAL_4498ffaa7d,U_9268b426a5,SPEND,-2023.25,CA,11163.12,2025-02-13T21:00:00,QR
WAL_878747a7ce,U_9268b426a5,SPEND,-1643.56,CA,9519.56,2025-02-06T23:00:00,QR
WAL_c2722e840d,U_9268b426a5,SPEND,-878.84,CA,8640.72,2025-02-02T16:00:00,QR
WAL_9c328586a8,U_9268b426a5,SPEND,-808.92,CA,7831.8,2025-02-19T06:00:00,QR
WAL_fc6ddfd44a,U_9268b426a5,SPEND,-2563.91,CA,5267.89,2025-02-18T08:00:00,QR
WAL_45a20d13d6,U_9268b426a5,SPEND,-614.93,CA,4652.96,2025-01-30T20:00:00,QR
WAL_f0d1f74c5c,U_9268b426a5,SPEND,-920.33,CA,3732.63,2025-02-07T22:00:00,QR
WAL_88c7b68e5c,U_9268b426a5,SPEND,-1963.19,CA,1769.44,2025-02-18T16:00:00,QR
WAL_da2d19ae29,U_9268b426a5,SPEND,-1901.47,CA,-132.03,2025-02-12T19:00:00,QR
WAL_323377e7ca,U_b71bed5862,LOAD,10396.1,REST,10396.1,2025-01-08T10:00:00,APP
WAL_d3186ec5c4,U_b71bed5862,SPEND,-3130.42,REST,7265.68,2025-01-08T10:00:00,QR
WAL_f44718b589,U_b71bed5862,SPEND,-3465.03,REST,3800.65,2025-01-06T11:00:00,QR
WAL_c987669fb0,U_b71bed5862,SPEND,-3041.82,REST,758.83,2025-01-08T19:00:00,QR
WAL_4e78814a5a,U_b71bed5862,SPEND,-877.63,REST,-118.8,2025-01-05T01:00:00,QR
WAL_8efb25a56f,U_b71bed5862,LOAD,10617.46,REST,10498.66,2025-01-05T14:00:00,APP
WAL_e9bf49dedc,U_b71bed5862,SPEND,-1978.91,REST,8519.75,2025-01-05T14:00:00,QR
WAL_a479bc92a1,U_b71bed5862,SPEND,-1678.36,REST,6841.39,2025-01-11T10:00:00,QR
WAL_2e26272b48,U_b71bed5862,SPEND,-358.81,REST,6482.58,2025-01-05T19:00:00,QR
WAL_2a84034054,U_b71bed5862,SPEND,-910.68,REST,5571.9,2025-01-05T18:00:00,QR
WAL_26f20da2d2,U_b71bed5862,SPEND,-2614.86,REST,2957.04,2025-01-07T16:00:00,QR
WAL_043dd1798a,U_b71bed5862,LOAD,17417.83,REST,17417.83,2025-12-19T21:00:00,APP
WAL_5af5074c39,U_b71bed5862,SPEND,-542.55,REST,16875.28,2025-12-19T16:00:00,QR
WAL_20b6511a24,U_1e0d50a553,LOAD,4044.5,BD,4044.5,2025-01-16T17:00:00,APP
WAL_28a995b175,U_1e0d50a553,SPEND,-1614.08,BD,2430.42,2025-01-16T17:00:00,QR
WAL_2e333ddce1,U_1e0d50a553,SPEND,-2110.67,BD,319.75,2025-01-01T03:00:00,QR
WAL_2de4fbf97e,U_1e0d50a553,LOAD,24959.24,BD,24959.24,2024-10-10T04:00:00,APP
WAL_ddeb9cd5c0,U_1e0d50a553,SPEND,-1143.49,BD,23815.75,2024-10-10T04:00:00,QR
WAL_6b2e678199,U_1e0d50a553,SPEND,-856.72,BD,22959.03,2024-10-04T01:00:00,QR
WAL_814d35c93f,U_1e0d50a553,SPEND,-1293.47,BD,21665.56,2024-10-16T22:00:00,QR
WAL_71ef4a3b0b,U_1e0d50a553,SPEND,-3588.28,BD,18077.28,2024-10-14T03:00:00,QR
WAL_5eda722dee,U_1e0d50a553,SPEND,-435.79,BD,17641.49,2024-10-04T09:00:00,QR
WAL_ccd56a4182,U_14ed603b59,LOAD,15060.07,REST,15060.07,2026-02-19T02:00:00,APP
WAL_d37af2465d,U_14ed603b59,SPEND,-1074.6,REST,13985.47,2026-02-19T02:00:00,QR
WAL_5fd8d8d294,U_14ed603b59,SPEND,-2941.26,REST,11044.21,2026-02-18T19:00:00,QR
WAL_1dc18b727a,U_14ed603b59,SPEND,-920.36,REST,10123.85,2026-02-15T16:00:00,QR
WAL_b98f067ba3,U_14ed603b59,SPEND,-3313.29,REST,6810.56,2026-02-20T05:00:00,QR
WAL_69f9140420,U_14ed603b59,SPEND,-1556.61,REST,5253.95,2026-02-10T01:00:00,QR
WAL_4a8fca3431,U_14ed603b59,SPEND,-378.01,REST,4875.94,2026-02-22T11:00:00,QR
WAL_32fa27f709,U_14ed603b59,SPEND,-2814.15,REST,2061.79,2026-02-10T07:00:00,QR
WAL_322ea16ff0,U_bd4adc6a5f,LOAD,19692.7,US,19692.7,2025-07-18T17:00:00,APP
WAL_2e227d6539,U_bd4adc6a5f,SPEND,-753.47,US,18939.23,2025-07-18T17:00:00,QR
WAL_32968bb04c,U_bd4adc6a5f,SPEND,-741.16,US,18198.07,2025-07-28T20:00:00,QR
WAL_c1e55a2833,U_bd4adc6a5f,SPEND,-1915.63,US,16282.44,2025-07-19T08:00:00,QR
WAL_289ea39de9,U_bd4adc6a5f,SPEND,-1421.64,US,14860.8,2025-07-24T20:00:00,QR
WAL_0f97cb539f,U_bd4adc6a5f,SPEND,-1078.36,US,13782.44,2025-07-27T14:00:00,QR
WAL_30fa81897f,U_bd4adc6a5f,SPEND,-1190.1,US,12592.34,2025-07-26T20:00:00,QR
WAL_84fcf67ec7,U_bd4adc6a5f,SPEND,-1052.9,US,11539.44,2025-07-20T06:00:00,QR
WAL_509cdf00d0,U_bd4adc6a5f,SPEND,-1142.76,US,10396.68,2025-07-19T01:00:00,QR
WAL_6448dbc6a9,U_bd4adc6a5f,SPEND,-803.63,US,9593.05,2025-07-22T10:00:00,QR
WAL_aa21a51f86,U_bd4adc6a5f,SPEND,-2926.35,US,6666.7,2025-07-18T05:00:00,QR
WAL_d2c2648c52,U_d3778e580b,LOAD,23529.37,AE,23529.37,2026-06-17T07:00:00,APP
WAL_27356d68c3,U_d3778e580b,SPEND,-2388.2,AE,21141.17,2026-06-15T11:00:00,QR
WAL_ad9628b226,U_d3778e580b,SPEND,-489.67,AE,20651.5,2026-06-07T09:00:00,QR
WAL_98ada13598,U_d3778e580b,SPEND,-4874.61,AE,15776.89,2026-06-16T09:00:00,QR
WAL_f6c277f1b2,U_d3778e580b,SPEND,-1075.27,AE,14701.62,2026-06-17T17:00:00,QR
WAL_cb60103eb3,U_d3778e580b,SPEND,-3226.08,AE,11475.54,2026-06-07T07:00:00,QR
WAL_2fba2a4f38,U_d3778e580b,SPEND,-1939.24,AE,9536.3,2026-06-14T06:00:00,QR
WAL_44de88c412,U_d3778e580b,SPEND,-1192.04,AE,8344.26,2026-06-09T11:00:00,QR
WAL_328a7ae9f8,U_d3778e580b,SPEND,-1709.65,AE,6634.61,2026-06-13T21:00:00,QR
WAL_5b52a2ea57,U_d3778e580b,LOAD,24567.81,AE,24567.81,2026-03-13T02:00:00,APP
WAL_30c9039ba8,U_d3778e580b,SPEND,-2719.4,AE,21848.41,2026-03-13T02:00:00,QR
WAL_846307aafe,U_d3778e580b,LOAD,14390.23,AE,14390.23,2024-11-24T01:00:00,APP
WAL_53c748e39d,U_d3778e580b,SPEND,-1902.27,AE,12487.96,2024-11-24T01:00:00,QR
WAL_d9aed8dc7b,U_d3778e580b,SPEND,-1727.11,AE,10760.85,2024-11-23T11:00:00,QR
WAL_124cb8e5f1,U_d3778e580b,SPEND,-2086.84,AE,8674.01,2024-11-26T02:00:00,QR
WAL_7b7f14b684,U_d3778e580b,SPEND,-1308.66,AE,7365.35,2024-11-25T14:00:00,QR
WAL_2e2d31af85,U_d3778e580b,SPEND,-1729.29,AE,5636.06,2024-11-27T00:00:00,QR
WAL_bcafe8894e,U_d3778e580b,SPEND,-1140.29,AE,4495.77,2024-11-26T21:00:00,QR
WAL_11c515535c,U_d3778e580b,SPEND,-2560.53,AE,1935.24,2024-11-27T17:00:00,QR
WAL_61076936e9,U_d3778e580b,SPEND,-977.29,AE,957.95,2024-11-23T03:00:00,QR
WAL_e9fb93e415,U_14d4ccaffc,LOAD,15411.41,US,15411.41,2024-09-18T06:00:00,APP
WAL_a5bf41826b,U_14d4ccaffc,SPEND,-3669.33,US,11742.08,2024-09-18T06:00:00,QR
WAL_654193e90d,U_14d4ccaffc,SPEND,-979.96,US,10762.12,2024-09-10T10:00:00,QR
WAL_3578910067,U_f4fc14c6db,LOAD,2007.71,SG,2007.71,2026-05-09T12:00:00,APP
WAL_13b5703226,U_f4fc14c6db,SPEND,-4590.68,SG,-2582.97,2026-05-09T12:00:00,QR
WAL_ace5ff4958,U_4787b05f24,LOAD,23106.23,BD,23106.23,2026-03-05T10:00:00,APP
WAL_46307849e4,U_4787b05f24,SPEND,-571.92,BD,22534.31,2026-03-07T10:00:00,QR
WAL_8af5132161,U_4787b05f24,SPEND,-2720.88,BD,19813.43,2026-03-05T08:00:00,QR
WAL_7f3c47a930,U_4787b05f24,SPEND,-1151.03,BD,18662.4,2026-02-20T15:00:00,QR
WAL_460a2416ae,U_dfee5d1801,LOAD,22815.81,CA,22815.81,2025-09-25T16:00:00,APP
WAL_740ca72e3a,U_dfee5d1801,SPEND,-2174.96,CA,20640.85,2025-09-25T16:00:00,QR
WAL_aa9c835ead,U_ff7c4ad7eb,LOAD,11002.0,AU,11002.0,2026-03-11T23:00:00,APP
WAL_feb77d7e47,U_ff7c4ad7eb,SPEND,-708.42,AU,10293.58,2026-03-11T23:00:00,QR
WAL_851897a7c0,U_ff7c4ad7eb,SPEND,-1016.11,AU,9277.47,2026-03-16T18:00:00,QR
WAL_9f7f5a3b90,U_ff7c4ad7eb,SPEND,-825.06,AU,8452.41,2026-03-17T10:00:00,QR
WAL_d52867e0a0,U_ff7c4ad7eb,SPEND,-2061.43,AU,6390.98,2026-03-22T18:00:00,QR
WAL_6c2f3a6b07,U_ff7c4ad7eb,SPEND,-894.42,AU,5496.56,2026-03-16T19:00:00,QR
WAL_c1310af42e,U_ff7c4ad7eb,SPEND,-1065.49,AU,4431.07,2026-03-16T11:00:00,QR
WAL_e67aabafe3,U_ff7c4ad7eb,SPEND,-2893.19,AU,1537.88,2026-03-24T05:00:00,QR
WAL_185385cad0,U_ff7c4ad7eb,LOAD,15663.88,AU,15663.88,2026-01-26T05:00:00,APP
WAL_f6167e19f9,U_ff7c4ad7eb,SPEND,-3645.8,AU,12018.08,2026-01-26T05:00:00,QR
WAL_393cb7619e,U_ff7c4ad7eb,SPEND,-2861.71,AU,9156.37,2026-01-25T23:00:00,QR
WAL_490b470496,U_ff7c4ad7eb,SPEND,-1208.51,AU,7947.86,2026-01-28T22:00:00,QR
WAL_1389917219,U_ff7c4ad7eb,SPEND,-1931.8,AU,6016.06,2026-01-25T10:00:00,QR
WAL_b58bd13bad,U_ff7c4ad7eb,SPEND,-910.56,AU,5105.5,2026-01-26T03:00:00,QR
WAL_93d6b48f1e,U_ff7c4ad7eb,SPEND,-2371.03,AU,2734.47,2026-01-28T20:00:00,QR
WAL_20b34e5a9c,U_ff7c4ad7eb,SPEND,-2052.85,AU,681.62,2026-01-25T07:00:00,QR
WAL_2079330149,U_ff7c4ad7eb,SPEND,-1223.91,AU,-542.29,2026-01-23T00:00:00,QR
WAL_aaa0cfabbc,U_9b2c582e87,LOAD,15279.52,DE,15279.52,2026-07-23T19:00:00,APP
WAL_ede85a8b6c,U_9b2c582e87,SPEND,-565.08,DE,14714.44,2026-07-21T18:00:00,QR
WAL_c1d5fd9470,U_9b2c582e87,SPEND,-573.96,DE,14140.48,2026-07-18T04:00:00,QR
WAL_df111ca762,U_9b2c582e87,SPEND,-748.63,DE,13391.85,2026-07-12T19:00:00,QR
WAL_7263c64605,U_9b2c582e87,SPEND,-567.42,DE,12824.43,2026-07-14T07:00:00,QR
WAL_ec2b117e93,U_9b2c582e87,SPEND,-2035.78,DE,10788.65,2026-07-18T09:00:00,QR
WAL_b646e2f4dd,U_9b2c582e87,SPEND,-2259.09,DE,8529.56,2026-07-20T23:00:00,QR
WAL_748f412659,U_9b2c582e87,SPEND,-3147.45,DE,5382.11,2026-07-11T10:00:00,QR
WAL_df736d4e2a,U_9b2c582e87,SPEND,-1136.98,DE,4245.13,2026-07-10T17:00:00,QR
WAL_8ce7df6d47,U_9b2c582e87,SPEND,-2001.81,DE,2243.32,2026-07-22T04:00:00,QR
WAL_818c752409,U_9b2c582e87,SPEND,-3976.33,DE,-1733.01,2026-07-13T19:00:00,QR
WAL_1b1c19f372,U_9b2c582e87,LOAD,23454.89,DE,21721.88,2026-07-12T03:00:00,APP
WAL_4009757dc8,U_9b2c582e87,SPEND,-2684.18,DE,19037.7,2026-07-22T12:00:00,QR
WAL_dd499aae20,U_9b2c582e87,LOAD,18335.72,DE,18335.72,2025-02-26T22:00:00,APP
WAL_7ebf97b955,U_9b2c582e87,SPEND,-2770.39,DE,15565.33,2025-02-26T22:00:00,QR
WAL_3be63bef3d,U_9b2c582e87,SPEND,-1566.09,DE,13999.24,2025-02-17T08:00:00,QR
WAL_d3f2e1a3dd,U_9b2c582e87,SPEND,-734.79,DE,13264.45,2025-02-24T03:00:00,QR
WAL_6734d11b35,U_9b2c582e87,SPEND,-2436.12,DE,10828.33,2025-03-01T15:00:00,QR
WAL_e963ed42ee,U_9b2c582e87,SPEND,-2168.56,DE,8659.77,2025-02-25T22:00:00,QR
WAL_7cbc005a22,U_acb67fb3fa,LOAD,5448.52,AE,5448.52,2025-09-02T16:00:00,APP
WAL_490fbe3f48,U_acb67fb3fa,SPEND,-919.93,AE,4528.59,2025-09-02T16:00:00,QR
WAL_1d4546f8ea,U_acb67fb3fa,SPEND,-1385.01,AE,3143.58,2025-09-02T09:00:00,QR
WAL_f62b3530c5,U_acb67fb3fa,SPEND,-1308.37,AE,1835.21,2025-09-04T14:00:00,QR
WAL_5f1e6092f3,U_acb67fb3fa,SPEND,-1978.9,AE,-143.69,2025-08-27T10:00:00,QR
WAL_4574e590df,U_acb67fb3fa,LOAD,2391.43,AE,2247.74,2025-09-03T14:00:00,APP
WAL_c0da0fcdb7,U_acb67fb3fa,SPEND,-1141.2,AE,1106.54,2025-09-03T14:00:00,QR
WAL_350dfb6a7c,U_acb67fb3fa,SPEND,-1335.15,AE,-228.61,2025-09-04T04:00:00,QR
WAL_3792edc74d,U_acb67fb3fa,LOAD,13807.14,AE,13578.54,2025-09-01T18:00:00,APP
WAL_512bf9822d,U_acb67fb3fa,SPEND,-1300.98,AE,12277.56,2025-09-01T18:00:00,QR
WAL_62e1dca7ce,U_acb67fb3fa,SPEND,-3413.48,AE,8864.08,2025-09-01T23:00:00,QR
WAL_d10d35a7be,U_7f64c67310,LOAD,15955.72,US,15955.72,2026-01-23T16:00:00,APP
WAL_4be5c20e52,U_7f64c67310,SPEND,-1414.02,US,14541.7,2026-01-23T16:00:00,QR
WAL_8e3805f36d,U_7f64c67310,SPEND,-1507.45,US,13034.25,2026-01-05T05:00:00,QR
WAL_2a6665b5f0,U_7f64c67310,SPEND,-1710.2,US,11324.05,2026-01-10T10:00:00,QR
WAL_ea9d896015,U_7f64c67310,SPEND,-3090.55,US,8233.5,2026-01-04T12:00:00,QR
WAL_2306ddfc96,U_7f64c67310,SPEND,-1123.64,US,7109.86,2026-01-07T22:00:00,QR
WAL_101d808947,U_6b6144a9fb,LOAD,22153.97,AE,22153.97,2025-01-23T03:00:00,APP
WAL_0f01e8df25,U_6b6144a9fb,SPEND,-809.75,AE,21344.22,2025-01-23T03:00:00,QR
WAL_8a81e66619,U_6b6144a9fb,SPEND,-3202.8,AE,18141.42,2025-01-25T20:00:00,QR
WAL_606e108016,U_6b6144a9fb,SPEND,-3143.55,AE,14997.87,2025-01-24T06:00:00,QR
WAL_c3ee78206a,U_6b6144a9fb,SPEND,-1551.41,AE,13446.46,2025-01-25T14:00:00,QR
WAL_114c08aa19,U_6b6144a9fb,SPEND,-778.21,AE,12668.25,2025-01-28T20:00:00,QR
WAL_f5921d8336,U_6b6144a9fb,SPEND,-4303.94,AE,8364.31,2025-01-23T13:00:00,QR
WAL_9fa2cd0b91,U_6b6144a9fb,SPEND,-1565.31,AE,6799.0,2025-01-23T23:00:00,QR
WAL_166a137ed3,U_6b6144a9fb,LOAD,23200.33,AE,23200.33,2026-04-29T05:00:00,APP
WAL_b3678071ea,U_6b6144a9fb,SPEND,-1001.1,AE,22199.23,2026-04-29T05:00:00,QR
WAL_1ca29467ee,U_6b6144a9fb,SPEND,-3014.27,AE,19184.96,2026-04-27T09:00:00,QR
WAL_16c44c94d3,U_6b6144a9fb,SPEND,-2364.2,AE,16820.76,2026-04-27T18:00:00,QR
WAL_147263cab9,U_6b6144a9fb,SPEND,-3070.59,AE,13750.17,2026-04-28T00:00:00,QR
WAL_6b73e882e2,U_9ef4d8bf34,LOAD,22559.24,NP,22559.24,2025-01-29T08:00:00,APP
WAL_6415d077a4,U_9ef4d8bf34,SPEND,-4049.05,NP,18510.19,2025-01-29T08:00:00,QR
WAL_6e6439e5a2,U_9ef4d8bf34,SPEND,-553.19,NP,17957.0,2025-02-02T08:00:00,QR
WAL_951df3ae3f,U_9ef4d8bf34,SPEND,-4730.0,NP,13227.0,2025-02-05T13:00:00,QR
WAL_e95ca83fd9,U_9ef4d8bf34,SPEND,-2863.53,NP,10363.47,2025-02-06T11:00:00,QR
WAL_a49ee03746,U_9ef4d8bf34,SPEND,-2552.82,NP,7810.65,2025-01-30T16:00:00,QR
WAL_5a80742264,U_9ef4d8bf34,SPEND,-2699.94,NP,5110.71,2025-02-04T17:00:00,QR
WAL_614d5915a1,U_646746f301,LOAD,7458.03,AU,7458.03,2026-06-25T07:00:00,APP
WAL_a4ee34c484,U_646746f301,SPEND,-1219.45,AU,6238.58,2026-06-26T17:00:00,QR
WAL_66c9c05982,U_646746f301,SPEND,-2470.67,AU,3767.91,2026-06-27T14:00:00,QR
WAL_ea412305b8,U_646746f301,SPEND,-1980.43,AU,1787.48,2026-06-29T03:00:00,QR
WAL_3ab4c039ee,U_646746f301,SPEND,-842.33,AU,945.15,2026-06-26T07:00:00,QR
WAL_bb0491928e,U_646746f301,SPEND,-819.79,AU,125.36,2026-06-30T17:00:00,QR
WAL_662fdb80f5,U_646746f301,SPEND,-504.56,AU,-379.2,2026-06-27T18:00:00,QR
WAL_c1286ff822,U_646746f301,LOAD,19680.92,AU,19301.72,2026-06-29T04:00:00,APP
WAL_228bbc2672,U_646746f301,SPEND,-1965.26,AU,17336.46,2026-06-26T13:00:00,QR
WAL_9aba89c9f5,U_646746f301,SPEND,-981.34,AU,16355.12,2026-06-28T13:00:00,QR
WAL_ba8d8bde88,U_646746f301,SPEND,-2694.35,AU,13660.77,2026-06-25T08:00:00,QR
WAL_34da710982,U_646746f301,SPEND,-1348.65,AU,12312.12,2026-06-29T03:00:00,QR
WAL_c0df5b4f1e,U_646746f301,LOAD,7939.79,AU,7939.79,2024-11-07T09:00:00,APP
WAL_f971a064dd,U_646746f301,SPEND,-2726.48,AU,5213.31,2024-11-07T09:00:00,QR
WAL_8cf25f175d,U_646746f301,SPEND,-1931.44,AU,3281.87,2024-11-10T00:00:00,QR
WAL_9439e99436,U_646746f301,SPEND,-1071.43,AU,2210.44,2024-11-15T10:00:00,QR
WAL_d76b962eb3,U_646746f301,SPEND,-2856.89,AU,-646.45,2024-11-12T09:00:00,QR
WAL_5572e394c0,U_646746f301,LOAD,2709.28,AU,2062.83,2024-11-05T07:00:00,APP
WAL_c67fa2689b,U_646746f301,SPEND,-1179.29,AU,883.54,2024-11-12T05:00:00,QR
WAL_49bf5045cb,U_646746f301,SPEND,-1604.2,AU,-720.66,2024-11-13T01:00:00,QR
WAL_21e8fe92be,U_646746f301,LOAD,22632.26,AU,21911.6,2024-11-03T15:00:00,APP
WAL_c791f05bfe,U_646746f301,SPEND,-2195.86,AU,19715.74,2024-11-03T15:00:00,QR
WAL_959bdea77c,U_646746f301,SPEND,-2009.3,AU,17706.44,2024-11-15T08:00:00,QR
WAL_ad415bfb9d,U_a0fd74f193,LOAD,15403.11,CA,15403.11,2025-01-31T11:00:00,APP
WAL_164f29df50,U_a0fd74f193,SPEND,-3063.25,CA,12339.86,2025-01-31T11:00:00,QR
WAL_3f4cf4959c,U_a0fd74f193,SPEND,-1651.0,CA,10688.86,2025-01-26T21:00:00,QR
WAL_54fac4d531,U_9309462c3d,LOAD,13347.34,REST,13347.34,2024-09-12T01:00:00,APP
WAL_c1fffd44d5,U_9309462c3d,SPEND,-1378.7,REST,11968.64,2024-09-12T01:00:00,QR
WAL_9b5c3733ab,U_9309462c3d,SPEND,-1495.88,REST,10472.76,2024-09-18T12:00:00,QR
WAL_96cb07e10a,U_9309462c3d,SPEND,-2809.48,REST,7663.28,2024-09-17T14:00:00,QR
WAL_6952b3def3,U_9309462c3d,SPEND,-1596.28,REST,6067.0,2024-09-18T09:00:00,QR
WAL_bce0e7a4be,U_9309462c3d,SPEND,-602.53,REST,5464.47,2024-09-25T11:00:00,QR
WAL_24a4dd9da3,U_9309462c3d,SPEND,-4372.89,REST,1091.58,2024-09-23T07:00:00,QR
WAL_54b1a1fc58,U_9309462c3d,SPEND,-1696.05,REST,-604.47,2024-09-22T01:00:00,QR
WAL_5b42d404b9,U_9309462c3d,LOAD,10311.66,REST,9707.19,2024-09-21T01:00:00,APP
WAL_2ce2d1d1c4,U_9309462c3d,SPEND,-1120.17,REST,8587.02,2024-09-13T05:00:00,QR
WAL_1e50c77ef6,U_9309462c3d,SPEND,-1623.24,REST,6963.78,2024-09-25T05:00:00,QR
WAL_ee93ff4d86,U_9309462c3d,SPEND,-2067.02,REST,4896.76,2024-09-24T20:00:00,QR
WAL_76ca1df98b,U_9309462c3d,SPEND,-2226.61,REST,2670.15,2024-09-20T16:00:00,QR
WAL_6cf8854964,U_9309462c3d,SPEND,-1324.89,REST,1345.26,2024-09-17T22:00:00,QR
WAL_6c87ffe89a,U_bb588e3823,LOAD,4656.3,CA,4656.3,2026-03-24T19:00:00,APP
WAL_f04bd71f01,U_bb588e3823,SPEND,-1769.16,CA,2887.14,2026-03-24T19:00:00,QR
WAL_be98e9e0a6,U_bb588e3823,SPEND,-2308.23,CA,578.91,2026-03-26T10:00:00,QR
WAL_149c8a18ba,U_bb588e3823,SPEND,-1252.89,CA,-673.98,2026-03-25T18:00:00,QR
WAL_ec7bd52442,U_bb588e3823,LOAD,7002.37,CA,6328.39,2026-03-25T04:00:00,APP
WAL_af311b4f5d,U_bb588e3823,SPEND,-2544.9,CA,3783.49,2026-03-25T04:00:00,QR
WAL_c73e69c8ce,U_b6ee7c34ca,LOAD,5558.73,FR,5558.73,2025-10-12T16:00:00,APP
WAL_1f2441e969,U_b6ee7c34ca,SPEND,-1890.79,FR,3667.94,2025-10-07T18:00:00,QR
WAL_93ea83021b,U_b6ee7c34ca,SPEND,-1953.41,FR,1714.53,2025-10-05T22:00:00,QR
WAL_9d8a6b5804,U_b6ee7c34ca,SPEND,-1571.97,FR,142.56,2025-10-05T10:00:00,QR
WAL_191e4dfe6c,U_b6ee7c34ca,LOAD,21582.06,FR,21582.06,2026-04-21T05:00:00,APP
WAL_5088dc1070,U_b6ee7c34ca,SPEND,-2750.71,FR,18831.35,2026-04-23T02:00:00,QR
WAL_b2145a3344,U_b6ee7c34ca,SPEND,-1538.85,FR,17292.5,2026-04-22T07:00:00,QR
WAL_75cc4803d4,U_b6ee7c34ca,LOAD,9456.9,FR,9456.9,2025-11-13T10:00:00,APP
WAL_55127db8ba,U_b6ee7c34ca,SPEND,-2072.75,FR,7384.15,2025-11-11T14:00:00,QR
WAL_e787780a4b,U_b6ee7c34ca,SPEND,-1256.69,FR,6127.46,2025-11-08T22:00:00,QR
WAL_c82836850e,U_b6ee7c34ca,SPEND,-1922.72,FR,4204.74,2025-11-14T14:00:00,QR
WAL_4bcac6f3f9,U_b6ee7c34ca,SPEND,-704.28,FR,3500.46,2025-11-09T16:00:00,QR
WAL_5591f1c4b4,U_b6ee7c34ca,SPEND,-1151.23,FR,2349.23,2025-11-14T17:00:00,QR
WAL_21768d4c71,U_b6ee7c34ca,SPEND,-1381.33,FR,967.9,2025-11-20T09:00:00,QR
WAL_272948d87a,U_b6ee7c34ca,SPEND,-2236.89,FR,-1268.99,2025-11-27T14:00:00,QR
WAL_36cc5b4e58,U_b6ee7c34ca,LOAD,23254.55,FR,21985.56,2025-11-18T14:00:00,APP
WAL_56050ac2f9,U_b6ee7c34ca,SPEND,-816.27,FR,21169.29,2025-11-08T09:00:00,QR
WAL_969630209d,U_b6ee7c34ca,SPEND,-844.67,FR,20324.62,2025-11-25T21:00:00,QR
WAL_5ad1be2523,U_b6ee7c34ca,SPEND,-2988.44,FR,17336.18,2025-11-17T05:00:00,QR
WAL_184168ae27,U_0398ec1e72,LOAD,23965.8,REST,23965.8,2026-01-21T18:00:00,APP
WAL_5d334170b9,U_0398ec1e72,SPEND,-2378.64,REST,21587.16,2026-01-21T18:00:00,QR
WAL_537375c5c4,U_0398ec1e72,SPEND,-1767.98,REST,19819.18,2026-01-08T13:00:00,QR
WAL_ccf4254ea6,U_0398ec1e72,SPEND,-1489.95,REST,18329.23,2026-01-17T14:00:00,QR
WAL_840349c7c2,U_0398ec1e72,SPEND,-997.06,REST,17332.17,2026-01-09T16:00:00,QR
WAL_e0cf9a02e3,U_0db061b35d,LOAD,24091.12,GB,24091.12,2025-02-09T18:00:00,APP
WAL_48f9281c59,U_0db061b35d,LOAD,24284.94,GB,24284.94,2025-12-16T09:00:00,APP
WAL_0ead54aa81,U_0db061b35d,SPEND,-1322.39,GB,22962.55,2025-12-16T09:00:00,QR
WAL_d2ec17a1d7,U_0db061b35d,SPEND,-4111.58,GB,18850.97,2025-12-06T01:00:00,QR
WAL_6987f8d412,U_bfcf8c728d,LOAD,10251.42,REST,10251.42,2026-01-31T12:00:00,APP
WAL_013e24ea89,U_bfcf8c728d,SPEND,-3620.69,REST,6630.73,2026-01-31T12:00:00,QR
WAL_47b645152b,U_bfcf8c728d,SPEND,-3951.16,REST,2679.57,2026-01-26T18:00:00,QR
WAL_ad2430945d,U_4c4653c1b7,LOAD,21911.4,REST,21911.4,2025-05-31T05:00:00,APP
WAL_00a40983e6,U_4c4653c1b7,SPEND,-1625.89,REST,20285.51,2025-06-02T22:00:00,QR
WAL_d655b4d6d8,U_4c4653c1b7,SPEND,-528.72,REST,19756.79,2025-06-03T15:00:00,QR
WAL_7bdd200efe,U_4c4653c1b7,SPEND,-3114.5,REST,16642.29,2025-05-30T13:00:00,QR
WAL_d403aae14f,U_4c4653c1b7,SPEND,-694.28,REST,15948.01,2025-05-29T13:00:00,QR
WAL_cd63f1a0ec,U_4c4653c1b7,SPEND,-795.51,REST,15152.5,2025-06-04T09:00:00,QR
WAL_77102d6d91,U_4c4653c1b7,SPEND,-2683.84,REST,12468.66,2025-05-29T20:00:00,QR
WAL_0bd542476f,U_4c4653c1b7,SPEND,-2630.31,REST,9838.35,2025-06-02T13:00:00,QR
WAL_04a528e24d,U_4c4653c1b7,SPEND,-390.32,REST,9448.03,2025-05-30T09:00:00,QR
WAL_d8951d85d7,U_4c4653c1b7,SPEND,-1698.73,REST,7749.3,2025-05-31T06:00:00,QR
WAL_071bb70b14,U_4c4653c1b7,SPEND,-1734.52,REST,6014.78,2025-06-06T19:00:00,QR
WAL_32ad23eff2,U_4c4653c1b7,SPEND,-1439.21,REST,4575.57,2025-06-02T02:00:00,QR
WAL_7e134e525b,U_4c4653c1b7,SPEND,-1547.11,REST,3028.46,2025-06-02T17:00:00,QR
WAL_b6bfbf4656,U_4c4653c1b7,SPEND,-1214.46,REST,1814.0,2025-06-04T17:00:00,QR
WAL_a747d37835,U_4c4653c1b7,SPEND,-1207.93,REST,606.07,2025-05-31T00:00:00,QR
WAL_02c4ed1193,U_0b0ec9985e,LOAD,15991.2,REST,15991.2,2026-03-23T20:00:00,APP
WAL_3bb6f964a9,U_0b0ec9985e,SPEND,-2307.35,REST,13683.85,2026-03-23T20:00:00,QR
WAL_ef528ab08b,U_0b0ec9985e,SPEND,-2206.46,REST,11477.39,2026-03-22T15:00:00,QR
WAL_0e16331849,U_0b0ec9985e,SPEND,-1245.23,REST,10232.16,2026-03-21T02:00:00,QR
WAL_c236ba606a,U_0b0ec9985e,SPEND,-915.62,REST,9316.54,2026-03-19T16:00:00,QR
WAL_9eacff7467,U_37d189f699,LOAD,3228.79,GB,3228.79,2026-02-05T14:00:00,APP
WAL_d0941da19d,U_37d189f699,SPEND,-2078.69,GB,1150.1,2026-02-05T14:00:00,QR
WAL_107a767a56,U_37d189f699,SPEND,-5020.75,GB,-3870.65,2026-02-01T21:00:00,QR
WAL_1462da1dff,U_37d189f699,LOAD,10841.91,GB,6971.26,2026-01-31T06:00:00,APP
WAL_f2b99b97ff,U_37d189f699,SPEND,-1509.75,GB,5461.51,2026-01-31T05:00:00,QR
WAL_48f97d653f,U_37d189f699,SPEND,-1955.64,GB,3505.87,2026-01-29T22:00:00,QR
WAL_57ef166b7a,U_01b95a6db7,LOAD,22925.86,US,22925.86,2024-09-01T15:00:00,APP
WAL_f1ce2a334c,U_01b95a6db7,SPEND,-6039.87,US,16885.99,2024-09-01T15:00:00,QR
WAL_c9014584ef,U_01b95a6db7,SPEND,-2472.24,US,14413.75,2024-08-28T15:00:00,QR
WAL_ceefe7b5b1,U_01b95a6db7,SPEND,-2801.81,US,11611.94,2024-08-27T04:00:00,QR
WAL_16c8c15635,U_01b95a6db7,SPEND,-1843.55,US,9768.39,2024-08-29T23:00:00,QR
WAL_439143e32d,U_01b95a6db7,SPEND,-1235.71,US,8532.68,2024-08-26T14:00:00,QR
WAL_e235286fdc,U_01b95a6db7,SPEND,-1359.05,US,7173.63,2024-08-27T19:00:00,QR
WAL_0fbdee480f,U_9492cf84a2,LOAD,7993.67,LK,7993.67,2025-07-25T06:00:00,APP
WAL_efc7464281,U_9492cf84a2,SPEND,-1827.4,LK,6166.27,2025-07-25T06:00:00,QR
WAL_b2a324284b,U_9492cf84a2,SPEND,-3141.58,LK,3024.69,2025-07-19T07:00:00,QR
WAL_871c405794,U_9492cf84a2,SPEND,-3023.34,LK,1.35,2025-07-17T00:00:00,QR
WAL_a4dc472df2,U_c3549027bb,LOAD,21676.78,GB,21676.78,2024-10-25T23:00:00,APP
WAL_db68099b35,U_c3549027bb,SPEND,-965.24,GB,20711.54,2024-10-25T23:00:00,QR
WAL_c7635f71a4,U_c3549027bb,SPEND,-1150.24,GB,19561.3,2024-11-03T10:00:00,QR
WAL_794fb0a583,U_c3549027bb,SPEND,-3048.27,GB,16513.03,2024-10-26T05:00:00,QR
WAL_02e70b8ebc,U_336b750d8b,LOAD,17662.47,REST,17662.47,2025-10-25T02:00:00,APP
WAL_1f0418b7aa,U_336b750d8b,SPEND,-1109.45,REST,16553.02,2025-10-22T14:00:00,QR
WAL_1411849fcb,U_336b750d8b,SPEND,-2307.28,REST,14245.74,2025-10-20T14:00:00,QR
WAL_3ce4da2512,U_336b750d8b,SPEND,-2078.24,REST,12167.5,2025-10-24T11:00:00,QR
WAL_18063f3b53,U_336b750d8b,SPEND,-1676.94,REST,10490.56,2025-10-29T16:00:00,QR
WAL_387cebbd5d,U_336b750d8b,SPEND,-1119.97,REST,9370.59,2025-10-20T16:00:00,QR
WAL_e0eed17b18,U_336b750d8b,LOAD,5174.68,REST,5174.68,2024-09-09T21:00:00,APP
WAL_b4ac142a64,U_336b750d8b,SPEND,-2657.04,REST,2517.64,2024-09-09T21:00:00,QR
WAL_5aeaa46d78,U_336b750d8b,SPEND,-2411.39,REST,106.25,2024-09-11T04:00:00,QR
WAL_bfa8064f07,U_336b750d8b,SPEND,-3414.3,REST,-3308.05,2024-09-07T00:00:00,QR
WAL_a9abdaff0f,U_336b750d8b,LOAD,2689.96,REST,-618.08,2024-09-14T22:00:00,APP
WAL_379a3a52a5,U_336b750d8b,SPEND,-2581.12,REST,-3199.2,2024-09-14T22:00:00,QR
WAL_720a1db24b,U_336b750d8b,LOAD,10846.79,REST,7647.59,2024-09-09T09:00:00,APP
WAL_70d465f60b,U_336b750d8b,SPEND,-1111.02,REST,6536.57,2024-09-09T09:00:00,QR
WAL_f4e45c3578,U_336b750d8b,SPEND,-1403.99,REST,5132.58,2024-09-11T08:00:00,QR
WAL_ee50c5b949,U_336b750d8b,SPEND,-1487.45,REST,3645.13,2024-09-12T15:00:00,QR
WAL_c9a35751e6,U_5c754736d1,LOAD,6999.12,US,6999.12,2025-04-01T09:00:00,APP
WAL_c5038a6b0f,U_5c754736d1,SPEND,-854.09,US,6145.03,2025-04-01T09:00:00,QR
WAL_8c2f55deb6,U_5c754736d1,SPEND,-512.82,US,5632.21,2025-04-07T11:00:00,QR
WAL_d2e8a9f9f1,U_5c754736d1,SPEND,-1464.73,US,4167.48,2025-03-31T12:00:00,QR
WAL_ef846e7cfe,U_5c754736d1,SPEND,-1596.7,US,2570.78,2025-04-01T20:00:00,QR
WAL_977c51d175,U_5c754736d1,SPEND,-1219.34,US,1351.44,2025-04-07T12:00:00,QR
WAL_b6a8af0cb8,U_5c754736d1,SPEND,-1605.12,US,-253.68,2025-03-31T00:00:00,QR
WAL_89dcad197d,U_68cd55cc45,LOAD,9126.94,AE,9126.94,2024-10-28T09:00:00,APP
WAL_e12c35695a,U_68cd55cc45,SPEND,-1451.57,AE,7675.37,2024-10-28T09:00:00,QR
WAL_a339a41e83,U_68cd55cc45,SPEND,-876.28,AE,6799.09,2024-10-28T19:00:00,QR
WAL_f4ce13861a,U_68cd55cc45,SPEND,-1685.29,AE,5113.8,2024-10-28T20:00:00,QR
WAL_db5311481a,U_68cd55cc45,SPEND,-225.81,AE,4887.99,2024-10-28T03:00:00,QR
WAL_8140d83d7b,U_68cd55cc45,LOAD,15349.28,AE,15349.28,2025-11-28T11:00:00,APP
WAL_80b2a481df,U_68cd55cc45,SPEND,-2111.7,AE,13237.58,2025-11-28T11:00:00,QR
WAL_eb5b162ff5,U_68cd55cc45,SPEND,-1265.64,AE,11971.94,2025-11-27T10:00:00,QR
WAL_7d4bf43086,U_68cd55cc45,SPEND,-571.53,AE,11400.41,2025-11-28T18:00:00,QR
WAL_b488f846a5,U_68cd55cc45,SPEND,-686.94,AE,10713.47,2025-12-03T11:00:00,QR
WAL_421c398eda,U_68cd55cc45,SPEND,-1420.54,AE,9292.93,2025-11-30T13:00:00,QR
WAL_5e108ab425,U_68cd55cc45,LOAD,7712.89,AE,7712.89,2025-08-20T01:00:00,APP
WAL_c1fdb879f0,U_68cd55cc45,SPEND,-797.37,AE,6915.52,2025-08-20T01:00:00,QR
WAL_81d20d4b39,U_68cd55cc45,SPEND,-981.68,AE,5933.84,2025-08-20T00:00:00,QR
WAL_b8a81708af,U_68cd55cc45,SPEND,-3937.95,AE,1995.89,2025-08-14T13:00:00,QR
WAL_d461a835e7,U_68cd55cc45,SPEND,-3568.32,AE,-1572.43,2025-08-28T15:00:00,QR
WAL_9ba531e9bb,U_68cd55cc45,LOAD,13222.41,AE,11649.99,2025-08-29T08:00:00,APP
WAL_186c0c1a00,U_68cd55cc45,SPEND,-1305.29,AE,10344.7,2025-08-29T08:00:00,QR
WAL_945daf11af,U_68cd55cc45,SPEND,-807.72,AE,9536.98,2025-08-26T16:00:00,QR
WAL_b4cb393eeb,U_68cd55cc45,SPEND,-809.4,AE,8727.58,2025-08-21T02:00:00,QR
WAL_edbfb13e79,U_e28469794b,LOAD,10420.19,REST,10420.19,2026-03-11T06:00:00,APP
WAL_65ae306361,U_e28469794b,SPEND,-2730.01,REST,7690.18,2026-03-11T06:00:00,QR
WAL_8a25dbe173,U_e28469794b,SPEND,-1408.2,REST,6281.98,2026-03-17T09:00:00,QR
WAL_1d2ad3525c,U_e28469794b,SPEND,-1844.4,REST,4437.58,2026-03-16T13:00:00,QR
WAL_623ec66cb0,U_e28469794b,SPEND,-1994.92,REST,2442.66,2026-03-14T18:00:00,QR
WAL_4b817376ec,U_e28469794b,SPEND,-1223.32,REST,1219.34,2026-03-14T20:00:00,QR
WAL_106b47cbf5,U_e28469794b,SPEND,-1036.97,REST,182.37,2026-03-14T09:00:00,QR
WAL_5615c92132,U_e28469794b,SPEND,-1786.01,REST,-1603.64,2026-03-14T18:00:00,QR
WAL_edc6d88c89,U_e28469794b,LOAD,9023.26,REST,7419.61,2026-03-17T12:00:00,APP
WAL_97c830f683,U_e28469794b,SPEND,-955.96,REST,6463.65,2026-03-17T12:00:00,QR
WAL_a8a04920b9,U_e28469794b,SPEND,-3782.28,REST,2681.37,2026-03-15T18:00:00,QR
WAL_cd4086fa67,U_f3de22362f,LOAD,10091.96,REST,10091.96,2026-03-29T17:00:00,APP
WAL_48c6f454ed,U_f3de22362f,SPEND,-2110.22,REST,7981.74,2026-03-29T17:00:00,QR
WAL_f2b5732d54,U_f3de22362f,SPEND,-1593.31,REST,6388.43,2026-03-29T00:00:00,QR
WAL_97c963faef,U_f3de22362f,SPEND,-2110.74,REST,4277.69,2026-03-26T07:00:00,QR
WAL_910ab618cd,U_f3de22362f,SPEND,-1147.08,REST,3130.61,2026-04-05T13:00:00,QR
WAL_97e6c01424,U_f3de22362f,SPEND,-2293.38,REST,837.23,2026-03-28T03:00:00,QR
WAL_c55682ab1e,U_f3de22362f,SPEND,-1103.46,REST,-266.23,2026-03-30T02:00:00,QR
WAL_d9a35fb237,U_f3de22362f,LOAD,14177.61,REST,14177.61,2026-01-16T23:00:00,APP
WAL_4c9c84594c,U_f3de22362f,SPEND,-784.54,REST,13393.07,2026-01-14T19:00:00,QR
WAL_67d35b03c0,U_f3de22362f,SPEND,-1337.23,REST,12055.84,2026-01-17T22:00:00,QR
WAL_c9fe72ae63,U_f3de22362f,SPEND,-1008.15,REST,11047.69,2026-01-12T04:00:00,QR
WAL_63adbeef70,U_f3de22362f,SPEND,-4644.02,REST,6403.67,2026-01-14T23:00:00,QR
WAL_adcd59ff20,U_f3de22362f,SPEND,-2636.59,REST,3767.08,2026-01-13T02:00:00,QR
WAL_7d8e67a949,U_f3de22362f,SPEND,-2810.94,REST,956.14,2026-01-20T21:00:00,QR
WAL_15fe0ef2ee,U_f3de22362f,LOAD,22536.42,REST,22536.42,2025-12-14T15:00:00,APP
WAL_8a20fc36a3,U_f3de22362f,SPEND,-1693.25,REST,20843.17,2025-12-14T15:00:00,QR
WAL_414189c940,U_f3de22362f,SPEND,-4825.06,REST,16018.11,2025-12-18T11:00:00,QR
WAL_78ebe37c99,U_f3de22362f,SPEND,-1737.31,REST,14280.8,2025-12-15T11:00:00,QR
WAL_a81f602644,U_f3de22362f,SPEND,-1275.4,REST,13005.4,2025-12-18T19:00:00,QR
WAL_e003ba2fd5,U_f3de22362f,SPEND,-1330.41,REST,11674.99,2025-12-19T15:00:00,QR
WAL_7cc1832539,U_f3de22362f,SPEND,-7249.4,REST,4425.59,2025-12-25T11:00:00,QR
WAL_f00af65c49,U_1a177a900a,LOAD,13257.7,REST,13257.7,2026-02-03T20:00:00,APP
WAL_eb9458e56e,U_1a177a900a,SPEND,-1365.74,REST,11891.96,2026-02-03T20:00:00,QR
WAL_7a0edc2100,U_1a177a900a,SPEND,-6305.42,REST,5586.54,2026-01-27T04:00:00,QR
WAL_d213aea824,U_1a177a900a,LOAD,19447.64,REST,19447.64,2025-05-04T03:00:00,APP
WAL_caa3faa5f0,U_1a177a900a,SPEND,-1775.31,REST,17672.33,2025-05-04T03:00:00,QR
WAL_1e1549ec5e,U_1a177a900a,SPEND,-3339.6,REST,14332.73,2025-04-30T19:00:00,QR
WAL_5ffc5dd35c,U_1a177a900a,SPEND,-3051.59,REST,11281.14,2025-04-27T20:00:00,QR
WAL_3334d605b6,U_1a177a900a,SPEND,-1343.58,REST,9937.56,2025-04-26T01:00:00,QR
WAL_1ac9e54a40,U_1a177a900a,SPEND,-945.16,REST,8992.4,2025-04-29T12:00:00,QR
WAL_a72a5a36b9,U_1a177a900a,SPEND,-3635.46,REST,5356.94,2025-04-30T15:00:00,QR
WAL_88053ff157,U_1a177a900a,SPEND,-1597.62,REST,3759.32,2025-05-02T15:00:00,QR
WAL_39bbd0155b,U_1a177a900a,SPEND,-1685.03,REST,2074.29,2025-04-30T08:00:00,QR
WAL_ca5ab3a7dc,U_1a177a900a,SPEND,-1334.1,REST,740.19,2025-05-03T05:00:00,QR
WAL_2d66e458c0,U_4429314ed7,LOAD,13956.59,GB,13956.59,2025-12-01T03:00:00,APP
WAL_8e112e0ba2,U_4429314ed7,SPEND,-1254.54,GB,12702.05,2025-12-01T03:00:00,QR
WAL_cb67379094,U_4429314ed7,SPEND,-874.62,GB,11827.43,2025-11-30T15:00:00,QR
WAL_5c9d740ad2,U_4429314ed7,SPEND,-3861.93,GB,7965.5,2025-11-23T22:00:00,QR
WAL_cad0265937,U_4429314ed7,SPEND,-1037.63,GB,6927.87,2025-12-01T18:00:00,QR
WAL_9e4cca863d,U_4429314ed7,SPEND,-4476.85,GB,2451.02,2025-12-04T21:00:00,QR
WAL_cecbd33500,U_4429314ed7,SPEND,-1133.39,GB,1317.63,2025-11-17T19:00:00,QR
WAL_fefa976e5e,U_4429314ed7,SPEND,-997.22,GB,320.41,2025-11-23T13:00:00,QR
WAL_3a6e776b5b,U_4429314ed7,SPEND,-401.6,GB,-81.19,2025-11-21T14:00:00,QR
WAL_3b408a34c7,U_4429314ed7,LOAD,2149.38,GB,2068.19,2025-11-18T13:00:00,APP
WAL_3f24a70d02,U_4429314ed7,SPEND,-755.13,GB,1313.06,2025-11-18T13:00:00,QR
WAL_2e6622aa96,U_5255a43bd4,LOAD,8630.46,AU,8630.46,2026-06-18T05:00:00,APP
WAL_4750750e20,U_5255a43bd4,SPEND,-906.14,AU,7724.32,2026-06-18T05:00:00,QR
WAL_719f89f033,U_5255a43bd4,SPEND,-1508.0,AU,6216.32,2026-06-13T19:00:00,QR
WAL_35fa41c8e0,U_5255a43bd4,SPEND,-886.21,AU,5330.11,2026-06-14T04:00:00,QR
WAL_b8a92f3a8f,U_5255a43bd4,LOAD,11371.03,AU,11371.03,2025-07-06T01:00:00,APP
WAL_b88ea63c33,U_5255a43bd4,SPEND,-911.78,AU,10459.25,2025-07-06T01:00:00,QR
WAL_1ec008c75a,U_5255a43bd4,SPEND,-1519.56,AU,8939.69,2025-07-01T07:00:00,QR
WAL_c57529575c,U_5255a43bd4,SPEND,-1981.95,AU,6957.74,2025-07-11T20:00:00,QR
WAL_8a2cac2bba,U_5255a43bd4,SPEND,-455.47,AU,6502.27,2025-07-02T02:00:00,QR
WAL_013733a012,U_5255a43bd4,SPEND,-2456.42,AU,4045.85,2025-07-12T15:00:00,QR
WAL_b7d61773b9,U_657738db74,LOAD,22287.66,GB,22287.66,2025-11-26T12:00:00,APP
WAL_8c23e52141,U_657738db74,SPEND,-877.75,GB,21409.91,2025-11-24T06:00:00,QR
WAL_bdf6d895db,U_657738db74,SPEND,-1441.08,GB,19968.83,2025-11-24T10:00:00,QR
WAL_c0a703ac1e,U_657738db74,SPEND,-1447.84,GB,18520.99,2025-11-18T13:00:00,QR
WAL_a431864fc3,U_657738db74,SPEND,-564.41,GB,17956.58,2025-11-21T05:00:00,QR
WAL_8d5bd6e5ac,U_657738db74,SPEND,-1363.76,GB,16592.82,2025-11-21T07:00:00,QR
WAL_931b86c858,U_657738db74,SPEND,-1741.29,GB,14851.53,2025-11-25T00:00:00,QR
WAL_6938f8b2ab,U_a6a4d51e5a,LOAD,5777.33,US,5777.33,2024-09-26T12:00:00,APP
WAL_9ee4a25ae3,U_a6a4d51e5a,SPEND,-1789.9,US,3987.43,2024-09-26T12:00:00,QR
WAL_97428d0e72,U_a6a4d51e5a,SPEND,-2116.42,US,1871.01,2024-09-13T08:00:00,QR
WAL_70e681349b,U_a6a4d51e5a,LOAD,21157.49,US,21157.49,2026-07-03T20:00:00,APP
WAL_3a32536a4d,U_a6a4d51e5a,SPEND,-1525.57,US,19631.92,2026-07-03T20:00:00,QR
WAL_1764f90fe2,U_a6a4d51e5a,SPEND,-1532.1,US,18099.82,2026-07-02T07:00:00,QR
WAL_a822c71b36,U_a6a4d51e5a,SPEND,-2139.05,US,15960.77,2026-07-05T03:00:00,QR
WAL_6e6fa2053a,U_a6a4d51e5a,SPEND,-590.88,US,15369.89,2026-07-05T09:00:00,QR
WAL_1eb74b079d,U_a6a4d51e5a,SPEND,-1526.73,US,13843.16,2026-07-02T17:00:00,QR
WAL_7961e7e582,U_a6a4d51e5a,LOAD,18352.44,US,18352.44,2025-02-11T03:00:00,APP
WAL_0be38511db,U_a6a4d51e5a,SPEND,-2868.47,US,15483.97,2025-02-11T03:00:00,QR
WAL_0463311b37,U_a6a4d51e5a,SPEND,-1511.18,US,13972.79,2025-02-11T03:00:00,QR
WAL_b6ff029d4b,U_b220e7173f,LOAD,4330.46,REST,4330.46,2026-03-15T13:00:00,APP
WAL_8996d20f85,U_b220e7173f,SPEND,-808.62,REST,3521.84,2026-03-15T13:00:00,QR
WAL_ba57d0dca7,U_b220e7173f,SPEND,-2142.55,REST,1379.29,2026-03-17T22:00:00,QR
WAL_37d9be1ce8,U_b220e7173f,SPEND,-2294.6,REST,-915.31,2026-03-15T11:00:00,QR
WAL_f998b1cd91,U_b220e7173f,LOAD,10999.54,REST,10084.23,2026-03-19T02:00:00,APP
WAL_07610631f9,U_b220e7173f,SPEND,-676.59,REST,9407.64,2026-03-19T02:00:00,QR
WAL_ad50e46da7,U_b220e7173f,LOAD,18210.73,REST,18210.73,2025-12-19T04:00:00,APP
WAL_dcb57d18c8,U_b220e7173f,SPEND,-698.57,REST,17512.16,2025-12-19T04:00:00,QR
WAL_0ca366edea,U_b220e7173f,SPEND,-2597.72,REST,14914.44,2025-12-16T11:00:00,QR
WAL_716c08a48e,U_cc2ab9517d,LOAD,19149.29,AE,19149.29,2025-11-07T06:00:00,APP
WAL_6d53408bee,U_cc2ab9517d,SPEND,-1296.67,AE,17852.62,2025-11-07T06:00:00,QR
WAL_040fd7b62d,U_cc2ab9517d,SPEND,-2169.54,AE,15683.08,2025-11-09T05:00:00,QR
WAL_2e13cc38b1,U_cc2ab9517d,SPEND,-3125.62,AE,12557.46,2025-11-13T14:00:00,QR
WAL_0e988ad56e,U_cc2ab9517d,SPEND,-940.45,AE,11617.01,2025-11-18T16:00:00,QR
WAL_39d833e608,U_cc2ab9517d,SPEND,-951.09,AE,10665.92,2025-11-26T23:00:00,QR
WAL_234c95cb54,U_cc2ab9517d,SPEND,-2549.67,AE,8116.25,2025-11-07T18:00:00,QR
WAL_e68720f494,U_cc2ab9517d,SPEND,-1246.0,AE,6870.25,2025-11-19T19:00:00,QR
WAL_fe511181be,U_cc2ab9517d,SPEND,-720.97,AE,6149.28,2025-11-16T18:00:00,QR
WAL_486967bdb9,U_cc2ab9517d,SPEND,-1823.56,AE,4325.72,2025-11-11T18:00:00,QR
WAL_166f5cc935,U_cc2ab9517d,SPEND,-2662.63,AE,1663.09,2025-11-22T10:00:00,QR
WAL_7e69cb644d,U_5b0950fb77,LOAD,23524.66,NP,23524.66,2025-12-28T18:00:00,APP
WAL_33a9c3be46,U_5b0950fb77,SPEND,-2003.82,NP,21520.84,2025-12-28T12:00:00,QR
WAL_f39a143cc1,U_5b0950fb77,SPEND,-1242.81,NP,20278.03,2026-01-03T15:00:00,QR
WAL_6a45477fa2,U_5b0950fb77,SPEND,-4674.55,NP,15603.48,2025-12-21T21:00:00,QR
WAL_febd56c019,U_5b0950fb77,LOAD,4888.22,NP,4888.22,2026-03-03T18:00:00,APP
WAL_7d898b6c4f,U_5b0950fb77,SPEND,-1071.89,NP,3816.33,2026-02-25T03:00:00,QR
WAL_c548899ac0,U_5b0950fb77,SPEND,-1526.84,NP,2289.49,2026-02-28T12:00:00,QR
WAL_11022e56e0,U_5b0950fb77,SPEND,-1407.99,NP,881.5,2026-02-26T12:00:00,QR
WAL_ce4b6859c8,U_5b0950fb77,SPEND,-729.7,NP,151.8,2026-03-06T06:00:00,QR
WAL_0a1f150e8b,U_5b0950fb77,SPEND,-2253.17,NP,-2101.37,2026-02-27T05:00:00,QR
WAL_c72907182a,U_5b0950fb77,LOAD,9558.77,NP,7457.4,2026-02-28T22:00:00,APP
WAL_93a2091e23,U_5b0950fb77,SPEND,-1179.51,NP,6277.89,2026-02-28T22:00:00,QR
WAL_0df24855b4,U_5b0950fb77,LOAD,12982.28,NP,12982.28,2025-04-20T11:00:00,APP
WAL_a341be5f01,U_5b0950fb77,SPEND,-1404.34,NP,11577.94,2025-04-20T11:00:00,QR
WAL_760fea39a0,U_5b0950fb77,SPEND,-1068.39,NP,10509.55,2025-04-16T16:00:00,QR
WAL_f9f2ddc9e3,U_147387c2a5,LOAD,3622.93,US,3622.93,2025-09-08T06:00:00,APP
WAL_29a26f1052,U_147387c2a5,SPEND,-2642.33,US,980.6,2025-09-08T06:00:00,QR
WAL_bc17249309,U_147387c2a5,SPEND,-2709.02,US,-1728.42,2025-09-11T13:00:00,QR
WAL_4cbcef2e24,U_147387c2a5,LOAD,4481.6,US,4481.6,2024-09-21T23:00:00,APP
WAL_748aefe802,U_147387c2a5,SPEND,-2484.07,US,1997.53,2024-09-21T23:00:00,QR
WAL_9dd5d30900,U_147387c2a5,SPEND,-963.37,US,1034.16,2024-09-10T17:00:00,QR
WAL_7db6314976,U_147387c2a5,SPEND,-2109.8,US,-1075.64,2024-09-19T21:00:00,QR
WAL_a5fa860d6f,U_147387c2a5,LOAD,19589.22,US,18513.57,2024-09-22T20:00:00,APP
WAL_638600b4f3,U_147387c2a5,SPEND,-1306.43,US,17207.14,2024-09-05T04:00:00,QR
WAL_c7df0c563f,U_147387c2a5,SPEND,-1760.51,US,15446.63,2024-09-06T21:00:00,QR
WAL_30a27102f3,U_147387c2a5,LOAD,18335.86,US,18335.86,2026-02-04T04:00:00,APP
WAL_daea9de938,U_147387c2a5,SPEND,-1278.02,US,17057.84,2026-02-07T00:00:00,QR
WAL_632b6961df,U_147387c2a5,SPEND,-1031.45,US,16026.39,2026-02-06T07:00:00,QR
WAL_95d14a1f75,U_147387c2a5,SPEND,-4906.17,US,11120.22,2026-02-03T20:00:00,QR
WAL_e450f9aed1,U_147387c2a5,SPEND,-1237.34,US,9882.88,2026-02-04T06:00:00,QR
WAL_2993206742,U_147387c2a5,SPEND,-2087.1,US,7795.78,2026-02-06T15:00:00,QR
WAL_b0fecab622,U_147387c2a5,LOAD,5818.75,US,5818.75,2026-06-29T21:00:00,APP
WAL_506ef21436,U_147387c2a5,SPEND,-1024.44,US,4794.31,2026-06-18T04:00:00,QR
WAL_14163f5250,U_147387c2a5,SPEND,-1497.9,US,3296.41,2026-06-14T21:00:00,QR
WAL_92982adbb1,U_5a4d37642b,LOAD,13767.41,GB,13767.41,2025-10-18T01:00:00,APP
WAL_5c938f3878,U_5a4d37642b,SPEND,-3983.25,GB,9784.16,2025-10-18T16:00:00,QR
WAL_be331e94bc,U_5a4d37642b,SPEND,-735.87,GB,9048.29,2025-10-27T21:00:00,QR
WAL_3372fd0e4c,U_5a4d37642b,SPEND,-3620.82,GB,5427.47,2025-10-24T12:00:00,QR
WAL_4c57eb547f,U_5a4d37642b,SPEND,-650.83,GB,4776.64,2025-11-01T01:00:00,QR
WAL_968a5c8e87,U_5a4d37642b,SPEND,-998.98,GB,3777.66,2025-10-20T00:00:00,QR
WAL_4dad7d78fc,U_5a4d37642b,SPEND,-2197.56,GB,1580.1,2025-10-26T01:00:00,QR
WAL_1e1ef1a380,U_5a4d37642b,SPEND,-365.33,GB,1214.77,2025-10-22T08:00:00,QR
WAL_3dcb22718b,U_5a4d37642b,SPEND,-1168.76,GB,46.01,2025-10-26T17:00:00,QR
WAL_d6be770cee,U_5a4d37642b,SPEND,-3975.54,GB,-3929.53,2025-11-01T04:00:00,QR
WAL_31b112b564,U_5a4d37642b,LOAD,23772.47,GB,19842.95,2025-10-27T16:00:00,APP
WAL_2be829710b,U_5a4d37642b,SPEND,-2611.74,GB,17231.21,2025-10-27T16:00:00,QR
WAL_a226ff54c4,U_5a4d37642b,LOAD,10563.01,GB,10563.01,2025-08-23T09:00:00,APP
WAL_b24b6beed0,U_5a4d37642b,SPEND,-6320.3,GB,4242.71,2025-08-23T09:00:00,QR
WAL_1c25295548,U_5a4d37642b,SPEND,-954.42,GB,3288.29,2025-08-29T15:00:00,QR
WAL_80d47f810d,U_5a4d37642b,LOAD,9602.34,GB,9602.34,2024-12-02T03:00:00,APP
WAL_71bb7ef120,U_5a4d37642b,SPEND,-2630.87,GB,6971.47,2024-11-29T14:00:00,QR
WAL_6d451adea3,U_5a4d37642b,SPEND,-2251.55,GB,4719.92,2024-11-29T11:00:00,QR
WAL_a70f171c40,U_5a4d37642b,SPEND,-4816.04,GB,-96.12,2024-12-02T20:00:00,QR
WAL_2ebc108a14,U_5a4d37642b,LOAD,10450.68,GB,10354.56,2024-12-02T21:00:00,APP
WAL_37d50ef535,U_5a4d37642b,SPEND,-1468.7,GB,8885.86,2024-12-02T21:00:00,QR
WAL_d911d2bc13,U_5a4d37642b,SPEND,-1777.91,GB,7107.95,2024-11-29T09:00:00,QR
WAL_fa6874673e,U_5a4d37642b,SPEND,-1791.35,GB,5316.6,2024-12-02T20:00:00,QR
WAL_0bf0958b19,U_5a4d37642b,SPEND,-2231.75,GB,3084.85,2024-12-01T14:00:00,QR
WAL_d57a015ca1,U_5a4d37642b,SPEND,-1104.52,GB,1980.33,2024-12-01T08:00:00,QR
WAL_81dd2ce7de,U_5a4d37642b,SPEND,-1624.29,GB,356.04,2024-12-02T01:00:00,QR
WAL_c88a644fe1,U_5a4d37642b,SPEND,-902.89,GB,-546.85,2024-11-30T21:00:00,QR
WAL_473bf034fd,U_5a4d37642b,LOAD,8363.42,GB,7816.57,2024-11-30T13:00:00,APP
WAL_dde7eb4a99,U_5a4d37642b,SPEND,-1865.64,GB,5950.93,2024-11-30T13:00:00,QR
WAL_8aea93a7f5,U_5a4d37642b,SPEND,-1653.53,GB,4297.4,2024-12-01T15:00:00,QR
WAL_ebcc94a81d,U_5a4d37642b,SPEND,-3042.18,GB,1255.22,2024-12-02T15:00:00,QR
WAL_e5a9198d74,U_5a4d37642b,SPEND,-1255.39,GB,-0.17,2024-12-02T02:00:00,QR
WAL_e775584572,U_5a4d37642b,LOAD,7954.81,GB,7954.65,2024-12-01T16:00:00,APP
WAL_e796ac5bfe,U_5a4d37642b,SPEND,-4431.69,GB,3522.96,2024-12-01T16:00:00,QR
WAL_91a13af216,U_5a4d37642b,LOAD,2861.99,GB,2861.99,2024-12-12T08:00:00,APP
WAL_9586510224,U_5a4d37642b,SPEND,-1701.25,GB,1160.74,2024-12-19T08:00:00,QR
WAL_bf137dade1,U_5a4d37642b,SPEND,-2222.59,GB,-1061.85,2024-12-17T13:00:00,QR
WAL_390cbb3c69,U_5a4d37642b,LOAD,3126.67,GB,2064.82,2024-12-08T05:00:00,APP
WAL_2f0ec6cf26,U_5a4d37642b,SPEND,-1148.61,GB,916.21,2024-12-08T05:00:00,QR
WAL_041f6d1f0c,U_5a4d37642b,SPEND,-1447.8,GB,-531.59,2024-12-19T23:00:00,QR
WAL_e1eafd962a,U_5a4d37642b,LOAD,5822.66,GB,5291.08,2024-12-12T17:00:00,APP
WAL_382f025cba,U_5a4d37642b,SPEND,-3299.37,GB,1991.71,2024-12-11T08:00:00,QR
WAL_573148763d,U_91c29caa80,LOAD,17037.43,SG,17037.43,2025-11-24T09:00:00,APP
WAL_34883e124b,U_91c29caa80,SPEND,-2184.33,SG,14853.1,2025-11-24T09:00:00,QR
WAL_444681d985,U_91c29caa80,SPEND,-1705.31,SG,13147.79,2025-11-26T05:00:00,QR
WAL_e9749f7f23,U_91c29caa80,SPEND,-629.75,SG,12518.04,2025-11-14T19:00:00,QR
WAL_d36c08d87f,U_91c29caa80,SPEND,-802.55,SG,11715.49,2025-11-21T09:00:00,QR
WAL_2d92de731a,U_91c29caa80,SPEND,-2990.92,SG,8724.57,2025-11-22T01:00:00,QR
WAL_7b20b8cac7,U_91c29caa80,SPEND,-5074.11,SG,3650.46,2025-11-26T07:00:00,QR
WAL_cc9bf978ac,U_91c29caa80,LOAD,5908.41,SG,5908.41,2025-05-29T05:00:00,APP
WAL_75dde3220a,U_91c29caa80,SPEND,-2441.35,SG,3467.06,2025-05-29T05:00:00,QR
WAL_a61ece10dd,U_91c29caa80,SPEND,-1025.88,SG,2441.18,2025-05-26T12:00:00,QR
WAL_fdd1e6520d,U_91c29caa80,SPEND,-1476.81,SG,964.37,2025-05-28T15:00:00,QR
WAL_ed92a9a1a3,U_91c29caa80,SPEND,-1159.42,SG,-195.05,2025-05-23T10:00:00,QR
WAL_643fd5a230,U_91c29caa80,LOAD,24661.4,SG,24661.4,2026-06-10T03:00:00,APP
WAL_c6bb00eac9,U_91c29caa80,SPEND,-864.22,SG,23797.18,2026-06-10T13:00:00,QR
WAL_bca55119e3,U_b1c5c03372,LOAD,19865.23,US,19865.23,2024-10-08T03:00:00,APP
WAL_bb41fdc010,U_b1c5c03372,SPEND,-1040.25,US,18824.98,2024-10-08T03:00:00,QR
WAL_59154d926c,U_b1c5c03372,SPEND,-1503.12,US,17321.86,2024-10-20T03:00:00,QR
WAL_5a60d54bcc,U_b1c5c03372,SPEND,-1614.73,US,15707.13,2024-10-18T15:00:00,QR
WAL_18339043ad,U_b1c5c03372,SPEND,-1209.56,US,14497.57,2024-10-07T03:00:00,QR
WAL_253d76291e,U_b1c5c03372,SPEND,-1593.4,US,12904.17,2024-10-19T01:00:00,QR
WAL_ef8e8476ef,U_b1c5c03372,SPEND,-1855.0,US,11049.17,2024-10-06T00:00:00,QR
WAL_4deaf285cf,U_b1c5c03372,SPEND,-707.42,US,10341.75,2024-10-23T07:00:00,QR
WAL_356664167d,U_b1c5c03372,SPEND,-1314.55,US,9027.2,2024-10-14T02:00:00,QR
WAL_57525cf37f,U_b1c5c03372,SPEND,-1725.53,US,7301.67,2024-10-06T00:00:00,QR
WAL_b3ed665a69,U_b1c5c03372,SPEND,-2314.86,US,4986.81,2024-10-20T09:00:00,QR
WAL_881b34090a,U_b1c5c03372,SPEND,-1845.84,US,3140.97,2024-10-18T20:00:00,QR
WAL_ff1bf3e3ff,U_b1c5c03372,SPEND,-1679.5,US,1461.47,2024-10-09T07:00:00,QR
WAL_3486d9cc98,U_77bf150e4f,LOAD,11125.2,CA,11125.2,2025-02-04T10:00:00,APP
WAL_82f71caf91,U_77bf150e4f,SPEND,-1086.54,CA,10038.66,2025-02-04T10:00:00,QR
WAL_93d963c4ec,U_77bf150e4f,SPEND,-2572.64,CA,7466.02,2025-02-12T12:00:00,QR
WAL_4bb8b99f9d,U_77bf150e4f,SPEND,-1312.24,CA,6153.78,2025-02-12T13:00:00,QR
WAL_226feb9c7d,U_77bf150e4f,SPEND,-849.45,CA,5304.33,2025-02-13T15:00:00,QR
WAL_7b797ce053,U_77bf150e4f,SPEND,-4309.26,CA,995.07,2025-02-11T03:00:00,QR
WAL_7aea3abc81,U_77bf150e4f,LOAD,9860.86,CA,9860.86,2025-11-07T06:00:00,APP
WAL_ec7410cf14,U_77bf150e4f,SPEND,-2165.93,CA,7694.93,2025-11-07T06:00:00,QR
WAL_58ded28377,U_77bf150e4f,SPEND,-421.92,CA,7273.01,2025-11-07T15:00:00,QR
WAL_8675b27cc8,U_77bf150e4f,SPEND,-2300.45,CA,4972.56,2025-11-05T03:00:00,QR
WAL_e7c42dd8a0,U_77bf150e4f,SPEND,-2630.58,CA,2341.98,2025-11-05T15:00:00,QR
WAL_e5ef4cf756,U_77bf150e4f,SPEND,-1782.87,CA,559.11,2025-11-07T08:00:00,QR
WAL_35c19a2ed4,U_77bf150e4f,LOAD,5671.0,CA,5671.0,2026-03-14T01:00:00,APP
WAL_ab76fd28dd,U_77bf150e4f,SPEND,-1937.05,CA,3733.95,2026-03-14T01:00:00,QR
WAL_e930596fbc,U_77bf150e4f,SPEND,-1222.06,CA,2511.89,2026-03-12T23:00:00,QR
WAL_21fd0f3e9b,U_4145a61db0,LOAD,24250.77,US,24250.77,2025-11-30T07:00:00,APP
WAL_13ccadda57,U_4145a61db0,SPEND,-2083.29,US,22167.48,2025-11-30T17:00:00,QR
WAL_fa52120961,U_4145a61db0,SPEND,-1190.02,US,20977.46,2025-11-29T01:00:00,QR
WAL_7b93840c0c,U_4145a61db0,SPEND,-842.2,US,20135.26,2025-11-29T19:00:00,QR
WAL_0ae01d21dc,U_4145a61db0,SPEND,-896.88,US,19238.38,2025-11-29T21:00:00,QR
WAL_34f88fa035,U_4145a61db0,SPEND,-1623.41,US,17614.97,2025-11-29T18:00:00,QR
WAL_3b83c5047a,U_4145a61db0,SPEND,-646.25,US,16968.72,2025-11-30T08:00:00,QR
WAL_1b43df16ae,U_4145a61db0,SPEND,-4712.63,US,12256.09,2025-11-30T05:00:00,QR
WAL_f97fdbfc52,U_548ff2fc8b,LOAD,12151.23,AE,12151.23,2025-05-29T14:00:00,APP
WAL_646ec278fb,U_548ff2fc8b,SPEND,-3005.54,AE,9145.69,2025-05-29T14:00:00,QR
WAL_a84aae4ac7,U_548ff2fc8b,SPEND,-1222.66,AE,7923.03,2025-06-02T21:00:00,QR
WAL_81362c09b9,U_548ff2fc8b,SPEND,-1456.25,AE,6466.78,2025-06-17T03:00:00,QR
WAL_4b68657a5c,U_548ff2fc8b,SPEND,-1633.09,AE,4833.69,2025-06-04T15:00:00,QR
WAL_2b10fd0e2c,U_548ff2fc8b,SPEND,-1472.84,AE,3360.85,2025-06-17T05:00:00,QR
WAL_910624515b,U_548ff2fc8b,SPEND,-543.78,AE,2817.07,2025-06-16T12:00:00,QR
WAL_da01fbfee9,U_548ff2fc8b,SPEND,-1525.66,AE,1291.41,2025-05-30T04:00:00,QR
WAL_f64282286e,U_548ff2fc8b,SPEND,-2153.31,AE,-861.9,2025-06-17T10:00:00,QR
WAL_4270ba8e5c,U_548ff2fc8b,LOAD,14596.68,AE,13734.78,2025-06-16T00:00:00,APP
WAL_3d9e715c61,U_548ff2fc8b,SPEND,-2287.99,AE,11446.79,2025-06-16T00:00:00,QR
WAL_e8d1a567ff,U_548ff2fc8b,SPEND,-1113.32,AE,10333.47,2025-06-14T00:00:00,QR
WAL_75ffd88570,U_246409586d,LOAD,2500.43,REST,2500.43,2025-06-18T03:00:00,APP
WAL_6a1fe037dd,U_246409586d,SPEND,-637.15,REST,1863.28,2025-06-18T03:00:00,QR
WAL_4f7c47c3a5,U_246409586d,SPEND,-1280.02,REST,583.26,2025-06-20T15:00:00,QR
WAL_7a59bde506,U_246409586d,LOAD,12236.17,REST,12236.17,2026-04-20T15:00:00,APP
WAL_bc6c65f084,U_246409586d,SPEND,-1133.97,REST,11102.2,2026-04-20T15:00:00,QR
WAL_54590081e0,U_246409586d,SPEND,-1304.98,REST,9797.22,2026-04-12T01:00:00,QR
WAL_a396af233f,U_246409586d,SPEND,-944.46,REST,8852.76,2026-04-10T21:00:00,QR
WAL_801ed50388,U_246409586d,SPEND,-1989.96,REST,6862.8,2026-04-09T20:00:00,QR
WAL_e40dff8b2b,U_246409586d,SPEND,-711.59,REST,6151.21,2026-04-07T04:00:00,QR
WAL_401b794816,U_246409586d,SPEND,-1138.82,REST,5012.39,2026-04-10T22:00:00,QR
WAL_e46ce422a2,U_246409586d,SPEND,-1776.06,REST,3236.33,2026-04-18T19:00:00,QR
WAL_62bb330526,U_246409586d,SPEND,-665.57,REST,2570.76,2026-04-22T12:00:00,QR
WAL_ff66afca67,U_246409586d,LOAD,14486.25,REST,14486.25,2025-12-24T08:00:00,APP
WAL_37a654f7b1,U_246409586d,SPEND,-697.13,REST,13789.12,2025-12-24T08:00:00,QR
WAL_21111ff2d6,U_246409586d,SPEND,-1778.55,REST,12010.57,2025-12-27T16:00:00,QR
WAL_9f3105a256,U_246409586d,SPEND,-3940.54,REST,8070.03,2025-12-25T05:00:00,QR
WAL_baa41c568f,U_246409586d,SPEND,-1140.67,REST,6929.36,2025-12-29T23:00:00,QR
WAL_62a84bcb4d,U_246409586d,SPEND,-3320.58,REST,3608.78,2025-12-28T14:00:00,QR
WAL_bcd5864a6f,U_246409586d,SPEND,-683.63,REST,2925.15,2025-12-31T14:00:00,QR
WAL_452d8c3366,U_246409586d,SPEND,-1078.24,REST,1846.91,2026-01-02T23:00:00,QR
WAL_fd2e96630c,U_246409586d,SPEND,-814.68,REST,1032.23,2025-12-31T16:00:00,QR
WAL_95768335b4,U_246409586d,SPEND,-1305.36,REST,-273.13,2025-12-30T16:00:00,QR
WAL_21d7c9f2ad,U_246409586d,LOAD,9545.79,REST,9272.66,2025-12-31T05:00:00,APP
WAL_ac3e145a04,U_246409586d,SPEND,-1104.55,REST,8168.11,2025-12-26T13:00:00,QR
WAL_c1e248b9f2,U_246409586d,SPEND,-953.1,REST,7215.01,2025-12-30T08:00:00,QR
WAL_7da05a664d,U_246409586d,LOAD,5911.91,REST,5911.91,2026-01-09T14:00:00,APP
WAL_79a3b3ae2a,U_246409586d,SPEND,-1593.9,REST,4318.01,2026-01-02T05:00:00,QR
WAL_5a499c011c,U_246409586d,SPEND,-2273.27,REST,2044.74,2025-12-31T05:00:00,QR
WAL_162c0292c9,U_246409586d,SPEND,-1620.21,REST,424.53,2026-01-01T19:00:00,QR
WAL_c91e094a7a,U_6f44c38b96,LOAD,8652.43,AE,8652.43,2025-09-20T19:00:00,APP
WAL_f6957e4eee,U_6f44c38b96,SPEND,-1211.28,AE,7441.15,2025-09-20T19:00:00,QR
WAL_8ab090f002,U_6f44c38b96,SPEND,-1001.08,AE,6440.07,2025-09-19T11:00:00,QR
WAL_1767c664be,U_6f44c38b96,SPEND,-1788.04,AE,4652.03,2025-09-22T01:00:00,QR
WAL_9a9c5dbbe7,U_aaf696233e,LOAD,15370.51,AU,15370.51,2024-08-24T11:00:00,APP
WAL_b357af47f1,U_aaf696233e,SPEND,-6759.89,AU,8610.62,2024-08-23T09:00:00,QR
WAL_52772d4a3f,U_aaf696233e,SPEND,-1073.04,AU,7537.58,2024-08-21T16:00:00,QR
WAL_9ec34861ca,U_aaf696233e,SPEND,-1000.55,AU,6537.03,2024-08-22T16:00:00,QR
WAL_04e432d049,U_aaf696233e,SPEND,-517.34,AU,6019.69,2024-08-20T04:00:00,QR
WAL_e1a51517f0,U_aaf696233e,SPEND,-3617.97,AU,2401.72,2024-08-22T23:00:00,QR
WAL_39687ba4f8,U_aaf696233e,LOAD,11252.26,AU,11252.26,2026-01-19T09:00:00,APP
WAL_1f95c215dd,U_aaf696233e,SPEND,-1844.81,AU,9407.45,2026-01-19T09:00:00,QR
WAL_a4656adeba,U_aaf696233e,SPEND,-3765.63,AU,5641.82,2026-01-26T19:00:00,QR
WAL_db85bed8e5,U_aaf696233e,SPEND,-4379.11,AU,1262.71,2026-01-18T22:00:00,QR
WAL_2500a30923,U_aaf696233e,SPEND,-3198.82,AU,-1936.11,2026-01-23T20:00:00,QR
WAL_32a3a2cc05,U_aaf696233e,LOAD,3083.63,AU,1147.52,2026-01-25T16:00:00,APP
WAL_963d90a1cb,U_aaf696233e,SPEND,-1774.1,AU,-626.58,2026-01-25T16:00:00,QR
WAL_3f8ebdb1ce,U_aaf696233e,LOAD,3523.03,AU,2896.45,2026-02-02T11:00:00,APP
WAL_ffea57ffa2,U_aaf696233e,SPEND,-1717.65,AU,1178.8,2026-01-23T15:00:00,QR
WAL_dc4f9f12a2,U_aaf696233e,SPEND,-1476.49,AU,-297.69,2026-01-23T04:00:00,QR
WAL_b0b17fec74,U_aaf696233e,LOAD,12981.98,AU,12684.28,2026-01-30T21:00:00,APP
WAL_7d510301b7,U_aaf696233e,SPEND,-1232.81,AU,11451.47,2026-01-30T21:00:00,QR
WAL_6b5eeb964a,U_33142f52ec,LOAD,2040.54,NP,2040.54,2025-11-16T12:00:00,APP
WAL_afefcf42f5,U_33142f52ec,SPEND,-1171.15,NP,869.39,2025-11-19T20:00:00,QR
WAL_97ce2faaff,U_33142f52ec,SPEND,-1235.97,NP,-366.58,2025-11-19T06:00:00,QR
WAL_d4041a55eb,U_33142f52ec,LOAD,10242.68,NP,9876.1,2025-11-26T22:00:00,APP
WAL_6b91f37da0,U_33142f52ec,SPEND,-1314.17,NP,8561.93,2025-11-13T07:00:00,QR
WAL_20240fae13,U_33142f52ec,SPEND,-1235.4,NP,7326.53,2025-11-20T09:00:00,QR
WAL_a0505de085,U_33142f52ec,SPEND,-1488.24,NP,5838.29,2025-11-19T15:00:00,QR
WAL_2ff8c9c466,U_158b4a8e39,LOAD,23977.51,AU,23977.51,2025-12-18T07:00:00,APP
WAL_436ae16331,U_158b4a8e39,SPEND,-525.35,AU,23452.16,2025-12-18T07:00:00,QR
WAL_198fdb5b93,U_158b4a8e39,SPEND,-2051.59,AU,21400.57,2025-12-17T18:00:00,QR
WAL_2802b35516,U_158b4a8e39,SPEND,-3675.34,AU,17725.23,2025-12-16T23:00:00,QR
WAL_ff44e42a68,U_158b4a8e39,SPEND,-1521.0,AU,16204.23,2025-12-11T15:00:00,QR
WAL_e76001db69,U_158b4a8e39,SPEND,-432.16,AU,15772.07,2025-12-09T00:00:00,QR
WAL_6cdeeedb09,U_2b8ced6195,LOAD,13708.41,REST,13708.41,2026-04-07T19:00:00,APP
WAL_d5639467ef,U_2b8ced6195,SPEND,-522.71,REST,13185.7,2026-04-07T19:00:00,QR
WAL_7dcfa1020c,U_2b8ced6195,SPEND,-884.31,REST,12301.39,2026-04-13T01:00:00,QR
WAL_c2625ddb82,U_2b8ced6195,SPEND,-778.49,REST,11522.9,2026-04-12T12:00:00,QR
WAL_bd8380ba17,U_2b8ced6195,SPEND,-1055.5,REST,10467.4,2026-04-09T04:00:00,QR
WAL_c57fe08d63,U_2b8ced6195,SPEND,-1684.61,REST,8782.79,2026-04-06T23:00:00,QR
WAL_886407dd57,U_bd0fca14b1,LOAD,9530.8,REST,9530.8,2026-03-11T19:00:00,APP
WAL_93bdbd07ae,U_bd0fca14b1,SPEND,-759.21,REST,8771.59,2026-03-08T06:00:00,QR
WAL_5a4a0837d6,U_bd0fca14b1,SPEND,-3235.63,REST,5535.96,2026-03-11T06:00:00,QR
WAL_577128bd76,U_bd0fca14b1,SPEND,-2783.78,REST,2752.18,2026-03-11T05:00:00,QR
WAL_512844a045,U_bd0fca14b1,SPEND,-859.43,REST,1892.75,2026-03-08T00:00:00,QR
WAL_4ad2c6a64c,U_bd0fca14b1,SPEND,-1484.6,REST,408.15,2026-03-10T03:00:00,QR
WAL_71be6e8db7,U_bd0fca14b1,SPEND,-1555.94,REST,-1147.79,2026-03-10T08:00:00,QR
WAL_1d1a224091,U_bd0fca14b1,LOAD,19726.93,REST,18579.14,2026-03-11T15:00:00,APP
WAL_23ae0c5ad1,U_bd0fca14b1,SPEND,-2098.46,REST,16480.68,2026-03-11T15:00:00,QR
WAL_11014ff273,U_bd0fca14b1,SPEND,-1136.83,REST,15343.85,2026-03-11T20:00:00,QR
WAL_31563ff373,U_604fe7ccdd,LOAD,12857.8,REST,12857.8,2025-02-07T10:00:00,APP
WAL_4b296a5e62,U_604fe7ccdd,SPEND,-2266.34,REST,10591.46,2025-02-07T10:00:00,QR
WAL_5a091d199f,U_604fe7ccdd,SPEND,-2126.45,REST,8465.01,2025-02-03T00:00:00,QR
WAL_28c5ba9d03,U_3e72bfca54,LOAD,7603.83,US,7603.83,2025-09-28T04:00:00,APP
WAL_e85a785185,U_3e72bfca54,SPEND,-1823.77,US,5780.06,2025-09-28T04:00:00,QR
WAL_a633b659fd,U_3e72bfca54,SPEND,-2157.13,US,3622.93,2025-09-29T15:00:00,QR
WAL_35b38beb26,U_3e72bfca54,SPEND,-1004.81,US,2618.12,2025-09-25T23:00:00,QR
WAL_785c6849ba,U_3e72bfca54,SPEND,-1036.53,US,1581.59,2025-09-25T22:00:00,QR
WAL_a9d81444d7,U_3e72bfca54,SPEND,-2346.82,US,-765.23,2025-09-24T18:00:00,QR
WAL_461cd00b42,U_c8d395f594,LOAD,7199.62,REST,7199.62,2025-02-22T06:00:00,APP
WAL_b17cc69a5b,U_c8d395f594,SPEND,-898.68,REST,6300.94,2025-02-21T12:00:00,QR
WAL_64add88ca0,U_c8d395f594,SPEND,-828.43,REST,5472.51,2025-02-19T06:00:00,QR
WAL_1ccd3e4c13,U_c8d395f594,LOAD,21488.98,REST,21488.98,2026-02-09T17:00:00,APP
WAL_5b19eef6b0,U_c8d395f594,SPEND,-701.65,REST,20787.33,2026-02-09T17:00:00,QR
WAL_8858f5c18d,U_c8d395f594,SPEND,-1130.52,REST,19656.81,2026-01-30T02:00:00,QR
WAL_7132682588,U_c8d395f594,SPEND,-1842.69,REST,17814.12,2026-02-07T21:00:00,QR
WAL_257b5ec886,U_c8d395f594,SPEND,-1921.74,REST,15892.38,2026-01-29T09:00:00,QR
WAL_4de5e56c6b,U_c8d395f594,SPEND,-1089.6,REST,14802.78,2026-02-09T22:00:00,QR
WAL_68f0d4a510,U_c8d395f594,SPEND,-1263.17,REST,13539.61,2026-01-24T18:00:00,QR
WAL_c7db93c99a,U_c8d395f594,SPEND,-1766.94,REST,11772.67,2026-01-25T14:00:00,QR
WAL_006f38d0db,U_c8d395f594,SPEND,-507.67,REST,11265.0,2026-01-28T20:00:00,QR
WAL_848006c6e2,U_c8d395f594,SPEND,-1430.1,REST,9834.9,2026-02-02T06:00:00,QR
WAL_18accd5167,U_c8d395f594,SPEND,-3565.28,REST,6269.62,2026-02-05T00:00:00,QR
WAL_d255144542,U_c8d395f594,SPEND,-337.3,REST,5932.32,2026-02-09T13:00:00,QR
WAL_b9a84aa7fb,U_c8d395f594,SPEND,-1566.9,REST,4365.42,2026-01-28T15:00:00,QR
WAL_57d68b0983,U_c8d395f594,SPEND,-1310.61,REST,3054.81,2026-01-31T23:00:00,QR
WAL_758fb9f013,U_c8d395f594,SPEND,-385.96,REST,2668.85,2026-01-24T13:00:00,QR
WAL_d7d9fc22fc,U_c8d395f594,LOAD,17532.21,REST,17532.21,2025-03-21T07:00:00,APP
WAL_680319019f,U_c8d395f594,SPEND,-895.62,REST,16636.59,2025-03-21T07:00:00,QR
WAL_0c0dbab1b7,U_c8d395f594,SPEND,-558.97,REST,16077.62,2025-03-11T06:00:00,QR
WAL_49447f56d7,U_c8d395f594,SPEND,-2959.39,REST,13118.23,2025-03-21T09:00:00,QR
WAL_0de1d358d4,U_c8d395f594,SPEND,-1023.53,REST,12094.7,2025-03-16T04:00:00,QR
WAL_812deaf833,U_c8d395f594,SPEND,-1606.97,REST,10487.73,2025-03-21T01:00:00,QR
WAL_0c0608f445,U_c8d395f594,SPEND,-997.45,REST,9490.28,2025-03-12T11:00:00,QR
WAL_fbee04447e,U_c8d395f594,LOAD,14317.29,REST,14317.29,2025-11-23T13:00:00,APP
WAL_9b9cb1c976,U_c8d395f594,SPEND,-1188.27,REST,13129.02,2025-11-23T13:00:00,QR
WAL_954c754a40,U_c8d395f594,SPEND,-1558.04,REST,11570.98,2025-11-23T00:00:00,QR
WAL_7a5ad52ca0,U_c8d395f594,SPEND,-577.81,REST,10993.17,2025-12-01T01:00:00,QR
WAL_736ff22618,U_c8d395f594,SPEND,-3122.39,REST,7870.78,2025-11-21T04:00:00,QR
WAL_5249c93dd7,U_24f52f3397,LOAD,15505.62,AE,15505.62,2025-02-07T16:00:00,APP
WAL_2deea6d53d,U_24f52f3397,SPEND,-5811.95,AE,9693.67,2025-02-07T16:00:00,QR
WAL_cc59f33660,U_24f52f3397,SPEND,-795.58,AE,8898.09,2025-02-05T09:00:00,QR
WAL_89f7d40b9d,U_24f52f3397,SPEND,-3168.2,AE,5729.89,2025-02-05T06:00:00,QR
WAL_a018dff4e9,U_24f52f3397,SPEND,-1137.44,AE,4592.45,2025-02-05T12:00:00,QR
WAL_097e6a8918,U_24f52f3397,SPEND,-1061.7,AE,3530.75,2025-02-06T21:00:00,QR
WAL_3371069b97,U_24f52f3397,SPEND,-824.87,AE,2705.88,2025-02-06T07:00:00,QR
WAL_e14785783a,U_24f52f3397,SPEND,-969.17,AE,1736.71,2025-02-06T01:00:00,QR
WAL_d967674fdb,U_24f52f3397,SPEND,-1519.21,AE,217.5,2025-02-05T18:00:00,QR
WAL_7b3801ee0d,U_24f52f3397,SPEND,-2198.81,AE,-1981.31,2025-02-07T13:00:00,QR
WAL_0f3b75aae2,U_d6dcd99009,LOAD,20930.83,CA,20930.83,2026-03-25T12:00:00,APP
WAL_2c4ab34edb,U_d6dcd99009,SPEND,-472.25,CA,20458.58,2026-03-25T12:00:00,QR
WAL_dc23562e02,U_d6dcd99009,SPEND,-1371.07,CA,19087.51,2026-03-17T19:00:00,QR
WAL_bc518eabad,U_d6dcd99009,SPEND,-1767.59,CA,17319.92,2026-03-28T06:00:00,QR
WAL_bad3d91885,U_d6dcd99009,SPEND,-3531.89,CA,13788.03,2026-03-14T23:00:00,QR
WAL_52547143c3,U_d6dcd99009,SPEND,-2846.88,CA,10941.15,2026-03-19T16:00:00,QR
WAL_aaab7814e6,U_d6dcd99009,SPEND,-2056.45,CA,8884.7,2026-03-16T04:00:00,QR
WAL_fa568db6ea,U_d6dcd99009,SPEND,-3466.4,CA,5418.3,2026-03-17T19:00:00,QR
WAL_0b03b610fb,U_d6dcd99009,SPEND,-2237.25,CA,3181.05,2026-03-15T04:00:00,QR
WAL_3fb497ac35,U_d6dcd99009,LOAD,15583.54,CA,15583.54,2025-04-13T23:00:00,APP
WAL_7ea7f139e3,U_d6dcd99009,SPEND,-650.73,CA,14932.81,2025-04-13T23:00:00,QR
WAL_406a3fe3bd,U_d6dcd99009,SPEND,-672.35,CA,14260.46,2025-03-27T16:00:00,QR
WAL_281695343c,U_d6dcd99009,LOAD,21530.08,CA,21530.08,2025-10-05T17:00:00,APP
WAL_611e5fc9a2,U_d6dcd99009,SPEND,-4328.33,CA,17201.75,2025-10-05T17:00:00,QR
WAL_fb60cc6b12,U_d6dcd99009,SPEND,-783.81,CA,16417.94,2025-10-09T06:00:00,QR
WAL_8244995160,U_d6dcd99009,SPEND,-1344.97,CA,15072.97,2025-10-07T23:00:00,QR
WAL_4d496a8456,U_d6dcd99009,SPEND,-975.71,CA,14097.26,2025-10-07T16:00:00,QR
WAL_48663cfd89,U_d6dcd99009,SPEND,-831.59,CA,13265.67,2025-10-04T03:00:00,QR
WAL_bc7f762b5a,U_d6dcd99009,SPEND,-2355.61,CA,10910.06,2025-10-05T18:00:00,QR
WAL_900fd483f9,U_d6dcd99009,SPEND,-1758.96,CA,9151.1,2025-10-10T06:00:00,QR
WAL_7ba86ab704,U_d6dcd99009,SPEND,-971.72,CA,8179.38,2025-10-14T21:00:00,QR
WAL_7fd4e96e8d,U_d6dcd99009,SPEND,-1996.72,CA,6182.66,2025-10-13T18:00:00,QR
WAL_5421ca3ba1,U_3eb65f1ada,LOAD,6843.27,BD,6843.27,2025-11-22T00:00:00,APP
WAL_30152b0e1c,U_3eb65f1ada,SPEND,-1482.68,BD,5360.59,2025-11-22T00:00:00,QR
WAL_33c02166fb,U_3eb65f1ada,SPEND,-925.52,BD,4435.07,2025-11-24T13:00:00,QR
WAL_c2e9d6db65,U_3eb65f1ada,SPEND,-473.99,BD,3961.08,2025-11-22T08:00:00,QR
WAL_a89f5971ba,U_3eb65f1ada,LOAD,18463.49,BD,18463.49,2025-01-14T16:00:00,APP
WAL_d83f21f663,U_3eb65f1ada,SPEND,-1453.66,BD,17009.83,2025-01-13T21:00:00,QR
WAL_a8a60b3fe3,U_3eb65f1ada,SPEND,-1659.06,BD,15350.77,2025-01-20T01:00:00,QR
WAL_4ff829ee12,U_3eb65f1ada,SPEND,-3762.39,BD,11588.38,2025-01-14T14:00:00,QR
WAL_183512f165,U_3eb65f1ada,SPEND,-1828.22,BD,9760.16,2025-01-21T09:00:00,QR
WAL_20036edb6a,U_93bf5c7d98,LOAD,11839.38,FR,11839.38,2025-02-08T09:00:00,APP
WAL_d2f17486a0,U_93bf5c7d98,SPEND,-1322.41,FR,10516.97,2025-02-08T09:00:00,QR
WAL_18fca0f090,U_93bf5c7d98,SPEND,-480.07,FR,10036.9,2025-02-12T06:00:00,QR
WAL_b214753cb9,U_93bf5c7d98,SPEND,-3333.66,FR,6703.24,2025-02-08T01:00:00,QR
WAL_170f2c84cb,U_93bf5c7d98,SPEND,-672.97,FR,6030.27,2025-02-09T23:00:00,QR
WAL_55f37837bc,U_93bf5c7d98,SPEND,-1002.06,FR,5028.21,2025-02-07T20:00:00,QR
WAL_26aaf2a4a9,U_93bf5c7d98,SPEND,-1145.88,FR,3882.33,2025-02-07T16:00:00,QR
WAL_407528975f,U_0908dff2a3,LOAD,16625.27,US,16625.27,2026-02-28T00:00:00,APP
WAL_c3fb99eabe,U_0908dff2a3,SPEND,-1736.92,US,14888.35,2026-02-28T00:00:00,QR
WAL_3b90578a71,U_0908dff2a3,SPEND,-1411.94,US,13476.41,2026-02-25T12:00:00,QR
WAL_a913a4ac51,U_cd8028d166,LOAD,2936.73,DE,2936.73,2025-01-02T01:00:00,APP
WAL_21410bbe4a,U_cd8028d166,SPEND,-3298.52,DE,-361.79,2024-12-31T08:00:00,QR
WAL_a23fa58b79,U_cd8028d166,LOAD,20615.77,DE,20253.98,2024-12-31T15:00:00,APP
WAL_e34590ce60,U_cd8028d166,SPEND,-733.74,DE,19520.24,2024-12-31T15:00:00,QR
WAL_199c7e174b,U_cd8028d166,SPEND,-2130.79,DE,17389.45,2025-01-01T14:00:00,QR
WAL_ed8a01635c,U_cd8028d166,SPEND,-969.77,DE,16419.68,2025-01-03T23:00:00,QR
WAL_b95a981fef,U_cd8028d166,SPEND,-2398.36,DE,14021.32,2025-01-01T04:00:00,QR
WAL_bf286a31ab,U_cd8028d166,SPEND,-5135.41,DE,8885.91,2025-01-03T18:00:00,QR
WAL_85b801b06a,U_cd8028d166,SPEND,-560.99,DE,8324.92,2024-12-31T03:00:00,QR
WAL_35c9709007,U_cd8028d166,SPEND,-1809.49,DE,6515.43,2025-01-02T23:00:00,QR
WAL_56994eb609,U_cd8028d166,SPEND,-1666.68,DE,4848.75,2025-01-03T06:00:00,QR
WAL_08d4934276,U_3c4c2749d6,LOAD,5919.4,BD,5919.4,2025-07-21T10:00:00,APP
WAL_e6db84ac54,U_3c4c2749d6,SPEND,-1189.19,BD,4730.21,2025-07-21T10:00:00,QR
WAL_e41216e48f,U_3c4c2749d6,SPEND,-387.76,BD,4342.45,2025-07-29T20:00:00,QR
WAL_3020739abf,U_3c4c2749d6,SPEND,-785.36,BD,3557.09,2025-07-31T18:00:00,QR
WAL_3b337f0612,U_3c4c2749d6,LOAD,7747.89,BD,7747.89,2026-07-02T02:00:00,APP
WAL_f676758dd3,U_3c4c2749d6,SPEND,-809.06,BD,6938.83,2026-06-29T06:00:00,QR
WAL_8326873a41,U_3c4c2749d6,SPEND,-1727.49,BD,5211.34,2026-07-05T00:00:00,QR
WAL_bc7dd9377e,U_3c4c2749d6,SPEND,-1531.15,BD,3680.19,2026-07-05T23:00:00,QR
WAL_0def0f8cc8,U_3c4c2749d6,SPEND,-907.4,BD,2772.79,2026-07-03T11:00:00,QR
WAL_ec6e8fdfa6,U_3c4c2749d6,SPEND,-1133.72,BD,1639.07,2026-07-06T21:00:00,QR
WAL_6de6369154,U_3c4c2749d6,SPEND,-1881.95,BD,-242.88,2026-07-03T05:00:00,QR
WAL_c86ae75442,U_3c4c2749d6,LOAD,7663.77,BD,7420.89,2026-07-04T20:00:00,APP
WAL_c7a2f51d10,U_3c4c2749d6,SPEND,-929.89,BD,6491.0,2026-07-04T20:00:00,QR
WAL_cbcd7316e6,U_3c4c2749d6,SPEND,-4542.06,BD,1948.94,2026-07-07T18:00:00,QR
WAL_63cb475b35,U_3c4c2749d6,SPEND,-1492.25,BD,456.69,2026-07-02T15:00:00,QR
WAL_f0fc86b000,U_3c4c2749d6,SPEND,-497.24,BD,-40.55,2026-07-01T20:00:00,QR
WAL_e6751671bc,U_3c4c2749d6,LOAD,23408.23,BD,23408.23,2024-10-20T20:00:00,APP
WAL_8246d4b8c5,U_3c4c2749d6,SPEND,-2209.25,BD,21198.98,2024-10-20T20:00:00,QR
WAL_bd8682e28b,U_3c4c2749d6,SPEND,-1177.65,BD,20021.33,2024-10-24T12:00:00,QR
WAL_ed9be34571,U_3c4c2749d6,SPEND,-1664.03,BD,18357.3,2024-10-20T07:00:00,QR
WAL_a0e13c1c0a,U_3c4c2749d6,SPEND,-531.41,BD,17825.89,2024-10-22T18:00:00,QR
WAL_12d3d05e76,U_3c4c2749d6,SPEND,-4170.63,BD,13655.26,2024-10-23T14:00:00,QR
WAL_c4037ea3e5,U_3c4c2749d6,SPEND,-1971.28,BD,11683.98,2024-10-20T04:00:00,QR
WAL_0f8af47756,U_3c4c2749d6,SPEND,-876.13,BD,10807.85,2024-10-21T03:00:00,QR
WAL_18cda91034,U_3c4c2749d6,SPEND,-1702.94,BD,9104.91,2024-10-19T05:00:00,QR
WAL_cf5477e357,U_4780ed9c57,LOAD,12076.96,REST,12076.96,2026-05-11T12:00:00,APP
WAL_5452e1b01f,U_4780ed9c57,SPEND,-1696.25,REST,10380.71,2026-05-07T00:00:00,QR
WAL_e4e82c9c64,U_4780ed9c57,SPEND,-3749.78,REST,6630.93,2026-05-02T06:00:00,QR
WAL_b0b24ad077,U_4780ed9c57,SPEND,-1019.97,REST,5610.96,2026-05-08T22:00:00,QR
WAL_90aeb66aa4,U_4780ed9c57,SPEND,-1122.79,REST,4488.17,2026-05-12T14:00:00,QR
WAL_420ee54697,U_60d7542665,LOAD,14375.2,REST,14375.2,2025-01-28T01:00:00,APP
WAL_a46007f876,U_60d7542665,SPEND,-2566.56,REST,11808.64,2025-01-28T01:00:00,QR
WAL_d60da1f04f,U_60d7542665,SPEND,-1526.41,REST,10282.23,2025-01-28T23:00:00,QR
WAL_fe8ec04122,U_60d7542665,SPEND,-964.42,REST,9317.81,2025-02-02T22:00:00,QR
WAL_f4abe166e1,U_60d7542665,SPEND,-1211.5,REST,8106.31,2025-01-30T23:00:00,QR
WAL_2b8f664cc0,U_60d7542665,SPEND,-721.7,REST,7384.61,2025-02-03T08:00:00,QR
WAL_0a4d298f3c,U_60d7542665,SPEND,-3051.46,REST,4333.15,2025-02-02T21:00:00,QR
WAL_dd563761da,U_60d7542665,LOAD,24651.36,REST,24651.36,2025-07-02T17:00:00,APP
WAL_334a70a701,U_60d7542665,SPEND,-2979.35,REST,21672.01,2025-07-02T17:00:00,QR
WAL_8920f16b59,U_60d7542665,SPEND,-1609.36,REST,20062.65,2025-07-12T10:00:00,QR
WAL_76f7c24350,U_60d7542665,SPEND,-1139.27,REST,18923.38,2025-07-02T08:00:00,QR
WAL_2f283e9bba,U_60d7542665,SPEND,-3668.73,REST,15254.65,2025-07-08T06:00:00,QR
WAL_2575dd6078,U_f2ca6bf1c6,LOAD,11114.0,US,11114.0,2024-10-16T14:00:00,APP
WAL_15da8a74d2,U_f2ca6bf1c6,SPEND,-2016.0,US,9098.0,2024-10-13T00:00:00,QR
WAL_948aaa5397,U_f2ca6bf1c6,SPEND,-4429.25,US,4668.75,2024-10-09T11:00:00,QR
WAL_53604709e0,U_f2ca6bf1c6,SPEND,-1454.01,US,3214.74,2024-10-07T06:00:00,QR
WAL_9f5949d149,U_f2ca6bf1c6,SPEND,-962.75,US,2251.99,2024-10-05T22:00:00,QR
WAL_fe5083ec40,U_f2ca6bf1c6,SPEND,-1401.58,US,850.41,2024-10-15T18:00:00,QR
WAL_859aeb213b,U_f2ca6bf1c6,SPEND,-1801.76,US,-951.35,2024-10-16T05:00:00,QR
WAL_2546675f12,U_f2ca6bf1c6,LOAD,14549.46,US,13598.11,2024-10-11T09:00:00,APP
WAL_5d7912d071,U_f2ca6bf1c6,LOAD,22813.89,US,22813.89,2025-10-18T10:00:00,APP
WAL_37ec38289d,U_f2ca6bf1c6,SPEND,-987.31,US,21826.58,2025-10-18T10:00:00,QR
WAL_9386f4c19b,U_f2ca6bf1c6,SPEND,-1388.83,US,20437.75,2025-10-10T23:00:00,QR
WAL_ad974e4bd3,U_f2ca6bf1c6,SPEND,-794.24,US,19643.51,2025-10-16T08:00:00,QR
WAL_d171821d34,U_f2ca6bf1c6,SPEND,-5448.22,US,14195.29,2025-10-12T13:00:00,QR
WAL_b4dc7508b6,U_f2ca6bf1c6,SPEND,-2800.99,US,11394.3,2025-10-20T07:00:00,QR
WAL_305f35ca24,U_f2ca6bf1c6,SPEND,-1995.94,US,9398.36,2025-10-10T08:00:00,QR
WAL_0a34a540cc,U_f2ca6bf1c6,SPEND,-2979.81,US,6418.55,2025-10-13T23:00:00,QR
WAL_8fae4347e1,U_f2ca6bf1c6,SPEND,-1231.33,US,5187.22,2025-10-16T15:00:00,QR
WAL_e514af239e,U_f2ca6bf1c6,SPEND,-777.88,US,4409.34,2025-10-19T15:00:00,QR
WAL_5f04da6ed6,U_f2ca6bf1c6,SPEND,-4118.49,US,290.85,2025-10-17T01:00:00,QR
WAL_dc6c98ea7d,U_f2ca6bf1c6,SPEND,-560.04,US,-269.19,2025-10-18T13:00:00,QR
WAL_d371ed6e19,U_f2ca6bf1c6,LOAD,18429.86,US,18429.86,2025-12-03T04:00:00,APP
WAL_82d48bb606,U_f2ca6bf1c6,SPEND,-1838.09,US,16591.77,2025-12-03T04:00:00,QR
WAL_e2e1fb9db5,U_f2ca6bf1c6,SPEND,-2628.68,US,13963.09,2025-12-04T14:00:00,QR
WAL_4129eca522,U_f2ca6bf1c6,SPEND,-1626.11,US,12336.98,2025-11-26T19:00:00,QR
WAL_5859650d67,U_f2ca6bf1c6,SPEND,-1095.78,US,11241.2,2025-12-07T13:00:00,QR
WAL_0b418fadc4,U_f2ca6bf1c6,SPEND,-3469.38,US,7771.82,2025-12-08T10:00:00,QR
WAL_e9a7d2cab6,U_f2ca6bf1c6,SPEND,-2143.83,US,5627.99,2025-11-27T20:00:00,QR
WAL_5ef6602ba5,U_f2ca6bf1c6,SPEND,-3903.52,US,1724.47,2025-12-05T07:00:00,QR
WAL_268a2f58ee,U_f2ca6bf1c6,SPEND,-733.23,US,991.24,2025-12-13T22:00:00,QR
WAL_375b1fed33,U_f2ca6bf1c6,LOAD,6404.54,US,6404.54,2026-03-21T13:00:00,APP
WAL_aad311535d,U_f2ca6bf1c6,SPEND,-441.7,US,5962.84,2026-03-21T13:00:00,QR
WAL_fefe655228,U_891dce48d6,LOAD,16306.56,MY,16306.56,2025-09-11T16:00:00,APP
WAL_72f8182f04,U_891dce48d6,SPEND,-3904.34,MY,12402.22,2025-09-11T16:00:00,QR
WAL_aa5c741307,U_891dce48d6,SPEND,-797.85,MY,11604.37,2025-09-15T11:00:00,QR
WAL_2eef0c2dde,U_891dce48d6,SPEND,-2932.1,MY,8672.27,2025-09-12T02:00:00,QR
WAL_42c469a58c,U_891dce48d6,SPEND,-1862.19,MY,6810.08,2025-09-17T14:00:00,QR
WAL_ad16c78a71,U_891dce48d6,SPEND,-905.95,MY,5904.13,2025-09-14T23:00:00,QR
WAL_ed90ba1adb,U_891dce48d6,SPEND,-1091.81,MY,4812.32,2025-09-13T07:00:00,QR
WAL_935c488d14,U_891dce48d6,SPEND,-1391.93,MY,3420.39,2025-09-14T05:00:00,QR
WAL_93a54b454f,U_891dce48d6,SPEND,-1413.41,MY,2006.98,2025-09-16T16:00:00,QR
WAL_0136383be0,U_891dce48d6,SPEND,-1007.5,MY,999.48,2025-09-11T04:00:00,QR
WAL_3d6981b376,U_891dce48d6,LOAD,9000.02,MY,9000.02,2026-02-04T23:00:00,APP
WAL_91b1392b0b,U_891dce48d6,SPEND,-2285.25,MY,6714.77,2026-02-04T07:00:00,QR
WAL_37fa8a4966,U_891dce48d6,SPEND,-1041.98,MY,5672.79,2026-02-02T15:00:00,QR
WAL_ac05048b58,U_f11a007faa,LOAD,6556.27,REST,6556.27,2025-05-07T17:00:00,APP
WAL_2c922cfe21,U_f11a007faa,SPEND,-532.22,REST,6024.05,2025-05-07T17:00:00,QR
WAL_03e3921de7,U_f11a007faa,SPEND,-702.42,REST,5321.63,2025-04-27T16:00:00,QR
WAL_d5570a9a9f,U_f11a007faa,LOAD,17345.35,REST,17345.35,2024-08-26T10:00:00,APP
WAL_6a00eca8f3,U_f11a007faa,SPEND,-987.5,REST,16357.85,2024-09-01T21:00:00,QR
WAL_fe9c1e7d52,U_f11a007faa,SPEND,-1417.57,REST,14940.28,2024-08-25T18:00:00,QR
WAL_ab81202489,U_f11a007faa,SPEND,-1476.41,REST,13463.87,2024-08-25T18:00:00,QR
WAL_9e89e73595,U_f11a007faa,SPEND,-1901.8,REST,11562.07,2024-09-02T01:00:00,QR
WAL_9d3df2cc14,U_f11a007faa,SPEND,-633.76,REST,10928.31,2024-08-24T23:00:00,QR
WAL_73b79ff90f,U_f11a007faa,SPEND,-1021.72,REST,9906.59,2024-08-30T12:00:00,QR
WAL_4df9696afe,U_f11a007faa,SPEND,-1332.79,REST,8573.8,2024-09-01T20:00:00,QR
WAL_d7429a0bf4,U_f11a007faa,SPEND,-2212.7,REST,6361.1,2024-09-04T02:00:00,QR
WAL_5312b8c9fe,U_5f12e69430,LOAD,17846.86,REST,17846.86,2026-05-19T19:00:00,APP
WAL_aaaf5058d1,U_5f12e69430,SPEND,-511.76,REST,17335.1,2026-05-22T13:00:00,QR
WAL_a4425b6ddb,U_5f12e69430,SPEND,-733.17,REST,16601.93,2026-05-24T08:00:00,QR
WAL_0650393ef2,U_5f12e69430,SPEND,-1498.89,REST,15103.04,2026-05-15T17:00:00,QR
WAL_38971766c7,U_5f12e69430,SPEND,-1661.46,REST,13441.58,2026-05-24T04:00:00,QR
WAL_c78579ede0,U_5f12e69430,SPEND,-1746.94,REST,11694.64,2026-05-25T00:00:00,QR
WAL_5dcb1bfe14,U_5f12e69430,LOAD,23426.23,REST,23426.23,2024-09-23T09:00:00,APP
WAL_75373f8ccc,U_5f12e69430,SPEND,-1795.49,REST,21630.74,2024-09-23T09:00:00,QR
WAL_bacc3f2b04,U_69addf7409,LOAD,21061.47,FR,21061.47,2025-10-02T10:00:00,APP
WAL_0cb2ddfae8,U_69addf7409,SPEND,-1038.71,FR,20022.76,2025-09-28T13:00:00,QR
WAL_327f48f318,U_64d233a1b7,LOAD,9228.99,SG,9228.99,2024-09-25T04:00:00,APP
WAL_65078555a5,U_64d233a1b7,SPEND,-872.18,SG,8356.81,2024-09-25T04:00:00,QR
WAL_33b72f48ec,U_64d233a1b7,SPEND,-1335.3,SG,7021.51,2024-09-21T20:00:00,QR
WAL_a688a7e73a,U_64d233a1b7,SPEND,-2210.45,SG,4811.06,2024-09-08T23:00:00,QR
WAL_bd64e5bf75,U_64d233a1b7,SPEND,-3648.97,SG,1162.09,2024-09-14T15:00:00,QR
WAL_eb25b4c387,U_64d233a1b7,SPEND,-3246.91,SG,-2084.82,2024-09-07T18:00:00,QR
WAL_e6b34b466b,U_64d233a1b7,LOAD,10121.98,SG,8037.17,2024-09-18T03:00:00,APP
WAL_6645e388d4,U_64d233a1b7,SPEND,-1361.4,SG,6675.77,2024-09-18T03:00:00,QR
WAL_37846cb84c,U_64d233a1b7,LOAD,17791.92,SG,17791.92,2025-07-15T06:00:00,APP
WAL_a4357e22f8,U_64d233a1b7,SPEND,-1044.82,SG,16747.1,2025-07-15T06:00:00,QR
WAL_0b0f050a61,U_64d233a1b7,SPEND,-700.68,SG,16046.42,2025-07-20T10:00:00,QR
WAL_d374b181fa,U_64d233a1b7,SPEND,-2082.46,SG,13963.96,2025-07-19T02:00:00,QR
WAL_0702112937,U_34c7c25f57,LOAD,18726.43,MY,18726.43,2024-09-12T01:00:00,APP
WAL_adc4f0bdc0,U_34c7c25f57,SPEND,-962.25,MY,17764.18,2024-09-12T01:00:00,QR
WAL_7f3938c04f,U_34c7c25f57,SPEND,-814.04,MY,16950.14,2024-09-25T06:00:00,QR
WAL_25a7798b02,U_34c7c25f57,SPEND,-2118.81,MY,14831.33,2024-09-10T02:00:00,QR
WAL_8cca162a10,U_34c7c25f57,SPEND,-1500.42,MY,13330.91,2024-09-10T21:00:00,QR
WAL_9eb5039590,U_34c7c25f57,SPEND,-783.05,MY,12547.86,2024-09-18T19:00:00,QR
WAL_3103f36ec0,U_34c7c25f57,SPEND,-1774.6,MY,10773.26,2024-09-13T13:00:00,QR
WAL_923d763616,U_34c7c25f57,SPEND,-3897.33,MY,6875.93,2024-09-21T20:00:00,QR
WAL_34178738ef,U_63e7d9c005,LOAD,10768.74,DE,10768.74,2025-12-05T02:00:00,APP
WAL_4c6fbe3e7b,U_63e7d9c005,SPEND,-1282.19,DE,9486.55,2025-12-05T02:00:00,QR
WAL_9dd7132c6b,U_63e7d9c005,SPEND,-2098.1,DE,7388.45,2025-12-04T14:00:00,QR
WAL_1c38678f0c,U_63e7d9c005,SPEND,-2119.83,DE,5268.62,2025-12-05T04:00:00,QR
WAL_49167e31a1,U_63e7d9c005,SPEND,-1090.96,DE,4177.66,2025-12-04T14:00:00,QR
WAL_90326324c8,U_63e7d9c005,SPEND,-810.38,DE,3367.28,2025-12-06T00:00:00,QR
WAL_b3c8c86d8b,U_63e7d9c005,SPEND,-1258.71,DE,2108.57,2025-12-06T14:00:00,QR
WAL_4499de2109,U_d8975052fc,LOAD,7973.21,GB,7973.21,2026-03-01T20:00:00,APP
WAL_4280d24849,U_d8975052fc,SPEND,-922.21,GB,7051.0,2026-03-01T20:00:00,QR
WAL_5a6502cfd5,U_d8975052fc,SPEND,-1246.3,GB,5804.7,2026-02-26T06:00:00,QR
WAL_5345c5a6f6,U_4af9dd764f,LOAD,23905.92,GB,23905.92,2025-02-11T07:00:00,APP
WAL_f2318f509b,U_4af9dd764f,SPEND,-840.6,GB,23065.32,2025-02-11T07:00:00,QR
WAL_6cf6536ada,U_4af9dd764f,SPEND,-1550.07,GB,21515.25,2025-02-08T14:00:00,QR
WAL_c6aa54a342,U_4af9dd764f,SPEND,-2866.77,GB,18648.48,2025-02-10T15:00:00,QR
WAL_8c2cc0719f,U_4af9dd764f,SPEND,-417.85,GB,18230.63,2025-02-10T22:00:00,QR
WAL_4bfe3a6a6b,U_4af9dd764f,SPEND,-735.94,GB,17494.69,2025-02-08T20:00:00,QR
WAL_70b1506eb5,U_4af9dd764f,SPEND,-744.89,GB,16749.8,2025-02-12T07:00:00,QR
WAL_72d55d9bad,U_4af9dd764f,SPEND,-912.76,GB,15837.04,2025-02-13T16:00:00,QR
WAL_e88d87b170,U_4af9dd764f,SPEND,-599.17,GB,15237.87,2025-02-11T03:00:00,QR
WAL_2593dc065a,U_51e1cf00f8,LOAD,16202.57,NP,16202.57,2025-06-12T10:00:00,APP
WAL_b39f785c32,U_51e1cf00f8,SPEND,-3416.16,NP,12786.41,2025-06-12T10:00:00,QR
WAL_ffbfc6eec2,U_51e1cf00f8,SPEND,-1052.95,NP,11733.46,2025-06-16T02:00:00,QR
WAL_7ac1031696,U_51e1cf00f8,SPEND,-1592.44,NP,10141.02,2025-06-19T22:00:00,QR
WAL_9d44c2198f,U_51e1cf00f8,SPEND,-1075.6,NP,9065.42,2025-06-14T20:00:00,QR
WAL_30d9a104a4,U_51e1cf00f8,SPEND,-1276.88,NP,7788.54,2025-06-15T20:00:00,QR
WAL_1a9ab5b3bc,U_66ea0dbbaa,LOAD,18095.77,REST,18095.77,2026-02-02T08:00:00,APP
WAL_c61bfcb44e,U_66ea0dbbaa,SPEND,-1914.89,REST,16180.88,2026-02-02T08:00:00,QR
WAL_51094c7dd6,U_66ea0dbbaa,SPEND,-619.75,REST,15561.13,2026-02-01T19:00:00,QR
WAL_1a605f9a45,U_66ea0dbbaa,SPEND,-2331.9,REST,13229.23,2026-01-30T23:00:00,QR
WAL_5272f86abd,U_66ea0dbbaa,SPEND,-2693.28,REST,10535.95,2026-02-01T16:00:00,QR
WAL_d31cdd22fa,U_66ea0dbbaa,SPEND,-1229.39,REST,9306.56,2026-01-30T17:00:00,QR
WAL_a4b3a83be3,U_66ea0dbbaa,SPEND,-698.83,REST,8607.73,2026-02-01T02:00:00,QR
WAL_1dec0626a5,U_9322f71635,LOAD,22796.54,REST,22796.54,2025-10-28T23:00:00,APP
WAL_8f477c63ab,U_9322f71635,SPEND,-760.58,REST,22035.96,2025-11-05T22:00:00,QR
WAL_7f1ae8d83d,U_9322f71635,SPEND,-667.16,REST,21368.8,2025-10-27T08:00:00,QR
WAL_aa915546c3,U_9322f71635,SPEND,-2509.52,REST,18859.28,2025-11-04T08:00:00,QR
WAL_65157f6d0a,U_9322f71635,SPEND,-3087.29,REST,15771.99,2025-11-01T09:00:00,QR
WAL_8ca814fa93,U_9322f71635,LOAD,16276.78,REST,16276.78,2026-06-07T19:00:00,APP
WAL_c34931f6da,U_9322f71635,SPEND,-1235.16,REST,15041.62,2026-06-07T19:00:00,QR
WAL_545f879987,U_9322f71635,SPEND,-1223.49,REST,13818.13,2026-06-12T19:00:00,QR
WAL_bd6d3f5d81,U_9322f71635,SPEND,-1486.03,REST,12332.1,2026-06-12T22:00:00,QR
WAL_1d14830948,U_9322f71635,SPEND,-576.59,REST,11755.51,2026-06-15T09:00:00,QR
WAL_0befc0ff41,U_9322f71635,SPEND,-2786.18,REST,8969.33,2026-06-16T01:00:00,QR
WAL_98794a8765,U_9322f71635,SPEND,-1603.04,REST,7366.29,2026-06-12T18:00:00,QR
WAL_6a7fe05f81,U_9322f71635,SPEND,-4174.31,REST,3191.98,2026-06-15T21:00:00,QR
WAL_61b37c1dd9,U_01ebc694de,LOAD,16269.84,DE,16269.84,2024-08-15T18:00:00,APP
WAL_88a25650f6,U_01ebc694de,SPEND,-1159.23,DE,15110.61,2024-08-15T18:00:00,QR
WAL_fe1c97d47d,U_01ebc694de,SPEND,-710.28,DE,14400.33,2024-08-15T19:00:00,QR
WAL_c57f72bf3b,U_01ebc694de,SPEND,-1128.93,DE,13271.4,2024-08-21T02:00:00,QR
WAL_25f0273fcd,U_01ebc694de,SPEND,-732.62,DE,12538.78,2024-08-20T00:00:00,QR
WAL_53c8e12221,U_01ebc694de,SPEND,-1533.36,DE,11005.42,2024-08-18T22:00:00,QR
WAL_e9d56b825b,U_01ebc694de,SPEND,-1372.55,DE,9632.87,2024-08-19T17:00:00,QR
WAL_16d58ce2c8,U_01ebc694de,SPEND,-1282.21,DE,8350.66,2024-08-20T00:00:00,QR
WAL_02975a32bd,U_01ebc694de,SPEND,-906.12,DE,7444.54,2024-08-21T13:00:00,QR
WAL_9b9c4e0004,U_01ebc694de,SPEND,-2221.25,DE,5223.29,2024-08-22T14:00:00,QR
WAL_fd431291c8,U_01ebc694de,SPEND,-2725.37,DE,2497.92,2024-08-17T07:00:00,QR
WAL_e9e0921702,U_01ebc694de,LOAD,9370.22,DE,9370.22,2025-02-07T10:00:00,APP
WAL_89b7854607,U_01ebc694de,SPEND,-1108.83,DE,8261.39,2025-01-27T20:00:00,QR
WAL_3f5fc8e1a2,U_01ebc694de,SPEND,-1114.19,DE,7147.2,2025-01-30T17:00:00,QR
WAL_a3c88c0746,U_01ebc694de,SPEND,-1819.59,DE,5327.61,2025-01-31T10:00:00,QR
WAL_941966190c,U_01ebc694de,SPEND,-1106.47,DE,4221.14,2025-02-02T18:00:00,QR
WAL_d61bae5a4f,U_96cf409199,LOAD,22820.01,BD,22820.01,2025-01-17T08:00:00,APP
WAL_a82f184e27,U_96cf409199,SPEND,-1420.97,BD,21399.04,2025-01-17T08:00:00,QR
WAL_f08ab9c695,U_96cf409199,SPEND,-311.96,BD,21087.08,2025-01-17T04:00:00,QR
WAL_3a20a78f1b,U_974603c60c,LOAD,4283.06,AE,4283.06,2025-02-06T13:00:00,APP
WAL_2fbe7aa249,U_974603c60c,SPEND,-489.38,AE,3793.68,2025-02-06T13:00:00,QR
WAL_18e97215f5,U_974603c60c,SPEND,-1402.54,AE,2391.14,2025-01-27T14:00:00,QR
WAL_6d4fb37da5,U_974603c60c,SPEND,-1654.01,AE,737.13,2025-02-07T12:00:00,QR
WAL_34e7ec7d97,U_974603c60c,LOAD,5656.58,AE,5656.58,2024-10-17T19:00:00,APP
WAL_f912935a8a,U_974603c60c,SPEND,-1678.92,AE,3977.66,2024-10-17T19:00:00,QR
WAL_73135c1c7d,U_974603c60c,SPEND,-2696.4,AE,1281.26,2024-10-14T05:00:00,QR
WAL_acb7063077,U_974603c60c,SPEND,-2135.37,AE,-854.11,2024-10-14T20:00:00,QR
WAL_e035dafcad,U_974603c60c,LOAD,11169.5,AE,11169.5,2026-02-12T17:00:00,APP
WAL_b0be0aacdb,U_974603c60c,SPEND,-1934.2,AE,9235.3,2026-02-12T17:00:00,QR
WAL_34f4df835f,U_974603c60c,SPEND,-772.24,AE,8463.06,2026-02-10T01:00:00,QR
WAL_16b8fd7286,U_974603c60c,LOAD,18125.22,AE,18125.22,2025-09-14T07:00:00,APP
WAL_160aba9be6,U_974603c60c,SPEND,-1295.88,AE,16829.34,2025-09-17T10:00:00,QR
WAL_b310687b41,U_974603c60c,SPEND,-1022.76,AE,15806.58,2025-09-13T05:00:00,QR
WAL_76998ff9e5,U_974603c60c,SPEND,-1289.02,AE,14517.56,2025-09-13T08:00:00,QR
WAL_2b0da15000,U_974603c60c,SPEND,-521.04,AE,13996.52,2025-09-19T23:00:00,QR
WAL_bd265b4c20,U_974603c60c,SPEND,-2726.38,AE,11270.14,2025-09-17T06:00:00,QR
WAL_b6edfb8968,U_974603c60c,SPEND,-1190.04,AE,10080.1,2025-09-13T22:00:00,QR
WAL_8ef027214f,U_974603c60c,SPEND,-2518.78,AE,7561.32,2025-09-19T08:00:00,QR
WAL_9c3a6ffa63,U_ae79fcb90b,LOAD,21493.16,BD,21493.16,2025-12-22T18:00:00,APP
WAL_0c8174dcd3,U_ae79fcb90b,SPEND,-1873.62,BD,19619.54,2025-12-22T18:00:00,QR
WAL_5f73ce8d2d,U_ae79fcb90b,SPEND,-828.18,BD,18791.36,2025-12-23T21:00:00,QR
WAL_5b95ba7352,U_da5ea754a4,LOAD,7661.06,SG,7661.06,2025-12-16T14:00:00,APP
WAL_2a43f7e171,U_da5ea754a4,SPEND,-5819.32,SG,1841.74,2025-12-15T02:00:00,QR
WAL_15ee9cd102,U_da5ea754a4,SPEND,-4217.14,SG,-2375.4,2025-12-17T17:00:00,QR
WAL_f76255dedd,U_da5ea754a4,LOAD,15243.21,SG,12867.82,2025-12-14T19:00:00,APP
WAL_d21b0fff0b,U_da5ea754a4,SPEND,-851.34,SG,12016.48,2025-12-14T19:00:00,QR
WAL_4c9243b241,U_da5ea754a4,SPEND,-332.09,SG,11684.39,2025-12-15T20:00:00,QR
WAL_5f496e3e63,U_da5ea754a4,SPEND,-1015.58,SG,10668.81,2025-12-14T15:00:00,QR
WAL_b8650c73b8,U_da5ea754a4,SPEND,-1727.53,SG,8941.28,2025-12-18T21:00:00,QR
WAL_5f9b2a9538,U_da5ea754a4,SPEND,-1771.82,SG,7169.46,2025-12-10T04:00:00,QR
WAL_f0f656887f,U_da5ea754a4,SPEND,-1356.92,SG,5812.54,2025-12-18T16:00:00,QR
WAL_2ed8953192,U_da5ea754a4,LOAD,19409.08,SG,19409.08,2025-12-14T00:00:00,APP
WAL_a4c39f43d8,U_da5ea754a4,SPEND,-2479.27,SG,16929.81,2025-12-14T00:00:00,QR
WAL_2cda73f866,U_da5ea754a4,SPEND,-1386.46,SG,15543.35,2025-12-14T14:00:00,QR
WAL_58b2476147,U_da5ea754a4,SPEND,-621.08,SG,14922.27,2025-12-12T17:00:00,QR
WAL_6b724afc77,U_da5ea754a4,SPEND,-1179.35,SG,13742.92,2025-12-14T13:00:00,QR
WAL_afe106c3dd,U_da5ea754a4,SPEND,-1421.09,SG,12321.83,2025-12-15T19:00:00,QR
WAL_e9b1025033,U_da5ea754a4,LOAD,11825.9,SG,11825.9,2024-09-25T22:00:00,APP
WAL_c98b627672,U_da5ea754a4,SPEND,-716.75,SG,11109.15,2024-09-25T22:00:00,QR
WAL_5d18dba6be,U_da5ea754a4,SPEND,-1567.04,SG,9542.11,2024-10-01T01:00:00,QR
WAL_86bf1d3c62,U_da5ea754a4,SPEND,-1767.67,SG,7774.44,2024-09-29T03:00:00,QR
WAL_0a7acb86dc,U_d28ce41deb,LOAD,11895.84,REST,11895.84,2025-06-19T10:00:00,APP
WAL_6bfd90671f,U_d28ce41deb,SPEND,-348.76,REST,11547.08,2025-06-19T10:00:00,QR
WAL_8e3ad6cab3,U_d28ce41deb,SPEND,-683.51,REST,10863.57,2025-06-08T21:00:00,QR
WAL_eb6419df05,U_e969c297d4,LOAD,17878.22,BD,17878.22,2024-09-17T03:00:00,APP
WAL_791595a922,U_e969c297d4,SPEND,-1526.11,BD,16352.11,2024-09-17T03:00:00,QR
WAL_7d723a5a10,U_e969c297d4,SPEND,-753.89,BD,15598.22,2024-09-12T02:00:00,QR
WAL_55570abe5f,U_e969c297d4,SPEND,-1789.76,BD,13808.46,2024-09-10T17:00:00,QR
WAL_c5708e2826,U_e969c297d4,SPEND,-1398.97,BD,12409.49,2024-09-14T15:00:00,QR
WAL_f546e9b69d,U_e969c297d4,SPEND,-1685.11,BD,10724.38,2024-09-24T17:00:00,QR
WAL_ffb3718011,U_e969c297d4,SPEND,-1028.46,BD,9695.92,2024-09-28T11:00:00,QR
WAL_a79b078cd1,U_e969c297d4,SPEND,-1771.15,BD,7924.77,2024-09-10T07:00:00,QR
WAL_010d05f142,U_e969c297d4,SPEND,-1926.56,BD,5998.21,2024-09-24T08:00:00,QR
WAL_50fa32dc54,U_e969c297d4,SPEND,-4630.45,BD,1367.76,2024-09-15T02:00:00,QR
WAL_5c1b3d2962,U_e969c297d4,LOAD,24605.09,BD,24605.09,2026-02-25T14:00:00,APP
WAL_89e32e33e0,U_e969c297d4,SPEND,-2186.39,BD,22418.7,2026-02-25T14:00:00,QR
WAL_a4e34aa2bc,U_e969c297d4,SPEND,-936.37,BD,21482.33,2026-02-28T15:00:00,QR
WAL_5731912189,U_e969c297d4,SPEND,-1892.73,BD,19589.6,2026-03-09T12:00:00,QR
WAL_7640488035,U_e969c297d4,SPEND,-1590.68,BD,17998.92,2026-03-04T22:00:00,QR
WAL_b1046efd4b,U_e969c297d4,SPEND,-3187.25,BD,14811.67,2026-03-10T13:00:00,QR
WAL_4aedb3e736,U_e969c297d4,SPEND,-607.8,BD,14203.87,2026-03-06T09:00:00,QR
WAL_01ba9da864,U_3bfa41c4b7,LOAD,22600.88,BD,22600.88,2025-06-13T06:00:00,APP
WAL_e32492fddb,U_3bfa41c4b7,SPEND,-1322.38,BD,21278.5,2025-06-13T06:00:00,QR
WAL_3c31fe6828,U_3bfa41c4b7,SPEND,-3636.82,BD,17641.68,2025-06-16T14:00:00,QR
WAL_059342130a,U_3bfa41c4b7,SPEND,-912.51,BD,16729.17,2025-06-15T09:00:00,QR
WAL_59792b00ac,U_3bfa41c4b7,SPEND,-1533.75,BD,15195.42,2025-06-20T07:00:00,QR
WAL_5fa11e57c0,U_3bfa41c4b7,LOAD,19538.77,BD,19538.77,2024-10-14T11:00:00,APP
WAL_86b60deba7,U_3bfa41c4b7,SPEND,-3418.61,BD,16120.16,2024-10-14T11:00:00,QR
WAL_ba01ac54cb,U_3bfa41c4b7,SPEND,-1280.06,BD,14840.1,2024-10-18T17:00:00,QR
WAL_7c2fa65650,U_3bfa41c4b7,SPEND,-2465.25,BD,12374.85,2024-10-02T15:00:00,QR
WAL_cec9cc2106,U_3bfa41c4b7,SPEND,-1690.49,BD,10684.36,2024-10-03T19:00:00,QR
WAL_e6c90a1c46,U_3bfa41c4b7,SPEND,-1034.02,BD,9650.34,2024-10-08T12:00:00,QR
WAL_b4db693b0d,U_3bfa41c4b7,SPEND,-2881.08,BD,6769.26,2024-10-14T09:00:00,QR
WAL_0b9cd7f2c1,U_3bfa41c4b7,SPEND,-1794.49,BD,4974.77,2024-10-19T11:00:00,QR
WAL_7c473558f1,U_3bfa41c4b7,SPEND,-837.41,BD,4137.36,2024-10-17T02:00:00,QR
WAL_557c2df984,U_3bfa41c4b7,SPEND,-2277.41,BD,1859.95,2024-10-11T15:00:00,QR
WAL_d539236f07,U_3bfa41c4b7,SPEND,-2507.04,BD,-647.09,2024-10-08T05:00:00,QR
WAL_fc41016f11,U_4ccb99d037,LOAD,5220.0,DE,5220.0,2025-10-30T10:00:00,APP
WAL_5e4ef152d6,U_4ccb99d037,SPEND,-1144.27,DE,4075.73,2025-10-30T10:00:00,QR
WAL_97c6944dbc,U_4ccb99d037,SPEND,-1214.94,DE,2860.79,2025-10-25T17:00:00,QR
WAL_2c80c8cda4,U_4ccb99d037,SPEND,-978.69,DE,1882.1,2025-11-06T00:00:00,QR
WAL_b23a20ce74,U_4ccb99d037,SPEND,-1540.98,DE,341.12,2025-10-21T15:00:00,QR
WAL_343a3071eb,U_4ccb99d037,SPEND,-2573.26,DE,-2232.14,2025-10-19T07:00:00,QR
WAL_efdd28d5b6,U_4ccb99d037,LOAD,17847.11,DE,15614.96,2025-10-28T10:00:00,APP
WAL_7dcb25e928,U_4ccb99d037,SPEND,-833.36,DE,14781.6,2025-10-28T10:00:00,QR
WAL_9e3c802c67,U_4ccb99d037,SPEND,-602.24,DE,14179.36,2025-10-22T22:00:00,QR
WAL_e0329aaf2b,U_a420178e71,LOAD,11285.26,CA,11285.26,2025-10-09T02:00:00,APP
WAL_6838fafb79,U_a420178e71,SPEND,-1227.38,CA,10057.88,2025-10-10T09:00:00,QR
WAL_82cc5fdb26,U_a420178e71,SPEND,-2443.64,CA,7614.24,2025-10-11T11:00:00,QR
WAL_57290a7dd7,U_a420178e71,SPEND,-636.48,CA,6977.76,2025-10-09T02:00:00,QR
WAL_90381322de,U_a420178e71,SPEND,-2871.42,CA,4106.34,2025-10-13T09:00:00,QR
WAL_016460fd8f,U_a420178e71,SPEND,-2230.31,CA,1876.03,2025-10-06T10:00:00,QR
WAL_f6b24c6469,U_a420178e71,SPEND,-2021.94,CA,-145.91,2025-10-11T18:00:00,QR
WAL_7000b6c84f,U_a420178e71,LOAD,18220.8,CA,18074.89,2025-10-08T16:00:00,APP
WAL_3afbbaf589,U_a420178e71,SPEND,-1757.83,CA,16317.06,2025-10-08T16:00:00,QR
WAL_0cd8739b43,U_a420178e71,SPEND,-966.14,CA,15350.92,2025-10-11T23:00:00,QR
WAL_cfea25e849,U_9eb0990b28,LOAD,4160.35,US,4160.35,2025-09-30T02:00:00,APP
WAL_be88ae91dd,U_9eb0990b28,SPEND,-1276.48,US,2883.87,2025-10-03T01:00:00,QR
WAL_6a6dc76143,U_9eb0990b28,SPEND,-2077.49,US,806.38,2025-10-02T18:00:00,QR
WAL_76500cc3f3,U_c6386d04c5,LOAD,11427.07,CA,11427.07,2024-08-23T03:00:00,APP
WAL_903fec94b5,U_c6386d04c5,SPEND,-986.08,CA,10440.99,2024-08-23T03:00:00,QR
WAL_de01b101b9,U_c6386d04c5,SPEND,-1967.22,CA,8473.77,2024-08-27T14:00:00,QR
WAL_ec2b626e28,U_c6386d04c5,SPEND,-971.61,CA,7502.16,2024-08-25T21:00:00,QR
WAL_6a2b04e167,U_c6386d04c5,SPEND,-1386.36,CA,6115.8,2024-08-26T13:00:00,QR
WAL_1c48fe70d2,U_c6386d04c5,SPEND,-1065.94,CA,5049.86,2024-08-24T05:00:00,QR
WAL_915c25d009,U_c6386d04c5,SPEND,-1701.07,CA,3348.79,2024-08-22T00:00:00,QR
WAL_c6f3af421d,U_c6386d04c5,SPEND,-2018.98,CA,1329.81,2024-08-27T09:00:00,QR
WAL_09b7c9ff89,U_c6386d04c5,SPEND,-798.44,CA,531.37,2024-08-22T15:00:00,QR
WAL_a0fd4a9ed2,U_6962825919,LOAD,9930.0,REST,9930.0,2025-05-10T06:00:00,APP
WAL_3d672bf442,U_6962825919,SPEND,-949.95,REST,8980.05,2025-05-14T05:00:00,QR
WAL_595184cf94,U_6962825919,LOAD,5486.81,REST,5486.81,2026-04-20T15:00:00,APP
WAL_6272493a3a,U_6962825919,SPEND,-794.75,REST,4692.06,2026-05-02T23:00:00,QR
WAL_5bb43075ba,U_6962825919,SPEND,-3031.84,REST,1660.22,2026-04-21T01:00:00,QR
WAL_3e4f46cf3e,U_6962825919,SPEND,-1635.61,REST,24.61,2026-04-28T01:00:00,QR
WAL_3d7154aa3c,U_6962825919,SPEND,-1076.01,REST,-1051.4,2026-05-02T13:00:00,QR
WAL_e6b896ce2d,U_6962825919,LOAD,10772.79,REST,9721.39,2026-04-29T07:00:00,APP
WAL_0c40d8bdb2,U_6962825919,SPEND,-2293.18,REST,7428.21,2026-04-29T07:00:00,QR
WAL_5f0baa6300,U_6962825919,SPEND,-2395.02,REST,5033.19,2026-04-18T20:00:00,QR
WAL_f7bf5a3c81,U_a6139081a5,LOAD,5845.74,REST,5845.74,2026-03-30T11:00:00,APP
WAL_28531a4548,U_a6139081a5,SPEND,-2057.26,REST,3788.48,2026-03-30T11:00:00,QR
WAL_8422a9cae2,U_a6139081a5,SPEND,-2346.69,REST,1441.79,2026-03-31T14:00:00,QR
WAL_560960cd53,U_65b66aaf14,LOAD,17657.12,US,17657.12,2024-09-25T17:00:00,APP
WAL_3da0079419,U_65b66aaf14,SPEND,-1925.11,US,15732.01,2024-09-25T17:00:00,QR
WAL_cd920da609,U_65b66aaf14,SPEND,-1742.76,US,13989.25,2024-09-25T06:00:00,QR
WAL_625709f0a3,U_65b66aaf14,SPEND,-1828.71,US,12160.54,2024-09-27T14:00:00,QR
WAL_f8beded89a,U_65b66aaf14,SPEND,-1649.06,US,10511.48,2024-09-28T21:00:00,QR
WAL_521012ab0b,U_65b66aaf14,SPEND,-1172.07,US,9339.41,2024-09-26T15:00:00,QR
WAL_fa9d277eac,U_65b66aaf14,SPEND,-1216.46,US,8122.95,2024-09-26T07:00:00,QR
WAL_cbd048cb59,U_65b66aaf14,SPEND,-4414.89,US,3708.06,2024-09-25T16:00:00,QR
WAL_459d6fc012,U_65b66aaf14,SPEND,-2700.89,US,1007.17,2024-09-26T06:00:00,QR
WAL_aaea170b00,U_65b66aaf14,SPEND,-2534.95,US,-1527.78,2024-09-28T02:00:00,QR
WAL_9953e0c45d,U_65b66aaf14,LOAD,4999.89,US,3472.11,2024-09-25T18:00:00,APP
WAL_2d552644a8,U_65b66aaf14,SPEND,-1477.23,US,1994.88,2024-09-25T18:00:00,QR
WAL_3d2e82ac31,U_65b66aaf14,SPEND,-1325.09,US,669.79,2024-09-25T18:00:00,QR
WAL_b68adfb033,U_65b66aaf14,SPEND,-1799.63,US,-1129.84,2024-09-26T04:00:00,QR
WAL_185127f0f0,U_65b66aaf14,LOAD,14808.16,US,13678.33,2024-09-25T05:00:00,APP
WAL_3625309b56,U_65b66aaf14,SPEND,-919.76,US,12758.57,2024-09-27T16:00:00,QR
WAL_7d170e6531,U_65b66aaf14,SPEND,-1602.49,US,11156.08,2024-09-28T10:00:00,QR
WAL_f09d047896,U_65b66aaf14,LOAD,14043.06,US,14043.06,2024-11-24T19:00:00,APP
WAL_0c2e372800,U_65b66aaf14,SPEND,-1683.67,US,12359.39,2024-11-24T19:00:00,QR
WAL_c7afea7b36,U_65b66aaf14,SPEND,-1664.18,US,10695.21,2024-11-19T05:00:00,QR
WAL_b64dc31910,U_65b66aaf14,SPEND,-2395.96,US,8299.25,2024-11-23T04:00:00,QR
WAL_16c1f94e1d,U_65b66aaf14,SPEND,-944.8,US,7354.45,2024-11-23T06:00:00,QR
WAL_2ee6b3b858,U_65b66aaf14,SPEND,-1374.17,US,5980.28,2024-11-16T02:00:00,QR
WAL_908fe1f199,U_65b66aaf14,SPEND,-1541.39,US,4438.89,2024-11-22T16:00:00,QR
WAL_ceeb2dc2a2,U_65b66aaf14,LOAD,12551.0,US,12551.0,2024-08-24T18:00:00,APP
WAL_541e044da2,U_65b66aaf14,SPEND,-1731.39,US,10819.61,2024-08-24T18:00:00,QR
WAL_f1f96d2ee4,U_65b66aaf14,SPEND,-1308.39,US,9511.22,2024-08-19T01:00:00,QR
WAL_fc5e192db7,U_65b66aaf14,SPEND,-1019.13,US,8492.09,2024-08-28T22:00:00,QR
WAL_9c9f4a86b6,U_65b66aaf14,LOAD,11424.87,US,11424.87,2024-09-15T20:00:00,APP
WAL_c567e78014,U_65b66aaf14,SPEND,-3643.83,US,7781.04,2024-09-15T20:00:00,QR
WAL_98e34dc1fa,U_65b66aaf14,SPEND,-2808.5,US,4972.54,2024-09-23T14:00:00,QR
WAL_6a7b0e682d,U_65b66aaf14,SPEND,-720.11,US,4252.43,2024-09-18T05:00:00,QR
WAL_5be9f57361,U_65b66aaf14,SPEND,-2027.48,US,2224.95,2024-09-24T08:00:00,QR
WAL_d6598c04f0,U_2344e51c05,LOAD,22463.85,BD,22463.85,2025-07-18T22:00:00,APP
WAL_c5d40b3a6b,U_2344e51c05,SPEND,-847.96,BD,21615.89,2025-07-17T10:00:00,QR
WAL_90cc0004cb,U_2344e51c05,SPEND,-1059.02,BD,20556.87,2025-07-20T20:00:00,QR
WAL_8f90abd710,U_2344e51c05,SPEND,-609.03,BD,19947.84,2025-07-17T10:00:00,QR
WAL_3a38372a6f,U_2344e51c05,SPEND,-1261.47,BD,18686.37,2025-07-22T09:00:00,QR
WAL_3cdedc7fd9,U_2344e51c05,SPEND,-1573.09,BD,17113.28,2025-07-17T18:00:00,QR
WAL_9d16eceaba,U_2344e51c05,SPEND,-683.35,BD,16429.93,2025-07-16T01:00:00,QR
WAL_6dff3bff59,U_0f7931d505,LOAD,7380.33,AE,7380.33,2026-04-23T02:00:00,APP
WAL_3e3453bab4,U_0f7931d505,SPEND,-843.95,AE,6536.38,2026-04-23T02:00:00,QR
WAL_7a78362bde,U_0f7931d505,SPEND,-1908.19,AE,4628.19,2026-04-21T18:00:00,QR
WAL_a25845ec1b,U_0f7931d505,SPEND,-776.92,AE,3851.27,2026-04-24T06:00:00,QR
WAL_a7e6f8e184,U_7fe779fe72,LOAD,10431.47,REST,10431.47,2025-12-02T08:00:00,APP
WAL_7bcbaac592,U_7fe779fe72,SPEND,-803.9,REST,9627.57,2025-12-02T19:00:00,QR
WAL_06bc1ec4b5,U_7fe779fe72,SPEND,-2531.0,REST,7096.57,2025-11-16T16:00:00,QR
WAL_3ee29da1bc,U_7fe779fe72,SPEND,-1008.42,REST,6088.15,2025-11-18T04:00:00,QR
WAL_aabf7b7660,U_7fe779fe72,SPEND,-3545.16,REST,2542.99,2025-11-23T22:00:00,QR
WAL_ef8e68cd0c,U_7fe779fe72,SPEND,-1509.44,REST,1033.55,2025-11-27T11:00:00,QR
WAL_192ce16c86,U_7fe779fe72,SPEND,-2083.3,REST,-1049.75,2025-11-27T08:00:00,QR
WAL_3850e354a1,U_7fe779fe72,LOAD,22814.57,REST,21764.82,2025-11-27T18:00:00,APP
WAL_a2afc3fad7,U_7fe779fe72,SPEND,-3837.92,REST,17926.9,2025-11-27T18:00:00,QR
WAL_d1d671014b,U_cdb232a178,LOAD,17855.46,GB,17855.46,2026-01-10T17:00:00,APP
WAL_3ed12300d2,U_cdb232a178,SPEND,-603.54,GB,17251.92,2026-01-10T17:00:00,QR
WAL_c84946ffa0,U_4c17fcd96a,LOAD,16400.92,AE,16400.92,2026-04-23T07:00:00,APP
WAL_6626a27a31,U_4c17fcd96a,SPEND,-1034.51,AE,15366.41,2026-04-23T07:00:00,QR
WAL_c25a51ccbb,U_4c17fcd96a,LOAD,11977.61,AE,11977.61,2025-05-16T17:00:00,APP
WAL_a32c03c1cf,U_4c17fcd96a,SPEND,-2709.82,AE,9267.79,2025-05-16T17:00:00,QR
WAL_39805aa321,U_4c17fcd96a,SPEND,-1827.82,AE,7439.97,2025-05-07T21:00:00,QR
WAL_144daa92cf,U_4c17fcd96a,SPEND,-2548.98,AE,4890.99,2025-05-08T12:00:00,QR
WAL_73c81398e1,U_4c17fcd96a,SPEND,-979.17,AE,3911.82,2025-05-08T23:00:00,QR
WAL_2814a3020c,U_4c17fcd96a,SPEND,-774.84,AE,3136.98,2025-05-15T04:00:00,QR
WAL_2357b5511a,U_4c17fcd96a,SPEND,-1329.38,AE,1807.6,2025-05-14T05:00:00,QR
WAL_b3f02157f5,U_4c17fcd96a,LOAD,6321.52,AE,6321.52,2025-02-16T03:00:00,APP
WAL_21cdcb8785,U_4c17fcd96a,SPEND,-2477.06,AE,3844.46,2025-02-16T03:00:00,QR
WAL_c539b83bee,U_4c17fcd96a,SPEND,-1154.08,AE,2690.38,2025-02-14T06:00:00,QR
WAL_50efa25b85,U_c7549ab31e,LOAD,11935.74,US,11935.74,2025-07-10T09:00:00,APP
WAL_f6327691a2,U_c7549ab31e,SPEND,-1435.98,US,10499.76,2025-07-10T09:00:00,QR
WAL_9f24fc2496,U_c7549ab31e,SPEND,-1427.38,US,9072.38,2025-07-12T06:00:00,QR
WAL_9368b6c395,U_c7549ab31e,SPEND,-1808.38,US,7264.0,2025-07-03T10:00:00,QR
WAL_f1d94cd520,U_c7549ab31e,SPEND,-403.92,US,6860.08,2025-07-02T01:00:00,QR
WAL_645af80d64,U_c7549ab31e,SPEND,-991.97,US,5868.11,2025-07-02T16:00:00,QR
WAL_8d1eff77ea,U_c7549ab31e,SPEND,-2392.64,US,3475.47,2025-07-05T16:00:00,QR
WAL_93abce5474,U_c7549ab31e,SPEND,-1733.87,US,1741.6,2025-07-11T15:00:00,QR
WAL_e67e48d97d,U_c7549ab31e,SPEND,-1547.61,US,193.99,2025-07-05T22:00:00,QR
WAL_931fe82708,U_c7549ab31e,SPEND,-2081.55,US,-1887.56,2025-07-01T19:00:00,QR
WAL_756708fd07,U_c7549ab31e,LOAD,20557.6,US,20557.6,2025-05-23T02:00:00,APP
WAL_e5e1f05673,U_c7549ab31e,SPEND,-1102.64,US,19454.96,2025-05-23T02:00:00,QR
WAL_68b5991b42,U_c7549ab31e,SPEND,-1340.96,US,18114.0,2025-05-15T12:00:00,QR
WAL_b5b1175bae,U_c7549ab31e,SPEND,-4961.14,US,13152.86,2025-05-16T16:00:00,QR
WAL_96920d58af,U_c7549ab31e,SPEND,-1627.74,US,11525.12,2025-05-13T18:00:00,QR
WAL_6e8000616f,U_9b20abae92,LOAD,22146.61,DE,22146.61,2025-06-19T09:00:00,APP
WAL_9d7b064e4c,U_9b20abae92,SPEND,-1571.28,DE,20575.33,2025-06-16T14:00:00,QR
WAL_11b2810325,U_9b20abae92,SPEND,-989.6,DE,19585.73,2025-06-19T16:00:00,QR
WAL_66999decda,U_d52d23d95e,LOAD,22129.38,AE,22129.38,2025-06-15T07:00:00,APP
WAL_cbb1cbe450,U_d52d23d95e,SPEND,-1837.05,AE,20292.33,2025-06-15T18:00:00,QR
WAL_71d3ec3ab2,U_d52d23d95e,SPEND,-2336.09,AE,17956.24,2025-06-16T13:00:00,QR
WAL_ce6eb8cbd7,U_d52d23d95e,SPEND,-1584.57,AE,16371.67,2025-06-15T05:00:00,QR
WAL_b46f14822a,U_d52d23d95e,SPEND,-5803.53,AE,10568.14,2025-06-16T22:00:00,QR
WAL_1b36776d73,U_d52d23d95e,SPEND,-2201.69,AE,8366.45,2025-06-13T19:00:00,QR
WAL_0b36b5a01e,U_d52d23d95e,SPEND,-1649.83,AE,6716.62,2025-06-14T14:00:00,QR
WAL_d7a140871b,U_d52d23d95e,SPEND,-1047.86,AE,5668.76,2025-06-09T22:00:00,QR
WAL_0d3c745031,U_d52d23d95e,SPEND,-2114.98,AE,3553.78,2025-06-15T08:00:00,QR
WAL_6a2ae14678,U_d52d23d95e,SPEND,-1505.17,AE,2048.61,2025-06-12T02:00:00,QR
WAL_be4ebb1364,U_d52d23d95e,SPEND,-715.38,AE,1333.23,2025-06-18T17:00:00,QR
WAL_58d69946c4,U_60bdae566d,LOAD,21826.68,AE,21826.68,2025-12-03T16:00:00,APP
WAL_03ef2013f8,U_60bdae566d,SPEND,-1350.31,AE,20476.37,2025-12-03T16:00:00,QR
WAL_f7f2bf2844,U_219f341b39,LOAD,5330.23,REST,5330.23,2025-09-15T15:00:00,APP
WAL_1d4ee5efcd,U_219f341b39,SPEND,-3722.72,REST,1607.51,2025-09-15T15:00:00,QR
WAL_021eed4135,U_219f341b39,SPEND,-1791.61,REST,-184.1,2025-09-24T05:00:00,QR
WAL_8d10529531,U_219f341b39,LOAD,8263.81,REST,8079.71,2025-09-20T03:00:00,APP
WAL_45d666d0c3,U_219f341b39,SPEND,-541.29,REST,7538.42,2025-09-20T03:00:00,QR
WAL_d16f0fb17b,U_219f341b39,SPEND,-2833.4,REST,4705.02,2025-09-22T15:00:00,QR
WAL_ad1ad84c15,U_219f341b39,SPEND,-1129.85,REST,3575.17,2025-09-18T12:00:00,QR
WAL_71e23bf03f,U_219f341b39,SPEND,-2864.26,REST,710.91,2025-09-17T12:00:00,QR
WAL_6d142ffa7d,U_219f341b39,SPEND,-3156.31,REST,-2445.4,2025-09-23T02:00:00,QR
WAL_9e092beddd,U_219f341b39,LOAD,13538.15,REST,11092.74,2025-09-15T08:00:00,APP
WAL_e8ae02bec5,U_3b00602e41,LOAD,4112.65,MY,4112.65,2026-03-26T03:00:00,APP
WAL_1d46418625,U_3b00602e41,SPEND,-1346.07,MY,2766.58,2026-03-26T00:00:00,QR
WAL_0bbf5d4e0b,U_3b00602e41,SPEND,-1795.44,MY,971.14,2026-03-25T23:00:00,QR
WAL_9d232b2f4d,U_3b00602e41,SPEND,-937.66,MY,33.48,2026-03-23T18:00:00,QR
WAL_7cfcbaa3e7,U_3b00602e41,SPEND,-2612.86,MY,-2579.38,2026-03-22T06:00:00,QR
WAL_cb0a06059d,U_3b00602e41,LOAD,24582.3,MY,22002.92,2026-03-25T03:00:00,APP
WAL_882ee23920,U_3b00602e41,SPEND,-1759.76,MY,20243.16,2026-03-23T10:00:00,QR
WAL_5f607083e2,U_3b00602e41,SPEND,-1502.68,MY,18740.48,2026-03-23T03:00:00,QR
WAL_16673ee300,U_8600f69cf0,LOAD,10363.64,BD,10363.64,2025-06-08T12:00:00,APP
WAL_b079c9176b,U_8600f69cf0,SPEND,-2175.53,BD,8188.11,2025-06-08T12:00:00,QR
WAL_d61394d845,U_8600f69cf0,SPEND,-1593.42,BD,6594.69,2025-05-30T21:00:00,QR
WAL_2fd50fa209,U_8600f69cf0,SPEND,-2640.21,BD,3954.48,2025-06-06T06:00:00,QR
WAL_153e79d186,U_8600f69cf0,SPEND,-5271.03,BD,-1316.55,2025-05-31T13:00:00,QR
WAL_f9b8bb9943,U_29a5304743,LOAD,12875.47,SG,12875.47,2025-06-10T18:00:00,APP
WAL_7bde2bfca9,U_29a5304743,SPEND,-2219.15,SG,10656.32,2025-06-10T18:00:00,QR
WAL_050f610c5e,U_29a5304743,SPEND,-2583.74,SG,8072.58,2025-05-28T07:00:00,QR
WAL_d78b314392,U_29a5304743,SPEND,-974.98,SG,7097.6,2025-06-03T00:00:00,QR
WAL_2ba018a18d,U_29a5304743,SPEND,-1208.01,SG,5889.59,2025-06-06T12:00:00,QR
WAL_2f8224bc3f,U_29a5304743,SPEND,-3467.66,SG,2421.93,2025-06-07T16:00:00,QR
WAL_935b111b55,U_29a5304743,SPEND,-1557.95,SG,863.98,2025-05-25T15:00:00,QR
WAL_77e8b5bdf9,U_29a5304743,SPEND,-889.54,SG,-25.56,2025-05-31T07:00:00,QR
WAL_064020c0ef,U_fd4df7a0b6,LOAD,7147.25,GB,7147.25,2024-12-15T21:00:00,APP
WAL_295826ed94,U_fd4df7a0b6,SPEND,-2127.95,GB,5019.3,2024-12-15T21:00:00,QR
WAL_b7485c2302,U_fd4df7a0b6,SPEND,-405.72,GB,4613.58,2024-12-19T14:00:00,QR
WAL_9a438306b7,U_fd4df7a0b6,SPEND,-924.85,GB,3688.73,2024-12-30T19:00:00,QR
WAL_1fe7fb1e04,U_fd4df7a0b6,SPEND,-821.25,GB,2867.48,2024-12-30T12:00:00,QR
WAL_959a47e1e4,U_fd4df7a0b6,SPEND,-1495.33,GB,1372.15,2024-12-28T04:00:00,QR
WAL_2b2e7dd0e7,U_fd4df7a0b6,SPEND,-1150.02,GB,222.13,2024-12-25T10:00:00,QR
WAL_011a9efb05,U_fd4df7a0b6,SPEND,-4491.04,GB,-4268.91,2024-12-16T13:00:00,QR
WAL_c652806b4d,U_fd4df7a0b6,LOAD,13242.97,GB,8974.06,2024-12-28T12:00:00,APP
WAL_2e0a2f7477,U_fd4df7a0b6,SPEND,-1751.66,GB,7222.4,2024-12-17T22:00:00,QR
WAL_e047429124,U_fd4df7a0b6,SPEND,-746.1,GB,6476.3,2024-12-26T16:00:00,QR
WAL_8b2ad2177b,U_fd4df7a0b6,LOAD,19303.59,GB,19303.59,2026-06-07T01:00:00,APP
WAL_86ab41dcd4,U_fd4df7a0b6,SPEND,-3786.5,GB,15517.09,2026-06-07T01:00:00,QR
WAL_4347422abe,U_fd4df7a0b6,SPEND,-858.71,GB,14658.38,2026-06-14T04:00:00,QR
WAL_4b870e66ec,U_fd4df7a0b6,SPEND,-1112.07,GB,13546.31,2026-06-09T03:00:00,QR
WAL_4909fe0a53,U_fd4df7a0b6,SPEND,-796.48,GB,12749.83,2026-06-13T16:00:00,QR
WAL_d18d83d7e9,U_fd4df7a0b6,SPEND,-1755.73,GB,10994.1,2026-05-30T13:00:00,QR
WAL_7ef3a2df9e,U_fd4df7a0b6,LOAD,15054.22,GB,15054.22,2026-06-07T19:00:00,APP
WAL_c383289ed3,U_fd4df7a0b6,SPEND,-2675.58,GB,12378.64,2026-06-07T19:00:00,QR
WAL_7a9a80e989,U_fd4df7a0b6,SPEND,-1024.63,GB,11354.01,2026-06-05T17:00:00,QR
WAL_5cf3e94e77,U_fd4df7a0b6,SPEND,-729.07,GB,10624.94,2026-06-06T09:00:00,QR
WAL_03bcc0d8a0,U_fd4df7a0b6,SPEND,-1566.74,GB,9058.2,2026-05-29T02:00:00,QR
WAL_dcd23ee365,U_fd4df7a0b6,SPEND,-1196.93,GB,7861.27,2026-06-11T03:00:00,QR
WAL_f96b8cce88,U_fd4df7a0b6,SPEND,-1520.78,GB,6340.49,2026-05-31T10:00:00,QR
WAL_eb43479160,U_fd4df7a0b6,SPEND,-1955.31,GB,4385.18,2026-06-08T23:00:00,QR
WAL_13ef4584f2,U_fd4df7a0b6,SPEND,-1560.81,GB,2824.37,2026-05-31T07:00:00,QR
WAL_42a3181057,U_fd4df7a0b6,SPEND,-1703.74,GB,1120.63,2026-05-28T06:00:00,QR
WAL_4322c7d434,U_fd4df7a0b6,SPEND,-2650.45,GB,-1529.82,2026-06-01T10:00:00,QR
WAL_94ece33211,U_2a96cbf488,LOAD,20010.11,LK,20010.11,2025-07-19T10:00:00,APP
WAL_bed6521fbb,U_2a96cbf488,SPEND,-1208.17,LK,18801.94,2025-07-02T09:00:00,QR
WAL_45e5b5848e,U_2a96cbf488,SPEND,-685.89,LK,18116.05,2025-07-08T05:00:00,QR
WAL_a1acbbd1f3,U_2a96cbf488,SPEND,-2503.27,LK,15612.78,2025-07-11T17:00:00,QR
WAL_b5fdd2f898,U_2a96cbf488,LOAD,24167.7,LK,24167.7,2026-06-14T08:00:00,APP
WAL_2aa4926762,U_2a96cbf488,SPEND,-1497.94,LK,22669.76,2026-06-14T08:00:00,QR
WAL_6a4c1f6223,U_2a96cbf488,SPEND,-1079.15,LK,21590.61,2026-06-05T06:00:00,QR
WAL_62508dc901,U_2a96cbf488,SPEND,-1260.62,LK,20329.99,2026-06-03T19:00:00,QR
WAL_4e74472382,U_2a96cbf488,SPEND,-746.91,LK,19583.08,2026-06-01T08:00:00,QR
WAL_b8d76e05d3,U_2a96cbf488,SPEND,-957.53,LK,18625.55,2026-06-06T11:00:00,QR
WAL_b161d7a5b9,U_2a96cbf488,SPEND,-1284.91,LK,17340.64,2026-06-03T05:00:00,QR
WAL_ebf1c19bce,U_2a96cbf488,SPEND,-1927.26,LK,15413.38,2026-06-11T02:00:00,QR
WAL_651bd03692,U_2a96cbf488,SPEND,-1472.12,LK,13941.26,2026-06-17T01:00:00,QR
WAL_19d7db87a5,U_2a96cbf488,SPEND,-1126.29,LK,12814.97,2026-06-12T08:00:00,QR
WAL_e22e285af6,U_2a96cbf488,SPEND,-4153.01,LK,8661.96,2026-06-01T17:00:00,QR
WAL_d39a1e3526,U_2a96cbf488,SPEND,-1368.76,LK,7293.2,2026-06-12T17:00:00,QR
WAL_ba76c68a92,U_d0de6557b9,LOAD,3530.86,REST,3530.86,2024-09-02T22:00:00,APP
WAL_61bb0a093b,U_8a5c3917bb,LOAD,24195.52,US,24195.52,2026-05-24T17:00:00,APP
WAL_491c2bdf48,U_8a5c3917bb,SPEND,-629.48,US,23566.04,2026-05-24T17:00:00,QR
WAL_5b8968132f,U_8a5c3917bb,SPEND,-3433.21,US,20132.83,2026-05-25T19:00:00,QR
WAL_863d4a05e7,U_8a5c3917bb,SPEND,-1080.79,US,19052.04,2026-05-25T02:00:00,QR
WAL_c2c60ce71e,U_8a5c3917bb,SPEND,-986.33,US,18065.71,2026-05-25T19:00:00,QR
WAL_4d820a4d6a,U_8a5c3917bb,SPEND,-575.39,US,17490.32,2026-05-23T11:00:00,QR
WAL_26aa16d9e2,U_8a5c3917bb,SPEND,-1909.66,US,15580.66,2026-05-23T06:00:00,QR
WAL_4a35a0e1ec,U_8a5c3917bb,SPEND,-1219.16,US,14361.5,2026-05-26T10:00:00,QR
WAL_2d2a28e931,U_8a5c3917bb,SPEND,-1005.33,US,13356.17,2026-05-26T16:00:00,QR
WAL_84917e7f45,U_dd81c50dc8,LOAD,16580.91,NP,16580.91,2025-05-26T04:00:00,APP
WAL_d8dc70b023,U_dd81c50dc8,SPEND,-1719.14,NP,14861.77,2025-05-26T04:00:00,QR
WAL_ea3bb773ac,U_dd81c50dc8,SPEND,-453.08,NP,14408.69,2025-05-28T15:00:00,QR
WAL_ff8eb5cdfa,U_dd81c50dc8,SPEND,-2102.5,NP,12306.19,2025-05-31T20:00:00,QR
WAL_e8d77223f5,U_dd81c50dc8,SPEND,-1381.92,NP,10924.27,2025-05-31T10:00:00,QR
WAL_563c42624c,U_dd81c50dc8,SPEND,-1261.82,NP,9662.45,2025-06-02T01:00:00,QR
WAL_3e3170c3c4,U_dd81c50dc8,SPEND,-1408.58,NP,8253.87,2025-05-28T00:00:00,QR
WAL_7a94e95f18,U_dd81c50dc8,SPEND,-700.82,NP,7553.05,2025-05-17T13:00:00,QR
WAL_b2a640133d,U_dd81c50dc8,SPEND,-849.41,NP,6703.64,2025-05-28T05:00:00,QR
WAL_6afb367ff1,U_dd81c50dc8,LOAD,14727.34,NP,14727.34,2024-10-26T05:00:00,APP
WAL_6368daf23e,U_dd81c50dc8,SPEND,-1365.48,NP,13361.86,2024-10-26T05:00:00,QR
WAL_7427b5352f,U_dd81c50dc8,SPEND,-1508.55,NP,11853.31,2024-10-25T04:00:00,QR
WAL_cd67da04e8,U_dd81c50dc8,SPEND,-965.6,NP,10887.71,2024-10-27T02:00:00,QR
WAL_96a491e219,U_dd81c50dc8,SPEND,-2067.28,NP,8820.43,2024-10-26T13:00:00,QR
WAL_6a8942298b,U_654e19f018,LOAD,19039.11,CA,19039.11,2026-06-10T22:00:00,APP
WAL_7006914246,U_654e19f018,SPEND,-484.27,CA,18554.84,2026-06-10T22:00:00,QR
WAL_c7da871e41,U_654e19f018,SPEND,-1550.03,CA,17004.81,2026-06-07T10:00:00,QR
WAL_9a18b55841,U_654e19f018,SPEND,-680.45,CA,16324.36,2026-06-11T23:00:00,QR
WAL_505a20dc61,U_654e19f018,SPEND,-1074.05,CA,15250.31,2026-06-03T15:00:00,QR
WAL_50aec4461c,U_654e19f018,SPEND,-2216.44,CA,13033.87,2026-06-11T06:00:00,QR
WAL_8c89335a5f,U_654e19f018,LOAD,9484.59,CA,9484.59,2025-09-09T10:00:00,APP
WAL_42fbfafb04,U_654e19f018,SPEND,-1499.1,CA,7985.49,2025-09-09T10:00:00,QR
WAL_3dde185834,U_654e19f018,SPEND,-1897.42,CA,6088.07,2025-09-02T21:00:00,QR
WAL_f9afeade6f,U_654e19f018,SPEND,-1053.65,CA,5034.42,2025-09-12T02:00:00,QR
WAL_5ef14ae405,U_654e19f018,SPEND,-4567.27,CA,467.15,2025-09-02T12:00:00,QR
WAL_c38a1a421a,U_654e19f018,SPEND,-715.21,CA,-248.06,2025-09-14T14:00:00,QR
WAL_b750a2062a,U_654e19f018,LOAD,9714.87,CA,9714.87,2025-09-11T22:00:00,APP
WAL_72fed4f3e5,U_654e19f018,SPEND,-1553.39,CA,8161.48,2025-09-14T03:00:00,QR
WAL_9decf0852d,U_654e19f018,SPEND,-1288.77,CA,6872.71,2025-09-06T18:00:00,QR
WAL_81865994f8,U_654e19f018,SPEND,-2485.51,CA,4387.2,2025-09-13T15:00:00,QR
WAL_9400c2e9d6,U_654e19f018,SPEND,-1766.85,CA,2620.35,2025-09-06T00:00:00,QR
WAL_3ab2d3ff50,U_654e19f018,LOAD,9133.33,CA,9133.33,2026-03-03T23:00:00,APP
WAL_d5832e4194,U_654e19f018,SPEND,-1553.12,CA,7580.21,2026-03-03T23:00:00,QR
WAL_d5f4e7cb5f,U_654e19f018,SPEND,-888.4,CA,6691.81,2026-03-01T01:00:00,QR
WAL_da571f6ef7,U_654e19f018,SPEND,-919.65,CA,5772.16,2026-03-08T23:00:00,QR
WAL_c07614795b,U_654e19f018,SPEND,-3312.73,CA,2459.43,2026-03-05T22:00:00,QR
WAL_f72e297e07,U_654e19f018,SPEND,-1776.61,CA,682.82,2026-02-26T09:00:00,QR
WAL_19f1e29035,U_8abc2fab8f,LOAD,22069.77,AU,22069.77,2025-02-11T08:00:00,APP
WAL_126318572e,U_8abc2fab8f,SPEND,-511.68,AU,21558.09,2025-02-11T08:00:00,QR
WAL_9e68eafa10,U_8abc2fab8f,SPEND,-3271.92,AU,18286.17,2025-02-13T13:00:00,QR
WAL_758833c46c,U_8abc2fab8f,SPEND,-640.66,AU,17645.51,2025-02-10T09:00:00,QR
WAL_c1d4d9605c,U_8abc2fab8f,SPEND,-1327.8,AU,16317.71,2025-02-15T20:00:00,QR
WAL_8878e19d67,U_8abc2fab8f,SPEND,-1586.37,AU,14731.34,2025-02-11T08:00:00,QR
WAL_dd44d948c4,U_8abc2fab8f,SPEND,-2424.05,AU,12307.29,2025-02-14T00:00:00,QR
WAL_9b4912215d,U_8abc2fab8f,SPEND,-993.79,AU,11313.5,2025-02-10T17:00:00,QR
WAL_35c6cd0101,U_8abc2fab8f,SPEND,-1912.03,AU,9401.47,2025-02-16T01:00:00,QR
WAL_0a774907e2,U_8abc2fab8f,SPEND,-1431.49,AU,7969.98,2025-02-12T09:00:00,QR
WAL_1dbc216102,U_8abc2fab8f,SPEND,-1899.48,AU,6070.5,2025-02-12T09:00:00,QR
WAL_ca51c8ad19,U_8abc2fab8f,SPEND,-4230.32,AU,1840.18,2025-02-10T12:00:00,QR
WAL_0882a98809,U_8abc2fab8f,SPEND,-357.75,AU,1482.43,2025-02-14T21:00:00,QR
WAL_6a75575e07,U_8abc2fab8f,SPEND,-860.05,AU,622.38,2025-02-16T03:00:00,QR
WAL_07d813f7aa,U_8abc2fab8f,SPEND,-1160.59,AU,-538.21,2025-02-10T05:00:00,QR
WAL_8e12d7bed7,U_8abc2fab8f,LOAD,14363.08,AU,14363.08,2026-01-23T17:00:00,APP
WAL_f840753f5f,U_8abc2fab8f,SPEND,-3226.47,AU,11136.61,2026-01-23T17:00:00,QR
WAL_d6d4a1df30,U_8abc2fab8f,SPEND,-1623.73,AU,9512.88,2026-01-20T22:00:00,QR
WAL_5c038c1d99,U_8abc2fab8f,SPEND,-929.79,AU,8583.09,2026-01-19T01:00:00,QR
WAL_a82f04750e,U_8abc2fab8f,SPEND,-2472.49,AU,6110.6,2026-01-20T14:00:00,QR
WAL_c7a6960abf,U_7d8fbd2a7f,LOAD,24258.42,AE,24258.42,2025-02-17T12:00:00,APP
WAL_87528cb42f,U_7d8fbd2a7f,SPEND,-1889.06,AE,22369.36,2025-02-17T12:00:00,QR
WAL_7336782ed1,U_7d8fbd2a7f,SPEND,-1679.0,AE,20690.36,2025-02-17T16:00:00,QR
WAL_e457a480bd,U_7d8fbd2a7f,SPEND,-924.32,AE,19766.04,2025-02-13T13:00:00,QR
WAL_ba259aade1,U_7d8fbd2a7f,SPEND,-2003.45,AE,17762.59,2025-02-13T05:00:00,QR
WAL_c7087b4ee2,U_7d8fbd2a7f,SPEND,-4122.02,AE,13640.57,2025-02-15T12:00:00,QR
WAL_1b7f383b70,U_7d8fbd2a7f,SPEND,-2849.26,AE,10791.31,2025-02-18T13:00:00,QR
WAL_c24c65eea8,U_7d8fbd2a7f,SPEND,-4878.1,AE,5913.21,2025-02-13T20:00:00,QR
WAL_63a46a1eab,U_7d8fbd2a7f,SPEND,-1694.52,AE,4218.69,2025-02-18T10:00:00,QR
WAL_270c5d6597,U_7d8fbd2a7f,SPEND,-881.38,AE,3337.31,2025-02-18T12:00:00,QR
WAL_effc7f310f,U_7d8fbd2a7f,SPEND,-1275.92,AE,2061.39,2025-02-13T06:00:00,QR
WAL_c02323f8a0,U_7d8fbd2a7f,LOAD,5280.41,AE,5280.41,2025-02-24T16:00:00,APP
WAL_1196439671,U_7d8fbd2a7f,SPEND,-2510.1,AE,2770.31,2025-02-24T16:00:00,QR
WAL_b3fbd0991a,U_7d8fbd2a7f,SPEND,-818.47,AE,1951.84,2025-02-21T19:00:00,QR
WAL_6cef0508a6,U_7d8fbd2a7f,SPEND,-957.88,AE,993.96,2025-02-17T11:00:00,QR
WAL_d7e5cca5a3,U_7d8fbd2a7f,SPEND,-770.41,AE,223.55,2025-02-11T14:00:00,QR
WAL_385e6fc781,U_7d8fbd2a7f,SPEND,-2969.29,AE,-2745.74,2025-02-06T12:00:00,QR
WAL_d12250cb2c,U_7d8fbd2a7f,LOAD,11683.98,AE,8938.24,2025-02-09T08:00:00,APP
WAL_22dfd37c7e,U_7d8fbd2a7f,SPEND,-924.97,AE,8013.27,2025-02-09T08:00:00,QR
WAL_8355a200de,U_7d8fbd2a7f,SPEND,-1412.81,AE,6600.46,2025-02-16T18:00:00,QR
WAL_eb4712d8bc,U_7d8fbd2a7f,LOAD,13935.19,AE,13935.19,2024-12-24T15:00:00,APP
WAL_b8a1931bab,U_7d8fbd2a7f,SPEND,-2929.06,AE,11006.13,2024-12-24T15:00:00,QR
WAL_1c98994336,U_7d8fbd2a7f,SPEND,-3734.62,AE,7271.51,2024-12-25T17:00:00,QR
WAL_6866bb1212,U_7d8fbd2a7f,SPEND,-3617.27,AE,3654.24,2024-12-31T07:00:00,QR
WAL_4b63946239,U_7d8fbd2a7f,LOAD,8852.84,AE,8852.84,2025-03-06T22:00:00,APP
WAL_0540f03276,U_7d8fbd2a7f,SPEND,-1263.29,AE,7589.55,2025-03-06T22:00:00,QR
WAL_d3c939f00b,U_7d8fbd2a7f,SPEND,-1611.23,AE,5978.32,2025-03-08T06:00:00,QR
WAL_7822b2bde2,U_7d8fbd2a7f,SPEND,-1348.3,AE,4630.02,2025-03-05T10:00:00,QR
WAL_9b482ba37d,U_7d8fbd2a7f,SPEND,-2346.34,AE,2283.68,2025-03-04T06:00:00,QR
WAL_f978b1798e,U_7d8fbd2a7f,SPEND,-2600.9,AE,-317.22,2025-02-25T18:00:00,QR
WAL_48c784fe4c,U_7d8fbd2a7f,LOAD,9382.72,AE,9065.5,2025-03-03T05:00:00,APP
WAL_0127c14daf,U_7d8fbd2a7f,SPEND,-2627.27,AE,6438.23,2025-03-03T05:00:00,QR
WAL_d77e33f0c4,U_7d8fbd2a7f,SPEND,-689.97,AE,5748.26,2025-03-05T19:00:00,QR
WAL_77ffeeda2d,U_712fbef1b1,LOAD,4970.93,REST,4970.93,2026-05-04T20:00:00,APP
WAL_57833cceb1,U_712fbef1b1,SPEND,-3780.44,REST,1190.49,2026-05-04T20:00:00,QR
WAL_9fa7a09f3b,U_712fbef1b1,SPEND,-1351.06,REST,-160.57,2026-04-28T12:00:00,QR
WAL_2719f2d9d6,U_712fbef1b1,LOAD,2141.9,REST,1981.32,2026-04-28T05:00:00,APP
WAL_fbfde1ba63,U_712fbef1b1,SPEND,-1116.05,REST,865.27,2026-04-28T05:00:00,QR
WAL_4c5dca5115,U_712fbef1b1,SPEND,-712.32,REST,152.95,2026-04-26T03:00:00,QR
WAL_c748d30aea,U_712fbef1b1,LOAD,22221.23,REST,22221.23,2025-05-29T03:00:00,APP
WAL_6548ff5462,U_712fbef1b1,SPEND,-3367.01,REST,18854.22,2025-05-29T03:00:00,QR
WAL_42e85b39e4,U_712fbef1b1,SPEND,-1469.77,REST,17384.45,2025-05-31T07:00:00,QR
WAL_4e795034f0,U_712fbef1b1,SPEND,-686.04,REST,16698.41,2025-05-27T10:00:00,QR
WAL_fc66fc51e3,U_712fbef1b1,SPEND,-874.57,REST,15823.84,2025-05-29T14:00:00,QR
WAL_cc862a61c8,U_712fbef1b1,SPEND,-1263.24,REST,14560.6,2025-05-27T13:00:00,QR
WAL_78546d5cbc,U_712fbef1b1,SPEND,-3147.46,REST,11413.14,2025-05-27T02:00:00,QR
WAL_c11e34f786,U_712fbef1b1,SPEND,-1964.16,REST,9448.98,2025-06-01T15:00:00,QR
WAL_e7de811d87,U_712fbef1b1,SPEND,-3407.59,REST,6041.39,2025-06-01T17:00:00,QR
WAL_a05d2ce271,U_712fbef1b1,SPEND,-904.0,REST,5137.39,2025-05-29T02:00:00,QR
WAL_3f9969251f,U_87e58f9472,LOAD,18803.44,REST,18803.44,2026-03-31T14:00:00,APP
WAL_f8acad31c5,U_87e58f9472,SPEND,-1569.8,REST,17233.64,2026-03-31T14:00:00,QR
WAL_48febfbc26,U_87e58f9472,SPEND,-1097.48,REST,16136.16,2026-03-26T22:00:00,QR
WAL_8e58c77c4e,U_87e58f9472,SPEND,-1167.01,REST,14969.15,2026-03-21T20:00:00,QR
WAL_44a34b2ad4,U_87e58f9472,LOAD,8824.75,REST,8824.75,2026-02-16T11:00:00,APP
WAL_07985b3823,U_87e58f9472,SPEND,-1525.52,REST,7299.23,2026-02-10T03:00:00,QR
WAL_80b7e8986b,U_87e58f9472,SPEND,-1742.39,REST,5556.84,2026-02-16T20:00:00,QR
WAL_0c098a23db,U_87e58f9472,SPEND,-1420.47,REST,4136.37,2026-02-18T14:00:00,QR
WAL_00deb13f8f,U_87e58f9472,SPEND,-1589.96,REST,2546.41,2026-02-18T11:00:00,QR
WAL_2274c0bdc5,U_c09e012b09,LOAD,20188.3,DE,20188.3,2024-09-06T10:00:00,APP
WAL_6ec38d2c80,U_c09e012b09,SPEND,-1744.52,DE,18443.78,2024-09-06T10:00:00,QR
WAL_fa0bd9aa59,U_c09e012b09,SPEND,-1424.43,DE,17019.35,2024-09-03T13:00:00,QR
WAL_a97a80651e,U_c09e012b09,SPEND,-1075.44,DE,15943.91,2024-09-05T19:00:00,QR
WAL_74646d95e1,U_c09e012b09,SPEND,-912.01,DE,15031.9,2024-09-10T16:00:00,QR
WAL_20725e58cc,U_c09e012b09,SPEND,-5459.56,DE,9572.34,2024-09-04T02:00:00,QR
WAL_14e4f4f38a,U_c09e012b09,SPEND,-3332.36,DE,6239.98,2024-09-12T01:00:00,QR
WAL_2a2b1af30c,U_c09e012b09,SPEND,-723.79,DE,5516.19,2024-09-13T22:00:00,QR
WAL_3a521bcad6,U_c09e012b09,SPEND,-2075.92,DE,3440.27,2024-09-08T21:00:00,QR
WAL_2d248e93f7,U_c09e012b09,SPEND,-1139.13,DE,2301.14,2024-09-04T04:00:00,QR
WAL_97b8f8c85d,U_c09e012b09,SPEND,-1873.87,DE,427.27,2024-09-07T20:00:00,QR
WAL_271938924b,U_c09e012b09,SPEND,-2851.4,DE,-2424.13,2024-09-12T09:00:00,QR
WAL_51ab0c00af,U_c09e012b09,LOAD,7607.86,DE,5183.73,2024-09-06T23:00:00,APP
WAL_8855fe2461,U_c09e012b09,SPEND,-1834.5,DE,3349.23,2024-09-06T23:00:00,QR
WAL_86eeac275d,U_abb01f5f61,LOAD,23829.13,BD,23829.13,2025-01-03T03:00:00,APP
WAL_0c71c780da,U_abb01f5f61,SPEND,-2535.76,BD,21293.37,2025-01-03T03:00:00,QR
WAL_fdf94d194c,U_abb01f5f61,SPEND,-991.89,BD,20301.48,2025-01-03T19:00:00,QR
WAL_afb46bcb98,U_abb01f5f61,SPEND,-1209.1,BD,19092.38,2024-12-28T19:00:00,QR
WAL_d12522c3b5,U_abb01f5f61,SPEND,-1319.59,BD,17772.79,2025-01-05T04:00:00,QR
WAL_e3a3044d9c,U_abb01f5f61,SPEND,-1368.62,BD,16404.17,2025-01-05T23:00:00,QR
WAL_a86f6b7729,U_abb01f5f61,SPEND,-912.11,BD,15492.06,2024-12-29T08:00:00,QR
WAL_b7e197a7b6,U_abb01f5f61,SPEND,-5282.41,BD,10209.65,2024-12-27T07:00:00,QR
WAL_e8867d5d57,U_abb01f5f61,SPEND,-836.88,BD,9372.77,2025-01-03T02:00:00,QR
WAL_7ccf241c7d,U_abb01f5f61,SPEND,-840.21,BD,8532.56,2024-12-27T01:00:00,QR
WAL_57c525a06d,U_abb01f5f61,SPEND,-2635.47,BD,5897.09,2025-01-07T14:00:00,QR
WAL_3b483e323b,U_abb01f5f61,LOAD,17585.88,BD,17585.88,2026-05-25T14:00:00,APP
WAL_381342c038,U_abb01f5f61,SPEND,-945.86,BD,16640.02,2026-05-25T13:00:00,QR
WAL_b199619337,U_abb01f5f61,SPEND,-2744.01,BD,13896.01,2026-05-25T18:00:00,QR
WAL_6aebe7b424,U_abb01f5f61,SPEND,-853.98,BD,13042.03,2026-05-25T19:00:00,QR
WAL_460f9b0b83,U_abb01f5f61,SPEND,-2911.72,BD,10130.31,2026-05-26T21:00:00,QR
WAL_b3523a3663,U_abb01f5f61,SPEND,-1445.55,BD,8684.76,2026-05-25T21:00:00,QR
WAL_972c6d68e0,U_abb01f5f61,SPEND,-1405.21,BD,7279.55,2026-05-26T05:00:00,QR
WAL_28ee3911a2,U_6e54119148,LOAD,14840.3,GB,14840.3,2025-12-26T21:00:00,APP
WAL_fbfbe0f2b8,U_6e54119148,SPEND,-2895.1,GB,11945.2,2025-12-26T21:00:00,QR
WAL_c554c7ca40,U_6e54119148,SPEND,-957.67,GB,10987.53,2025-12-12T23:00:00,QR
WAL_f88387e2e9,U_6e54119148,SPEND,-814.19,GB,10173.34,2025-12-26T03:00:00,QR
WAL_30c1d73fd9,U_6e54119148,SPEND,-821.02,GB,9352.32,2025-12-24T13:00:00,QR
WAL_3cfbcd1fe6,U_6e54119148,SPEND,-1761.97,GB,7590.35,2025-12-27T05:00:00,QR
WAL_bb60adf3f8,U_6e54119148,LOAD,14370.07,GB,14370.07,2025-11-22T23:00:00,APP
WAL_320b234a1c,U_6e54119148,SPEND,-1747.35,GB,12622.72,2025-11-22T23:00:00,QR
WAL_218c3da807,U_6e54119148,SPEND,-1038.7,GB,11584.02,2025-11-19T20:00:00,QR
WAL_b890d24055,U_bfd58f8812,LOAD,5859.92,REST,5859.92,2025-09-25T08:00:00,APP
WAL_5b1bbec4f6,U_bfd58f8812,SPEND,-3490.43,REST,2369.49,2025-09-26T10:00:00,QR
WAL_1bb230d2d9,U_bfd58f8812,SPEND,-1782.5,REST,586.99,2025-09-29T13:00:00,QR
WAL_bfd016257c,U_bfd58f8812,SPEND,-3156.18,REST,-2569.19,2025-09-24T13:00:00,QR
WAL_bdb4d1173f,U_bfd58f8812,LOAD,9169.43,REST,6600.24,2025-09-21T15:00:00,APP
WAL_bedaf2e160,U_bfd58f8812,SPEND,-1430.27,REST,5169.97,2025-09-19T01:00:00,QR
WAL_7d22aef3f3,U_bfd58f8812,SPEND,-1824.85,REST,3345.12,2025-09-30T05:00:00,QR
WAL_fe148c52ab,U_bfd58f8812,SPEND,-689.27,REST,2655.85,2025-09-24T19:00:00,QR
WAL_d5066e2985,U_a85edcc9e9,LOAD,13511.31,BD,13511.31,2025-10-02T19:00:00,APP
WAL_df71749f6b,U_a85edcc9e9,SPEND,-2971.61,BD,10539.7,2025-10-02T19:00:00,QR
WAL_2413868176,U_a85edcc9e9,SPEND,-2257.83,BD,8281.87,2025-10-04T23:00:00,QR
WAL_d028541974,U_a85edcc9e9,SPEND,-851.92,BD,7429.95,2025-10-07T22:00:00,QR
WAL_ccc47c7b12,U_a85edcc9e9,SPEND,-2259.9,BD,5170.05,2025-10-12T20:00:00,QR
WAL_f24451eab7,U_a85edcc9e9,SPEND,-1059.83,BD,4110.22,2025-10-06T20:00:00,QR
WAL_13c85585d2,U_a85edcc9e9,SPEND,-963.74,BD,3146.48,2025-10-05T17:00:00,QR
WAL_dcb0980b94,U_a85edcc9e9,SPEND,-1073.69,BD,2072.79,2025-10-08T22:00:00,QR
WAL_ecb2a1b2cf,U_a85edcc9e9,SPEND,-3888.23,BD,-1815.44,2025-10-03T22:00:00,QR
WAL_982407c0fc,U_a85edcc9e9,LOAD,11112.51,BD,9297.07,2025-10-13T23:00:00,APP
WAL_8be9f7c517,U_a85edcc9e9,SPEND,-1305.82,BD,7991.25,2025-10-13T23:00:00,QR
WAL_84dc10fd67,U_a85edcc9e9,SPEND,-1547.25,BD,6444.0,2025-10-10T00:00:00,QR
WAL_76c1910720,U_a85edcc9e9,SPEND,-1544.49,BD,4899.51,2025-10-10T22:00:00,QR
WAL_6047f09743,U_a85edcc9e9,SPEND,-4774.86,BD,124.65,2025-10-13T13:00:00,QR
WAL_ab7350e4e9,U_a85edcc9e9,LOAD,23099.35,BD,23099.35,2025-03-26T16:00:00,APP
WAL_7937fd1827,U_a85edcc9e9,SPEND,-1027.46,BD,22071.89,2025-03-26T16:00:00,QR
WAL_fd422e745e,U_a85edcc9e9,SPEND,-914.28,BD,21157.61,2025-04-02T09:00:00,QR
WAL_3451e8d1a5,U_a85edcc9e9,SPEND,-960.35,BD,20197.26,2025-03-26T11:00:00,QR
WAL_62926cd561,U_dac5b0bdd3,LOAD,20931.36,CA,20931.36,2026-05-19T12:00:00,APP
WAL_1b710f2a19,U_ead4c766cf,LOAD,9443.37,AE,9443.37,2025-04-18T16:00:00,APP
WAL_f053e8b41f,U_ead4c766cf,SPEND,-2079.27,AE,7364.1,2025-04-18T16:00:00,QR
WAL_3f65aa84f4,U_ead4c766cf,SPEND,-1467.76,AE,5896.34,2025-04-15T09:00:00,QR
WAL_d90e8ea116,U_ead4c766cf,SPEND,-1328.81,AE,4567.53,2025-04-16T13:00:00,QR
WAL_b0bb879d71,U_ead4c766cf,SPEND,-3105.15,AE,1462.38,2025-04-15T17:00:00,QR
WAL_d6ba558973,U_ead4c766cf,SPEND,-1581.08,AE,-118.7,2025-04-16T09:00:00,QR
WAL_fdda2108cf,U_ead4c766cf,LOAD,3971.28,AE,3852.58,2025-04-22T12:00:00,APP
WAL_78cb8ead14,U_ead4c766cf,SPEND,-901.98,AE,2950.6,2025-04-22T12:00:00,QR
WAL_6b68102b68,U_ead4c766cf,SPEND,-2418.19,AE,532.41,2025-04-15T06:00:00,QR
WAL_f3140469b0,U_ead4c766cf,SPEND,-1543.25,AE,-1010.84,2025-04-17T14:00:00,QR
WAL_bdf359bc80,U_bdf7d708df,LOAD,24461.25,SG,24461.25,2024-10-30T00:00:00,APP
WAL_4365d15d83,U_bdf7d708df,SPEND,-2749.82,SG,21711.43,2024-10-30T00:00:00,QR
WAL_62ab8de991,U_bdf7d708df,SPEND,-749.3,SG,20962.13,2024-10-31T02:00:00,QR
WAL_a43d8adc57,U_bdf7d708df,SPEND,-816.51,SG,20145.62,2024-10-24T18:00:00,QR
WAL_c943ce8b6a,U_bdf7d708df,SPEND,-1585.7,SG,18559.92,2024-10-31T17:00:00,QR
WAL_aa7a9960c4,U_bdf7d708df,SPEND,-2388.04,SG,16171.88,2024-10-28T10:00:00,QR
WAL_898baaf9c9,U_bdf7d708df,SPEND,-1236.72,SG,14935.16,2024-10-29T19:00:00,QR
WAL_587c9d7621,U_bdf7d708df,SPEND,-1045.64,SG,13889.52,2024-10-31T16:00:00,QR
WAL_47575e4b1c,U_bdf7d708df,SPEND,-1216.94,SG,12672.58,2024-10-22T16:00:00,QR
WAL_b8311ddebd,U_bdf7d708df,SPEND,-2683.77,SG,9988.81,2024-11-04T17:00:00,QR
WAL_cacc03f5ee,U_95f5f0b30f,LOAD,19161.04,REST,19161.04,2024-11-30T00:00:00,APP
WAL_b490f7609b,U_95f5f0b30f,SPEND,-1393.2,REST,17767.84,2024-11-30T00:00:00,QR
WAL_5c4d18bed0,U_95f5f0b30f,SPEND,-1627.28,REST,16140.56,2024-12-08T00:00:00,QR
WAL_46a2bbdaa0,U_95f5f0b30f,SPEND,-575.11,REST,15565.45,2024-11-23T06:00:00,QR
WAL_575f5303ad,U_fbffa8ac6c,LOAD,14413.87,US,14413.87,2026-03-30T20:00:00,APP
WAL_6c98d280c3,U_fbffa8ac6c,SPEND,-3322.36,US,11091.51,2026-03-30T20:00:00,QR
WAL_d0e2d43dbb,U_fbffa8ac6c,SPEND,-1955.98,US,9135.53,2026-03-27T23:00:00,QR
WAL_4a9f1e470b,U_fbffa8ac6c,SPEND,-1253.44,US,7882.09,2026-03-27T21:00:00,QR
WAL_5a414927a6,U_fbffa8ac6c,SPEND,-2550.72,US,5331.37,2026-03-29T06:00:00,QR
WAL_02c8c14692,U_fbffa8ac6c,SPEND,-2295.72,US,3035.65,2026-03-25T00:00:00,QR
WAL_1feee8c8d9,U_fbffa8ac6c,SPEND,-534.57,US,2501.08,2026-04-01T05:00:00,QR
WAL_229e3a58cc,U_fbffa8ac6c,SPEND,-2770.49,US,-269.41,2026-03-27T07:00:00,QR
WAL_503fbe7755,U_fbffa8ac6c,LOAD,23399.73,US,23130.32,2026-03-25T06:00:00,APP
WAL_e6d32ff677,U_fbffa8ac6c,SPEND,-1443.7,US,21686.62,2026-03-25T06:00:00,QR
WAL_9028873dde,U_3cb065ae7d,LOAD,15968.11,US,15968.11,2024-12-19T00:00:00,APP
WAL_616bd873ab,U_3cb065ae7d,SPEND,-1253.78,US,14714.33,2024-12-19T00:00:00,QR
WAL_ac7edc4cc9,U_3cb065ae7d,SPEND,-680.63,US,14033.7,2024-12-23T01:00:00,QR
WAL_d137a5d5aa,U_3cb065ae7d,SPEND,-2190.44,US,11843.26,2024-12-17T03:00:00,QR
WAL_e0d4695dc1,U_3cb065ae7d,SPEND,-3236.59,US,8606.67,2024-12-24T01:00:00,QR
WAL_8716e44d51,U_3cb065ae7d,SPEND,-2200.78,US,6405.89,2024-12-15T12:00:00,QR
WAL_f9a425322a,U_3cb065ae7d,SPEND,-614.89,US,5791.0,2024-12-26T14:00:00,QR
WAL_6f87b99066,U_3cb065ae7d,SPEND,-2198.57,US,3592.43,2024-12-24T03:00:00,QR
WAL_bc9c3c276f,U_3cb065ae7d,SPEND,-788.0,US,2804.43,2024-12-21T06:00:00,QR
WAL_aaeb6984de,U_3cb065ae7d,SPEND,-1399.24,US,1405.19,2024-12-16T03:00:00,QR
WAL_1b1ec0e5b0,U_3cb065ae7d,SPEND,-1267.32,US,137.87,2024-12-18T17:00:00,QR
WAL_a2d42c4275,U_3cb065ae7d,SPEND,-942.71,US,-804.84,2024-12-24T00:00:00,QR
WAL_e4a86f5dee,U_3cb065ae7d,LOAD,21589.3,US,20784.47,2024-12-26T06:00:00,APP
WAL_cc4b778664,U_3cb065ae7d,SPEND,-2708.21,US,18076.26,2024-12-26T06:00:00,QR
WAL_9fb8c88965,U_3cb065ae7d,LOAD,24245.5,US,24245.5,2026-05-10T10:00:00,APP
WAL_7122755feb,U_3cb065ae7d,SPEND,-1840.53,US,22404.97,2026-05-10T10:00:00,QR
WAL_cf4ba17508,U_3cb065ae7d,SPEND,-2194.23,US,20210.74,2026-05-04T06:00:00,QR
WAL_f96bdb0f63,U_3cb065ae7d,SPEND,-1105.26,US,19105.48,2026-05-01T18:00:00,QR
WAL_f046db90b1,U_3cb065ae7d,SPEND,-806.89,US,18298.59,2026-04-26T02:00:00,QR
WAL_6d30e80363,U_3cb065ae7d,LOAD,6126.47,US,6126.47,2025-09-29T23:00:00,APP
WAL_c04dbf35fa,U_3cb065ae7d,SPEND,-1727.41,US,4399.06,2025-09-29T23:00:00,QR
WAL_1fc5115c57,U_3cb065ae7d,SPEND,-1039.03,US,3360.03,2025-10-01T13:00:00,QR
WAL_7fbdb197ee,U_3cb065ae7d,SPEND,-887.47,US,2472.56,2025-09-30T00:00:00,QR
WAL_de7edbdf1c,U_3cb065ae7d,SPEND,-1431.63,US,1040.93,2025-09-26T15:00:00,QR
WAL_6894b45f1a,U_3cb065ae7d,SPEND,-980.31,US,60.62,2025-09-25T01:00:00,QR
WAL_a85cd1d34c,U_95d68f5bf2,LOAD,2099.4,US,2099.4,2025-03-24T11:00:00,APP
WAL_e17fea9f34,U_95d68f5bf2,SPEND,-1400.15,US,699.25,2025-03-22T19:00:00,QR
WAL_488e8716d3,U_95d68f5bf2,SPEND,-1754.94,US,-1055.69,2025-03-25T12:00:00,QR
WAL_4aee6e2303,U_95d68f5bf2,LOAD,13744.43,US,12688.74,2025-03-23T06:00:00,APP
WAL_501b7fc23c,U_95d68f5bf2,SPEND,-1079.75,US,11608.99,2025-03-23T06:00:00,QR
WAL_927efbe2ae,U_95d68f5bf2,SPEND,-1179.58,US,10429.41,2025-03-25T06:00:00,QR
WAL_b2ef39bd02,U_95d68f5bf2,LOAD,2122.01,US,2122.01,2025-04-12T00:00:00,APP
WAL_321bb5df31,U_95d68f5bf2,SPEND,-1244.6,US,877.41,2025-04-12T00:00:00,QR
WAL_cdce4710fc,U_95d68f5bf2,SPEND,-1644.77,US,-767.36,2025-04-06T10:00:00,QR
WAL_0cbbd50952,U_95d68f5bf2,LOAD,14379.06,US,13611.71,2025-04-07T05:00:00,APP
WAL_1325891694,U_95d68f5bf2,SPEND,-1242.67,US,12369.04,2025-04-07T05:00:00,QR
WAL_8b58f65c22,U_95d68f5bf2,SPEND,-2375.77,US,9993.27,2025-04-17T03:00:00,QR
WAL_7d9edb7919,U_95d68f5bf2,SPEND,-615.13,US,9378.14,2025-04-10T16:00:00,QR
WAL_7f1c0cc907,U_4e19d062f2,LOAD,6844.87,US,6844.87,2024-12-02T08:00:00,APP
WAL_4060277db2,U_4e19d062f2,SPEND,-2332.77,US,4512.1,2024-12-02T08:00:00,QR
WAL_73abbd3246,U_4e19d062f2,SPEND,-1051.51,US,3460.59,2024-11-27T09:00:00,QR
WAL_d5a92c4c1c,U_4e19d062f2,SPEND,-1474.95,US,1985.64,2024-12-04T14:00:00,QR
WAL_1759c21b12,U_e827197530,LOAD,7054.44,AE,7054.44,2025-10-10T00:00:00,APP
WAL_bad256c358,U_e827197530,SPEND,-2333.44,AE,4721.0,2025-10-23T04:00:00,QR
WAL_f4d5d7607c,U_e827197530,SPEND,-4724.77,AE,-3.77,2025-10-21T08:00:00,QR
WAL_9a628300cf,U_e827197530,LOAD,10351.32,AE,10347.55,2025-10-17T23:00:00,APP
WAL_3df5d5e569,U_e827197530,SPEND,-288.37,AE,10059.18,2025-10-17T23:00:00,QR
WAL_465e4a8f4b,U_e827197530,SPEND,-560.74,AE,9498.44,2025-10-08T17:00:00,QR
WAL_2f3347706c,U_e827197530,SPEND,-2557.73,AE,6940.71,2025-10-18T05:00:00,QR
WAL_49a41c369c,U_e827197530,SPEND,-2305.23,AE,4635.48,2025-10-12T17:00:00,QR
WAL_89365c5841,U_e827197530,LOAD,17634.19,AE,17634.19,2024-11-25T07:00:00,APP
WAL_bc501d4024,U_e827197530,SPEND,-845.59,AE,16788.6,2024-11-25T07:00:00,QR
WAL_030cf4083b,U_e827197530,SPEND,-2223.36,AE,14565.24,2024-12-03T06:00:00,QR
WAL_d0409be43a,U_e827197530,SPEND,-1995.11,AE,12570.13,2024-11-22T19:00:00,QR
WAL_d46482959f,U_e827197530,SPEND,-2057.33,AE,10512.8,2024-11-25T02:00:00,QR
WAL_86f310bd7f,U_e827197530,SPEND,-2408.06,AE,8104.74,2024-11-28T14:00:00,QR
WAL_9017d4f3a1,U_e827197530,SPEND,-1393.99,AE,6710.75,2024-11-26T15:00:00,QR
WAL_bfab3a64da,U_e827197530,SPEND,-583.52,AE,6127.23,2024-11-26T02:00:00,QR
WAL_a339627756,U_e827197530,SPEND,-1713.48,AE,4413.75,2024-12-03T18:00:00,QR
WAL_8bc76ebe79,U_e827197530,SPEND,-1372.34,AE,3041.41,2024-11-27T13:00:00,QR
WAL_a5672e61db,U_4f6aef0be3,LOAD,8135.09,CA,8135.09,2026-06-09T21:00:00,APP
WAL_812e247af0,U_4f6aef0be3,SPEND,-437.18,CA,7697.91,2026-06-09T21:00:00,QR
WAL_04b59115e7,U_4f6aef0be3,SPEND,-2780.49,CA,4917.42,2026-06-09T09:00:00,QR
WAL_bd297915c2,U_4f6aef0be3,SPEND,-1874.45,CA,3042.97,2026-06-10T06:00:00,QR
WAL_2948856f21,U_4f6aef0be3,SPEND,-1991.87,CA,1051.1,2026-06-09T10:00:00,QR
WAL_745f308f6b,U_4f6aef0be3,SPEND,-872.5,CA,178.6,2026-06-10T03:00:00,QR
WAL_97360a428c,U_4f6aef0be3,SPEND,-2296.83,CA,-2118.23,2026-06-09T20:00:00,QR
WAL_e343486c6c,U_4f6aef0be3,LOAD,14662.76,CA,12544.53,2026-06-10T16:00:00,APP
WAL_bb525556df,U_4f6aef0be3,SPEND,-2135.04,CA,10409.49,2026-06-10T16:00:00,QR
WAL_87b7360dcc,U_4f6aef0be3,SPEND,-2007.87,CA,8401.62,2026-06-10T14:00:00,QR
WAL_594061c3f9,U_f318465535,LOAD,11377.64,US,11377.64,2025-09-27T00:00:00,APP
WAL_fc31e7ca5f,U_f318465535,SPEND,-407.29,US,10970.35,2025-09-27T00:00:00,QR
WAL_39e43899f8,U_f318465535,SPEND,-2606.81,US,8363.54,2025-09-27T04:00:00,QR
WAL_fa18f0ec85,U_f318465535,SPEND,-2026.61,US,6336.93,2025-09-26T01:00:00,QR
WAL_df84bad6cc,U_f318465535,SPEND,-2050.27,US,4286.66,2025-09-18T11:00:00,QR
WAL_bc8c6ce1ad,U_f318465535,SPEND,-1005.47,US,3281.19,2025-09-17T08:00:00,QR
WAL_2a4a0b34cf,U_f318465535,SPEND,-928.25,US,2352.94,2025-09-23T12:00:00,QR
WAL_4efc9ec35b,U_f318465535,SPEND,-1359.26,US,993.68,2025-09-15T15:00:00,QR
WAL_426b4076ee,U_f318465535,SPEND,-592.09,US,401.59,2025-09-22T11:00:00,QR
WAL_876cb4240a,U_f318465535,LOAD,12768.18,US,12768.18,2024-10-23T04:00:00,APP
WAL_0648427a9c,U_f318465535,SPEND,-1307.92,US,11460.26,2024-10-23T04:00:00,QR
WAL_4a9b9d7187,U_f318465535,SPEND,-1209.25,US,10251.01,2024-10-18T22:00:00,QR
WAL_51d77f155d,U_f318465535,SPEND,-1181.58,US,9069.43,2024-10-26T05:00:00,QR
WAL_84f49ffe14,U_f318465535,SPEND,-1228.51,US,7840.92,2024-10-25T05:00:00,QR
WAL_691f6dc578,U_f318465535,SPEND,-652.39,US,7188.53,2024-10-15T03:00:00,QR
WAL_ac0096ef55,U_f318465535,SPEND,-3129.7,US,4058.83,2024-10-18T21:00:00,QR
WAL_c64d61464f,U_7f1828c813,LOAD,23298.43,CA,23298.43,2025-03-19T00:00:00,APP
WAL_7469bc1051,U_7f1828c813,SPEND,-576.0,CA,22722.43,2025-03-15T03:00:00,QR
WAL_fb5fded792,U_7f1828c813,SPEND,-1138.43,CA,21584.0,2025-03-16T03:00:00,QR
WAL_9455aaa9b7,U_7f1828c813,SPEND,-1536.38,CA,20047.62,2025-03-23T21:00:00,QR
WAL_a1ad810057,U_b5eba49157,LOAD,20629.41,CA,20629.41,2024-11-13T07:00:00,APP
WAL_c5bfc8a22d,U_b5eba49157,SPEND,-1863.83,CA,18765.58,2024-11-13T07:00:00,QR
WAL_f370a008c2,U_b5eba49157,LOAD,18787.3,CA,18787.3,2025-12-25T15:00:00,APP
WAL_ab0dbcdca4,U_b5eba49157,SPEND,-2025.41,CA,16761.89,2025-12-23T10:00:00,QR
WAL_90069e688a,U_b5eba49157,SPEND,-1270.33,CA,15491.56,2025-12-25T15:00:00,QR
WAL_5921909449,U_5ae85a4927,LOAD,11689.78,US,11689.78,2025-05-18T08:00:00,APP
WAL_458906ef85,U_5ae85a4927,SPEND,-481.11,US,11208.67,2025-05-18T20:00:00,QR
WAL_d143f9ad7b,U_5ae85a4927,SPEND,-1372.78,US,9835.89,2025-05-18T13:00:00,QR
WAL_72c4fc2616,U_5ae85a4927,LOAD,22066.77,US,22066.77,2025-06-22T19:00:00,APP
WAL_7986780728,U_5ae85a4927,SPEND,-2324.25,US,19742.52,2025-06-22T19:00:00,QR
WAL_80367ecd98,U_5ae85a4927,SPEND,-4365.78,US,15376.74,2025-06-19T23:00:00,QR
WAL_c176d81f55,U_5ae85a4927,SPEND,-2436.31,US,12940.43,2025-06-20T08:00:00,QR
WAL_714dc9f8e4,U_5ae85a4927,SPEND,-1800.21,US,11140.22,2025-06-20T19:00:00,QR
WAL_47f9fbd0ca,U_5ae85a4927,SPEND,-1693.74,US,9446.48,2025-06-18T18:00:00,QR
WAL_a9e56bdadb,U_5ae85a4927,SPEND,-1688.29,US,7758.19,2025-06-20T19:00:00,QR
WAL_c084a7dc15,U_f119174541,LOAD,12143.0,FR,12143.0,2024-12-18T18:00:00,APP
WAL_8d0d305315,U_936ccb8b05,LOAD,6781.88,CA,6781.88,2026-02-16T19:00:00,APP
WAL_664935cbfe,U_936ccb8b05,SPEND,-752.4,CA,6029.48,2026-02-16T19:00:00,QR
WAL_bc7d517418,U_936ccb8b05,SPEND,-2723.15,CA,3306.33,2026-02-13T07:00:00,QR
WAL_fe831ef289,U_936ccb8b05,SPEND,-543.69,CA,2762.64,2026-02-12T13:00:00,QR
WAL_29be2efbc9,U_936ccb8b05,SPEND,-1411.56,CA,1351.08,2026-02-08T13:00:00,QR
WAL_0bbc39421a,U_936ccb8b05,SPEND,-2907.21,CA,-1556.13,2026-02-10T22:00:00,QR
WAL_d6da207303,U_936ccb8b05,LOAD,12177.84,CA,10621.71,2026-02-12T23:00:00,APP
WAL_c1ef2a8f28,U_936ccb8b05,SPEND,-3414.39,CA,7207.32,2026-02-12T23:00:00,QR
WAL_14d05b3436,U_936ccb8b05,SPEND,-1270.66,CA,5936.66,2026-02-07T19:00:00,QR
WAL_e1313e60fa,U_936ccb8b05,SPEND,-1145.72,CA,4790.94,2026-02-16T22:00:00,QR
WAL_540f948ec1,U_936ccb8b05,SPEND,-3084.55,CA,1706.39,2026-02-07T16:00:00,QR
WAL_96f4c160f4,U_936ccb8b05,SPEND,-752.22,CA,954.17,2026-02-09T07:00:00,QR
WAL_2ee18bcaf2,U_936ccb8b05,SPEND,-2583.36,CA,-1629.19,2026-02-13T13:00:00,QR
WAL_1c6dde8497,U_63d2c50ac7,LOAD,19829.43,BD,19829.43,2024-11-17T19:00:00,APP
WAL_f5572dd6ed,U_63d2c50ac7,SPEND,-775.23,BD,19054.2,2024-11-17T19:00:00,QR
WAL_2aa4cc34c3,U_63d2c50ac7,SPEND,-937.38,BD,18116.82,2024-11-24T08:00:00,QR
WAL_01d8c477b9,U_63d2c50ac7,SPEND,-1910.42,BD,16206.4,2024-11-24T00:00:00,QR
WAL_9e3d617b37,U_deb8f1046f,LOAD,13908.38,US,13908.38,2025-11-16T23:00:00,APP
WAL_6733202a54,U_deb8f1046f,SPEND,-1108.88,US,12799.5,2025-11-16T23:00:00,QR
WAL_cf2e5ff14c,U_deb8f1046f,SPEND,-1106.82,US,11692.68,2025-11-21T07:00:00,QR
WAL_6cbd5558aa,U_deb8f1046f,SPEND,-962.48,US,10730.2,2025-11-19T14:00:00,QR
WAL_b21b9ac9c6,U_deb8f1046f,SPEND,-1399.08,US,9331.12,2025-11-20T22:00:00,QR
WAL_7c7873490c,U_deb8f1046f,LOAD,9018.69,US,9018.69,2025-01-03T00:00:00,APP
WAL_c5afa1b627,U_deb8f1046f,SPEND,-942.46,US,8076.23,2025-01-03T00:00:00,QR
WAL_0285b4c9eb,U_deb8f1046f,SPEND,-2314.4,US,5761.83,2025-01-03T13:00:00,QR
WAL_f9d77e6945,U_deb8f1046f,SPEND,-1512.44,US,4249.39,2024-12-26T09:00:00,QR
WAL_1cc5b40235,U_deb8f1046f,SPEND,-1484.84,US,2764.55,2025-01-01T13:00:00,QR
WAL_a626c05c12,U_deb8f1046f,SPEND,-1157.27,US,1607.28,2025-01-04T02:00:00,QR
WAL_b023999b2b,U_deb8f1046f,SPEND,-694.19,US,913.09,2024-12-27T23:00:00,QR
WAL_c17225e1f1,U_e265908e37,LOAD,22585.57,BD,22585.57,2025-02-28T16:00:00,APP
WAL_63e149cb28,U_e265908e37,SPEND,-712.21,BD,21873.36,2025-02-28T16:00:00,QR
WAL_f2f2958772,U_e265908e37,SPEND,-701.76,BD,21171.6,2025-03-03T18:00:00,QR
WAL_91ffd2f8e8,U_e265908e37,SPEND,-1541.2,BD,19630.4,2025-03-02T13:00:00,QR
WAL_533882f8c7,U_e265908e37,SPEND,-769.14,BD,18861.26,2025-02-27T20:00:00,QR
WAL_c76efdb22f,U_e265908e37,SPEND,-834.01,BD,18027.25,2025-03-01T03:00:00,QR
WAL_d76b0b4342,U_e265908e37,SPEND,-1024.15,BD,17003.1,2025-03-01T09:00:00,QR
WAL_36307ce617,U_e265908e37,LOAD,21009.02,BD,21009.02,2024-08-26T12:00:00,APP
WAL_d4a75103b7,U_e265908e37,SPEND,-1387.87,BD,19621.15,2024-08-21T19:00:00,QR
WAL_2e25ca8635,U_6325fbaf4c,LOAD,4416.21,CA,4416.21,2025-11-02T13:00:00,APP
WAL_ff43e55e4c,U_6325fbaf4c,SPEND,-1114.16,CA,3302.05,2025-11-02T13:00:00,QR
WAL_349f2682e1,U_6325fbaf4c,SPEND,-2874.59,CA,427.46,2025-10-31T14:00:00,QR
WAL_3bfe704c6c,U_6325fbaf4c,SPEND,-1746.74,CA,-1319.28,2025-10-24T04:00:00,QR
WAL_ee4a0aeeee,U_6325fbaf4c,LOAD,20340.31,CA,19021.03,2025-10-29T13:00:00,APP
WAL_c382c169db,U_6325fbaf4c,SPEND,-1401.38,CA,17619.65,2025-10-29T13:00:00,QR
WAL_1d330d0405,U_6325fbaf4c,SPEND,-2290.85,CA,15328.8,2025-10-26T07:00:00,QR
WAL_d05cb251bd,U_6325fbaf4c,SPEND,-836.65,CA,14492.15,2025-11-01T09:00:00,QR
WAL_57c831d633,U_6325fbaf4c,SPEND,-2584.86,CA,11907.29,2025-10-31T07:00:00,QR
WAL_b1b107548f,U_6325fbaf4c,LOAD,12917.52,CA,12917.52,2025-06-10T02:00:00,APP
WAL_e661fb7559,U_6325fbaf4c,SPEND,-2822.06,CA,10095.46,2025-06-09T06:00:00,QR
WAL_21f033d130,U_6325fbaf4c,SPEND,-1386.22,CA,8709.24,2025-06-08T08:00:00,QR
WAL_2ac5237854,U_6325fbaf4c,SPEND,-1979.48,CA,6729.76,2025-06-10T23:00:00,QR
WAL_100fda6cd1,U_6325fbaf4c,SPEND,-3222.85,CA,3506.91,2025-06-10T08:00:00,QR
WAL_49a5c8bf2a,U_6325fbaf4c,LOAD,24716.7,CA,24716.7,2026-03-26T03:00:00,APP
WAL_bd004a67b0,U_6325fbaf4c,SPEND,-1772.59,CA,22944.11,2026-03-26T03:00:00,QR
WAL_6dedc247a5,U_6325fbaf4c,SPEND,-2647.21,CA,20296.9,2026-03-28T11:00:00,QR
WAL_74742a8550,U_6325fbaf4c,SPEND,-677.44,CA,19619.46,2026-03-27T05:00:00,QR
WAL_428ff7f2a0,U_6325fbaf4c,SPEND,-2152.55,CA,17466.91,2026-03-23T12:00:00,QR
WAL_0480627223,U_6325fbaf4c,SPEND,-3033.92,CA,14432.99,2026-04-01T05:00:00,QR
WAL_07df77e45b,U_c3aeac86de,LOAD,19422.74,REST,19422.74,2025-11-05T06:00:00,APP
WAL_fd46288c4a,U_c3aeac86de,SPEND,-2049.93,REST,17372.81,2025-11-05T06:00:00,QR
WAL_9f64e48f17,U_c3aeac86de,SPEND,-2099.51,REST,15273.3,2025-11-13T19:00:00,QR
WAL_3645deef44,U_c3aeac86de,SPEND,-13284.06,REST,1989.24,2025-11-07T21:00:00,QR
WAL_8248cb9164,U_c3aeac86de,SPEND,-1087.4,REST,901.84,2025-11-09T18:00:00,QR
WAL_84124ddf23,U_c3aeac86de,SPEND,-1602.81,REST,-700.97,2025-11-07T23:00:00,QR
WAL_41883f12a2,U_c3aeac86de,LOAD,20137.18,REST,19436.21,2025-11-05T10:00:00,APP
WAL_15b65236e8,U_c3aeac86de,SPEND,-389.92,REST,19046.29,2025-11-05T10:00:00,QR
WAL_a832c3d96b,U_c3aeac86de,LOAD,6176.56,REST,6176.56,2026-07-09T20:00:00,APP
WAL_9afe88300e,U_c3aeac86de,SPEND,-1591.17,REST,4585.39,2026-07-14T05:00:00,QR
WAL_eb32d024b1,U_c3aeac86de,SPEND,-1305.05,REST,3280.34,2026-07-10T15:00:00,QR
WAL_5a55ee8f39,U_096f0caaf8,LOAD,12549.88,US,12549.88,2026-06-30T01:00:00,APP
WAL_e91a8f2f7b,U_096f0caaf8,SPEND,-924.53,US,11625.35,2026-06-30T01:00:00,QR
WAL_9648f42cd5,U_096f0caaf8,SPEND,-747.08,US,10878.27,2026-07-02T05:00:00,QR
WAL_f17dc0b5f2,U_096f0caaf8,SPEND,-2178.15,US,8700.12,2026-06-28T02:00:00,QR
WAL_22e760e1e7,U_096f0caaf8,SPEND,-2596.6,US,6103.52,2026-06-29T12:00:00,QR
WAL_72e1025703,U_85fd58f032,LOAD,10867.4,GB,10867.4,2025-09-20T03:00:00,APP
WAL_01e86c1a66,U_85fd58f032,SPEND,-1428.47,GB,9438.93,2025-09-20T03:00:00,QR
WAL_2b9f3400de,U_85fd58f032,SPEND,-1931.15,GB,7507.78,2025-09-17T17:00:00,QR
WAL_1d32ffbdf0,U_85fd58f032,SPEND,-2581.34,GB,4926.44,2025-09-18T07:00:00,QR
WAL_6244e5faf9,U_85fd58f032,SPEND,-1717.35,GB,3209.09,2025-09-21T16:00:00,QR
WAL_18fa38e09d,U_c0034e1ef8,LOAD,23468.74,US,23468.74,2024-09-07T14:00:00,APP
WAL_fdf38f8e63,U_c0034e1ef8,SPEND,-1503.31,US,21965.43,2024-09-24T09:00:00,QR
WAL_1781ce3289,U_c0034e1ef8,SPEND,-1636.65,US,20328.78,2024-09-25T06:00:00,QR
WAL_67c2bad28d,U_c0034e1ef8,SPEND,-1706.07,US,18622.71,2024-09-13T07:00:00,QR
WAL_aa4ad9a951,U_0bbcf1d678,LOAD,21104.82,REST,21104.82,2024-09-05T04:00:00,APP
WAL_6e2f98650e,U_0bbcf1d678,SPEND,-954.08,REST,20150.74,2024-09-05T04:00:00,QR
WAL_2962369a2f,U_0bbcf1d678,SPEND,-1041.34,REST,19109.4,2024-09-05T07:00:00,QR
WAL_886abf5570,U_07e687b64f,LOAD,16234.66,GB,16234.66,2024-12-19T20:00:00,APP
WAL_f900a385ef,U_07e687b64f,SPEND,-1595.99,GB,14638.67,2024-12-19T20:00:00,QR
WAL_567758e84c,U_07e687b64f,SPEND,-769.33,GB,13869.34,2024-12-18T06:00:00,QR
WAL_f99209594d,U_7bb6fd6cf8,LOAD,12538.56,NP,12538.56,2025-10-02T21:00:00,APP
WAL_722360775c,U_7bb6fd6cf8,SPEND,-1532.82,NP,11005.74,2025-10-02T21:00:00,QR
WAL_9534be40e1,U_7bb6fd6cf8,SPEND,-872.6,NP,10133.14,2025-09-29T23:00:00,QR
WAL_1346fa3af3,U_7bb6fd6cf8,SPEND,-2048.93,NP,8084.21,2025-10-03T07:00:00,QR
WAL_98073fe54b,U_7bb6fd6cf8,SPEND,-2208.86,NP,5875.35,2025-09-30T06:00:00,QR
WAL_0ddcddf84c,U_75cdb46954,LOAD,5946.25,NP,5946.25,2025-11-27T19:00:00,APP
WAL_f933e5c27c,U_75cdb46954,SPEND,-1027.11,NP,4919.14,2025-11-27T19:00:00,QR
WAL_31354a003d,U_75cdb46954,SPEND,-473.91,NP,4445.23,2025-11-21T14:00:00,QR
WAL_12824953c9,U_75cdb46954,SPEND,-2142.71,NP,2302.52,2025-12-02T21:00:00,QR
WAL_042090fd62,U_75cdb46954,SPEND,-3334.02,NP,-1031.5,2025-11-26T01:00:00,QR
WAL_01438865da,U_75cdb46954,LOAD,24225.21,NP,23193.71,2025-11-25T05:00:00,APP
WAL_3e0d76f835,U_75cdb46954,SPEND,-2918.51,NP,20275.2,2025-11-25T05:00:00,QR
WAL_4f65405c91,U_75cdb46954,SPEND,-1944.97,NP,18330.23,2025-11-30T22:00:00,QR
WAL_b18db83d1b,U_75cdb46954,SPEND,-2582.24,NP,15747.99,2025-12-02T07:00:00,QR
WAL_c04e877dcd,U_75cdb46954,SPEND,-2293.46,NP,13454.53,2025-12-04T03:00:00,QR
WAL_1fb20f9c80,U_75cdb46954,SPEND,-897.58,NP,12556.95,2025-11-24T09:00:00,QR
WAL_3110d2b825,U_75cdb46954,SPEND,-730.31,NP,11826.64,2025-11-26T12:00:00,QR
WAL_8a9b6916c3,U_75cdb46954,SPEND,-1613.4,NP,10213.24,2025-11-22T06:00:00,QR
WAL_a8a93c6ba7,U_75cdb46954,SPEND,-1853.96,NP,8359.28,2025-11-30T15:00:00,QR
WAL_724d3146d3,U_75cdb46954,SPEND,-1832.76,NP,6526.52,2025-11-20T23:00:00,QR
WAL_707bb58e78,U_75cdb46954,SPEND,-2096.86,NP,4429.66,2025-11-29T11:00:00,QR
WAL_91f469130c,U_75cdb46954,SPEND,-1027.73,NP,3401.93,2025-11-20T03:00:00,QR
WAL_d4263b4e3d,U_75cdb46954,LOAD,18046.55,NP,18046.55,2024-09-10T02:00:00,APP
WAL_eb00044610,U_75cdb46954,SPEND,-3747.23,NP,14299.32,2024-08-30T17:00:00,QR
WAL_690db575a7,U_75cdb46954,SPEND,-802.11,NP,13497.21,2024-09-08T03:00:00,QR
WAL_a17ac69e27,U_644d6d8653,LOAD,15585.71,BD,15585.71,2024-08-27T13:00:00,APP
WAL_58eb980f4c,U_644d6d8653,SPEND,-1717.19,BD,13868.52,2024-08-27T13:00:00,QR
WAL_4a8896c4f5,U_644d6d8653,SPEND,-721.41,BD,13147.11,2024-08-27T21:00:00,QR
WAL_f59573b0c0,U_644d6d8653,SPEND,-754.72,BD,12392.39,2024-08-26T13:00:00,QR
WAL_4ad62ba2b5,U_644d6d8653,SPEND,-1084.33,BD,11308.06,2024-08-23T05:00:00,QR
WAL_dc2ebb2eb8,U_644d6d8653,SPEND,-4013.45,BD,7294.61,2024-08-25T22:00:00,QR
WAL_f037c43417,U_644d6d8653,SPEND,-2027.82,BD,5266.79,2024-08-28T07:00:00,QR
WAL_d7a4ceebc7,U_644d6d8653,SPEND,-975.71,BD,4291.08,2024-08-25T12:00:00,QR
WAL_4c97192717,U_7798edbc80,LOAD,14706.7,AE,14706.7,2025-11-22T00:00:00,APP
WAL_49bb160bd7,U_7798edbc80,SPEND,-1567.17,AE,13139.53,2025-11-22T00:00:00,QR
WAL_63c10b9287,U_7798edbc80,SPEND,-1122.61,AE,12016.92,2025-11-21T11:00:00,QR
WAL_6a146546c6,U_7798edbc80,SPEND,-2453.56,AE,9563.36,2025-11-17T09:00:00,QR
WAL_2eed9a7b64,U_7798edbc80,SPEND,-2399.55,AE,7163.81,2025-11-20T19:00:00,QR
WAL_6c48100237,U_7798edbc80,SPEND,-2683.63,AE,4480.18,2025-11-21T04:00:00,QR
WAL_29e1516673,U_7798edbc80,SPEND,-793.15,AE,3687.03,2025-11-20T20:00:00,QR
WAL_219090943f,U_7798edbc80,SPEND,-1365.51,AE,2321.52,2025-11-20T21:00:00,QR
WAL_034cf2bff3,U_72664c1889,LOAD,23935.97,BD,23935.97,2026-04-01T20:00:00,APP
WAL_9a91062025,U_72664c1889,SPEND,-1590.48,BD,22345.49,2026-04-02T05:00:00,QR
WAL_8223ef5e5f,U_72664c1889,SPEND,-2175.82,BD,20169.67,2026-04-01T17:00:00,QR
WAL_792318e521,U_72664c1889,SPEND,-1414.37,BD,18755.3,2026-04-02T10:00:00,QR
WAL_fb375a7b11,U_72664c1889,LOAD,20015.11,BD,20015.11,2025-04-11T16:00:00,APP
WAL_efcd966500,U_72664c1889,SPEND,-841.5,BD,19173.61,2025-04-14T15:00:00,QR
WAL_a101b0cd74,U_72664c1889,SPEND,-401.4,BD,18772.21,2025-04-14T11:00:00,QR
WAL_a5363a04e9,U_72664c1889,SPEND,-2217.52,BD,16554.69,2025-04-13T06:00:00,QR
WAL_3654665779,U_72664c1889,SPEND,-2497.23,BD,14057.46,2025-04-14T19:00:00,QR
WAL_e6b357c961,U_72664c1889,SPEND,-1938.42,BD,12119.04,2025-04-14T20:00:00,QR
WAL_04a0a00955,U_72664c1889,SPEND,-958.78,BD,11160.26,2025-04-13T07:00:00,QR
WAL_421d8dc34b,U_72664c1889,SPEND,-859.7,BD,10300.56,2025-04-13T12:00:00,QR
WAL_c727055391,U_72664c1889,SPEND,-4105.87,BD,6194.69,2025-04-14T06:00:00,QR
WAL_7f46f08249,U_72664c1889,SPEND,-721.83,BD,5472.86,2025-04-13T19:00:00,QR
WAL_1883177386,U_72664c1889,SPEND,-1200.58,BD,4272.28,2025-04-12T08:00:00,QR
WAL_3c9cef85bb,U_72664c1889,SPEND,-554.91,BD,3717.37,2025-04-13T12:00:00,QR
WAL_c2a5608dd6,U_72664c1889,SPEND,-374.09,BD,3343.28,2025-04-12T08:00:00,QR
WAL_acb93eb4cd,U_72664c1889,SPEND,-1703.41,BD,1639.87,2025-04-11T19:00:00,QR
WAL_b007a067f8,U_72664c1889,LOAD,11205.61,BD,11205.61,2025-04-22T14:00:00,APP
WAL_415daa3d5e,U_72664c1889,SPEND,-1753.51,BD,9452.1,2025-04-22T14:00:00,QR
WAL_b14edad5bb,U_72664c1889,SPEND,-1592.27,BD,7859.83,2025-04-25T01:00:00,QR
WAL_ba20af91ce,U_72664c1889,SPEND,-3237.37,BD,4622.46,2025-05-01T09:00:00,QR
WAL_822364f1ae,U_72664c1889,SPEND,-3285.58,BD,1336.88,2025-05-07T04:00:00,QR
WAL_a390a6defe,U_72664c1889,LOAD,15051.98,BD,15051.98,2026-04-15T08:00:00,APP
WAL_795bb90e1c,U_72664c1889,SPEND,-5978.59,BD,9073.39,2026-04-15T08:00:00,QR
WAL_1882f26486,U_72664c1889,SPEND,-1203.53,BD,7869.86,2026-04-23T11:00:00,QR
WAL_4ab29fc796,U_72664c1889,SPEND,-1308.04,BD,6561.82,2026-04-14T23:00:00,QR
WAL_39106472d0,U_72664c1889,SPEND,-807.97,BD,5753.85,2026-04-14T12:00:00,QR
WAL_545ddfeca6,U_72664c1889,SPEND,-1200.19,BD,4553.66,2026-04-16T16:00:00,QR
WAL_b605eaaac0,U_72664c1889,SPEND,-621.33,BD,3932.33,2026-04-15T16:00:00,QR
WAL_6f08f5e086,U_72664c1889,SPEND,-1980.89,BD,1951.44,2026-04-20T11:00:00,QR
WAL_41168c9813,U_72664c1889,SPEND,-726.99,BD,1224.45,2026-04-18T06:00:00,QR
WAL_87af1964cc,U_72664c1889,SPEND,-3929.5,BD,-2705.05,2026-04-23T09:00:00,QR
WAL_ba47ebed7e,U_b8e60270e0,LOAD,24694.1,GB,24694.1,2025-05-04T22:00:00,APP
WAL_68963eb143,U_b8e60270e0,SPEND,-2278.32,GB,22415.78,2025-05-04T22:00:00,QR
WAL_966d7fcd62,U_b8e60270e0,SPEND,-765.38,GB,21650.4,2025-05-07T09:00:00,QR
WAL_8a3caff3bd,U_b8e60270e0,SPEND,-1445.74,GB,20204.66,2025-05-10T07:00:00,QR
WAL_efbced14c2,U_b8e60270e0,SPEND,-3386.3,GB,16818.36,2025-05-09T07:00:00,QR
WAL_ac3ed6f49e,U_b8e60270e0,SPEND,-929.93,GB,15888.43,2025-05-06T21:00:00,QR
WAL_07cefbcf56,U_b8e60270e0,LOAD,10037.86,GB,10037.86,2025-03-18T04:00:00,APP
WAL_a898ed7110,U_b8e60270e0,SPEND,-1130.67,GB,8907.19,2025-03-18T04:00:00,QR
WAL_71d8a0c9b8,U_b8e60270e0,SPEND,-475.53,GB,8431.66,2025-03-17T02:00:00,QR
WAL_f025c62332,U_b8e60270e0,SPEND,-1449.14,GB,6982.52,2025-03-20T15:00:00,QR
WAL_be5b11ddb4,U_b8e60270e0,SPEND,-818.48,GB,6164.04,2025-03-17T18:00:00,QR
WAL_e50a7e6bbb,U_b8e60270e0,SPEND,-1599.15,GB,4564.89,2025-03-15T21:00:00,QR
WAL_d0807a5c7d,U_b8e60270e0,SPEND,-1341.84,GB,3223.05,2025-03-19T18:00:00,QR
WAL_4a5415adef,U_f53cfe4725,LOAD,7270.48,AU,7270.48,2026-07-14T01:00:00,APP
WAL_5a19dc7f13,U_f53cfe4725,SPEND,-607.29,AU,6663.19,2026-07-11T07:00:00,QR
WAL_8039a0992c,U_f53cfe4725,SPEND,-1296.07,AU,5367.12,2026-07-13T20:00:00,QR
WAL_51c2f5745b,U_f53cfe4725,SPEND,-2445.79,AU,2921.33,2026-07-13T07:00:00,QR
WAL_462e98f040,U_f53cfe4725,SPEND,-3151.5,AU,-230.17,2026-07-11T22:00:00,QR
WAL_62fb8b65ba,U_f53cfe4725,LOAD,6583.37,AU,6353.21,2026-07-14T11:00:00,APP
WAL_1744d764ec,U_f53cfe4725,SPEND,-1402.71,AU,4950.5,2026-07-12T16:00:00,QR
WAL_5c9061abb6,U_f53cfe4725,SPEND,-1895.71,AU,3054.79,2026-07-14T06:00:00,QR
WAL_3f3baa1325,U_f53cfe4725,LOAD,24386.44,AU,24386.44,2025-01-30T16:00:00,APP
WAL_2d79adad0a,U_f53cfe4725,SPEND,-1493.0,AU,22893.44,2025-01-30T16:00:00,QR
WAL_df2d86164c,U_f53cfe4725,SPEND,-1267.68,AU,21625.76,2025-01-30T02:00:00,QR
WAL_b181c9b5f8,U_f53cfe4725,SPEND,-2122.36,AU,19503.4,2025-01-22T15:00:00,QR
WAL_c8942735d6,U_f53cfe4725,SPEND,-1504.11,AU,17999.29,2025-01-24T21:00:00,QR
WAL_fa73408f77,U_f53cfe4725,SPEND,-1846.76,AU,16152.53,2025-02-03T23:00:00,QR
WAL_8877f622a7,U_f53cfe4725,SPEND,-738.68,AU,15413.85,2025-01-30T03:00:00,QR
WAL_86a717c573,U_f53cfe4725,SPEND,-2938.62,AU,12475.23,2025-02-05T17:00:00,QR
WAL_61964edb14,U_f53cfe4725,SPEND,-933.54,AU,11541.69,2025-01-24T00:00:00,QR
WAL_05a4160e90,U_f53cfe4725,LOAD,6844.15,AU,6844.15,2025-04-21T02:00:00,APP
WAL_0a63bab66e,U_f53cfe4725,SPEND,-2948.08,AU,3896.07,2025-04-21T02:00:00,QR
WAL_9bd07ca8b5,U_f53cfe4725,SPEND,-3239.23,AU,656.84,2025-04-17T00:00:00,QR
WAL_e6798fa5f4,U_f53cfe4725,SPEND,-3200.92,AU,-2544.08,2025-04-19T11:00:00,QR
WAL_cde49a76b8,U_f53cfe4725,LOAD,2355.97,AU,-188.11,2025-04-18T18:00:00,APP
WAL_55ea7f4b33,U_f53cfe4725,LOAD,4824.3,AU,4636.19,2025-04-17T03:00:00,APP
WAL_7634955160,U_f53cfe4725,SPEND,-1151.32,AU,3484.87,2025-04-17T03:00:00,QR
WAL_468487ba79,U_f53cfe4725,SPEND,-956.11,AU,2528.76,2025-04-15T23:00:00,QR
WAL_c391362d85,U_f53cfe4725,SPEND,-1824.96,AU,703.8,2025-04-21T10:00:00,QR
WAL_5a266a82ee,U_a5f613b9a7,LOAD,17015.04,CA,17015.04,2025-09-11T22:00:00,APP
WAL_7dd56b0a2b,U_a5f613b9a7,SPEND,-2138.19,CA,14876.85,2025-09-19T20:00:00,QR
WAL_077632c3fd,U_a5f613b9a7,SPEND,-1185.09,CA,13691.76,2025-09-18T19:00:00,QR
WAL_5c5ca726fa,U_a5f613b9a7,SPEND,-1511.16,CA,12180.6,2025-09-10T12:00:00,QR
WAL_77b5348d33,U_a5f613b9a7,SPEND,-815.26,CA,11365.34,2025-09-16T15:00:00,QR
WAL_b5c4547f4a,U_a5f613b9a7,SPEND,-866.52,CA,10498.82,2025-09-19T06:00:00,QR
WAL_25c022c92b,U_a5f613b9a7,SPEND,-967.95,CA,9530.87,2025-09-19T07:00:00,QR
WAL_8edb263480,U_a5f613b9a7,SPEND,-1427.48,CA,8103.39,2025-09-18T19:00:00,QR
WAL_3ab0796de7,U_a5f613b9a7,SPEND,-1314.72,CA,6788.67,2025-09-15T07:00:00,QR
WAL_7b2fc46102,U_a5f613b9a7,SPEND,-1745.9,CA,5042.77,2025-09-12T20:00:00,QR
WAL_d998e51b93,U_a5f613b9a7,LOAD,17586.78,CA,17586.78,2025-08-19T20:00:00,APP
WAL_1203effdbc,U_a5f613b9a7,SPEND,-954.09,CA,16632.69,2025-08-19T20:00:00,QR
WAL_ba5a6960fa,U_a5f613b9a7,SPEND,-2910.13,CA,13722.56,2025-08-18T03:00:00,QR
WAL_4b238ae073,U_a5f613b9a7,SPEND,-1955.27,CA,11767.29,2025-08-18T02:00:00,QR
WAL_29721909b1,U_a5f613b9a7,SPEND,-548.85,CA,11218.44,2025-08-18T14:00:00,QR
WAL_492faa29ec,U_a5f613b9a7,SPEND,-3150.92,CA,8067.52,2025-08-16T12:00:00,QR
WAL_88dd800479,U_a5f613b9a7,SPEND,-1421.6,CA,6645.92,2025-08-16T02:00:00,QR
WAL_f73464823f,U_a5f613b9a7,SPEND,-1134.12,CA,5511.8,2025-08-17T22:00:00,QR
WAL_55a4ccdb5c,U_a5f613b9a7,SPEND,-2799.77,CA,2712.03,2025-08-16T10:00:00,QR
WAL_5688166ccd,U_a5f613b9a7,SPEND,-1430.93,CA,1281.1,2025-08-19T00:00:00,QR
WAL_e2ceb6d16c,U_5291859d70,LOAD,20114.79,US,20114.79,2025-04-25T16:00:00,APP
WAL_d57ab2ffba,U_5291859d70,SPEND,-1395.35,US,18719.44,2025-04-25T16:00:00,QR
WAL_ea8280e830,U_5291859d70,SPEND,-2036.77,US,16682.67,2025-04-21T19:00:00,QR
WAL_1e7bd80116,U_5291859d70,SPEND,-1027.38,US,15655.29,2025-04-23T16:00:00,QR
WAL_0eb0122198,U_5291859d70,SPEND,-771.06,US,14884.23,2025-04-18T07:00:00,QR
WAL_38aee0617f,U_5291859d70,SPEND,-1311.66,US,13572.57,2025-04-27T02:00:00,QR
WAL_b0453a02e3,U_5291859d70,LOAD,16067.93,US,16067.93,2025-11-04T17:00:00,APP
WAL_b4402e3d46,U_5291859d70,SPEND,-1224.53,US,14843.4,2025-11-04T17:00:00,QR
WAL_a233dafc34,U_5291859d70,SPEND,-2208.59,US,12634.81,2025-11-04T01:00:00,QR
WAL_5bf7d40720,U_5291859d70,SPEND,-777.29,US,11857.52,2025-11-03T06:00:00,QR
WAL_8fc20e915e,U_5291859d70,SPEND,-731.37,US,11126.15,2025-11-02T03:00:00,QR
WAL_b4ee9b0aad,U_d2cb97de6b,LOAD,3058.04,REST,3058.04,2025-09-25T12:00:00,APP
WAL_f117780d5b,U_d2cb97de6b,SPEND,-2606.25,REST,451.79,2025-09-23T06:00:00,QR
WAL_c4410454a5,U_d2cb97de6b,LOAD,11153.13,REST,11153.13,2025-06-25T11:00:00,APP
WAL_d2929a22cb,U_d2cb97de6b,SPEND,-2985.24,REST,8167.89,2025-06-25T11:00:00,QR
WAL_8002e2115d,U_d2cb97de6b,SPEND,-1068.68,REST,7099.21,2025-06-25T04:00:00,QR
WAL_6b15125713,U_d2cb97de6b,SPEND,-1951.81,REST,5147.4,2025-07-01T23:00:00,QR
WAL_0f5ab55e84,U_62c50a3a6f,LOAD,8767.12,REST,8767.12,2024-12-13T15:00:00,APP
WAL_2ecfeb07c7,U_62c50a3a6f,SPEND,-2702.36,REST,6064.76,2024-12-13T15:00:00,QR
WAL_fc9cbbfedc,U_4c31d22c04,LOAD,17968.35,CA,17968.35,2025-06-12T07:00:00,APP
WAL_487b7c3f0d,U_4c31d22c04,SPEND,-7018.1,CA,10950.25,2025-06-13T08:00:00,QR
WAL_826d006815,U_4c31d22c04,SPEND,-1014.07,CA,9936.18,2025-06-17T13:00:00,QR
WAL_48f8e4a937,U_4c31d22c04,SPEND,-3743.07,CA,6193.11,2025-06-16T01:00:00,QR
WAL_1d7ede7d45,U_4c31d22c04,SPEND,-950.7,CA,5242.41,2025-06-13T09:00:00,QR
WAL_803a58be40,U_4c31d22c04,SPEND,-1958.89,CA,3283.52,2025-06-17T17:00:00,QR
WAL_92acb1610f,U_df04568734,LOAD,15087.47,US,15087.47,2025-05-10T08:00:00,APP
WAL_87fc3e6c4f,U_df04568734,SPEND,-704.88,US,14382.59,2025-05-10T08:00:00,QR
WAL_2d50988f68,U_df04568734,SPEND,-554.04,US,13828.55,2025-05-13T04:00:00,QR
WAL_f7412eeeb4,U_df04568734,SPEND,-1366.24,US,12462.31,2025-05-10T12:00:00,QR
WAL_1493bc2a95,U_df04568734,SPEND,-1501.14,US,10961.17,2025-05-13T21:00:00,QR
WAL_164fe840a8,U_df04568734,SPEND,-1311.87,US,9649.3,2025-05-12T19:00:00,QR
WAL_3aea2bf35f,U_df04568734,SPEND,-1007.55,US,8641.75,2025-05-12T21:00:00,QR
WAL_eb51042f6c,U_df04568734,SPEND,-1183.2,US,7458.55,2025-05-10T02:00:00,QR
WAL_2556b19ee2,U_f2092415e0,LOAD,21265.52,NP,21265.52,2025-06-05T12:00:00,APP
WAL_77dbfcb9dd,U_f2092415e0,SPEND,-1212.26,NP,20053.26,2025-06-06T16:00:00,QR
WAL_1dad67dd56,U_f2092415e0,SPEND,-2796.84,NP,17256.42,2025-06-08T18:00:00,QR
WAL_9ceeba0c63,U_f2092415e0,SPEND,-1312.13,NP,15944.29,2025-06-09T04:00:00,QR
WAL_b90e27a446,U_847b81b5b3,LOAD,19178.42,US,19178.42,2025-12-19T22:00:00,APP
WAL_d7f839d356,U_847b81b5b3,SPEND,-1319.49,US,17858.93,2025-12-17T06:00:00,QR
WAL_86e0b2e8fa,U_847b81b5b3,SPEND,-1107.02,US,16751.91,2025-12-20T12:00:00,QR
WAL_b278596d42,U_847b81b5b3,SPEND,-1394.67,US,15357.24,2025-12-20T10:00:00,QR
WAL_275850a8a9,U_847b81b5b3,SPEND,-1255.59,US,14101.65,2025-12-23T18:00:00,QR
WAL_dad8d31ec8,U_847b81b5b3,SPEND,-1144.89,US,12956.76,2025-12-20T01:00:00,QR
WAL_466aeb3615,U_847b81b5b3,SPEND,-2322.82,US,10633.94,2025-12-23T18:00:00,QR
WAL_05088e76a5,U_2cd5a0e39b,LOAD,20486.93,MY,20486.93,2026-03-01T12:00:00,APP
WAL_1df4df1af5,U_2cd5a0e39b,SPEND,-2981.33,MY,17505.6,2026-03-01T12:00:00,QR
WAL_72974789f6,U_2cd5a0e39b,SPEND,-454.53,MY,17051.07,2026-03-06T23:00:00,QR
WAL_023b216858,U_2cd5a0e39b,SPEND,-727.32,MY,16323.75,2026-03-07T03:00:00,QR
WAL_309054a662,U_2cd5a0e39b,SPEND,-1015.2,MY,15308.55,2026-03-03T17:00:00,QR
WAL_1725c743ba,U_2cd5a0e39b,SPEND,-1425.53,MY,13883.02,2026-03-03T20:00:00,QR
WAL_eb91d754fd,U_2cd5a0e39b,SPEND,-587.66,MY,13295.36,2026-02-27T14:00:00,QR
WAL_ed2fa6a914,U_2cd5a0e39b,SPEND,-1193.03,MY,12102.33,2026-03-07T21:00:00,QR
WAL_b22744dd67,U_2cd5a0e39b,SPEND,-1664.71,MY,10437.62,2026-02-28T20:00:00,QR
WAL_13539248f2,U_802041a4d4,LOAD,15427.08,NP,15427.08,2025-06-03T18:00:00,APP
WAL_972dc03a5a,U_802041a4d4,SPEND,-2442.79,NP,12984.29,2025-06-03T18:00:00,QR
WAL_a78e947b1a,U_802041a4d4,SPEND,-951.94,NP,12032.35,2025-06-03T09:00:00,QR
WAL_0fe1962bba,U_802041a4d4,SPEND,-1816.06,NP,10216.29,2025-06-12T19:00:00,QR
WAL_68e9877996,U_802041a4d4,SPEND,-1028.32,NP,9187.97,2025-06-08T19:00:00,QR
WAL_089a59fed3,U_802041a4d4,SPEND,-2846.58,NP,6341.39,2025-06-04T07:00:00,QR
WAL_3acb5dcbd6,U_802041a4d4,SPEND,-3369.72,NP,2971.67,2025-06-04T13:00:00,QR
WAL_cd9d540f41,U_802041a4d4,SPEND,-775.74,NP,2195.93,2025-06-16T22:00:00,QR
WAL_98de32b9df,U_802041a4d4,SPEND,-1563.16,NP,632.77,2025-06-13T07:00:00,QR
WAL_32dbba041a,U_802041a4d4,SPEND,-519.13,NP,113.64,2025-06-05T01:00:00,QR
WAL_77915b5311,U_802041a4d4,SPEND,-1320.25,NP,-1206.61,2025-06-06T13:00:00,QR
WAL_6fe52a3602,U_802041a4d4,LOAD,7818.66,NP,6612.05,2025-06-10T05:00:00,APP
WAL_c579dfadbe,U_802041a4d4,SPEND,-2528.82,NP,4083.23,2025-06-10T05:00:00,QR
WAL_11e007d558,U_802041a4d4,LOAD,20320.51,NP,20320.51,2026-02-09T05:00:00,APP
WAL_533f6e3674,U_802041a4d4,SPEND,-2392.01,NP,17928.5,2026-02-09T05:00:00,QR
WAL_0b5ee39d71,U_802041a4d4,SPEND,-1505.94,NP,16422.56,2026-02-06T12:00:00,QR
WAL_0cd3eb6b86,U_802041a4d4,SPEND,-1888.34,NP,14534.22,2026-02-05T12:00:00,QR
WAL_db522e2cb0,U_802041a4d4,SPEND,-999.37,NP,13534.85,2026-02-04T20:00:00,QR
WAL_0e840a70f4,U_802041a4d4,SPEND,-1283.71,NP,12251.14,2026-02-05T05:00:00,QR
WAL_3ee40babf4,U_802041a4d4,SPEND,-2360.57,NP,9890.57,2026-02-03T01:00:00,QR
WAL_1fe8401947,U_802041a4d4,SPEND,-1279.34,NP,8611.23,2026-02-04T04:00:00,QR
WAL_9a76ca1d99,U_2d34e57459,LOAD,10785.13,REST,10785.13,2026-07-04T09:00:00,APP
WAL_84d843e555,U_2d34e57459,SPEND,-1364.07,REST,9421.06,2026-07-04T09:00:00,QR
WAL_d2d41a5349,U_2d34e57459,SPEND,-1422.11,REST,7998.95,2026-07-04T21:00:00,QR
WAL_56a027166e,U_2d34e57459,SPEND,-1235.1,REST,6763.85,2026-07-03T12:00:00,QR
WAL_1e8109afc5,U_2d34e57459,SPEND,-1785.92,REST,4977.93,2026-07-03T06:00:00,QR
WAL_6a454438d3,U_2d34e57459,SPEND,-4786.95,REST,190.98,2026-07-06T03:00:00,QR
WAL_dd83301e6c,U_fd68a58459,LOAD,12496.62,FR,12496.62,2026-06-25T16:00:00,APP
WAL_4b8598ef4a,U_fd68a58459,SPEND,-1812.5,FR,10684.12,2026-06-19T09:00:00,QR
WAL_ad94aaaa5f,U_fd68a58459,SPEND,-905.65,FR,9778.47,2026-06-20T02:00:00,QR
WAL_df295d07ee,U_fd68a58459,SPEND,-2056.88,FR,7721.59,2026-06-23T17:00:00,QR
WAL_e8d7aeb4c4,U_fd68a58459,LOAD,23886.17,FR,23886.17,2026-01-19T22:00:00,APP
WAL_94f9ec19d1,U_fd68a58459,SPEND,-1272.99,FR,22613.18,2026-01-16T02:00:00,QR
WAL_281602a14c,U_fd68a58459,SPEND,-1139.9,FR,21473.28,2026-01-23T11:00:00,QR
WAL_bfec1b7a30,U_fd68a58459,SPEND,-1631.51,FR,19841.77,2026-01-15T01:00:00,QR
WAL_222404973e,U_fd68a58459,SPEND,-1010.04,FR,18831.73,2026-01-12T11:00:00,QR
WAL_4dbdcd6ab7,U_fd68a58459,SPEND,-1682.15,FR,17149.58,2026-01-13T15:00:00,QR
WAL_7548a6ef27,U_fd68a58459,SPEND,-1332.1,FR,15817.48,2026-01-23T04:00:00,QR
WAL_07ca4f4eaf,U_fd68a58459,SPEND,-1174.96,FR,14642.52,2026-01-15T18:00:00,QR
WAL_fb46902c87,U_fd68a58459,SPEND,-2197.49,FR,12445.03,2026-01-21T00:00:00,QR
WAL_1284a941a3,U_fd68a58459,SPEND,-1742.55,FR,10702.48,2026-01-21T07:00:00,QR
WAL_5ac8ba7965,U_9adca45c50,LOAD,6031.05,NP,6031.05,2026-03-23T07:00:00,APP
WAL_b4c868c913,U_9adca45c50,SPEND,-2439.61,NP,3591.44,2026-03-23T07:00:00,QR
WAL_207058aa24,U_9adca45c50,SPEND,-2288.82,NP,1302.62,2026-03-20T18:00:00,QR
WAL_68ca02dce9,U_9adca45c50,SPEND,-2292.92,NP,-990.3,2026-03-23T21:00:00,QR
WAL_88a2b442be,U_9adca45c50,LOAD,4106.28,NP,3115.98,2026-03-23T16:00:00,APP
WAL_9a3abc52cd,U_9adca45c50,SPEND,-995.01,NP,2120.97,2026-03-20T00:00:00,QR
WAL_eca0fe47eb,U_9adca45c50,SPEND,-1093.25,NP,1027.72,2026-03-20T02:00:00,QR
WAL_50fa389e89,U_9adca45c50,SPEND,-893.07,NP,134.65,2026-03-21T09:00:00,QR
WAL_d54e1ea9b3,U_9adca45c50,SPEND,-995.09,NP,-860.44,2026-03-23T10:00:00,QR
WAL_8bad6241ad,U_9adca45c50,LOAD,20326.25,NP,19465.81,2026-03-24T22:00:00,APP
WAL_4b2c63d5c1,U_9adca45c50,SPEND,-1596.81,NP,17869.0,2026-03-24T22:00:00,QR
WAL_c21d4166ae,U_9adca45c50,LOAD,21874.77,NP,21874.77,2026-01-17T05:00:00,APP
WAL_f65138766a,U_9adca45c50,SPEND,-405.25,NP,21469.52,2026-01-17T05:00:00,QR
WAL_3ba61c349b,U_b68f8aadd3,LOAD,12691.49,REST,12691.49,2025-03-24T07:00:00,APP
WAL_bb4726fef7,U_b68f8aadd3,SPEND,-1017.96,REST,11673.53,2025-03-24T07:00:00,QR
WAL_c484d90f75,U_b68f8aadd3,SPEND,-1003.53,REST,10670.0,2025-03-19T02:00:00,QR
WAL_a273f8ce9e,U_b68f8aadd3,SPEND,-681.57,REST,9988.43,2025-03-23T04:00:00,QR
WAL_4ec7042fb2,U_b68f8aadd3,SPEND,-2916.33,REST,7072.1,2025-03-25T01:00:00,QR
WAL_a4c5afad27,U_b68f8aadd3,SPEND,-729.01,REST,6343.09,2025-03-21T15:00:00,QR
WAL_69d9c4cd7c,U_b68f8aadd3,SPEND,-3120.26,REST,3222.83,2025-03-21T07:00:00,QR
WAL_ac360a0679,U_b68f8aadd3,SPEND,-2662.35,REST,560.48,2025-03-23T03:00:00,QR
WAL_4b79f62694,U_6dadd62084,LOAD,19378.63,AU,19378.63,2024-11-01T22:00:00,APP
WAL_3b963a9b29,U_6dadd62084,SPEND,-1036.59,AU,18342.04,2024-11-01T22:00:00,QR
WAL_5054cfbbdb,U_6dadd62084,SPEND,-1092.57,AU,17249.47,2024-11-09T02:00:00,QR
WAL_582ffcf268,U_6dadd62084,SPEND,-2111.64,AU,15137.83,2024-11-05T00:00:00,QR
WAL_f7aec74559,U_6dadd62084,SPEND,-4821.87,AU,10315.96,2024-11-10T04:00:00,QR
WAL_e056485ebc,U_6dadd62084,SPEND,-4928.73,AU,5387.23,2024-11-02T12:00:00,QR
WAL_25fd33eb48,U_6dadd62084,SPEND,-1984.18,AU,3403.05,2024-11-04T02:00:00,QR
WAL_15bc862f64,U_6dadd62084,SPEND,-873.33,AU,2529.72,2024-11-05T13:00:00,QR
WAL_7c89fcd72b,U_6dadd62084,LOAD,23748.56,AU,23748.56,2025-11-20T03:00:00,APP
WAL_0cc8cb2b2e,U_6dadd62084,SPEND,-1458.11,AU,22290.45,2025-11-20T03:00:00,QR
WAL_4516f1bf71,U_6dadd62084,SPEND,-1191.06,AU,21099.39,2025-11-21T16:00:00,QR
WAL_4d592ce3a1,U_6dadd62084,SPEND,-1022.48,AU,20076.91,2025-11-21T18:00:00,QR
WAL_99964228ff,U_6dadd62084,SPEND,-1715.28,AU,18361.63,2025-11-23T01:00:00,QR
WAL_e69e897c8e,U_6dadd62084,SPEND,-3291.94,AU,15069.69,2025-11-25T04:00:00,QR
WAL_3dc4c08cc4,U_6dadd62084,SPEND,-1302.35,AU,13767.34,2025-11-25T00:00:00,QR
WAL_5385a2a39f,U_6dadd62084,SPEND,-1227.62,AU,12539.72,2025-11-21T07:00:00,QR
WAL_586db5268c,U_3612502eab,LOAD,24017.21,DE,24017.21,2026-01-04T07:00:00,APP
WAL_42ea0788c6,U_3612502eab,SPEND,-2677.99,DE,21339.22,2026-01-01T06:00:00,QR
WAL_3b05d923cf,U_3612502eab,SPEND,-895.42,DE,20443.8,2025-12-28T16:00:00,QR
WAL_930794aafd,U_3612502eab,SPEND,-3746.66,DE,16697.14,2026-01-10T03:00:00,QR
WAL_71fa8aec4b,U_3612502eab,SPEND,-1844.91,DE,14852.23,2026-01-05T14:00:00,QR
WAL_cb9a22b83d,U_3612502eab,LOAD,10993.07,DE,10993.07,2025-02-08T05:00:00,APP
WAL_d958a422cb,U_3612502eab,SPEND,-270.91,DE,10722.16,2025-02-20T14:00:00,QR
WAL_4412f5202b,U_3612502eab,SPEND,-1494.84,DE,9227.32,2025-02-16T16:00:00,QR
WAL_f9ab499e15,U_3612502eab,SPEND,-1037.42,DE,8189.9,2025-02-18T08:00:00,QR
WAL_378df8bd81,U_3612502eab,SPEND,-1260.1,DE,6929.8,2025-02-14T17:00:00,QR
WAL_c56ca02d98,U_3612502eab,SPEND,-1376.78,DE,5553.02,2025-02-21T05:00:00,QR
WAL_04484daee4,U_3612502eab,SPEND,-2860.13,DE,2692.89,2025-02-13T11:00:00,QR
WAL_76fb38ad7d,U_3612502eab,LOAD,11716.52,DE,11716.52,2025-12-15T08:00:00,APP
WAL_753d19566b,U_3612502eab,SPEND,-1496.17,DE,10220.35,2025-12-15T08:00:00,QR
WAL_9f4aa5c0e4,U_3612502eab,SPEND,-3675.07,DE,6545.28,2025-12-25T16:00:00,QR
WAL_389d70cc43,U_359cb13b0f,LOAD,12728.49,LK,12728.49,2026-03-08T18:00:00,APP
WAL_727601e51a,U_359cb13b0f,SPEND,-673.26,LK,12055.23,2026-03-08T18:00:00,QR
WAL_b874eac2d3,U_359cb13b0f,SPEND,-2831.29,LK,9223.94,2026-02-26T17:00:00,QR
WAL_e1d3144d27,U_359cb13b0f,SPEND,-972.88,LK,8251.06,2026-03-04T07:00:00,QR
WAL_4240509cc3,U_359cb13b0f,SPEND,-1640.23,LK,6610.83,2026-03-08T07:00:00,QR
WAL_ce7251b5a4,U_0fc04827dd,LOAD,15351.56,REST,15351.56,2024-10-13T03:00:00,APP
WAL_f86b9de5c7,U_0fc04827dd,SPEND,-617.17,REST,14734.39,2024-10-21T16:00:00,QR
WAL_ed6fefc9b9,U_0fc04827dd,SPEND,-3184.19,REST,11550.2,2024-10-13T10:00:00,QR
WAL_8a89571966,U_0fc04827dd,SPEND,-2771.57,REST,8778.63,2024-10-13T20:00:00,QR
WAL_b7a4f9f381,U_0fc04827dd,SPEND,-1389.04,REST,7389.59,2024-10-21T04:00:00,QR
WAL_db2f764d31,U_0fc04827dd,SPEND,-1043.19,REST,6346.4,2024-10-25T03:00:00,QR
WAL_7981c81115,U_0fc04827dd,SPEND,-1177.98,REST,5168.42,2024-10-09T19:00:00,QR
WAL_0520cea196,U_0fc04827dd,SPEND,-1556.57,REST,3611.85,2024-10-10T09:00:00,QR
WAL_f2bc0a50b0,U_0fc04827dd,SPEND,-1782.83,REST,1829.02,2024-10-13T20:00:00,QR
WAL_7276895541,U_0fc04827dd,SPEND,-1021.18,REST,807.84,2024-10-20T16:00:00,QR
WAL_381f430e67,U_0fc04827dd,SPEND,-1835.2,REST,-1027.36,2024-10-20T11:00:00,QR
WAL_976d52b003,U_0fc04827dd,LOAD,20067.61,REST,20067.61,2025-02-11T07:00:00,APP
WAL_05a2b2fe5b,U_0fc04827dd,SPEND,-1648.65,REST,18418.96,2025-02-14T21:00:00,QR
WAL_810ef4543e,U_0fc04827dd,SPEND,-1483.12,REST,16935.84,2025-02-19T19:00:00,QR
WAL_4c24146f33,U_0fc04827dd,SPEND,-1529.58,REST,15406.26,2025-02-12T14:00:00,QR
WAL_f147357b15,U_0fc04827dd,SPEND,-788.3,REST,14617.96,2025-02-08T22:00:00,QR
WAL_eca9418fdf,U_0fc04827dd,SPEND,-1499.36,REST,13118.6,2025-02-18T15:00:00,QR
WAL_284e5c2003,U_0fc04827dd,LOAD,3137.55,REST,3137.55,2026-03-27T05:00:00,APP
WAL_f4f88540ef,U_0fc04827dd,SPEND,-1110.19,REST,2027.36,2026-03-27T05:00:00,QR
WAL_664ec38ac4,U_0fc04827dd,SPEND,-1610.44,REST,416.92,2026-03-22T05:00:00,QR
WAL_976e399421,U_0fc04827dd,SPEND,-1778.71,REST,-1361.79,2026-04-03T06:00:00,QR
WAL_68c3d6830e,U_0fc04827dd,LOAD,21859.89,REST,20498.11,2026-03-29T11:00:00,APP
WAL_db7bc8b812,U_0fc04827dd,SPEND,-1978.65,REST,18519.46,2026-03-29T11:00:00,QR
WAL_0f2a26809d,U_0fc04827dd,SPEND,-3461.07,REST,15058.39,2026-03-26T15:00:00,QR
WAL_390bd5fca9,U_0fc04827dd,SPEND,-1055.31,REST,14003.08,2026-03-27T08:00:00,QR
WAL_c66c727730,U_0fc04827dd,SPEND,-1452.06,REST,12551.02,2026-03-22T01:00:00,QR
WAL_49a5e07d6a,U_3bb551fe41,LOAD,17848.81,GB,17848.81,2026-06-26T20:00:00,APP
WAL_f3ce12bb81,U_3bb551fe41,SPEND,-3378.61,GB,14470.2,2026-06-26T20:00:00,QR
WAL_9b345ce95c,U_3bb551fe41,SPEND,-1150.59,GB,13319.61,2026-06-23T13:00:00,QR
WAL_a2f20a7052,U_3bb551fe41,SPEND,-924.47,GB,12395.14,2026-06-24T03:00:00,QR
WAL_c3d6f4609f,U_3bb551fe41,SPEND,-945.87,GB,11449.27,2026-06-27T22:00:00,QR
WAL_776ec629eb,U_3bb551fe41,SPEND,-3809.35,GB,7639.92,2026-06-25T05:00:00,QR
WAL_7c1ae8f552,U_3bb551fe41,SPEND,-2136.77,GB,5503.15,2026-06-25T23:00:00,QR
WAL_308cb40fdc,U_3bb551fe41,SPEND,-983.32,GB,4519.83,2026-06-26T02:00:00,QR
WAL_024a465040,U_3bb551fe41,SPEND,-1905.92,GB,2613.91,2026-06-29T19:00:00,QR
WAL_a91818da75,U_3bb551fe41,SPEND,-1459.81,GB,1154.1,2026-06-25T15:00:00,QR
WAL_5450288357,U_286538c7a9,LOAD,21514.82,SG,21514.82,2025-12-12T08:00:00,APP
WAL_f6d3427b26,U_286538c7a9,SPEND,-3274.17,SG,18240.65,2025-12-12T08:00:00,QR
WAL_e631c7d1e4,U_286538c7a9,SPEND,-2161.48,SG,16079.17,2025-12-02T11:00:00,QR
WAL_5cc26466ed,U_286538c7a9,SPEND,-914.35,SG,15164.82,2025-12-11T09:00:00,QR
WAL_9dd191edd0,U_286538c7a9,SPEND,-846.12,SG,14318.7,2025-12-08T22:00:00,QR
WAL_0a5024f787,U_286538c7a9,SPEND,-2726.03,SG,11592.67,2025-12-12T10:00:00,QR
WAL_0491753b5f,U_286538c7a9,SPEND,-1368.62,SG,10224.05,2025-12-14T08:00:00,QR
WAL_86ba762cd4,U_286538c7a9,SPEND,-1995.89,SG,8228.16,2025-12-04T15:00:00,QR
WAL_c412560805,U_b68e7817af,LOAD,3609.3,REST,3609.3,2026-06-15T13:00:00,APP
WAL_f483778390,U_b68e7817af,SPEND,-1812.94,REST,1796.36,2026-06-15T13:00:00,QR
WAL_9329ab2df9,U_b68e7817af,SPEND,-1142.98,REST,653.38,2026-06-18T10:00:00,QR
WAL_969327be60,U_b68e7817af,SPEND,-1406.25,REST,-752.87,2026-06-12T23:00:00,QR
WAL_e858097651,U_b68e7817af,LOAD,6760.44,REST,6007.57,2026-06-10T09:00:00,APP
WAL_bba8902158,U_b68e7817af,SPEND,-825.3,REST,5182.27,2026-06-11T04:00:00,QR
WAL_f7893987be,U_b68e7817af,SPEND,-2299.33,REST,2882.94,2026-06-11T16:00:00,QR
WAL_3327207941,U_b68e7817af,SPEND,-1900.39,REST,982.55,2026-06-10T04:00:00,QR
WAL_e57ea1063f,U_b68e7817af,SPEND,-1388.1,REST,-405.55,2026-06-13T21:00:00,QR
WAL_10fa5a3f07,U_b68e7817af,LOAD,22366.28,REST,21960.73,2026-06-12T22:00:00,APP
WAL_c14cc5d348,U_b68e7817af,SPEND,-1250.74,REST,20709.99,2026-06-10T17:00:00,QR
WAL_9d292b599d,U_b68e7817af,SPEND,-2719.79,REST,17990.2,2026-06-18T00:00:00,QR
WAL_1e5892ef2f,U_b68e7817af,SPEND,-1074.81,REST,16915.39,2026-06-10T16:00:00,QR
WAL_fe56f6458b,U_a6b1d97041,LOAD,6564.56,REST,6564.56,2025-01-12T05:00:00,APP
WAL_3660d9a081,U_a6b1d97041,SPEND,-601.98,REST,5962.58,2025-01-23T06:00:00,QR
WAL_36353a3549,U_a6b1d97041,SPEND,-5034.41,REST,928.17,2025-01-17T02:00:00,QR
WAL_eea84fbad3,U_a6b1d97041,SPEND,-1002.18,REST,-74.01,2025-01-24T07:00:00,QR
WAL_d8bfc582fe,U_013e65658e,LOAD,5629.05,REST,5629.05,2025-08-09T03:00:00,APP
WAL_f1dee25503,U_013e65658e,SPEND,-657.08,REST,4971.97,2025-08-19T20:00:00,QR
WAL_35398d30d4,U_013e65658e,SPEND,-1577.22,REST,3394.75,2025-08-19T03:00:00,QR
WAL_8e3be62f78,U_013e65658e,SPEND,-1040.99,REST,2353.76,2025-08-19T06:00:00,QR
WAL_3065aaca39,U_013e65658e,LOAD,19884.06,REST,19884.06,2025-04-07T23:00:00,APP
WAL_c9c6dbe6a1,U_013e65658e,SPEND,-2163.26,REST,17720.8,2025-04-07T23:00:00,QR
WAL_f5b9b211d9,U_013e65658e,SPEND,-2353.49,REST,15367.31,2025-04-11T15:00:00,QR
WAL_3a5da2ac2a,U_013e65658e,SPEND,-1647.05,REST,13720.26,2025-04-03T09:00:00,QR
WAL_bc568e18a6,U_013e65658e,SPEND,-2107.93,REST,11612.33,2025-04-06T00:00:00,QR
WAL_69a409455b,U_013e65658e,LOAD,3958.13,REST,3958.13,2026-01-05T17:00:00,APP
WAL_faf2638dff,U_013e65658e,SPEND,-2493.87,REST,1464.26,2026-01-05T17:00:00,QR
WAL_57691be7d4,U_013e65658e,SPEND,-2792.98,REST,-1328.72,2026-01-09T15:00:00,QR
WAL_ad721ae329,U_013e65658e,LOAD,18482.31,REST,17153.59,2026-01-04T02:00:00,APP
WAL_d363a3e4bc,U_013e65658e,SPEND,-1974.7,REST,15178.89,2026-01-04T02:00:00,QR
WAL_c03134fcbf,U_b9352414c3,LOAD,18589.18,LK,18589.18,2024-11-07T11:00:00,APP
WAL_af74d00d7f,U_b9352414c3,SPEND,-721.38,LK,17867.8,2024-11-07T01:00:00,QR
WAL_de04bdaa63,U_b9352414c3,LOAD,20672.11,LK,20672.11,2025-09-16T18:00:00,APP
WAL_c636224b1e,U_b9352414c3,SPEND,-1504.06,LK,19168.05,2025-09-16T18:00:00,QR
WAL_883610d53f,U_b9352414c3,SPEND,-2717.0,LK,16451.05,2025-09-11T18:00:00,QR
WAL_387854bf0f,U_b9352414c3,SPEND,-820.99,LK,15630.06,2025-09-12T14:00:00,QR
WAL_12418d0df3,U_2e671f8e37,LOAD,8341.31,GB,8341.31,2025-08-15T04:00:00,APP
WAL_a7e96247ab,U_d6255fbb58,LOAD,7280.91,US,7280.91,2025-11-08T18:00:00,APP
WAL_598616fb6e,U_d6255fbb58,SPEND,-1604.92,US,5675.99,2025-11-08T18:00:00,QR
WAL_de2cdda18e,U_65edacd5b7,LOAD,21215.7,REST,21215.7,2025-08-05T19:00:00,APP
WAL_c09e24f331,U_65edacd5b7,SPEND,-1655.82,REST,19559.88,2025-08-05T19:00:00,QR
WAL_ae266436cc,U_65edacd5b7,SPEND,-1188.88,REST,18371.0,2025-08-02T13:00:00,QR
WAL_3b2fb5bbc4,U_65edacd5b7,SPEND,-935.97,REST,17435.03,2025-08-09T10:00:00,QR
WAL_3537c12f92,U_65edacd5b7,SPEND,-1722.52,REST,15712.51,2025-08-10T02:00:00,QR
WAL_f3e463eb1b,U_65edacd5b7,SPEND,-1471.61,REST,14240.9,2025-07-31T21:00:00,QR
WAL_46f6db5087,U_0abc95fbbb,LOAD,10370.14,US,10370.14,2024-09-08T19:00:00,APP
WAL_e213fe14a0,U_0abc95fbbb,SPEND,-2139.62,US,8230.52,2024-09-08T19:00:00,QR
WAL_e9a94aedba,U_0abc95fbbb,SPEND,-2597.11,US,5633.41,2024-09-10T10:00:00,QR
WAL_461489b7f9,U_0abc95fbbb,SPEND,-1423.14,US,4210.27,2024-09-09T00:00:00,QR
WAL_09818aadc6,U_0abc95fbbb,LOAD,2326.0,US,2326.0,2026-07-09T22:00:00,APP
WAL_c8e1fdff70,U_0abc95fbbb,SPEND,-2683.95,US,-357.95,2026-07-09T22:00:00,QR
WAL_d3914e6b5e,U_0abc95fbbb,LOAD,19406.25,US,19048.3,2026-07-10T04:00:00,APP
WAL_49959bdc65,U_0abc95fbbb,SPEND,-827.75,US,18220.55,2026-07-06T12:00:00,QR
WAL_ddcf81edfd,U_0abc95fbbb,SPEND,-2689.85,US,15530.7,2026-07-07T09:00:00,QR
WAL_f397bdf03d,U_0abc95fbbb,SPEND,-2502.75,US,13027.95,2026-07-06T01:00:00,QR
WAL_73ed78a2a6,U_4950259669,LOAD,13329.28,AE,13329.28,2025-01-12T18:00:00,APP
WAL_35268e755c,U_4950259669,SPEND,-639.33,AE,12689.95,2025-01-12T18:00:00,QR
WAL_0c7f5ae8b8,U_4950259669,SPEND,-5772.46,AE,6917.49,2025-01-13T11:00:00,QR
WAL_9dfdb57fcf,U_4950259669,SPEND,-876.79,AE,6040.7,2025-01-12T11:00:00,QR
WAL_4e94bd39c7,U_4950259669,SPEND,-1122.9,AE,4917.8,2025-01-15T00:00:00,QR
WAL_69cecfedda,U_4950259669,SPEND,-1166.81,AE,3750.99,2025-01-22T16:00:00,QR
WAL_82d0198a9a,U_4950259669,SPEND,-577.24,AE,3173.75,2025-01-15T01:00:00,QR
WAL_c2ed648591,U_4950259669,SPEND,-1933.96,AE,1239.79,2025-01-15T10:00:00,QR
WAL_009999adca,U_fa8fd409f2,LOAD,13109.73,US,13109.73,2025-03-16T17:00:00,APP
WAL_7bb39d5107,U_fa8fd409f2,SPEND,-3395.33,US,9714.4,2025-03-16T17:00:00,QR
WAL_511d10235b,U_fa8fd409f2,SPEND,-629.78,US,9084.62,2025-03-25T15:00:00,QR
WAL_56827e4fc9,U_fa8fd409f2,SPEND,-3352.57,US,5732.05,2025-03-17T08:00:00,QR
WAL_74f220eae8,U_fa8fd409f2,SPEND,-581.53,US,5150.52,2025-03-23T14:00:00,QR
WAL_8138615c77,U_34d0254019,LOAD,6724.52,LK,6724.52,2026-01-24T01:00:00,APP
WAL_ffad23f21b,U_34d0254019,SPEND,-532.84,LK,6191.68,2026-01-24T01:00:00,QR
WAL_722e5cc222,U_34d0254019,SPEND,-2487.13,LK,3704.55,2026-01-24T00:00:00,QR
WAL_d8ec7cd1a0,U_34d0254019,SPEND,-667.53,LK,3037.02,2026-01-27T21:00:00,QR
WAL_da17ee5a3c,U_34d0254019,SPEND,-1067.08,LK,1969.94,2026-01-23T00:00:00,QR
WAL_48f9d16013,U_34d0254019,SPEND,-736.47,LK,1233.47,2026-01-20T16:00:00,QR
WAL_ca25c67e39,U_34d0254019,SPEND,-607.52,LK,625.95,2026-01-24T20:00:00,QR
WAL_3b47487c19,U_34d0254019,SPEND,-1316.58,LK,-690.63,2026-01-26T00:00:00,QR
WAL_a02a69fc7d,U_34d0254019,LOAD,13904.58,LK,13213.94,2026-01-24T18:00:00,APP
WAL_3a4d4d56c7,U_34d0254019,SPEND,-2420.1,LK,10793.84,2026-01-24T18:00:00,QR
WAL_b635a65538,U_34d0254019,SPEND,-4863.66,LK,5930.18,2026-01-20T02:00:00,QR
WAL_fccb7d0a5e,U_34d0254019,SPEND,-1829.54,LK,4100.64,2026-01-25T10:00:00,QR
WAL_c21210b735,U_727e63d918,LOAD,10953.76,GB,10953.76,2025-11-05T04:00:00,APP
WAL_b2542be475,U_727e63d918,SPEND,-465.34,GB,10488.42,2025-11-05T04:00:00,QR
WAL_a108076499,U_727e63d918,SPEND,-1842.31,GB,8646.11,2025-11-04T10:00:00,QR
WAL_015886bcb7,U_727e63d918,SPEND,-1724.14,GB,6921.97,2025-11-14T07:00:00,QR
WAL_41aeac4c4c,U_727e63d918,SPEND,-1057.55,GB,5864.42,2025-11-10T12:00:00,QR
WAL_e0f3b87406,U_727e63d918,SPEND,-1979.78,GB,3884.64,2025-11-14T07:00:00,QR
WAL_77cdbe4111,U_727e63d918,SPEND,-1931.77,GB,1952.87,2025-11-10T22:00:00,QR
WAL_e5499e9ea2,U_727e63d918,SPEND,-1874.61,GB,78.26,2025-11-15T21:00:00,QR
WAL_5d1fcd7b43,U_e20c2f496d,LOAD,12680.86,GB,12680.86,2026-01-21T05:00:00,APP
WAL_4605155616,U_e20c2f496d,SPEND,-647.96,GB,12032.9,2026-01-18T18:00:00,QR
WAL_94b3b52d7a,U_e20c2f496d,SPEND,-1554.12,GB,10478.78,2026-01-24T20:00:00,QR
WAL_14d593439b,U_e20c2f496d,SPEND,-2128.9,GB,8349.88,2026-01-21T01:00:00,QR
WAL_7559862c3d,U_e20c2f496d,LOAD,6913.9,GB,6913.9,2025-11-06T17:00:00,APP
WAL_cdd34e0295,U_e20c2f496d,SPEND,-1782.72,GB,5131.18,2025-11-06T17:00:00,QR
WAL_fd353fb03e,U_f16200d056,LOAD,7160.79,US,7160.79,2025-03-05T09:00:00,APP
WAL_6c9a91d6bf,U_f16200d056,SPEND,-1259.65,US,5901.14,2025-03-13T05:00:00,QR
WAL_45efdbe921,U_f16200d056,SPEND,-1827.56,US,4073.58,2025-03-05T19:00:00,QR
WAL_0a528776e4,U_f16200d056,SPEND,-1982.38,US,2091.2,2025-03-06T14:00:00,QR
WAL_e88df875db,U_f16200d056,SPEND,-1092.92,US,998.28,2025-03-09T17:00:00,QR
WAL_a9c3c5d2c3,U_f16200d056,SPEND,-931.25,US,67.03,2025-03-05T17:00:00,QR
WAL_12860f83fe,U_f16200d056,SPEND,-1519.15,US,-1452.12,2025-03-08T15:00:00,QR
WAL_e6b771d622,U_f16200d056,LOAD,14341.05,US,12888.94,2025-03-14T05:00:00,APP
WAL_d92b997f1e,U_20f66f1b2c,LOAD,16404.67,SG,16404.67,2025-03-05T11:00:00,APP
WAL_6b4a0e0c69,U_20f66f1b2c,SPEND,-311.01,SG,16093.66,2025-02-23T13:00:00,QR
WAL_4415d0defe,U_20f66f1b2c,SPEND,-733.14,SG,15360.52,2025-02-27T21:00:00,QR
WAL_418b2da8c7,U_20f66f1b2c,SPEND,-1665.23,SG,13695.29,2025-02-25T16:00:00,QR
WAL_5fadb6c7ea,U_20f66f1b2c,SPEND,-1355.22,SG,12340.07,2025-02-25T04:00:00,QR
WAL_369625cd77,U_20f66f1b2c,SPEND,-647.79,SG,11692.28,2025-02-24T10:00:00,QR
WAL_9fed8d73c4,U_20f66f1b2c,SPEND,-2467.53,SG,9224.75,2025-02-25T23:00:00,QR
WAL_3a26325ca0,U_20f66f1b2c,SPEND,-3140.81,SG,6083.94,2025-03-03T01:00:00,QR
WAL_fcf5faa3f4,U_20f66f1b2c,SPEND,-3588.82,SG,2495.12,2025-03-10T07:00:00,QR
WAL_09b66fc468,U_13143eb226,LOAD,10911.26,AU,10911.26,2025-07-26T23:00:00,APP
WAL_aaddd552c5,U_13143eb226,SPEND,-693.1,AU,10218.16,2025-07-26T23:00:00,QR
WAL_ae22210c99,U_13143eb226,SPEND,-1437.63,AU,8780.53,2025-08-13T00:00:00,QR
WAL_1c4e4b9d99,U_13143eb226,SPEND,-698.08,AU,8082.45,2025-08-03T18:00:00,QR
WAL_c3ed0e1380,U_13143eb226,SPEND,-1345.79,AU,6736.66,2025-07-28T12:00:00,QR
WAL_ce0ff851ff,U_13143eb226,SPEND,-1087.35,AU,5649.31,2025-07-27T01:00:00,QR
WAL_e128dec739,U_13143eb226,SPEND,-971.85,AU,4677.46,2025-07-31T09:00:00,QR
WAL_2233824fd0,U_13143eb226,SPEND,-2331.73,AU,2345.73,2025-08-12T12:00:00,QR
WAL_b469b1de44,U_13143eb226,SPEND,-2021.69,AU,324.04,2025-07-27T02:00:00,QR
WAL_d960cb23c4,U_13143eb226,SPEND,-1189.17,AU,-865.13,2025-08-01T21:00:00,QR
WAL_7191e0e69d,U_13143eb226,LOAD,23128.61,AU,22263.48,2025-08-03T10:00:00,APP
WAL_d20b780ccd,U_13143eb226,SPEND,-3287.83,AU,18975.65,2025-07-26T01:00:00,QR
WAL_deae75250f,U_13143eb226,SPEND,-898.0,AU,18077.65,2025-08-08T21:00:00,QR
WAL_e8582cfff5,U_96305ca532,LOAD,18529.39,REST,18529.39,2025-08-29T03:00:00,APP
WAL_1c2f9ab28f,U_96305ca532,SPEND,-3980.31,REST,14549.08,2025-08-28T21:00:00,QR
WAL_83ae31b9cb,U_96305ca532,SPEND,-3441.02,REST,11108.06,2025-08-25T12:00:00,QR
WAL_18b3c46929,U_96305ca532,SPEND,-1487.07,REST,9620.99,2025-08-26T15:00:00,QR
WAL_bbe86fe015,U_96305ca532,SPEND,-1320.75,REST,8300.24,2025-08-23T17:00:00,QR
WAL_590c388027,U_96305ca532,SPEND,-1731.96,REST,6568.28,2025-08-22T04:00:00,QR
WAL_0bf7cdd504,U_96305ca532,SPEND,-1675.54,REST,4892.74,2025-08-18T09:00:00,QR
WAL_775da4db90,U_96305ca532,SPEND,-3057.22,REST,1835.52,2025-08-25T18:00:00,QR
WAL_bf8af47715,U_96305ca532,SPEND,-951.22,REST,884.3,2025-08-20T12:00:00,QR
WAL_487cd71715,U_96305ca532,SPEND,-1301.61,REST,-417.31,2025-08-27T04:00:00,QR
WAL_bc06a96fad,U_96305ca532,LOAD,4651.38,REST,4234.07,2025-08-30T21:00:00,APP
WAL_230dc7305a,U_96305ca532,SPEND,-803.65,REST,3430.42,2025-08-30T21:00:00,QR
WAL_bffb0f768c,U_96305ca532,SPEND,-2441.74,REST,988.68,2025-08-28T08:00:00,QR
WAL_3c05755092,U_96305ca532,SPEND,-807.05,REST,181.63,2025-08-30T03:00:00,QR
WAL_fc3d4750e2,U_96305ca532,LOAD,23838.33,REST,23838.33,2026-01-19T01:00:00,APP
WAL_73e232c623,U_96305ca532,SPEND,-1143.47,REST,22694.86,2026-01-31T11:00:00,QR
WAL_fa69049cd0,U_96305ca532,SPEND,-595.28,REST,22099.58,2026-01-25T07:00:00,QR
WAL_d8c3e615ac,U_96305ca532,SPEND,-731.77,REST,21367.81,2026-01-24T02:00:00,QR
WAL_30863d5394,U_96305ca532,SPEND,-3355.88,REST,18011.93,2026-01-23T10:00:00,QR
WAL_cef08784ad,U_96305ca532,SPEND,-1161.71,REST,16850.22,2026-01-26T05:00:00,QR
WAL_c319b813f8,U_96305ca532,SPEND,-2761.23,REST,14088.99,2026-01-30T01:00:00,QR
WAL_613004c5b8,U_741023458e,LOAD,21839.35,REST,21839.35,2024-11-29T16:00:00,APP
WAL_8990d28227,U_741023458e,SPEND,-2525.11,REST,19314.24,2024-11-25T12:00:00,QR
WAL_ff361811cd,U_741023458e,SPEND,-1482.03,REST,17832.21,2024-11-29T18:00:00,QR
WAL_6288180587,U_741023458e,SPEND,-3791.92,REST,14040.29,2024-11-30T02:00:00,QR
WAL_98a8774101,U_741023458e,SPEND,-4353.67,REST,9686.62,2024-11-29T05:00:00,QR
WAL_8559384b72,U_741023458e,SPEND,-650.15,REST,9036.47,2024-11-23T18:00:00,QR
WAL_8099685dba,U_741023458e,SPEND,-491.63,REST,8544.84,2024-12-02T20:00:00,QR
WAL_2a4bac2a5e,U_741023458e,SPEND,-2850.52,REST,5694.32,2024-11-30T12:00:00,QR
WAL_ba8d07a808,U_741023458e,SPEND,-1809.6,REST,3884.72,2024-11-25T13:00:00,QR
WAL_5f95eacf01,U_741023458e,SPEND,-3997.85,REST,-113.13,2024-11-29T19:00:00,QR
WAL_7ee682c117,U_741023458e,LOAD,2323.84,REST,2323.84,2026-02-05T00:00:00,APP
WAL_ae93008482,U_741023458e,SPEND,-3384.77,REST,-1060.93,2026-02-05T00:00:00,QR
WAL_3a2e53ef66,U_741023458e,LOAD,17545.59,REST,16484.67,2026-02-06T22:00:00,APP
WAL_2525941617,U_741023458e,SPEND,-1215.72,REST,15268.95,2026-02-06T22:00:00,QR
WAL_0cd58bb602,U_741023458e,SPEND,-3634.65,REST,11634.3,2026-02-11T08:00:00,QR
WAL_ec320ef594,U_741023458e,SPEND,-1505.34,REST,10128.96,2026-01-31T03:00:00,QR
WAL_d4a2a8bd74,U_741023458e,SPEND,-958.55,REST,9170.41,2026-02-08T19:00:00,QR
WAL_4d5626ff34,U_741023458e,SPEND,-2374.14,REST,6796.27,2026-02-07T17:00:00,QR
WAL_3398cd13f8,U_6417f3c261,LOAD,4375.3,REST,4375.3,2026-01-21T02:00:00,APP
WAL_cca250fd5e,U_6417f3c261,SPEND,-1563.1,REST,2812.2,2026-01-21T02:00:00,QR
WAL_03d70be4a0,U_6417f3c261,SPEND,-3824.47,REST,-1012.27,2026-01-21T13:00:00,QR
WAL_539a5776dd,U_6417f3c261,LOAD,3069.79,REST,2057.52,2026-01-24T08:00:00,APP
WAL_50bd974429,U_6417f3c261,SPEND,-1259.46,REST,798.06,2026-01-24T08:00:00,QR
WAL_f20eb5642e,U_6417f3c261,SPEND,-1044.19,REST,-246.13,2026-01-21T20:00:00,QR
WAL_7304997ded,U_6417f3c261,LOAD,22212.62,REST,21966.49,2026-01-22T17:00:00,APP
WAL_21c8d38c7c,U_6417f3c261,SPEND,-2917.43,REST,19049.06,2026-01-22T17:00:00,QR
WAL_4453dc7a8f,U_6417f3c261,SPEND,-1163.1,REST,17885.96,2026-01-21T00:00:00,QR
WAL_82d0686fb4,U_53c7d64bc7,LOAD,5503.21,AE,5503.21,2025-06-18T14:00:00,APP
WAL_256f3c32ad,U_53c7d64bc7,SPEND,-1687.33,AE,3815.88,2025-06-18T14:00:00,QR
WAL_8e68a23e46,U_53c7d64bc7,SPEND,-2640.85,AE,1175.03,2025-06-19T07:00:00,QR
WAL_fad97cd0cb,U_53c7d64bc7,SPEND,-2383.91,AE,-1208.88,2025-06-16T04:00:00,QR
WAL_6ed5e12c53,U_53c7d64bc7,LOAD,19846.07,AE,18637.19,2025-06-17T22:00:00,APP
WAL_2c98d598b9,U_53c7d64bc7,SPEND,-3625.11,AE,15012.08,2025-06-18T21:00:00,QR
WAL_fb0c2b0be5,U_53c7d64bc7,SPEND,-593.47,AE,14418.61,2025-06-19T07:00:00,QR
WAL_accffbb522,U_53c7d64bc7,LOAD,6338.46,AE,6338.46,2026-01-21T21:00:00,APP
WAL_18e13b92a8,U_53c7d64bc7,SPEND,-2133.24,AE,4205.22,2026-01-21T21:00:00,QR
WAL_bc313acd4b,U_53c7d64bc7,SPEND,-1306.59,AE,2898.63,2026-01-17T21:00:00,QR
WAL_502902b79d,U_53c7d64bc7,SPEND,-1285.24,AE,1613.39,2026-01-17T08:00:00,QR
WAL_9717948097,U_53c7d64bc7,SPEND,-3974.54,AE,-2361.15,2026-01-21T08:00:00,QR
WAL_edc0a4b617,U_53c7d64bc7,LOAD,10558.9,AE,8197.74,2026-01-17T22:00:00,APP
WAL_925c378241,U_53c7d64bc7,SPEND,-1055.58,AE,7142.16,2026-01-21T02:00:00,QR
WAL_88fd351f3e,U_53c7d64bc7,SPEND,-1321.76,AE,5820.4,2026-01-20T03:00:00,QR
WAL_544a32e85e,U_53c7d64bc7,SPEND,-1560.38,AE,4260.02,2026-01-21T08:00:00,QR
WAL_91243f1ade,U_53c7d64bc7,SPEND,-1404.98,AE,2855.04,2026-01-20T02:00:00,QR
WAL_ad2a430c98,U_ae49d89f58,LOAD,18087.88,LK,18087.88,2026-07-02T05:00:00,APP
WAL_619d5d32bd,U_ae49d89f58,SPEND,-2349.27,LK,15738.61,2026-07-02T05:00:00,QR
WAL_fd0420b6ea,U_ae49d89f58,SPEND,-1230.32,LK,14508.29,2026-07-06T05:00:00,QR
WAL_45b80b01e7,U_ae49d89f58,SPEND,-779.75,LK,13728.54,2026-07-05T02:00:00,QR
WAL_95540bd9bf,U_ae49d89f58,SPEND,-1846.83,LK,11881.71,2026-07-03T17:00:00,QR
WAL_eda39a030f,U_ae49d89f58,SPEND,-1800.25,LK,10081.46,2026-07-05T21:00:00,QR
WAL_b363b5046a,U_ae49d89f58,SPEND,-1149.9,LK,8931.56,2026-07-07T17:00:00,QR
WAL_7fa73fd2c2,U_ae49d89f58,SPEND,-2224.61,LK,6706.95,2026-06-30T10:00:00,QR
WAL_da147f20a1,U_ae49d89f58,SPEND,-993.43,LK,5713.52,2026-07-06T11:00:00,QR
WAL_6396d3f61b,U_ae49d89f58,SPEND,-1573.5,LK,4140.02,2026-07-03T17:00:00,QR
WAL_2040c48df9,U_6fedd172de,LOAD,4436.55,LK,4436.55,2026-05-27T20:00:00,APP
WAL_9aff3c4a5e,U_6fedd172de,SPEND,-800.02,LK,3636.53,2026-05-29T08:00:00,QR
WAL_090c88aba3,U_6fedd172de,SPEND,-849.43,LK,2787.1,2026-05-28T09:00:00,QR
WAL_81d5843239,U_6fedd172de,SPEND,-3538.73,LK,-751.63,2026-05-26T08:00:00,QR
WAL_075f18bd04,U_6fedd172de,LOAD,13049.92,LK,12298.29,2026-05-27T04:00:00,APP
WAL_dd42663544,U_6fedd172de,SPEND,-3386.93,LK,8911.36,2026-05-27T04:00:00,QR
WAL_10481b55b5,U_6fedd172de,SPEND,-3575.19,LK,5336.17,2026-05-25T09:00:00,QR
WAL_77e91a4597,U_992d04cf43,LOAD,11034.92,REST,11034.92,2025-02-06T22:00:00,APP
WAL_e9cefbe87c,U_992d04cf43,SPEND,-2745.22,REST,8289.7,2025-02-06T22:00:00,QR
WAL_47a6d794a1,U_992d04cf43,SPEND,-2043.24,REST,6246.46,2025-02-16T21:00:00,QR
WAL_2c558f6d43,U_992d04cf43,SPEND,-2791.68,REST,3454.78,2025-02-17T19:00:00,QR
WAL_8bbbac3e2c,U_992d04cf43,SPEND,-1509.26,REST,1945.52,2025-02-16T07:00:00,QR
WAL_e5c2fd72a7,U_992d04cf43,SPEND,-860.61,REST,1084.91,2025-02-13T08:00:00,QR
WAL_c119bd5563,U_53b10c38b9,LOAD,2339.51,NP,2339.51,2024-10-15T15:00:00,APP
WAL_527723bad2,U_53b10c38b9,SPEND,-1861.19,NP,478.32,2024-10-15T13:00:00,QR
WAL_9dd9e78623,U_53b10c38b9,SPEND,-539.13,NP,-60.81,2024-10-10T06:00:00,QR
WAL_3046143d22,U_53b10c38b9,LOAD,3831.15,NP,3770.34,2024-10-14T00:00:00,APP
WAL_370173618a,U_53b10c38b9,SPEND,-1991.06,NP,1779.28,2024-10-12T13:00:00,QR
WAL_2af973e921,U_53b10c38b9,SPEND,-1725.11,NP,54.17,2024-10-12T14:00:00,QR
WAL_9059fa96cf,U_ee203faf49,LOAD,19911.55,SG,19911.55,2025-03-10T16:00:00,APP
WAL_9a9af01c7e,U_ee203faf49,SPEND,-977.28,SG,18934.27,2025-03-10T16:00:00,QR
WAL_86146e7d65,U_ee203faf49,LOAD,5654.89,SG,5654.89,2025-04-01T04:00:00,APP
WAL_ecd2ca962d,U_ee203faf49,SPEND,-2713.73,SG,2941.16,2025-04-01T04:00:00,QR
WAL_1f32a77ebe,U_ee203faf49,SPEND,-361.66,SG,2579.5,2025-03-24T23:00:00,QR
WAL_a95a3aa282,U_ee203faf49,SPEND,-3073.06,SG,-493.56,2025-03-28T03:00:00,QR
WAL_b06c1337e3,U_ee203faf49,LOAD,9529.29,SG,9035.73,2025-03-29T22:00:00,APP
WAL_17d477827f,U_ee203faf49,SPEND,-514.74,SG,8520.99,2025-03-29T22:00:00,QR
WAL_3607423758,U_ee203faf49,SPEND,-2012.95,SG,6508.04,2025-03-28T23:00:00,QR
WAL_59e0d7cc05,U_ee203faf49,SPEND,-678.24,SG,5829.8,2025-03-25T18:00:00,QR
WAL_01150d8dc4,U_ee203faf49,SPEND,-1837.9,SG,3991.9,2025-03-29T18:00:00,QR
WAL_a1e0166d4e,U_ee203faf49,SPEND,-946.91,SG,3044.99,2025-04-03T00:00:00,QR
WAL_e5d6c6d48c,U_ee203faf49,SPEND,-2443.52,SG,601.47,2025-03-14T01:00:00,QR
WAL_748d5fb6bd,U_ee203faf49,LOAD,7882.85,SG,7882.85,2024-11-30T23:00:00,APP
WAL_f81d6804ac,U_ee203faf49,SPEND,-1395.43,SG,6487.42,2024-11-30T23:00:00,QR
WAL_d4b5fc1d24,U_ee203faf49,SPEND,-3495.1,SG,2992.32,2024-11-28T10:00:00,QR
WAL_8317eb1c37,U_ee203faf49,LOAD,9875.35,SG,9875.35,2024-11-10T01:00:00,APP
WAL_e5032d91d3,U_ee203faf49,SPEND,-786.4,SG,9088.95,2024-11-10T01:00:00,QR
WAL_94a0bdde5c,U_ee203faf49,SPEND,-2238.65,SG,6850.3,2024-11-13T17:00:00,QR
WAL_e40037ea64,U_ee203faf49,SPEND,-2348.16,SG,4502.14,2024-11-15T18:00:00,QR
WAL_2ab82f024a,U_ee203faf49,SPEND,-1656.36,SG,2845.78,2024-11-10T05:00:00,QR
WAL_c0b8784ee1,U_ee203faf49,SPEND,-1443.65,SG,1402.13,2024-11-10T15:00:00,QR
WAL_ff1eb48a32,U_ee203faf49,SPEND,-1209.89,SG,192.24,2024-11-08T02:00:00,QR
WAL_7883308800,U_ee203faf49,SPEND,-1581.8,SG,-1389.56,2024-11-10T15:00:00,QR
WAL_e5db87d4ee,U_ee203faf49,LOAD,6988.59,SG,5599.03,2024-11-10T06:00:00,APP
WAL_a71344344c,U_ee203faf49,SPEND,-1401.44,SG,4197.59,2024-11-10T06:00:00,QR
WAL_07fcead736,U_ee203faf49,SPEND,-990.62,SG,3206.97,2024-11-14T15:00:00,QR
WAL_aac8542b97,U_ee203faf49,SPEND,-883.86,SG,2323.11,2024-11-14T23:00:00,QR
WAL_1f2db84407,U_ee203faf49,SPEND,-961.76,SG,1361.35,2024-11-10T08:00:00,QR
WAL_d41ba01cd8,U_ee203faf49,SPEND,-474.42,SG,886.93,2024-11-08T03:00:00,QR
WAL_44ab46be36,U_ee203faf49,SPEND,-2021.75,SG,-1134.82,2024-11-13T09:00:00,QR
WAL_a8da502d1b,U_ee203faf49,LOAD,10124.0,SG,8989.18,2024-11-09T04:00:00,APP
WAL_ea74cc1039,U_ee203faf49,SPEND,-2562.86,SG,6426.32,2024-11-09T04:00:00,QR
WAL_8ad4317a14,U_ee203faf49,LOAD,4276.72,SG,4276.72,2025-10-08T05:00:00,APP
WAL_116bf533e2,U_ee203faf49,SPEND,-1558.76,SG,2717.96,2025-10-08T05:00:00,QR
WAL_49e7e8a1f8,U_0b3b89d362,LOAD,13898.19,US,13898.19,2026-04-07T07:00:00,APP
WAL_55380b652a,U_0b3b89d362,SPEND,-1815.62,US,12082.57,2026-04-07T07:00:00,QR
WAL_659069c7bb,U_0b3b89d362,SPEND,-963.8,US,11118.77,2026-04-02T09:00:00,QR
WAL_b0ed6807cd,U_0b3b89d362,SPEND,-330.13,US,10788.64,2026-04-06T08:00:00,QR
WAL_9782c5c16d,U_0b3b89d362,LOAD,10313.34,US,10313.34,2025-05-07T11:00:00,APP
WAL_b71266eb60,U_0b3b89d362,SPEND,-883.35,US,9429.99,2025-05-07T11:00:00,QR
WAL_706c1c853c,U_0b3b89d362,SPEND,-4353.43,US,5076.56,2025-05-02T18:00:00,QR
WAL_a914311442,U_0b3b89d362,SPEND,-712.02,US,4364.54,2025-04-30T15:00:00,QR
WAL_873e618cfb,U_0b3b89d362,SPEND,-2234.17,US,2130.37,2025-05-02T17:00:00,QR
WAL_495319e54b,U_77a8447177,LOAD,24336.0,REST,24336.0,2024-09-02T20:00:00,APP
WAL_f7d588946c,U_77a8447177,SPEND,-2368.96,REST,21967.04,2024-09-02T20:00:00,QR
WAL_928640cb19,U_77a8447177,SPEND,-2814.13,REST,19152.91,2024-09-01T03:00:00,QR
WAL_6f38a35cb1,U_77a8447177,SPEND,-766.55,REST,18386.36,2024-09-05T04:00:00,QR
WAL_329e86e181,U_77a8447177,SPEND,-572.14,REST,17814.22,2024-09-02T04:00:00,QR
WAL_0228d5328e,U_77a8447177,SPEND,-680.72,REST,17133.5,2024-09-06T16:00:00,QR
WAL_46a6da6e83,U_77a8447177,SPEND,-3270.94,REST,13862.56,2024-08-31T14:00:00,QR
WAL_a16d774675,U_77a8447177,SPEND,-2079.0,REST,11783.56,2024-08-31T02:00:00,QR
WAL_5a65b908bc,U_77a8447177,SPEND,-1191.74,REST,10591.82,2024-09-07T07:00:00,QR
WAL_75b52a6342,U_77a8447177,SPEND,-2415.91,REST,8175.91,2024-09-03T14:00:00,QR
WAL_a8f8fc4a8d,U_77a8447177,LOAD,5380.47,REST,5380.47,2026-03-14T17:00:00,APP
WAL_fb785f6d5b,U_77a8447177,SPEND,-1491.43,REST,3889.04,2026-03-14T17:00:00,QR
WAL_164c98bec8,U_77a8447177,SPEND,-1091.24,REST,2797.8,2026-03-15T06:00:00,QR
WAL_d6317b8b71,U_77a8447177,SPEND,-2244.29,REST,553.51,2026-03-13T19:00:00,QR
WAL_1052208f3d,U_77a8447177,SPEND,-1625.56,REST,-1072.05,2026-03-14T12:00:00,QR
WAL_142fedce54,U_c661748777,LOAD,14373.43,SG,14373.43,2025-04-09T05:00:00,APP
WAL_31c2137f70,U_c661748777,LOAD,10035.3,SG,10035.3,2025-01-20T13:00:00,APP
WAL_62820fc48f,U_c661748777,SPEND,-2094.08,SG,7941.22,2025-01-20T13:00:00,QR
WAL_fa0f3d5789,U_c661748777,SPEND,-1366.75,SG,6574.47,2025-01-18T09:00:00,QR
WAL_ee4d7c430d,U_c661748777,SPEND,-1389.1,SG,5185.37,2025-01-20T21:00:00,QR
WAL_7c5e5cec1c,U_c661748777,SPEND,-2266.53,SG,2918.84,2025-01-16T14:00:00,QR
WAL_59bb352d61,U_c661748777,SPEND,-1619.08,SG,1299.76,2025-01-20T18:00:00,QR
WAL_76cef6e985,U_c661748777,SPEND,-1399.32,SG,-99.56,2025-01-16T16:00:00,QR
WAL_244151c631,U_c661748777,LOAD,6490.55,SG,6390.99,2025-01-16T15:00:00,APP
WAL_ba26d6e4cf,U_c661748777,LOAD,11985.8,SG,11985.8,2025-04-21T13:00:00,APP
WAL_fa9b9078eb,U_c661748777,SPEND,-977.09,SG,11008.71,2025-04-21T14:00:00,QR
WAL_da89cd028a,U_c661748777,SPEND,-2267.21,SG,8741.5,2025-04-17T17:00:00,QR
WAL_fe7374aebc,U_c661748777,SPEND,-900.52,SG,7840.98,2025-04-19T11:00:00,QR
WAL_4a87e47a6a,U_c661748777,SPEND,-1385.02,SG,6455.96,2025-04-18T05:00:00,QR
WAL_b216f7191a,U_c661748777,SPEND,-1135.78,SG,5320.18,2025-04-13T08:00:00,QR
WAL_b162431411,U_dedf71d9b1,LOAD,13321.22,REST,13321.22,2025-09-18T08:00:00,APP
WAL_751b14d430,U_dedf71d9b1,SPEND,-2001.94,REST,11319.28,2025-09-18T08:00:00,QR
WAL_3de3e9dc39,U_dedf71d9b1,SPEND,-1406.52,REST,9912.76,2025-09-19T14:00:00,QR
WAL_21353fcad4,U_dedf71d9b1,SPEND,-3218.66,REST,6694.1,2025-09-15T19:00:00,QR
WAL_0e5d05e702,U_dedf71d9b1,SPEND,-856.22,REST,5837.88,2025-09-12T18:00:00,QR
WAL_f71cfd3add,U_dedf71d9b1,LOAD,6076.61,REST,6076.61,2025-11-26T00:00:00,APP
WAL_b927cd2afc,U_dedf71d9b1,SPEND,-643.4,REST,5433.21,2025-11-26T11:00:00,QR
WAL_6b9f674d81,U_dedf71d9b1,SPEND,-2918.65,REST,2514.56,2025-11-27T10:00:00,QR
WAL_e9617a2763,U_dedf71d9b1,SPEND,-1240.74,REST,1273.82,2025-11-26T21:00:00,QR
WAL_567b49b892,U_dedf71d9b1,SPEND,-1101.2,REST,172.62,2025-11-27T14:00:00,QR
WAL_1b2a637261,U_dedf71d9b1,SPEND,-1656.44,REST,-1483.82,2025-11-27T04:00:00,QR
WAL_7f7cc4557d,U_dedf71d9b1,LOAD,10834.44,REST,9350.62,2025-11-26T02:00:00,APP
WAL_0bd30df496,U_dedf71d9b1,SPEND,-792.99,REST,8557.63,2025-11-26T07:00:00,QR
WAL_512fab7924,U_dedf71d9b1,SPEND,-838.27,REST,7719.36,2025-11-27T10:00:00,QR
WAL_96e68a4c11,U_dedf71d9b1,SPEND,-1901.39,REST,5817.97,2025-11-27T05:00:00,QR
WAL_a4419525ac,U_dedf71d9b1,SPEND,-1675.02,REST,4142.95,2025-11-27T18:00:00,QR
WAL_ec88e39c58,U_eea2f1ff21,LOAD,12666.32,DE,12666.32,2025-02-23T04:00:00,APP
WAL_1aedc6b919,U_eea2f1ff21,SPEND,-1193.2,DE,11473.12,2025-02-23T04:00:00,QR
WAL_e82bb7f6ec,U_eea2f1ff21,SPEND,-2030.46,DE,9442.66,2025-02-27T02:00:00,QR
WAL_8b40fda410,U_eea2f1ff21,SPEND,-1707.01,DE,7735.65,2025-02-28T05:00:00,QR
WAL_18b9276490,U_eea2f1ff21,SPEND,-1084.54,DE,6651.11,2025-02-21T09:00:00,QR
WAL_91ca07edd6,U_eea2f1ff21,SPEND,-1835.32,DE,4815.79,2025-02-21T12:00:00,QR
WAL_ce03a5292d,U_eea2f1ff21,SPEND,-695.71,DE,4120.08,2025-02-26T05:00:00,QR
WAL_55cfd40d8c,U_eea2f1ff21,LOAD,23482.29,DE,23482.29,2025-09-02T03:00:00,APP
WAL_da398de15c,U_eea2f1ff21,SPEND,-1332.11,DE,22150.18,2025-09-12T00:00:00,QR
WAL_8d3c4ce8fa,U_eea2f1ff21,SPEND,-1508.63,DE,20641.55,2025-09-05T22:00:00,QR
WAL_0ff54332c8,U_eea2f1ff21,SPEND,-1600.26,DE,19041.29,2025-09-03T18:00:00,QR
WAL_6666160d9c,U_eea2f1ff21,SPEND,-1645.82,DE,17395.47,2025-09-04T01:00:00,QR
WAL_8a8a62f521,U_eea2f1ff21,LOAD,14427.05,DE,14427.05,2024-09-11T04:00:00,APP
WAL_c2e1482d37,U_eea2f1ff21,SPEND,-1244.13,DE,13182.92,2024-09-03T11:00:00,QR
WAL_f99f73c254,U_eea2f1ff21,SPEND,-1071.83,DE,12111.09,2024-08-29T22:00:00,QR
WAL_4b3ba0b94d,U_eea2f1ff21,SPEND,-2204.42,DE,9906.67,2024-09-03T19:00:00,QR
WAL_fa890adf61,U_eea2f1ff21,SPEND,-3321.89,DE,6584.78,2024-09-17T09:00:00,QR
WAL_2d98bdaa83,U_eea2f1ff21,SPEND,-2108.63,DE,4476.15,2024-09-05T10:00:00,QR
WAL_d4c3dc7e44,U_eea2f1ff21,SPEND,-2193.66,DE,2282.49,2024-09-12T06:00:00,QR
WAL_c187e9b3ba,U_eea2f1ff21,SPEND,-1458.52,DE,823.97,2024-09-14T03:00:00,QR
WAL_c83a20352a,U_eea2f1ff21,SPEND,-1021.99,DE,-198.02,2024-08-29T05:00:00,QR
WAL_c15da5cddb,U_eea2f1ff21,LOAD,20042.08,DE,19844.06,2024-09-09T13:00:00,APP
WAL_ad471f36b0,U_eea2f1ff21,SPEND,-1076.52,DE,18767.54,2024-09-09T13:00:00,QR
WAL_2f05a9ceff,U_eea2f1ff21,SPEND,-4389.9,DE,14377.64,2024-09-15T01:00:00,QR
WAL_e8343dee03,U_36d954b3a4,LOAD,15060.38,CA,15060.38,2024-10-08T11:00:00,APP
WAL_2d2c380592,U_36d954b3a4,SPEND,-2425.63,CA,12634.75,2024-10-14T10:00:00,QR
WAL_2616e1bff1,U_36d954b3a4,SPEND,-3767.64,CA,8867.11,2024-10-16T16:00:00,QR
WAL_21b6a04ea5,U_88725a36fe,LOAD,18904.01,CA,18904.01,2026-06-20T15:00:00,APP
WAL_960725ad57,U_88725a36fe,SPEND,-981.26,CA,17922.75,2026-06-20T15:00:00,QR
WAL_4da710064d,U_88725a36fe,SPEND,-1262.91,CA,16659.84,2026-06-20T05:00:00,QR
WAL_4ea376d703,U_88725a36fe,SPEND,-1357.16,CA,15302.68,2026-06-10T13:00:00,QR
WAL_1409ea0294,U_88725a36fe,SPEND,-1408.27,CA,13894.41,2026-06-20T20:00:00,QR
WAL_f459b6fb9a,U_88725a36fe,SPEND,-687.35,CA,13207.06,2026-06-15T14:00:00,QR
WAL_fd2a89bccf,U_b5efe9dadd,LOAD,9271.54,GB,9271.54,2026-05-29T23:00:00,APP
WAL_158229b315,U_b5efe9dadd,SPEND,-800.09,GB,8471.45,2026-05-29T23:00:00,QR
WAL_666b4da427,U_b5efe9dadd,SPEND,-717.87,GB,7753.58,2026-05-27T05:00:00,QR
WAL_03b0f01305,U_b5efe9dadd,SPEND,-1293.6,GB,6459.98,2026-05-29T16:00:00,QR
WAL_f7b8ebf013,U_b5efe9dadd,SPEND,-602.43,GB,5857.55,2026-05-29T12:00:00,QR
WAL_0c0f68e032,U_b5efe9dadd,SPEND,-1385.0,GB,4472.55,2026-05-30T06:00:00,QR
WAL_a470751bf4,U_b5efe9dadd,SPEND,-2745.09,GB,1727.46,2026-06-02T18:00:00,QR
WAL_a52ef282f8,U_b5efe9dadd,SPEND,-1699.21,GB,28.25,2026-05-28T15:00:00,QR
WAL_bed7f2de92,U_b5efe9dadd,SPEND,-873.23,GB,-844.98,2026-05-30T00:00:00,QR
WAL_1f9ade3e50,U_b5efe9dadd,LOAD,23873.35,GB,23028.37,2026-06-03T02:00:00,APP
WAL_c2d7f5b621,U_b5efe9dadd,SPEND,-2281.83,GB,20746.54,2026-06-03T02:00:00,QR
WAL_f8fdf1fcc8,U_b5efe9dadd,SPEND,-2781.41,GB,17965.13,2026-05-30T14:00:00,QR
WAL_a5027bb4fa,U_b5efe9dadd,SPEND,-2091.69,GB,15873.44,2026-05-28T17:00:00,QR
WAL_8b8ca2ee7f,U_b5efe9dadd,SPEND,-1885.22,GB,13988.22,2026-05-28T01:00:00,QR
WAL_5adaaecd54,U_b5efe9dadd,SPEND,-956.39,GB,13031.83,2026-06-04T04:00:00,QR
WAL_627b810c37,U_b5efe9dadd,LOAD,16972.21,GB,16972.21,2025-04-11T03:00:00,APP
WAL_67fc59ae50,U_b5efe9dadd,SPEND,-734.65,GB,16237.56,2025-04-11T03:00:00,QR
WAL_8a546e22dd,U_b5efe9dadd,SPEND,-2299.37,GB,13938.19,2025-03-29T19:00:00,QR
WAL_5f61ee7ad3,U_b5efe9dadd,SPEND,-929.44,GB,13008.75,2025-03-26T22:00:00,QR
WAL_1583823cec,U_b5efe9dadd,SPEND,-3189.91,GB,9818.84,2025-04-04T06:00:00,QR
WAL_3e33e703d2,U_b5efe9dadd,SPEND,-1080.98,GB,8737.86,2025-03-31T12:00:00,QR
WAL_24c41007ba,U_b5efe9dadd,SPEND,-1687.73,GB,7050.13,2025-04-05T06:00:00,QR
WAL_041d586f23,U_947860f501,LOAD,15289.5,REST,15289.5,2026-03-25T13:00:00,APP
WAL_4358bdb25c,U_947860f501,SPEND,-1715.95,REST,13573.55,2026-03-26T01:00:00,QR
WAL_f8cf2000b5,U_947860f501,SPEND,-4225.15,REST,9348.4,2026-03-22T14:00:00,QR
WAL_8ef659d78a,U_947860f501,SPEND,-3846.94,REST,5501.46,2026-03-21T09:00:00,QR
WAL_34fa322053,U_cb87536312,LOAD,13106.02,GB,13106.02,2026-02-12T00:00:00,APP
WAL_ad0533bd64,U_cb87536312,SPEND,-935.9,GB,12170.12,2026-02-12T00:00:00,QR
WAL_1969310c23,U_cb87536312,SPEND,-2992.73,GB,9177.39,2026-02-11T07:00:00,QR
WAL_9279dd7827,U_cb87536312,SPEND,-1882.93,GB,7294.46,2026-02-12T19:00:00,QR
WAL_323310f111,U_cb87536312,SPEND,-2430.08,GB,4864.38,2026-02-12T02:00:00,QR
WAL_44ee8f2b5d,U_1e34413013,LOAD,16677.22,US,16677.22,2024-12-16T23:00:00,APP
WAL_abb328de65,U_1e34413013,SPEND,-4069.65,US,12607.57,2024-12-16T23:00:00,QR
WAL_533c6c829f,U_1e34413013,SPEND,-592.16,US,12015.41,2024-12-08T09:00:00,QR
WAL_9c912fa5a0,U_1e34413013,SPEND,-1971.83,US,10043.58,2024-12-16T05:00:00,QR
WAL_d899a20045,U_1e34413013,SPEND,-1344.22,US,8699.36,2024-12-11T02:00:00,QR
WAL_3b85c0e9f5,U_1e34413013,SPEND,-1709.37,US,6989.99,2024-12-10T12:00:00,QR
WAL_ed6d8836cf,U_1e34413013,SPEND,-1077.89,US,5912.1,2024-12-15T11:00:00,QR
WAL_804dd18cf2,U_31996a605e,LOAD,11622.18,AE,11622.18,2025-01-15T08:00:00,APP
WAL_af9377bcd3,U_31996a605e,SPEND,-640.82,AE,10981.36,2025-01-09T11:00:00,QR
WAL_526c78a6ce,U_31996a605e,SPEND,-2770.62,AE,8210.74,2025-01-13T14:00:00,QR
WAL_f85ac2669b,U_31996a605e,LOAD,20473.48,AE,20473.48,2025-04-24T21:00:00,APP
WAL_736524265f,U_31996a605e,SPEND,-1898.93,AE,18574.55,2025-04-24T21:00:00,QR
WAL_f28a5764df,U_31996a605e,SPEND,-1656.51,AE,16918.04,2025-05-06T07:00:00,QR
WAL_0a35fc91e9,U_31996a605e,SPEND,-919.2,AE,15998.84,2025-05-02T16:00:00,QR
WAL_62ac4e6c41,U_31996a605e,SPEND,-1682.76,AE,14316.08,2025-05-07T00:00:00,QR
WAL_e923ce3bd6,U_31996a605e,SPEND,-3809.08,AE,10507.0,2025-05-05T16:00:00,QR
WAL_34674f2db8,U_31996a605e,SPEND,-1817.14,AE,8689.86,2025-05-07T18:00:00,QR
WAL_8757281e2f,U_fe01c80db2,LOAD,10068.87,US,10068.87,2026-01-18T08:00:00,APP
WAL_f5b108c888,U_fe01c80db2,SPEND,-791.12,US,9277.75,2026-01-18T08:00:00,QR
WAL_9cab37e947,U_fe01c80db2,SPEND,-822.61,US,8455.14,2026-01-11T18:00:00,QR
WAL_a4a06c5b5b,U_fe01c80db2,SPEND,-1514.88,US,6940.26,2026-01-15T15:00:00,QR
WAL_811f78d6e3,U_fe01c80db2,SPEND,-1120.94,US,5819.32,2026-01-17T17:00:00,QR
WAL_5629c0997a,U_d0b22de59b,LOAD,14036.35,US,14036.35,2026-03-06T16:00:00,APP
WAL_edaf79bc09,U_d0b22de59b,SPEND,-1308.37,US,12727.98,2026-03-06T16:00:00,QR
WAL_f6e9199dd3,U_d0b22de59b,SPEND,-1605.96,US,11122.02,2026-03-05T13:00:00,QR
WAL_acf3c77fea,U_d0b22de59b,SPEND,-2653.37,US,8468.65,2026-03-06T14:00:00,QR
WAL_ab506214d8,U_d0b22de59b,SPEND,-875.88,US,7592.77,2026-03-05T21:00:00,QR
WAL_985c8d498d,U_d0b22de59b,SPEND,-846.31,US,6746.46,2026-03-07T17:00:00,QR
WAL_8a17db685d,U_d0b22de59b,LOAD,14747.96,US,14747.96,2026-02-02T07:00:00,APP
WAL_2743ac6fb9,U_d0b22de59b,SPEND,-1718.39,US,13029.57,2026-02-02T13:00:00,QR
WAL_f78155cd96,U_d0b22de59b,SPEND,-766.18,US,12263.39,2026-02-03T22:00:00,QR
WAL_d58290c47c,U_d0b22de59b,SPEND,-1299.21,US,10964.18,2026-02-04T18:00:00,QR
WAL_306a53a126,U_0ac0869912,LOAD,21179.22,AU,21179.22,2026-06-02T12:00:00,APP
WAL_ae3a99d3e5,U_0ac0869912,SPEND,-370.55,AU,20808.67,2026-06-02T12:00:00,QR
WAL_275188d07f,U_0ac0869912,SPEND,-618.23,AU,20190.44,2026-06-03T17:00:00,QR
WAL_012ea5d1f4,U_0ac0869912,SPEND,-1026.81,AU,19163.63,2026-05-29T07:00:00,QR
WAL_9448cc74b4,U_0ac0869912,SPEND,-1218.84,AU,17944.79,2026-05-31T17:00:00,QR
WAL_388171b4aa,U_69a2767e89,LOAD,16901.63,US,16901.63,2026-07-02T16:00:00,APP
WAL_a50c985f5b,U_69a2767e89,SPEND,-949.53,US,15952.1,2026-07-02T16:00:00,QR
WAL_3fc68095e1,U_69a2767e89,SPEND,-1550.28,US,14401.82,2026-06-21T21:00:00,QR
WAL_cb72e40f16,U_3e41e56a94,LOAD,20643.48,GB,20643.48,2026-02-27T22:00:00,APP
WAL_031f86592b,U_3e41e56a94,SPEND,-2277.31,GB,18366.17,2026-02-27T22:00:00,QR
WAL_cf0fb262dd,U_3e41e56a94,SPEND,-2258.33,GB,16107.84,2026-02-26T10:00:00,QR
WAL_e0fcbfb776,U_3e41e56a94,SPEND,-1127.71,GB,14980.13,2026-02-26T04:00:00,QR
WAL_4ea0ef8b71,U_3e41e56a94,SPEND,-894.54,GB,14085.59,2026-02-24T18:00:00,QR
WAL_82cbc0df55,U_3e41e56a94,SPEND,-1480.95,GB,12604.64,2026-03-01T21:00:00,QR
WAL_3cd4837589,U_3e41e56a94,SPEND,-1045.94,GB,11558.7,2026-02-28T23:00:00,QR
WAL_cb60cdf13a,U_3e41e56a94,SPEND,-1089.41,GB,10469.29,2026-02-24T21:00:00,QR
WAL_a2342c6892,U_3e41e56a94,SPEND,-974.95,GB,9494.34,2026-02-26T06:00:00,QR
WAL_d60bdccaf2,U_3e41e56a94,LOAD,19436.92,GB,19436.92,2024-10-24T16:00:00,APP
WAL_e60d80016d,U_3e41e56a94,SPEND,-1890.07,GB,17546.85,2024-10-23T03:00:00,QR
WAL_7dce2c1942,U_3e41e56a94,SPEND,-1013.8,GB,16533.05,2024-10-24T22:00:00,QR
WAL_5545eaec2c,U_3e41e56a94,SPEND,-742.9,GB,15790.15,2024-10-24T01:00:00,QR
WAL_ac50e8d3ba,U_3e41e56a94,SPEND,-864.2,GB,14925.95,2024-10-27T19:00:00,QR
WAL_ca93354538,U_3e41e56a94,SPEND,-2084.54,GB,12841.41,2024-10-29T10:00:00,QR
WAL_fa2163bbc6,U_3e41e56a94,SPEND,-1803.59,GB,11037.82,2024-10-24T22:00:00,QR
WAL_6b33e36eb1,U_3e41e56a94,LOAD,9854.65,GB,9854.65,2025-05-20T22:00:00,APP
WAL_077c7e0ba8,U_3e41e56a94,SPEND,-2821.99,GB,7032.66,2025-05-20T22:00:00,QR
WAL_c33de0a9ee,U_3e41e56a94,SPEND,-1641.69,GB,5390.97,2025-05-29T03:00:00,QR
WAL_fa226d4ba9,U_3e41e56a94,SPEND,-779.1,GB,4611.87,2025-05-19T17:00:00,QR
WAL_69f3d5175a,U_3e41e56a94,SPEND,-2310.28,GB,2301.59,2025-05-27T02:00:00,QR
WAL_cbfe393568,U_e43e739ecc,LOAD,6626.87,DE,6626.87,2026-04-24T15:00:00,APP
WAL_f27d7065fa,U_e43e739ecc,SPEND,-2508.23,DE,4118.64,2026-04-24T15:00:00,QR
WAL_e3555527c2,U_af7cdc1ac6,LOAD,15973.08,US,15973.08,2026-03-27T14:00:00,APP
WAL_e67a2bf841,U_af7cdc1ac6,SPEND,-496.31,US,15476.77,2026-03-27T14:00:00,QR
WAL_8bb00c127b,U_af7cdc1ac6,SPEND,-1478.54,US,13998.23,2026-03-20T08:00:00,QR
WAL_0f49efd307,U_af7cdc1ac6,SPEND,-921.47,US,13076.76,2026-03-19T05:00:00,QR
WAL_e9d3dffdc0,U_af7cdc1ac6,LOAD,14047.43,US,14047.43,2025-10-09T20:00:00,APP
WAL_701b0d6280,U_af7cdc1ac6,SPEND,-3400.18,US,10647.25,2025-10-19T20:00:00,QR
WAL_3a7da7a35d,U_af7cdc1ac6,LOAD,16045.03,US,16045.03,2025-12-11T21:00:00,APP
WAL_0cd77474b7,U_af7cdc1ac6,SPEND,-891.59,US,15153.44,2025-12-11T21:00:00,QR
WAL_86fd529ff4,U_af7cdc1ac6,SPEND,-1783.02,US,13370.42,2025-11-29T19:00:00,QR
WAL_d1390e8e26,U_af7cdc1ac6,SPEND,-2976.56,US,10393.86,2025-12-13T05:00:00,QR
WAL_c9f5ea3e96,U_af7cdc1ac6,SPEND,-1544.34,US,8849.52,2025-12-03T16:00:00,QR
WAL_ec4d266247,U_af7cdc1ac6,SPEND,-2664.3,US,6185.22,2025-12-13T20:00:00,QR
WAL_1256ec453b,U_af7cdc1ac6,SPEND,-801.44,US,5383.78,2025-12-08T00:00:00,QR
WAL_36f76f4922,U_af7cdc1ac6,SPEND,-617.32,US,4766.46,2025-12-13T18:00:00,QR
WAL_d7c26f2b3c,U_5ebe4afeb1,LOAD,15928.43,AU,15928.43,2025-08-13T03:00:00,APP
WAL_75134e23e5,U_5ebe4afeb1,SPEND,-2352.27,AU,13576.16,2025-08-15T18:00:00,QR
WAL_ab93e86720,U_5ebe4afeb1,SPEND,-1674.81,AU,11901.35,2025-08-15T07:00:00,QR
WAL_a1974c777e,U_5ebe4afeb1,LOAD,18147.58,AU,18147.58,2025-04-15T09:00:00,APP
WAL_26fc7797f2,U_5ebe4afeb1,SPEND,-819.76,AU,17327.82,2025-04-15T09:00:00,QR
WAL_0f70d3ef6c,U_5ebe4afeb1,SPEND,-2145.06,AU,15182.76,2025-04-10T07:00:00,QR
WAL_fd45c9aa1e,U_5ebe4afeb1,SPEND,-1460.34,AU,13722.42,2025-04-11T16:00:00,QR
WAL_e31b7da76f,U_5ebe4afeb1,SPEND,-2647.46,AU,11074.96,2025-04-17T05:00:00,QR
WAL_19b3ffe654,U_5ebe4afeb1,SPEND,-793.33,AU,10281.63,2025-04-04T07:00:00,QR
WAL_11495709a1,U_5ebe4afeb1,SPEND,-1365.49,AU,8916.14,2025-04-09T12:00:00,QR
WAL_90f9161f48,U_5ebe4afeb1,SPEND,-1080.61,AU,7835.53,2025-04-10T06:00:00,QR
WAL_482f8d0f8e,U_5ebe4afeb1,SPEND,-982.7,AU,6852.83,2025-04-09T22:00:00,QR
WAL_896b06da28,U_5ebe4afeb1,SPEND,-779.92,AU,6072.91,2025-04-15T11:00:00,QR
WAL_93af3daa82,U_3c1b75d6b6,LOAD,18226.01,US,18226.01,2024-12-31T14:00:00,APP
WAL_6e0f00345d,U_3c1b75d6b6,SPEND,-852.97,US,17373.04,2024-12-31T14:00:00,QR
WAL_60077637d2,U_3c1b75d6b6,SPEND,-1037.8,US,16335.24,2025-01-02T22:00:00,QR
WAL_d624883ff0,U_3c1b75d6b6,SPEND,-737.9,US,15597.34,2024-12-31T20:00:00,QR
WAL_784972e3cb,U_3c1b75d6b6,SPEND,-1469.98,US,14127.36,2024-12-31T20:00:00,QR
WAL_0c546d384f,U_572ef0a751,LOAD,20443.1,REST,20443.1,2025-01-28T21:00:00,APP
WAL_fd84f4caa3,U_572ef0a751,SPEND,-1132.58,REST,19310.52,2025-01-28T21:00:00,QR
WAL_19dce520d4,U_572ef0a751,SPEND,-1070.42,REST,18240.1,2025-01-29T11:00:00,QR
WAL_52a5209610,U_572ef0a751,SPEND,-1595.19,REST,16644.91,2025-02-04T07:00:00,QR
WAL_c9a802309d,U_572ef0a751,SPEND,-1149.62,REST,15495.29,2025-01-30T08:00:00,QR
WAL_d54c5674d6,U_572ef0a751,SPEND,-1272.39,REST,14222.9,2025-01-27T11:00:00,QR
WAL_a10471dddb,U_572ef0a751,SPEND,-1625.06,REST,12597.84,2025-01-29T17:00:00,QR
WAL_d407a3f8be,U_572ef0a751,LOAD,19965.51,REST,19965.51,2025-05-14T13:00:00,APP
WAL_bfee51b8b4,U_572ef0a751,SPEND,-3503.88,REST,16461.63,2025-05-14T13:00:00,QR
WAL_a24045e1c6,U_572ef0a751,SPEND,-1079.74,REST,15381.89,2025-05-10T16:00:00,QR
WAL_b9c5fcb3a0,U_572ef0a751,SPEND,-633.57,REST,14748.32,2025-05-05T13:00:00,QR
WAL_c75617e508,U_572ef0a751,SPEND,-2093.16,REST,12655.16,2025-05-08T03:00:00,QR
WAL_dcb23bc1f9,U_572ef0a751,SPEND,-928.69,REST,11726.47,2025-05-18T19:00:00,QR
WAL_23e1a50e25,U_572ef0a751,SPEND,-1758.83,REST,9967.64,2025-05-05T05:00:00,QR
WAL_7f00a795d1,U_572ef0a751,SPEND,-2986.51,REST,6981.13,2025-05-19T21:00:00,QR
WAL_93d01516d4,U_572ef0a751,SPEND,-1968.95,REST,5012.18,2025-05-08T21:00:00,QR
WAL_a5ef2b24a0,U_572ef0a751,LOAD,24822.61,REST,24822.61,2025-01-15T14:00:00,APP
WAL_e0259ce42a,U_572ef0a751,SPEND,-2209.13,REST,22613.48,2025-01-15T14:00:00,QR
WAL_841ca36e83,U_572ef0a751,SPEND,-3129.52,REST,19483.96,2025-01-09T18:00:00,QR
WAL_0aa749fffe,U_572ef0a751,SPEND,-995.46,REST,18488.5,2025-01-05T23:00:00,QR
WAL_74671cb4bd,U_572ef0a751,SPEND,-873.37,REST,17615.13,2025-01-06T15:00:00,QR
WAL_b9c1560397,U_572ef0a751,SPEND,-1133.72,REST,16481.41,2025-01-06T00:00:00,QR
WAL_d9475fedea,U_572ef0a751,SPEND,-1428.17,REST,15053.24,2025-01-04T03:00:00,QR
WAL_70ad2c4caf,U_572ef0a751,SPEND,-858.17,REST,14195.07,2025-01-06T09:00:00,QR
WAL_d688e0302a,U_572ef0a751,SPEND,-1889.05,REST,12306.02,2025-01-04T06:00:00,QR
WAL_5c506a5f89,U_572ef0a751,SPEND,-1357.21,REST,10948.81,2025-01-07T10:00:00,QR
WAL_782b989e1e,U_572ef0a751,LOAD,11593.89,REST,11593.89,2025-02-28T17:00:00,APP
WAL_63d34b26ed,U_572ef0a751,SPEND,-1389.75,REST,10204.14,2025-02-28T17:00:00,QR
WAL_31296a7647,U_572ef0a751,SPEND,-2144.64,REST,8059.5,2025-02-26T08:00:00,QR
WAL_7a007e519a,U_572ef0a751,SPEND,-1432.73,REST,6626.77,2025-02-20T11:00:00,QR
WAL_4e63eaa222,U_572ef0a751,LOAD,9404.66,REST,9404.66,2025-07-01T00:00:00,APP
WAL_a502c83212,U_572ef0a751,SPEND,-2554.04,REST,6850.62,2025-07-06T22:00:00,QR
WAL_4ed0d7f5a9,U_572ef0a751,SPEND,-3308.4,REST,3542.22,2025-07-05T23:00:00,QR
WAL_9013d32fbd,U_572ef0a751,SPEND,-1647.52,REST,1894.7,2025-07-08T05:00:00,QR
WAL_fae9537ded,U_50484e472b,LOAD,21405.39,US,21405.39,2026-06-19T00:00:00,APP
WAL_31bd7f58f6,U_50484e472b,SPEND,-2248.61,US,19156.78,2026-06-19T00:00:00,QR
WAL_54b60f548b,U_50484e472b,SPEND,-998.45,US,18158.33,2026-06-23T02:00:00,QR
WAL_f3884ec653,U_50484e472b,SPEND,-968.41,US,17189.92,2026-06-26T09:00:00,QR
WAL_414b706a84,U_50484e472b,SPEND,-2072.67,US,15117.25,2026-06-16T18:00:00,QR
WAL_7602ea1d88,U_50484e472b,SPEND,-1798.0,US,13319.25,2026-06-22T19:00:00,QR
WAL_56a6448fd7,U_50484e472b,SPEND,-1673.75,US,11645.5,2026-06-20T07:00:00,QR
WAL_7a22fa0303,U_aa0b75f8e9,LOAD,13146.65,US,13146.65,2024-11-05T10:00:00,APP
WAL_557e1b55bb,U_aa0b75f8e9,SPEND,-2443.36,US,10703.29,2024-11-05T10:00:00,QR
WAL_64ac3cc2da,U_aa0b75f8e9,SPEND,-1316.08,US,9387.21,2024-11-17T10:00:00,QR
WAL_f916b7eaee,U_aa0b75f8e9,SPEND,-2789.96,US,6597.25,2024-11-08T01:00:00,QR
WAL_0ae6150f58,U_aa0b75f8e9,SPEND,-2022.89,US,4574.36,2024-11-09T21:00:00,QR
WAL_07346af7ca,U_aa0b75f8e9,SPEND,-813.75,US,3760.61,2024-11-07T20:00:00,QR
WAL_1914d31ba9,U_aa0b75f8e9,SPEND,-2452.75,US,1307.86,2024-11-03T17:00:00,QR
WAL_fe2e283f4b,U_aa0b75f8e9,SPEND,-1123.25,US,184.61,2024-11-05T22:00:00,QR
WAL_ee3c778fdf,U_aa0b75f8e9,SPEND,-1090.35,US,-905.74,2024-11-05T01:00:00,QR
WAL_141fce5a1a,U_aa0b75f8e9,LOAD,4328.98,US,3423.24,2024-11-12T05:00:00,APP
WAL_15c30c76d7,U_aa0b75f8e9,SPEND,-1990.53,US,1432.71,2024-11-12T05:00:00,QR
WAL_9a465ff248,U_aa0b75f8e9,SPEND,-1682.96,US,-250.25,2024-11-13T20:00:00,QR
WAL_b4423dfc80,U_aa0b75f8e9,LOAD,10535.87,US,10285.62,2024-11-02T21:00:00,APP
WAL_06c654fb21,U_aa0b75f8e9,SPEND,-1177.51,US,9108.11,2024-11-02T21:00:00,QR
WAL_c8d8805532,U_aa0b75f8e9,SPEND,-3634.44,US,5473.67,2024-11-09T16:00:00,QR
WAL_edb0563893,U_c3ca2b2a0c,LOAD,9717.72,US,9717.72,2025-08-02T09:00:00,APP
WAL_00cbd66ae9,U_c3ca2b2a0c,SPEND,-1642.14,US,8075.58,2025-08-06T00:00:00,QR
WAL_fef880b014,U_c3ca2b2a0c,SPEND,-1211.3,US,6864.28,2025-07-30T04:00:00,QR
WAL_953c5e836a,U_c3ca2b2a0c,SPEND,-554.63,US,6309.65,2025-08-04T09:00:00,QR
WAL_68551eeac6,U_c3ca2b2a0c,SPEND,-769.31,US,5540.34,2025-08-06T02:00:00,QR
WAL_e96f497629,U_c3ca2b2a0c,SPEND,-1374.25,US,4166.09,2025-07-29T05:00:00,QR
WAL_1c6454f63f,U_c3ca2b2a0c,LOAD,16388.1,US,16388.1,2024-12-11T23:00:00,APP
WAL_1cd36454cb,U_c3ca2b2a0c,SPEND,-2132.19,US,14255.91,2024-12-11T23:00:00,QR
WAL_c8dd75fb75,U_c3ca2b2a0c,SPEND,-2728.31,US,11527.6,2024-12-21T06:00:00,QR
WAL_472b6ea764,U_e98862737c,LOAD,2470.38,REST,2470.38,2025-04-16T02:00:00,APP
WAL_1b450248fe,U_e98862737c,SPEND,-1087.3,REST,1383.08,2025-04-17T06:00:00,QR
WAL_7542438f43,U_da2dbdbfd6,LOAD,17000.12,GB,17000.12,2025-02-06T21:00:00,APP
WAL_0ec0aaab0a,U_da2dbdbfd6,SPEND,-1804.72,GB,15195.4,2025-02-06T21:00:00,QR
WAL_e88522ddee,U_da2dbdbfd6,SPEND,-2096.03,GB,13099.37,2025-02-09T22:00:00,QR
WAL_f4208e7394,U_da2dbdbfd6,SPEND,-2257.76,GB,10841.61,2025-02-03T16:00:00,QR
WAL_137938c8db,U_da2dbdbfd6,LOAD,18557.99,GB,18557.99,2025-12-09T15:00:00,APP
WAL_1f7540f1a5,U_da2dbdbfd6,SPEND,-536.93,GB,18021.06,2025-12-09T15:00:00,QR
WAL_0ba9f288c5,U_da2dbdbfd6,SPEND,-1059.66,GB,16961.4,2025-12-10T13:00:00,QR
WAL_4ab00ffea8,U_da2dbdbfd6,SPEND,-839.42,GB,16121.98,2025-12-08T21:00:00,QR
WAL_cee3a8067d,U_da2dbdbfd6,LOAD,16740.61,GB,16740.61,2024-10-25T03:00:00,APP
WAL_77bc3a7136,U_da2dbdbfd6,SPEND,-1355.73,GB,15384.88,2024-10-25T03:00:00,QR
WAL_3a2c707d23,U_6dccf29609,LOAD,8795.15,DE,8795.15,2025-02-13T21:00:00,APP
WAL_d30828c670,U_6dccf29609,SPEND,-931.87,DE,7863.28,2025-02-13T21:00:00,QR
WAL_c6fb2b9305,U_6dccf29609,SPEND,-1564.87,DE,6298.41,2025-02-15T22:00:00,QR
WAL_b4ee885047,U_6dccf29609,SPEND,-2353.12,DE,3945.29,2025-02-19T12:00:00,QR
WAL_043d29e90f,U_853b41bd9c,LOAD,2970.76,US,2970.76,2026-04-15T20:00:00,APP
WAL_3c3b188541,U_853b41bd9c,SPEND,-1300.33,US,1670.43,2026-04-12T17:00:00,QR
WAL_9dd0841338,U_853b41bd9c,SPEND,-589.69,US,1080.74,2026-04-14T05:00:00,QR
WAL_4361b0ad3e,U_853b41bd9c,SPEND,-1192.72,US,-111.98,2026-04-18T00:00:00,QR
WAL_81099415d5,U_853b41bd9c,LOAD,12616.32,US,12504.34,2026-04-15T16:00:00,APP
WAL_37976064a3,U_853b41bd9c,SPEND,-2983.11,US,9521.23,2026-04-11T04:00:00,QR
WAL_73c10a946a,U_853b41bd9c,SPEND,-1059.56,US,8461.67,2026-04-17T03:00:00,QR
WAL_b3fc2ae493,U_853b41bd9c,SPEND,-942.99,US,7518.68,2026-04-18T21:00:00,QR
WAL_cb826dd4d1,U_853b41bd9c,SPEND,-1617.61,US,5901.07,2026-04-19T10:00:00,QR
WAL_3bd5c70130,U_853b41bd9c,LOAD,20606.59,US,20606.59,2024-12-11T10:00:00,APP
WAL_030bc09baf,U_853b41bd9c,SPEND,-1075.4,US,19531.19,2024-12-11T10:00:00,QR
WAL_12e38d83e7,U_853b41bd9c,SPEND,-2044.57,US,17486.62,2024-12-15T11:00:00,QR
WAL_e3c3a024e4,U_a36aa166c0,LOAD,7688.72,REST,7688.72,2025-10-12T15:00:00,APP
WAL_992c44767e,U_a36aa166c0,SPEND,-1559.37,REST,6129.35,2025-10-12T15:00:00,QR
WAL_78d3d22764,U_a36aa166c0,SPEND,-1621.76,REST,4507.59,2025-10-09T07:00:00,QR
WAL_62359b5b53,U_a36aa166c0,SPEND,-2453.97,REST,2053.62,2025-10-13T07:00:00,QR
WAL_14b2f205ce,U_a36aa166c0,SPEND,-2263.63,REST,-210.01,2025-10-14T04:00:00,QR
WAL_b2db83b86e,U_a36aa166c0,LOAD,15009.46,REST,15009.46,2026-02-10T17:00:00,APP
WAL_7d832b1b07,U_56a5b8aa3d,LOAD,23933.38,REST,23933.38,2025-12-12T01:00:00,APP
WAL_1984ab57c4,U_56a5b8aa3d,SPEND,-2059.07,REST,21874.31,2025-12-13T03:00:00,QR
WAL_22ba393458,U_56a5b8aa3d,SPEND,-2002.73,REST,19871.58,2025-12-13T12:00:00,QR
WAL_9f36d0b060,U_56a5b8aa3d,SPEND,-1122.19,REST,18749.39,2025-12-12T01:00:00,QR
WAL_b061644134,U_56a5b8aa3d,SPEND,-3241.25,REST,15508.14,2025-12-14T03:00:00,QR
WAL_4ed4ba40e9,U_56a5b8aa3d,SPEND,-1492.46,REST,14015.68,2025-12-13T00:00:00,QR
WAL_c560c09ec9,U_56a5b8aa3d,LOAD,17699.15,REST,17699.15,2026-04-08T14:00:00,APP
WAL_f1fe9bee60,U_56a5b8aa3d,SPEND,-1249.39,REST,16449.76,2026-04-08T14:00:00,QR
WAL_8f37a3b8a0,U_56a5b8aa3d,LOAD,18163.67,REST,18163.67,2024-09-09T11:00:00,APP
WAL_e9cabff92c,U_56a5b8aa3d,SPEND,-913.86,REST,17249.81,2024-09-09T11:00:00,QR
WAL_e9296eb660,U_56a5b8aa3d,SPEND,-2726.95,REST,14522.86,2024-09-13T15:00:00,QR
WAL_4c163ea155,U_56a5b8aa3d,SPEND,-3988.72,REST,10534.14,2024-09-05T01:00:00,QR
WAL_bfc85db0e0,U_e2cdefb1df,LOAD,3799.72,AU,3799.72,2025-01-22T18:00:00,APP
WAL_4d1565afce,U_e2cdefb1df,SPEND,-4603.24,AU,-803.52,2025-01-27T14:00:00,QR
WAL_f3976d051f,U_e2cdefb1df,LOAD,9064.74,AU,8261.23,2025-01-23T06:00:00,APP
WAL_f377ffdbb7,U_e2cdefb1df,SPEND,-2430.85,AU,5830.38,2025-01-21T05:00:00,QR
WAL_411a0657ff,U_e2cdefb1df,SPEND,-4510.52,AU,1319.86,2025-01-24T07:00:00,QR
WAL_6a904f3486,U_e2cdefb1df,SPEND,-1054.63,AU,265.23,2025-01-24T03:00:00,QR
WAL_9ee47d30b1,U_e2cdefb1df,SPEND,-1124.75,AU,-859.52,2025-01-24T05:00:00,QR
WAL_9e597083e7,U_92f72f5808,LOAD,16902.85,REST,16902.85,2026-07-11T16:00:00,APP
WAL_85d08b9b69,U_92f72f5808,SPEND,-1410.01,REST,15492.84,2026-06-24T00:00:00,QR
WAL_c5cf9d60ba,U_92f72f5808,SPEND,-2049.53,REST,13443.31,2026-06-28T09:00:00,QR
WAL_eef178dd31,U_92f72f5808,SPEND,-1189.87,REST,12253.44,2026-06-29T12:00:00,QR
WAL_d47b7cdb30,U_92f72f5808,SPEND,-1754.26,REST,10499.18,2026-07-12T17:00:00,QR
WAL_cd7e9b2903,U_92f72f5808,SPEND,-638.48,REST,9860.7,2026-07-01T12:00:00,QR
WAL_25f5c6d890,U_92f72f5808,SPEND,-583.59,REST,9277.11,2026-07-08T00:00:00,QR
WAL_d9ddf1ef50,U_33060b4bd8,LOAD,10604.4,AE,10604.4,2025-01-05T13:00:00,APP
WAL_8ea88d99b7,U_33060b4bd8,SPEND,-2611.84,AE,7992.56,2025-01-05T13:00:00,QR
WAL_dabc0b1751,U_33060b4bd8,SPEND,-790.68,AE,7201.88,2025-01-18T13:00:00,QR
WAL_a58bb5cca1,U_33060b4bd8,SPEND,-651.4,AE,6550.48,2025-01-10T17:00:00,QR
WAL_60b0e7022b,U_33060b4bd8,SPEND,-889.22,AE,5661.26,2025-01-08T04:00:00,QR
WAL_7fb0acaaca,U_33060b4bd8,SPEND,-1526.21,AE,4135.05,2024-12-29T23:00:00,QR
WAL_27dc467f09,U_33060b4bd8,SPEND,-1587.25,AE,2547.8,2025-01-15T19:00:00,QR
WAL_8ea41dede6,U_a2cf48e046,LOAD,16899.54,US,16899.54,2025-12-29T00:00:00,APP
WAL_399250a677,U_a2cf48e046,SPEND,-1175.45,US,15724.09,2025-12-29T00:00:00,QR
WAL_9e9c3f51b7,U_a2cf48e046,SPEND,-550.05,US,15174.04,2025-12-26T07:00:00,QR
WAL_dc77ea7957,U_a2cf48e046,SPEND,-1666.54,US,13507.5,2025-12-25T00:00:00,QR
WAL_0d5f393add,U_a2cf48e046,SPEND,-1594.39,US,11913.11,2025-12-29T14:00:00,QR
WAL_6451ad3755,U_a2cf48e046,SPEND,-3022.35,US,8890.76,2025-12-25T00:00:00,QR
WAL_78f7839e2f,U_a2cf48e046,SPEND,-1445.43,US,7445.33,2025-12-28T14:00:00,QR
WAL_c94e2e710c,U_44a0c60c9c,LOAD,13420.45,GB,13420.45,2026-05-01T09:00:00,APP
WAL_023164fb0a,U_44a0c60c9c,SPEND,-999.54,GB,12420.91,2026-05-01T09:00:00,QR
WAL_91914341ba,U_44a0c60c9c,SPEND,-1440.74,GB,10980.17,2026-05-11T09:00:00,QR
WAL_6e431d69ad,U_44a0c60c9c,SPEND,-1543.01,GB,9437.16,2026-04-29T02:00:00,QR
WAL_e1f4d48557,U_44a0c60c9c,SPEND,-2100.84,GB,7336.32,2026-05-12T22:00:00,QR
WAL_8379ce86f2,U_44a0c60c9c,LOAD,2140.13,GB,2140.13,2026-04-28T18:00:00,APP
WAL_0ae6c173be,U_44a0c60c9c,SPEND,-2349.07,GB,-208.94,2026-04-26T16:00:00,QR
WAL_865fdffd03,U_44a0c60c9c,LOAD,20365.4,GB,20156.46,2026-04-24T12:00:00,APP
WAL_f641a29d09,U_44a0c60c9c,SPEND,-974.7,GB,19181.76,2026-04-24T12:00:00,QR
WAL_a01b276d06,U_44a0c60c9c,SPEND,-1948.75,GB,17233.01,2026-04-26T03:00:00,QR
WAL_0f45cbafe0,U_44a0c60c9c,LOAD,15789.55,GB,15789.55,2026-05-13T16:00:00,APP
WAL_379b847c66,U_44a0c60c9c,SPEND,-4292.68,GB,11496.87,2026-05-13T16:00:00,QR
WAL_44382d3d50,U_eae73fe507,LOAD,6195.32,GB,6195.32,2026-06-03T23:00:00,APP
WAL_ca1e70d023,U_eae73fe507,SPEND,-1625.93,GB,4569.39,2026-06-17T11:00:00,QR
WAL_5be859165d,U_eae73fe507,SPEND,-1973.65,GB,2595.74,2026-06-14T07:00:00,QR
WAL_ef03022d3c,U_eae73fe507,SPEND,-1180.62,GB,1415.12,2026-06-16T22:00:00,QR
WAL_32755058db,U_eae73fe507,LOAD,21024.72,GB,21024.72,2025-04-28T08:00:00,APP
WAL_53dd85097c,U_eae73fe507,LOAD,10009.43,GB,10009.43,2025-04-13T17:00:00,APP
WAL_1021c87186,U_eae73fe507,SPEND,-2362.96,GB,7646.47,2025-04-13T17:00:00,QR
WAL_e16554fa92,U_eae73fe507,SPEND,-1684.08,GB,5962.39,2025-04-14T07:00:00,QR
WAL_035c5a097d,U_eae73fe507,SPEND,-1168.39,GB,4794.0,2025-04-15T20:00:00,QR
WAL_b943068c72,U_eae73fe507,LOAD,16081.81,GB,16081.81,2026-03-22T06:00:00,APP
WAL_3c3f7583eb,U_eae73fe507,SPEND,-1383.54,GB,14698.27,2026-03-22T06:00:00,QR
WAL_ec4e67b514,U_eae73fe507,SPEND,-1035.77,GB,13662.5,2026-03-25T06:00:00,QR
WAL_1820642db8,U_eae73fe507,SPEND,-2396.99,GB,11265.51,2026-03-22T06:00:00,QR
WAL_da9201293d,U_eae73fe507,SPEND,-2759.56,GB,8505.95,2026-03-24T18:00:00,QR
WAL_9622441b45,U_10681af252,LOAD,21775.75,US,21775.75,2026-07-26T17:00:00,APP
WAL_d600ee9844,U_10681af252,SPEND,-1169.21,US,20606.54,2026-07-26T17:00:00,QR
WAL_ecf8aa0d2c,U_10681af252,SPEND,-3767.55,US,16838.99,2026-07-25T01:00:00,QR
WAL_9ca11748e6,U_10681af252,SPEND,-4838.75,US,12000.24,2026-07-18T07:00:00,QR
WAL_0fc55b5a80,U_10681af252,SPEND,-1366.07,US,10634.17,2026-07-18T17:00:00,QR
WAL_354cb2b3c6,U_10681af252,SPEND,-2410.14,US,8224.03,2026-07-24T15:00:00,QR
WAL_6fe5595195,U_10681af252,SPEND,-1069.63,US,7154.4,2026-07-15T17:00:00,QR
WAL_8f035f62be,U_10681af252,SPEND,-802.94,US,6351.46,2026-07-15T06:00:00,QR
WAL_efe31eaab7,U_10681af252,SPEND,-907.19,US,5444.27,2026-07-13T17:00:00,QR
WAL_ff58c74c76,U_10681af252,LOAD,3017.37,US,3017.37,2025-07-15T15:00:00,APP
WAL_9a1c481288,U_10681af252,SPEND,-1695.82,US,1321.55,2025-07-15T15:00:00,QR
WAL_e4d9b659c6,U_10681af252,SPEND,-2606.89,US,-1285.34,2025-07-10T15:00:00,QR
WAL_4885c0b143,U_10681af252,LOAD,14798.35,US,13513.0,2025-07-21T01:00:00,APP
WAL_e55e8ba1ee,U_10681af252,SPEND,-2048.58,US,11464.42,2025-07-19T09:00:00,QR
WAL_66b312d68f,U_10681af252,SPEND,-2753.0,US,8711.42,2025-07-19T18:00:00,QR
WAL_d4328a9be0,U_10681af252,SPEND,-651.15,US,8060.27,2025-07-23T05:00:00,QR
WAL_c879be6773,U_10681af252,SPEND,-1438.2,US,6622.07,2025-07-14T03:00:00,QR
WAL_233236aaa0,U_10681af252,SPEND,-1144.07,US,5478.0,2025-07-23T08:00:00,QR
WAL_eb42469416,U_10681af252,SPEND,-2555.52,US,2922.48,2025-07-24T14:00:00,QR
WAL_a557846f88,U_1c81c4e679,LOAD,6606.84,AU,6606.84,2025-10-30T08:00:00,APP
WAL_39cc7ed2c3,U_1c81c4e679,SPEND,-711.99,AU,5894.85,2025-10-30T08:00:00,QR
WAL_d3c44d27b3,U_1c81c4e679,SPEND,-3704.96,AU,2189.89,2025-10-30T13:00:00,QR
WAL_aef5f28383,U_1c81c4e679,SPEND,-2105.42,AU,84.47,2025-10-28T08:00:00,QR
WAL_1d0e34ab14,U_12e45a7275,LOAD,11534.23,MY,11534.23,2026-06-04T07:00:00,APP
WAL_b26d24f261,U_14f50f71d3,LOAD,6356.52,GB,6356.52,2025-02-05T20:00:00,APP
WAL_900e83ca01,U_14f50f71d3,SPEND,-1628.51,GB,4728.01,2025-02-05T20:00:00,QR
WAL_223c8a96de,U_14f50f71d3,SPEND,-1491.7,GB,3236.31,2025-02-10T12:00:00,QR
WAL_952b3826c8,U_14f50f71d3,SPEND,-1271.41,GB,1964.9,2025-02-06T10:00:00,QR
WAL_0862493791,U_14f50f71d3,SPEND,-2440.21,GB,-475.31,2025-02-16T23:00:00,QR
WAL_2e95e32678,U_14f50f71d3,LOAD,20726.17,GB,20250.85,2025-02-03T03:00:00,APP
WAL_63159c8122,U_14f50f71d3,SPEND,-2792.82,GB,17458.03,2025-02-03T03:00:00,QR
WAL_7bcad2a06d,U_14f50f71d3,SPEND,-2920.97,GB,14537.06,2025-02-13T21:00:00,QR
WAL_327d311762,U_14f50f71d3,SPEND,-1133.71,GB,13403.35,2025-02-07T18:00:00,QR
WAL_72c77ddd3b,U_14f50f71d3,SPEND,-1239.2,GB,12164.15,2025-02-14T06:00:00,QR
WAL_f3b5758f28,U_14f50f71d3,SPEND,-1558.93,GB,10605.22,2025-02-16T17:00:00,QR
WAL_91a5bb8227,U_14f50f71d3,LOAD,9404.44,GB,9404.44,2025-09-30T23:00:00,APP
WAL_f429ef5fc5,U_14f50f71d3,SPEND,-1067.26,GB,8337.18,2025-09-30T23:00:00,QR
WAL_26ff84d811,U_14f50f71d3,SPEND,-1897.75,GB,6439.43,2025-10-05T16:00:00,QR
WAL_b04bce2d8e,U_14f50f71d3,SPEND,-780.74,GB,5658.69,2025-10-03T17:00:00,QR
WAL_dfa348ced4,U_14f50f71d3,SPEND,-1815.7,GB,3842.99,2025-10-06T14:00:00,QR
WAL_8b12ff1403,U_14f50f71d3,SPEND,-1121.26,GB,2721.73,2025-10-02T00:00:00,QR
WAL_2fa83fbb50,U_14f50f71d3,SPEND,-2012.81,GB,708.92,2025-09-29T09:00:00,QR
WAL_b312ec45d3,U_14f50f71d3,SPEND,-1117.11,GB,-408.19,2025-10-05T21:00:00,QR
WAL_b58d10fd68,U_14f50f71d3,LOAD,7087.11,GB,6678.92,2025-10-01T06:00:00,APP
WAL_e53953749f,U_14f50f71d3,SPEND,-1795.81,GB,4883.11,2025-10-01T06:00:00,QR
WAL_ae88a120f2,U_14f50f71d3,SPEND,-1725.49,GB,3157.62,2025-10-08T21:00:00,QR
WAL_ef341d72b0,U_14f50f71d3,SPEND,-852.82,GB,2304.8,2025-10-02T09:00:00,QR
WAL_a2dbc19bbb,U_14f50f71d3,SPEND,-1899.65,GB,405.15,2025-09-26T08:00:00,QR
WAL_fa56fdb97d,U_14f50f71d3,SPEND,-2050.37,GB,-1645.22,2025-10-05T06:00:00,QR
WAL_c9b3598cba,U_14f50f71d3,LOAD,10029.72,GB,8384.5,2025-09-30T00:00:00,APP
WAL_005a833908,U_14f50f71d3,SPEND,-900.47,GB,7484.03,2025-09-30T00:00:00,QR
WAL_d5731b33ab,U_14f50f71d3,LOAD,23367.96,GB,23367.96,2025-04-04T13:00:00,APP
WAL_0f10765e7d,U_14f50f71d3,SPEND,-3020.63,GB,20347.33,2025-04-04T13:00:00,QR
WAL_eaef9dc6d2,U_14f50f71d3,SPEND,-3331.78,GB,17015.55,2025-04-04T21:00:00,QR
WAL_bf46599713,U_14f50f71d3,SPEND,-1562.24,GB,15453.31,2025-03-31T20:00:00,QR
WAL_9c408847da,U_14f50f71d3,SPEND,-1035.64,GB,14417.67,2025-04-01T04:00:00,QR
WAL_25d0e44653,U_14f50f71d3,SPEND,-821.98,GB,13595.69,2025-04-03T17:00:00,QR
WAL_f4a4d71916,U_14f50f71d3,SPEND,-2390.58,GB,11205.11,2025-04-03T16:00:00,QR
WAL_ea73e3cb35,U_14f50f71d3,LOAD,24740.16,GB,24740.16,2026-06-22T16:00:00,APP
WAL_126d87e333,U_14f50f71d3,SPEND,-1555.22,GB,23184.94,2026-06-22T16:00:00,QR
WAL_588d928840,U_14f50f71d3,SPEND,-2342.5,GB,20842.44,2026-06-28T02:00:00,QR
WAL_6f91af48be,U_14f50f71d3,SPEND,-2907.28,GB,17935.16,2026-06-20T20:00:00,QR
WAL_9f5e3907b0,U_14f50f71d3,SPEND,-1115.76,GB,16819.4,2026-06-22T22:00:00,QR
WAL_705113a85a,U_4e2c34535c,LOAD,17006.63,US,17006.63,2026-02-10T17:00:00,APP
WAL_dc811cc9a1,U_4e2c34535c,SPEND,-1811.66,US,15194.97,2026-01-31T04:00:00,QR
WAL_34fc8adfcd,U_4e2c34535c,SPEND,-908.63,US,14286.34,2026-02-09T10:00:00,QR
WAL_f7c114ddd2,U_4e2c34535c,LOAD,3834.47,US,3834.47,2026-01-29T09:00:00,APP
WAL_021a97f401,U_4e2c34535c,SPEND,-1534.53,US,2299.94,2026-01-29T03:00:00,QR
WAL_c35348c851,U_4e2c34535c,SPEND,-1670.91,US,629.03,2026-02-09T01:00:00,QR
WAL_0c89349c4c,U_4e2c34535c,SPEND,-1326.6,US,-697.57,2026-02-02T07:00:00,QR
WAL_a9493b3420,U_4e2c34535c,LOAD,21612.8,US,20915.23,2026-02-10T18:00:00,APP
WAL_60b9d2cc85,U_4e2c34535c,SPEND,-1067.13,US,19848.1,2026-02-10T18:00:00,QR
WAL_b19c56db8e,U_4e2c34535c,SPEND,-1520.15,US,18327.95,2026-02-08T01:00:00,QR
WAL_bead9be890,U_4e2c34535c,LOAD,22735.84,US,22735.84,2026-03-16T05:00:00,APP
WAL_2ee78fc891,U_4e2c34535c,SPEND,-999.56,US,21736.28,2026-03-16T05:00:00,QR
WAL_9417271730,U_4e2c34535c,SPEND,-1583.63,US,20152.65,2026-03-28T09:00:00,QR
WAL_b4f7596095,U_4e2c34535c,SPEND,-631.22,US,19521.43,2026-03-20T19:00:00,QR
WAL_8d70a6f260,U_4e2c34535c,SPEND,-1983.1,US,17538.33,2026-03-18T08:00:00,QR
WAL_9b76a155c0,U_463c49a4bb,LOAD,17334.5,US,17334.5,2025-01-25T01:00:00,APP
WAL_c12f8105ab,U_463c49a4bb,SPEND,-1104.26,US,16230.24,2025-01-27T07:00:00,QR
WAL_c185988d1b,U_463c49a4bb,SPEND,-2668.56,US,13561.68,2025-01-25T02:00:00,QR
WAL_be16f175ca,U_463c49a4bb,SPEND,-1630.39,US,11931.29,2025-01-26T21:00:00,QR
WAL_196f612c1b,U_463c49a4bb,SPEND,-872.59,US,11058.7,2025-01-25T08:00:00,QR
WAL_f84c53f3c3,U_463c49a4bb,SPEND,-985.95,US,10072.75,2025-01-28T18:00:00,QR
WAL_70e3d27fd0,U_463c49a4bb,SPEND,-3522.26,US,6550.49,2025-01-26T03:00:00,QR
WAL_05a90ab384,U_463c49a4bb,SPEND,-756.18,US,5794.31,2025-01-24T18:00:00,QR
WAL_3b90519850,U_463c49a4bb,LOAD,12744.69,US,12744.69,2025-06-08T05:00:00,APP
WAL_b1edc6d630,U_463c49a4bb,SPEND,-1293.97,US,11450.72,2025-06-08T05:00:00,QR
WAL_605365b05c,U_463c49a4bb,SPEND,-1538.69,US,9912.03,2025-06-03T20:00:00,QR
WAL_8b268a1b44,U_463c49a4bb,SPEND,-3550.6,US,6361.43,2025-06-11T20:00:00,QR
WAL_c5020cbf1b,U_463c49a4bb,SPEND,-2868.13,US,3493.3,2025-06-18T16:00:00,QR
WAL_4ff7e71382,U_fba185dba8,LOAD,13426.13,CA,13426.13,2025-07-11T12:00:00,APP
WAL_d84e363bc0,U_fba185dba8,SPEND,-1687.96,CA,11738.17,2025-07-12T05:00:00,QR
WAL_beb1330dbd,U_fba185dba8,LOAD,4975.94,CA,4975.94,2025-07-06T13:00:00,APP
WAL_ca1c36b20e,U_fba185dba8,SPEND,-1177.04,CA,3798.9,2025-07-06T13:00:00,QR
WAL_6df2301a39,U_fba185dba8,SPEND,-2047.15,CA,1751.75,2025-07-04T05:00:00,QR
WAL_65457662b2,U_fba185dba8,LOAD,23231.98,CA,23231.98,2025-10-01T20:00:00,APP
WAL_17f90cbc0d,U_fba185dba8,SPEND,-845.52,CA,22386.46,2025-09-25T12:00:00,QR
WAL_36f7dd7d18,U_fba185dba8,SPEND,-1423.05,CA,20963.41,2025-10-02T11:00:00,QR
WAL_13aebdf6cd,U_fba185dba8,SPEND,-2099.27,CA,18864.14,2025-09-23T14:00:00,QR
WAL_b1a9cb46d8,U_fba185dba8,SPEND,-1952.53,CA,16911.61,2025-09-25T15:00:00,QR
WAL_44150ab78e,U_fba185dba8,SPEND,-1008.35,CA,15903.26,2025-09-21T21:00:00,QR
WAL_8f5303387c,U_7ba82da94c,LOAD,23110.06,LK,23110.06,2025-04-24T16:00:00,APP
WAL_d6d23e62f4,U_7ba82da94c,SPEND,-1363.08,LK,21746.98,2025-04-24T16:00:00,QR
WAL_f8a8121be2,U_7ba82da94c,SPEND,-850.04,LK,20896.94,2025-04-27T16:00:00,QR
WAL_d59b775c49,U_7ba82da94c,SPEND,-945.97,LK,19950.97,2025-05-01T05:00:00,QR
WAL_0d3c55a320,U_7ba82da94c,SPEND,-1217.47,LK,18733.5,2025-04-24T11:00:00,QR
WAL_b753e29a87,U_7ba82da94c,SPEND,-2482.17,LK,16251.33,2025-04-25T16:00:00,QR
WAL_b1f0c66256,U_7ba82da94c,SPEND,-3681.62,LK,12569.71,2025-05-04T14:00:00,QR
WAL_fb2f6ee662,U_db143f7648,LOAD,17167.72,REST,17167.72,2026-01-21T10:00:00,APP
WAL_5e404325c1,U_db143f7648,SPEND,-2303.41,REST,14864.31,2026-01-21T10:00:00,QR
WAL_39770670d0,U_db143f7648,SPEND,-1632.47,REST,13231.84,2026-01-20T10:00:00,QR
WAL_d4979be41e,U_db143f7648,SPEND,-916.71,REST,12315.13,2026-01-28T06:00:00,QR
WAL_a65328dae5,U_db143f7648,SPEND,-1728.76,REST,10586.37,2026-01-23T06:00:00,QR
WAL_16029956e3,U_db143f7648,SPEND,-1035.39,REST,9550.98,2026-01-26T06:00:00,QR
WAL_73fd4b8cdc,U_db143f7648,SPEND,-3059.87,REST,6491.11,2026-01-19T13:00:00,QR
WAL_1691b0faa9,U_db143f7648,LOAD,11049.26,REST,11049.26,2026-06-09T11:00:00,APP
WAL_afd710f709,U_db143f7648,SPEND,-2885.04,REST,8164.22,2026-06-09T11:00:00,QR
WAL_388b622760,U_db143f7648,SPEND,-1451.32,REST,6712.9,2026-06-07T08:00:00,QR
WAL_73f0940c7e,U_db143f7648,SPEND,-1403.61,REST,5309.29,2026-06-05T17:00:00,QR
WAL_d01fec45bd,U_db143f7648,SPEND,-2036.91,REST,3272.38,2026-06-08T16:00:00,QR
WAL_cc4bb78ac3,U_9fde4e3dfe,LOAD,8023.15,AE,8023.15,2024-10-22T06:00:00,APP
WAL_eabc1663f4,U_9fde4e3dfe,SPEND,-2610.89,AE,5412.26,2024-10-22T06:00:00,QR
WAL_45491fbd49,U_9fde4e3dfe,SPEND,-1749.24,AE,3663.02,2024-10-19T16:00:00,QR
WAL_12a9771dd0,U_9fde4e3dfe,SPEND,-2341.1,AE,1321.92,2024-10-28T16:00:00,QR
WAL_e9e507d968,U_9fde4e3dfe,SPEND,-2465.16,AE,-1143.24,2024-10-28T20:00:00,QR
WAL_c24fd22934,U_9fde4e3dfe,LOAD,22161.67,AE,21018.42,2024-10-18T12:00:00,APP
WAL_a2c04d1076,U_9fde4e3dfe,SPEND,-1598.33,AE,19420.09,2024-10-18T12:00:00,QR
WAL_1ad4b5d920,U_9fde4e3dfe,SPEND,-2300.79,AE,17119.3,2024-10-13T13:00:00,QR
WAL_813c0495fb,U_9fde4e3dfe,SPEND,-3918.05,AE,13201.25,2024-10-17T23:00:00,QR
WAL_d1bea32fc4,U_1a852305d3,LOAD,15194.92,SG,15194.92,2026-01-05T20:00:00,APP
WAL_153a9dfe8d,U_1a852305d3,SPEND,-556.43,SG,14638.49,2025-12-31T02:00:00,QR
WAL_bd1ecb182a,U_1a852305d3,SPEND,-976.4,SG,13662.09,2026-01-04T18:00:00,QR
WAL_a1a493d5f6,U_1a852305d3,SPEND,-913.72,SG,12748.37,2025-12-30T07:00:00,QR
WAL_3b633d5fe9,U_1a852305d3,SPEND,-2668.66,SG,10079.71,2025-12-31T00:00:00,QR
WAL_33a390d6c7,U_1a852305d3,LOAD,2401.48,SG,2401.48,2026-05-05T18:00:00,APP
WAL_f6246f5ac4,U_1a852305d3,SPEND,-1905.71,SG,495.77,2026-05-05T18:00:00,QR
WAL_e96058a79a,U_1a852305d3,SPEND,-1039.34,SG,-543.57,2026-05-09T03:00:00,QR
WAL_55fc68cf69,U_1a852305d3,LOAD,17457.32,SG,16913.75,2026-05-06T00:00:00,APP
WAL_0dfa2fb080,U_1a852305d3,SPEND,-806.5,SG,16107.25,2026-05-06T00:00:00,QR
WAL_c53e984e6a,U_1a852305d3,SPEND,-1147.71,SG,14959.54,2026-05-07T00:00:00,QR
WAL_e8714db45d,U_1a852305d3,SPEND,-1186.29,SG,13773.25,2026-05-07T14:00:00,QR
WAL_123fc4c57c,U_1a852305d3,LOAD,5418.52,SG,5418.52,2025-04-26T05:00:00,APP
WAL_16bd01bf08,U_1a852305d3,SPEND,-2374.21,SG,3044.31,2025-04-26T05:00:00,QR
WAL_0ff867f247,U_1a852305d3,SPEND,-2974.79,SG,69.52,2025-04-30T04:00:00,QR
WAL_fba03b991c,U_1a852305d3,SPEND,-2147.45,SG,-2077.93,2025-04-27T23:00:00,QR
WAL_0dc25e93cd,U_1a852305d3,LOAD,2780.27,SG,702.34,2025-04-28T17:00:00,APP
WAL_db463bc752,U_1a852305d3,SPEND,-392.77,SG,309.57,2025-04-28T17:00:00,QR
WAL_9f6f2f3656,U_db10391a33,LOAD,12703.24,REST,12703.24,2026-03-22T13:00:00,APP
WAL_d5e5558141,U_db10391a33,SPEND,-1561.53,REST,11141.71,2026-03-22T13:00:00,QR
WAL_d05b395782,U_db10391a33,SPEND,-510.66,REST,10631.05,2026-03-26T19:00:00,QR
WAL_a68df2ee28,U_db10391a33,SPEND,-1117.92,REST,9513.13,2026-03-24T14:00:00,QR
WAL_be678432c5,U_db10391a33,SPEND,-644.61,REST,8868.52,2026-03-24T17:00:00,QR
WAL_27e3057e0d,U_bfbb7065d9,LOAD,19727.61,DE,19727.61,2026-03-06T07:00:00,APP
WAL_15b96a0091,U_bfbb7065d9,SPEND,-1467.26,DE,18260.35,2026-03-06T07:00:00,QR
WAL_89d58b8077,U_bfbb7065d9,SPEND,-1433.69,DE,16826.66,2026-03-15T04:00:00,QR
WAL_95efb56c5f,U_bfbb7065d9,SPEND,-579.83,DE,16246.83,2026-03-12T07:00:00,QR
WAL_5e8671509d,U_bfbb7065d9,LOAD,10079.64,DE,10079.64,2025-11-13T23:00:00,APP
WAL_21041aaa8d,U_90974da302,LOAD,23599.54,NP,23599.54,2026-05-12T23:00:00,APP
WAL_4de19c1a63,U_90974da302,SPEND,-1207.93,NP,22391.61,2026-05-17T19:00:00,QR
WAL_f9501de436,U_90974da302,SPEND,-990.68,NP,21400.93,2026-05-12T19:00:00,QR
WAL_ac134804b7,U_90974da302,SPEND,-1783.98,NP,19616.95,2026-05-12T20:00:00,QR
WAL_18a03836b7,U_90974da302,SPEND,-712.78,NP,18904.17,2026-05-19T05:00:00,QR
WAL_ed48b03fe8,U_90974da302,SPEND,-1230.57,NP,17673.6,2026-05-15T00:00:00,QR
WAL_77fee4d7fa,U_90974da302,SPEND,-2183.96,NP,15489.64,2026-05-15T03:00:00,QR
WAL_120d809160,U_90974da302,LOAD,22067.6,NP,22067.6,2026-04-07T08:00:00,APP
WAL_212296acfd,U_90974da302,SPEND,-2088.84,NP,19978.76,2026-04-11T19:00:00,QR
WAL_5bd4ccf210,U_90974da302,SPEND,-2090.95,NP,17887.81,2026-04-13T07:00:00,QR
WAL_411e7825ff,U_90974da302,SPEND,-893.67,NP,16994.14,2026-04-14T16:00:00,QR
WAL_77fcb78c77,U_90974da302,SPEND,-2919.46,NP,14074.68,2026-04-12T21:00:00,QR
WAL_6edd907ca6,U_90974da302,LOAD,10908.02,NP,10908.02,2025-12-18T08:00:00,APP
WAL_8748ab9611,U_90974da302,SPEND,-2024.51,NP,8883.51,2025-12-13T08:00:00,QR
WAL_da9ea356d9,U_d995fc40d1,LOAD,22123.13,REST,22123.13,2026-04-10T18:00:00,APP
WAL_1305978c6b,U_d995fc40d1,SPEND,-4000.69,REST,18122.44,2026-04-10T18:00:00,QR
WAL_de2b41d723,U_d995fc40d1,SPEND,-1410.96,REST,16711.48,2026-04-05T06:00:00,QR
WAL_4b0fc65966,U_77ee142f05,LOAD,10371.8,AU,10371.8,2025-11-16T11:00:00,APP
WAL_457c586ca2,U_77ee142f05,SPEND,-1954.75,AU,8417.05,2025-11-16T11:00:00,QR
WAL_8a5c5f5e48,U_77ee142f05,SPEND,-2510.83,AU,5906.22,2025-11-16T21:00:00,QR
WAL_a3d464676f,U_77ee142f05,SPEND,-2049.45,AU,3856.77,2025-11-13T09:00:00,QR
WAL_53c7a185d4,U_77ee142f05,SPEND,-1814.58,AU,2042.19,2025-11-11T16:00:00,QR
WAL_e919c2bd29,U_77ee142f05,SPEND,-3295.55,AU,-1253.36,2025-11-13T04:00:00,QR
WAL_ca96fe3fd7,U_77ee142f05,LOAD,6292.04,AU,5038.68,2025-11-12T14:00:00,APP
WAL_0dee06d8cd,U_77ee142f05,SPEND,-3538.73,AU,1499.95,2025-11-16T02:00:00,QR
WAL_18c0d60c09,U_77ee142f05,SPEND,-3385.35,AU,-1885.4,2025-11-15T19:00:00,QR
WAL_d63ed8e742,U_2ced9f6a74,LOAD,19906.82,DE,19906.82,2026-01-20T03:00:00,APP
WAL_f4afaa48c2,U_2ced9f6a74,SPEND,-4336.64,DE,15570.18,2026-01-22T18:00:00,QR
WAL_1318c8811d,U_2ced9f6a74,SPEND,-651.83,DE,14918.35,2026-01-20T02:00:00,QR
WAL_912ba18b2b,U_2ced9f6a74,SPEND,-2769.6,DE,12148.75,2026-01-22T15:00:00,QR
WAL_32a19da67d,U_2ced9f6a74,SPEND,-1103.56,DE,11045.19,2026-01-22T11:00:00,QR
WAL_ebcb5f3173,U_2ced9f6a74,LOAD,18721.37,DE,18721.37,2024-10-15T00:00:00,APP
WAL_16f145ac58,U_2ced9f6a74,SPEND,-1174.31,DE,17547.06,2024-10-15T00:00:00,QR
WAL_1164684692,U_2ced9f6a74,SPEND,-1538.97,DE,16008.09,2024-10-15T05:00:00,QR
WAL_89f253596f,U_2ced9f6a74,SPEND,-1899.81,DE,14108.28,2024-10-16T04:00:00,QR
WAL_c4acb8d526,U_2ced9f6a74,SPEND,-1936.03,DE,12172.25,2024-10-18T15:00:00,QR
WAL_5a586a2e64,U_2ced9f6a74,SPEND,-1351.92,DE,10820.33,2024-10-12T23:00:00,QR
WAL_c43d4dbc73,U_2ced9f6a74,SPEND,-742.93,DE,10077.4,2024-10-14T23:00:00,QR
WAL_0a3d53c2bf,U_8d3fa5d418,LOAD,24172.77,FR,24172.77,2025-04-28T00:00:00,APP
WAL_1d5ade768e,U_8d3fa5d418,SPEND,-1922.72,FR,22250.05,2025-04-28T00:00:00,QR
WAL_d1d5842dd3,U_8d3fa5d418,LOAD,13340.61,FR,13340.61,2025-07-16T14:00:00,APP
WAL_45044eca92,U_8d3fa5d418,SPEND,-855.23,FR,12485.38,2025-07-16T14:00:00,QR
WAL_d9b27dd816,U_8d3fa5d418,SPEND,-1850.74,FR,10634.64,2025-07-16T13:00:00,QR
WAL_d8eb124694,U_8d3fa5d418,SPEND,-2153.8,FR,8480.84,2025-07-15T20:00:00,QR
WAL_69187c7d2e,U_8d3fa5d418,SPEND,-1122.51,FR,7358.33,2025-07-15T06:00:00,QR
WAL_f0091dc358,U_8d3fa5d418,SPEND,-1327.97,FR,6030.36,2025-07-14T01:00:00,QR
WAL_c52a530bd5,U_8ba81b48f6,LOAD,17994.29,NP,17994.29,2025-01-22T01:00:00,APP
WAL_b76dc330cf,U_8ba81b48f6,SPEND,-3431.57,NP,14562.72,2025-01-22T01:00:00,QR
WAL_88b9471a59,U_8ba81b48f6,SPEND,-2598.38,NP,11964.34,2025-01-24T08:00:00,QR
WAL_5677fde8a7,U_8ba81b48f6,SPEND,-2069.62,NP,9894.72,2025-02-02T11:00:00,QR
WAL_75c4db608b,U_8ba81b48f6,SPEND,-1326.94,NP,8567.78,2025-01-27T17:00:00,QR
WAL_b585140ea4,U_8ba81b48f6,SPEND,-1430.69,NP,7137.09,2025-01-25T23:00:00,QR
WAL_1243e65537,U_8ba81b48f6,SPEND,-927.3,NP,6209.79,2025-01-23T17:00:00,QR
WAL_32c33a2a84,U_8ba81b48f6,SPEND,-2075.73,NP,4134.06,2025-01-25T17:00:00,QR
WAL_674fbfcbce,U_e4e9c7a11e,LOAD,14705.58,US,14705.58,2025-12-27T10:00:00,APP
WAL_5724001aaa,U_e4e9c7a11e,SPEND,-1572.07,US,13133.51,2025-12-28T07:00:00,QR
WAL_7c6a747be9,U_e4e9c7a11e,SPEND,-1559.82,US,11573.69,2025-12-30T01:00:00,QR
WAL_0976fb7731,U_e4e9c7a11e,SPEND,-1434.57,US,10139.12,2025-12-31T19:00:00,QR
WAL_d3044b2082,U_e4e9c7a11e,SPEND,-4078.1,US,6061.02,2025-12-29T21:00:00,QR
WAL_44efd006db,U_e4e9c7a11e,SPEND,-2353.43,US,3707.59,2025-12-28T21:00:00,QR
WAL_049f6cc873,U_e4e9c7a11e,SPEND,-3327.0,US,380.59,2025-12-28T03:00:00,QR
WAL_e271f43013,U_e4e9c7a11e,SPEND,-1334.93,US,-954.34,2025-12-26T07:00:00,QR
WAL_6860e29146,U_e4e9c7a11e,LOAD,20788.86,US,19834.53,2026-01-01T12:00:00,APP
WAL_95abd0b166,U_e4e9c7a11e,SPEND,-1996.33,US,17838.2,2025-12-28T21:00:00,QR
WAL_998102d121,U_e4e9c7a11e,SPEND,-2872.75,US,14965.45,2025-12-31T19:00:00,QR
WAL_9bf8755bcd,U_e4e9c7a11e,SPEND,-2409.05,US,12556.4,2025-12-30T21:00:00,QR
WAL_977f4b4d5e,U_e4e9c7a11e,SPEND,-1178.29,US,11378.11,2025-12-30T22:00:00,QR
WAL_c16a1623ae,U_e4e9c7a11e,SPEND,-1537.18,US,9840.93,2025-12-30T11:00:00,QR
WAL_057c4d25c1,U_2125edc31c,LOAD,24518.36,AU,24518.36,2026-04-09T17:00:00,APP
WAL_273f2c6ed7,U_2125edc31c,SPEND,-999.58,AU,23518.78,2026-04-09T17:00:00,QR
WAL_3c4b1e696c,U_2125edc31c,SPEND,-1120.31,AU,22398.47,2026-04-07T08:00:00,QR
WAL_36826ceda9,U_2125edc31c,SPEND,-1004.91,AU,21393.56,2026-04-08T07:00:00,QR
WAL_ec770242b0,U_2125edc31c,SPEND,-930.2,AU,20463.36,2026-04-13T05:00:00,QR
WAL_767282dc87,U_2125edc31c,SPEND,-487.0,AU,19976.36,2026-04-13T22:00:00,QR
WAL_b0a25c6d46,U_2125edc31c,SPEND,-3036.69,AU,16939.67,2026-04-10T23:00:00,QR
WAL_873b7a60fc,U_2125edc31c,SPEND,-710.26,AU,16229.41,2026-04-13T04:00:00,QR
WAL_c5077135af,U_2125edc31c,SPEND,-5015.97,AU,11213.44,2026-03-31T03:00:00,QR
WAL_6cf32b3fac,U_467c2c54e3,LOAD,19308.57,BD,19308.57,2024-10-22T10:00:00,APP
WAL_438343fc5d,U_467c2c54e3,SPEND,-1279.21,BD,18029.36,2024-10-22T10:00:00,QR
WAL_dac0f9e0e5,U_467c2c54e3,SPEND,-4471.61,BD,13557.75,2024-10-24T04:00:00,QR
WAL_ded3747c74,U_467c2c54e3,SPEND,-1049.14,BD,12508.61,2024-10-16T01:00:00,QR
WAL_0e3e719830,U_e331b356a6,LOAD,18384.27,US,18384.27,2026-06-05T15:00:00,APP
WAL_4fef84761b,U_e331b356a6,SPEND,-496.47,US,17887.8,2026-06-05T15:00:00,QR
WAL_dadeece717,U_e331b356a6,SPEND,-1362.85,US,16524.95,2026-06-06T15:00:00,QR
WAL_c6210c94b9,U_e331b356a6,SPEND,-4153.44,US,12371.51,2026-06-07T23:00:00,QR
WAL_bc73d0a454,U_e331b356a6,SPEND,-1471.65,US,10899.86,2026-06-05T08:00:00,QR
WAL_80ac6b1b49,U_e331b356a6,SPEND,-1629.32,US,9270.54,2026-06-10T08:00:00,QR
WAL_59a14df72d,U_e331b356a6,LOAD,13320.05,US,13320.05,2026-02-05T01:00:00,APP
WAL_376fc4617e,U_e331b356a6,SPEND,-1659.68,US,11660.37,2026-02-06T17:00:00,QR
WAL_b718fbfbaf,U_e331b356a6,SPEND,-6071.55,US,5588.82,2026-02-03T00:00:00,QR
WAL_9d57a25917,U_e331b356a6,SPEND,-2451.63,US,3137.19,2026-02-03T08:00:00,QR
WAL_c404bffe29,U_e331b356a6,SPEND,-918.9,US,2218.29,2026-02-04T12:00:00,QR
WAL_ac5cd62565,U_e331b356a6,SPEND,-2715.23,US,-496.94,2026-02-08T06:00:00,QR
WAL_5e515d7761,U_e331b356a6,LOAD,4517.79,US,4020.85,2026-02-02T05:00:00,APP
WAL_cd98cc0199,U_e331b356a6,SPEND,-3439.89,US,580.96,2026-02-02T05:00:00,QR
WAL_1dba9e8d6e,U_e331b356a6,SPEND,-918.24,US,-337.28,2026-02-01T12:00:00,QR
WAL_9632af86c4,U_e331b356a6,LOAD,10499.95,US,10162.66,2026-02-07T20:00:00,APP
WAL_82b8ab7045,U_84cf52af1f,LOAD,2112.42,REST,2112.42,2024-10-26T21:00:00,APP
WAL_72003bb511,U_84cf52af1f,SPEND,-1616.65,REST,495.77,2024-10-26T21:00:00,QR
WAL_750952d067,U_84cf52af1f,SPEND,-1334.87,REST,-839.1,2024-10-21T01:00:00,QR
WAL_691532fc73,U_84cf52af1f,LOAD,10281.99,REST,9442.89,2024-10-28T04:00:00,APP
WAL_1ab69fc2ed,U_84cf52af1f,SPEND,-3868.32,REST,5574.57,2024-10-29T21:00:00,QR
WAL_aea0675ca9,U_84cf52af1f,SPEND,-1697.41,REST,3877.16,2024-10-30T14:00:00,QR
WAL_77725208f7,U_84cf52af1f,SPEND,-3435.31,REST,441.85,2024-11-01T22:00:00,QR
WAL_bd61c36293,U_84cf52af1f,SPEND,-2558.49,REST,-2116.64,2024-10-26T22:00:00,QR
WAL_d9ea3a2890,U_84cf52af1f,LOAD,14214.68,REST,12098.04,2024-11-01T16:00:00,APP
WAL_801c0b6adf,U_6fc91ccdc9,LOAD,8935.98,AU,8935.98,2025-04-08T17:00:00,APP
WAL_8f694cc5c8,U_6fc91ccdc9,SPEND,-1042.84,AU,7893.14,2025-04-10T16:00:00,QR
WAL_9e10f3d8ca,U_6fc91ccdc9,SPEND,-1689.54,AU,6203.6,2025-04-10T19:00:00,QR
WAL_aeb933928f,U_6fc91ccdc9,SPEND,-1328.35,AU,4875.25,2025-04-08T10:00:00,QR
WAL_b88cfea0a1,U_6fc91ccdc9,SPEND,-2405.45,AU,2469.8,2025-04-09T12:00:00,QR
WAL_e1f99f6acd,U_6fc91ccdc9,SPEND,-3027.19,AU,-557.39,2025-04-09T13:00:00,QR
WAL_6fb6540fbd,U_6fc91ccdc9,LOAD,4535.71,AU,3978.32,2025-04-09T04:00:00,APP
WAL_8bfcc72527,U_6fc91ccdc9,SPEND,-2788.81,AU,1189.51,2025-04-09T04:00:00,QR
WAL_a5a2ffeb8e,U_6fc91ccdc9,SPEND,-3332.87,AU,-2143.36,2025-04-10T01:00:00,QR
WAL_367e38fbb8,U_6fc91ccdc9,LOAD,7775.63,AU,5632.28,2025-04-09T11:00:00,APP
WAL_38b6822df8,U_80520e0b3a,LOAD,22221.28,US,22221.28,2026-05-30T05:00:00,APP
WAL_bd968e72d4,U_80520e0b3a,SPEND,-2152.32,US,20068.96,2026-05-30T05:00:00,QR
WAL_d0855c4a4f,U_80520e0b3a,SPEND,-2702.7,US,17366.26,2026-06-10T18:00:00,QR
WAL_2ac551b345,U_80520e0b3a,SPEND,-352.56,US,17013.7,2026-06-09T07:00:00,QR
WAL_c4633df1ec,U_80520e0b3a,SPEND,-1280.31,US,15733.39,2026-05-30T13:00:00,QR
WAL_d42692d5a2,U_80520e0b3a,SPEND,-1236.5,US,14496.89,2026-06-05T14:00:00,QR
WAL_cd9b4fc014,U_80520e0b3a,SPEND,-625.91,US,13870.98,2026-06-08T04:00:00,QR
WAL_6c41790052,U_80520e0b3a,SPEND,-557.66,US,13313.32,2026-06-08T16:00:00,QR
WAL_000ed5d8c0,U_80520e0b3a,SPEND,-886.85,US,12426.47,2026-05-30T15:00:00,QR
WAL_fcb1b3c8e5,U_80520e0b3a,SPEND,-1846.77,US,10579.7,2026-06-08T06:00:00,QR
WAL_0f1377b1c6,U_80520e0b3a,LOAD,14193.37,US,14193.37,2026-06-15T21:00:00,APP
WAL_56c16df2e5,U_80520e0b3a,SPEND,-2053.32,US,12140.05,2026-06-15T21:00:00,QR
WAL_b2725532db,U_80520e0b3a,SPEND,-1374.31,US,10765.74,2026-06-10T12:00:00,QR
WAL_1621456192,U_80520e0b3a,SPEND,-995.93,US,9769.81,2026-06-13T06:00:00,QR
WAL_b58371d0a1,U_80520e0b3a,SPEND,-1547.67,US,8222.14,2026-06-13T06:00:00,QR
WAL_f14a538b91,U_80520e0b3a,SPEND,-1330.36,US,6891.78,2026-06-07T23:00:00,QR
WAL_d592ca303c,U_80520e0b3a,SPEND,-1911.45,US,4980.33,2026-06-12T22:00:00,QR
WAL_7d8e1b19bd,U_80520e0b3a,SPEND,-2805.71,US,2174.62,2026-06-07T14:00:00,QR
WAL_4e92c98605,U_80520e0b3a,LOAD,21504.08,US,21504.08,2024-09-05T10:00:00,APP
WAL_ce1adc4078,U_80520e0b3a,SPEND,-1793.39,US,19710.69,2024-09-06T20:00:00,QR
WAL_5ac5b75772,U_80520e0b3a,SPEND,-1865.65,US,17845.04,2024-08-19T23:00:00,QR
WAL_a5f3bf7698,U_80520e0b3a,SPEND,-876.84,US,16968.2,2024-08-30T22:00:00,QR
WAL_c72f746583,U_cfeed8370f,LOAD,7386.77,US,7386.77,2025-03-12T14:00:00,APP
WAL_640b38a674,U_cfeed8370f,SPEND,-1375.29,US,6011.48,2025-03-04T17:00:00,QR
WAL_1cb4b11cd9,U_cfeed8370f,SPEND,-1768.72,US,4242.76,2025-03-12T12:00:00,QR
WAL_a934567f62,U_cfeed8370f,LOAD,19164.14,US,19164.14,2025-04-23T03:00:00,APP
WAL_0d443d4844,U_cfeed8370f,SPEND,-2911.36,US,16252.78,2025-04-23T03:00:00,QR
WAL_8262841a1d,U_cfeed8370f,SPEND,-1190.75,US,15062.03,2025-04-23T09:00:00,QR
WAL_401853ef4f,U_cfeed8370f,SPEND,-3402.18,US,11659.85,2025-04-26T15:00:00,QR
WAL_ac19bdc192,U_cfeed8370f,SPEND,-2070.4,US,9589.45,2025-05-02T08:00:00,QR
WAL_c4025ebe40,U_cfeed8370f,SPEND,-701.25,US,8888.2,2025-05-03T16:00:00,QR
WAL_ad100e3817,U_aedc5b7f46,LOAD,7838.73,AU,7838.73,2025-12-27T23:00:00,APP
WAL_a7a38b02be,U_aedc5b7f46,SPEND,-5098.74,AU,2739.99,2025-12-21T01:00:00,QR
WAL_8dfa1b61fd,U_aedc5b7f46,SPEND,-868.97,AU,1871.02,2025-12-18T23:00:00,QR
WAL_69c66f3f5f,U_aedc5b7f46,SPEND,-1506.67,AU,364.35,2025-12-23T04:00:00,QR
WAL_f102fac876,U_aedc5b7f46,SPEND,-1209.15,AU,-844.8,2025-12-21T11:00:00,QR
WAL_463a3132f7,U_aedc5b7f46,LOAD,14280.37,AU,13435.57,2025-12-17T12:00:00,APP
WAL_bcccdf5e6c,U_aedc5b7f46,SPEND,-1582.21,AU,11853.36,2025-12-17T12:00:00,QR
WAL_c80b50c265,U_5e8c871735,LOAD,2537.2,AU,2537.2,2026-07-10T22:00:00,APP
WAL_a9b09c27b5,U_5e8c871735,SPEND,-1918.05,AU,619.15,2026-07-09T19:00:00,QR
WAL_5cb535d23d,U_5e8c871735,SPEND,-913.53,AU,-294.38,2026-07-16T16:00:00,QR
WAL_15f17d3032,U_5e8c871735,LOAD,23186.0,AU,22891.62,2026-07-18T13:00:00,APP
WAL_7349ce87ab,U_5e8c871735,SPEND,-1241.32,AU,21650.3,2026-07-18T13:00:00,QR
WAL_49015c0982,U_5e8c871735,SPEND,-673.11,AU,20977.19,2026-07-07T02:00:00,QR
WAL_633d5f304d,U_5e8c871735,SPEND,-1491.13,AU,19486.06,2026-07-13T00:00:00,QR
WAL_052d33b2b1,U_5e8c871735,SPEND,-830.9,AU,18655.16,2026-07-18T01:00:00,QR
WAL_9ecbfc123c,U_5e8c871735,SPEND,-4322.11,AU,14333.05,2026-07-16T02:00:00,QR
WAL_4403e82242,U_1b6464bd70,LOAD,12150.85,NP,12150.85,2026-02-18T07:00:00,APP
WAL_d62b8c05b0,U_1b6464bd70,SPEND,-1062.1,NP,11088.75,2026-02-26T05:00:00,QR
WAL_8ccc6a02bd,U_1b6464bd70,LOAD,15142.55,NP,15142.55,2024-10-20T12:00:00,APP
WAL_31bfd99c67,U_1b6464bd70,SPEND,-515.78,NP,14626.77,2024-10-21T23:00:00,QR
WAL_6d92fbcdda,U_1b6464bd70,SPEND,-1069.64,NP,13557.13,2024-10-15T19:00:00,QR
WAL_094d2028c6,U_1b6464bd70,SPEND,-860.44,NP,12696.69,2024-10-15T06:00:00,QR
WAL_f70d0259e0,U_1b6464bd70,SPEND,-3583.84,NP,9112.85,2024-10-13T05:00:00,QR
WAL_523693064a,U_1b6464bd70,SPEND,-1427.95,NP,7684.9,2024-10-13T16:00:00,QR
WAL_d6c8961f2a,U_33db2db563,LOAD,12575.95,REST,12575.95,2025-09-13T20:00:00,APP
WAL_afaccd919b,U_33db2db563,SPEND,-2184.26,REST,10391.69,2025-09-13T20:00:00,QR
WAL_7a59b22bd9,U_33db2db563,SPEND,-1105.9,REST,9285.79,2025-09-13T14:00:00,QR
WAL_dfce2ae873,U_33db2db563,SPEND,-1071.29,REST,8214.5,2025-09-15T16:00:00,QR
WAL_2f19f8c2be,U_33db2db563,SPEND,-1002.66,REST,7211.84,2025-09-13T21:00:00,QR
WAL_b8cd26f680,U_33db2db563,SPEND,-954.34,REST,6257.5,2025-09-17T14:00:00,QR
WAL_85f7501356,U_33db2db563,SPEND,-682.98,REST,5574.52,2025-09-15T00:00:00,QR
WAL_0a6deeb1a4,U_33db2db563,SPEND,-1099.65,REST,4474.87,2025-09-14T14:00:00,QR
WAL_ea6c7a8f4f,U_33db2db563,SPEND,-1493.4,REST,2981.47,2025-09-16T11:00:00,QR
WAL_f5009d2852,U_33db2db563,SPEND,-1288.14,REST,1693.33,2025-09-17T03:00:00,QR
WAL_e757c4b439,U_33db2db563,SPEND,-536.38,REST,1156.95,2025-09-20T03:00:00,QR
WAL_b98850b591,U_33db2db563,LOAD,13659.41,REST,13659.41,2025-02-09T15:00:00,APP
WAL_4b6c4bf418,U_33db2db563,SPEND,-1192.23,REST,12467.18,2025-02-09T15:00:00,QR
WAL_60b4ab5b65,U_33db2db563,SPEND,-1348.37,REST,11118.81,2025-02-08T10:00:00,QR
WAL_ebedc926ae,U_33db2db563,SPEND,-1899.47,REST,9219.34,2025-02-14T12:00:00,QR
WAL_e29a134507,U_33db2db563,SPEND,-1490.42,REST,7728.92,2025-02-13T05:00:00,QR
WAL_87ba7ecd0c,U_33db2db563,SPEND,-2124.71,REST,5604.21,2025-02-14T09:00:00,QR
WAL_09f54f6d99,U_33db2db563,SPEND,-2742.58,REST,2861.63,2025-02-14T12:00:00,QR
WAL_19e475bbe6,U_33db2db563,SPEND,-1924.95,REST,936.68,2025-02-13T17:00:00,QR
WAL_dd42292d8b,U_1ef0e53d43,LOAD,3113.04,BD,3113.04,2026-04-06T17:00:00,APP
WAL_d6b16bb7f1,U_1ef0e53d43,SPEND,-1334.76,BD,1778.28,2026-04-06T17:00:00,QR
WAL_a838aeeaff,U_1ef0e53d43,SPEND,-755.23,BD,1023.05,2026-04-05T07:00:00,QR
WAL_9f9c761c95,U_1ef0e53d43,SPEND,-2069.15,BD,-1046.1,2026-04-04T10:00:00,QR
WAL_317fff29a4,U_1ef0e53d43,LOAD,13857.7,BD,12811.59,2026-04-02T02:00:00,APP
WAL_2ada5e43d8,U_1ef0e53d43,SPEND,-568.4,BD,12243.19,2026-04-02T02:00:00,QR
WAL_642de8029f,U_1ef0e53d43,SPEND,-1396.73,BD,10846.46,2026-04-02T07:00:00,QR
WAL_0f6bbd541e,U_1ef0e53d43,SPEND,-2676.06,BD,8170.4,2026-04-02T03:00:00,QR
WAL_78f85195dc,U_1ef0e53d43,SPEND,-884.4,BD,7286.0,2026-04-03T01:00:00,QR
WAL_aa2b63938e,U_1ef0e53d43,SPEND,-2090.43,BD,5195.57,2026-04-04T16:00:00,QR
WAL_9f3e5e7430,U_1ef0e53d43,LOAD,21894.44,BD,21894.44,2026-03-10T10:00:00,APP
WAL_eff956a0ef,U_1ef0e53d43,SPEND,-689.16,BD,21205.28,2026-03-10T10:00:00,QR
WAL_d85b391454,U_1d57d22c8d,LOAD,9229.8,REST,9229.8,2025-07-16T18:00:00,APP
WAL_2cccd779bb,U_1d57d22c8d,SPEND,-1259.91,REST,7969.89,2025-07-21T16:00:00,QR
WAL_81fa4824e6,U_34b604814b,LOAD,22621.34,DE,22621.34,2025-01-09T10:00:00,APP
WAL_ba58ca2d6e,U_34b604814b,SPEND,-446.44,DE,22174.9,2025-01-09T10:00:00,QR
WAL_cb9c5d62d7,U_34b604814b,SPEND,-1468.17,DE,20706.73,2025-01-09T08:00:00,QR
WAL_0432bf984d,U_34b604814b,SPEND,-457.24,DE,20249.49,2025-01-08T16:00:00,QR
WAL_4058a13f07,U_2d7d257435,LOAD,24832.67,GB,24832.67,2025-08-29T11:00:00,APP
WAL_3d39835534,U_2d7d257435,SPEND,-2619.77,GB,22212.9,2025-08-29T11:00:00,QR
WAL_8e7d7b5e87,U_2d7d257435,SPEND,-749.79,GB,21463.11,2025-08-26T13:00:00,QR
WAL_1e17678995,U_2d7d257435,SPEND,-1136.26,GB,20326.85,2025-08-28T20:00:00,QR
WAL_d8ca0d57de,U_2d7d257435,SPEND,-1324.44,GB,19002.41,2025-08-27T04:00:00,QR
WAL_47f98b7b9c,U_0aa1138ad5,LOAD,20051.32,BD,20051.32,2024-09-16T00:00:00,APP
WAL_f8a4849e12,U_0aa1138ad5,SPEND,-2171.87,BD,17879.45,2024-09-16T00:00:00,QR
WAL_f4ad3335cb,U_0aa1138ad5,SPEND,-1755.68,BD,16123.77,2024-09-11T05:00:00,QR
WAL_aeff3c706b,U_0aa1138ad5,SPEND,-1906.46,BD,14217.31,2024-09-12T07:00:00,QR
WAL_a60a10ed38,U_0aa1138ad5,SPEND,-1133.48,BD,13083.83,2024-09-23T19:00:00,QR
WAL_6f21932d2e,U_0aa1138ad5,SPEND,-1664.39,BD,11419.44,2024-09-15T12:00:00,QR
WAL_2b85b9f0fb,U_0aa1138ad5,SPEND,-4082.94,BD,7336.5,2024-09-16T23:00:00,QR
WAL_cbb29120ec,U_0aa1138ad5,SPEND,-1048.57,BD,6287.93,2024-09-14T13:00:00,QR
WAL_0673844b31,U_0aa1138ad5,SPEND,-1859.12,BD,4428.81,2024-09-17T05:00:00,QR
WAL_772ac39ac0,U_0aa1138ad5,SPEND,-2394.1,BD,2034.71,2024-09-14T14:00:00,QR
WAL_63b7a37a99,U_0aa1138ad5,LOAD,8081.72,BD,8081.72,2025-03-14T09:00:00,APP
WAL_a70241be3c,U_0aa1138ad5,SPEND,-1484.54,BD,6597.18,2025-03-15T05:00:00,QR
WAL_2e767b9888,U_0aa1138ad5,SPEND,-724.68,BD,5872.5,2025-03-16T14:00:00,QR
WAL_d34e785f43,U_0aa1138ad5,SPEND,-1006.23,BD,4866.27,2025-03-15T14:00:00,QR
WAL_67a9b8d076,U_0aa1138ad5,SPEND,-1245.56,BD,3620.71,2025-03-14T06:00:00,QR
WAL_f6766c8d9e,U_0aa1138ad5,SPEND,-547.28,BD,3073.43,2025-03-16T14:00:00,QR
WAL_bc2f51e338,U_0aa1138ad5,SPEND,-1124.54,BD,1948.89,2025-03-18T18:00:00,QR
WAL_6d3dc98d4b,U_0aa1138ad5,SPEND,-1462.0,BD,486.89,2025-03-18T05:00:00,QR
WAL_9bdb1a89e3,U_0aa1138ad5,SPEND,-3288.78,BD,-2801.89,2025-03-17T06:00:00,QR
WAL_63d0f000a7,U_0aa1138ad5,LOAD,22182.98,BD,19381.1,2025-03-16T19:00:00,APP
WAL_f9af5386ba,U_0aa1138ad5,SPEND,-2765.32,BD,16615.78,2025-03-16T19:00:00,QR
WAL_476762243a,U_0aa1138ad5,LOAD,3937.03,BD,3937.03,2026-05-23T17:00:00,APP
WAL_d3ed22feeb,U_0aa1138ad5,SPEND,-2290.79,BD,1646.24,2026-06-05T07:00:00,QR
WAL_20f5162d4f,U_0aa1138ad5,SPEND,-2470.2,BD,-823.96,2026-06-02T04:00:00,QR
WAL_4c20ec8e72,U_0aa1138ad5,LOAD,10314.16,BD,9490.19,2026-06-05T03:00:00,APP
WAL_11ba7640fd,U_0aa1138ad5,SPEND,-3180.02,BD,6310.17,2026-06-05T03:00:00,QR
WAL_380c7e31d7,U_0aa1138ad5,SPEND,-2935.77,BD,3374.4,2026-05-28T23:00:00,QR
WAL_abccdcdf7c,U_0aa1138ad5,SPEND,-1640.1,BD,1734.3,2026-05-22T18:00:00,QR
WAL_32f87f0c23,U_0aa1138ad5,SPEND,-709.57,BD,1024.73,2026-06-01T08:00:00,QR
WAL_760f0fa476,U_0aa1138ad5,SPEND,-1212.88,BD,-188.15,2026-05-20T20:00:00,QR
WAL_36eef20607,U_0aa1138ad5,LOAD,15647.39,BD,15459.25,2026-05-23T20:00:00,APP
WAL_b8263d0cc4,U_0aa1138ad5,SPEND,-2652.95,BD,12806.3,2026-05-23T20:00:00,QR
WAL_87ace4f9df,U_2a5109702d,LOAD,14301.81,NP,14301.81,2024-10-24T02:00:00,APP
WAL_c8826a5553,U_2a5109702d,SPEND,-1133.53,NP,13168.28,2024-10-24T02:00:00,QR
WAL_822dccaabb,U_2a5109702d,SPEND,-637.41,NP,12530.87,2024-10-23T21:00:00,QR
WAL_d2b3fe9e08,U_2a5109702d,SPEND,-537.11,NP,11993.76,2024-10-24T13:00:00,QR
WAL_d993fed1c7,U_2a5109702d,SPEND,-1858.26,NP,10135.5,2024-10-24T18:00:00,QR
WAL_521f0109da,U_2a5109702d,SPEND,-713.71,NP,9421.79,2024-10-22T15:00:00,QR
WAL_e858c96f3c,U_2a5109702d,SPEND,-1549.0,NP,7872.79,2024-10-24T04:00:00,QR
WAL_c433c2fbcb,U_2a5109702d,SPEND,-362.78,NP,7510.01,2024-10-25T22:00:00,QR
WAL_13038631d9,U_2a5109702d,SPEND,-910.67,NP,6599.34,2024-10-23T05:00:00,QR
WAL_e0c1638e14,U_2a5109702d,SPEND,-1830.78,NP,4768.56,2024-10-23T14:00:00,QR
WAL_aa1fe49dc4,U_2a5109702d,SPEND,-1363.32,NP,3405.24,2024-10-22T07:00:00,QR
WAL_eb47e069e5,U_2a5109702d,SPEND,-1709.75,NP,1695.49,2024-10-25T06:00:00,QR
WAL_4c06427cd7,U_2a5109702d,SPEND,-626.5,NP,1068.99,2024-10-22T13:00:00,QR
WAL_fd916add62,U_2a5109702d,LOAD,18530.7,NP,18530.7,2026-03-08T17:00:00,APP
WAL_7ece12670f,U_2a5109702d,SPEND,-1159.2,NP,17371.5,2026-03-08T17:00:00,QR
WAL_31f3df454f,U_2a5109702d,SPEND,-835.24,NP,16536.26,2026-03-13T07:00:00,QR
WAL_192318bd9d,U_2a5109702d,SPEND,-1019.88,NP,15516.38,2026-03-16T11:00:00,QR
WAL_db7d6af09c,U_2a5109702d,SPEND,-2287.54,NP,13228.84,2026-03-08T16:00:00,QR
WAL_bddb15cc06,U_61eb414848,LOAD,13810.19,AU,13810.19,2025-03-27T19:00:00,APP
WAL_65b50f4acb,U_61eb414848,SPEND,-3332.38,AU,10477.81,2025-03-27T19:00:00,QR
WAL_2842426f28,U_61eb414848,SPEND,-1887.12,AU,8590.69,2025-03-28T03:00:00,QR
WAL_880695b53f,U_61eb414848,SPEND,-1414.92,AU,7175.77,2025-03-27T14:00:00,QR
WAL_4e480cab48,U_61eb414848,SPEND,-2417.18,AU,4758.59,2025-03-31T23:00:00,QR
WAL_b69a693af9,U_61eb414848,SPEND,-2243.33,AU,2515.26,2025-04-01T00:00:00,QR
WAL_61e2031f6e,U_61eb414848,LOAD,15551.1,AU,15551.1,2025-10-14T13:00:00,APP
WAL_c51b700112,U_61eb414848,SPEND,-303.45,AU,15247.65,2025-10-14T13:00:00,QR
WAL_43b4469b7a,U_61eb414848,SPEND,-1015.97,AU,14231.68,2025-10-08T08:00:00,QR
WAL_367fdf31c6,U_61eb414848,SPEND,-1018.41,AU,13213.27,2025-10-11T15:00:00,QR
WAL_15300a6fc5,U_61eb414848,SPEND,-1738.6,AU,11474.67,2025-10-11T13:00:00,QR
WAL_5b9c2730eb,U_6de20f6b36,LOAD,3848.1,LK,3848.1,2025-04-02T18:00:00,APP
WAL_35a70f5192,U_6de20f6b36,SPEND,-3279.28,LK,568.82,2025-04-02T18:00:00,QR
WAL_209660862e,U_6de20f6b36,SPEND,-1759.77,LK,-1190.95,2025-04-09T09:00:00,QR
WAL_50828d5c41,U_6de20f6b36,LOAD,16974.06,LK,16974.06,2026-03-01T19:00:00,APP
WAL_0e3407b5ba,U_5aed858be4,LOAD,2261.72,MY,2261.72,2025-03-14T10:00:00,APP
WAL_cf4a3e939b,U_5aed858be4,SPEND,-2262.56,MY,-0.84,2025-03-14T10:00:00,QR
WAL_1d6ec74a43,U_5aed858be4,LOAD,24653.82,MY,24652.98,2025-03-14T18:00:00,APP
WAL_cccbda27e1,U_5aed858be4,SPEND,-4038.82,MY,20614.16,2025-03-14T18:00:00,QR
WAL_6ae9b127bb,U_5aed858be4,SPEND,-794.64,MY,19819.52,2025-03-13T12:00:00,QR
WAL_8ba6d7da0c,U_5aed858be4,SPEND,-980.89,MY,18838.63,2025-03-08T07:00:00,QR
WAL_0803f83e90,U_5aed858be4,SPEND,-1346.23,MY,17492.4,2025-03-09T14:00:00,QR
WAL_fc3c767d42,U_5aed858be4,SPEND,-1790.4,MY,15702.0,2025-03-11T03:00:00,QR
WAL_180c5e1bd3,U_5aed858be4,SPEND,-1339.86,MY,14362.14,2025-03-11T18:00:00,QR
WAL_6b28398151,U_5aed858be4,SPEND,-1422.61,MY,12939.53,2025-03-12T16:00:00,QR
WAL_dc961e6d93,U_5aed858be4,SPEND,-2963.75,MY,9975.78,2025-03-15T03:00:00,QR
WAL_ac8a8be765,U_b6821eae07,LOAD,17780.64,BD,17780.64,2025-09-08T07:00:00,APP
WAL_a23a4c8893,U_b6821eae07,SPEND,-1143.1,BD,16637.54,2025-09-08T07:00:00,QR
WAL_729500e75d,U_b6821eae07,SPEND,-1082.07,BD,15555.47,2025-09-13T14:00:00,QR
WAL_dbbb0ef848,U_b6821eae07,SPEND,-1077.84,BD,14477.63,2025-09-08T12:00:00,QR
WAL_a258b695b1,U_b6821eae07,SPEND,-731.37,BD,13746.26,2025-09-10T13:00:00,QR
WAL_cfe5c35fa9,U_b6821eae07,SPEND,-2268.39,BD,11477.87,2025-09-10T09:00:00,QR
WAL_d5cbcd2523,U_b6821eae07,SPEND,-2172.59,BD,9305.28,2025-09-09T19:00:00,QR
WAL_de4c5dc5e5,U_b6821eae07,SPEND,-1173.64,BD,8131.64,2025-09-10T04:00:00,QR
WAL_11e62d233a,U_b6821eae07,SPEND,-1036.98,BD,7094.66,2025-09-08T00:00:00,QR
WAL_1f4fe9f724,U_b6821eae07,SPEND,-1934.87,BD,5159.79,2025-09-11T19:00:00,QR
WAL_a2a17b4531,U_b6821eae07,SPEND,-1460.62,BD,3699.17,2025-09-14T04:00:00,QR
WAL_12cd1d35a8,U_b6821eae07,SPEND,-1221.58,BD,2477.59,2025-09-15T22:00:00,QR
WAL_d66d632b83,U_b6821eae07,SPEND,-1660.37,BD,817.22,2025-09-15T19:00:00,QR
WAL_3c1a2b1d95,U_b6821eae07,SPEND,-2284.04,BD,-1466.82,2025-09-08T05:00:00,QR
WAL_b259dd5f22,U_b6821eae07,LOAD,17324.07,BD,17324.07,2025-11-24T06:00:00,APP
WAL_1a31625e33,U_b6821eae07,SPEND,-1765.77,BD,15558.3,2025-11-24T06:00:00,QR
WAL_14a29bd205,U_b6821eae07,SPEND,-2125.86,BD,13432.44,2025-11-24T21:00:00,QR
WAL_06dad667cc,U_b6821eae07,SPEND,-2539.16,BD,10893.28,2025-11-22T07:00:00,QR
WAL_90e89f8f9f,U_baf6d41b40,LOAD,5644.74,AE,5644.74,2025-06-18T07:00:00,APP
WAL_1e72f89eb4,U_baf6d41b40,SPEND,-1908.9,AE,3735.84,2025-06-07T00:00:00,QR
WAL_d33ea72f4f,U_baf6d41b40,SPEND,-556.71,AE,3179.13,2025-06-05T20:00:00,QR
WAL_d2f4907f94,U_baf6d41b40,SPEND,-4028.91,AE,-849.78,2025-06-07T12:00:00,QR
WAL_c458830fb4,U_baf6d41b40,LOAD,7447.19,AE,7447.19,2024-10-04T11:00:00,APP
WAL_2c0f4eb480,U_baf6d41b40,SPEND,-1136.9,AE,6310.29,2024-10-04T11:00:00,QR
WAL_6808a242fd,U_baf6d41b40,SPEND,-1397.79,AE,4912.5,2024-10-03T08:00:00,QR
WAL_a65dfe745f,U_baf6d41b40,SPEND,-2308.3,AE,2604.2,2024-10-07T10:00:00,QR
WAL_c10b6de9df,U_83e21fcc8d,LOAD,21797.07,US,21797.07,2026-07-23T06:00:00,APP
WAL_ab4595c2bb,U_83e21fcc8d,SPEND,-1016.65,US,20780.42,2026-07-23T06:00:00,QR
WAL_01cf21978d,U_83e21fcc8d,SPEND,-907.15,US,19873.27,2026-07-19T23:00:00,QR
WAL_1cdd5dc3f4,U_83e21fcc8d,SPEND,-207.42,US,19665.85,2026-07-23T13:00:00,QR
WAL_451932658d,U_83e21fcc8d,SPEND,-1593.94,US,18071.91,2026-07-17T19:00:00,QR
WAL_e105ac4bd9,U_83e21fcc8d,SPEND,-8866.98,US,9204.93,2026-07-16T18:00:00,QR
WAL_78274d092c,U_83e21fcc8d,SPEND,-977.08,US,8227.85,2026-07-23T19:00:00,QR
WAL_bd07a857af,U_83e21fcc8d,SPEND,-5957.39,US,2270.46,2026-07-24T10:00:00,QR
WAL_32af33321c,U_83e21fcc8d,SPEND,-1247.81,US,1022.65,2026-07-18T07:00:00,QR
WAL_20d08ce9af,U_82db572632,LOAD,18880.38,GB,18880.38,2024-10-07T15:00:00,APP
WAL_f4f77a2a12,U_82db572632,SPEND,-3204.5,GB,15675.88,2024-10-07T15:00:00,QR
WAL_956c40b5f5,U_82db572632,SPEND,-1624.49,GB,14051.39,2024-10-06T19:00:00,QR
WAL_fad3031782,U_82db572632,SPEND,-1527.13,GB,12524.26,2024-10-06T21:00:00,QR
WAL_b036f2211d,U_82db572632,LOAD,8501.03,GB,8501.03,2025-01-13T08:00:00,APP
WAL_243bf4cb34,U_82db572632,SPEND,-2164.53,GB,6336.5,2025-01-03T17:00:00,QR
WAL_4052f7f6d4,U_82db572632,SPEND,-2505.29,GB,3831.21,2025-01-05T18:00:00,QR
WAL_4a160281ea,U_82db572632,SPEND,-1250.83,GB,2580.38,2025-01-02T23:00:00,QR
WAL_529128ae29,U_82db572632,SPEND,-1162.58,GB,1417.8,2025-01-06T19:00:00,QR
WAL_54f9fddab3,U_4ed104bbae,LOAD,4977.7,CA,4977.7,2025-10-20T21:00:00,APP
WAL_3daebad8a3,U_4ed104bbae,SPEND,-1802.6,CA,3175.1,2025-10-20T21:00:00,QR
WAL_aa3a4f024c,U_5549cd76be,LOAD,15883.89,REST,15883.89,2025-10-28T05:00:00,APP
WAL_b05c2da53b,U_5549cd76be,SPEND,-1738.57,REST,14145.32,2025-10-24T15:00:00,QR
WAL_e5c4eb1a02,U_5549cd76be,SPEND,-2311.28,REST,11834.04,2025-10-28T23:00:00,QR
WAL_b486fd0bbc,U_5549cd76be,SPEND,-1299.39,REST,10534.65,2025-10-18T07:00:00,QR
WAL_72d19ed942,U_5549cd76be,SPEND,-1355.46,REST,9179.19,2025-10-26T09:00:00,QR
WAL_eef411c725,U_5549cd76be,SPEND,-1735.09,REST,7444.1,2025-10-15T11:00:00,QR
WAL_b464af783a,U_5549cd76be,SPEND,-1335.16,REST,6108.94,2025-10-30T18:00:00,QR
WAL_d27d5aba91,U_5549cd76be,SPEND,-1571.14,REST,4537.8,2025-10-26T00:00:00,QR
WAL_292aeb8d36,U_d5080211ad,LOAD,3421.92,BD,3421.92,2025-09-18T21:00:00,APP
WAL_3b86db3e9c,U_d5080211ad,SPEND,-4913.74,BD,-1491.82,2025-09-25T07:00:00,QR
WAL_1a19729563,U_d5080211ad,LOAD,9039.34,BD,7547.52,2025-09-25T01:00:00,APP
WAL_2d110891f9,U_d5080211ad,SPEND,-2853.0,BD,4694.52,2025-09-25T01:00:00,QR
WAL_1e94def79d,U_d5080211ad,LOAD,10078.72,BD,10078.72,2026-06-08T22:00:00,APP
WAL_e5b80c3d2b,U_d5080211ad,SPEND,-823.83,BD,9254.89,2026-06-08T22:00:00,QR
WAL_8fb961973d,U_d5080211ad,SPEND,-3767.73,BD,5487.16,2026-06-09T03:00:00,QR
WAL_ec6d4cc56d,U_d5080211ad,SPEND,-648.6,BD,4838.56,2026-06-15T05:00:00,QR
WAL_3563aba8b7,U_d5080211ad,SPEND,-1327.18,BD,3511.38,2026-06-09T09:00:00,QR
WAL_d3d3bad353,U_d5080211ad,SPEND,-1422.04,BD,2089.34,2026-06-13T19:00:00,QR
WAL_aaa3c0539f,U_ce96946427,LOAD,4599.26,US,4599.26,2024-10-05T00:00:00,APP
WAL_83905ace8f,U_ce96946427,SPEND,-644.71,US,3954.55,2024-10-05T00:00:00,QR
WAL_ff192ee0fc,U_ce96946427,SPEND,-923.24,US,3031.31,2024-10-20T07:00:00,QR
WAL_2d3aee6396,U_ce96946427,SPEND,-939.15,US,2092.16,2024-10-19T07:00:00,QR
WAL_8e624d12cb,U_ce96946427,SPEND,-1235.33,US,856.83,2024-10-15T14:00:00,QR
WAL_5572f9bd9b,U_ce96946427,SPEND,-2390.61,US,-1533.78,2024-10-13T23:00:00,QR
WAL_363bcca95e,U_ce96946427,LOAD,14826.66,US,13292.88,2024-10-09T07:00:00,APP
WAL_f07b8d8bb5,U_ce96946427,SPEND,-725.96,US,12566.92,2024-10-18T09:00:00,QR
WAL_121a7b5d00,U_6360c6520f,LOAD,21771.26,BD,21771.26,2025-06-23T16:00:00,APP
WAL_3bb19d5dcc,U_6360c6520f,SPEND,-1867.54,BD,19903.72,2025-06-23T16:00:00,QR
WAL_2d5e72f369,U_6360c6520f,SPEND,-3016.92,BD,16886.8,2025-06-20T14:00:00,QR
WAL_71503c36e5,U_6360c6520f,SPEND,-1651.66,BD,15235.14,2025-06-19T05:00:00,QR
WAL_6a326a659c,U_6360c6520f,SPEND,-2870.42,BD,12364.72,2025-06-29T04:00:00,QR
WAL_e76a9d7c8d,U_6360c6520f,SPEND,-771.51,BD,11593.21,2025-06-30T05:00:00,QR
WAL_89d7aeeb7e,U_6360c6520f,SPEND,-1093.41,BD,10499.8,2025-06-30T21:00:00,QR
WAL_a4b613ac81,U_6360c6520f,SPEND,-2542.4,BD,7957.4,2025-06-29T05:00:00,QR
WAL_2d87375b48,U_6360c6520f,SPEND,-1395.19,BD,6562.21,2025-06-26T18:00:00,QR
WAL_6915f02a72,U_6360c6520f,LOAD,7670.15,BD,7670.15,2024-10-01T21:00:00,APP
WAL_eb92bc4a00,U_6360c6520f,SPEND,-663.82,BD,7006.33,2024-10-01T21:00:00,QR
WAL_8c42b3c301,U_6360c6520f,SPEND,-924.59,BD,6081.74,2024-10-05T11:00:00,QR
WAL_4ebb7bc511,U_6360c6520f,SPEND,-692.79,BD,5388.95,2024-10-06T00:00:00,QR
WAL_f67ec226a1,U_6360c6520f,SPEND,-1538.4,BD,3850.55,2024-09-26T16:00:00,QR
WAL_5f29c24e17,U_6360c6520f,SPEND,-762.93,BD,3087.62,2024-09-25T23:00:00,QR
WAL_03aa6c5e6a,U_6360c6520f,SPEND,-1409.92,BD,1677.7,2024-09-27T20:00:00,QR
WAL_5c23678409,U_6360c6520f,SPEND,-885.01,BD,792.69,2024-10-08T15:00:00,QR
WAL_f988dcf20e,U_6360c6520f,SPEND,-907.48,BD,-114.79,2024-09-29T22:00:00,QR
WAL_699b5fbbda,U_6360c6520f,LOAD,6447.32,BD,6332.53,2024-10-07T08:00:00,APP
WAL_afe49c7080,U_6360c6520f,SPEND,-2025.35,BD,4307.18,2024-10-07T08:00:00,QR
WAL_7f76bb2fff,U_6360c6520f,SPEND,-862.12,BD,3445.06,2024-09-28T18:00:00,QR
WAL_348cd68959,U_6360c6520f,SPEND,-3861.23,BD,-416.17,2024-09-27T13:00:00,QR
WAL_3fe4cba4ae,U_6360c6520f,LOAD,22342.45,BD,21926.28,2024-09-25T06:00:00,APP
WAL_81ba05b4f5,U_6360c6520f,LOAD,11561.29,BD,11561.29,2026-04-19T08:00:00,APP
WAL_9476232977,U_6360c6520f,SPEND,-1240.91,BD,10320.38,2026-04-19T08:00:00,QR
WAL_694e4ee387,U_6360c6520f,SPEND,-1320.59,BD,8999.79,2026-05-03T11:00:00,QR
WAL_4ab1854fce,U_6360c6520f,SPEND,-1096.44,BD,7903.35,2026-04-25T21:00:00,QR
WAL_a29546e9e4,U_6360c6520f,SPEND,-1299.85,BD,6603.5,2026-04-23T08:00:00,QR
WAL_8dea56d6f3,U_128a3a2bf9,LOAD,24381.97,LK,24381.97,2024-09-16T02:00:00,APP
WAL_738b40d6b9,U_128a3a2bf9,SPEND,-1837.13,LK,22544.84,2024-09-22T15:00:00,QR
WAL_0c3108ca75,U_128a3a2bf9,SPEND,-1168.97,LK,21375.87,2024-09-17T20:00:00,QR
WAL_498249de77,U_a15ef6755d,LOAD,16188.29,REST,16188.29,2026-01-11T03:00:00,APP
WAL_a7d5d29dea,U_a15ef6755d,SPEND,-1910.0,REST,14278.29,2026-01-09T09:00:00,QR
WAL_a0521d3079,U_a15ef6755d,SPEND,-1099.7,REST,13178.59,2026-01-09T12:00:00,QR
WAL_a543a8be56,U_a15ef6755d,SPEND,-631.1,REST,12547.49,2026-01-11T07:00:00,QR
WAL_324c2ef034,U_a15ef6755d,SPEND,-451.0,REST,12096.49,2026-01-12T22:00:00,QR
WAL_6c7c0ac8bf,U_a15ef6755d,SPEND,-1167.94,REST,10928.55,2026-01-09T18:00:00,QR
WAL_69064e8f78,U_a15ef6755d,SPEND,-1446.92,REST,9481.63,2026-01-11T08:00:00,QR
WAL_ed1ceff975,U_a15ef6755d,SPEND,-1120.71,REST,8360.92,2026-01-09T22:00:00,QR
WAL_387ae54339,U_a15ef6755d,SPEND,-1992.07,REST,6368.85,2026-01-13T16:00:00,QR
WAL_69c4fd5da8,U_df0155c5c6,LOAD,12893.41,DE,12893.41,2026-01-15T06:00:00,APP
WAL_bff0867e22,U_df0155c5c6,SPEND,-798.83,DE,12094.58,2026-01-15T06:00:00,QR
WAL_3df9a3592a,U_df0155c5c6,SPEND,-3124.51,DE,8970.07,2026-01-19T04:00:00,QR
WAL_0077b9c68d,U_df0155c5c6,SPEND,-1061.26,DE,7908.81,2026-01-27T13:00:00,QR
WAL_31a0bd2bfd,U_df0155c5c6,SPEND,-1728.25,DE,6180.56,2026-01-16T08:00:00,QR
WAL_3c75cdc949,U_df0155c5c6,SPEND,-841.63,DE,5338.93,2026-01-23T13:00:00,QR
WAL_55914f8581,U_41e9e9713c,LOAD,19072.74,AU,19072.74,2024-11-26T08:00:00,APP
WAL_da286f1035,U_41e9e9713c,SPEND,-1708.06,AU,17364.68,2024-11-25T06:00:00,QR
WAL_3e77bda760,U_41e9e9713c,SPEND,-2547.57,AU,14817.11,2024-11-13T21:00:00,QR
WAL_9d1afa9a1a,U_41e9e9713c,SPEND,-2533.3,AU,12283.81,2024-11-23T20:00:00,QR
WAL_28be494145,U_41e9e9713c,SPEND,-2227.94,AU,10055.87,2024-11-17T10:00:00,QR
WAL_af43123fd6,U_41e9e9713c,SPEND,-1638.35,AU,8417.52,2024-11-10T12:00:00,QR
WAL_35e7cb46c2,U_41e9e9713c,SPEND,-876.33,AU,7541.19,2024-11-26T02:00:00,QR
WAL_f18032f289,U_41e9e9713c,SPEND,-1451.62,AU,6089.57,2024-11-26T03:00:00,QR
WAL_5525a56546,U_41e9e9713c,SPEND,-1237.6,AU,4851.97,2024-11-13T19:00:00,QR
WAL_c5ff27ce0e,U_41e9e9713c,SPEND,-1585.59,AU,3266.38,2024-11-20T08:00:00,QR
WAL_5c9263c2d8,U_41e9e9713c,SPEND,-1909.89,AU,1356.49,2024-11-12T13:00:00,QR
WAL_3dcabdda38,U_41e9e9713c,LOAD,19245.38,AU,19245.38,2026-06-26T16:00:00,APP
WAL_65bf5a6bdb,U_41e9e9713c,SPEND,-1698.08,AU,17547.3,2026-06-25T05:00:00,QR
WAL_66c227986a,U_41e9e9713c,SPEND,-1445.25,AU,16102.05,2026-06-25T07:00:00,QR
WAL_0ddcc8b321,U_41e9e9713c,SPEND,-1482.11,AU,14619.94,2026-06-24T00:00:00,QR
WAL_d87408089d,U_41e9e9713c,SPEND,-2333.88,AU,12286.06,2026-06-24T21:00:00,QR
WAL_3a23264632,U_41e9e9713c,LOAD,9789.31,AU,9789.31,2025-10-18T05:00:00,APP
WAL_42798648f6,U_41e9e9713c,SPEND,-1933.68,AU,7855.63,2025-10-18T05:00:00,QR
WAL_04041df306,U_41e9e9713c,SPEND,-1430.39,AU,6425.24,2025-10-15T11:00:00,QR
WAL_4c06377c7f,U_41e9e9713c,SPEND,-1124.99,AU,5300.25,2025-10-15T07:00:00,QR
WAL_d5d3a82329,U_41e9e9713c,SPEND,-831.44,AU,4468.81,2025-10-18T11:00:00,QR
WAL_8d4399a35e,U_41e9e9713c,SPEND,-634.13,AU,3834.68,2025-10-18T11:00:00,QR
WAL_7ac50d65ae,U_41e9e9713c,SPEND,-1600.16,AU,2234.52,2025-10-16T22:00:00,QR
WAL_b438be8580,U_0953b613e5,LOAD,3513.56,CA,3513.56,2024-11-28T01:00:00,APP
WAL_19197011c1,U_0953b613e5,SPEND,-587.39,CA,2926.17,2024-11-28T01:00:00,QR
WAL_b0ffd78455,U_0953b613e5,SPEND,-1685.07,CA,1241.1,2024-11-23T03:00:00,QR
WAL_24d942ac64,U_0953b613e5,SPEND,-1092.54,CA,148.56,2024-11-28T02:00:00,QR
WAL_1e04535ba3,U_0953b613e5,SPEND,-1217.98,CA,-1069.42,2024-12-06T21:00:00,QR
WAL_e75655e523,U_0953b613e5,LOAD,11320.15,CA,10250.73,2024-11-24T08:00:00,APP
WAL_29ee9891fb,U_0953b613e5,SPEND,-2436.02,CA,7814.71,2024-11-24T04:00:00,QR
WAL_7d7dd5aaa2,U_0953b613e5,SPEND,-1071.9,CA,6742.81,2024-11-25T19:00:00,QR
WAL_07b567b735,U_0953b613e5,LOAD,23742.19,CA,23742.19,2025-01-24T16:00:00,APP
WAL_9689a6146f,U_0953b613e5,SPEND,-1017.5,CA,22724.69,2025-01-24T16:00:00,QR
WAL_c1098b0f36,U_0953b613e5,SPEND,-2354.96,CA,20369.73,2025-01-22T09:00:00,QR
WAL_730be0f74b,U_0953b613e5,SPEND,-1074.23,CA,19295.5,2025-02-01T09:00:00,QR
WAL_772ea11b78,U_0953b613e5,SPEND,-863.14,CA,18432.36,2025-01-28T19:00:00,QR
WAL_5f4c573045,U_0953b613e5,SPEND,-758.69,CA,17673.67,2025-01-23T23:00:00,QR
WAL_650c4c87d2,U_0953b613e5,LOAD,23143.05,CA,23143.05,2025-12-11T01:00:00,APP
WAL_9afe25f759,U_0953b613e5,SPEND,-1174.09,CA,21968.96,2025-12-06T18:00:00,QR
WAL_0fdadd5f21,U_0953b613e5,SPEND,-2301.99,CA,19666.97,2025-12-13T12:00:00,QR
WAL_a20b45339f,U_0953b613e5,SPEND,-1229.22,CA,18437.75,2025-12-15T00:00:00,QR
WAL_bbdabb5f99,U_0953b613e5,SPEND,-1250.37,CA,17187.38,2025-11-29T21:00:00,QR
WAL_ef10ca1879,U_918bc62d24,LOAD,10411.18,US,10411.18,2025-06-01T13:00:00,APP
WAL_1dafff30fe,U_918bc62d24,SPEND,-4404.67,US,6006.51,2025-06-01T13:00:00,QR
WAL_c913f734ef,U_918bc62d24,SPEND,-1867.49,US,4139.02,2025-05-31T04:00:00,QR
WAL_dfdd5b9e9a,U_918bc62d24,SPEND,-1268.38,US,2870.64,2025-05-24T15:00:00,QR
WAL_e79ae9c239,U_918bc62d24,SPEND,-1027.78,US,1842.86,2025-05-26T06:00:00,QR
WAL_a22334d9b3,U_918bc62d24,SPEND,-1366.7,US,476.16,2025-05-31T14:00:00,QR
WAL_f2d7f7c886,U_918bc62d24,SPEND,-1365.74,US,-889.58,2025-05-28T18:00:00,QR
WAL_db1ed07267,U_918bc62d24,LOAD,13706.0,US,12816.41,2025-05-26T13:00:00,APP
WAL_dd7705a3e7,U_918bc62d24,SPEND,-2073.71,US,10742.7,2025-05-26T13:00:00,QR
WAL_317a0be109,U_918bc62d24,LOAD,15853.12,US,15853.12,2024-11-08T02:00:00,APP
WAL_bc1e5d0e36,U_918bc62d24,SPEND,-1039.74,US,14813.38,2024-11-08T12:00:00,QR
WAL_b7e95b8b03,U_918bc62d24,SPEND,-2475.18,US,12338.2,2024-11-07T12:00:00,QR
WAL_c89d0b0366,U_918bc62d24,SPEND,-932.0,US,11406.2,2024-11-05T21:00:00,QR
WAL_42092ad2cd,U_918bc62d24,SPEND,-407.11,US,10999.09,2024-11-04T09:00:00,QR
WAL_d58dcdf917,U_918bc62d24,SPEND,-895.82,US,10103.27,2024-11-07T21:00:00,QR
WAL_09eb77478f,U_918bc62d24,SPEND,-1522.63,US,8580.64,2024-11-06T16:00:00,QR
WAL_05ee16491a,U_918bc62d24,SPEND,-1164.18,US,7416.46,2024-11-08T09:00:00,QR
WAL_7fba543775,U_918bc62d24,SPEND,-1018.16,US,6398.3,2024-11-02T21:00:00,QR
WAL_0432208fb7,U_918bc62d24,SPEND,-964.89,US,5433.41,2024-11-02T00:00:00,QR
WAL_5e19a46c7f,U_05a25b50c8,LOAD,22532.85,GB,22532.85,2026-05-14T01:00:00,APP
WAL_a500dd88f6,U_05a25b50c8,SPEND,-1341.6,GB,21191.25,2026-04-28T23:00:00,QR
WAL_9840836e4e,U_05a25b50c8,SPEND,-686.87,GB,20504.38,2026-05-05T10:00:00,QR
WAL_ad41fe6b1f,U_05a25b50c8,SPEND,-1074.7,GB,19429.68,2026-05-08T21:00:00,QR
WAL_b0141f93cc,U_05a25b50c8,SPEND,-2425.96,GB,17003.72,2026-05-08T17:00:00,QR
WAL_c0cf874168,U_05a25b50c8,SPEND,-1266.49,GB,15737.23,2026-05-10T05:00:00,QR
WAL_52b922df9c,U_05a25b50c8,SPEND,-2152.06,GB,13585.17,2026-05-03T06:00:00,QR
WAL_26bc6137e4,U_05a25b50c8,SPEND,-1262.04,GB,12323.13,2026-05-05T22:00:00,QR
WAL_ad6449fe22,U_728b61b329,LOAD,19914.43,REST,19914.43,2024-10-22T12:00:00,APP
WAL_c45375b8a2,U_728b61b329,SPEND,-2005.03,REST,17909.4,2024-10-22T12:00:00,QR
WAL_0ea63b3029,U_728b61b329,SPEND,-3853.24,REST,14056.16,2024-10-26T05:00:00,QR
WAL_a4ee595254,U_728b61b329,SPEND,-686.62,REST,13369.54,2024-10-21T16:00:00,QR
WAL_84e91460bb,U_728b61b329,SPEND,-2351.0,REST,11018.54,2024-10-18T00:00:00,QR
WAL_c44a10536c,U_80ea11d279,LOAD,4832.73,US,4832.73,2025-12-19T22:00:00,APP
WAL_44a7770367,U_80ea11d279,SPEND,-4876.27,US,-43.54,2025-12-19T22:00:00,QR
WAL_e6a11ab6ab,U_80ea11d279,LOAD,24109.82,US,24066.28,2025-12-08T13:00:00,APP
WAL_66055bd93b,U_80ea11d279,SPEND,-651.15,US,23415.13,2025-12-08T13:00:00,QR
WAL_0e1e6aa1a3,U_80ea11d279,SPEND,-1403.51,US,22011.62,2025-12-08T06:00:00,QR
WAL_b613952fe1,U_80ea11d279,SPEND,-1130.32,US,20881.3,2025-12-14T00:00:00,QR
WAL_18f2151720,U_80ea11d279,SPEND,-1358.33,US,19522.97,2025-12-09T07:00:00,QR
WAL_63f8ccc5f1,U_80ea11d279,SPEND,-1813.34,US,17709.63,2025-12-13T23:00:00,QR
WAL_c97489bc2a,U_80ea11d279,SPEND,-1173.65,US,16535.98,2025-12-09T15:00:00,QR
WAL_e97b1738d9,U_80ea11d279,SPEND,-1451.73,US,15084.25,2025-12-19T03:00:00,QR
WAL_61680996fc,U_4c25aa0126,LOAD,16411.66,REST,16411.66,2026-04-03T03:00:00,APP
WAL_d9f645c0a6,U_4c25aa0126,SPEND,-779.61,REST,15632.05,2026-04-01T01:00:00,QR
WAL_78dd6f168f,U_4c25aa0126,SPEND,-1422.79,REST,14209.26,2026-04-03T18:00:00,QR
WAL_b1e3ea68b8,U_4c25aa0126,SPEND,-2932.47,REST,11276.79,2026-04-06T16:00:00,QR
WAL_9a5748fbf0,U_fa82dc5d1f,LOAD,14645.48,AE,14645.48,2025-11-18T10:00:00,APP
WAL_6273df5faa,U_fa82dc5d1f,SPEND,-2472.73,AE,12172.75,2025-11-18T10:00:00,QR
WAL_176ad83a3f,U_fa82dc5d1f,SPEND,-563.27,AE,11609.48,2025-11-19T20:00:00,QR
WAL_716df18032,U_fa82dc5d1f,SPEND,-1692.09,AE,9917.39,2025-11-11T17:00:00,QR
WAL_8de2cfd201,U_fa82dc5d1f,SPEND,-1409.05,AE,8508.34,2025-11-08T05:00:00,QR
WAL_0a479ba5e8,U_fa82dc5d1f,SPEND,-2425.71,AE,6082.63,2025-11-15T03:00:00,QR
WAL_1f4e8f78ce,U_ec0a23c507,LOAD,7981.69,REST,7981.69,2026-06-09T12:00:00,APP
WAL_89999e1c77,U_ec0a23c507,SPEND,-646.36,REST,7335.33,2026-06-09T12:00:00,QR
WAL_dc86cb89a0,U_ec0a23c507,SPEND,-1020.94,REST,6314.39,2026-06-04T18:00:00,QR
WAL_e0f17912d3,U_ec0a23c507,SPEND,-2793.29,REST,3521.1,2026-06-05T17:00:00,QR
WAL_ca8a72e7f9,U_ec0a23c507,SPEND,-893.03,REST,2628.07,2026-06-07T17:00:00,QR
WAL_6ccf620a0e,U_5422a395b6,LOAD,20857.85,GB,20857.85,2025-10-29T10:00:00,APP
WAL_4dfb95fde9,U_d0e1444b07,LOAD,5568.65,AU,5568.65,2026-03-08T01:00:00,APP
WAL_67f30405c2,U_c91050079f,LOAD,24254.12,GB,24254.12,2024-09-12T21:00:00,APP
WAL_330ce361e1,U_c91050079f,SPEND,-3134.06,GB,21120.06,2024-09-12T21:00:00,QR
WAL_ce67f459e7,U_1621e65036,LOAD,19731.05,REST,19731.05,2025-12-15T11:00:00,APP
WAL_0dc4f1ca85,U_1621e65036,SPEND,-2510.28,REST,17220.77,2025-12-13T19:00:00,QR
WAL_5ba7b086ae,U_1621e65036,SPEND,-3450.34,REST,13770.43,2025-12-12T20:00:00,QR
WAL_b0a219a4e8,U_1621e65036,SPEND,-1118.71,REST,12651.72,2025-12-14T10:00:00,QR
WAL_78b48e22d1,U_1621e65036,SPEND,-4186.51,REST,8465.21,2025-12-07T02:00:00,QR
WAL_3ad22fffaa,U_1621e65036,SPEND,-1352.04,REST,7113.17,2025-12-07T19:00:00,QR
WAL_cca48d1ebd,U_1621e65036,SPEND,-1475.43,REST,5637.74,2025-12-15T04:00:00,QR
WAL_c800c3596e,U_1621e65036,SPEND,-655.61,REST,4982.13,2025-12-12T10:00:00,QR
WAL_31ea82539e,U_1621e65036,SPEND,-486.43,REST,4495.7,2025-12-08T23:00:00,QR
WAL_b131b851d2,U_1621e65036,SPEND,-1877.23,REST,2618.47,2025-12-11T14:00:00,QR
WAL_f0bc7e260f,U_1621e65036,SPEND,-2459.26,REST,159.21,2025-12-09T22:00:00,QR
WAL_d97ce13c16,U_1621e65036,LOAD,3347.79,REST,3347.79,2024-10-01T21:00:00,APP
WAL_e8e1689cec,U_1621e65036,SPEND,-1371.91,REST,1975.88,2024-10-01T21:00:00,QR
WAL_58eb57332a,U_1621e65036,SPEND,-2247.02,REST,-271.14,2024-10-06T08:00:00,QR
WAL_ee0c43d93f,U_1621e65036,LOAD,4737.97,REST,4466.83,2024-10-03T07:00:00,APP
WAL_15f7e390ac,U_1621e65036,SPEND,-11180.91,REST,-6714.08,2024-10-11T11:00:00,QR
WAL_568e52c531,U_1621e65036,LOAD,19667.39,REST,12953.32,2024-09-23T14:00:00,APP
WAL_08bb7cf50b,U_1621e65036,SPEND,-1211.08,REST,11742.24,2024-09-29T07:00:00,QR
WAL_500d5c3d64,U_1621e65036,SPEND,-1888.98,REST,9853.26,2024-09-21T23:00:00,QR
WAL_bf514bda5f,U_1621e65036,SPEND,-2560.87,REST,7292.39,2024-10-03T01:00:00,QR
WAL_f2f1f65d60,U_1621e65036,SPEND,-721.11,REST,6571.28,2024-09-27T00:00:00,QR
WAL_61e406021a,U_1621e65036,SPEND,-2722.57,REST,3848.71,2024-09-23T03:00:00,QR
WAL_f27a0df7d8,U_1621e65036,SPEND,-1364.36,REST,2484.35,2024-10-11T09:00:00,QR
WAL_7c190c49f3,U_2c40e2d9aa,LOAD,8128.78,REST,8128.78,2024-12-14T01:00:00,APP
WAL_462901c0de,U_2c40e2d9aa,SPEND,-2984.84,REST,5143.94,2024-12-10T18:00:00,QR
WAL_afb4c1fe80,U_2c40e2d9aa,SPEND,-1746.41,REST,3397.53,2024-12-11T00:00:00,QR
WAL_5cfa61cdb6,U_2c40e2d9aa,SPEND,-1486.75,REST,1910.78,2024-12-13T07:00:00,QR
WAL_af618389cd,U_2c40e2d9aa,SPEND,-824.71,REST,1086.07,2024-12-10T21:00:00,QR
WAL_83d0ea8f14,U_2c40e2d9aa,SPEND,-530.97,REST,555.1,2024-12-15T21:00:00,QR
WAL_f5c7c267f9,U_2c40e2d9aa,SPEND,-885.86,REST,-330.76,2024-12-10T18:00:00,QR
WAL_573e36a985,U_2c40e2d9aa,LOAD,20262.97,REST,19932.21,2024-12-13T16:00:00,APP
WAL_7deda3e02b,U_2c40e2d9aa,SPEND,-1746.21,REST,18186.0,2024-12-12T03:00:00,QR
WAL_f38cb55203,U_2c40e2d9aa,SPEND,-1025.86,REST,17160.14,2024-12-14T14:00:00,QR
WAL_ad6baf7231,U_2fa1972d60,LOAD,19586.19,SG,19586.19,2025-10-14T18:00:00,APP
WAL_2cc13dafd6,U_2fa1972d60,SPEND,-1545.92,SG,18040.27,2025-10-14T18:00:00,QR
WAL_393304cb11,U_2fa1972d60,SPEND,-1605.6,SG,16434.67,2025-10-13T17:00:00,QR
WAL_7648c50cf6,U_2fa1972d60,SPEND,-829.51,SG,15605.16,2025-10-09T21:00:00,QR
WAL_6eb3851395,U_30dba2c4a3,LOAD,8577.71,MY,8577.71,2025-03-23T05:00:00,APP
WAL_fd8039de65,U_30dba2c4a3,SPEND,-3069.07,MY,5508.64,2025-03-23T05:00:00,QR
WAL_1680122a31,U_30dba2c4a3,SPEND,-1159.94,MY,4348.7,2025-03-25T14:00:00,QR
WAL_d6caea1b77,U_30dba2c4a3,SPEND,-1558.37,MY,2790.33,2025-03-14T00:00:00,QR
WAL_dc0908c8b0,U_30dba2c4a3,SPEND,-485.19,MY,2305.14,2025-03-27T00:00:00,QR
WAL_870edb92f5,U_30dba2c4a3,SPEND,-1170.51,MY,1134.63,2025-03-29T22:00:00,QR
WAL_a70f2efba2,U_30dba2c4a3,SPEND,-995.98,MY,138.65,2025-03-22T13:00:00,QR
WAL_cf2f7a3c46,U_280dff119c,LOAD,24146.26,US,24146.26,2025-12-05T17:00:00,APP
WAL_e4f683a4b7,U_280dff119c,SPEND,-1294.18,US,22852.08,2025-12-05T17:00:00,QR
WAL_f9a30f2b99,U_280dff119c,SPEND,-2357.47,US,20494.61,2025-12-14T14:00:00,QR
WAL_79c3410a52,U_280dff119c,SPEND,-1333.19,US,19161.42,2025-12-13T18:00:00,QR
WAL_b43bb8ce5f,U_280dff119c,LOAD,24640.53,US,24640.53,2025-02-07T23:00:00,APP
WAL_32c0a89f67,U_280dff119c,SPEND,-1256.42,US,23384.11,2025-02-11T22:00:00,QR
WAL_329679c85f,U_280dff119c,SPEND,-2496.14,US,20887.97,2025-02-09T14:00:00,QR
WAL_567c7facaa,U_280dff119c,SPEND,-989.38,US,19898.59,2025-02-10T17:00:00,QR
WAL_3dd816e190,U_280dff119c,SPEND,-720.06,US,19178.53,2025-02-07T00:00:00,QR
WAL_64088d0042,U_280dff119c,SPEND,-4944.69,US,14233.84,2025-02-07T08:00:00,QR
WAL_1848372f53,U_280dff119c,SPEND,-492.99,US,13740.85,2025-02-13T16:00:00,QR
WAL_8112918c07,U_280dff119c,SPEND,-2697.52,US,11043.33,2025-02-07T07:00:00,QR
WAL_eaef86c96f,U_280dff119c,SPEND,-2979.26,US,8064.07,2025-02-10T06:00:00,QR
WAL_112ae7e86b,U_e9e1a861a6,LOAD,3410.83,AU,3410.83,2025-05-16T14:00:00,APP
WAL_c10204733c,U_e9e1a861a6,SPEND,-985.44,AU,2425.39,2025-05-16T14:00:00,QR
WAL_4a36b72744,U_e9e1a861a6,SPEND,-680.79,AU,1744.6,2025-05-27T22:00:00,QR
WAL_07b61b55fa,U_e9e1a861a6,SPEND,-1831.26,AU,-86.66,2025-05-26T08:00:00,QR
WAL_615ab9e5bd,U_e9e1a861a6,LOAD,22969.19,AU,22882.53,2025-05-19T00:00:00,APP
WAL_a0b444f71a,U_e9e1a861a6,SPEND,-1111.78,AU,21770.75,2025-05-19T00:00:00,QR
WAL_3b12a121be,U_e9e1a861a6,SPEND,-825.86,AU,20944.89,2025-05-22T21:00:00,QR
WAL_bd720f11d7,U_e9e1a861a6,LOAD,14330.63,AU,14330.63,2025-05-30T17:00:00,APP
WAL_abd0221c48,U_e9e1a861a6,SPEND,-4694.04,AU,9636.59,2025-06-01T22:00:00,QR
WAL_492ee3d5eb,U_e9e1a861a6,SPEND,-2219.94,AU,7416.65,2025-06-01T23:00:00,QR
WAL_8b6ce06fe4,U_e9e1a861a6,SPEND,-956.44,AU,6460.21,2025-05-30T20:00:00,QR
WAL_9f4a989528,U_e9e1a861a6,SPEND,-1165.85,AU,5294.36,2025-06-01T12:00:00,QR
WAL_752de23c34,U_e9e1a861a6,SPEND,-2344.55,AU,2949.81,2025-05-31T09:00:00,QR
WAL_3af0a26a50,U_e9e1a861a6,SPEND,-1724.52,AU,1225.29,2025-05-30T19:00:00,QR
WAL_26911bacf7,U_e9e1a861a6,SPEND,-1681.37,AU,-456.08,2025-05-31T13:00:00,QR
WAL_97471cce42,U_52385c1f10,LOAD,14127.27,REST,14127.27,2024-10-03T04:00:00,APP
WAL_e0f409aa7b,U_52385c1f10,SPEND,-1796.11,REST,12331.16,2024-10-04T01:00:00,QR
WAL_782897934f,U_f7b26eb114,LOAD,21417.48,CA,21417.48,2024-11-18T17:00:00,APP
WAL_be6db7fc65,U_f7b26eb114,SPEND,-860.83,CA,20556.65,2024-11-18T17:00:00,QR
WAL_7949065efa,U_f7b26eb114,SPEND,-2801.28,CA,17755.37,2024-11-19T19:00:00,QR
WAL_ea53ba93a0,U_f7b26eb114,SPEND,-928.48,CA,16826.89,2024-11-19T09:00:00,QR
WAL_b1a77663e4,U_f7b26eb114,SPEND,-1886.61,CA,14940.28,2024-11-19T14:00:00,QR
WAL_879e2fa7ff,U_f7b26eb114,SPEND,-6825.83,CA,8114.45,2024-11-15T16:00:00,QR
WAL_b2a56fee1e,U_f7b26eb114,SPEND,-2927.07,CA,5187.38,2024-11-18T02:00:00,QR
WAL_76178b63f3,U_f7b26eb114,SPEND,-1433.57,CA,3753.81,2024-11-20T04:00:00,QR
WAL_f69d0e2ecf,U_f7b26eb114,LOAD,16287.97,CA,16287.97,2026-02-05T13:00:00,APP
WAL_d992c48ffe,U_f7b26eb114,SPEND,-2232.85,CA,14055.12,2026-02-05T13:00:00,QR
WAL_3ab5211b81,U_f7b26eb114,SPEND,-2247.66,CA,11807.46,2026-02-15T11:00:00,QR
WAL_b7f2e069c4,U_f7b26eb114,SPEND,-2344.3,CA,9463.16,2026-02-15T02:00:00,QR
WAL_1a9ff670b3,U_f7b26eb114,SPEND,-1012.65,CA,8450.51,2026-02-09T20:00:00,QR
WAL_aab925206e,U_f7b26eb114,SPEND,-828.88,CA,7621.63,2026-02-07T21:00:00,QR
WAL_ecb4c2686b,U_f7b26eb114,SPEND,-933.92,CA,6687.71,2026-02-12T11:00:00,QR
WAL_e3c57342e1,U_f7b26eb114,SPEND,-2628.1,CA,4059.61,2026-02-05T07:00:00,QR
WAL_b6598d3e63,U_f7b26eb114,SPEND,-1972.19,CA,2087.42,2026-02-17T10:00:00,QR
WAL_41b3296830,U_f7b26eb114,SPEND,-1757.73,CA,329.69,2026-02-19T01:00:00,QR
WAL_864e8001ab,U_f7b26eb114,SPEND,-946.14,CA,-616.45,2026-02-20T17:00:00,QR
WAL_f48dc35a4e,U_f7b26eb114,LOAD,11297.45,CA,10681.0,2026-02-07T22:00:00,APP
WAL_668411af10,U_f7b26eb114,SPEND,-1852.92,CA,8828.08,2026-02-07T22:00:00,QR
WAL_f78e330f66,U_f7b26eb114,SPEND,-1936.51,CA,6891.57,2026-02-08T02:00:00,QR
WAL_6847a0017d,U_f7b26eb114,SPEND,-1203.04,CA,5688.53,2026-02-12T10:00:00,QR
WAL_aefbd89c3a,U_f7b26eb114,SPEND,-728.14,CA,4960.39,2026-02-08T02:00:00,QR
WAL_f78bb5e9d9,U_f7b26eb114,SPEND,-1208.42,CA,3751.97,2026-02-18T12:00:00,QR
WAL_621cca18c3,U_f7b26eb114,SPEND,-1377.19,CA,2374.78,2026-02-12T22:00:00,QR
WAL_bbb8777516,U_f7b26eb114,LOAD,22392.63,CA,22392.63,2025-11-06T11:00:00,APP
WAL_42d97ab4eb,U_f7b26eb114,SPEND,-592.83,CA,21799.8,2025-11-06T11:00:00,QR
WAL_9da6084b97,U_f7b26eb114,SPEND,-2844.06,CA,18955.74,2025-11-09T08:00:00,QR
WAL_ee0a6aa3e7,U_f7b26eb114,SPEND,-4040.13,CA,14915.61,2025-11-10T11:00:00,QR
WAL_77973c0ea0,U_f7b26eb114,SPEND,-1273.45,CA,13642.16,2025-11-06T18:00:00,QR
WAL_b3ab336e27,U_f7b26eb114,SPEND,-1418.4,CA,12223.76,2025-11-08T15:00:00,QR
WAL_b1e504411e,U_f7b26eb114,SPEND,-1386.85,CA,10836.91,2025-11-08T19:00:00,QR
WAL_2556713280,U_10e3103190,LOAD,21362.63,CA,21362.63,2024-09-24T01:00:00,APP
WAL_6b42cd423e,U_10e3103190,SPEND,-2678.17,CA,18684.46,2024-09-24T10:00:00,QR
WAL_e8630acc67,U_10e3103190,SPEND,-1194.47,CA,17489.99,2024-10-01T08:00:00,QR
WAL_deec9fd9e5,U_10e3103190,SPEND,-1201.85,CA,16288.14,2024-10-01T06:00:00,QR
WAL_60d4f5da5a,U_10e3103190,SPEND,-1531.4,CA,14756.74,2024-09-25T22:00:00,QR
WAL_fc0f5c4e73,U_10e3103190,SPEND,-2260.19,CA,12496.55,2024-10-01T07:00:00,QR
WAL_dff09bbf84,U_765c5d40a5,LOAD,15118.98,LK,15118.98,2026-02-02T01:00:00,APP
WAL_6600b0e833,U_765c5d40a5,SPEND,-595.75,LK,14523.23,2026-02-02T01:00:00,QR
WAL_0a77bdffdc,U_765c5d40a5,SPEND,-4199.46,LK,10323.77,2026-01-30T07:00:00,QR
WAL_936ee07f95,U_765c5d40a5,SPEND,-931.75,LK,9392.02,2026-01-30T16:00:00,QR
WAL_2c16e0aeb2,U_765c5d40a5,SPEND,-1231.75,LK,8160.27,2026-01-29T15:00:00,QR
WAL_25a0b1f4b6,U_765c5d40a5,SPEND,-2209.29,LK,5950.98,2026-01-31T03:00:00,QR
WAL_70d6b81ef1,U_765c5d40a5,SPEND,-1307.31,LK,4643.67,2026-02-06T05:00:00,QR
WAL_71b2429839,U_765c5d40a5,SPEND,-1150.84,LK,3492.83,2026-01-31T20:00:00,QR
WAL_9f1dc61803,U_765c5d40a5,SPEND,-923.67,LK,2569.16,2026-01-30T12:00:00,QR
WAL_402789db47,U_765c5d40a5,SPEND,-2786.75,LK,-217.59,2026-01-31T14:00:00,QR
WAL_86afbea9de,U_765c5d40a5,LOAD,5096.71,LK,4879.12,2026-01-29T13:00:00,APP
WAL_377c2a6de7,U_765c5d40a5,SPEND,-1142.3,LK,3736.82,2026-01-29T13:00:00,QR
WAL_e4308d7f1a,U_765c5d40a5,SPEND,-4799.58,LK,-1062.76,2026-02-03T00:00:00,QR
WAL_1e67ea7332,U_765c5d40a5,LOAD,11550.1,LK,11550.1,2024-09-16T15:00:00,APP
WAL_b85c015e56,U_765c5d40a5,SPEND,-2257.56,LK,9292.54,2024-09-11T02:00:00,QR
WAL_2ce8846806,U_765c5d40a5,SPEND,-2864.8,LK,6427.74,2024-09-14T21:00:00,QR
WAL_b2055083a2,U_765c5d40a5,LOAD,20578.03,LK,20578.03,2026-04-19T21:00:00,APP
WAL_74fd6ed263,U_765c5d40a5,SPEND,-817.57,LK,19760.46,2026-04-24T21:00:00,QR
WAL_8d6bdd7c9c,U_765c5d40a5,SPEND,-976.3,LK,18784.16,2026-04-22T21:00:00,QR
WAL_e2e7f10a1f,U_765c5d40a5,SPEND,-1443.28,LK,17340.88,2026-04-20T22:00:00,QR
WAL_d6152f9454,U_765c5d40a5,SPEND,-2331.12,LK,15009.76,2026-04-21T11:00:00,QR
WAL_483c942e05,U_765c5d40a5,SPEND,-1188.49,LK,13821.27,2026-04-19T17:00:00,QR
WAL_fe335c4ce5,U_f04ac8867b,LOAD,9309.03,DE,9309.03,2026-03-30T16:00:00,APP
WAL_b8fc6c5d5a,U_f04ac8867b,SPEND,-1163.47,DE,8145.56,2026-03-30T16:00:00,QR
WAL_69843f9539,U_f04ac8867b,SPEND,-1734.96,DE,6410.6,2026-03-29T12:00:00,QR
WAL_1c866594e8,U_f04ac8867b,SPEND,-3459.4,DE,2951.2,2026-03-29T02:00:00,QR
WAL_4c2c845a06,U_f04ac8867b,SPEND,-2471.73,DE,479.47,2026-03-29T17:00:00,QR
WAL_16658cb90d,U_f04ac8867b,SPEND,-1893.94,DE,-1414.47,2026-03-31T22:00:00,QR
WAL_d6e431183a,U_f04ac8867b,LOAD,14209.39,DE,12794.92,2026-03-29T22:00:00,APP
WAL_cadef01f43,U_f04ac8867b,SPEND,-1490.34,DE,11304.58,2026-03-29T22:00:00,QR
WAL_85d1c2e143,U_f04ac8867b,SPEND,-1463.45,DE,9841.13,2026-03-30T01:00:00,QR
WAL_3f08ce4f96,U_f04ac8867b,LOAD,3990.45,DE,3990.45,2025-07-29T11:00:00,APP
WAL_a331ff5fc5,U_f04ac8867b,SPEND,-1898.47,DE,2091.98,2025-07-29T11:00:00,QR
WAL_d74f337d58,U_f04ac8867b,SPEND,-446.19,DE,1645.79,2025-07-27T08:00:00,QR
WAL_2bd1694276,U_f04ac8867b,SPEND,-629.18,DE,1016.61,2025-07-29T07:00:00,QR
WAL_d9751542d5,U_f04ac8867b,SPEND,-791.13,DE,225.48,2025-07-29T21:00:00,QR
WAL_531e283b96,U_a7557582f8,LOAD,14275.81,GB,14275.81,2025-10-14T10:00:00,APP
WAL_e81e39cf0d,U_a7557582f8,SPEND,-2936.81,GB,11339.0,2025-10-18T05:00:00,QR
WAL_21deb9ed2b,U_a7557582f8,SPEND,-3122.64,GB,8216.36,2025-10-14T19:00:00,QR
WAL_6f23e01a82,U_a7557582f8,SPEND,-1377.43,GB,6838.93,2025-10-22T02:00:00,QR
WAL_110f51c7db,U_a7557582f8,SPEND,-1380.47,GB,5458.46,2025-10-18T02:00:00,QR
WAL_309e4adfca,U_91c724c05f,LOAD,7227.94,SG,7227.94,2025-11-05T20:00:00,APP
WAL_1cb23d083e,U_91c724c05f,SPEND,-351.09,SG,6876.85,2025-11-05T20:00:00,QR
WAL_1e967b33d6,U_91c724c05f,SPEND,-769.86,SG,6106.99,2025-11-04T01:00:00,QR
WAL_700d5a8d80,U_91c724c05f,SPEND,-4039.21,SG,2067.78,2025-11-01T11:00:00,QR
WAL_7081d6fde0,U_91c724c05f,SPEND,-1133.79,SG,933.99,2025-11-01T03:00:00,QR
WAL_4beac80065,U_91c724c05f,SPEND,-940.77,SG,-6.78,2025-11-04T14:00:00,QR
WAL_5eef78d0f3,U_91c724c05f,LOAD,16067.97,SG,16061.19,2025-11-04T05:00:00,APP
WAL_352cca03c1,U_91c724c05f,SPEND,-657.68,SG,15403.51,2025-11-04T05:00:00,QR
WAL_0ecbf53cf4,U_91c724c05f,SPEND,-452.33,SG,14951.18,2025-11-01T05:00:00,QR
WAL_cb5125cfa9,U_91c724c05f,LOAD,22475.72,SG,22475.72,2026-05-06T09:00:00,APP
WAL_ca09a1be11,U_44bd0bf796,LOAD,16845.8,US,16845.8,2026-05-10T05:00:00,APP
WAL_ad437b925d,U_44bd0bf796,SPEND,-1943.05,US,14902.75,2026-05-10T05:00:00,QR
WAL_fb4dd2b375,U_44bd0bf796,SPEND,-531.12,US,14371.63,2026-05-17T20:00:00,QR
WAL_83ceaac51d,U_44bd0bf796,SPEND,-1297.77,US,13073.86,2026-05-18T04:00:00,QR
WAL_28f24a269e,U_44bd0bf796,SPEND,-1878.35,US,11195.51,2026-05-11T01:00:00,QR
WAL_bbf19395aa,U_44bd0bf796,LOAD,13287.13,US,13287.13,2024-09-20T13:00:00,APP
WAL_24eea1e608,U_44bd0bf796,SPEND,-1524.76,US,11762.37,2024-09-20T13:00:00,QR
WAL_58572d3ed5,U_44bd0bf796,SPEND,-1378.74,US,10383.63,2024-09-22T04:00:00,QR
WAL_1d8f0e959e,U_44bd0bf796,SPEND,-2955.29,US,7428.34,2024-09-21T00:00:00,QR
WAL_7cc39c3101,U_0f3cdfc9df,LOAD,24914.44,REST,24914.44,2024-11-16T17:00:00,APP
WAL_3638eab4cf,U_0f3cdfc9df,SPEND,-5015.16,REST,19899.28,2024-11-16T17:00:00,QR
WAL_78901ac6c9,U_0f3cdfc9df,SPEND,-633.77,REST,19265.51,2024-11-27T14:00:00,QR
WAL_6bb2a529c2,U_0f3cdfc9df,SPEND,-2034.82,REST,17230.69,2024-11-28T07:00:00,QR
WAL_cdb98f8471,U_0f3cdfc9df,LOAD,22527.36,REST,22527.36,2026-05-01T23:00:00,APP
WAL_40d208c247,U_0f3cdfc9df,SPEND,-1316.76,REST,21210.6,2026-05-01T23:00:00,QR
WAL_b3086dd428,U_0f3cdfc9df,SPEND,-1154.78,REST,20055.82,2026-04-28T11:00:00,QR
WAL_07055e3dcc,U_0f3cdfc9df,SPEND,-1279.12,REST,18776.7,2026-05-06T20:00:00,QR
WAL_75ae67d88d,U_0f3cdfc9df,SPEND,-1125.37,REST,17651.33,2026-04-28T21:00:00,QR
WAL_816c4b74db,U_0f3cdfc9df,SPEND,-1764.24,REST,15887.09,2026-04-28T12:00:00,QR
WAL_d12fb27a52,U_0f3cdfc9df,SPEND,-1167.4,REST,14719.69,2026-04-28T06:00:00,QR
WAL_83e40ca9be,U_0f3cdfc9df,SPEND,-2426.36,REST,12293.33,2026-04-30T01:00:00,QR
WAL_96ee72d78f,U_0f3cdfc9df,SPEND,-1186.83,REST,11106.5,2026-04-28T12:00:00,QR
WAL_9b2a8eb62a,U_889a3add15,LOAD,23934.57,US,23934.57,2024-10-19T10:00:00,APP
WAL_dad54f8666,U_889a3add15,SPEND,-1612.52,US,22322.05,2024-10-19T10:00:00,QR
WAL_4e4911c319,U_889a3add15,SPEND,-2369.86,US,19952.19,2024-10-28T01:00:00,QR
WAL_62efccebb2,U_889a3add15,SPEND,-2706.04,US,17246.15,2024-10-20T13:00:00,QR
WAL_57e416345c,U_889a3add15,SPEND,-1558.48,US,15687.67,2024-10-24T15:00:00,QR
WAL_b4e85e83ff,U_889a3add15,SPEND,-1240.48,US,14447.19,2024-10-15T07:00:00,QR
WAL_dee78c373c,U_889a3add15,SPEND,-863.07,US,13584.12,2024-10-21T03:00:00,QR
WAL_1d8f962e06,U_889a3add15,LOAD,20242.57,US,20242.57,2026-01-20T04:00:00,APP
WAL_9e030c5bb8,U_889a3add15,SPEND,-2574.71,US,17667.86,2026-01-20T04:00:00,QR
WAL_add6bfe8b1,U_889a3add15,SPEND,-1835.04,US,15832.82,2026-01-17T08:00:00,QR
WAL_6ff5ea5a0c,U_7a883aec95,LOAD,15752.21,FR,15752.21,2025-11-29T04:00:00,APP
WAL_0fddd4a902,U_5dc494519f,LOAD,20898.43,REST,20898.43,2026-03-04T07:00:00,APP
WAL_82b414cc3e,U_5dc494519f,SPEND,-993.94,REST,19904.49,2026-03-04T07:00:00,QR
WAL_59f4ffb61a,U_5dc494519f,SPEND,-1457.65,REST,18446.84,2026-03-06T04:00:00,QR
WAL_87d6d1456f,U_5dc494519f,SPEND,-745.71,REST,17701.13,2026-03-02T22:00:00,QR
WAL_15b23a97f7,U_5dc494519f,SPEND,-2262.24,REST,15438.89,2026-03-01T02:00:00,QR
WAL_063d9b8c85,U_5dc494519f,SPEND,-1089.0,REST,14349.89,2026-02-26T13:00:00,QR
WAL_fdfdeb0c59,U_5dc494519f,LOAD,24069.19,REST,24069.19,2024-12-21T19:00:00,APP
WAL_0187617650,U_5dc494519f,SPEND,-1654.32,REST,22414.87,2024-12-06T08:00:00,QR
WAL_df150edaf8,U_5dc494519f,SPEND,-1379.55,REST,21035.32,2024-12-09T22:00:00,QR
WAL_8238b3f717,U_5dc494519f,LOAD,11405.26,REST,11405.26,2026-04-05T19:00:00,APP
WAL_c3dac4e8b3,U_5dc494519f,SPEND,-1740.95,REST,9664.31,2026-04-05T19:00:00,QR
WAL_436b67b06f,U_5dc494519f,SPEND,-2827.01,REST,6837.3,2026-04-05T10:00:00,QR
WAL_289241c6a9,U_5dc494519f,SPEND,-825.05,REST,6012.25,2026-04-02T16:00:00,QR
WAL_85842d6c19,U_5dc494519f,LOAD,24496.72,REST,24496.72,2024-12-10T16:00:00,APP
WAL_2f25e1c5a4,U_5dc494519f,SPEND,-1805.99,REST,22690.73,2024-12-10T16:00:00,QR
WAL_773708d7e7,U_5dc494519f,SPEND,-879.43,REST,21811.3,2024-12-06T06:00:00,QR
WAL_7aa551cae8,U_5dc494519f,SPEND,-1176.61,REST,20634.69,2024-12-11T03:00:00,QR
WAL_1b443820d0,U_5dc494519f,SPEND,-1778.24,REST,18856.45,2024-12-09T18:00:00,QR
WAL_6347c37be0,U_5dc494519f,SPEND,-892.83,REST,17963.62,2024-12-19T18:00:00,QR
WAL_3a2be835d9,U_5dc494519f,SPEND,-1233.21,REST,16730.41,2024-12-09T08:00:00,QR
WAL_66a1977a15,U_5dc494519f,SPEND,-1095.08,REST,15635.33,2024-12-15T18:00:00,QR
WAL_8d79a83155,U_5dc494519f,SPEND,-712.4,REST,14922.93,2024-12-14T09:00:00,QR
WAL_179eb5b5d4,U_5dc494519f,SPEND,-531.24,REST,14391.69,2024-12-15T21:00:00,QR
WAL_81e3cf12f9,U_5dc494519f,SPEND,-1417.37,REST,12974.32,2024-12-18T08:00:00,QR
WAL_883008b807,U_5dc494519f,SPEND,-1706.2,REST,11268.12,2024-12-07T07:00:00,QR
WAL_e3bddb633d,U_5dc494519f,SPEND,-2528.26,REST,8739.86,2024-12-08T16:00:00,QR
WAL_1a6e69fb43,U_5dc494519f,LOAD,8399.91,REST,8399.91,2026-01-30T17:00:00,APP
WAL_01245bb11e,U_5dc494519f,SPEND,-1183.17,REST,7216.74,2026-01-31T07:00:00,QR
WAL_30ef11a85d,U_684d77bccb,LOAD,8195.84,MY,8195.84,2024-09-27T07:00:00,APP
WAL_867385f05b,U_684d77bccb,SPEND,-1203.67,MY,6992.17,2024-09-27T07:00:00,QR
WAL_6bdaed6e2d,U_684d77bccb,SPEND,-7519.4,MY,-527.23,2024-10-06T09:00:00,QR
WAL_e651981ed7,U_684d77bccb,LOAD,10707.24,MY,10180.01,2024-10-08T05:00:00,APP
WAL_b3b67078a2,U_684d77bccb,SPEND,-2683.31,MY,7496.7,2024-10-08T05:00:00,QR
WAL_74d982210d,U_684d77bccb,SPEND,-1041.75,MY,6454.95,2024-10-04T04:00:00,QR
WAL_480d6c6887,U_684d77bccb,SPEND,-1569.28,MY,4885.67,2024-10-04T00:00:00,QR
WAL_57246cda6a,U_684d77bccb,SPEND,-1431.18,MY,3454.49,2024-10-07T00:00:00,QR
WAL_be9e3bab56,U_684d77bccb,SPEND,-5558.88,MY,-2104.39,2024-10-09T04:00:00,QR
WAL_73e81f00b9,U_684d77bccb,LOAD,2381.72,MY,277.33,2024-10-04T13:00:00,APP
WAL_3f798faebd,U_684d77bccb,SPEND,-2284.26,MY,-2006.93,2024-10-04T13:00:00,QR
WAL_403f63a597,U_30424e9747,LOAD,17008.83,SG,17008.83,2025-07-08T02:00:00,APP
WAL_8c9b08ff49,U_30424e9747,SPEND,-1648.37,SG,15360.46,2025-07-08T02:00:00,QR
WAL_6d568bc348,U_30424e9747,SPEND,-559.63,SG,14800.83,2025-06-30T06:00:00,QR
WAL_1370e2ca27,U_30424e9747,SPEND,-1598.7,SG,13202.13,2025-07-05T22:00:00,QR
WAL_4330db2cbc,U_30424e9747,SPEND,-3876.57,SG,9325.56,2025-06-30T10:00:00,QR
WAL_cba72179c4,U_30424e9747,SPEND,-2375.69,SG,6949.87,2025-07-08T14:00:00,QR
WAL_4b30c934c5,U_043d9b8ff4,LOAD,5591.74,REST,5591.74,2026-01-29T05:00:00,APP
WAL_8e03e2e841,U_043d9b8ff4,SPEND,-1774.8,REST,3816.94,2026-01-29T05:00:00,QR
WAL_81b7077d39,U_043d9b8ff4,SPEND,-1255.49,REST,2561.45,2026-02-05T17:00:00,QR
WAL_6a7f309e17,U_043d9b8ff4,SPEND,-1202.61,REST,1358.84,2026-01-31T07:00:00,QR
WAL_734708644c,U_043d9b8ff4,SPEND,-956.8,REST,402.04,2026-01-30T06:00:00,QR
WAL_768d0dce49,U_043d9b8ff4,SPEND,-567.38,REST,-165.34,2026-02-06T02:00:00,QR
WAL_fcdf2b4c2f,U_043d9b8ff4,LOAD,22537.51,REST,22372.17,2026-02-07T14:00:00,APP
WAL_aa3bb3e0e4,U_043d9b8ff4,SPEND,-1350.36,REST,21021.81,2026-02-07T14:00:00,QR
WAL_71f0f5fe53,U_043d9b8ff4,LOAD,11687.56,REST,11687.56,2025-05-04T16:00:00,APP
WAL_5d08e06f86,U_043d9b8ff4,SPEND,-665.13,REST,11022.43,2025-05-04T16:00:00,QR
WAL_e98261028d,U_043d9b8ff4,SPEND,-2269.58,REST,8752.85,2025-05-15T19:00:00,QR
WAL_56d3bc52af,U_043d9b8ff4,SPEND,-509.56,REST,8243.29,2025-05-19T13:00:00,QR
WAL_19e55da191,U_043d9b8ff4,SPEND,-658.82,REST,7584.47,2025-05-18T04:00:00,QR
WAL_fd592d8dce,U_430375b33f,LOAD,21621.37,AU,21621.37,2025-08-10T22:00:00,APP
WAL_1a1dfce751,U_430375b33f,SPEND,-1576.38,AU,20044.99,2025-08-10T16:00:00,QR
WAL_a836d5c108,U_430375b33f,SPEND,-2183.7,AU,17861.29,2025-08-14T04:00:00,QR
WAL_8d5f7ca26f,U_430375b33f,LOAD,21722.69,AU,21722.69,2026-05-23T11:00:00,APP
WAL_156a2b9d77,U_430375b33f,SPEND,-2831.21,AU,18891.48,2026-05-23T11:00:00,QR
WAL_a4a82cc806,U_430375b33f,SPEND,-3151.5,AU,15739.98,2026-05-23T18:00:00,QR
WAL_62877e5992,U_430375b33f,SPEND,-2663.87,AU,13076.11,2026-05-09T21:00:00,QR
WAL_14454efdf1,U_430375b33f,SPEND,-3129.01,AU,9947.1,2026-05-11T09:00:00,QR
WAL_9e85cf5946,U_430375b33f,SPEND,-1400.84,AU,8546.26,2026-05-08T01:00:00,QR
WAL_26c21fb3b3,U_e91ba00a89,LOAD,5493.35,AE,5493.35,2025-11-20T19:00:00,APP
WAL_44005a64d7,U_e91ba00a89,SPEND,-1672.96,AE,3820.39,2025-11-20T19:00:00,QR
WAL_e61835008f,U_e91ba00a89,SPEND,-1163.22,AE,2657.17,2025-11-25T14:00:00,QR
WAL_ebab04407f,U_e91ba00a89,SPEND,-611.71,AE,2045.46,2025-11-22T07:00:00,QR
WAL_b8c5e91335,U_e91ba00a89,SPEND,-2010.76,AE,34.7,2025-11-11T06:00:00,QR
WAL_193cc6d369,U_9f186b696e,LOAD,13572.91,AU,13572.91,2025-10-10T12:00:00,APP
WAL_dbbfd39b9d,U_9f186b696e,SPEND,-701.9,AU,12871.01,2025-10-10T12:00:00,QR
WAL_77bb33add9,U_9f186b696e,SPEND,-1091.99,AU,11779.02,2025-10-05T18:00:00,QR
WAL_e88b24e0dd,U_9f186b696e,SPEND,-912.12,AU,10866.9,2025-10-04T13:00:00,QR
WAL_f808f32093,U_9f186b696e,SPEND,-2079.9,AU,8787.0,2025-10-13T14:00:00,QR
WAL_640677591c,U_9f186b696e,SPEND,-1846.08,AU,6940.92,2025-10-07T01:00:00,QR
WAL_5eae61716d,U_9f186b696e,SPEND,-784.5,AU,6156.42,2025-10-08T13:00:00,QR
WAL_1d51960c8b,U_9f186b696e,SPEND,-674.33,AU,5482.09,2025-10-08T19:00:00,QR
WAL_544bec44b6,U_9f186b696e,SPEND,-1674.96,AU,3807.13,2025-10-09T17:00:00,QR
WAL_b1c53afdff,U_9f186b696e,SPEND,-1301.74,AU,2505.39,2025-10-04T17:00:00,QR
WAL_2ac858660c,U_9f186b696e,SPEND,-1358.98,AU,1146.41,2025-10-03T03:00:00,QR
WAL_cfa6a29608,U_9f186b696e,SPEND,-1762.61,AU,-616.2,2025-10-02T14:00:00,QR
WAL_d778820eec,U_9f186b696e,LOAD,11463.91,AU,10847.71,2025-10-10T00:00:00,APP
WAL_59e5f5708b,U_c9308db099,LOAD,8388.21,DE,8388.21,2025-10-22T08:00:00,APP
WAL_89c0df8619,U_c9308db099,SPEND,-1261.88,DE,7126.33,2025-10-22T08:00:00,QR
WAL_86ae63f990,U_c9308db099,SPEND,-642.17,DE,6484.16,2025-10-25T02:00:00,QR
WAL_ffa541dfd1,U_c9308db099,SPEND,-1606.91,DE,4877.25,2025-10-24T23:00:00,QR
WAL_268ab0710f,U_c9308db099,SPEND,-1896.31,DE,2980.94,2025-10-23T23:00:00,QR
WAL_96f7430ce9,U_c9308db099,SPEND,-2662.62,DE,318.32,2025-10-21T04:00:00,QR
WAL_828365a079,U_c9308db099,SPEND,-1781.99,DE,-1463.67,2025-10-25T17:00:00,QR
WAL_712554c111,U_c9308db099,LOAD,12987.98,DE,11524.31,2025-10-23T17:00:00,APP
WAL_4acfefc646,U_c9308db099,SPEND,-514.96,DE,11009.35,2025-10-22T01:00:00,QR
WAL_395a694b0b,U_c9308db099,SPEND,-1528.65,DE,9480.7,2025-10-22T01:00:00,QR
WAL_30d1d6ea7e,U_c9308db099,SPEND,-5059.25,DE,4421.45,2025-10-22T08:00:00,QR
WAL_5280c5b798,U_c9308db099,SPEND,-625.41,DE,3796.04,2025-10-23T21:00:00,QR
WAL_81fa759e08,U_c9308db099,LOAD,12101.57,DE,12101.57,2025-08-24T00:00:00,APP
WAL_4cfa4c4b04,U_c9308db099,SPEND,-3151.98,DE,8949.59,2025-08-22T17:00:00,QR
WAL_dd696c9b02,U_c9308db099,SPEND,-2612.25,DE,6337.34,2025-08-31T04:00:00,QR
WAL_c40e0550d0,U_c9308db099,SPEND,-1599.85,DE,4737.49,2025-09-06T17:00:00,QR
WAL_a644c13f71,U_c9308db099,SPEND,-737.88,DE,3999.61,2025-08-23T00:00:00,QR
WAL_b56d4e4f99,U_c9308db099,SPEND,-1729.64,DE,2269.97,2025-08-27T17:00:00,QR
WAL_a6f3fa1233,U_beb6713477,LOAD,23428.53,REST,23428.53,2026-04-04T02:00:00,APP
WAL_dffe23e00c,U_beb6713477,SPEND,-1726.02,REST,21702.51,2026-04-04T02:00:00,QR
WAL_a71ed80bfe,U_beb6713477,SPEND,-1305.37,REST,20397.14,2026-03-25T04:00:00,QR
WAL_733b19357a,U_beb6713477,SPEND,-3016.8,REST,17380.34,2026-03-31T00:00:00,QR
WAL_d183fe2717,U_beb6713477,SPEND,-561.79,REST,16818.55,2026-03-27T07:00:00,QR
WAL_932884facf,U_beb6713477,SPEND,-1890.08,REST,14928.47,2026-04-05T06:00:00,QR
WAL_2e00f9e1de,U_beb6713477,SPEND,-1226.79,REST,13701.68,2026-03-30T00:00:00,QR
WAL_0511779a3f,U_beb6713477,SPEND,-1652.89,REST,12048.79,2026-04-01T14:00:00,QR
WAL_0a88cf52c4,U_beb6713477,SPEND,-1906.75,REST,10142.04,2026-04-05T16:00:00,QR
WAL_7431530541,U_beb6713477,SPEND,-1035.3,REST,9106.74,2026-04-03T15:00:00,QR
WAL_f4e761dcfa,U_beb6713477,SPEND,-5725.33,REST,3381.41,2026-03-25T05:00:00,QR
WAL_020bb91fd5,U_5a4d9a7086,LOAD,16250.61,US,16250.61,2025-07-13T04:00:00,APP
WAL_c0e7e9e02b,U_5a4d9a7086,SPEND,-1809.01,US,14441.6,2025-07-13T04:00:00,QR
WAL_a7ef127ad3,U_5a4d9a7086,SPEND,-1655.32,US,12786.28,2025-07-04T08:00:00,QR
WAL_bbc17ccc40,U_5a4d9a7086,SPEND,-1239.7,US,11546.58,2025-07-05T10:00:00,QR
WAL_af11cfd691,U_5a4d9a7086,SPEND,-5471.7,US,6074.88,2025-07-11T05:00:00,QR
WAL_f2afec2a88,U_5a4d9a7086,SPEND,-1389.01,US,4685.87,2025-07-02T10:00:00,QR
WAL_95f8aa02fd,U_5a4d9a7086,SPEND,-1323.31,US,3362.56,2025-07-08T06:00:00,QR
WAL_32db45a63b,U_5a4d9a7086,SPEND,-1080.12,US,2282.44,2025-07-15T22:00:00,QR
WAL_a8c1dd3da8,U_5a4d9a7086,SPEND,-2110.91,US,171.53,2025-07-03T16:00:00,QR
WAL_93dbea559e,U_5a4d9a7086,SPEND,-779.69,US,-608.16,2025-07-07T08:00:00,QR
WAL_5305113fb4,U_5a4d9a7086,LOAD,21830.7,US,21222.54,2025-07-08T18:00:00,APP
WAL_71b9b6ac8b,U_7e26cc948a,LOAD,6042.49,GB,6042.49,2025-01-16T16:00:00,APP
WAL_64c3388d59,U_7e26cc948a,SPEND,-865.37,GB,5177.12,2025-01-16T16:00:00,QR
WAL_556d4b33b1,U_7e26cc948a,SPEND,-1167.48,GB,4009.64,2025-01-27T13:00:00,QR
WAL_d6e96b2f8d,U_7e26cc948a,SPEND,-1881.87,GB,2127.77,2025-01-16T04:00:00,QR
WAL_ad1eeae9c5,U_7e26cc948a,SPEND,-2265.58,GB,-137.81,2025-01-23T00:00:00,QR
WAL_bf96abfdcf,U_7e26cc948a,LOAD,17151.68,GB,17013.87,2025-01-18T20:00:00,APP
WAL_528140c416,U_7e26cc948a,SPEND,-616.57,GB,16397.3,2025-01-18T20:00:00,QR
WAL_8f2147be21,U_7e26cc948a,SPEND,-1141.91,GB,15255.39,2025-01-17T18:00:00,QR
WAL_b181681d8c,U_7e26cc948a,SPEND,-2570.36,GB,12685.03,2025-01-18T20:00:00,QR
WAL_12f2db0a8c,U_7e26cc948a,SPEND,-1674.62,GB,11010.41,2025-01-22T19:00:00,QR
WAL_a339149c74,U_7e26cc948a,SPEND,-1391.51,GB,9618.9,2025-01-25T21:00:00,QR
WAL_02cdbd2f81,U_7e26cc948a,SPEND,-666.94,GB,8951.96,2025-01-24T20:00:00,QR
WAL_a65bc808b2,U_7e26cc948a,SPEND,-4267.96,GB,4684.0,2025-01-24T12:00:00,QR
WAL_a4adb9ae97,U_7e26cc948a,SPEND,-1830.5,GB,2853.5,2025-01-23T06:00:00,QR
WAL_f83de90a54,U_7e26cc948a,LOAD,12527.66,GB,12527.66,2025-12-05T04:00:00,APP
WAL_1551b9ac3a,U_7e26cc948a,SPEND,-2283.65,GB,10244.01,2025-12-05T04:00:00,QR
WAL_4bd807dbab,U_7e26cc948a,SPEND,-2174.55,GB,8069.46,2025-12-12T10:00:00,QR
WAL_7c0eabeed0,U_70c3cee48e,LOAD,7855.22,BD,7855.22,2024-12-30T23:00:00,APP
WAL_69af7646ec,U_70c3cee48e,SPEND,-1374.44,BD,6480.78,2024-12-30T23:00:00,QR
WAL_01defaa6a7,U_70c3cee48e,SPEND,-1245.88,BD,5234.9,2024-12-22T17:00:00,QR
WAL_4da2e06284,U_70c3cee48e,SPEND,-2150.28,BD,3084.62,2024-12-23T07:00:00,QR
WAL_e82d405fc3,U_70c3cee48e,SPEND,-1159.76,BD,1924.86,2025-01-02T10:00:00,QR
WAL_2fbb326347,U_46f0c0a975,LOAD,24529.65,AE,24529.65,2026-01-03T19:00:00,APP
WAL_61f5b6fc71,U_46f0c0a975,SPEND,-3005.09,AE,21524.56,2026-01-16T16:00:00,QR
WAL_a25f5afadd,U_46f0c0a975,SPEND,-2226.49,AE,19298.07,2026-01-18T15:00:00,QR
WAL_1d4d229243,U_46f0c0a975,SPEND,-815.01,AE,18483.06,2026-01-08T01:00:00,QR
WAL_1c8926dd14,U_46f0c0a975,SPEND,-4193.46,AE,14289.6,2026-01-10T22:00:00,QR
WAL_c78bb0384e,U_46f0c0a975,SPEND,-4035.21,AE,10254.39,2026-01-05T08:00:00,QR
WAL_793333514b,U_46f0c0a975,SPEND,-2908.49,AE,7345.9,2026-01-05T13:00:00,QR
WAL_d048a62c7a,U_d9bd44ab96,LOAD,5361.8,NP,5361.8,2026-02-14T21:00:00,APP
WAL_b2a24e19aa,U_d9bd44ab96,SPEND,-1172.45,NP,4189.35,2026-01-31T01:00:00,QR
WAL_0e93ea3e6c,U_d9bd44ab96,SPEND,-1014.32,NP,3175.03,2026-02-03T00:00:00,QR
WAL_90478da496,U_d9bd44ab96,SPEND,-772.2,NP,2402.83,2026-02-14T21:00:00,QR
WAL_feb0d633ae,U_d9bd44ab96,SPEND,-2393.15,NP,9.68,2026-02-14T16:00:00,QR
WAL_1b9fb7e383,U_d9bd44ab96,SPEND,-2395.59,NP,-2385.91,2026-02-09T19:00:00,QR
WAL_5e02589b9e,U_d9bd44ab96,LOAD,10301.3,NP,7915.39,2026-02-03T03:00:00,APP
WAL_7f0a577e6c,U_d9bd44ab96,SPEND,-3027.76,NP,4887.63,2026-02-15T06:00:00,QR
WAL_faf4166fe6,U_d9bd44ab96,SPEND,-1494.55,NP,3393.08,2026-02-05T09:00:00,QR
WAL_309159df3a,U_d9bd44ab96,SPEND,-1035.91,NP,2357.17,2026-02-14T19:00:00,QR
WAL_896d399931,U_d9bd44ab96,SPEND,-1606.48,NP,750.69,2026-02-11T20:00:00,QR
WAL_5fee42941a,U_d9bd44ab96,SPEND,-752.12,NP,-1.43,2026-02-10T20:00:00,QR
WAL_7e357db500,U_d9bd44ab96,LOAD,7856.73,NP,7855.3,2026-02-10T18:00:00,APP
WAL_e6f3a3dd5b,U_d9bd44ab96,SPEND,-2571.41,NP,5283.89,2026-02-10T18:00:00,QR
WAL_afc7e45cbf,U_d9bd44ab96,SPEND,-4930.67,NP,353.22,2026-02-03T16:00:00,QR
WAL_76543b4ccf,U_d9bd44ab96,SPEND,-1374.9,NP,-1021.68,2026-02-18T05:00:00,QR
WAL_1a052c3fc0,U_66d25a6a32,LOAD,17027.56,US,17027.56,2024-11-20T17:00:00,APP
WAL_0145a0f566,U_66d25a6a32,SPEND,-690.12,US,16337.44,2024-11-23T15:00:00,QR
WAL_569c1d59e4,U_66d25a6a32,SPEND,-1088.57,US,15248.87,2024-11-29T23:00:00,QR
WAL_74a4286346,U_66d25a6a32,SPEND,-463.54,US,14785.33,2024-11-29T13:00:00,QR
WAL_42432582ed,U_66d25a6a32,SPEND,-2772.06,US,12013.27,2024-11-20T08:00:00,QR
WAL_2de60ac546,U_66d25a6a32,SPEND,-1774.44,US,10238.83,2024-11-23T17:00:00,QR
WAL_f6479f09d1,U_66d25a6a32,SPEND,-1724.82,US,8514.01,2024-11-16T12:00:00,QR
WAL_0c3968e002,U_43c61fcf34,LOAD,6616.75,AU,6616.75,2025-04-10T19:00:00,APP
WAL_15ca1e2b27,U_43c61fcf34,SPEND,-2689.31,AU,3927.44,2025-04-10T19:00:00,QR
WAL_9a7e1f7548,U_43c61fcf34,SPEND,-1226.47,AU,2700.97,2025-04-09T04:00:00,QR
WAL_1b175054cd,U_43c61fcf34,SPEND,-3190.3,AU,-489.33,2025-04-11T19:00:00,QR
WAL_aa3c7127c8,U_43c61fcf34,LOAD,24961.12,AU,24471.79,2025-04-03T02:00:00,APP
WAL_70f8c0b927,U_43c61fcf34,SPEND,-1263.68,AU,23208.11,2025-04-03T02:00:00,QR
WAL_49787f5d09,U_43c61fcf34,SPEND,-2240.29,AU,20967.82,2025-04-04T06:00:00,QR
WAL_ceda6c7b70,U_43c61fcf34,SPEND,-1889.7,AU,19078.12,2025-04-02T07:00:00,QR
WAL_b77dc85130,U_43c61fcf34,SPEND,-1409.08,AU,17669.04,2025-04-04T06:00:00,QR
WAL_a17c39a720,U_43c61fcf34,SPEND,-1386.19,AU,16282.85,2025-04-01T22:00:00,QR
WAL_10c10798ca,U_43c61fcf34,LOAD,2796.14,AU,2796.14,2026-05-01T17:00:00,APP
WAL_fd9ff4797a,U_43c61fcf34,SPEND,-2559.17,AU,236.97,2026-05-01T17:00:00,QR
WAL_671a103b1b,U_43c61fcf34,SPEND,-1756.02,AU,-1519.05,2026-05-01T05:00:00,QR
WAL_217060b38b,U_43c61fcf34,LOAD,7819.78,AU,6300.74,2026-04-29T17:00:00,APP
WAL_db0ac41f7b,U_43c61fcf34,SPEND,-1452.91,AU,4847.83,2026-04-26T19:00:00,QR
WAL_ec25908515,U_43c61fcf34,SPEND,-2018.59,AU,2829.24,2026-04-29T19:00:00,QR
WAL_ab92cd174e,U_43c61fcf34,SPEND,-768.19,AU,2061.05,2026-04-30T18:00:00,QR
WAL_5995d68a02,U_43c61fcf34,SPEND,-1565.19,AU,495.86,2026-04-28T16:00:00,QR
WAL_cec42b8baf,U_43c61fcf34,SPEND,-1227.79,AU,-731.93,2026-05-01T17:00:00,QR
WAL_3c55c7ca03,U_43c61fcf34,LOAD,16944.78,AU,16212.85,2026-04-25T01:00:00,APP
WAL_3a4cc5468f,U_43c61fcf34,SPEND,-653.16,AU,15559.69,2026-04-25T01:00:00,QR
WAL_d6e3c54f53,U_43c61fcf34,SPEND,-3878.51,AU,11681.18,2026-04-28T09:00:00,QR
WAL_fe8e19ab50,U_43c61fcf34,SPEND,-889.15,AU,10792.03,2026-05-01T06:00:00,QR
WAL_5719012aa9,U_43c61fcf34,SPEND,-1171.5,AU,9620.53,2026-04-25T22:00:00,QR
WAL_1324798b83,U_24328bf2c9,LOAD,24799.89,REST,24799.89,2025-01-28T17:00:00,APP
WAL_d46cfd448b,U_24328bf2c9,SPEND,-1700.73,REST,23099.16,2025-02-01T17:00:00,QR
WAL_c83204cb86,U_24328bf2c9,SPEND,-873.28,REST,22225.88,2025-02-03T13:00:00,QR
WAL_71b72b0426,U_24328bf2c9,SPEND,-1297.82,REST,20928.06,2025-01-30T19:00:00,QR
WAL_f9dd088872,U_24328bf2c9,SPEND,-1032.28,REST,19895.78,2025-02-05T06:00:00,QR
WAL_14fa93e85c,U_4c2a43a1c1,LOAD,3744.76,GB,3744.76,2025-02-24T17:00:00,APP
WAL_6cbd66e879,U_4c2a43a1c1,SPEND,-695.57,GB,3049.19,2025-03-01T07:00:00,QR
WAL_8b5b482f35,U_4c2a43a1c1,SPEND,-2260.2,GB,788.99,2025-02-24T14:00:00,QR
WAL_f770eea4a8,U_4c2a43a1c1,SPEND,-1090.37,GB,-301.38,2025-03-01T02:00:00,QR
WAL_9c52af2a9f,U_6641e6737f,LOAD,23253.18,REST,23253.18,2026-05-21T18:00:00,APP
WAL_e73cd313cf,U_6641e6737f,SPEND,-971.21,REST,22281.97,2026-05-13T03:00:00,QR
WAL_d5c454663e,U_6641e6737f,SPEND,-4040.91,REST,18241.06,2026-05-21T11:00:00,QR
WAL_7fef6a5723,U_6641e6737f,SPEND,-1044.39,REST,17196.67,2026-05-17T05:00:00,QR
WAL_e4f5d1f0c3,U_6641e6737f,SPEND,-5159.13,REST,12037.54,2026-05-13T00:00:00,QR
WAL_9a77252142,U_6641e6737f,SPEND,-2790.56,REST,9246.98,2026-05-20T11:00:00,QR
WAL_57f9edcf61,U_6641e6737f,SPEND,-1129.16,REST,8117.82,2026-05-19T13:00:00,QR
WAL_7148a504d0,U_8331753272,LOAD,24657.07,FR,24657.07,2024-12-19T07:00:00,APP
WAL_952f4afd55,U_8331753272,SPEND,-665.43,FR,23991.64,2024-12-19T07:00:00,QR
WAL_9e266ddd0f,U_8331753272,SPEND,-942.67,FR,23048.97,2024-12-22T20:00:00,QR
WAL_0e091e6a0a,U_8331753272,SPEND,-2483.19,FR,20565.78,2024-12-13T18:00:00,QR
WAL_c21ca4220e,U_8331753272,SPEND,-1399.34,FR,19166.44,2024-12-07T03:00:00,QR
WAL_e54f256aa2,U_8331753272,SPEND,-797.06,FR,18369.38,2024-12-07T10:00:00,QR
WAL_66a3bc5add,U_8331753272,SPEND,-1073.26,FR,17296.12,2024-12-22T00:00:00,QR
WAL_9c4b4b2388,U_8331753272,SPEND,-744.33,FR,16551.79,2024-12-24T12:00:00,QR
WAL_562cfddb98,U_8331753272,SPEND,-1090.93,FR,15460.86,2024-12-13T15:00:00,QR
WAL_b8fa9359da,U_8331753272,SPEND,-2064.67,FR,13396.19,2024-12-14T13:00:00,QR
WAL_3acfccbab4,U_8331753272,SPEND,-2042.29,FR,11353.9,2024-12-07T18:00:00,QR
WAL_7bb06b8b26,U_5854ce85ed,LOAD,17167.18,SG,17167.18,2025-01-06T04:00:00,APP
WAL_6b23c45cdd,U_5854ce85ed,LOAD,15368.72,SG,15368.72,2026-01-24T02:00:00,APP
WAL_a281fc67e9,U_5854ce85ed,SPEND,-2862.24,SG,12506.48,2026-01-24T02:00:00,QR
WAL_8b6929e1d9,U_5854ce85ed,SPEND,-1160.09,SG,11346.39,2026-01-20T09:00:00,QR
WAL_8bebfa27a1,U_5854ce85ed,SPEND,-2576.04,SG,8770.35,2026-01-26T11:00:00,QR
WAL_e3a4524d83,U_5854ce85ed,SPEND,-1387.14,SG,7383.21,2026-01-17T04:00:00,QR
WAL_c08001fd48,U_5854ce85ed,SPEND,-1878.5,SG,5504.71,2026-01-26T02:00:00,QR
WAL_3046e1867b,U_5854ce85ed,SPEND,-1342.29,SG,4162.42,2026-01-17T05:00:00,QR
WAL_22fa29d869,U_5854ce85ed,SPEND,-902.38,SG,3260.04,2026-01-18T18:00:00,QR
WAL_33c425b421,U_fb6e7950b7,LOAD,13499.82,MY,13499.82,2025-08-06T01:00:00,APP
WAL_4db6d9d49f,U_fb6e7950b7,SPEND,-4585.19,MY,8914.63,2025-08-06T01:00:00,QR
WAL_6eaf69f076,U_fb6e7950b7,SPEND,-2371.59,MY,6543.04,2025-08-03T03:00:00,QR
WAL_17a04dd5df,U_fb6e7950b7,SPEND,-744.76,MY,5798.28,2025-08-03T18:00:00,QR
WAL_3f495ffd8e,U_fb6e7950b7,SPEND,-2060.61,MY,3737.67,2025-08-04T21:00:00,QR
WAL_2262d8a8dd,U_fb6e7950b7,SPEND,-808.23,MY,2929.44,2025-08-04T06:00:00,QR
WAL_7fdbfb2096,U_fb6e7950b7,LOAD,24827.86,MY,24827.86,2024-09-07T07:00:00,APP
WAL_3756bf3f9c,U_fb6e7950b7,SPEND,-2741.64,MY,22086.22,2024-09-07T07:00:00,QR
WAL_a4adfcc16f,U_fb6e7950b7,SPEND,-1807.26,MY,20278.96,2024-09-04T06:00:00,QR
WAL_293323a30c,U_fb6e7950b7,SPEND,-1166.14,MY,19112.82,2024-09-05T15:00:00,QR
WAL_d2b2376fc8,U_fb6e7950b7,SPEND,-4281.72,MY,14831.1,2024-09-09T17:00:00,QR
WAL_dd114d783e,U_fb6e7950b7,SPEND,-1819.65,MY,13011.45,2024-09-09T15:00:00,QR
WAL_229e39368f,U_fb6e7950b7,SPEND,-1465.86,MY,11545.59,2024-09-07T04:00:00,QR
WAL_0a6ef4949e,U_fb6e7950b7,SPEND,-2306.36,MY,9239.23,2024-09-04T23:00:00,QR
WAL_5061373e40,U_fb6e7950b7,SPEND,-1742.24,MY,7496.99,2024-09-09T21:00:00,QR
WAL_3b47364f17,U_fb6e7950b7,SPEND,-1546.0,MY,5950.99,2024-09-04T12:00:00,QR
WAL_0d1a713448,U_048d6c04bf,LOAD,9364.92,BD,9364.92,2025-06-17T10:00:00,APP
WAL_351939633e,U_048d6c04bf,SPEND,-1673.26,BD,7691.66,2025-06-17T10:00:00,QR
WAL_758c4ee9ce,U_048d6c04bf,SPEND,-1947.35,BD,5744.31,2025-06-13T06:00:00,QR
WAL_929e57cdd4,U_048d6c04bf,SPEND,-1368.81,BD,4375.5,2025-06-16T15:00:00,QR
WAL_023bbeed9a,U_048d6c04bf,SPEND,-1320.57,BD,3054.93,2025-06-14T15:00:00,QR
WAL_abccfb89dd,U_048d6c04bf,LOAD,11401.28,BD,11401.28,2026-01-07T03:00:00,APP
WAL_0489c81495,U_048d6c04bf,SPEND,-945.68,BD,10455.6,2026-01-07T03:00:00,QR
WAL_2f63527626,U_048d6c04bf,SPEND,-2151.5,BD,8304.1,2026-01-02T20:00:00,QR
WAL_23aef0fb7f,U_048d6c04bf,SPEND,-1178.4,BD,7125.7,2026-01-03T05:00:00,QR
WAL_b7968b6d3a,U_048d6c04bf,SPEND,-1776.71,BD,5348.99,2026-01-04T13:00:00,QR
WAL_80c20ad26d,U_048d6c04bf,SPEND,-1838.55,BD,3510.44,2026-01-09T19:00:00,QR
WAL_86d2b31bfd,U_048d6c04bf,SPEND,-868.54,BD,2641.9,2026-01-02T00:00:00,QR
WAL_a3f6a8250e,U_048d6c04bf,SPEND,-522.7,BD,2119.2,2026-01-07T05:00:00,QR
WAL_0719c4ce0e,U_048d6c04bf,SPEND,-1196.96,BD,922.24,2026-01-05T23:00:00,QR
WAL_09c98096b0,U_048d6c04bf,SPEND,-826.18,BD,96.06,2026-01-06T17:00:00,QR
WAL_d29cfbcce1,U_048d6c04bf,SPEND,-746.16,BD,-650.1,2026-01-02T16:00:00,QR
WAL_6d44b756d3,U_048d6c04bf,LOAD,11692.19,BD,11042.09,2026-01-03T04:00:00,APP
WAL_c65a617b20,U_048d6c04bf,SPEND,-1321.86,BD,9720.23,2026-01-07T15:00:00,QR
WAL_85cb59c685,U_71688ab9c1,LOAD,12352.8,DE,12352.8,2024-09-08T05:00:00,APP
WAL_ddbd775f8b,U_71688ab9c1,SPEND,-2989.41,DE,9363.39,2024-09-04T01:00:00,QR
WAL_b02346fd6e,U_71688ab9c1,SPEND,-1303.94,DE,8059.45,2024-09-10T12:00:00,QR
WAL_d6c60119d1,U_71688ab9c1,SPEND,-2743.52,DE,5315.93,2024-09-04T10:00:00,QR
WAL_4ed9fb2919,U_71688ab9c1,SPEND,-1233.41,DE,4082.52,2024-09-02T00:00:00,QR
WAL_cd2ba93ecf,U_71688ab9c1,SPEND,-1411.15,DE,2671.37,2024-09-15T15:00:00,QR
WAL_5ee0d6f33f,U_71688ab9c1,LOAD,15162.75,DE,15162.75,2026-03-12T07:00:00,APP
WAL_51dd001ed2,U_71688ab9c1,SPEND,-628.13,DE,14534.62,2026-03-12T07:00:00,QR
WAL_a1dacc8867,U_71688ab9c1,SPEND,-2458.28,DE,12076.34,2026-03-09T10:00:00,QR
WAL_931be98ff3,U_71688ab9c1,SPEND,-2506.98,DE,9569.36,2026-03-10T22:00:00,QR
WAL_4c9115eb4e,U_71688ab9c1,SPEND,-2232.8,DE,7336.56,2026-03-11T19:00:00,QR
WAL_733679dce0,U_007097f3d9,LOAD,2502.55,AU,2502.55,2026-03-16T00:00:00,APP
WAL_08f679632d,U_007097f3d9,SPEND,-1013.61,AU,1488.94,2026-03-16T00:00:00,QR
WAL_42b6be0622,U_007097f3d9,SPEND,-788.26,AU,700.68,2026-03-20T17:00:00,QR
WAL_45c09dac74,U_007097f3d9,SPEND,-1510.67,AU,-809.99,2026-03-16T03:00:00,QR
WAL_4fcdc0c867,U_007097f3d9,LOAD,19298.13,AU,18488.14,2026-03-23T03:00:00,APP
WAL_c5c5954468,U_007097f3d9,SPEND,-1669.5,AU,16818.64,2026-03-23T03:00:00,QR
WAL_cab9662ff9,U_007097f3d9,SPEND,-3083.06,AU,13735.58,2026-03-15T20:00:00,QR
WAL_0651ddabd9,U_007097f3d9,SPEND,-1091.51,AU,12644.07,2026-03-24T09:00:00,QR
WAL_61b131b833,U_007097f3d9,SPEND,-900.64,AU,11743.43,2026-03-10T19:00:00,QR
WAL_11b4717822,U_007097f3d9,SPEND,-1224.25,AU,10519.18,2026-03-10T23:00:00,QR
WAL_fa6bab2220,U_007097f3d9,LOAD,24929.2,AU,24929.2,2025-04-11T15:00:00,APP
WAL_141d77e37d,U_007097f3d9,SPEND,-2946.52,AU,21982.68,2025-04-10T03:00:00,QR
WAL_7540d88c68,U_007097f3d9,SPEND,-1198.95,AU,20783.73,2025-04-09T04:00:00,QR
WAL_6b3c02dc0e,U_847213ac7e,LOAD,23329.97,CA,23329.97,2025-03-31T11:00:00,APP
WAL_bbc883ac67,U_847213ac7e,SPEND,-1165.31,CA,22164.66,2025-03-31T11:00:00,QR
WAL_8c18187df4,U_847213ac7e,SPEND,-1868.64,CA,20296.02,2025-03-31T15:00:00,QR
WAL_fa7685d335,U_980be6530a,LOAD,17056.91,DE,17056.91,2026-01-08T02:00:00,APP
WAL_1551e4fa76,U_980be6530a,SPEND,-2288.12,DE,14768.79,2026-01-09T03:00:00,QR
WAL_2f9d5f1609,U_980be6530a,SPEND,-1706.58,DE,13062.21,2026-01-09T22:00:00,QR
WAL_10f81dafd9,U_980be6530a,SPEND,-817.76,DE,12244.45,2026-01-10T17:00:00,QR
WAL_2e314c28ee,U_980be6530a,SPEND,-1524.82,DE,10719.63,2026-01-11T13:00:00,QR
WAL_1d7c3b427a,U_55bea6628a,LOAD,7112.44,US,7112.44,2025-11-20T06:00:00,APP
WAL_62564c5096,U_55bea6628a,SPEND,-488.3,US,6624.14,2025-11-20T06:00:00,QR
WAL_09c57d8968,U_55bea6628a,SPEND,-1816.64,US,4807.5,2025-11-20T11:00:00,QR
WAL_238e7dde5b,U_55bea6628a,SPEND,-5010.61,US,-203.11,2025-11-20T03:00:00,QR
WAL_5ff5ca1c9d,U_55bea6628a,LOAD,11699.77,US,11496.66,2025-11-18T05:00:00,APP
WAL_3017cda393,U_55bea6628a,SPEND,-442.71,US,11053.95,2025-11-18T05:00:00,QR
WAL_25ecf189e0,U_55bea6628a,SPEND,-1528.45,US,9525.5,2025-11-20T09:00:00,QR
WAL_8ed329a233,U_55bea6628a,SPEND,-1228.82,US,8296.68,2025-11-20T06:00:00,QR
WAL_c0449830ad,U_55bea6628a,LOAD,21687.24,US,21687.24,2026-01-08T17:00:00,APP
WAL_0b3c1fcc3f,U_55bea6628a,SPEND,-1811.58,US,19875.66,2026-01-06T21:00:00,QR
WAL_d58021961a,U_55bea6628a,SPEND,-1621.92,US,18253.74,2026-01-07T01:00:00,QR
WAL_9dbd375a39,U_55bea6628a,SPEND,-2950.63,US,15303.11,2026-01-05T12:00:00,QR
WAL_8de796bca2,U_55bea6628a,SPEND,-1981.53,US,13321.58,2026-01-07T12:00:00,QR
WAL_2ba30e2b71,U_55bea6628a,SPEND,-1124.74,US,12196.84,2026-01-07T09:00:00,QR
WAL_3a842ae3fd,U_826533374c,LOAD,7836.22,GB,7836.22,2025-05-19T07:00:00,APP
WAL_f4b4fe4c8b,U_826533374c,SPEND,-2289.41,GB,5546.81,2025-05-19T08:00:00,QR
WAL_bba75eb9f9,U_826533374c,SPEND,-1083.42,GB,4463.39,2025-05-19T11:00:00,QR
WAL_3d041da92e,U_3e9d21c5c3,LOAD,17086.78,REST,17086.78,2025-07-14T01:00:00,APP
WAL_f5c8976fb9,U_3e9d21c5c3,SPEND,-3187.63,REST,13899.15,2025-07-01T20:00:00,QR
WAL_6792461651,U_3e9d21c5c3,SPEND,-1927.56,REST,11971.59,2025-07-05T09:00:00,QR
WAL_e0b8ac0a14,U_3e9d21c5c3,SPEND,-1195.0,REST,10776.59,2025-07-16T23:00:00,QR
WAL_18fc4ba4ee,U_3e9d21c5c3,SPEND,-1164.68,REST,9611.91,2025-07-10T15:00:00,QR
WAL_624fac9403,U_3e9d21c5c3,SPEND,-3663.27,REST,5948.64,2025-07-07T11:00:00,QR
WAL_ef3073172e,U_3e9d21c5c3,LOAD,11087.18,REST,11087.18,2026-04-15T18:00:00,APP
WAL_0367274362,U_3e9d21c5c3,SPEND,-1785.72,REST,9301.46,2026-04-15T18:00:00,QR
WAL_3c9ba86697,U_3e9d21c5c3,SPEND,-2235.8,REST,7065.66,2026-04-15T12:00:00,QR
WAL_6cd23a80c1,U_3e9d21c5c3,SPEND,-1084.06,REST,5981.6,2026-04-16T05:00:00,QR
WAL_3e65c98a6d,U_3e9d21c5c3,SPEND,-1899.67,REST,4081.93,2026-04-14T13:00:00,QR
WAL_0dffce4ccb,U_3e9d21c5c3,SPEND,-2116.97,REST,1964.96,2026-04-19T20:00:00,QR
WAL_0cd7c0be0a,U_3e9d21c5c3,LOAD,8618.95,REST,8618.95,2025-08-26T08:00:00,APP
WAL_2b7b3ded3c,U_3e9d21c5c3,SPEND,-504.97,REST,8113.98,2025-08-24T14:00:00,QR
WAL_a90b6f5ebd,U_3e9d21c5c3,SPEND,-2344.96,REST,5769.02,2025-08-26T05:00:00,QR
WAL_d6f1ec5663,U_3e9d21c5c3,LOAD,11455.42,REST,11455.42,2026-02-01T18:00:00,APP
WAL_decb701456,U_3e9d21c5c3,SPEND,-882.28,REST,10573.14,2026-02-01T18:00:00,QR
WAL_549c7b1b8e,U_3e9d21c5c3,SPEND,-1937.7,REST,8635.44,2026-02-03T05:00:00,QR
WAL_b73610a169,U_3e9d21c5c3,SPEND,-952.49,REST,7682.95,2026-02-02T20:00:00,QR
WAL_d7f9e5ddbb,U_3e9d21c5c3,SPEND,-979.14,REST,6703.81,2026-02-03T22:00:00,QR
WAL_37df7dcadf,U_018cebb6a2,LOAD,22464.35,GB,22464.35,2026-01-02T01:00:00,APP
WAL_64155c35d0,U_018cebb6a2,SPEND,-2306.56,GB,20157.79,2025-12-31T23:00:00,QR
WAL_e46ba8d257,U_018cebb6a2,SPEND,-2104.44,GB,18053.35,2026-01-09T07:00:00,QR
WAL_07d29eafd9,U_018cebb6a2,SPEND,-2339.17,GB,15714.18,2025-12-30T09:00:00,QR
WAL_70b5eb2b22,U_018cebb6a2,LOAD,19570.38,GB,19570.38,2024-09-15T06:00:00,APP
WAL_e94fc901c4,U_018cebb6a2,SPEND,-1291.19,GB,18279.19,2024-09-13T11:00:00,QR
WAL_3e4db5e474,U_018cebb6a2,SPEND,-1068.17,GB,17211.02,2024-09-16T21:00:00,QR
WAL_8bab39cd81,U_018cebb6a2,SPEND,-987.36,GB,16223.66,2024-09-17T08:00:00,QR
WAL_67918d77ae,U_018cebb6a2,SPEND,-2428.88,GB,13794.78,2024-09-13T17:00:00,QR
WAL_70bc0858ba,U_018cebb6a2,SPEND,-1555.98,GB,12238.8,2024-09-16T17:00:00,QR
WAL_4a1a892a06,U_018cebb6a2,SPEND,-1363.99,GB,10874.81,2024-09-17T06:00:00,QR
WAL_5e82e4bf0e,U_018cebb6a2,SPEND,-810.57,GB,10064.24,2024-09-14T19:00:00,QR
WAL_e9139291ba,U_018cebb6a2,SPEND,-1371.53,GB,8692.71,2024-09-14T13:00:00,QR
WAL_d39bdd3161,U_018cebb6a2,LOAD,11638.99,GB,11638.99,2025-01-08T06:00:00,APP
WAL_8b535b7198,U_018cebb6a2,SPEND,-697.17,GB,10941.82,2025-01-08T06:00:00,QR
WAL_214304ef2b,U_018cebb6a2,SPEND,-1159.43,GB,9782.39,2025-01-05T01:00:00,QR
WAL_85de502432,U_018cebb6a2,SPEND,-2115.43,GB,7666.96,2025-01-12T03:00:00,QR
WAL_481cdbe3d9,U_018cebb6a2,SPEND,-1368.14,GB,6298.82,2025-01-09T17:00:00,QR
WAL_78ba9fa310,U_018cebb6a2,SPEND,-866.13,GB,5432.69,2025-01-09T17:00:00,QR
WAL_70e873085d,U_018cebb6a2,SPEND,-2088.41,GB,3344.28,2025-01-12T20:00:00,QR
WAL_f9f4fb45ec,U_5611c952e9,LOAD,23676.11,US,23676.11,2025-08-14T15:00:00,APP
WAL_096eed321e,U_5611c952e9,SPEND,-858.41,US,22817.7,2025-08-08T01:00:00,QR
WAL_7f89aab859,U_5611c952e9,SPEND,-2645.19,US,20172.51,2025-08-19T21:00:00,QR
WAL_2c99f629ec,U_5611c952e9,SPEND,-1320.01,US,18852.5,2025-08-10T07:00:00,QR
WAL_f0680bbfc6,U_5429199e4d,LOAD,21751.33,REST,21751.33,2025-04-18T04:00:00,APP
WAL_0cdcab868b,U_5429199e4d,SPEND,-1749.86,REST,20001.47,2025-04-15T05:00:00,QR
WAL_69ae5e9f1a,U_5429199e4d,SPEND,-1848.12,REST,18153.35,2025-04-12T01:00:00,QR
WAL_5b1e599c10,U_5429199e4d,SPEND,-3198.15,REST,14955.2,2025-04-07T08:00:00,QR
WAL_629a876cdc,U_5429199e4d,SPEND,-2047.16,REST,12908.04,2025-04-16T22:00:00,QR
WAL_b557164191,U_5429199e4d,SPEND,-3314.98,REST,9593.06,2025-04-12T13:00:00,QR
WAL_e0d1047e9b,U_5429199e4d,SPEND,-1495.97,REST,8097.09,2025-04-06T05:00:00,QR
WAL_c8697ea590,U_5429199e4d,SPEND,-1880.09,REST,6217.0,2025-04-10T01:00:00,QR
WAL_35f0f6bf22,U_5429199e4d,LOAD,10383.51,REST,10383.51,2026-06-04T21:00:00,APP
WAL_df7f4d44b1,U_5429199e4d,SPEND,-1862.35,REST,8521.16,2026-06-04T21:00:00,QR
WAL_fda7d61266,U_5429199e4d,SPEND,-2567.62,REST,5953.54,2026-06-05T05:00:00,QR
WAL_e7404748e3,U_5429199e4d,SPEND,-1056.89,REST,4896.65,2026-06-05T22:00:00,QR
WAL_3d9bfb7724,U_5429199e4d,SPEND,-1179.2,REST,3717.45,2026-06-06T12:00:00,QR
WAL_71be65093c,U_5429199e4d,SPEND,-2463.68,REST,1253.77,2026-06-04T22:00:00,QR
WAL_7f02a0ff89,U_74444a0f6c,LOAD,15410.52,NP,15410.52,2025-09-19T00:00:00,APP
WAL_366a2b2f12,U_74444a0f6c,SPEND,-1393.76,NP,14016.76,2025-09-16T17:00:00,QR
WAL_e6518cdf6a,U_74444a0f6c,SPEND,-1673.47,NP,12343.29,2025-09-28T17:00:00,QR
WAL_7b833d5902,U_74444a0f6c,SPEND,-1296.24,NP,11047.05,2025-10-03T07:00:00,QR
WAL_9552eae277,U_f09fcbdb2f,LOAD,17777.13,BD,17777.13,2025-12-01T03:00:00,APP
WAL_08cab51972,U_f09fcbdb2f,SPEND,-1223.4,BD,16553.73,2025-12-01T03:00:00,QR
WAL_ed88c2ef93,U_f09fcbdb2f,SPEND,-1973.24,BD,14580.49,2025-12-01T22:00:00,QR
WAL_b8f6b07c90,U_f09fcbdb2f,SPEND,-1297.03,BD,13283.46,2025-12-11T11:00:00,QR
WAL_64723c2e59,U_f09fcbdb2f,LOAD,2147.97,BD,2147.97,2026-05-15T21:00:00,APP
WAL_f6a369ff43,U_f09fcbdb2f,SPEND,-1737.51,BD,410.46,2026-05-15T21:00:00,QR
WAL_7f3f2a60c6,U_f09fcbdb2f,SPEND,-3035.01,BD,-2624.55,2026-05-13T12:00:00,QR
WAL_3d9474857c,U_f09fcbdb2f,LOAD,23881.51,BD,21256.96,2026-05-15T09:00:00,APP
WAL_246f090466,U_f09fcbdb2f,SPEND,-4541.49,BD,16715.47,2026-05-15T09:00:00,QR
WAL_a7ab414d29,U_f09fcbdb2f,SPEND,-1355.04,BD,15360.43,2026-05-18T00:00:00,QR
WAL_686d228edb,U_f09fcbdb2f,SPEND,-1004.12,BD,14356.31,2026-05-26T22:00:00,QR
WAL_04b0b983f0,U_f09fcbdb2f,SPEND,-1584.39,BD,12771.92,2026-05-16T06:00:00,QR
WAL_fb92008056,U_f09fcbdb2f,SPEND,-1889.44,BD,10882.48,2026-05-25T18:00:00,QR
WAL_615a5d5e72,U_f09fcbdb2f,SPEND,-1761.87,BD,9120.61,2026-05-22T11:00:00,QR
WAL_a10369783b,U_b14a196615,LOAD,4309.14,GB,4309.14,2025-05-21T11:00:00,APP
WAL_6fb407b608,U_b14a196615,SPEND,-3296.81,GB,1012.33,2025-05-21T11:00:00,QR
WAL_7da9451644,U_b14a196615,SPEND,-1643.69,GB,-631.36,2025-05-21T00:00:00,QR
WAL_2ec5afacb9,U_b14a196615,LOAD,24644.64,GB,24013.29,2025-05-18T22:00:00,APP
WAL_9d115e93e9,U_b14a196615,SPEND,-2032.78,GB,21980.51,2025-05-19T06:00:00,QR
WAL_1cd1ae0ead,U_b14a196615,SPEND,-411.41,GB,21569.1,2025-05-24T15:00:00,QR
WAL_de3cf3814c,U_b14a196615,SPEND,-1529.16,GB,20039.94,2025-05-20T22:00:00,QR
WAL_ff8d7e87d2,U_b14a196615,LOAD,15476.13,GB,15476.13,2026-03-02T19:00:00,APP
WAL_3beec88b64,U_b14a196615,SPEND,-1540.71,GB,13935.42,2026-03-02T19:00:00,QR
WAL_b399092c19,U_b14a196615,SPEND,-706.26,GB,13229.16,2026-02-21T20:00:00,QR
WAL_7eea4d26fa,U_b14a196615,SPEND,-2845.11,GB,10384.05,2026-02-23T21:00:00,QR
WAL_c506e729a6,U_b14a196615,SPEND,-1677.69,GB,8706.36,2026-02-24T12:00:00,QR
WAL_f41e30aa59,U_b14a196615,SPEND,-2154.81,GB,6551.55,2026-02-21T13:00:00,QR
WAL_a76e6f7685,U_b14a196615,SPEND,-2650.01,GB,3901.54,2026-02-27T18:00:00,QR
WAL_f168fe41d3,U_b14a196615,SPEND,-3111.17,GB,790.37,2026-02-24T06:00:00,QR
WAL_30311a4438,U_b14a196615,SPEND,-825.22,GB,-34.85,2026-02-18T19:00:00,QR
WAL_113a227659,U_b14a196615,LOAD,14165.88,GB,14131.03,2026-02-17T08:00:00,APP
WAL_2edd2462cf,U_b14a196615,SPEND,-727.39,GB,13403.64,2026-02-19T15:00:00,QR
WAL_1d03f12971,U_b14a196615,SPEND,-1434.48,GB,11969.16,2026-03-01T21:00:00,QR
WAL_b94ca4836b,U_f3188465ab,LOAD,18573.95,MY,18573.95,2024-10-06T14:00:00,APP
WAL_181dc39beb,U_f3188465ab,SPEND,-1842.42,MY,16731.53,2024-10-06T14:00:00,QR
WAL_ccc3cede99,U_f3188465ab,SPEND,-733.86,MY,15997.67,2024-10-07T21:00:00,QR
WAL_a2a715c11c,U_f3188465ab,SPEND,-1203.21,MY,14794.46,2024-10-06T06:00:00,QR
WAL_48001f170a,U_f3188465ab,SPEND,-1370.3,MY,13424.16,2024-10-06T08:00:00,QR
WAL_17b0798c02,U_f3188465ab,LOAD,7216.13,MY,7216.13,2025-07-18T06:00:00,APP
WAL_a6c6dfd2fe,U_f3188465ab,SPEND,-1158.26,MY,6057.87,2025-07-18T06:00:00,QR
WAL_3b454115e8,U_f3188465ab,SPEND,-605.91,MY,5451.96,2025-07-18T11:00:00,QR
WAL_a36d84ceb5,U_f3188465ab,SPEND,-930.23,MY,4521.73,2025-07-09T14:00:00,QR
WAL_d230a2e03e,U_f3188465ab,SPEND,-2982.45,MY,1539.28,2025-07-04T00:00:00,QR
WAL_e2b57ce3eb,U_f3188465ab,SPEND,-1409.08,MY,130.2,2025-07-19T23:00:00,QR
WAL_3a72ff420d,U_f3188465ab,SPEND,-1785.84,MY,-1655.64,2025-07-06T20:00:00,QR
WAL_06d200d691,U_f3188465ab,LOAD,24402.14,MY,22746.5,2025-07-18T12:00:00,APP
WAL_91bddfde3c,U_f3188465ab,SPEND,-1094.69,MY,21651.81,2025-07-16T08:00:00,QR
WAL_723ecd3cd3,U_f3188465ab,SPEND,-637.51,MY,21014.3,2025-07-09T08:00:00,QR
WAL_6d14a4acb2,U_f3188465ab,SPEND,-2079.01,MY,18935.29,2025-07-02T21:00:00,QR
WAL_23c466a9e0,U_f3188465ab,SPEND,-1399.02,MY,17536.27,2025-07-14T14:00:00,QR
WAL_b196741a1f,U_f3188465ab,SPEND,-1476.65,MY,16059.62,2025-07-01T21:00:00,QR
WAL_1f82d1bef5,U_f3188465ab,LOAD,7854.56,MY,7854.56,2025-11-20T05:00:00,APP
WAL_e5602b7c02,U_f3188465ab,SPEND,-1087.97,MY,6766.59,2025-11-25T14:00:00,QR
WAL_fe81912779,U_f3188465ab,SPEND,-1704.17,MY,5062.42,2025-11-20T02:00:00,QR
WAL_f3c4471b8c,U_f3188465ab,SPEND,-553.45,MY,4508.97,2025-11-21T18:00:00,QR
WAL_1143924826,U_f3188465ab,SPEND,-2341.71,MY,2167.26,2025-11-18T13:00:00,QR
WAL_f0814eda77,U_f3188465ab,SPEND,-399.69,MY,1767.57,2025-11-22T04:00:00,QR
WAL_b61f1b3f14,U_f3188465ab,SPEND,-1022.98,MY,744.59,2025-11-21T14:00:00,QR
WAL_7db0e43d12,U_c8dd616678,LOAD,15234.24,CA,15234.24,2025-02-25T15:00:00,APP
WAL_b0a937c351,U_c8dd616678,SPEND,-1444.49,CA,13789.75,2025-03-01T14:00:00,QR
WAL_1a3cb67dd4,U_c8dd616678,SPEND,-785.27,CA,13004.48,2025-02-26T11:00:00,QR
WAL_44897c1fd1,U_c8dd616678,SPEND,-1498.74,CA,11505.74,2025-02-22T10:00:00,QR
WAL_0432e45ba6,U_c8dd616678,SPEND,-2749.74,CA,8756.0,2025-03-02T10:00:00,QR
WAL_fe3365b300,U_c8dd616678,SPEND,-1539.24,CA,7216.76,2025-02-27T08:00:00,QR
WAL_df322ef67e,U_c8dd616678,SPEND,-1979.71,CA,5237.05,2025-02-27T12:00:00,QR
WAL_97606a80f1,U_ff16a47569,LOAD,5086.95,US,5086.95,2025-12-12T08:00:00,APP
WAL_52a2ab1d97,U_ff16a47569,SPEND,-1116.63,US,3970.32,2025-12-05T22:00:00,QR
WAL_f218c42c2f,U_ff16a47569,SPEND,-1678.76,US,2291.56,2025-12-08T11:00:00,QR
WAL_d9f7045f9c,U_ff16a47569,SPEND,-3061.98,US,-770.42,2025-12-07T17:00:00,QR
WAL_4fe1db7a3e,U_ff16a47569,LOAD,12846.64,US,12076.23,2025-12-10T18:00:00,APP
WAL_70de32169a,U_ff16a47569,SPEND,-632.97,US,11443.26,2025-12-12T19:00:00,QR
WAL_2af2d1a569,U_fc1ec22678,LOAD,24012.73,CA,24012.73,2025-09-10T17:00:00,APP
WAL_400a890b1c,U_fc1ec22678,SPEND,-1215.78,CA,22796.95,2025-09-10T17:00:00,QR
WAL_f387a98957,U_fc1ec22678,SPEND,-5210.12,CA,17586.83,2025-09-02T00:00:00,QR
WAL_0033ad97af,U_fc1ec22678,SPEND,-2239.06,CA,15347.77,2025-09-07T23:00:00,QR
WAL_de180edf33,U_fc1ec22678,SPEND,-3875.25,CA,11472.52,2025-09-10T23:00:00,QR
WAL_f37cd75132,U_fc1ec22678,SPEND,-1856.08,CA,9616.44,2025-09-12T02:00:00,QR
WAL_6372f77b90,U_fc1ec22678,SPEND,-567.51,CA,9048.93,2025-09-06T15:00:00,QR
WAL_481bb19cb9,U_fc1ec22678,SPEND,-2006.05,CA,7042.88,2025-09-11T00:00:00,QR
WAL_774ae7b8ba,U_fc1ec22678,SPEND,-1458.1,CA,5584.78,2025-09-08T10:00:00,QR
WAL_55062dde35,U_fc1ec22678,SPEND,-4103.73,CA,1481.05,2025-09-15T23:00:00,QR
WAL_666b24b7b4,U_fc1ec22678,SPEND,-1301.53,CA,179.52,2025-09-10T23:00:00,QR
WAL_1f6dcbab06,U_fc1ec22678,SPEND,-2821.08,CA,-2641.56,2025-09-05T17:00:00,QR
WAL_6e268fc350,U_454d2bd462,LOAD,6287.96,AE,6287.96,2026-05-10T00:00:00,APP
WAL_d890858f27,U_454d2bd462,SPEND,-732.54,AE,5555.42,2026-05-10T00:00:00,QR
WAL_e0acfd14ea,U_454d2bd462,SPEND,-1689.37,AE,3866.05,2026-05-08T06:00:00,QR
WAL_e1795cc6a6,U_454d2bd462,SPEND,-1775.45,AE,2090.6,2026-05-16T18:00:00,QR
WAL_fc83cc6aa4,U_454d2bd462,SPEND,-1291.61,AE,798.99,2026-05-07T00:00:00,QR
WAL_6d73b8021b,U_454d2bd462,SPEND,-1716.84,AE,-917.85,2026-05-14T20:00:00,QR
WAL_27686a7d68,U_454d2bd462,LOAD,24600.5,AE,23682.65,2026-05-16T16:00:00,APP
WAL_6570ad5945,U_454d2bd462,SPEND,-1408.58,AE,22274.07,2026-05-16T16:00:00,QR
WAL_08fbde335e,U_454d2bd462,LOAD,20996.23,AE,20996.23,2024-11-30T04:00:00,APP
WAL_eb1b519b87,U_454d2bd462,SPEND,-770.3,AE,20225.93,2024-11-29T00:00:00,QR
WAL_96163b8c0e,U_454d2bd462,SPEND,-1405.14,AE,18820.79,2024-11-29T07:00:00,QR
WAL_efa4970ce8,U_454d2bd462,SPEND,-1420.89,AE,17399.9,2024-11-27T05:00:00,QR
WAL_dc59443e43,U_1df4240e70,LOAD,16830.91,AU,16830.91,2024-12-31T02:00:00,APP
WAL_2fe7d1b5e6,U_1df4240e70,SPEND,-1461.6,AU,15369.31,2024-12-31T02:00:00,QR
WAL_4ceea097d5,U_1df4240e70,SPEND,-2128.48,AU,13240.83,2024-12-21T17:00:00,QR
WAL_15f29cb011,U_1df4240e70,SPEND,-1116.56,AU,12124.27,2025-01-02T17:00:00,QR
WAL_0d3189d22e,U_1df4240e70,SPEND,-1704.14,AU,10420.13,2025-01-01T19:00:00,QR
WAL_b8ccb991b7,U_1df4240e70,SPEND,-1376.69,AU,9043.44,2025-01-03T08:00:00,QR
WAL_1c80fa00da,U_1df4240e70,SPEND,-1967.82,AU,7075.62,2024-12-26T19:00:00,QR
WAL_b14467449a,U_1df4240e70,SPEND,-2060.55,AU,5015.07,2024-12-20T02:00:00,QR
WAL_2e4f2f967d,U_00751afb28,LOAD,24533.06,DE,24533.06,2026-06-01T10:00:00,APP
WAL_f3ed5fc4ce,U_00751afb28,SPEND,-1052.84,DE,23480.22,2026-06-01T10:00:00,QR
WAL_2c2c839618,U_00751afb28,SPEND,-1618.07,DE,21862.15,2026-06-08T20:00:00,QR
WAL_c9a3ef61fb,U_00751afb28,SPEND,-1287.81,DE,20574.34,2026-06-01T05:00:00,QR
WAL_337ce2f433,U_00751afb28,SPEND,-1689.04,DE,18885.3,2026-06-02T12:00:00,QR
WAL_6a43a619cd,U_60b09d836a,LOAD,19014.61,BD,19014.61,2026-06-16T07:00:00,APP
WAL_290de705f2,U_60b09d836a,SPEND,-3941.66,BD,15072.95,2026-06-16T07:00:00,QR
WAL_d9d9c26309,U_60b09d836a,SPEND,-1186.37,BD,13886.58,2026-06-10T09:00:00,QR
WAL_5819afd0a5,U_60b09d836a,SPEND,-1486.53,BD,12400.05,2026-06-17T09:00:00,QR
WAL_b24eb7962c,U_60b09d836a,SPEND,-3329.96,BD,9070.09,2026-06-07T08:00:00,QR
WAL_b1fad82ac6,U_60b09d836a,SPEND,-2196.68,BD,6873.41,2026-06-11T14:00:00,QR
WAL_64bbe102af,U_60b09d836a,SPEND,-909.64,BD,5963.77,2026-06-12T01:00:00,QR
WAL_4c25d14640,U_83774dff66,LOAD,14268.66,BD,14268.66,2026-05-23T17:00:00,APP
WAL_b15a3fa0f8,U_83774dff66,SPEND,-886.91,BD,13381.75,2026-05-23T17:00:00,QR
WAL_db47f21670,U_83774dff66,SPEND,-798.51,BD,12583.24,2026-05-23T10:00:00,QR
WAL_00544605e0,U_83774dff66,SPEND,-873.88,BD,11709.36,2026-05-19T02:00:00,QR
WAL_07b1c1d292,U_83774dff66,SPEND,-1720.33,BD,9989.03,2026-05-18T00:00:00,QR
WAL_4efbfc2a64,U_83774dff66,SPEND,-1411.83,BD,8577.2,2026-05-18T21:00:00,QR
WAL_57f66d1104,U_83774dff66,SPEND,-1372.57,BD,7204.63,2026-05-19T10:00:00,QR
WAL_89660682ec,U_83774dff66,SPEND,-1629.96,BD,5574.67,2026-05-24T08:00:00,QR
WAL_0a16ac9e06,U_83774dff66,SPEND,-2078.47,BD,3496.2,2026-05-22T12:00:00,QR
WAL_18d4d8a989,U_83774dff66,SPEND,-1337.32,BD,2158.88,2026-05-23T04:00:00,QR
WAL_6361d64ae3,U_83774dff66,SPEND,-496.75,BD,1662.13,2026-05-24T23:00:00,QR
WAL_f7b5375af7,U_3fc5a48377,LOAD,17059.5,NP,17059.5,2026-02-04T18:00:00,APP
WAL_7e259f97ea,U_3fc5a48377,SPEND,-1779.42,NP,15280.08,2026-02-04T18:00:00,QR
WAL_8252f15c3e,U_3fc5a48377,SPEND,-1214.81,NP,14065.27,2026-02-03T17:00:00,QR
WAL_6dabaeb1b9,U_3fc5a48377,SPEND,-530.59,NP,13534.68,2026-01-24T00:00:00,QR
WAL_6fdbc0da37,U_3fc5a48377,SPEND,-1187.42,NP,12347.26,2026-01-24T23:00:00,QR
WAL_151bd0f5e0,U_3fc5a48377,SPEND,-1154.72,NP,11192.54,2026-01-27T01:00:00,QR
WAL_749aab6445,U_3fc5a48377,SPEND,-1539.4,NP,9653.14,2026-02-05T22:00:00,QR
WAL_6d0c482238,U_3fc5a48377,SPEND,-486.03,NP,9167.11,2026-01-30T21:00:00,QR
WAL_6114070c06,U_3fc5a48377,SPEND,-1757.63,NP,7409.48,2026-01-25T00:00:00,QR
WAL_6a89b1be58,U_3fc5a48377,SPEND,-1124.09,NP,6285.39,2026-01-25T00:00:00,QR
WAL_69f57ab0e5,U_3fc5a48377,LOAD,18215.22,NP,18215.22,2026-04-12T08:00:00,APP
WAL_a6bd822a16,U_3fc5a48377,SPEND,-957.08,NP,17258.14,2026-04-12T08:00:00,QR
WAL_8acb407590,U_3fc5a48377,SPEND,-754.53,NP,16503.61,2026-04-11T19:00:00,QR
WAL_3637347fae,U_7339f1f9eb,LOAD,20767.71,AU,20767.71,2024-11-14T09:00:00,APP
WAL_ecc3bb2881,U_7339f1f9eb,SPEND,-819.61,AU,19948.1,2024-11-14T09:00:00,QR
WAL_d92391a32e,U_7339f1f9eb,SPEND,-1288.92,AU,18659.18,2024-11-08T21:00:00,QR
WAL_efa1df12d7,U_7339f1f9eb,LOAD,16148.53,AU,16148.53,2025-02-18T09:00:00,APP
WAL_8b1c3ff6d8,U_7339f1f9eb,SPEND,-3418.16,AU,12730.37,2025-02-18T09:00:00,QR
WAL_bec84c1e84,U_7339f1f9eb,SPEND,-4178.91,AU,8551.46,2025-02-15T20:00:00,QR
WAL_c7d7d6371b,U_7339f1f9eb,SPEND,-2898.41,AU,5653.05,2025-02-23T17:00:00,QR
WAL_0856ea38b0,U_7339f1f9eb,SPEND,-1612.37,AU,4040.68,2025-02-14T22:00:00,QR
WAL_3d512626d4,U_7339f1f9eb,SPEND,-1761.84,AU,2278.84,2025-02-15T23:00:00,QR
WAL_ac70d4badb,U_7339f1f9eb,SPEND,-1141.82,AU,1137.02,2025-02-17T23:00:00,QR
WAL_53501be638,U_7339f1f9eb,SPEND,-2968.04,AU,-1831.02,2025-02-14T20:00:00,QR
WAL_05e447d1e6,U_7339f1f9eb,LOAD,9201.46,AU,7370.44,2025-02-17T06:00:00,APP
WAL_6d8d384b3f,U_7339f1f9eb,SPEND,-1069.66,AU,6300.78,2025-02-22T18:00:00,QR
WAL_71d2139bc1,U_ee29d45546,LOAD,8096.83,GB,8096.83,2025-09-02T21:00:00,APP
WAL_332f5c3439,U_ee29d45546,SPEND,-807.17,GB,7289.66,2025-09-02T21:00:00,QR
WAL_3accc5f96a,U_ee29d45546,SPEND,-2133.83,GB,5155.83,2025-09-10T23:00:00,QR
WAL_ca23dc9633,U_ee29d45546,SPEND,-1268.95,GB,3886.88,2025-09-08T11:00:00,QR
WAL_549635ec73,U_ee29d45546,SPEND,-2602.67,GB,1284.21,2025-09-12T13:00:00,QR
WAL_41d270159e,U_ee29d45546,SPEND,-966.68,GB,317.53,2025-09-08T03:00:00,QR
WAL_b2c21c196e,U_1501ab5d28,LOAD,8644.14,NP,8644.14,2026-01-10T15:00:00,APP
WAL_b646dc6016,U_1501ab5d28,SPEND,-975.06,NP,7669.08,2026-01-08T18:00:00,QR
WAL_f851ea2570,U_1501ab5d28,SPEND,-649.67,NP,7019.41,2026-01-08T12:00:00,QR
WAL_623512e3f4,U_1501ab5d28,SPEND,-930.1,NP,6089.31,2026-01-09T23:00:00,QR
WAL_3f9465f3c3,U_1501ab5d28,SPEND,-762.81,NP,5326.5,2026-01-09T07:00:00,QR
WAL_1e8d53adf2,U_1501ab5d28,SPEND,-1773.04,NP,3553.46,2026-01-07T15:00:00,QR
WAL_ef3ab3a65c,U_1501ab5d28,SPEND,-1319.95,NP,2233.51,2026-01-08T10:00:00,QR
WAL_b3b3aa42e5,U_1501ab5d28,SPEND,-2043.18,NP,190.33,2026-01-07T09:00:00,QR
WAL_995ce2fabe,U_0f44b440a5,LOAD,13501.56,GB,13501.56,2026-01-22T12:00:00,APP
WAL_86cbb18fe8,U_0f44b440a5,SPEND,-1608.04,GB,11893.52,2026-01-22T22:00:00,QR
WAL_b8592f3d8a,U_0f44b440a5,SPEND,-1710.98,GB,10182.54,2026-01-22T17:00:00,QR
WAL_6cbfe2a844,U_0f44b440a5,SPEND,-1379.06,GB,8803.48,2026-01-23T15:00:00,QR
WAL_36f8d13ea1,U_0f44b440a5,SPEND,-3811.27,GB,4992.21,2026-01-21T15:00:00,QR
WAL_9ac1c9cedc,U_0f44b440a5,SPEND,-2917.81,GB,2074.4,2026-01-21T01:00:00,QR
WAL_7ae2dc2686,U_0f44b440a5,SPEND,-3138.41,GB,-1064.01,2026-01-22T00:00:00,QR
WAL_6a45fbafe5,U_0f44b440a5,LOAD,24063.39,GB,22999.38,2026-01-22T04:00:00,APP
WAL_9cd7e14a74,U_0f44b440a5,SPEND,-840.74,GB,22158.64,2026-01-22T04:00:00,QR
WAL_503f85d737,U_0f44b440a5,SPEND,-2516.46,GB,19642.18,2026-01-21T20:00:00,QR
WAL_b1c69bc528,U_0f44b440a5,LOAD,9997.99,GB,9997.99,2024-10-27T23:00:00,APP
WAL_2268c55b9b,U_0f44b440a5,SPEND,-2062.3,GB,7935.69,2024-10-27T23:00:00,QR
WAL_d3e1b8e9d4,U_0f44b440a5,SPEND,-1996.9,GB,5938.79,2024-10-25T04:00:00,QR
WAL_602454bfdf,U_322abececd,LOAD,11253.4,AU,11253.4,2026-05-14T21:00:00,APP
WAL_48cab30a83,U_322abececd,SPEND,-4767.99,AU,6485.41,2026-05-14T21:00:00,QR
WAL_1b430d8d95,U_322abececd,SPEND,-2357.86,AU,4127.55,2026-05-18T08:00:00,QR
WAL_8f13566c3e,U_322abececd,LOAD,23428.68,AU,23428.68,2026-01-03T09:00:00,APP
WAL_7b8680d7ac,U_322abececd,SPEND,-543.48,AU,22885.2,2026-01-03T09:00:00,QR
WAL_b3eb8acf27,U_322abececd,SPEND,-2453.21,AU,20431.99,2026-01-01T03:00:00,QR
WAL_c98a122730,U_322abececd,SPEND,-1642.91,AU,18789.08,2026-01-05T12:00:00,QR
WAL_1416218a7e,U_322abececd,SPEND,-1036.81,AU,17752.27,2026-01-01T06:00:00,QR
WAL_f7748c684f,U_322abececd,SPEND,-2864.18,AU,14888.09,2025-12-31T12:00:00,QR
WAL_bf657dd6d1,U_322abececd,SPEND,-1950.97,AU,12937.12,2025-12-27T01:00:00,QR
WAL_bda743704c,U_322abececd,SPEND,-870.6,AU,12066.52,2025-12-28T16:00:00,QR
WAL_021aac2b57,U_322abececd,SPEND,-2237.02,AU,9829.5,2025-12-29T08:00:00,QR
WAL_74a52267ca,U_e621b29a75,LOAD,9318.71,DE,9318.71,2025-10-18T11:00:00,APP
WAL_1563908127,U_e621b29a75,SPEND,-1018.66,DE,8300.05,2025-10-25T05:00:00,QR
WAL_60fa29e8ee,U_e621b29a75,SPEND,-994.96,DE,7305.09,2025-10-31T11:00:00,QR
WAL_c9610be456,U_e621b29a75,SPEND,-955.34,DE,6349.75,2025-11-01T16:00:00,QR
WAL_b934fe5564,U_e621b29a75,SPEND,-2522.47,DE,3827.28,2025-10-16T00:00:00,QR
WAL_fc86f22b8e,U_e621b29a75,SPEND,-957.61,DE,2869.67,2025-10-16T00:00:00,QR
WAL_7258c1141a,U_e621b29a75,SPEND,-2288.82,DE,580.85,2025-10-29T19:00:00,QR
WAL_a5804efac5,U_e621b29a75,SPEND,-969.72,DE,-388.87,2025-10-27T09:00:00,QR
WAL_3dc8929a44,U_e621b29a75,LOAD,2505.41,DE,2116.54,2025-11-05T19:00:00,APP
WAL_92699c9110,U_e621b29a75,SPEND,-1594.34,DE,522.2,2025-10-23T18:00:00,QR
WAL_162e5df837,U_e621b29a75,LOAD,3908.9,DE,3908.9,2025-10-31T00:00:00,APP
WAL_e5bb7205d7,U_e621b29a75,SPEND,-1765.48,DE,2143.42,2025-10-31T00:00:00,QR
WAL_978ebdf2f4,U_e621b29a75,SPEND,-1685.17,DE,458.25,2025-11-03T18:00:00,QR
WAL_10253c8405,U_e621b29a75,SPEND,-2285.23,DE,-1826.98,2025-10-30T04:00:00,QR
WAL_93cb505363,U_e621b29a75,LOAD,19551.7,DE,19551.7,2025-08-31T17:00:00,APP
WAL_a670009d1e,U_e621b29a75,SPEND,-1565.54,DE,17986.16,2025-09-01T04:00:00,QR
WAL_f9c367c64d,U_e621b29a75,SPEND,-1589.72,DE,16396.44,2025-08-27T20:00:00,QR
WAL_0653d31bc8,U_e621b29a75,SPEND,-837.87,DE,15558.57,2025-09-01T21:00:00,QR
WAL_8d9ee49087,U_e621b29a75,SPEND,-1263.65,DE,14294.92,2025-08-30T11:00:00,QR
WAL_7eda272901,U_e621b29a75,SPEND,-2065.27,DE,12229.65,2025-08-24T02:00:00,QR
WAL_7fef15bd52,U_e621b29a75,SPEND,-858.47,DE,11371.18,2025-08-26T10:00:00,QR
WAL_841bc5d8cc,U_e621b29a75,SPEND,-1167.02,DE,10204.16,2025-08-29T14:00:00,QR
WAL_54d031ed98,U_e621b29a75,LOAD,18000.54,DE,18000.54,2026-03-09T02:00:00,APP
WAL_ee07640efa,U_e621b29a75,SPEND,-2578.04,DE,15422.5,2026-03-09T02:00:00,QR
WAL_863bb2dcb8,U_e621b29a75,SPEND,-876.1,DE,14546.4,2026-03-07T06:00:00,QR
WAL_46905ae27b,U_e621b29a75,SPEND,-4469.28,DE,10077.12,2026-03-09T03:00:00,QR
WAL_fee9438f1f,U_e621b29a75,SPEND,-1022.68,DE,9054.44,2026-03-09T01:00:00,QR
WAL_9ea323047b,U_7348a59df1,LOAD,17504.85,AU,17504.85,2025-01-07T05:00:00,APP
WAL_c23aaf439e,U_7348a59df1,SPEND,-948.97,AU,16555.88,2025-01-07T05:00:00,QR
WAL_56f05eef98,U_7348a59df1,SPEND,-2226.44,AU,14329.44,2025-01-02T03:00:00,QR
WAL_b3c94dd4f3,U_7348a59df1,SPEND,-665.42,AU,13664.02,2025-01-01T20:00:00,QR
WAL_f9da98656e,U_7348a59df1,SPEND,-1856.8,AU,11807.22,2025-01-02T18:00:00,QR
WAL_36a5d77cad,U_7348a59df1,SPEND,-947.48,AU,10859.74,2025-01-06T12:00:00,QR
WAL_55e7acefc3,U_7348a59df1,SPEND,-1204.62,AU,9655.12,2025-01-10T10:00:00,QR
WAL_dedabf4983,U_7348a59df1,SPEND,-1320.34,AU,8334.78,2025-01-09T03:00:00,QR
WAL_1c2e967ce4,U_7348a59df1,SPEND,-1334.22,AU,7000.56,2025-01-01T06:00:00,QR
WAL_1654020ef4,U_7348a59df1,SPEND,-1653.52,AU,5347.04,2025-01-02T07:00:00,QR
WAL_3669514d2d,U_7348a59df1,SPEND,-692.41,AU,4654.63,2025-01-07T04:00:00,QR
WAL_77d243f5af,U_7348a59df1,SPEND,-5078.83,AU,-424.2,2025-01-07T06:00:00,QR
WAL_77d7bc7c0d,U_7348a59df1,LOAD,18595.69,AU,18171.49,2025-01-01T12:00:00,APP
WAL_48c56f633d,U_7348a59df1,SPEND,-2468.25,AU,15703.24,2025-01-06T16:00:00,QR
WAL_17940514da,U_7348a59df1,SPEND,-1576.33,AU,14126.91,2025-01-06T18:00:00,QR
WAL_2ec664423e,U_7348a59df1,LOAD,11074.4,AU,11074.4,2026-05-19T02:00:00,APP
WAL_16c08a5879,U_7348a59df1,SPEND,-1807.21,AU,9267.19,2026-05-19T02:00:00,QR
WAL_1e0b38174b,U_7348a59df1,SPEND,-1450.3,AU,7816.89,2026-05-19T21:00:00,QR
WAL_ad4bec46f9,U_7348a59df1,SPEND,-934.75,AU,6882.14,2026-05-11T17:00:00,QR
WAL_3bb7e74844,U_f63ecd05fe,LOAD,10482.58,US,10482.58,2025-09-11T09:00:00,APP
WAL_d69111d799,U_f63ecd05fe,SPEND,-575.04,US,9907.54,2025-09-11T18:00:00,QR
WAL_782f8be2a3,U_f63ecd05fe,SPEND,-1120.01,US,8787.53,2025-09-05T09:00:00,QR
WAL_548a81926b,U_f63ecd05fe,SPEND,-2790.28,US,5997.25,2025-09-12T10:00:00,QR
WAL_41bc7a31e7,U_f63ecd05fe,SPEND,-2004.47,US,3992.78,2025-08-31T04:00:00,QR
WAL_c2a3cba5e1,U_f63ecd05fe,SPEND,-2637.03,US,1355.75,2025-09-08T20:00:00,QR
WAL_256124015c,U_f63ecd05fe,SPEND,-1693.1,US,-337.35,2025-09-01T12:00:00,QR
WAL_1af0134ef9,U_f63ecd05fe,LOAD,10298.25,US,9960.9,2025-09-13T07:00:00,APP
WAL_4113af63f7,U_f63ecd05fe,SPEND,-1465.64,US,8495.26,2025-09-05T21:00:00,QR
WAL_10056c54fb,U_f63ecd05fe,LOAD,16098.94,US,16098.94,2025-04-05T10:00:00,APP
WAL_741e7821f1,U_f63ecd05fe,SPEND,-1827.24,US,14271.7,2025-04-05T10:00:00,QR
WAL_05bd1d5139,U_f63ecd05fe,SPEND,-512.07,US,13759.63,2025-04-04T23:00:00,QR
WAL_4eb7ee2d37,U_f63ecd05fe,SPEND,-1567.21,US,12192.42,2025-04-07T01:00:00,QR
WAL_361344bca9,U_f63ecd05fe,SPEND,-871.84,US,11320.58,2025-04-14T00:00:00,QR
WAL_5cf3b48e06,U_f63ecd05fe,SPEND,-1785.37,US,9535.21,2025-04-14T03:00:00,QR
WAL_de44ec6110,U_f63ecd05fe,SPEND,-1791.31,US,7743.9,2025-04-07T00:00:00,QR
WAL_5a1c57ec89,U_f63ecd05fe,SPEND,-2287.0,US,5456.9,2025-04-09T23:00:00,QR
WAL_2e96f87341,U_f63ecd05fe,SPEND,-2534.19,US,2922.71,2025-04-05T10:00:00,QR
WAL_06d036a0c5,U_f63ecd05fe,LOAD,12809.14,US,12809.14,2025-02-01T00:00:00,APP
WAL_ad7af0a0de,U_f63ecd05fe,SPEND,-625.15,US,12183.99,2025-02-01T00:00:00,QR
WAL_769099374f,U_981950a8c1,LOAD,3154.83,AU,3154.83,2025-12-26T06:00:00,APP
WAL_d8b0124b43,U_981950a8c1,SPEND,-952.11,AU,2202.72,2025-12-26T06:00:00,QR
WAL_283b756785,U_981950a8c1,SPEND,-3117.27,AU,-914.55,2025-12-22T11:00:00,QR
WAL_41196f8139,U_981950a8c1,LOAD,14785.48,AU,13870.93,2025-12-17T22:00:00,APP
WAL_0079360662,U_981950a8c1,SPEND,-2056.58,AU,11814.35,2025-12-17T22:00:00,QR
WAL_66f9d7c0d9,U_981950a8c1,SPEND,-2146.66,AU,9667.69,2025-12-23T06:00:00,QR
WAL_ed3d90f47d,U_981950a8c1,SPEND,-372.49,AU,9295.2,2025-12-15T15:00:00,QR
WAL_b8e5e4876d,U_981950a8c1,SPEND,-1351.56,AU,7943.64,2025-12-20T06:00:00,QR
WAL_61575cc9f8,U_981950a8c1,SPEND,-717.26,AU,7226.38,2025-12-25T01:00:00,QR
WAL_dcabc71c22,U_981950a8c1,LOAD,22904.79,AU,22904.79,2025-06-23T03:00:00,APP
WAL_0ab3e1723e,U_981950a8c1,SPEND,-1486.83,AU,21417.96,2025-06-23T03:00:00,QR
WAL_6bd5ca221b,U_981950a8c1,SPEND,-1823.61,AU,19594.35,2025-06-21T01:00:00,QR
WAL_8b77f5b93a,U_981950a8c1,SPEND,-1296.41,AU,18297.94,2025-06-20T06:00:00,QR
WAL_597f4f466f,U_981950a8c1,SPEND,-1240.22,AU,17057.72,2025-06-22T11:00:00,QR
WAL_3072356442,U_981950a8c1,SPEND,-572.32,AU,16485.4,2025-06-24T13:00:00,QR
WAL_67535ce561,U_d0f163435b,LOAD,10313.79,REST,10313.79,2025-02-25T09:00:00,APP
WAL_590b08ac1c,U_d0f163435b,SPEND,-1044.28,REST,9269.51,2025-02-24T11:00:00,QR
WAL_0ceb4bddf2,U_d0f163435b,SPEND,-1239.9,REST,8029.61,2025-02-25T22:00:00,QR
WAL_6c2a6fdd28,U_d4203f247a,LOAD,19071.4,AE,19071.4,2024-12-13T17:00:00,APP
WAL_f9c9d51d8c,U_d4203f247a,SPEND,-3429.7,AE,15641.7,2024-12-21T12:00:00,QR
WAL_b468487323,U_d4203f247a,SPEND,-1384.51,AE,14257.19,2024-12-24T01:00:00,QR
WAL_9887cdcdc7,U_d4203f247a,SPEND,-2444.34,AE,11812.85,2024-12-21T08:00:00,QR
WAL_9a72c04c9f,U_d4203f247a,SPEND,-4236.65,AE,7576.2,2024-12-15T12:00:00,QR
WAL_e21b915034,U_d4203f247a,SPEND,-1452.68,AE,6123.52,2024-12-13T09:00:00,QR
WAL_e223dbbf09,U_d4203f247a,SPEND,-697.22,AE,5426.3,2024-12-16T22:00:00,QR
WAL_6b8e8c326b,U_d4203f247a,SPEND,-932.05,AE,4494.25,2024-12-20T19:00:00,QR
WAL_cb69ac557e,U_d4203f247a,SPEND,-4704.75,AE,-210.5,2024-12-24T16:00:00,QR
WAL_2bf60ac9c7,U_67747e1810,LOAD,6741.08,BD,6741.08,2025-09-18T08:00:00,APP
WAL_b5555d0eb6,U_67747e1810,SPEND,-1337.58,BD,5403.5,2025-09-18T08:00:00,QR
WAL_cb5ec96c52,U_67747e1810,SPEND,-530.22,BD,4873.28,2025-09-11T03:00:00,QR
WAL_ea231f5f03,U_67747e1810,SPEND,-2179.86,BD,2693.42,2025-09-18T03:00:00,QR
WAL_e9944ea4bf,U_67747e1810,SPEND,-1284.84,BD,1408.58,2025-09-25T00:00:00,QR
WAL_fb83fad958,U_67747e1810,LOAD,8081.7,BD,8081.7,2026-05-14T01:00:00,APP
WAL_3e0533be38,U_67747e1810,SPEND,-2455.2,BD,5626.5,2026-05-14T01:00:00,QR
WAL_61658665e6,U_67747e1810,SPEND,-1633.84,BD,3992.66,2026-05-06T18:00:00,QR
WAL_9a09a46945,U_67747e1810,SPEND,-1054.28,BD,2938.38,2026-05-07T00:00:00,QR
WAL_6e268f2efd,U_67747e1810,SPEND,-1954.87,BD,983.51,2026-05-07T01:00:00,QR
WAL_9b178a96a4,U_67747e1810,SPEND,-752.83,BD,230.68,2026-05-08T13:00:00,QR
WAL_dc5aa8b075,U_67747e1810,SPEND,-2594.68,BD,-2364.0,2026-05-05T02:00:00,QR
WAL_761b8c55c1,U_67747e1810,LOAD,13516.64,BD,11152.64,2026-05-09T20:00:00,APP
WAL_e54231b66d,U_67747e1810,SPEND,-2101.88,BD,9050.76,2026-05-09T20:00:00,QR
WAL_e50ecf65ee,U_ef9c8237d9,LOAD,14152.18,US,14152.18,2024-12-30T23:00:00,APP
WAL_45d3ce74e2,U_ef9c8237d9,SPEND,-1294.14,US,12858.04,2024-12-30T02:00:00,QR
WAL_7c31e88ac1,U_ef9c8237d9,SPEND,-747.35,US,12110.69,2025-01-02T13:00:00,QR
WAL_0c7b9d0de2,U_ef9c8237d9,SPEND,-853.33,US,11257.36,2024-12-31T14:00:00,QR
WAL_b4b34182d5,U_2de4250be3,LOAD,16890.65,LK,16890.65,2025-01-27T23:00:00,APP
WAL_dac3289007,U_2de4250be3,SPEND,-1400.07,LK,15490.58,2025-01-25T05:00:00,QR
WAL_996345868e,U_2de4250be3,SPEND,-3493.78,LK,11996.8,2025-02-07T08:00:00,QR
WAL_5515b30113,U_2de4250be3,LOAD,23200.61,LK,23200.61,2025-09-23T12:00:00,APP
WAL_95ca08c6c4,U_2de4250be3,SPEND,-1262.86,LK,21937.75,2025-09-17T00:00:00,QR
WAL_9701341366,U_2de4250be3,SPEND,-2009.27,LK,19928.48,2025-09-21T03:00:00,QR
WAL_e1804a32ac,U_2de4250be3,LOAD,5837.2,LK,5837.2,2026-01-24T12:00:00,APP
WAL_bb3c7227d9,U_2de4250be3,SPEND,-1977.94,LK,3859.26,2026-01-24T12:00:00,QR
WAL_008aff87d3,U_2de4250be3,SPEND,-1125.53,LK,2733.73,2026-01-23T09:00:00,QR
WAL_87a13e63f5,U_2de4250be3,SPEND,-2424.24,LK,309.49,2026-01-25T17:00:00,QR
WAL_f470cff51f,U_2de4250be3,SPEND,-6312.23,LK,-6002.74,2026-01-27T13:00:00,QR
WAL_b2c6f8c5c7,U_2de4250be3,LOAD,22330.65,LK,16327.91,2026-01-26T13:00:00,APP
WAL_00666c5d62,U_2de4250be3,SPEND,-1333.96,LK,14993.95,2026-01-26T13:00:00,QR
WAL_b896afe398,U_7001a1d862,LOAD,20973.9,MY,20973.9,2025-03-28T15:00:00,APP
WAL_e117802b2e,U_7001a1d862,SPEND,-672.51,MY,20301.39,2025-03-26T15:00:00,QR
WAL_27a770e50e,U_7001a1d862,SPEND,-2117.9,MY,18183.49,2025-03-21T07:00:00,QR
WAL_09c1fbca8b,U_7001a1d862,SPEND,-748.35,MY,17435.14,2025-03-27T01:00:00,QR
WAL_3ea8dd312a,U_7001a1d862,SPEND,-1285.85,MY,16149.29,2025-03-22T09:00:00,QR
WAL_34a6fdcbc2,U_7001a1d862,SPEND,-2385.05,MY,13764.24,2025-03-23T15:00:00,QR
WAL_f7be4c3302,U_60075c7713,LOAD,19426.58,BD,19426.58,2025-04-19T19:00:00,APP
WAL_7177c29d29,U_60075c7713,SPEND,-930.02,BD,18496.56,2025-04-19T19:00:00,QR
WAL_4522611a97,U_60075c7713,SPEND,-1055.6,BD,17440.96,2025-04-19T02:00:00,QR
WAL_71091cb81e,U_60075c7713,SPEND,-1947.49,BD,15493.47,2025-04-19T11:00:00,QR
WAL_34c98a0da4,U_60075c7713,SPEND,-2837.12,BD,12656.35,2025-04-19T13:00:00,QR
WAL_7acc4f2364,U_60075c7713,SPEND,-631.16,BD,12025.19,2025-04-22T20:00:00,QR
WAL_6319271a2a,U_18c8ab54aa,LOAD,12535.26,FR,12535.26,2026-01-23T07:00:00,APP
WAL_64cf2fb6be,U_18c8ab54aa,SPEND,-1326.41,FR,11208.85,2026-01-23T07:00:00,QR
WAL_f7804726d6,U_18c8ab54aa,SPEND,-1502.73,FR,9706.12,2026-01-19T09:00:00,QR
WAL_8cd95d3de0,U_18c8ab54aa,SPEND,-2065.61,FR,7640.51,2026-01-20T19:00:00,QR
WAL_ad8df23de7,U_18c8ab54aa,SPEND,-1963.14,FR,5677.37,2026-01-29T16:00:00,QR
WAL_da661a2128,U_18c8ab54aa,SPEND,-1356.76,FR,4320.61,2026-01-16T05:00:00,QR
WAL_0e9b23b254,U_18c8ab54aa,LOAD,7464.18,FR,7464.18,2025-09-18T04:00:00,APP
WAL_8f50c614dc,U_18c8ab54aa,SPEND,-1059.21,FR,6404.97,2025-09-13T11:00:00,QR
WAL_6f43820287,U_18c8ab54aa,LOAD,15542.22,FR,15542.22,2026-04-08T15:00:00,APP
WAL_b9ca86d4a2,U_18c8ab54aa,SPEND,-1251.61,FR,14290.61,2026-04-08T15:00:00,QR
WAL_333473d3e4,U_18c8ab54aa,SPEND,-2388.25,FR,11902.36,2026-04-10T12:00:00,QR
WAL_5d30335dc1,U_4999afe48a,LOAD,16275.97,BD,16275.97,2025-03-13T21:00:00,APP
WAL_9f992f9b7f,U_4999afe48a,SPEND,-817.25,BD,15458.72,2025-03-13T21:00:00,QR
WAL_4d18b6e953,U_4999afe48a,SPEND,-2588.11,BD,12870.61,2025-03-02T02:00:00,QR
WAL_fc527af6f7,U_4999afe48a,SPEND,-1615.91,BD,11254.7,2025-02-28T18:00:00,QR
WAL_32f515186b,U_4999afe48a,SPEND,-1240.45,BD,10014.25,2025-03-04T15:00:00,QR
WAL_8e085ba746,U_4999afe48a,SPEND,-3339.06,BD,6675.19,2025-03-02T04:00:00,QR
WAL_29c1a653ba,U_4999afe48a,SPEND,-4357.56,BD,2317.63,2025-03-02T03:00:00,QR
WAL_d1797dac39,U_4999afe48a,SPEND,-1226.37,BD,1091.26,2025-03-19T01:00:00,QR
WAL_c7a181f2f1,U_4999afe48a,SPEND,-2212.5,BD,-1121.24,2025-03-13T02:00:00,QR
WAL_b0d0f0a914,U_4999afe48a,LOAD,11076.38,BD,9955.14,2025-03-04T11:00:00,APP
WAL_152a221af9,U_4999afe48a,SPEND,-1701.62,BD,8253.52,2025-03-06T06:00:00,QR
WAL_501153e597,U_4999afe48a,SPEND,-679.24,BD,7574.28,2025-03-02T01:00:00,QR
WAL_11a4534021,U_a2b60fedab,LOAD,21731.2,AU,21731.2,2026-04-15T19:00:00,APP
WAL_0efce3e111,U_a2b60fedab,SPEND,-2465.75,AU,19265.45,2026-04-14T09:00:00,QR
WAL_4866f4d587,U_a2b60fedab,SPEND,-2648.06,AU,16617.39,2026-04-22T16:00:00,QR
WAL_89d84d545f,U_a2b60fedab,SPEND,-2331.15,AU,14286.24,2026-04-15T12:00:00,QR
WAL_26330d5a10,U_a2b60fedab,SPEND,-739.14,AU,13547.1,2026-04-11T02:00:00,QR
WAL_3a4b4d7b21,U_a2b60fedab,SPEND,-3582.46,AU,9964.64,2026-04-17T09:00:00,QR
WAL_9f99322a33,U_a2b60fedab,SPEND,-678.09,AU,9286.55,2026-04-19T08:00:00,QR
WAL_7b1bc1a217,U_a2b60fedab,SPEND,-1074.04,AU,8212.51,2026-04-10T06:00:00,QR
WAL_e3cd3a2b98,U_2988adc8c6,LOAD,16302.32,MY,16302.32,2026-07-14T09:00:00,APP
WAL_62a3803361,U_2988adc8c6,SPEND,-830.04,MY,15472.28,2026-07-20T03:00:00,QR
WAL_1c8d6566cf,U_2988adc8c6,SPEND,-1350.44,MY,14121.84,2026-07-19T02:00:00,QR
WAL_079d6a0310,U_2988adc8c6,SPEND,-1121.26,MY,13000.58,2026-07-16T16:00:00,QR
WAL_f8f93c631c,U_2988adc8c6,LOAD,16368.62,MY,16368.62,2025-04-04T09:00:00,APP
WAL_a43e02084c,U_2988adc8c6,SPEND,-2601.56,MY,13767.06,2025-04-04T09:00:00,QR
WAL_b8ac0a550f,U_2988adc8c6,SPEND,-693.56,MY,13073.5,2025-03-24T20:00:00,QR
WAL_dd934ddba5,U_2988adc8c6,SPEND,-2067.04,MY,11006.46,2025-04-05T19:00:00,QR
WAL_6153811566,U_2988adc8c6,LOAD,5587.52,MY,5587.52,2025-10-02T02:00:00,APP
WAL_f189a180cb,U_2988adc8c6,SPEND,-1325.03,MY,4262.49,2025-10-02T19:00:00,QR
WAL_a55a8d5281,U_2988adc8c6,LOAD,13845.92,MY,13845.92,2025-12-23T23:00:00,APP
WAL_d386148c9c,U_2988adc8c6,SPEND,-709.04,MY,13136.88,2025-12-09T03:00:00,QR
WAL_bdca9733a0,U_2988adc8c6,SPEND,-748.67,MY,12388.21,2025-12-16T06:00:00,QR
WAL_a7555defb6,U_2988adc8c6,SPEND,-357.89,MY,12030.32,2025-12-05T04:00:00,QR
WAL_26ae3cf874,U_2988adc8c6,SPEND,-1525.82,MY,10504.5,2025-12-13T01:00:00,QR
WAL_16ae08bd0b,U_216cbe5e58,LOAD,24642.86,SG,24642.86,2025-01-22T02:00:00,APP
WAL_f266e05905,U_216cbe5e58,SPEND,-1874.24,SG,22768.62,2025-01-22T02:00:00,QR
WAL_f1f7a36346,U_216cbe5e58,SPEND,-2427.68,SG,20340.94,2025-01-23T04:00:00,QR
WAL_93ce67943c,U_216cbe5e58,SPEND,-882.35,SG,19458.59,2025-01-25T03:00:00,QR
WAL_5d811bf885,U_216cbe5e58,SPEND,-1293.04,SG,18165.55,2025-01-23T11:00:00,QR
WAL_af312f4a3b,U_216cbe5e58,SPEND,-1593.02,SG,16572.53,2025-01-26T09:00:00,QR
WAL_9eda75717b,U_216cbe5e58,SPEND,-1374.82,SG,15197.71,2025-01-22T15:00:00,QR
WAL_a9524f3e5e,U_216cbe5e58,SPEND,-3193.46,SG,12004.25,2025-01-23T09:00:00,QR
WAL_d115d99dfd,U_216cbe5e58,SPEND,-2485.6,SG,9518.65,2025-01-26T05:00:00,QR
WAL_a1e92fb8a4,U_216cbe5e58,SPEND,-1352.44,SG,8166.21,2025-01-24T14:00:00,QR
WAL_0de777e0ed,U_216cbe5e58,SPEND,-1538.02,SG,6628.19,2025-01-26T08:00:00,QR
WAL_e76ff7f33e,U_216cbe5e58,SPEND,-1320.85,SG,5307.34,2025-01-23T08:00:00,QR
WAL_6fefd98627,U_818dfe78e9,LOAD,8996.75,LK,8996.75,2024-12-11T07:00:00,APP
WAL_157f2e8634,U_818dfe78e9,SPEND,-3510.95,LK,5485.8,2024-12-09T18:00:00,QR
WAL_fa6ede1e66,U_818dfe78e9,SPEND,-761.24,LK,4724.56,2024-12-08T13:00:00,QR
WAL_13e0f1076a,U_818dfe78e9,SPEND,-840.11,LK,3884.45,2024-12-12T08:00:00,QR
WAL_93ca30c944,U_818dfe78e9,SPEND,-2448.88,LK,1435.57,2024-12-12T16:00:00,QR
WAL_ce957f8bdd,U_e6302ae3a8,LOAD,9631.53,REST,9631.53,2026-06-10T09:00:00,APP
WAL_c4c2c94b10,U_e6302ae3a8,SPEND,-740.84,REST,8890.69,2026-06-10T09:00:00,QR
WAL_a4e1eb5e4b,U_e6302ae3a8,SPEND,-862.24,REST,8028.45,2026-06-11T13:00:00,QR
WAL_34e0460ef6,U_e6302ae3a8,SPEND,-1622.31,REST,6406.14,2026-06-08T19:00:00,QR
WAL_89bf0de9d0,U_e6302ae3a8,SPEND,-2754.74,REST,3651.4,2026-06-11T20:00:00,QR
WAL_870bcf88fa,U_e6302ae3a8,SPEND,-673.04,REST,2978.36,2026-06-07T23:00:00,QR
WAL_e1139b1e43,U_e6302ae3a8,SPEND,-901.33,REST,2077.03,2026-06-07T20:00:00,QR
WAL_092ee69694,U_e6302ae3a8,SPEND,-1555.11,REST,521.92,2026-06-10T12:00:00,QR
WAL_241f418a65,U_e6302ae3a8,SPEND,-1659.03,REST,-1137.11,2026-06-09T21:00:00,QR
WAL_b52545c3cd,U_e6302ae3a8,LOAD,21892.58,REST,20755.47,2026-06-08T20:00:00,APP
WAL_4cabd6824e,U_e6302ae3a8,SPEND,-1092.93,REST,19662.54,2026-06-07T02:00:00,QR
WAL_e7e2b35574,U_e6302ae3a8,SPEND,-813.4,REST,18849.14,2026-06-07T05:00:00,QR
WAL_7bb7d1e9c6,U_3a101a990a,LOAD,9261.11,AE,9261.11,2026-03-07T13:00:00,APP
WAL_c93828b652,U_3a101a990a,SPEND,-1453.98,AE,7807.13,2026-03-07T13:00:00,QR
WAL_13cccb8860,U_3a101a990a,SPEND,-855.77,AE,6951.36,2026-03-08T21:00:00,QR
WAL_6083ecd447,U_3a101a990a,SPEND,-1128.15,AE,5823.21,2026-03-12T17:00:00,QR
WAL_d51fbe9e7c,U_3a101a990a,SPEND,-2663.4,AE,3159.81,2026-03-17T01:00:00,QR
WAL_db1d166900,U_3a101a990a,SPEND,-969.99,AE,2189.82,2026-03-20T17:00:00,QR
WAL_7679a4708b,U_3a101a990a,SPEND,-1702.08,AE,487.74,2026-03-22T05:00:00,QR
WAL_a9c6860663,U_3a101a990a,SPEND,-3502.22,AE,-3014.48,2026-03-17T12:00:00,QR
WAL_d3fa4422a5,U_3a101a990a,LOAD,4589.12,AE,1574.65,2026-03-08T10:00:00,APP
WAL_b29646a8b0,U_3a101a990a,SPEND,-2849.64,AE,-1274.99,2026-03-08T10:00:00,QR
WAL_d80f735ae5,U_aadfbb7387,LOAD,8254.06,REST,8254.06,2026-01-26T05:00:00,APP
WAL_02e5327c16,U_aadfbb7387,SPEND,-1138.58,REST,7115.48,2026-01-26T05:00:00,QR
WAL_dd45803634,U_aadfbb7387,SPEND,-1111.15,REST,6004.33,2026-01-24T08:00:00,QR
WAL_1db031808f,U_aadfbb7387,SPEND,-1330.68,REST,4673.65,2026-01-23T02:00:00,QR
WAL_fbf19b5d2f,U_aadfbb7387,SPEND,-947.14,REST,3726.51,2026-01-23T01:00:00,QR
WAL_873d218b44,U_f653af9a6c,LOAD,3744.38,GB,3744.38,2025-11-02T05:00:00,APP
WAL_b7b563d447,U_f653af9a6c,SPEND,-1304.94,GB,2439.44,2025-11-02T05:00:00,QR
WAL_4f58eb3f1e,U_f653af9a6c,SPEND,-1443.85,GB,995.59,2025-10-28T02:00:00,QR
WAL_816733a22c,U_f653af9a6c,SPEND,-1555.77,GB,-560.18,2025-10-27T02:00:00,QR
WAL_d43133e726,U_f653af9a6c,LOAD,8940.01,GB,8379.83,2025-11-06T12:00:00,APP
WAL_394903d1c9,U_f653af9a6c,SPEND,-1490.13,GB,6889.7,2025-11-06T12:00:00,QR
WAL_c59a68cd59,U_f653af9a6c,SPEND,-1435.77,GB,5453.93,2025-11-04T03:00:00,QR
WAL_73c1e42531,U_f653af9a6c,SPEND,-5467.66,GB,-13.73,2025-10-30T08:00:00,QR
WAL_5283350c6c,U_f653af9a6c,LOAD,19049.24,GB,19035.51,2025-10-31T10:00:00,APP
WAL_53970fe096,U_f653af9a6c,SPEND,-1694.97,GB,17340.54,2025-10-31T10:00:00,QR
WAL_2d1cda74dd,U_f653af9a6c,SPEND,-1336.24,GB,16004.3,2025-11-04T15:00:00,QR
WAL_af87992996,U_f653af9a6c,SPEND,-3072.48,GB,12931.82,2025-10-27T11:00:00,QR
WAL_716c95b904,U_f653af9a6c,SPEND,-1992.04,GB,10939.78,2025-10-27T18:00:00,QR
WAL_72ecac077f,U_f653af9a6c,LOAD,21127.0,GB,21127.0,2026-05-01T19:00:00,APP
WAL_5522e11cd9,U_f653af9a6c,SPEND,-2476.29,GB,18650.71,2026-04-24T15:00:00,QR
WAL_c14e58098f,U_f653af9a6c,LOAD,22301.3,GB,22301.3,2025-06-21T02:00:00,APP
WAL_335191fe99,U_f653af9a6c,SPEND,-1035.43,GB,21265.87,2025-06-21T02:00:00,QR
WAL_3bbb426237,U_f653af9a6c,SPEND,-1783.84,GB,19482.03,2025-06-20T09:00:00,QR
WAL_7c09afd0df,U_f653af9a6c,SPEND,-1744.25,GB,17737.78,2025-06-15T16:00:00,QR
WAL_24a3ae7aae,U_f653af9a6c,SPEND,-1514.94,GB,16222.84,2025-06-16T15:00:00,QR
WAL_d32fe958cd,U_f653af9a6c,SPEND,-626.55,GB,15596.29,2025-06-09T13:00:00,QR
WAL_2336f367f0,U_f653af9a6c,SPEND,-1720.51,GB,13875.78,2025-06-10T03:00:00,QR
WAL_e97df0147d,U_f653af9a6c,SPEND,-3711.93,GB,10163.85,2025-06-16T21:00:00,QR
WAL_d9c4f863a7,U_f653af9a6c,SPEND,-1975.28,GB,8188.57,2025-06-14T03:00:00,QR
WAL_64928ff4dc,U_f653af9a6c,SPEND,-2470.38,GB,5718.19,2025-06-20T10:00:00,QR
WAL_df7a33f380,U_f653af9a6c,SPEND,-3174.94,GB,2543.25,2025-06-21T04:00:00,QR
WAL_3acbd361b6,U_f653af9a6c,SPEND,-1260.55,GB,1282.7,2025-06-16T17:00:00,QR
WAL_431999ad83,U_e5d3198bed,LOAD,17185.82,AU,17185.82,2026-05-12T10:00:00,APP
WAL_957bd78bfc,U_e5d3198bed,SPEND,-2098.4,AU,15087.42,2026-05-12T09:00:00,QR
WAL_9a5be7f8cf,U_e5d3198bed,SPEND,-1133.15,AU,13954.27,2026-05-11T02:00:00,QR
WAL_6e2a830142,U_e5d3198bed,SPEND,-2051.91,AU,11902.36,2026-05-14T03:00:00,QR
WAL_f3c1d0ec9f,U_e5d3198bed,SPEND,-2279.04,AU,9623.32,2026-05-12T14:00:00,QR
WAL_d1c83f6e8c,U_e5d3198bed,SPEND,-516.84,AU,9106.48,2026-05-01T06:00:00,QR
WAL_d378549271,U_e5d3198bed,SPEND,-826.23,AU,8280.25,2026-05-10T16:00:00,QR
WAL_a77adaafa6,U_e5d3198bed,SPEND,-674.14,AU,7606.11,2026-05-07T02:00:00,QR
WAL_25872b46fe,U_e5d3198bed,SPEND,-1896.75,AU,5709.36,2026-05-02T09:00:00,QR
WAL_f8fd0fb59b,U_e5d3198bed,SPEND,-1182.58,AU,4526.78,2026-05-08T05:00:00,QR
WAL_2c9c402562,U_e5d3198bed,SPEND,-1608.98,AU,2917.8,2026-05-07T08:00:00,QR
WAL_b12792a8ae,U_e5d3198bed,SPEND,-1149.68,AU,1768.12,2026-05-13T02:00:00,QR
WAL_aa28d29c91,U_e5d3198bed,LOAD,3909.6,AU,3909.6,2026-07-08T02:00:00,APP
WAL_dc1be1f414,U_e5d3198bed,SPEND,-2947.3,AU,962.3,2026-07-09T14:00:00,QR
WAL_9c9e05ed08,U_e5d3198bed,SPEND,-1170.28,AU,-207.98,2026-07-09T04:00:00,QR
WAL_3f8c8f4122,U_e5d3198bed,LOAD,2671.65,AU,2463.67,2026-07-10T20:00:00,APP
WAL_9388ef5334,U_e5d3198bed,SPEND,-1405.0,AU,1058.67,2026-07-11T04:00:00,QR
WAL_8dee420721,U_e5d3198bed,SPEND,-913.44,AU,145.23,2026-07-11T08:00:00,QR
WAL_31a8f812a4,U_e5d3198bed,SPEND,-775.56,AU,-630.33,2026-07-09T02:00:00,QR
WAL_5e46195feb,U_b3c3598c43,LOAD,15498.57,DE,15498.57,2025-01-10T00:00:00,APP
WAL_c4734fe6ad,U_b3c3598c43,SPEND,-1144.38,DE,14354.19,2025-01-10T00:00:00,QR
WAL_6c1336a788,U_b3c3598c43,SPEND,-1108.8,DE,13245.39,2025-01-07T15:00:00,QR
WAL_cb2f7bc2ea,U_b3c3598c43,SPEND,-1330.21,DE,11915.18,2025-01-04T13:00:00,QR
WAL_e69e42583f,U_b3c3598c43,LOAD,16919.75,DE,16919.75,2026-04-03T17:00:00,APP
WAL_68a9b15da2,U_b3c3598c43,SPEND,-1306.86,DE,15612.89,2026-04-03T17:00:00,QR
WAL_95a8aa1656,U_b3c3598c43,SPEND,-160.4,DE,15452.49,2026-04-08T17:00:00,QR
WAL_9930b3f57e,U_b3c3598c43,SPEND,-1748.17,DE,13704.32,2026-03-29T14:00:00,QR
WAL_8d61e1ffa4,U_b3c3598c43,SPEND,-1702.16,DE,12002.16,2026-04-07T09:00:00,QR
WAL_41dcaf4472,U_b3c3598c43,SPEND,-2134.51,DE,9867.65,2026-04-01T04:00:00,QR
WAL_750359adbc,U_1592e8b297,LOAD,24549.18,SG,24549.18,2024-09-11T04:00:00,APP
WAL_eee2f4c3c4,U_1592e8b297,SPEND,-1282.73,SG,23266.45,2024-09-02T03:00:00,QR
WAL_585a3a6725,U_1592e8b297,SPEND,-574.37,SG,22692.08,2024-09-07T17:00:00,QR
WAL_66abc79212,U_1592e8b297,SPEND,-2989.53,SG,19702.55,2024-09-14T23:00:00,QR
WAL_bbf4f0c6f2,U_1592e8b297,SPEND,-5176.12,SG,14526.43,2024-09-12T02:00:00,QR
WAL_637d657e43,U_1592e8b297,SPEND,-4894.86,SG,9631.57,2024-09-03T10:00:00,QR
WAL_14d6456d53,U_1592e8b297,SPEND,-438.93,SG,9192.64,2024-09-08T15:00:00,QR
WAL_71ff187ebc,U_1592e8b297,SPEND,-1115.38,SG,8077.26,2024-09-07T22:00:00,QR
WAL_0610a3e894,U_f8e13c734f,LOAD,7169.17,REST,7169.17,2026-01-21T04:00:00,APP
WAL_5bc7a4f311,U_f8e13c734f,SPEND,-1927.19,REST,5241.98,2026-01-19T14:00:00,QR
WAL_354e887316,U_f8e13c734f,SPEND,-2123.11,REST,3118.87,2026-01-20T04:00:00,QR
WAL_180415fdce,U_f8e13c734f,SPEND,-2097.27,REST,1021.6,2026-01-16T15:00:00,QR
WAL_b27a430247,U_f8e13c734f,SPEND,-1294.59,REST,-272.99,2026-01-17T10:00:00,QR
WAL_504720dfaa,U_f8e13c734f,LOAD,5329.41,REST,5329.41,2026-02-12T05:00:00,APP
WAL_d484de0aa8,U_f8e13c734f,SPEND,-3976.84,REST,1352.57,2026-02-12T05:00:00,QR
WAL_79bdabb41b,U_f8e13c734f,SPEND,-1292.18,REST,60.39,2026-02-21T09:00:00,QR
WAL_0caa958e27,U_f8e13c734f,LOAD,8850.83,REST,8850.83,2025-11-25T12:00:00,APP
WAL_368c39c174,U_f8e13c734f,SPEND,-4643.58,REST,4207.25,2025-11-25T12:00:00,QR
WAL_0edd313ed4,U_f8e13c734f,SPEND,-2111.04,REST,2096.21,2025-11-18T23:00:00,QR
WAL_566fdb9101,U_f8e13c734f,LOAD,21148.52,REST,21148.52,2025-12-29T22:00:00,APP
WAL_f6db260f46,U_f8e13c734f,SPEND,-925.06,REST,20223.46,2025-12-31T01:00:00,QR
WAL_eb1900fb31,U_f8e13c734f,SPEND,-472.6,REST,19750.86,2025-12-28T07:00:00,QR
WAL_a227fe971b,U_7da4f8c789,LOAD,13406.29,SG,13406.29,2024-08-29T18:00:00,APP
WAL_66f7bda820,U_7da4f8c789,SPEND,-774.16,SG,12632.13,2024-08-29T18:00:00,QR
WAL_f42544d88d,U_7da4f8c789,SPEND,-1812.94,SG,10819.19,2024-09-03T07:00:00,QR
WAL_8486b312c4,U_7da4f8c789,SPEND,-291.24,SG,10527.95,2024-08-21T10:00:00,QR
WAL_718697d27b,U_7da4f8c789,SPEND,-1327.52,SG,9200.43,2024-08-24T14:00:00,QR
WAL_78009c2b29,U_7da4f8c789,SPEND,-1477.17,SG,7723.26,2024-08-29T01:00:00,QR
WAL_df0274a4cd,U_7da4f8c789,LOAD,8075.33,SG,8075.33,2025-03-13T18:00:00,APP
WAL_80324bf71e,U_7da4f8c789,SPEND,-1715.76,SG,6359.57,2025-03-13T18:00:00,QR
WAL_9a18cb9669,U_7da4f8c789,SPEND,-1090.59,SG,5268.98,2025-03-12T07:00:00,QR
WAL_118024af2a,U_7da4f8c789,SPEND,-2236.38,SG,3032.6,2025-03-02T16:00:00,QR
WAL_cb37db8a95,U_0f9f7ee78e,LOAD,20345.98,AE,20345.98,2026-05-21T04:00:00,APP
WAL_d7601109ca,U_0f9f7ee78e,SPEND,-3305.78,AE,17040.2,2026-05-21T04:00:00,QR
WAL_3951179c26,U_0f9f7ee78e,LOAD,4845.12,AE,4845.12,2025-05-24T00:00:00,APP
WAL_1c7ae1d940,U_0f9f7ee78e,SPEND,-1765.27,AE,3079.85,2025-05-28T15:00:00,QR
WAL_2b98555c5d,U_0f9f7ee78e,SPEND,-1756.94,AE,1322.91,2025-05-23T11:00:00,QR
WAL_a51de19268,U_0f9f7ee78e,SPEND,-1656.54,AE,-333.63,2025-05-28T01:00:00,QR
WAL_eaadb591e2,U_0f9f7ee78e,LOAD,6714.84,AE,6381.21,2025-05-29T21:00:00,APP
WAL_67b6ede60b,U_0f9f7ee78e,SPEND,-1709.34,AE,4671.87,2025-05-29T21:00:00,QR
WAL_1525edb8e0,U_015d3da4bf,LOAD,2361.25,GB,2361.25,2026-04-18T22:00:00,APP
WAL_cf5533cf40,U_015d3da4bf,SPEND,-586.11,GB,1775.14,2026-04-18T22:00:00,QR
WAL_e4c9b8be18,U_015d3da4bf,SPEND,-322.6,GB,1452.54,2026-04-14T22:00:00,QR
WAL_820fb6f63d,U_015d3da4bf,SPEND,-3566.42,GB,-2113.88,2026-04-06T06:00:00,QR
WAL_0e4cb73404,U_015d3da4bf,LOAD,11858.27,GB,9744.39,2026-04-13T16:00:00,APP
WAL_54de3d6cbf,U_015d3da4bf,SPEND,-2693.33,GB,7051.06,2026-04-13T16:00:00,QR
WAL_86739e37cc,U_015d3da4bf,SPEND,-960.63,GB,6090.43,2026-04-20T09:00:00,QR
WAL_6bb8d43d1c,U_015d3da4bf,SPEND,-1586.27,GB,4504.16,2026-04-05T06:00:00,QR
WAL_75a4e53fb1,U_015d3da4bf,LOAD,11644.12,GB,11644.12,2025-02-06T02:00:00,APP
WAL_7bb1c197b2,U_015d3da4bf,SPEND,-1582.62,GB,10061.5,2025-02-06T02:00:00,QR
WAL_fac5dd7bec,U_015d3da4bf,SPEND,-1184.23,GB,8877.27,2025-02-11T00:00:00,QR
WAL_7ce365ad63,U_015d3da4bf,SPEND,-2035.73,GB,6841.54,2025-02-06T23:00:00,QR
WAL_5a8900ffc8,U_015d3da4bf,SPEND,-3183.61,GB,3657.93,2025-02-09T20:00:00,QR
WAL_36cfda754c,U_015d3da4bf,LOAD,4144.16,GB,4144.16,2025-09-05T16:00:00,APP
WAL_3c2e7bd53a,U_015d3da4bf,SPEND,-2183.86,GB,1960.3,2025-09-05T16:00:00,QR
WAL_7954d03559,U_015d3da4bf,SPEND,-2595.08,GB,-634.78,2025-08-23T21:00:00,QR
WAL_75d4ccf19c,U_015d3da4bf,LOAD,24764.28,GB,24129.5,2025-08-30T00:00:00,APP
WAL_04a75c7114,U_015d3da4bf,SPEND,-2252.23,GB,21877.27,2025-08-30T00:00:00,QR
WAL_ec5fadb710,U_2d3a7e1854,LOAD,8170.26,GB,8170.26,2025-01-12T00:00:00,APP
WAL_ef61883d57,U_2d3a7e1854,SPEND,-1596.12,GB,6574.14,2025-01-12T00:00:00,QR
WAL_f09a678d74,U_2d3a7e1854,SPEND,-1889.84,GB,4684.3,2025-01-15T17:00:00,QR
WAL_a6f8171ca9,U_2d3a7e1854,SPEND,-2987.09,GB,1697.21,2025-01-05T14:00:00,QR
WAL_48b35fbc28,U_2d3a7e1854,SPEND,-1298.95,GB,398.26,2025-01-06T12:00:00,QR
WAL_79bca8449a,U_2d3a7e1854,SPEND,-1205.38,GB,-807.12,2025-01-14T10:00:00,QR
WAL_63132e398e,U_2d3a7e1854,LOAD,14714.29,GB,13907.17,2025-01-01T10:00:00,APP
WAL_d3563a96a5,U_2d3a7e1854,SPEND,-811.78,GB,13095.39,2025-01-06T06:00:00,QR
WAL_b4d9f40c1c,U_2d3a7e1854,SPEND,-1618.59,GB,11476.8,2025-01-03T02:00:00,QR
WAL_351bcfa92d,U_2d3a7e1854,SPEND,-1356.29,GB,10120.51,2025-01-11T14:00:00,QR
WAL_c13bb46190,U_2d3a7e1854,SPEND,-5943.76,GB,4176.75,2025-01-14T06:00:00,QR
WAL_01f57ffaac,U_2d3a7e1854,SPEND,-718.45,GB,3458.3,2024-12-31T05:00:00,QR
WAL_d117b28b7c,U_8cbc24c8ef,LOAD,15162.17,CA,15162.17,2025-11-14T15:00:00,APP
WAL_c0827ffa89,U_8cbc24c8ef,SPEND,-1027.14,CA,14135.03,2025-11-14T15:00:00,QR
WAL_52a1e60dd6,U_8cbc24c8ef,SPEND,-3367.15,CA,10767.88,2025-11-14T10:00:00,QR
WAL_00f2aac221,U_8cbc24c8ef,SPEND,-685.53,CA,10082.35,2025-11-10T00:00:00,QR
WAL_8c25818402,U_8cbc24c8ef,SPEND,-1656.71,CA,8425.64,2025-11-02T00:00:00,QR
WAL_3a0331741c,U_8cbc24c8ef,SPEND,-2857.12,CA,5568.52,2025-11-14T00:00:00,QR
WAL_9d32d170d7,U_8cbc24c8ef,SPEND,-1625.11,CA,3943.41,2025-11-02T04:00:00,QR
WAL_99196e7ca7,U_8cbc24c8ef,SPEND,-3427.29,CA,516.12,2025-11-04T04:00:00,QR
WAL_f9c14f6e9b,U_8cbc24c8ef,SPEND,-1804.66,CA,-1288.54,2025-11-10T15:00:00,QR
WAL_5312025cc7,U_8cbc24c8ef,LOAD,10568.32,CA,9279.78,2025-10-31T17:00:00,APP
WAL_ea2c79ac75,U_8cbc24c8ef,SPEND,-1831.23,CA,7448.55,2025-11-01T15:00:00,QR
WAL_87472cbf22,U_bfaff90628,LOAD,15424.76,BD,15424.76,2025-10-13T01:00:00,APP
WAL_e070c7631a,U_bfaff90628,SPEND,-751.61,BD,14673.15,2025-10-14T15:00:00,QR
WAL_0d8ded8cad,U_bfaff90628,SPEND,-1027.34,BD,13645.81,2025-10-27T04:00:00,QR
WAL_99a52ac1e8,U_bfaff90628,SPEND,-1131.25,BD,12514.56,2025-10-30T09:00:00,QR
WAL_32078cafb2,U_7ec81be4e6,LOAD,21786.13,GB,21786.13,2024-08-22T03:00:00,APP
WAL_f78d46abfb,U_7ec81be4e6,SPEND,-1284.73,GB,20501.4,2024-08-22T03:00:00,QR
WAL_0f28083298,U_7ec81be4e6,SPEND,-1586.87,GB,18914.53,2024-08-28T04:00:00,QR
WAL_2f1767667a,U_7ec81be4e6,SPEND,-3347.91,GB,15566.62,2024-08-24T15:00:00,QR
WAL_0c67aeeeb2,U_7ec81be4e6,SPEND,-972.34,GB,14594.28,2024-08-22T22:00:00,QR
WAL_4aa63a53a5,U_7ec81be4e6,SPEND,-642.81,GB,13951.47,2024-08-22T02:00:00,QR
WAL_6f17022eb6,U_7ec81be4e6,SPEND,-2680.07,GB,11271.4,2024-08-25T17:00:00,QR
WAL_1664f4dfa5,U_7ec81be4e6,SPEND,-1301.27,GB,9970.13,2024-08-28T04:00:00,QR
WAL_245f3adb83,U_7ec81be4e6,SPEND,-2392.49,GB,7577.64,2024-08-20T04:00:00,QR
WAL_eb8ddbd859,U_7ec81be4e6,SPEND,-742.33,GB,6835.31,2024-08-24T09:00:00,QR
WAL_a446ef703c,U_7ec81be4e6,SPEND,-1726.71,GB,5108.6,2024-08-20T11:00:00,QR
WAL_d3d4a67ef6,U_7ec81be4e6,SPEND,-1452.49,GB,3656.11,2024-08-26T01:00:00,QR
WAL_ddde989351,U_7ec81be4e6,SPEND,-1148.16,GB,2507.95,2024-08-24T01:00:00,QR
WAL_d0aae72539,U_7ec81be4e6,SPEND,-1481.1,GB,1026.85,2024-08-22T12:00:00,QR
WAL_56ede07828,U_7ec81be4e6,LOAD,8258.72,GB,8258.72,2024-12-11T03:00:00,APP
WAL_d2b9ec6107,U_7ec81be4e6,SPEND,-2206.97,GB,6051.75,2024-12-11T03:00:00,QR
WAL_b4556f7ed5,U_7ec81be4e6,SPEND,-1529.87,GB,4521.88,2024-12-20T04:00:00,QR
WAL_919e1d74e3,U_7ec81be4e6,SPEND,-1049.23,GB,3472.65,2024-12-11T06:00:00,QR
WAL_81a766fb0e,U_7ec81be4e6,SPEND,-1228.53,GB,2244.12,2024-12-14T22:00:00,QR
WAL_fca0b800e3,U_7ec81be4e6,SPEND,-1574.54,GB,669.58,2024-12-17T22:00:00,QR
WAL_b3742d0795,U_7ec81be4e6,SPEND,-1840.77,GB,-1171.19,2024-12-04T19:00:00,QR
WAL_c2c05c30c9,U_7ec81be4e6,LOAD,8245.22,GB,7074.03,2024-12-17T18:00:00,APP
WAL_cdc7d9bbf2,U_7ec81be4e6,SPEND,-843.75,GB,6230.28,2024-12-17T18:00:00,QR
WAL_10d6c40853,U_7ec81be4e6,SPEND,-2266.93,GB,3963.35,2024-12-04T11:00:00,QR
WAL_69d1d99048,U_7ec81be4e6,LOAD,15368.35,GB,15368.35,2026-06-30T17:00:00,APP
WAL_68f4998cbb,U_7ec81be4e6,SPEND,-1453.8,GB,13914.55,2026-07-05T16:00:00,QR
WAL_3c1af6bf36,U_7ec81be4e6,SPEND,-1318.68,GB,12595.87,2026-07-12T19:00:00,QR
WAL_eb66f593e8,U_7ec81be4e6,SPEND,-2474.56,GB,10121.31,2026-07-08T11:00:00,QR
WAL_2e0270aa24,U_7ec81be4e6,SPEND,-1662.38,GB,8458.93,2026-06-30T21:00:00,QR
WAL_c36b01ad6c,U_7ec81be4e6,SPEND,-899.2,GB,7559.73,2026-06-30T01:00:00,QR
WAL_ae0f528bd1,U_7ec81be4e6,SPEND,-1234.77,GB,6324.96,2026-07-09T10:00:00,QR
WAL_3e445fe1a7,U_7ec81be4e6,SPEND,-2116.07,GB,4208.89,2026-07-03T09:00:00,QR
WAL_a5bec1b5db,U_88cb5f0079,LOAD,11124.07,MY,11124.07,2025-08-31T05:00:00,APP
WAL_519c03ceb2,U_88cb5f0079,SPEND,-1260.16,MY,9863.91,2025-08-31T05:00:00,QR
WAL_f25d1fd537,U_88cb5f0079,SPEND,-1258.49,MY,8605.42,2025-09-01T11:00:00,QR
WAL_3a43efc8c1,U_36d2551c8b,LOAD,4432.19,REST,4432.19,2024-11-19T15:00:00,APP
WAL_671081301d,U_36d2551c8b,SPEND,-2751.43,REST,1680.76,2024-11-19T15:00:00,QR
WAL_de752675ee,U_36d2551c8b,SPEND,-1469.88,REST,210.88,2024-11-21T15:00:00,QR
WAL_97290f2aaa,U_36d2551c8b,SPEND,-2936.4,REST,-2725.52,2024-11-24T21:00:00,QR
WAL_25401c2681,U_36d2551c8b,LOAD,12788.89,REST,10063.37,2024-11-21T18:00:00,APP
WAL_1786a31c24,U_36d2551c8b,SPEND,-1638.23,REST,8425.14,2024-11-21T18:00:00,QR
WAL_3c19cdc57a,U_36d2551c8b,SPEND,-1594.07,REST,6831.07,2024-11-28T16:00:00,QR
WAL_ae01ba3f7c,U_36d2551c8b,SPEND,-901.39,REST,5929.68,2024-11-27T21:00:00,QR
WAL_1c3c6efa29,U_36d2551c8b,SPEND,-3394.99,REST,2534.69,2024-11-12T03:00:00,QR
WAL_fb3f5bdd48,U_36d2551c8b,SPEND,-856.2,REST,1678.49,2024-11-18T19:00:00,QR
WAL_f8363fa63e,U_36d2551c8b,SPEND,-1132.44,REST,546.05,2024-11-29T04:00:00,QR
WAL_61af7618e8,U_36d2551c8b,LOAD,13708.87,REST,13708.87,2026-03-12T05:00:00,APP
WAL_73aae9f657,U_36d2551c8b,SPEND,-2321.45,REST,11387.42,2026-03-12T05:00:00,QR
WAL_944ae1b894,U_36d2551c8b,SPEND,-1315.49,REST,10071.93,2026-03-22T13:00:00,QR
WAL_fdc57b2125,U_36d2551c8b,LOAD,17334.52,REST,17334.52,2024-12-24T04:00:00,APP
WAL_9b6d18b0b8,U_36d2551c8b,SPEND,-6884.4,REST,10450.12,2024-12-24T04:00:00,QR
WAL_3aa7c2c564,U_36d2551c8b,SPEND,-1164.75,REST,9285.37,2024-12-23T02:00:00,QR
WAL_579fc0ef63,U_36d2551c8b,SPEND,-2422.5,REST,6862.87,2024-12-23T09:00:00,QR
WAL_2024cfe906,U_36d2551c8b,SPEND,-1470.45,REST,5392.42,2024-12-24T16:00:00,QR
WAL_b6179475dd,U_36d2551c8b,SPEND,-2249.89,REST,3142.53,2024-12-24T01:00:00,QR
WAL_d3f52a8a6f,U_36d2551c8b,SPEND,-1506.25,REST,1636.28,2024-12-21T07:00:00,QR
WAL_c1f96ca45c,U_36d2551c8b,SPEND,-1263.37,REST,372.91,2024-12-21T02:00:00,QR
WAL_9d855157d7,U_85a5b0a3ad,LOAD,11963.76,REST,11963.76,2024-11-23T16:00:00,APP
WAL_2939d6f656,U_85a5b0a3ad,SPEND,-1100.47,REST,10863.29,2024-11-22T00:00:00,QR
WAL_b2a6b99797,U_85a5b0a3ad,SPEND,-505.15,REST,10358.14,2024-11-23T23:00:00,QR
WAL_90a342546e,U_85a5b0a3ad,SPEND,-567.68,REST,9790.46,2024-11-21T18:00:00,QR
WAL_4beb8513d6,U_85a5b0a3ad,SPEND,-1765.55,REST,8024.91,2024-11-22T06:00:00,QR
WAL_12e1ca7fcf,U_85a5b0a3ad,SPEND,-1207.81,REST,6817.1,2024-11-22T03:00:00,QR
WAL_54fde49a35,U_85a5b0a3ad,SPEND,-665.11,REST,6151.99,2024-11-21T21:00:00,QR
WAL_e1e884ba6c,U_85a5b0a3ad,SPEND,-1096.43,REST,5055.56,2024-11-20T17:00:00,QR
WAL_6c92827de9,U_85a5b0a3ad,SPEND,-454.04,REST,4601.52,2024-11-22T06:00:00,QR
WAL_6f0f2f859a,U_85a5b0a3ad,SPEND,-788.39,REST,3813.13,2024-11-23T09:00:00,QR
WAL_23db77cba4,U_85a5b0a3ad,SPEND,-965.58,REST,2847.55,2024-11-23T07:00:00,QR
WAL_6598f629a3,U_85a5b0a3ad,SPEND,-1084.41,REST,1763.14,2024-11-20T08:00:00,QR
WAL_344caf4392,U_85a5b0a3ad,LOAD,17341.75,REST,17341.75,2026-04-08T09:00:00,APP
WAL_7c0761070a,U_85a5b0a3ad,SPEND,-1977.49,REST,15364.26,2026-04-14T21:00:00,QR
WAL_47d102afa5,U_85a5b0a3ad,SPEND,-769.34,REST,14594.92,2026-04-10T04:00:00,QR
WAL_19da0577b9,U_85a5b0a3ad,SPEND,-336.48,REST,14258.44,2026-04-10T13:00:00,QR
WAL_2769911e90,U_85a5b0a3ad,SPEND,-814.76,REST,13443.68,2026-04-12T20:00:00,QR
WAL_566e73cb55,U_85a5b0a3ad,SPEND,-1841.99,REST,11601.69,2026-04-12T15:00:00,QR
WAL_7169adc864,U_2159aa305b,LOAD,11175.25,BD,11175.25,2026-01-11T13:00:00,APP
WAL_9d98de2d90,U_2159aa305b,SPEND,-1741.66,BD,9433.59,2026-01-11T13:00:00,QR
WAL_5ede920cd7,U_2159aa305b,SPEND,-1485.09,BD,7948.5,2026-01-08T21:00:00,QR
WAL_bd0c40ba11,U_2159aa305b,SPEND,-2299.74,BD,5648.76,2026-01-25T10:00:00,QR
WAL_2addd066d6,U_2159aa305b,SPEND,-549.85,BD,5098.91,2026-01-09T10:00:00,QR
WAL_0f689b1800,U_2159aa305b,SPEND,-1522.54,BD,3576.37,2026-01-21T11:00:00,QR
WAL_75daef07af,U_2159aa305b,SPEND,-2067.63,BD,1508.74,2026-01-20T08:00:00,QR
WAL_e8a09cf704,U_cac43599b7,LOAD,16859.67,REST,16859.67,2024-12-12T23:00:00,APP
WAL_6332b39cd9,U_cac43599b7,SPEND,-4355.69,REST,12503.98,2024-12-24T19:00:00,QR
WAL_86d3cd5f9d,U_cac43599b7,SPEND,-887.75,REST,11616.23,2024-12-15T23:00:00,QR
WAL_65505367c5,U_cac43599b7,SPEND,-2368.75,REST,9247.48,2024-12-14T03:00:00,QR
WAL_159b3ce995,U_cac43599b7,SPEND,-1399.31,REST,7848.17,2024-12-19T06:00:00,QR
WAL_1494e1651f,U_cac43599b7,SPEND,-283.19,REST,7564.98,2024-12-12T11:00:00,QR
WAL_b17f1cf5bb,U_cac43599b7,SPEND,-2220.66,REST,5344.32,2024-12-17T23:00:00,QR
WAL_d04f90274e,U_cac43599b7,SPEND,-1793.12,REST,3551.2,2024-12-22T17:00:00,QR
WAL_56642434ad,U_cac43599b7,SPEND,-747.61,REST,2803.59,2024-12-21T19:00:00,QR
WAL_baf706d6b3,U_cac43599b7,SPEND,-1345.67,REST,1457.92,2024-12-25T05:00:00,QR
WAL_53f4cdd3b6,U_cac43599b7,SPEND,-1444.04,REST,13.88,2024-12-12T01:00:00,QR
WAL_994750bbe4,U_cac43599b7,SPEND,-1191.84,REST,-1177.96,2024-12-15T10:00:00,QR
WAL_3946c9699c,U_7d2c843dbc,LOAD,5932.37,DE,5932.37,2024-10-21T03:00:00,APP
WAL_9b22f21f8c,U_7d2c843dbc,SPEND,-2144.26,DE,3788.11,2024-10-22T06:00:00,QR
WAL_d7f288ebf9,U_329e1a8ee0,LOAD,9032.07,REST,9032.07,2026-02-16T18:00:00,APP
WAL_96efd1dc97,U_4f1e2c29b6,LOAD,14642.64,FR,14642.64,2026-07-09T17:00:00,APP
WAL_338137b72a,U_4f1e2c29b6,SPEND,-951.52,FR,13691.12,2026-07-09T17:00:00,QR
WAL_930f21df07,U_4f1e2c29b6,SPEND,-2434.88,FR,11256.24,2026-07-08T00:00:00,QR
WAL_eacf72a853,U_4f1e2c29b6,SPEND,-4264.94,FR,6991.3,2026-07-08T11:00:00,QR
WAL_b223a836d6,U_4f1e2c29b6,SPEND,-1154.1,FR,5837.2,2026-07-10T08:00:00,QR
WAL_cececabe7b,U_6eee343bae,LOAD,24095.9,REST,24095.9,2026-03-22T09:00:00,APP
WAL_912369ef88,U_6eee343bae,SPEND,-923.78,REST,23172.12,2026-03-30T13:00:00,QR
WAL_03940b957a,U_6eee343bae,SPEND,-4593.41,REST,18578.71,2026-03-17T13:00:00,QR
WAL_d56d33346a,U_6eee343bae,SPEND,-1982.61,REST,16596.1,2026-03-29T02:00:00,QR
WAL_4c2a28f4b7,U_6eee343bae,SPEND,-1365.9,REST,15230.2,2026-03-25T14:00:00,QR
WAL_fa0dd39a5e,U_6eee343bae,SPEND,-760.62,REST,14469.58,2026-03-24T03:00:00,QR
WAL_fee4b0c65e,U_6eee343bae,SPEND,-1348.98,REST,13120.6,2026-03-19T11:00:00,QR
WAL_cb37cfb9f0,U_df5dd0ac6a,LOAD,9682.93,SG,9682.93,2026-02-24T10:00:00,APP
WAL_ed7d694078,U_df5dd0ac6a,SPEND,-3602.95,SG,6079.98,2026-02-24T10:00:00,QR
WAL_d43d0e5715,U_df5dd0ac6a,SPEND,-929.97,SG,5150.01,2026-03-03T11:00:00,QR
WAL_24370e5210,U_df5dd0ac6a,SPEND,-1795.36,SG,3354.65,2026-02-26T15:00:00,QR
WAL_566343622b,U_df5dd0ac6a,SPEND,-2716.88,SG,637.77,2026-02-28T13:00:00,QR
WAL_ef611798ce,U_df5dd0ac6a,SPEND,-1872.07,SG,-1234.3,2026-03-04T03:00:00,QR
WAL_77adf2f9ad,U_df5dd0ac6a,LOAD,12921.24,SG,11686.94,2026-02-26T06:00:00,APP
WAL_87838596d7,U_df5dd0ac6a,SPEND,-3237.7,SG,8449.24,2026-02-26T06:00:00,QR
WAL_7f87fc1f73,U_df5dd0ac6a,SPEND,-5739.24,SG,2710.0,2026-03-02T06:00:00,QR
WAL_d571844e2a,U_7a396f86b1,LOAD,21886.26,LK,21886.26,2026-02-03T19:00:00,APP
WAL_09ef3492ca,U_7a396f86b1,SPEND,-3398.9,LK,18487.36,2026-02-03T19:00:00,QR
WAL_737eda77fd,U_7a396f86b1,SPEND,-4589.61,LK,13897.75,2026-02-03T05:00:00,QR
WAL_a3db6ed0f5,U_7a396f86b1,SPEND,-1026.28,LK,12871.47,2026-02-02T11:00:00,QR
WAL_ebe0b29a85,U_7a396f86b1,SPEND,-1214.04,LK,11657.43,2026-02-03T11:00:00,QR
WAL_2cb0e49646,U_7a396f86b1,SPEND,-1202.39,LK,10455.04,2026-02-03T17:00:00,QR
WAL_f32c1077f1,U_7a396f86b1,SPEND,-693.75,LK,9761.29,2026-02-02T17:00:00,QR
WAL_d40f49894a,U_f8404ded74,LOAD,3871.97,REST,3871.97,2025-03-05T08:00:00,APP
WAL_ad3050c689,U_f8404ded74,SPEND,-1473.88,REST,2398.09,2025-02-24T11:00:00,QR
WAL_ddc16cd4d2,U_f8404ded74,SPEND,-1997.78,REST,400.31,2025-02-19T00:00:00,QR
WAL_6e9affda20,U_f8404ded74,SPEND,-2159.94,REST,-1759.63,2025-02-23T11:00:00,QR
WAL_97ecc202d5,U_f8404ded74,LOAD,20143.47,REST,18383.83,2025-02-16T00:00:00,APP
WAL_d863fd01b7,U_f8404ded74,SPEND,-1688.52,REST,16695.31,2025-02-17T08:00:00,QR
WAL_49b705752e,U_3df78f94bb,LOAD,17039.89,US,17039.89,2025-12-12T20:00:00,APP
WAL_9858795e60,U_3df78f94bb,SPEND,-1284.55,US,15755.34,2025-12-14T20:00:00,QR
WAL_451fb0ae8a,U_3df78f94bb,SPEND,-1230.55,US,14524.79,2025-12-14T17:00:00,QR
WAL_d689ea5c0c,U_84f5ea413d,LOAD,9356.13,GB,9356.13,2026-04-28T22:00:00,APP
WAL_b134582928,U_84f5ea413d,SPEND,-4631.8,GB,4724.33,2026-04-28T22:00:00,QR
WAL_75a17558f2,U_84f5ea413d,SPEND,-1048.92,GB,3675.41,2026-05-02T22:00:00,QR
WAL_eb6c6e1e96,U_84f5ea413d,SPEND,-1896.55,GB,1778.86,2026-05-11T02:00:00,QR
WAL_7d1349c978,U_84f5ea413d,SPEND,-1283.06,GB,495.8,2026-05-04T13:00:00,QR
WAL_187ea66368,U_84f5ea413d,SPEND,-510.01,GB,-14.21,2026-05-06T02:00:00,QR
WAL_4948a3bb38,U_84f5ea413d,LOAD,11051.94,GB,11037.73,2026-05-01T12:00:00,APP
WAL_0f7f1048d2,U_84f5ea413d,SPEND,-553.59,GB,10484.14,2026-05-01T12:00:00,QR
WAL_b002c24662,U_84f5ea413d,SPEND,-1594.36,GB,8889.78,2026-04-30T09:00:00,QR
WAL_991a2a24f3,U_84f5ea413d,SPEND,-3767.22,GB,5122.56,2026-04-27T12:00:00,QR
WAL_2bd7ad1c77,U_8960847739,LOAD,3503.33,US,3503.33,2025-01-11T05:00:00,APP
WAL_25075b7105,U_8960847739,SPEND,-2684.38,US,818.95,2025-01-04T08:00:00,QR
WAL_5957472236,U_8960847739,SPEND,-708.48,US,110.47,2025-01-05T01:00:00,QR
WAL_225e27a33a,U_a6e969ed85,LOAD,8298.03,REST,8298.03,2025-03-13T11:00:00,APP
WAL_7be8160fe5,U_a6e969ed85,SPEND,-1059.68,REST,7238.35,2025-03-12T20:00:00,QR
WAL_ad1ad5d073,U_a6e969ed85,SPEND,-1177.17,REST,6061.18,2025-03-12T16:00:00,QR
WAL_4a7c6e7480,U_a6e969ed85,SPEND,-1213.23,REST,4847.95,2025-03-12T08:00:00,QR
WAL_4022ee5896,U_a6e969ed85,SPEND,-1381.56,REST,3466.39,2025-03-12T06:00:00,QR
WAL_14406c1914,U_a6e969ed85,SPEND,-1676.92,REST,1789.47,2025-03-12T10:00:00,QR
WAL_d5298f2f17,U_a6e969ed85,LOAD,3280.05,REST,3280.05,2025-08-31T02:00:00,APP
WAL_8fc3981d8d,U_a6e969ed85,SPEND,-1613.74,REST,1666.31,2025-08-31T02:00:00,QR
WAL_3a85944bb7,U_766f059ae5,LOAD,24624.8,REST,24624.8,2025-10-09T17:00:00,APP
WAL_09de618520,U_766f059ae5,SPEND,-1736.15,REST,22888.65,2025-10-09T17:00:00,QR
WAL_ded372cd7d,U_766f059ae5,SPEND,-1766.21,REST,21122.44,2025-10-14T20:00:00,QR
WAL_88eaa25a81,U_766f059ae5,SPEND,-1917.69,REST,19204.75,2025-10-22T03:00:00,QR
WAL_f972ad6324,U_766f059ae5,SPEND,-1401.14,REST,17803.61,2025-10-08T21:00:00,QR
WAL_d7c4a36d88,U_766f059ae5,SPEND,-1643.57,REST,16160.04,2025-10-18T11:00:00,QR
WAL_5fe4f53b83,U_766f059ae5,SPEND,-1463.43,REST,14696.61,2025-10-06T00:00:00,QR
WAL_c70d256d3a,U_766f059ae5,SPEND,-1202.03,REST,13494.58,2025-10-19T21:00:00,QR
WAL_f08bf381b4,U_766f059ae5,SPEND,-1355.71,REST,12138.87,2025-10-12T18:00:00,QR
WAL_a571cf6a18,U_766f059ae5,LOAD,11887.37,REST,11887.37,2024-09-30T00:00:00,APP
WAL_d65bc50dec,U_766f059ae5,SPEND,-2612.55,REST,9274.82,2024-10-01T03:00:00,QR
WAL_ed2dc7ee83,U_766f059ae5,SPEND,-618.66,REST,8656.16,2024-10-02T10:00:00,QR
WAL_f46430d34d,U_766f059ae5,SPEND,-895.91,REST,7760.25,2024-09-24T06:00:00,QR
WAL_1eb6bd2e6c,U_766f059ae5,SPEND,-1499.96,REST,6260.29,2024-09-22T08:00:00,QR
WAL_38d3d44d92,U_5c4f985132,LOAD,24590.29,BD,24590.29,2025-02-07T17:00:00,APP
WAL_cc5edf9ac8,U_5c4f985132,SPEND,-2741.01,BD,21849.28,2025-02-07T17:00:00,QR
WAL_49fea66ece,U_79a8d71802,LOAD,10673.76,CA,10673.76,2025-02-20T00:00:00,APP
WAL_d898e9055f,U_79a8d71802,SPEND,-933.36,CA,9740.4,2025-02-22T12:00:00,QR
WAL_afe52e08e1,U_79a8d71802,SPEND,-741.91,CA,8998.49,2025-02-14T08:00:00,QR
WAL_12cd2ffe67,U_79a8d71802,SPEND,-2129.19,CA,6869.3,2025-02-21T16:00:00,QR
WAL_e7f4e2587e,U_79a8d71802,SPEND,-1921.87,CA,4947.43,2025-02-11T16:00:00,QR
WAL_b1cfdad1ee,U_79a8d71802,SPEND,-1031.28,CA,3916.15,2025-02-17T13:00:00,QR
WAL_439c1b04fa,U_79a8d71802,SPEND,-1400.05,CA,2516.1,2025-02-19T20:00:00,QR
WAL_44ff35f427,U_9dc118ae00,LOAD,7846.74,GB,7846.74,2025-08-05T08:00:00,APP
WAL_95f5149590,U_a58c2c3c00,LOAD,14070.63,GB,14070.63,2024-10-21T00:00:00,APP
WAL_35dfe645c9,U_a58c2c3c00,SPEND,-1349.41,GB,12721.22,2024-10-21T00:00:00,QR
WAL_d3506d87e2,U_a58c2c3c00,SPEND,-2058.67,GB,10662.55,2024-10-22T14:00:00,QR
WAL_a24f6d77cf,U_a58c2c3c00,SPEND,-387.16,GB,10275.39,2024-10-27T22:00:00,QR
WAL_82fb1aac02,U_a58c2c3c00,SPEND,-1998.85,GB,8276.54,2024-10-18T14:00:00,QR
WAL_29d239dda4,U_a58c2c3c00,SPEND,-814.8,GB,7461.74,2024-10-26T13:00:00,QR
WAL_8f64642247,U_a58c2c3c00,SPEND,-1128.88,GB,6332.86,2024-10-21T16:00:00,QR
WAL_da8799db57,U_a58c2c3c00,SPEND,-1126.48,GB,5206.38,2024-10-27T20:00:00,QR
WAL_84e2bb7e34,U_a58c2c3c00,LOAD,18442.13,GB,18442.13,2025-05-06T17:00:00,APP
WAL_6fd23e89d3,U_a58c2c3c00,SPEND,-586.52,GB,17855.61,2025-05-10T01:00:00,QR
WAL_3255d838db,U_b6b2891acd,LOAD,3867.65,LK,3867.65,2025-04-06T09:00:00,APP
WAL_274e593404,U_b6b2891acd,SPEND,-1045.11,LK,2822.54,2025-04-06T09:00:00,QR
WAL_8e111e4632,U_b6b2891acd,SPEND,-1821.07,LK,1001.47,2025-04-07T08:00:00,QR
WAL_9b25eff0bc,U_b6b2891acd,SPEND,-1936.53,LK,-935.06,2025-04-07T22:00:00,QR
WAL_375bc9b0b2,U_d9fb028fa4,LOAD,12833.31,BD,12833.31,2026-03-02T16:00:00,APP
WAL_37611591fd,U_d9fb028fa4,SPEND,-1155.15,BD,11678.16,2026-03-03T16:00:00,QR
WAL_7fa7e214c6,U_d9fb028fa4,SPEND,-690.49,BD,10987.67,2026-03-03T20:00:00,QR
WAL_a1b982243e,U_d9fb028fa4,LOAD,11404.75,BD,11404.75,2025-01-04T23:00:00,APP
WAL_1031b7aacd,U_d9fb028fa4,SPEND,-919.84,BD,10484.91,2025-01-04T23:00:00,QR
WAL_c26bba5456,U_d9fb028fa4,SPEND,-1915.11,BD,8569.8,2025-01-04T22:00:00,QR
WAL_65fea551fd,U_ea9440e90a,LOAD,6535.0,CA,6535.0,2026-06-02T16:00:00,APP
WAL_c19df286af,U_ea9440e90a,SPEND,-1155.7,CA,5379.3,2026-05-31T04:00:00,QR
WAL_c5e333f39a,U_ea9440e90a,SPEND,-1479.39,CA,3899.91,2026-05-31T23:00:00,QR
WAL_fb3d631df6,U_ea9440e90a,SPEND,-1816.56,CA,2083.35,2026-05-27T11:00:00,QR
WAL_eec8dda6aa,U_ea9440e90a,SPEND,-803.87,CA,1279.48,2026-06-03T14:00:00,QR
WAL_f3afcf6d9b,U_ea9440e90a,SPEND,-3885.58,CA,-2606.1,2026-06-02T05:00:00,QR
WAL_7d71131057,U_ea9440e90a,LOAD,15733.78,CA,13127.68,2026-06-01T18:00:00,APP
WAL_4ff5738cac,U_ea9440e90a,SPEND,-477.28,CA,12650.4,2026-06-01T18:00:00,QR
WAL_ffb5a13630,U_ea9440e90a,SPEND,-1007.29,CA,11643.11,2026-06-04T09:00:00,QR
WAL_dad8a29144,U_ea9440e90a,SPEND,-767.12,CA,10875.99,2026-05-27T17:00:00,QR
WAL_976f952f74,U_ea9440e90a,SPEND,-1611.91,CA,9264.08,2026-05-29T00:00:00,QR
WAL_d9cbcb27e1,U_ea9440e90a,SPEND,-1444.94,CA,7819.14,2026-05-31T12:00:00,QR
WAL_0ba642ac69,U_ea9440e90a,SPEND,-3513.62,CA,4305.52,2026-06-03T12:00:00,QR
WAL_85ba79ebbc,U_ea9440e90a,SPEND,-1762.29,CA,2543.23,2026-05-30T17:00:00,QR
WAL_48f185315b,U_ea9440e90a,SPEND,-1339.01,CA,1204.22,2026-05-29T18:00:00,QR
WAL_866aef4981,U_ea9440e90a,SPEND,-4172.48,CA,-2968.26,2026-06-03T22:00:00,QR
WAL_406ef239d7,U_ea9440e90a,LOAD,6120.8,CA,3152.54,2026-05-29T21:00:00,APP
WAL_5ffd7e150b,U_ea9440e90a,SPEND,-1349.31,CA,1803.23,2026-05-29T21:00:00,QR
WAL_2e297c2118,U_ea9440e90a,SPEND,-763.44,CA,1039.79,2026-05-28T23:00:00,QR
WAL_c81fedea68,U_ea9440e90a,SPEND,-1814.48,CA,-774.69,2026-05-28T12:00:00,QR
WAL_dfdc15087c,U_ea9440e90a,LOAD,15783.13,CA,15008.45,2026-05-31T05:00:00,APP
WAL_6f83a4e915,U_ea9440e90a,SPEND,-1047.7,CA,13960.75,2026-05-31T05:00:00,QR
WAL_77d8434ecf,U_ea9440e90a,LOAD,18528.29,CA,18528.29,2025-10-04T09:00:00,APP
WAL_06d7b8f50f,U_ea9440e90a,SPEND,-3045.89,CA,15482.4,2025-10-04T09:00:00,QR
WAL_6fec4063e3,U_ea9440e90a,SPEND,-2283.19,CA,13199.21,2025-09-24T17:00:00,QR
WAL_610a8edd43,U_ea9440e90a,SPEND,-1452.19,CA,11747.02,2025-10-06T15:00:00,QR
WAL_f0b6ec272d,U_ea9440e90a,SPEND,-692.46,CA,11054.56,2025-09-30T10:00:00,QR
WAL_9d6f40e886,U_ea9440e90a,SPEND,-1473.79,CA,9580.77,2025-09-25T03:00:00,QR
WAL_0797d1a0f0,U_ea9440e90a,SPEND,-4168.44,CA,5412.33,2025-10-02T00:00:00,QR
WAL_39e67a4b29,U_61a369f783,LOAD,8389.1,AE,8389.1,2025-08-29T09:00:00,APP
WAL_1e2b2bb869,U_61a369f783,SPEND,-4239.92,AE,4149.18,2025-08-29T03:00:00,QR
WAL_405609ea84,U_61a369f783,SPEND,-1352.92,AE,2796.26,2025-08-30T12:00:00,QR
WAL_49776faf27,U_61a369f783,SPEND,-1607.36,AE,1188.9,2025-08-27T03:00:00,QR
WAL_ea7176bc07,U_61a369f783,SPEND,-1061.27,AE,127.63,2025-08-27T03:00:00,QR
WAL_6a355e28a0,U_61a369f783,SPEND,-2171.7,AE,-2044.07,2025-08-28T15:00:00,QR
WAL_3d4f6b5ce9,U_2e50c0a19d,LOAD,14010.89,AU,14010.89,2025-06-25T21:00:00,APP
WAL_76ad299b1c,U_2e50c0a19d,SPEND,-1384.96,AU,12625.93,2025-06-24T14:00:00,QR
WAL_c49fe57d52,U_2e50c0a19d,SPEND,-1700.63,AU,10925.3,2025-06-27T17:00:00,QR
WAL_f72b72f99a,U_2e50c0a19d,SPEND,-2583.03,AU,8342.27,2025-07-02T19:00:00,QR
WAL_7fc9206fbc,U_2e50c0a19d,SPEND,-1057.38,AU,7284.89,2025-07-04T01:00:00,QR
WAL_5978b45163,U_2e50c0a19d,SPEND,-2008.21,AU,5276.68,2025-07-04T08:00:00,QR
WAL_a65c79cb1b,U_2e50c0a19d,SPEND,-1435.62,AU,3841.06,2025-07-06T11:00:00,QR
WAL_0a3b93ccba,U_2e50c0a19d,SPEND,-720.6,AU,3120.46,2025-07-03T20:00:00,QR
WAL_a717a1799f,U_2e50c0a19d,SPEND,-1348.2,AU,1772.26,2025-06-22T06:00:00,QR
WAL_ca36bc3152,U_2e50c0a19d,SPEND,-771.91,AU,1000.35,2025-06-28T14:00:00,QR
WAL_f79220ede7,U_2e50c0a19d,SPEND,-3229.37,AU,-2229.02,2025-07-01T03:00:00,QR
WAL_c641285ecb,U_2e50c0a19d,LOAD,20402.0,AU,18172.98,2025-07-01T09:00:00,APP
WAL_f5dcc68813,U_2e50c0a19d,SPEND,-1508.57,AU,16664.41,2025-07-01T09:00:00,QR
WAL_84a6425f30,U_16f2dd51a3,LOAD,16477.13,US,16477.13,2026-02-16T03:00:00,APP
WAL_2a1499a49d,U_16f2dd51a3,SPEND,-1738.69,US,14738.44,2026-02-16T03:00:00,QR
WAL_a8e8f70cd7,U_16f2dd51a3,SPEND,-1699.75,US,13038.69,2026-02-24T00:00:00,QR
WAL_40d8af6799,U_16f2dd51a3,SPEND,-1049.44,US,11989.25,2026-03-01T08:00:00,QR
WAL_9110b5591d,U_16f2dd51a3,SPEND,-7892.58,US,4096.67,2026-02-13T08:00:00,QR
WAL_e8037eba99,U_16f2dd51a3,SPEND,-1272.7,US,2823.97,2026-02-19T12:00:00,QR
WAL_3acd729140,U_16f2dd51a3,LOAD,23159.78,US,23159.78,2024-08-18T08:00:00,APP
WAL_0a1f1f3619,U_16f2dd51a3,SPEND,-3374.32,US,19785.46,2024-08-18T08:00:00,QR
WAL_c80bd0be38,U_16f2dd51a3,SPEND,-1077.41,US,18708.05,2024-08-20T10:00:00,QR
WAL_3072856ae6,U_16f2dd51a3,SPEND,-6353.68,US,12354.37,2024-08-17T05:00:00,QR
WAL_59adbd6e67,U_16f2dd51a3,SPEND,-1028.71,US,11325.66,2024-08-18T07:00:00,QR
WAL_9acfc13221,U_16f2dd51a3,SPEND,-1539.72,US,9785.94,2024-08-17T23:00:00,QR
WAL_4d5cfef1ef,U_16f2dd51a3,SPEND,-1720.21,US,8065.73,2024-08-16T05:00:00,QR
WAL_51bbea0591,U_16f2dd51a3,SPEND,-773.13,US,7292.6,2024-08-13T04:00:00,QR
WAL_979f8913b2,U_16f2dd51a3,SPEND,-908.42,US,6384.18,2024-08-20T22:00:00,QR
WAL_a26a49a3c0,U_16f2dd51a3,SPEND,-1128.74,US,5255.44,2024-08-20T03:00:00,QR
WAL_f7d12de920,U_16f2dd51a3,SPEND,-1247.08,US,4008.36,2024-08-15T09:00:00,QR
WAL_a929771f5c,U_16f2dd51a3,LOAD,8566.44,US,8566.44,2026-05-19T02:00:00,APP
WAL_fcda4640ec,U_16f2dd51a3,SPEND,-2167.78,US,6398.66,2026-05-19T02:00:00,QR
WAL_be33c20735,U_16f2dd51a3,SPEND,-2779.35,US,3619.31,2026-05-22T17:00:00,QR
WAL_49500e25db,U_16f2dd51a3,LOAD,3227.76,US,3227.76,2024-10-23T09:00:00,APP
WAL_a8844dfc23,U_16f2dd51a3,SPEND,-4608.86,US,-1381.1,2024-10-23T09:00:00,QR
WAL_001e87b7cd,U_16f2dd51a3,LOAD,4417.71,US,3036.62,2024-10-19T08:00:00,APP
WAL_99b65bac5d,U_16f2dd51a3,SPEND,-2430.73,US,605.89,2024-10-19T08:00:00,QR
WAL_5820302a59,U_16f2dd51a3,SPEND,-2781.34,US,-2175.45,2024-10-06T21:00:00,QR
WAL_b7c78071f5,U_16f2dd51a3,LOAD,6870.6,US,4695.14,2024-10-10T04:00:00,APP
WAL_280ebc95b9,U_16f2dd51a3,SPEND,-1025.4,US,3669.74,2024-10-10T04:00:00,QR
WAL_e42e7549f8,U_16f2dd51a3,SPEND,-2184.72,US,1485.02,2024-10-15T12:00:00,QR
WAL_973984caaa,U_a84c4ba4ef,LOAD,7648.5,DE,7648.5,2025-04-01T04:00:00,APP
WAL_65cf931b8f,U_a84c4ba4ef,SPEND,-3832.92,DE,3815.58,2025-04-01T04:00:00,QR
WAL_5024baea32,U_a84c4ba4ef,SPEND,-655.81,DE,3159.77,2025-03-24T01:00:00,QR
WAL_e3ef4bd044,U_a84c4ba4ef,SPEND,-2417.14,DE,742.63,2025-03-29T18:00:00,QR
WAL_200319bd9b,U_a84c4ba4ef,SPEND,-1354.95,DE,-612.32,2025-04-01T16:00:00,QR
WAL_e123ee2c44,U_d103097036,LOAD,17878.47,REST,17878.47,2026-01-21T13:00:00,APP
WAL_cfa63d02c5,U_d103097036,SPEND,-633.8,REST,17244.67,2026-01-16T18:00:00,QR
WAL_18ffb63a50,U_d103097036,SPEND,-2201.32,REST,15043.35,2026-01-24T21:00:00,QR
WAL_cd880077bc,U_d103097036,SPEND,-1144.1,REST,13899.25,2026-01-24T15:00:00,QR
WAL_2f87e0e9d8,U_d103097036,SPEND,-3779.41,REST,10119.84,2026-01-18T16:00:00,QR
WAL_c68ab85924,U_d103097036,SPEND,-824.18,REST,9295.66,2026-01-18T21:00:00,QR
WAL_00cc10398d,U_d103097036,SPEND,-1248.9,REST,8046.76,2026-01-16T21:00:00,QR
WAL_57843ca5e6,U_d103097036,SPEND,-967.21,REST,7079.55,2026-01-22T22:00:00,QR
WAL_63812f1bc4,U_5b9a30c576,LOAD,5981.11,US,5981.11,2026-02-22T17:00:00,APP
WAL_53ce36ad40,U_5b9a30c576,SPEND,-3167.14,US,2813.97,2026-02-22T17:00:00,QR
WAL_7b9b7d71a7,U_5b9a30c576,SPEND,-1104.41,US,1709.56,2026-02-22T22:00:00,QR
WAL_be1a1f0cbb,U_5b9a30c576,SPEND,-1060.47,US,649.09,2026-02-23T12:00:00,QR
WAL_031e4b3650,U_5b9a30c576,SPEND,-710.54,US,-61.45,2026-02-23T15:00:00,QR
WAL_707e44f156,U_5b9a30c576,LOAD,7378.78,US,7378.78,2025-01-02T10:00:00,APP
WAL_469c0105c2,U_5b9a30c576,SPEND,-2443.16,US,4935.62,2025-01-02T10:00:00,QR
WAL_74433352bb,U_5b9a30c576,SPEND,-1109.6,US,3826.02,2025-01-02T16:00:00,QR
WAL_e67735332d,U_5b9a30c576,SPEND,-535.09,US,3290.93,2025-01-05T10:00:00,QR
WAL_bfe5f90edf,U_5b9a30c576,SPEND,-959.89,US,2331.04,2025-01-02T05:00:00,QR
WAL_0c4fa12955,U_5b9a30c576,SPEND,-1597.32,US,733.72,2025-01-01T23:00:00,QR
WAL_0076d96c3f,U_5b9a30c576,SPEND,-665.09,US,68.63,2025-01-03T09:00:00,QR
WAL_0e62d22e17,U_5b9a30c576,SPEND,-8376.9,US,-8308.27,2025-01-01T03:00:00,QR
WAL_80f6008b4d,U_5b9a30c576,LOAD,23965.92,US,15657.65,2025-01-06T08:00:00,APP
WAL_d485e368f3,U_5b9a30c576,SPEND,-1854.9,US,13802.75,2025-01-06T08:00:00,QR
WAL_50713ba871,U_5b9a30c576,SPEND,-1885.9,US,11916.85,2025-01-05T05:00:00,QR
WAL_dcc67eb4eb,U_223b467dc3,LOAD,18656.02,FR,18656.02,2025-02-11T21:00:00,APP
WAL_e486cf7ab4,U_223b467dc3,SPEND,-1842.73,FR,16813.29,2025-02-11T21:00:00,QR
WAL_3a4fbba9de,U_223b467dc3,SPEND,-2669.44,FR,14143.85,2025-02-14T21:00:00,QR
WAL_2df759cddd,U_223b467dc3,SPEND,-1604.56,FR,12539.29,2025-02-06T13:00:00,QR
WAL_c36b6eb0dd,U_223b467dc3,SPEND,-1940.02,FR,10599.27,2025-02-07T04:00:00,QR
WAL_04c5f1b21d,U_223b467dc3,SPEND,-2741.04,FR,7858.23,2025-02-09T22:00:00,QR
WAL_74c94249ab,U_223b467dc3,LOAD,7941.94,FR,7941.94,2024-12-13T13:00:00,APP
WAL_251021e5f0,U_223b467dc3,SPEND,-1633.5,FR,6308.44,2024-12-13T13:00:00,QR
WAL_8b2bf9cafe,U_223b467dc3,SPEND,-1266.45,FR,5041.99,2024-12-18T05:00:00,QR
WAL_e20b5c1c48,U_223b467dc3,SPEND,-1068.52,FR,3973.47,2024-12-19T17:00:00,QR
WAL_a1519bba73,U_223b467dc3,SPEND,-478.36,FR,3495.11,2024-12-25T05:00:00,QR
WAL_8a07371849,U_223b467dc3,LOAD,9000.76,FR,9000.76,2025-11-01T01:00:00,APP
WAL_adade9be06,U_223b467dc3,SPEND,-2289.35,FR,6711.41,2025-11-01T01:00:00,QR
WAL_4be38d0168,U_223b467dc3,SPEND,-2479.78,FR,4231.63,2025-11-08T09:00:00,QR
WAL_4ec66c8c36,U_223b467dc3,SPEND,-820.08,FR,3411.55,2025-11-03T10:00:00,QR
WAL_d1c8e7ebad,U_223b467dc3,SPEND,-1023.73,FR,2387.82,2025-10-29T13:00:00,QR
WAL_92d8251fff,U_223b467dc3,SPEND,-882.56,FR,1505.26,2025-11-05T05:00:00,QR
WAL_66108566a6,U_223b467dc3,SPEND,-1864.56,FR,-359.3,2025-11-06T15:00:00,QR
WAL_1519966c12,U_223b467dc3,LOAD,22434.67,FR,22075.37,2025-11-04T20:00:00,APP
WAL_ad04337536,U_223b467dc3,SPEND,-1077.4,FR,20997.97,2025-11-04T20:00:00,QR
WAL_70bac8c886,U_c6c997806f,LOAD,14242.44,GB,14242.44,2025-06-26T18:00:00,APP
WAL_0eb98e64b5,U_c6c997806f,SPEND,-2675.44,GB,11567.0,2025-07-03T20:00:00,QR
WAL_925b29ffb8,U_c6c997806f,SPEND,-1686.4,GB,9880.6,2025-07-03T19:00:00,QR
WAL_6cfe80db25,U_c6c997806f,SPEND,-3303.31,GB,6577.29,2025-07-04T01:00:00,QR
WAL_fe8aeb4f32,U_c6c997806f,SPEND,-387.97,GB,6189.32,2025-07-02T10:00:00,QR
WAL_1f20b6cc4a,U_c6c997806f,SPEND,-1954.94,GB,4234.38,2025-07-11T16:00:00,QR
WAL_e97fab7d94,U_c6c997806f,SPEND,-1322.61,GB,2911.77,2025-07-12T21:00:00,QR
WAL_4bc02e8c1e,U_98eff12e57,LOAD,7715.57,AU,7715.57,2024-12-03T16:00:00,APP
WAL_56dffa0322,U_98eff12e57,SPEND,-2914.36,AU,4801.21,2024-12-03T16:00:00,QR
WAL_0a2e5b9002,U_98eff12e57,SPEND,-5375.68,AU,-574.47,2024-12-02T05:00:00,QR
WAL_bb8963f03c,U_98eff12e57,LOAD,11049.97,AU,10475.5,2024-12-02T10:00:00,APP
WAL_283e055d07,U_98eff12e57,SPEND,-769.3,AU,9706.2,2024-12-02T10:00:00,QR
WAL_9355922dcc,U_98eff12e57,SPEND,-2390.84,AU,7315.36,2024-11-26T07:00:00,QR
WAL_91452bc7ea,U_98eff12e57,LOAD,22473.61,AU,22473.61,2025-04-04T06:00:00,APP
WAL_48d466d5fd,U_98eff12e57,SPEND,-4043.02,AU,18430.59,2025-04-04T06:00:00,QR
WAL_f2c7a47b66,U_98eff12e57,SPEND,-1788.04,AU,16642.55,2025-04-06T07:00:00,QR
WAL_89ba635af4,U_98eff12e57,LOAD,9074.3,AU,9074.3,2025-04-21T12:00:00,APP
WAL_2dfe906fd1,U_98eff12e57,SPEND,-2091.41,AU,6982.89,2025-04-21T12:00:00,QR
WAL_b22091a3f3,U_98eff12e57,SPEND,-1439.43,AU,5543.46,2025-04-19T07:00:00,QR
WAL_afd898d376,U_98eff12e57,SPEND,-4204.3,AU,1339.16,2025-04-27T12:00:00,QR
WAL_3f4572915a,U_98eff12e57,SPEND,-398.83,AU,940.33,2025-04-18T08:00:00,QR
WAL_eb4c000f42,U_98eff12e57,SPEND,-3672.9,AU,-2732.57,2025-04-27T12:00:00,QR
WAL_16d6b32ff9,U_98eff12e57,LOAD,3078.46,AU,345.9,2025-04-26T20:00:00,APP
WAL_2d5c485484,U_98eff12e57,SPEND,-1897.88,AU,-1551.98,2025-04-24T11:00:00,QR
WAL_0f670298b2,U_98eff12e57,LOAD,21476.08,AU,19924.1,2025-04-25T11:00:00,APP
WAL_c6f54c8fa4,U_98eff12e57,SPEND,-983.2,AU,18940.9,2025-04-25T11:00:00,QR
WAL_a35c4351af,U_98eff12e57,SPEND,-2562.6,AU,16378.3,2025-04-29T15:00:00,QR
WAL_ab5f0b7d5b,U_98eff12e57,SPEND,-1287.48,AU,15090.82,2025-04-30T10:00:00,QR
WAL_169d1a8f1c,U_98eff12e57,SPEND,-2361.88,AU,12728.94,2025-04-22T17:00:00,QR
WAL_8dc1298a53,U_98eff12e57,SPEND,-1030.62,AU,11698.32,2025-04-19T08:00:00,QR
WAL_6649dfd0ce,U_98eff12e57,SPEND,-2438.04,AU,9260.28,2025-04-23T08:00:00,QR
WAL_245ca3af67,U_98eff12e57,SPEND,-2682.27,AU,6578.01,2025-04-22T23:00:00,QR
WAL_5a4384f586,U_98eff12e57,SPEND,-2113.38,AU,4464.63,2025-04-20T11:00:00,QR
WAL_4e179fd7cd,U_ff872707c9,LOAD,9104.16,AE,9104.16,2025-06-11T21:00:00,APP
WAL_93514a1a6a,U_ff872707c9,SPEND,-890.86,AE,8213.3,2025-06-11T21:00:00,QR
WAL_60d2417aa9,U_ff872707c9,SPEND,-1842.37,AE,6370.93,2025-06-14T01:00:00,QR
WAL_46ce789785,U_ff872707c9,SPEND,-1085.52,AE,5285.41,2025-06-13T02:00:00,QR
WAL_05e29a0224,U_ff872707c9,SPEND,-3668.48,AE,1616.93,2025-06-13T22:00:00,QR
WAL_fbee8df96e,U_ff872707c9,SPEND,-941.51,AE,675.42,2025-06-12T09:00:00,QR
WAL_49a324721e,U_ff872707c9,LOAD,16621.06,AE,16621.06,2025-07-06T06:00:00,APP
WAL_ebb5bafc62,U_ff872707c9,SPEND,-1162.57,AE,15458.49,2025-07-06T06:00:00,QR
WAL_ebbc088cdf,U_ff872707c9,SPEND,-892.9,AE,14565.59,2025-07-06T03:00:00,QR
WAL_a11d8587f1,U_ff872707c9,LOAD,19265.24,AE,19265.24,2024-12-07T17:00:00,APP
WAL_1d5a5cb5fd,U_ff872707c9,SPEND,-2372.94,AE,16892.3,2024-12-07T17:00:00,QR
WAL_2d2a83bdd4,U_ff872707c9,SPEND,-1680.64,AE,15211.66,2024-12-14T07:00:00,QR
WAL_111d93327c,U_ff872707c9,SPEND,-766.64,AE,14445.02,2024-12-17T23:00:00,QR
WAL_92847bb4fc,U_ff872707c9,SPEND,-1288.39,AE,13156.63,2024-12-10T01:00:00,QR
WAL_e4710aab49,U_ff872707c9,SPEND,-1782.19,AE,11374.44,2024-12-19T10:00:00,QR
WAL_c45c9993d8,U_084b51c22d,LOAD,8497.84,AU,8497.84,2024-10-03T01:00:00,APP
WAL_4dd5934c54,U_084b51c22d,SPEND,-879.35,AU,7618.49,2024-10-03T01:00:00,QR
WAL_a5f6bbb6bd,U_084b51c22d,SPEND,-1946.22,AU,5672.27,2024-10-07T10:00:00,QR
WAL_95075ac115,U_084b51c22d,SPEND,-831.13,AU,4841.14,2024-10-09T07:00:00,QR
WAL_d9db586d4c,U_084b51c22d,SPEND,-1304.82,AU,3536.32,2024-10-05T12:00:00,QR
WAL_3fdd6b63f9,U_084b51c22d,SPEND,-1154.8,AU,2381.52,2024-10-09T17:00:00,QR
WAL_9c8b2014b7,U_084b51c22d,SPEND,-1902.68,AU,478.84,2024-10-08T00:00:00,QR
WAL_7737e3cdb2,U_084b51c22d,SPEND,-1792.28,AU,-1313.44,2024-10-11T22:00:00,QR
WAL_5bc5553d8f,U_084b51c22d,LOAD,11509.58,AU,10196.14,2024-10-05T12:00:00,APP
WAL_80a908c6a7,U_084b51c22d,SPEND,-1000.61,AU,9195.53,2024-10-05T12:00:00,QR
WAL_7ceaba301f,U_084b51c22d,SPEND,-2066.89,AU,7128.64,2024-10-03T11:00:00,QR
WAL_e2f96d5f8b,U_084b51c22d,LOAD,13570.15,AU,13570.15,2025-01-17T23:00:00,APP
WAL_fecc2a6ece,U_084b51c22d,SPEND,-1652.16,AU,11917.99,2025-01-17T23:00:00,QR
WAL_7c1d521fce,U_084b51c22d,SPEND,-438.13,AU,11479.86,2025-01-19T23:00:00,QR
WAL_69c78ed9e2,U_084b51c22d,SPEND,-1292.87,AU,10186.99,2025-01-18T06:00:00,QR
WAL_c0566c6e60,U_084b51c22d,SPEND,-2083.94,AU,8103.05,2025-01-16T04:00:00,QR
WAL_6088cd5043,U_084b51c22d,SPEND,-3061.06,AU,5041.99,2025-01-19T23:00:00,QR
WAL_7391026bc4,U_084b51c22d,SPEND,-3307.83,AU,1734.16,2025-01-20T00:00:00,QR
WAL_b3bf3ffb39,U_084b51c22d,SPEND,-4136.4,AU,-2402.24,2025-01-20T15:00:00,QR
WAL_bd1935108b,U_c66a558b7a,LOAD,16323.77,REST,16323.77,2025-02-20T07:00:00,APP
WAL_3a96c00427,U_c66a558b7a,SPEND,-1302.03,REST,15021.74,2025-02-22T15:00:00,QR
WAL_4d37389b1b,U_e191d0600c,LOAD,22956.67,US,22956.67,2026-03-29T07:00:00,APP
WAL_262b242bfa,U_e191d0600c,SPEND,-1451.34,US,21505.33,2026-03-29T07:00:00,QR
WAL_b434910c0a,U_e191d0600c,SPEND,-533.26,US,20972.07,2026-04-02T16:00:00,QR
WAL_83a941d2e3,U_e191d0600c,SPEND,-2875.28,US,18096.79,2026-03-29T17:00:00,QR
WAL_bc4cfa959e,U_e191d0600c,SPEND,-1491.03,US,16605.76,2026-03-31T09:00:00,QR
WAL_ef29079897,U_e191d0600c,SPEND,-825.97,US,15779.79,2026-04-02T08:00:00,QR
WAL_5a12d4e53c,U_e191d0600c,LOAD,12467.78,US,12467.78,2025-12-29T20:00:00,APP
WAL_e50b5a7e5b,U_e191d0600c,SPEND,-2216.34,US,10251.44,2025-12-26T03:00:00,QR
WAL_9283bc3893,U_e191d0600c,SPEND,-4646.92,US,5604.52,2025-12-31T23:00:00,QR
WAL_91ae8ba91b,U_e191d0600c,LOAD,17690.28,US,17690.28,2025-10-29T00:00:00,APP
WAL_e3a8b9f08a,U_e191d0600c,SPEND,-1145.11,US,16545.17,2025-10-29T00:00:00,QR
WAL_6be56165fb,U_e191d0600c,SPEND,-2397.83,US,14147.34,2025-10-28T04:00:00,QR
WAL_3235292248,U_e191d0600c,SPEND,-933.01,US,13214.33,2025-11-05T06:00:00,QR
WAL_4a2a07f53f,U_e191d0600c,SPEND,-1077.18,US,12137.15,2025-11-06T04:00:00,QR
WAL_77ee4f0e5f,U_e191d0600c,SPEND,-1036.76,US,11100.39,2025-11-06T02:00:00,QR
WAL_88f3ed9409,U_cfc8248baf,LOAD,12520.18,LK,12520.18,2025-06-08T04:00:00,APP
WAL_0988e56ada,U_cfc8248baf,SPEND,-1500.98,LK,11019.2,2025-06-12T22:00:00,QR
WAL_7718e93703,U_cfc8248baf,SPEND,-3313.76,LK,7705.44,2025-06-09T20:00:00,QR
WAL_6169d82a6c,U_7ae83cd459,LOAD,11198.1,CA,11198.1,2025-06-06T11:00:00,APP
WAL_e1d9f92574,U_7ae83cd459,SPEND,-1227.34,CA,9970.76,2025-06-06T11:00:00,QR
WAL_1e79b4710c,U_7ae83cd459,SPEND,-2821.49,CA,7149.27,2025-06-03T03:00:00,QR
WAL_449aa6ad3c,U_7ae83cd459,SPEND,-525.78,CA,6623.49,2025-06-03T11:00:00,QR
WAL_3e8815d525,U_7ae83cd459,SPEND,-444.41,CA,6179.08,2025-06-01T03:00:00,QR
WAL_a4709586a2,U_7ae83cd459,SPEND,-1422.7,CA,4756.38,2025-06-02T05:00:00,QR
WAL_5d039766cb,U_7ae83cd459,SPEND,-1285.69,CA,3470.69,2025-06-02T14:00:00,QR
WAL_5f78b73d1d,U_308a68f177,LOAD,3251.25,REST,3251.25,2025-04-28T04:00:00,APP
WAL_89ab430653,U_308a68f177,SPEND,-701.36,REST,2549.89,2025-05-04T20:00:00,QR
WAL_4a39666e7e,U_308a68f177,SPEND,-1430.21,REST,1119.68,2025-05-06T19:00:00,QR
WAL_e9462f03af,U_308a68f177,LOAD,5240.46,REST,5240.46,2025-01-21T06:00:00,APP
WAL_db2e8a711b,U_308a68f177,SPEND,-1192.08,REST,4048.38,2025-01-19T21:00:00,QR
WAL_969677d732,U_308a68f177,SPEND,-2780.56,REST,1267.82,2025-01-20T09:00:00,QR
WAL_3cd66ddc77,U_308a68f177,SPEND,-1303.63,REST,-35.81,2025-01-19T12:00:00,QR
WAL_2b1fad0a3e,U_308a68f177,LOAD,17403.11,REST,17403.11,2026-02-26T07:00:00,APP
WAL_b47ae9948a,U_308a68f177,SPEND,-681.33,REST,16721.78,2026-03-06T03:00:00,QR
WAL_3affb7cdbe,U_308a68f177,SPEND,-352.71,REST,16369.07,2026-03-02T20:00:00,QR
WAL_5b8918dc7a,U_10696affdb,LOAD,23734.72,LK,23734.72,2026-06-10T10:00:00,APP
WAL_53fa7d44d0,U_10696affdb,SPEND,-1480.77,LK,22253.95,2026-06-10T10:00:00,QR
WAL_f9acbdc24c,U_10696affdb,SPEND,-835.79,LK,21418.16,2026-06-14T13:00:00,QR
WAL_99c3bfb86e,U_10696affdb,SPEND,-926.24,LK,20491.92,2026-06-06T18:00:00,QR
WAL_755b73eb7b,U_10696affdb,SPEND,-375.01,LK,20116.91,2026-06-12T16:00:00,QR
WAL_72b7b6c99d,U_10696affdb,SPEND,-941.35,LK,19175.56,2026-06-11T12:00:00,QR
WAL_674b1a36df,U_10696affdb,LOAD,16286.69,LK,16286.69,2025-06-07T06:00:00,APP
WAL_616a742d2a,U_10696affdb,SPEND,-723.65,LK,15563.04,2025-06-15T18:00:00,QR
WAL_f1529f3e00,U_10696affdb,SPEND,-1584.93,LK,13978.11,2025-06-15T10:00:00,QR
WAL_c132f5a4c7,U_10696affdb,SPEND,-3728.51,LK,10249.6,2025-06-07T04:00:00,QR
WAL_1afa4de445,U_10696affdb,SPEND,-365.38,LK,9884.22,2025-06-04T12:00:00,QR
WAL_b412196b56,U_b247c20f7f,LOAD,7827.33,GB,7827.33,2024-12-10T12:00:00,APP
WAL_69694880a7,U_0d44210060,LOAD,19695.67,US,19695.67,2025-12-12T09:00:00,APP
WAL_10e45f28aa,U_0d44210060,SPEND,-662.46,US,19033.21,2025-12-12T09:00:00,QR
WAL_3ad048b374,U_0d44210060,SPEND,-2184.94,US,16848.27,2025-12-12T16:00:00,QR
WAL_c7e7635960,U_0d44210060,SPEND,-831.99,US,16016.28,2025-12-10T19:00:00,QR
WAL_6359ed460b,U_0d44210060,SPEND,-816.5,US,15199.78,2025-12-10T17:00:00,QR
WAL_a8996399b6,U_a966f8fc45,LOAD,2168.62,REST,2168.62,2026-05-16T04:00:00,APP
WAL_8177a231fe,U_a966f8fc45,SPEND,-1449.79,REST,718.83,2026-05-15T14:00:00,QR
WAL_5a42fa7abf,U_a966f8fc45,SPEND,-2684.31,REST,-1965.48,2026-05-16T11:00:00,QR
WAL_31583efded,U_a966f8fc45,LOAD,2386.75,REST,421.27,2026-05-13T22:00:00,APP
WAL_917d3832f4,U_a966f8fc45,SPEND,-1067.4,REST,-646.13,2026-05-13T22:00:00,QR
WAL_58ac83db32,U_a966f8fc45,LOAD,16817.32,REST,16171.18,2026-05-15T07:00:00,APP
WAL_7995104a28,U_a966f8fc45,SPEND,-1254.39,REST,14916.79,2026-05-14T14:00:00,QR
WAL_0734b8b290,U_a966f8fc45,SPEND,-2093.85,REST,12822.94,2026-05-13T21:00:00,QR
WAL_8d55b6cf7b,U_a966f8fc45,SPEND,-1229.6,REST,11593.34,2026-05-15T19:00:00,QR
WAL_c6a11c3ea6,U_b1f96d6e1f,LOAD,2481.39,AU,2481.39,2025-02-08T14:00:00,APP
WAL_06102d5bb8,U_b1f96d6e1f,SPEND,-912.38,AU,1569.01,2025-02-08T14:00:00,QR
WAL_09bb741ae5,U_b1f96d6e1f,SPEND,-3090.74,AU,-1521.73,2025-02-07T00:00:00,QR
WAL_5ba960fe30,U_b1f96d6e1f,LOAD,15384.51,AU,13862.78,2025-02-07T23:00:00,APP
WAL_871a11e402,U_b1f96d6e1f,SPEND,-2300.71,AU,11562.07,2025-02-07T23:00:00,QR
WAL_4152aaffca,U_b1f96d6e1f,SPEND,-2687.93,AU,8874.14,2025-02-05T05:00:00,QR
WAL_14e88562da,U_b1f96d6e1f,SPEND,-1361.97,AU,7512.17,2025-02-08T17:00:00,QR
WAL_cfbf186178,U_b1f96d6e1f,SPEND,-3415.78,AU,4096.39,2025-02-04T08:00:00,QR
WAL_2c56226eb9,U_b1f96d6e1f,SPEND,-786.44,AU,3309.95,2025-02-06T12:00:00,QR
WAL_b8108aca47,U_b1f96d6e1f,SPEND,-1195.08,AU,2114.87,2025-02-02T07:00:00,QR
WAL_83f78892d9,U_24bcaea169,LOAD,22988.33,REST,22988.33,2025-02-09T13:00:00,APP
WAL_d9686e4b50,U_24bcaea169,SPEND,-2223.81,REST,20764.52,2025-02-09T13:00:00,QR
WAL_1fa177cc3b,U_24bcaea169,LOAD,7135.07,REST,7135.07,2024-10-24T04:00:00,APP
WAL_e9c8ae74b7,U_24bcaea169,SPEND,-1166.93,REST,5968.14,2024-10-21T08:00:00,QR
WAL_b59641e404,U_24bcaea169,LOAD,8936.02,REST,8936.02,2025-01-03T18:00:00,APP
WAL_1643158646,U_24bcaea169,SPEND,-1744.44,REST,7191.58,2025-01-03T18:00:00,QR
WAL_a75b13d84e,U_24bcaea169,SPEND,-1458.7,REST,5732.88,2025-01-01T10:00:00,QR
WAL_369f596bd6,U_24bcaea169,SPEND,-1199.85,REST,4533.03,2025-01-02T03:00:00,QR
WAL_acd88ccde1,U_24bcaea169,SPEND,-1485.73,REST,3047.3,2024-12-29T11:00:00,QR
WAL_cdc6255d15,U_24bcaea169,SPEND,-2409.36,REST,637.94,2025-01-02T18:00:00,QR
WAL_60b7398ae7,U_3cbed62f7c,LOAD,10139.23,AE,10139.23,2026-01-13T20:00:00,APP
WAL_a47b5abd2c,U_3cbed62f7c,SPEND,-1239.94,AE,8899.29,2026-01-13T20:00:00,QR
WAL_11f71d4efa,U_3cbed62f7c,SPEND,-1806.82,AE,7092.47,2026-01-13T15:00:00,QR
WAL_9a7c4ff256,U_3cbed62f7c,SPEND,-2134.28,AE,4958.19,2026-01-21T07:00:00,QR
WAL_6671958822,U_3cbed62f7c,SPEND,-1085.35,AE,3872.84,2026-01-14T15:00:00,QR
WAL_4b93fd975b,U_3cbed62f7c,SPEND,-1008.65,AE,2864.19,2026-01-13T02:00:00,QR
WAL_7148286bd4,U_3cbed62f7c,SPEND,-1810.88,AE,1053.31,2026-01-21T19:00:00,QR
WAL_23d0ea0593,U_3cbed62f7c,SPEND,-1949.93,AE,-896.62,2026-01-18T13:00:00,QR
WAL_1349d56ea1,U_3cbed62f7c,LOAD,18660.6,AE,17763.98,2026-01-12T21:00:00,APP
WAL_761c361635,U_3cbed62f7c,SPEND,-1913.74,AE,15850.24,2026-01-12T21:00:00,QR
WAL_b4403de04e,U_fd2ee947aa,LOAD,9645.84,REST,9645.84,2026-03-09T06:00:00,APP
WAL_98e8a030ee,U_fd2ee947aa,SPEND,-2475.68,REST,7170.16,2026-03-09T06:00:00,QR
WAL_3888f5bf73,U_fd2ee947aa,SPEND,-2181.99,REST,4988.17,2026-03-10T08:00:00,QR
WAL_8fa7429bcd,U_fd2ee947aa,SPEND,-1679.28,REST,3308.89,2026-03-08T02:00:00,QR
WAL_06b32072d4,U_fd2ee947aa,SPEND,-2619.55,REST,689.34,2026-03-07T17:00:00,QR
WAL_f067cd196f,U_fd2ee947aa,SPEND,-3371.68,REST,-2682.34,2026-03-08T09:00:00,QR
WAL_fc7eac70e2,U_fd2ee947aa,LOAD,23665.72,REST,20983.38,2026-03-08T16:00:00,APP
WAL_7f92dd009e,U_fd2ee947aa,SPEND,-971.62,REST,20011.76,2026-03-08T16:00:00,QR
WAL_db4e72f7e9,U_fd2ee947aa,SPEND,-1354.1,REST,18657.66,2026-03-10T19:00:00,QR
WAL_30c6521db9,U_fd2ee947aa,SPEND,-1650.2,REST,17007.46,2026-03-07T21:00:00,QR
WAL_c2e53a7c25,U_fd2ee947aa,SPEND,-1125.81,REST,15881.65,2026-03-11T01:00:00,QR
WAL_52facc8e47,U_fd2ee947aa,SPEND,-689.67,REST,15191.98,2026-03-10T03:00:00,QR
WAL_c115e72464,U_fd2ee947aa,SPEND,-1276.73,REST,13915.25,2026-03-08T13:00:00,QR
WAL_d4fdb32a72,U_fd2ee947aa,SPEND,-976.42,REST,12938.83,2026-03-11T02:00:00,QR
WAL_1faec65703,U_fd2ee947aa,SPEND,-2308.38,REST,10630.45,2026-03-11T15:00:00,QR
WAL_8c6467b4cd,U_e331852321,LOAD,2523.63,US,2523.63,2025-03-07T03:00:00,APP
WAL_46bce2279c,U_e331852321,SPEND,-2754.16,US,-230.53,2025-03-07T09:00:00,QR
WAL_3d9b3838fa,U_e331852321,LOAD,20442.12,US,20211.59,2025-03-03T04:00:00,APP
WAL_9df8320c24,U_e331852321,SPEND,-1230.08,US,18981.51,2025-03-03T04:00:00,QR
WAL_49b4302292,U_e331852321,SPEND,-966.38,US,18015.13,2025-03-01T16:00:00,QR
WAL_6dddf91f3a,U_e331852321,SPEND,-1670.23,US,16344.9,2025-03-07T04:00:00,QR
WAL_5610aefa7e,U_2f4f7881a1,LOAD,4440.9,SG,4440.9,2024-11-24T00:00:00,APP
WAL_3872ac8ecf,U_2f4f7881a1,SPEND,-2371.42,SG,2069.48,2024-11-24T00:00:00,QR
WAL_7e83382be8,U_2f4f7881a1,SPEND,-808.1,SG,1261.38,2024-11-25T22:00:00,QR
WAL_dd079eba87,U_2f4f7881a1,SPEND,-1322.21,SG,-60.83,2024-11-29T23:00:00,QR
WAL_f5b022751a,U_2f4f7881a1,LOAD,11979.05,SG,11918.22,2024-11-27T10:00:00,APP
WAL_0b8bfacb4a,U_2f4f7881a1,SPEND,-5628.71,SG,6289.51,2024-11-27T10:00:00,QR
WAL_dd01f14be2,U_2f4f7881a1,SPEND,-1409.73,SG,4879.78,2024-11-27T10:00:00,QR
WAL_ee0f555939,U_2f4f7881a1,SPEND,-1957.46,SG,2922.32,2024-11-25T03:00:00,QR
WAL_a7353180b4,U_2f4f7881a1,LOAD,21285.67,SG,21285.67,2025-01-25T13:00:00,APP
WAL_cc1f19152e,U_14cd5a1c71,LOAD,24133.47,NP,24133.47,2025-01-02T14:00:00,APP
WAL_d7518b9cb0,U_14cd5a1c71,SPEND,-1409.98,NP,22723.49,2025-01-02T14:00:00,QR
WAL_8891a7fe93,U_14cd5a1c71,SPEND,-1055.52,NP,21667.97,2025-01-03T03:00:00,QR
WAL_b3d9ec8f5e,U_14cd5a1c71,SPEND,-1989.65,NP,19678.32,2024-12-31T02:00:00,QR
WAL_80c4d1e983,U_9cdae9f059,LOAD,10343.18,US,10343.18,2025-04-05T15:00:00,APP
WAL_a78d186415,U_9cdae9f059,SPEND,-1752.61,US,8590.57,2025-04-05T15:00:00,QR
WAL_7cc60d14ae,U_9cdae9f059,SPEND,-1766.06,US,6824.51,2025-04-06T16:00:00,QR
WAL_d73538f075,U_9cdae9f059,SPEND,-1197.96,US,5626.55,2025-04-06T05:00:00,QR
WAL_942e72c334,U_9cdae9f059,SPEND,-1950.96,US,3675.59,2025-04-07T21:00:00,QR
WAL_2af4a61a51,U_9cdae9f059,SPEND,-5166.5,US,-1490.91,2025-04-07T00:00:00,QR
WAL_bbc9022713,U_9cdae9f059,LOAD,22546.42,US,21055.51,2025-04-04T23:00:00,APP
WAL_aaa0091426,U_9cdae9f059,SPEND,-1551.27,US,19504.24,2025-04-08T06:00:00,QR
WAL_c4d150f932,U_9cdae9f059,SPEND,-1492.09,US,18012.15,2025-04-03T16:00:00,QR
WAL_0616f46333,U_9cdae9f059,SPEND,-4434.2,US,13577.95,2025-04-03T00:00:00,QR
WAL_7f7297230f,U_9cdae9f059,SPEND,-4569.72,US,9008.23,2025-04-07T06:00:00,QR
WAL_f8b281c8e7,U_9cdae9f059,SPEND,-1715.82,US,7292.41,2025-04-06T20:00:00,QR
WAL_b854b8421d,U_9cdae9f059,LOAD,20564.8,US,20564.8,2025-12-14T01:00:00,APP
WAL_91ba95fbad,U_9cdae9f059,SPEND,-1461.71,US,19103.09,2025-12-14T01:00:00,QR
WAL_0610b6247c,U_9cdae9f059,SPEND,-2578.43,US,16524.66,2025-12-11T09:00:00,QR
WAL_ef904071a7,U_9cdae9f059,SPEND,-1366.59,US,15158.07,2025-12-15T20:00:00,QR
WAL_6338380d8b,U_9cdae9f059,SPEND,-1505.94,US,13652.13,2025-12-12T00:00:00,QR
WAL_c029089e64,U_9cdae9f059,SPEND,-1885.12,US,11767.01,2025-12-10T14:00:00,QR
WAL_028dda3617,U_9cdae9f059,SPEND,-1995.76,US,9771.25,2025-12-15T14:00:00,QR
WAL_399f6c58aa,U_9cdae9f059,SPEND,-1485.89,US,8285.36,2025-12-15T09:00:00,QR
WAL_9fe8f71495,U_9cdae9f059,SPEND,-1646.44,US,6638.92,2025-12-09T10:00:00,QR
WAL_aa2695cbeb,U_9cdae9f059,SPEND,-2015.94,US,4622.98,2025-12-15T00:00:00,QR
WAL_74b09a1127,U_9cdae9f059,LOAD,24179.02,US,24179.02,2025-09-12T23:00:00,APP
WAL_d8d51a5538,U_9cdae9f059,SPEND,-1208.89,US,22970.13,2025-09-12T23:00:00,QR
WAL_d3f46052ca,U_9cdae9f059,SPEND,-2444.84,US,20525.29,2025-09-16T22:00:00,QR
WAL_a8872f12d3,U_9cdae9f059,SPEND,-2513.88,US,18011.41,2025-09-04T00:00:00,QR
WAL_d7546fad36,U_9cdae9f059,SPEND,-3092.43,US,14918.98,2025-09-09T08:00:00,QR
WAL_9cf2f63d4c,U_9cdae9f059,SPEND,-1513.54,US,13405.44,2025-09-13T20:00:00,QR
WAL_bc8c9d74c5,U_9cdae9f059,SPEND,-2697.46,US,10707.98,2025-09-05T23:00:00,QR
WAL_421c4755f9,U_9cdae9f059,SPEND,-1080.8,US,9627.18,2025-08-31T11:00:00,QR
WAL_83a83b990c,U_9cdae9f059,SPEND,-2908.78,US,6718.4,2025-09-16T16:00:00,QR
WAL_0ee6c97835,U_9cdae9f059,SPEND,-639.72,US,6078.68,2025-09-06T19:00:00,QR
WAL_0f51affb31,U_6b55bb6577,LOAD,6360.29,GB,6360.29,2026-07-05T12:00:00,APP
WAL_b105d10826,U_6b55bb6577,SPEND,-1141.61,GB,5218.68,2026-07-05T12:00:00,QR
WAL_10d97cb5ee,U_6b55bb6577,SPEND,-3812.4,GB,1406.28,2026-07-05T00:00:00,QR
WAL_bbe8d1763b,U_6b55bb6577,SPEND,-609.97,GB,796.31,2026-07-04T23:00:00,QR
WAL_7db53c00a4,U_6b55bb6577,SPEND,-769.52,GB,26.79,2026-07-02T07:00:00,QR
WAL_e07f81fe0e,U_6b55bb6577,SPEND,-1870.58,GB,-1843.79,2026-07-07T03:00:00,QR
WAL_613853b38a,U_6b55bb6577,LOAD,5943.76,GB,4099.97,2026-07-08T21:00:00,APP
WAL_c8ff94691b,U_6b55bb6577,SPEND,-1049.38,GB,3050.59,2026-07-08T21:00:00,QR
WAL_9ad7765c33,U_6b55bb6577,SPEND,-990.83,GB,2059.76,2026-07-07T11:00:00,QR
WAL_aeaa92f3b8,U_6b55bb6577,SPEND,-1630.44,GB,429.32,2026-07-08T09:00:00,QR
WAL_cc960bb07e,U_9f11d0392c,LOAD,5417.44,US,5417.44,2025-02-12T19:00:00,APP
WAL_4b094c24e9,U_9f11d0392c,SPEND,-1866.9,US,3550.54,2025-02-12T19:00:00,QR
WAL_f7eef60c04,U_9f11d0392c,SPEND,-1463.76,US,2086.78,2025-02-12T14:00:00,QR
WAL_d5b8a7978c,U_9f11d0392c,SPEND,-2834.13,US,-747.35,2025-02-15T09:00:00,QR
WAL_12e4ba28fe,U_9f11d0392c,LOAD,17729.72,US,16982.37,2025-02-14T21:00:00,APP
WAL_ca55552714,U_9f11d0392c,SPEND,-6479.95,US,10502.42,2025-02-14T21:00:00,QR
WAL_d731153f66,U_9f11d0392c,SPEND,-2348.46,US,8153.96,2025-02-14T07:00:00,QR
WAL_a6df12d124,U_9f11d0392c,SPEND,-4371.32,US,3782.64,2025-02-14T18:00:00,QR
WAL_243f2282a0,U_8f73db3472,LOAD,10654.6,FR,10654.6,2025-06-24T00:00:00,APP
WAL_961ea67c89,U_8f73db3472,SPEND,-3367.2,FR,7287.4,2025-06-24T00:00:00,QR
WAL_ad4fef62d4,U_8f73db3472,SPEND,-631.15,FR,6656.25,2025-06-24T09:00:00,QR
WAL_ef457844a8,U_8f73db3472,SPEND,-1025.5,FR,5630.75,2025-06-25T03:00:00,QR
WAL_2e5dbc1138,U_8f73db3472,SPEND,-1103.17,FR,4527.58,2025-06-22T05:00:00,QR
WAL_dae6923641,U_8f73db3472,SPEND,-2478.27,FR,2049.31,2025-06-23T14:00:00,QR
WAL_239b097b42,U_8f73db3472,SPEND,-4970.52,FR,-2921.21,2025-06-23T18:00:00,QR
WAL_3fe3670144,U_8f73db3472,LOAD,20462.92,FR,20462.92,2024-09-13T11:00:00,APP
WAL_035a04d22c,U_8f73db3472,SPEND,-707.89,FR,19755.03,2024-09-13T11:00:00,QR
WAL_da886a7aab,U_8f73db3472,SPEND,-608.35,FR,19146.68,2024-09-14T17:00:00,QR
WAL_bb336ea797,U_8f73db3472,SPEND,-2996.98,FR,16149.7,2024-09-19T22:00:00,QR
WAL_a0443ebb03,U_8f73db3472,SPEND,-716.22,FR,15433.48,2024-09-22T23:00:00,QR
WAL_265d27e91f,U_b86284c08d,LOAD,23660.78,US,23660.78,2026-02-04T12:00:00,APP
WAL_4bd61e6989,U_b86284c08d,SPEND,-1038.3,US,22622.48,2026-02-08T09:00:00,QR
WAL_897dc5a171,U_b86284c08d,SPEND,-1191.87,US,21430.61,2026-02-05T06:00:00,QR
WAL_e88ff983a6,U_35d530a8c4,LOAD,14810.82,REST,14810.82,2026-02-23T12:00:00,APP
WAL_089e3c9b92,U_35d530a8c4,SPEND,-1318.31,REST,13492.51,2026-02-23T12:00:00,QR
WAL_e4517e55fb,U_35d530a8c4,SPEND,-1393.96,REST,12098.55,2026-02-15T01:00:00,QR
WAL_3de55f1709,U_35d530a8c4,SPEND,-1453.32,REST,10645.23,2026-02-16T00:00:00,QR
WAL_adea3675ec,U_35d530a8c4,LOAD,14452.67,REST,14452.67,2026-07-15T12:00:00,APP
WAL_fbd5fe44a3,U_35d530a8c4,SPEND,-1895.59,REST,12557.08,2026-07-15T12:00:00,QR
WAL_0777098775,U_35d530a8c4,SPEND,-1303.75,REST,11253.33,2026-07-03T10:00:00,QR
WAL_b154d6c61b,U_35d530a8c4,SPEND,-665.57,REST,10587.76,2026-06-29T13:00:00,QR
WAL_ac1819e949,U_35d530a8c4,SPEND,-3339.49,REST,7248.27,2026-07-14T05:00:00,QR
WAL_e4334dd732,U_35d530a8c4,SPEND,-1819.87,REST,5428.4,2026-07-08T05:00:00,QR
WAL_9ec19aacb7,U_35d530a8c4,SPEND,-2083.21,REST,3345.19,2026-07-12T05:00:00,QR
WAL_056d9f92fc,U_ef4e99f7d0,LOAD,10481.9,REST,10481.9,2025-08-10T13:00:00,APP
WAL_b7296ea07f,U_ef4e99f7d0,SPEND,-982.87,REST,9499.03,2025-08-10T13:00:00,QR
WAL_3fa2fa1dda,U_ef4e99f7d0,SPEND,-861.22,REST,8637.81,2025-08-11T21:00:00,QR
WAL_abf29f9a01,U_ef4e99f7d0,SPEND,-1303.15,REST,7334.66,2025-08-03T16:00:00,QR
WAL_54a0970cab,U_ef4e99f7d0,SPEND,-1836.19,REST,5498.47,2025-08-15T00:00:00,QR
WAL_05345f59cc,U_ef4e99f7d0,SPEND,-1477.67,REST,4020.8,2025-08-04T19:00:00,QR
WAL_9d76c0f711,U_ef4e99f7d0,SPEND,-2721.18,REST,1299.62,2025-08-10T04:00:00,QR
WAL_8ef5630ce5,U_ef4e99f7d0,SPEND,-1361.68,REST,-62.06,2025-08-07T15:00:00,QR
WAL_e7509197f6,U_ef4e99f7d0,LOAD,2310.25,REST,2248.19,2025-08-11T21:00:00,APP
WAL_02194f3cde,U_ef4e99f7d0,SPEND,-1303.28,REST,944.91,2025-08-11T21:00:00,QR
WAL_ba8f6fd11d,U_d244eeccf5,LOAD,9772.69,SG,9772.69,2024-09-22T19:00:00,APP
WAL_66f05f66f6,U_d244eeccf5,SPEND,-2819.89,SG,6952.8,2024-09-22T08:00:00,QR
WAL_7673c9d9d8,U_d244eeccf5,SPEND,-1645.53,SG,5307.27,2024-09-21T06:00:00,QR
WAL_8cbe47ae55,U_d244eeccf5,SPEND,-1404.03,SG,3903.24,2024-09-23T01:00:00,QR
WAL_6a2854895f,U_d244eeccf5,SPEND,-1101.3,SG,2801.94,2024-09-19T16:00:00,QR
WAL_b1710db5d5,U_d244eeccf5,SPEND,-845.56,SG,1956.38,2024-09-23T04:00:00,QR
WAL_66099af8ca,U_d244eeccf5,SPEND,-1294.6,SG,661.78,2024-09-19T14:00:00,QR
WAL_96a73c031b,U_d244eeccf5,SPEND,-1659.97,SG,-998.19,2024-09-23T12:00:00,QR
WAL_b3e4a00a00,U_d244eeccf5,LOAD,6600.3,SG,5602.11,2024-09-20T07:00:00,APP
WAL_b62c969550,U_d244eeccf5,SPEND,-1146.93,SG,4455.18,2024-09-20T07:00:00,QR
WAL_e122f8f589,U_ed27d81226,LOAD,9690.74,BD,9690.74,2024-11-09T14:00:00,APP
WAL_7e650c55c4,U_ed27d81226,SPEND,-1586.2,BD,8104.54,2024-11-09T14:00:00,QR
WAL_d00456168f,U_ed27d81226,SPEND,-2173.33,BD,5931.21,2024-11-15T18:00:00,QR
WAL_aec01aadb7,U_ed27d81226,SPEND,-1363.49,BD,4567.72,2024-11-04T19:00:00,QR
WAL_8b9f523792,U_ed27d81226,SPEND,-1736.41,BD,2831.31,2024-11-08T23:00:00,QR
WAL_f3c33fab5c,U_ed27d81226,LOAD,20807.45,BD,20807.45,2025-09-17T10:00:00,APP
WAL_bb7e29304e,U_ed27d81226,SPEND,-4391.86,BD,16415.59,2025-09-17T10:00:00,QR
WAL_2dd32d5eef,U_ed27d81226,SPEND,-1835.24,BD,14580.35,2025-09-17T00:00:00,QR
WAL_fbb6cb31d7,U_ed27d81226,SPEND,-2322.4,BD,12257.95,2025-09-10T19:00:00,QR
WAL_1815db1277,U_ed27d81226,SPEND,-1618.71,BD,10639.24,2025-09-17T06:00:00,QR
WAL_97e03bf674,U_ed27d81226,SPEND,-1669.93,BD,8969.31,2025-09-13T08:00:00,QR
WAL_1699ccaca0,U_ed27d81226,SPEND,-685.88,BD,8283.43,2025-09-11T02:00:00,QR
WAL_746fc886ea,U_4189f4437b,LOAD,7588.67,CA,7588.67,2025-10-17T16:00:00,APP
WAL_f64615d632,U_4189f4437b,SPEND,-987.5,CA,6601.17,2025-10-17T16:00:00,QR
WAL_16d780bf65,U_4189f4437b,SPEND,-2945.46,CA,3655.71,2025-10-17T03:00:00,QR
WAL_c7baa80b4b,U_343be9251c,LOAD,11742.76,SG,11742.76,2025-11-04T10:00:00,APP
WAL_f30e0c77e8,U_343be9251c,SPEND,-1303.3,SG,10439.46,2025-10-29T02:00:00,QR
WAL_31813bdaff,U_343be9251c,SPEND,-650.57,SG,9788.89,2025-10-26T04:00:00,QR
WAL_964ea1e9e5,U_343be9251c,SPEND,-1082.73,SG,8706.16,2025-11-06T16:00:00,QR
WAL_e67610afb4,U_343be9251c,SPEND,-2335.98,SG,6370.18,2025-11-08T06:00:00,QR
WAL_d21846a1e3,U_343be9251c,SPEND,-901.74,SG,5468.44,2025-10-31T08:00:00,QR
WAL_2e522af2bb,U_1f1f4ba9ac,LOAD,4733.14,LK,4733.14,2024-11-16T18:00:00,APP
WAL_2aacd506ed,U_1f1f4ba9ac,SPEND,-3878.21,LK,854.93,2024-11-16T18:00:00,QR
WAL_55106bf215,U_1f1f4ba9ac,SPEND,-1972.32,LK,-1117.39,2024-11-16T20:00:00,QR
WAL_63e00b12ae,U_1f1f4ba9ac,LOAD,24608.27,LK,23490.88,2024-11-23T17:00:00,APP
WAL_a148f619c1,U_1f1f4ba9ac,SPEND,-1420.67,LK,22070.21,2024-11-23T18:00:00,QR
WAL_7458b08fba,U_1f1f4ba9ac,SPEND,-4345.01,LK,17725.2,2024-11-15T11:00:00,QR
WAL_f379975da3,U_1f1f4ba9ac,SPEND,-2944.84,LK,14780.36,2024-11-14T07:00:00,QR
WAL_31b3a3e9a7,U_0ccf4470e4,LOAD,17300.58,GB,17300.58,2026-06-23T02:00:00,APP
WAL_752ffada89,U_0ccf4470e4,SPEND,-2202.39,GB,15098.19,2026-06-23T02:00:00,QR
WAL_9ced8a50aa,U_0ccf4470e4,SPEND,-1729.66,GB,13368.53,2026-06-26T12:00:00,QR
WAL_7ff66ed901,U_0ccf4470e4,SPEND,-616.73,GB,12751.8,2026-07-07T18:00:00,QR
WAL_735cd42300,U_0ccf4470e4,SPEND,-1359.52,GB,11392.28,2026-06-28T15:00:00,QR
WAL_3fe2533f6c,U_0ccf4470e4,SPEND,-3035.21,GB,8357.07,2026-06-30T06:00:00,QR
WAL_d5d3685665,U_0ccf4470e4,SPEND,-1129.77,GB,7227.3,2026-06-24T16:00:00,QR
WAL_0c83fcf6f1,U_0ccf4470e4,SPEND,-2770.99,GB,4456.31,2026-06-28T21:00:00,QR
WAL_00c1cd46cd,U_0ccf4470e4,SPEND,-1630.55,GB,2825.76,2026-06-22T20:00:00,QR
WAL_7945f85614,U_0ccf4470e4,SPEND,-726.08,GB,2099.68,2026-06-22T19:00:00,QR
WAL_b7e38cfa54,U_0ccf4470e4,SPEND,-1084.02,GB,1015.66,2026-06-23T21:00:00,QR
WAL_8918a6e0f6,U_0ccf4470e4,SPEND,-1534.1,GB,-518.44,2026-06-24T20:00:00,QR
WAL_7bd9053a54,U_0ccf4470e4,LOAD,2199.04,GB,1680.6,2026-07-04T21:00:00,APP
WAL_315ef7b9ef,U_0ccf4470e4,SPEND,-941.17,GB,739.43,2026-07-04T21:00:00,QR
WAL_da1bb4e6bd,U_0ccf4470e4,SPEND,-2600.48,GB,-1861.05,2026-07-08T05:00:00,QR
WAL_b7097d627e,U_0ccf4470e4,LOAD,3197.48,GB,1336.44,2026-06-25T14:00:00,APP
WAL_6ee9a1d729,U_0ccf4470e4,SPEND,-938.75,GB,397.69,2026-06-25T14:00:00,QR
WAL_7ab16710c0,U_0ccf4470e4,SPEND,-2106.41,GB,-1708.72,2026-07-01T17:00:00,QR
WAL_46fa5ca366,U_0ccf4470e4,LOAD,14671.47,GB,14671.47,2026-07-05T23:00:00,APP
WAL_30410f3c0e,U_0ccf4470e4,SPEND,-695.78,GB,13975.69,2026-07-05T23:00:00,QR
WAL_a22bcd063d,U_0ccf4470e4,SPEND,-1878.2,GB,12097.49,2026-07-01T06:00:00,QR
WAL_9b83af5f4f,U_0ccf4470e4,SPEND,-1100.3,GB,10997.19,2026-07-05T18:00:00,QR
WAL_71e8920c7b,U_0ccf4470e4,SPEND,-1356.42,GB,9640.77,2026-07-03T00:00:00,QR
WAL_95b9db8f12,U_0ccf4470e4,SPEND,-994.7,GB,8646.07,2026-07-01T13:00:00,QR
WAL_4001c4c863,U_0ccf4470e4,SPEND,-1227.22,GB,7418.85,2026-07-04T10:00:00,QR
WAL_b86b91b7ed,U_0ccf4470e4,SPEND,-1859.46,GB,5559.39,2026-07-01T20:00:00,QR
WAL_03fcf87e58,U_0ccf4470e4,SPEND,-4913.13,GB,646.26,2026-07-03T10:00:00,QR
WAL_ba0fa4df08,U_0ccf4470e4,SPEND,-910.0,GB,-263.74,2026-07-01T21:00:00,QR
WAL_0d2455bf53,U_0ccf4470e4,LOAD,23158.14,GB,22894.4,2026-07-05T16:00:00,APP
WAL_3a3669e2bf,U_0ccf4470e4,SPEND,-465.31,GB,22429.09,2026-07-05T16:00:00,QR
WAL_80d427d40b,U_0ccf4470e4,SPEND,-1241.41,GB,21187.68,2026-07-04T04:00:00,QR
WAL_352b611bb0,U_0ccf4470e4,SPEND,-5458.41,GB,15729.27,2026-07-04T14:00:00,QR
WAL_82d706e1eb,U_0ccf4470e4,SPEND,-2510.02,GB,13219.25,2026-07-02T18:00:00,QR
WAL_e01995c6b4,U_0ccf4470e4,SPEND,-1073.64,GB,12145.61,2026-07-03T19:00:00,QR
WAL_342b6f0e6a,U_0ccf4470e4,SPEND,-2370.63,GB,9774.98,2026-06-30T02:00:00,QR
WAL_1183e38cb5,U_0ccf4470e4,SPEND,-1107.56,GB,8667.42,2026-07-03T07:00:00,QR
WAL_e7d52d33c2,U_0ccf4470e4,LOAD,22140.71,GB,22140.71,2026-05-23T22:00:00,APP
WAL_33511c74cd,U_0ccf4470e4,SPEND,-5018.62,GB,17122.09,2026-05-23T22:00:00,QR
WAL_d85d12df50,U_0ccf4470e4,SPEND,-918.55,GB,16203.54,2026-05-26T13:00:00,QR
WAL_6eb102f295,U_0ccf4470e4,SPEND,-357.5,GB,15846.04,2026-05-28T19:00:00,QR
WAL_0a2e992a78,U_0ccf4470e4,SPEND,-1560.28,GB,14285.76,2026-05-20T19:00:00,QR
WAL_9dd97d8c0e,U_0ccf4470e4,SPEND,-1199.57,GB,13086.19,2026-05-26T22:00:00,QR
WAL_38af23e0c1,U_0ccf4470e4,SPEND,-1247.14,GB,11839.05,2026-05-31T10:00:00,QR
WAL_7e2f724b0a,U_0ccf4470e4,SPEND,-1753.61,GB,10085.44,2026-05-29T07:00:00,QR
WAL_f590fbbbae,U_0ccf4470e4,SPEND,-1309.63,GB,8775.81,2026-05-27T18:00:00,QR
WAL_08e0aa1149,U_0ccf4470e4,SPEND,-3266.57,GB,5509.24,2026-05-27T22:00:00,QR
WAL_68e6a3f4ba,U_0ccf4470e4,SPEND,-1805.39,GB,3703.85,2026-05-29T06:00:00,QR
WAL_9a0866593e,U_0ccf4470e4,SPEND,-2647.1,GB,1056.75,2026-05-24T00:00:00,QR
WAL_6a4122fd79,U_1c9b629a38,LOAD,22095.84,MY,22095.84,2024-12-12T17:00:00,APP
WAL_184943730a,U_1c9b629a38,SPEND,-1353.19,MY,20742.65,2024-12-12T17:00:00,QR
WAL_5cf5d3df13,U_1c9b629a38,SPEND,-939.27,MY,19803.38,2024-12-15T05:00:00,QR
WAL_c695f42682,U_1c9b629a38,SPEND,-1413.25,MY,18390.13,2024-12-25T14:00:00,QR
WAL_8652f68803,U_1c9b629a38,SPEND,-541.49,MY,17848.64,2024-12-20T08:00:00,QR
WAL_4892921b0b,U_1c9b629a38,LOAD,5204.13,MY,5204.13,2025-05-10T15:00:00,APP
WAL_a796e741cb,U_1c9b629a38,SPEND,-622.18,MY,4581.95,2025-05-06T05:00:00,QR
WAL_745b82630b,U_1c9b629a38,SPEND,-829.81,MY,3752.14,2025-05-06T01:00:00,QR
WAL_c0adc47b7c,U_1c9b629a38,SPEND,-1556.17,MY,2195.97,2025-05-01T16:00:00,QR
WAL_ee3b94abfe,U_1c9b629a38,SPEND,-3271.71,MY,-1075.74,2025-05-01T08:00:00,QR
WAL_47218c09d9,U_1c9b629a38,LOAD,8302.13,MY,7226.39,2025-05-10T19:00:00,APP
WAL_f9a3c35c6a,U_1c9b629a38,SPEND,-1289.76,MY,5936.63,2025-05-10T19:00:00,QR
WAL_80dab32965,U_1c9b629a38,SPEND,-663.83,MY,5272.8,2025-05-12T05:00:00,QR
WAL_8a0659b240,U_1c9b629a38,SPEND,-2938.62,MY,2334.18,2025-05-11T22:00:00,QR
WAL_aeecb58095,U_1c9b629a38,SPEND,-1283.47,MY,1050.71,2025-05-11T18:00:00,QR
WAL_5a6faf7dec,U_1c9b629a38,SPEND,-1408.33,MY,-357.62,2025-05-08T23:00:00,QR
WAL_2a2fdc52f4,U_1c9b629a38,LOAD,18912.1,MY,18554.48,2025-05-10T09:00:00,APP
WAL_637a2d7f0f,U_1c9b629a38,SPEND,-1889.25,MY,16665.23,2025-05-05T04:00:00,QR
WAL_515bc9c982,U_7ee021b30d,LOAD,12562.46,GB,12562.46,2025-12-17T02:00:00,APP
WAL_856f17d332,U_7ee021b30d,SPEND,-2166.35,GB,10396.11,2025-12-17T02:00:00,QR
WAL_2f3009c094,U_7ee021b30d,SPEND,-1336.21,GB,9059.9,2025-12-31T20:00:00,QR
WAL_9fb98ca49d,U_7ee021b30d,SPEND,-3355.46,GB,5704.44,2025-12-14T09:00:00,QR
WAL_5c6d5a35e6,U_7ee021b30d,SPEND,-1080.13,GB,4624.31,2026-01-02T01:00:00,QR
WAL_f7f690ba31,U_7ee021b30d,SPEND,-2306.45,GB,2317.86,2025-12-29T02:00:00,QR
WAL_ad4e183a63,U_7ee021b30d,SPEND,-1332.03,GB,985.83,2025-12-14T11:00:00,QR
WAL_29a36bb47d,U_7ee021b30d,SPEND,-3277.38,GB,-2291.55,2025-12-23T18:00:00,QR
WAL_e22847fc90,U_b623021f5d,LOAD,9005.02,CA,9005.02,2025-01-17T18:00:00,APP
WAL_b5bc96e940,U_b623021f5d,SPEND,-1640.31,CA,7364.71,2025-01-17T18:00:00,QR
WAL_3e4c71bb07,U_b623021f5d,SPEND,-943.45,CA,6421.26,2025-01-17T04:00:00,QR
WAL_45598fa5da,U_b623021f5d,SPEND,-1428.75,CA,4992.51,2025-01-16T01:00:00,QR
WAL_1de8d9e089,U_b623021f5d,SPEND,-1032.34,CA,3960.17,2025-01-16T19:00:00,QR
WAL_1e5f317015,U_b623021f5d,LOAD,3615.03,CA,3615.03,2025-10-07T19:00:00,APP
WAL_7efb66315b,U_b623021f5d,SPEND,-1547.73,CA,2067.3,2025-10-07T19:00:00,QR
WAL_4df199a95d,U_b623021f5d,SPEND,-3446.65,CA,-1379.35,2025-09-30T21:00:00,QR
WAL_921d8df807,U_b623021f5d,LOAD,23224.27,CA,21844.92,2025-10-08T23:00:00,APP
WAL_a7b7943507,U_b623021f5d,SPEND,-1257.89,CA,20587.03,2025-10-08T23:00:00,QR
WAL_e5ea63748a,U_b623021f5d,SPEND,-1249.24,CA,19337.79,2025-10-04T14:00:00,QR
WAL_1d9557b810,U_b623021f5d,SPEND,-1682.61,CA,17655.18,2025-10-05T00:00:00,QR
WAL_46479e0b68,U_b623021f5d,SPEND,-1682.17,CA,15973.01,2025-09-29T21:00:00,QR
WAL_2ed1aaf506,U_b623021f5d,SPEND,-2424.72,CA,13548.29,2025-09-29T11:00:00,QR
WAL_a716f47959,U_b623021f5d,SPEND,-1004.34,CA,12543.95,2025-09-30T02:00:00,QR
WAL_67862af859,U_b623021f5d,SPEND,-641.13,CA,11902.82,2025-10-08T15:00:00,QR
WAL_1e994e9eea,U_b623021f5d,SPEND,-1697.08,CA,10205.74,2025-10-03T09:00:00,QR
WAL_273f5aaccd,U_b623021f5d,SPEND,-1124.06,CA,9081.68,2025-10-01T10:00:00,QR
WAL_91ddf5bf11,U_02f240b426,LOAD,15867.82,AE,15867.82,2025-03-16T12:00:00,APP
WAL_92056ccc7b,U_02f240b426,SPEND,-1362.4,AE,14505.42,2025-03-16T12:00:00,QR
WAL_94ca2200d3,U_02f240b426,SPEND,-676.29,AE,13829.13,2025-03-15T02:00:00,QR
WAL_e42caa4c2a,U_02f240b426,SPEND,-5250.49,AE,8578.64,2025-03-20T13:00:00,QR
WAL_3491f6ba77,U_02f240b426,SPEND,-3240.56,AE,5338.08,2025-03-18T23:00:00,QR
WAL_5f03cf7234,U_02f240b426,SPEND,-3677.36,AE,1660.72,2025-03-09T09:00:00,QR
WAL_6c7141782f,U_02f240b426,SPEND,-1954.18,AE,-293.46,2025-03-18T01:00:00,QR
WAL_9afc6167ce,U_02f240b426,LOAD,22168.19,AE,21874.73,2025-03-14T01:00:00,APP
WAL_9efb262955,U_02f240b426,SPEND,-863.75,AE,21010.98,2025-03-14T01:00:00,QR
WAL_f5df10426a,U_02f240b426,SPEND,-1781.61,AE,19229.37,2025-03-16T22:00:00,QR
WAL_d688f72d02,U_02f240b426,SPEND,-1154.97,AE,18074.4,2025-03-14T14:00:00,QR
WAL_0bd7b640b6,U_d6aee91e0a,LOAD,14164.87,REST,14164.87,2026-02-16T19:00:00,APP
WAL_e8ab02c9af,U_d6aee91e0a,SPEND,-3312.88,REST,10851.99,2026-02-16T19:00:00,QR
WAL_59ebc9ce67,U_d6aee91e0a,SPEND,-1876.3,REST,8975.69,2026-02-15T00:00:00,QR
WAL_fe4161b5f2,U_d6aee91e0a,SPEND,-969.21,REST,8006.48,2026-02-11T14:00:00,QR
WAL_48bf025c61,U_d6aee91e0a,SPEND,-1946.82,REST,6059.66,2026-02-11T07:00:00,QR
WAL_8f6e4e2ece,U_d6aee91e0a,SPEND,-1052.3,REST,5007.36,2026-02-17T04:00:00,QR
WAL_e5bf29641c,U_d6aee91e0a,SPEND,-2998.6,REST,2008.76,2026-02-11T12:00:00,QR
WAL_a887fd566e,U_d6aee91e0a,SPEND,-4833.2,REST,-2824.44,2026-02-11T03:00:00,QR
WAL_7db75608fc,U_d6aee91e0a,LOAD,8978.2,REST,6153.76,2026-02-14T13:00:00,APP
WAL_b3dad9335a,U_d6aee91e0a,SPEND,-1064.18,REST,5089.58,2026-02-14T13:00:00,QR
WAL_5df857e554,U_d6aee91e0a,LOAD,6395.23,REST,6395.23,2024-11-27T03:00:00,APP
WAL_0b7e304be8,U_d6aee91e0a,SPEND,-1259.67,REST,5135.56,2024-11-27T03:00:00,QR
WAL_60e22b373a,U_d6aee91e0a,SPEND,-2171.97,REST,2963.59,2024-12-02T14:00:00,QR
WAL_80b3bc7913,U_d6aee91e0a,SPEND,-1297.26,REST,1666.33,2024-11-28T12:00:00,QR
WAL_ae984be85b,U_d6aee91e0a,SPEND,-762.39,REST,903.94,2024-11-29T08:00:00,QR
WAL_e7c4e9369f,U_d6aee91e0a,LOAD,18923.29,REST,18923.29,2025-06-12T01:00:00,APP
WAL_d87338c123,U_d6aee91e0a,SPEND,-2847.85,REST,16075.44,2025-06-12T01:00:00,QR
WAL_26b78f5631,U_d6aee91e0a,SPEND,-2093.04,REST,13982.4,2025-06-16T07:00:00,QR
WAL_aae89ef435,U_d6aee91e0a,SPEND,-1477.41,REST,12504.99,2025-06-21T08:00:00,QR
WAL_3fa71356ed,U_d6aee91e0a,SPEND,-2802.55,REST,9702.44,2025-06-17T07:00:00,QR
WAL_a343f79bb7,U_d6aee91e0a,SPEND,-2632.47,REST,7069.97,2025-06-18T22:00:00,QR
WAL_63d44ef409,U_d6aee91e0a,SPEND,-1991.7,REST,5078.27,2025-06-23T18:00:00,QR
WAL_83c40ed645,U_d6aee91e0a,SPEND,-1560.66,REST,3517.61,2025-06-23T22:00:00,QR
WAL_cf4aad653c,U_d6aee91e0a,SPEND,-835.57,REST,2682.04,2025-06-29T07:00:00,QR
WAL_c87f3ddfcf,U_d6aee91e0a,SPEND,-1770.64,REST,911.4,2025-06-14T04:00:00,QR
WAL_f4f64a6a8f,U_0dc8681be3,LOAD,17574.73,MY,17574.73,2024-12-25T19:00:00,APP
WAL_1a490f078c,U_0dc8681be3,SPEND,-1124.48,MY,16450.25,2024-12-26T19:00:00,QR
WAL_fa6cfce909,U_0dc8681be3,SPEND,-569.49,MY,15880.76,2024-12-25T22:00:00,QR
WAL_246f34dc89,U_0dc8681be3,SPEND,-1594.38,MY,14286.38,2024-12-24T04:00:00,QR
WAL_e4aef79bd8,U_0dc8681be3,SPEND,-513.88,MY,13772.5,2024-12-24T05:00:00,QR
WAL_36585fab2b,U_0dc8681be3,SPEND,-814.35,MY,12958.15,2024-12-24T04:00:00,QR
WAL_9be55de094,U_0dc8681be3,SPEND,-2185.12,MY,10773.03,2024-12-25T07:00:00,QR
WAL_9b69ba1cd7,U_0dc8681be3,SPEND,-2028.07,MY,8744.96,2024-12-24T17:00:00,QR
WAL_782881b240,U_0dc8681be3,LOAD,14932.77,MY,14932.77,2025-06-03T09:00:00,APP
WAL_47857f1f39,U_0dc8681be3,SPEND,-1007.1,MY,13925.67,2025-06-03T09:00:00,QR
WAL_96c6a00c49,U_0dc8681be3,SPEND,-1174.8,MY,12750.87,2025-05-26T12:00:00,QR
WAL_92a6c277a4,U_0dc8681be3,SPEND,-798.83,MY,11952.04,2025-05-27T00:00:00,QR
WAL_a97377e84d,U_0dc8681be3,SPEND,-4157.95,MY,7794.09,2025-05-29T03:00:00,QR
WAL_d9918624e6,U_0dc8681be3,SPEND,-2042.29,MY,5751.8,2025-06-06T22:00:00,QR
WAL_41248af5de,U_0dc8681be3,SPEND,-1042.16,MY,4709.64,2025-06-06T13:00:00,QR
WAL_f0b17ea45d,U_0dc8681be3,SPEND,-1170.63,MY,3539.01,2025-06-06T09:00:00,QR
WAL_b52bd61448,U_0dc8681be3,SPEND,-2477.88,MY,1061.13,2025-05-31T19:00:00,QR
WAL_085e2d1995,U_0dc8681be3,SPEND,-1732.15,MY,-671.02,2025-06-01T14:00:00,QR
WAL_27e0d7d7d9,U_0dc8681be3,LOAD,2443.35,MY,2443.35,2025-06-04T14:00:00,APP
WAL_01d5c2f0ef,U_0dc8681be3,SPEND,-1082.61,MY,1360.74,2025-06-01T13:00:00,QR
WAL_14a59d01f3,U_d1871eaf3d,LOAD,6138.1,SG,6138.1,2025-12-11T21:00:00,APP
WAL_6d3b5633eb,U_d1871eaf3d,SPEND,-2533.7,SG,3604.4,2025-12-11T12:00:00,QR
WAL_b71f8a83ae,U_d1871eaf3d,SPEND,-2074.6,SG,1529.8,2025-12-15T03:00:00,QR
WAL_c397ff44ce,U_9035fbd6ff,LOAD,12490.85,REST,12490.85,2026-05-23T01:00:00,APP
WAL_f70603fd04,U_9035fbd6ff,SPEND,-1093.44,REST,11397.41,2026-05-23T01:00:00,QR
WAL_e9062df2cd,U_9035fbd6ff,SPEND,-1261.53,REST,10135.88,2026-05-21T22:00:00,QR
WAL_4d0053ec51,U_9035fbd6ff,SPEND,-1081.68,REST,9054.2,2026-05-22T10:00:00,QR
WAL_d413b80d1b,U_9035fbd6ff,SPEND,-1231.06,REST,7823.14,2026-05-18T20:00:00,QR
WAL_adad243f23,U_9035fbd6ff,SPEND,-1667.65,REST,6155.49,2026-05-20T19:00:00,QR
WAL_d42d3ff65a,U_9035fbd6ff,SPEND,-925.45,REST,5230.04,2026-05-24T12:00:00,QR
WAL_7b76205445,U_9035fbd6ff,SPEND,-656.75,REST,4573.29,2026-05-17T10:00:00,QR
WAL_d57e685bae,U_9035fbd6ff,SPEND,-1362.01,REST,3211.28,2026-05-15T20:00:00,QR
WAL_469079cebd,U_9035fbd6ff,SPEND,-1596.4,REST,1614.88,2026-05-21T09:00:00,QR
WAL_4c055b3020,U_9035fbd6ff,SPEND,-1514.69,REST,100.19,2026-05-23T04:00:00,QR
WAL_b36e037c67,U_9035fbd6ff,SPEND,-1282.01,REST,-1181.82,2026-05-23T13:00:00,QR
WAL_0ac3b4e0ee,U_9035fbd6ff,LOAD,21908.19,REST,20726.37,2026-05-21T00:00:00,APP
WAL_40fd36fd2d,U_9035fbd6ff,SPEND,-988.02,REST,19738.35,2026-05-21T00:00:00,QR
WAL_1b60005816,U_9035fbd6ff,SPEND,-1797.34,REST,17941.01,2026-05-22T07:00:00,QR
WAL_7d1b850508,U_3d426cdd79,LOAD,6264.32,REST,6264.32,2024-09-09T17:00:00,APP
WAL_703dcda600,U_3d426cdd79,SPEND,-2836.71,REST,3427.61,2024-09-17T17:00:00,QR
WAL_ca8ae68e43,U_3d426cdd79,SPEND,-850.11,REST,2577.5,2024-09-08T15:00:00,QR
WAL_f552f91cbe,U_3d426cdd79,LOAD,22805.11,REST,22805.11,2025-10-17T14:00:00,APP
WAL_94a07461ce,U_3d426cdd79,SPEND,-2567.36,REST,20237.75,2025-10-17T14:00:00,QR
WAL_6ac8cb65fe,U_3d426cdd79,SPEND,-1756.28,REST,18481.47,2025-10-25T12:00:00,QR
WAL_366d7b00e1,U_3d426cdd79,SPEND,-803.93,REST,17677.54,2025-10-24T13:00:00,QR
WAL_453cd2ef68,U_3d426cdd79,SPEND,-1103.03,REST,16574.51,2025-10-15T22:00:00,QR
WAL_aefb2d7383,U_3d426cdd79,SPEND,-5744.54,REST,10829.97,2025-10-09T19:00:00,QR
WAL_f63512a79d,U_3d426cdd79,SPEND,-3059.66,REST,7770.31,2025-10-21T05:00:00,QR
WAL_b0da0ac236,U_3d426cdd79,SPEND,-1091.84,REST,6678.47,2025-10-14T00:00:00,QR
WAL_fd814ae242,U_3d426cdd79,SPEND,-2256.76,REST,4421.71,2025-10-10T11:00:00,QR
WAL_94da1f6875,U_3d426cdd79,LOAD,21414.11,REST,21414.11,2026-05-24T20:00:00,APP
WAL_5b42a7bc55,U_3d426cdd79,SPEND,-2463.34,REST,18950.77,2026-05-25T11:00:00,QR
WAL_7118ae1955,U_3d426cdd79,SPEND,-1409.07,REST,17541.7,2026-05-10T03:00:00,QR
WAL_637cdea079,U_3d426cdd79,SPEND,-1083.34,REST,16458.36,2026-05-19T05:00:00,QR
WAL_2bb64919f7,U_3d426cdd79,SPEND,-967.15,REST,15491.21,2026-05-24T23:00:00,QR
WAL_6e197225b1,U_3d426cdd79,SPEND,-1529.32,REST,13961.89,2026-05-20T20:00:00,QR
WAL_b889335471,U_3d426cdd79,SPEND,-1585.19,REST,12376.7,2026-05-22T03:00:00,QR
WAL_60adbf70ef,U_3d426cdd79,SPEND,-1150.35,REST,11226.35,2026-05-14T23:00:00,QR
WAL_87aea16c4e,U_3d426cdd79,SPEND,-1423.04,REST,9803.31,2026-05-10T12:00:00,QR
WAL_819869a50b,U_3d426cdd79,SPEND,-1632.78,REST,8170.53,2026-05-11T04:00:00,QR
WAL_34abef64bf,U_3d426cdd79,LOAD,9947.31,REST,9947.31,2025-12-01T21:00:00,APP
WAL_d02e8948e7,U_3d426cdd79,SPEND,-3147.82,REST,6799.49,2025-12-01T21:00:00,QR
WAL_84d6056908,U_3d426cdd79,SPEND,-882.86,REST,5916.63,2025-11-29T14:00:00,QR
WAL_8ee8f31771,U_3d426cdd79,SPEND,-3434.52,REST,2482.11,2025-12-03T11:00:00,QR
WAL_c562ad0ba5,U_3d426cdd79,SPEND,-1018.01,REST,1464.1,2025-12-01T07:00:00,QR
WAL_6ba773e45a,U_3d426cdd79,SPEND,-3637.34,REST,-2173.24,2025-12-05T05:00:00,QR
WAL_2c59aae4e9,U_3d426cdd79,LOAD,7289.91,REST,5116.66,2025-12-05T04:00:00,APP
WAL_dd5351ceae,U_3d426cdd79,SPEND,-880.75,REST,4235.91,2025-12-05T04:00:00,QR
WAL_25e311e7d5,U_3d426cdd79,SPEND,-4455.93,REST,-220.02,2025-11-28T02:00:00,QR
WAL_939f0a9649,U_3d426cdd79,LOAD,6407.23,REST,6187.22,2025-11-29T07:00:00,APP
WAL_0816d12c0e,U_3d426cdd79,SPEND,-2447.44,REST,3739.78,2025-11-29T07:00:00,QR
WAL_9cd46518d0,U_3d426cdd79,SPEND,-5737.14,REST,-1997.36,2025-12-03T22:00:00,QR
WAL_6c392cf258,U_3d426cdd79,LOAD,22690.83,REST,20693.47,2025-12-06T13:00:00,APP
WAL_8bcfd02748,U_3d426cdd79,SPEND,-1592.24,REST,19101.23,2025-12-02T14:00:00,QR
WAL_99fcf26b9c,U_7d43fcf103,LOAD,18295.59,US,18295.59,2026-01-14T00:00:00,APP
WAL_88c6a7587f,U_7d43fcf103,SPEND,-2071.03,US,16224.56,2026-01-14T00:00:00,QR
WAL_639c07c4d1,U_7d43fcf103,SPEND,-1591.83,US,14632.73,2026-01-14T19:00:00,QR
WAL_1531128389,U_7d43fcf103,SPEND,-1463.24,US,13169.49,2026-01-20T21:00:00,QR
WAL_8a31b64a7c,U_7d43fcf103,SPEND,-1891.46,US,11278.03,2026-01-15T19:00:00,QR
WAL_a67f8651fa,U_7d43fcf103,SPEND,-1474.31,US,9803.72,2026-01-14T07:00:00,QR
WAL_c7bd55bdb6,U_7d43fcf103,SPEND,-1884.62,US,7919.1,2026-01-19T16:00:00,QR
WAL_7aa64564d8,U_7176168152,LOAD,5339.06,MY,5339.06,2026-02-21T02:00:00,APP
WAL_c285c3c46a,U_7176168152,SPEND,-784.81,MY,4554.25,2026-02-21T02:00:00,QR
WAL_aca48bf407,U_7176168152,SPEND,-824.93,MY,3729.32,2026-02-08T14:00:00,QR
WAL_4d3f830e50,U_7176168152,SPEND,-1155.6,MY,2573.72,2026-02-10T00:00:00,QR
WAL_334e59698e,U_7176168152,SPEND,-2379.79,MY,193.93,2026-02-24T01:00:00,QR
WAL_27dc06d517,U_7176168152,SPEND,-1215.01,MY,-1021.08,2026-02-14T04:00:00,QR
WAL_733297ca9b,U_07ec2b0404,LOAD,7861.81,SG,7861.81,2026-03-12T05:00:00,APP
WAL_9234044d67,U_07ec2b0404,SPEND,-1358.67,SG,6503.14,2026-03-12T05:00:00,QR
WAL_0fed43f5e4,U_07ec2b0404,SPEND,-1001.92,SG,5501.22,2026-03-24T10:00:00,QR
WAL_efae9f818e,U_07ec2b0404,SPEND,-1209.31,SG,4291.91,2026-03-28T05:00:00,QR
WAL_5e9faabd67,U_07ec2b0404,LOAD,8140.61,SG,8140.61,2024-11-08T02:00:00,APP
WAL_8dca09d452,U_07ec2b0404,SPEND,-3213.83,SG,4926.78,2024-11-08T02:00:00,QR
WAL_37abe2a8ee,U_07ec2b0404,SPEND,-1054.9,SG,3871.88,2024-11-14T15:00:00,QR
WAL_d78c5a7a3a,U_07ec2b0404,SPEND,-2716.69,SG,1155.19,2024-11-05T19:00:00,QR
WAL_743feffb08,U_07ec2b0404,SPEND,-815.37,SG,339.82,2024-11-15T03:00:00,QR
WAL_5eb8be6849,U_07ec2b0404,SPEND,-1057.93,SG,-718.11,2024-11-15T20:00:00,QR
WAL_5b560ac9f2,U_07ec2b0404,LOAD,18050.51,SG,17332.39,2024-11-17T21:00:00,APP
WAL_9fbd16f282,U_07ec2b0404,SPEND,-2502.47,SG,14829.92,2024-11-12T23:00:00,QR
WAL_4d0b144eee,U_07ec2b0404,SPEND,-2286.7,SG,12543.22,2024-11-16T22:00:00,QR
WAL_b80f22e53d,U_07ec2b0404,SPEND,-1109.7,SG,11433.52,2024-11-14T05:00:00,QR
WAL_89eba8ba4c,U_4269816502,LOAD,11321.82,US,11321.82,2024-08-21T11:00:00,APP
WAL_8461920465,U_4269816502,SPEND,-2320.79,US,9001.03,2024-09-02T12:00:00,QR
WAL_b16a8023a1,U_4269816502,SPEND,-856.36,US,8144.67,2024-08-30T13:00:00,QR
WAL_28b8537e66,U_4269816502,SPEND,-1286.03,US,6858.64,2024-09-04T18:00:00,QR
WAL_5ac7a1ff49,U_fc45929bef,LOAD,8388.3,AU,8388.3,2026-01-18T07:00:00,APP
WAL_9507a876ff,U_fc45929bef,SPEND,-1557.21,AU,6831.09,2026-01-18T07:00:00,QR
WAL_bb94e9af75,U_fc45929bef,SPEND,-1124.72,AU,5706.37,2026-01-16T17:00:00,QR
WAL_1d52b65f49,U_fc45929bef,SPEND,-1331.12,AU,4375.25,2026-01-30T14:00:00,QR
WAL_b53a8a51b3,U_fc45929bef,SPEND,-1621.35,AU,2753.9,2026-01-18T06:00:00,QR
WAL_7401a77a4d,U_fc45929bef,SPEND,-910.56,AU,1843.34,2026-01-22T23:00:00,QR
WAL_24764dac76,U_fc45929bef,SPEND,-1052.91,AU,790.43,2026-01-19T12:00:00,QR
WAL_1593d90c0a,U_fc45929bef,SPEND,-2396.89,AU,-1606.46,2026-01-28T21:00:00,QR
WAL_8f81c7b230,U_fa6024905a,LOAD,10176.9,AE,10176.9,2026-05-22T12:00:00,APP
WAL_19a8fde185,U_fa6024905a,SPEND,-1047.7,AE,9129.2,2026-05-22T12:00:00,QR
WAL_2786080a4f,U_fa6024905a,SPEND,-2553.08,AE,6576.12,2026-05-29T11:00:00,QR
WAL_bb18582ed1,U_fa6024905a,SPEND,-434.09,AE,6142.03,2026-05-17T02:00:00,QR
WAL_590b63be9e,U_fa6024905a,SPEND,-975.32,AE,5166.71,2026-05-10T14:00:00,QR
WAL_eb203cf598,U_fa6024905a,SPEND,-3325.48,AE,1841.23,2026-05-13T05:00:00,QR
WAL_35f35aa422,U_fa6024905a,LOAD,9328.36,AE,9328.36,2026-03-03T19:00:00,APP
WAL_e3d8e0910e,U_fa6024905a,SPEND,-1488.48,AE,7839.88,2026-03-03T19:00:00,QR
WAL_813966fe28,U_fa6024905a,SPEND,-3215.17,AE,4624.71,2026-03-15T23:00:00,QR
WAL_84f5758ba2,U_fa6024905a,LOAD,9043.36,AE,9043.36,2026-05-11T08:00:00,APP
WAL_ce146e9806,U_fa6024905a,SPEND,-1021.53,AE,8021.83,2026-05-11T08:00:00,QR
WAL_af7f5ad1fa,U_fa6024905a,SPEND,-921.43,AE,7100.4,2026-05-10T01:00:00,QR
WAL_4de9f7beca,U_fa6024905a,SPEND,-1089.63,AE,6010.77,2026-05-03T00:00:00,QR
WAL_5ea6ccaff5,U_fa6024905a,SPEND,-839.97,AE,5170.8,2026-05-05T18:00:00,QR
WAL_58f20d006f,U_fa6024905a,SPEND,-1501.32,AE,3669.48,2026-05-11T10:00:00,QR
WAL_e33d024ac0,U_fa6024905a,SPEND,-267.24,AE,3402.24,2026-05-12T02:00:00,QR
WAL_3c384339d6,U_84025ddbbe,LOAD,14865.67,MY,14865.67,2025-06-16T01:00:00,APP
WAL_a9c86f3181,U_84025ddbbe,SPEND,-1577.76,MY,13287.91,2025-06-16T01:00:00,QR
WAL_ad49163baf,U_84025ddbbe,SPEND,-524.11,MY,12763.8,2025-06-11T08:00:00,QR
WAL_b8fab49b94,U_84025ddbbe,SPEND,-2968.07,MY,9795.73,2025-06-10T22:00:00,QR
WAL_0427d0bbba,U_84025ddbbe,SPEND,-2338.39,MY,7457.34,2025-06-17T23:00:00,QR
WAL_d4f562335b,U_84025ddbbe,SPEND,-2432.44,MY,5024.9,2025-06-13T00:00:00,QR
WAL_1f506c58de,U_84025ddbbe,SPEND,-796.36,MY,4228.54,2025-06-15T19:00:00,QR
WAL_8546b12d12,U_84025ddbbe,LOAD,8154.78,MY,8154.78,2025-09-11T09:00:00,APP
WAL_0cb226a2ab,U_84025ddbbe,SPEND,-1827.4,MY,6327.38,2025-09-09T06:00:00,QR
WAL_b50b180569,U_84025ddbbe,SPEND,-2920.71,MY,3406.67,2025-09-08T03:00:00,QR
WAL_acb9d4a8c4,U_84025ddbbe,SPEND,-1073.18,MY,2333.49,2025-09-07T12:00:00,QR
WAL_acefd1bb3a,U_84025ddbbe,SPEND,-1020.34,MY,1313.15,2025-09-07T15:00:00,QR
WAL_e63f564288,U_84025ddbbe,SPEND,-2273.33,MY,-960.18,2025-09-10T02:00:00,QR
WAL_c715d76839,U_84025ddbbe,LOAD,9607.97,MY,8647.79,2025-09-09T10:00:00,APP
WAL_2c21b3b23b,U_84025ddbbe,SPEND,-1252.93,MY,7394.86,2025-09-09T01:00:00,QR
WAL_a3bea5e2af,U_84025ddbbe,SPEND,-1631.71,MY,5763.15,2025-09-13T06:00:00,QR
WAL_b0fe92b3df,U_84025ddbbe,SPEND,-3304.77,MY,2458.38,2025-09-15T05:00:00,QR
WAL_e11fb70aee,U_84025ddbbe,SPEND,-2454.74,MY,3.64,2025-09-08T18:00:00,QR
WAL_09fe896a00,U_84025ddbbe,SPEND,-850.95,MY,-847.31,2025-09-09T21:00:00,QR
WAL_1193663637,U_442c52fe44,LOAD,11818.27,AU,11818.27,2025-01-27T13:00:00,APP
WAL_55aac544e0,U_442c52fe44,SPEND,-952.9,AU,10865.37,2025-01-27T13:00:00,QR
WAL_2239084530,U_442c52fe44,SPEND,-1701.05,AU,9164.32,2025-01-26T10:00:00,QR
WAL_f6c946906b,U_442c52fe44,SPEND,-804.44,AU,8359.88,2025-01-25T08:00:00,QR
WAL_b9887e668b,U_f61a79fd14,LOAD,19066.72,BD,19066.72,2025-05-30T22:00:00,APP
WAL_97d5364fec,U_f61a79fd14,SPEND,-741.93,BD,18324.79,2025-06-02T16:00:00,QR
WAL_2898fc8491,U_7940890496,LOAD,8916.85,AU,8916.85,2025-03-19T07:00:00,APP
WAL_32f8413acd,U_7940890496,SPEND,-1068.56,AU,7848.29,2025-03-19T07:00:00,QR
WAL_ae7292e73d,U_7940890496,SPEND,-582.04,AU,7266.25,2025-03-06T07:00:00,QR
WAL_23177431ad,U_7940890496,SPEND,-707.85,AU,6558.4,2025-03-16T10:00:00,QR
WAL_ade718dacc,U_7940890496,SPEND,-3499.27,AU,3059.13,2025-03-18T22:00:00,QR
WAL_5e7736ac22,U_7940890496,LOAD,17817.0,AU,17817.0,2025-05-21T23:00:00,APP
WAL_a281782ad0,U_7940890496,SPEND,-893.35,AU,16923.65,2025-05-21T23:00:00,QR
WAL_62eb7adc38,U_7940890496,SPEND,-2115.71,AU,14807.94,2025-05-23T00:00:00,QR
WAL_d1edb7982f,U_7940890496,SPEND,-3142.98,AU,11664.96,2025-05-22T15:00:00,QR
WAL_fd0891e8b8,U_7940890496,SPEND,-1476.02,AU,10188.94,2025-05-22T00:00:00,QR
WAL_fdd5e8f082,U_7940890496,SPEND,-2810.91,AU,7378.03,2025-05-23T08:00:00,QR
WAL_348f1e8706,U_1926ac6d1e,LOAD,10775.88,SG,10775.88,2024-09-17T07:00:00,APP
WAL_a1fae2d243,U_1926ac6d1e,SPEND,-2351.88,SG,8424.0,2024-09-13T03:00:00,QR
WAL_e5da9c9442,U_1926ac6d1e,SPEND,-1742.81,SG,6681.19,2024-09-14T20:00:00,QR
WAL_fe7546fe1a,U_1926ac6d1e,SPEND,-1830.06,SG,4851.13,2024-09-16T05:00:00,QR
WAL_e783629d97,U_1926ac6d1e,SPEND,-944.07,SG,3907.06,2024-09-09T19:00:00,QR
WAL_55402a19c1,U_1926ac6d1e,LOAD,20283.55,SG,20283.55,2026-07-11T21:00:00,APP
WAL_8a673e027e,U_1926ac6d1e,SPEND,-862.05,SG,19421.5,2026-07-11T21:00:00,QR
WAL_6a1503158d,U_1926ac6d1e,SPEND,-1227.83,SG,18193.67,2026-07-15T06:00:00,QR
WAL_c1f0f341d6,U_1926ac6d1e,SPEND,-1434.97,SG,16758.7,2026-07-24T06:00:00,QR
WAL_a33af71c4c,U_1926ac6d1e,SPEND,-1683.62,SG,15075.08,2026-07-29T21:00:00,QR
WAL_f00fe2f532,U_1926ac6d1e,SPEND,-695.82,SG,14379.26,2026-07-29T23:00:00,QR
WAL_48c7d1e73a,U_1926ac6d1e,SPEND,-3357.45,SG,11021.81,2026-07-15T07:00:00,QR
WAL_ecb6482eb7,U_1926ac6d1e,SPEND,-2305.87,SG,8715.94,2026-07-28T07:00:00,QR
WAL_9fab79b7a6,U_1926ac6d1e,SPEND,-2866.92,SG,5849.02,2026-07-13T00:00:00,QR
WAL_6304cc54b7,U_1926ac6d1e,SPEND,-1066.37,SG,4782.65,2026-07-27T07:00:00,QR
WAL_a07104a4be,U_1926ac6d1e,SPEND,-2248.66,SG,2533.99,2026-07-15T11:00:00,QR
WAL_4b7cca405c,U_1926ac6d1e,SPEND,-4184.02,SG,-1650.03,2026-07-15T02:00:00,QR
WAL_5f016f9bd6,U_1926ac6d1e,LOAD,11180.62,SG,9530.6,2026-07-17T09:00:00,APP
WAL_c6e9d30055,U_1926ac6d1e,SPEND,-1893.06,SG,7637.54,2026-07-14T04:00:00,QR
WAL_9e2b5b7aac,U_366ed2ab14,LOAD,3713.27,US,3713.27,2025-11-01T15:00:00,APP
WAL_7cd30c9303,U_366ed2ab14,SPEND,-1104.92,US,2608.35,2025-10-24T02:00:00,QR
WAL_3e3ee91e19,U_366ed2ab14,SPEND,-2223.07,US,385.28,2025-11-03T09:00:00,QR
WAL_23d6815285,U_366ed2ab14,SPEND,-963.76,US,-578.48,2025-10-24T20:00:00,QR
WAL_fd7bb33666,U_366ed2ab14,LOAD,14862.64,US,14284.16,2025-10-26T03:00:00,APP
WAL_1b0bb43925,U_366ed2ab14,SPEND,-2020.17,US,12263.99,2025-10-26T03:00:00,QR
WAL_c63fdfc6a9,U_366ed2ab14,SPEND,-3109.16,US,9154.83,2025-10-30T10:00:00,QR
WAL_54f55e2306,U_366ed2ab14,SPEND,-2254.88,US,6899.95,2025-10-31T16:00:00,QR
WAL_60c70b0070,U_366ed2ab14,SPEND,-2201.94,US,4698.01,2025-10-28T18:00:00,QR
WAL_ee83369785,U_366ed2ab14,SPEND,-3572.04,US,1125.97,2025-10-20T14:00:00,QR
WAL_0f85fae70d,U_366ed2ab14,SPEND,-3575.1,US,-2449.13,2025-10-22T02:00:00,QR
WAL_87cc836bcd,U_366ed2ab14,LOAD,4824.15,US,2375.02,2025-10-29T12:00:00,APP
WAL_8c75c760e5,U_366ed2ab14,SPEND,-2379.15,US,-4.13,2025-10-29T12:00:00,QR
WAL_bd932c235a,U_366ed2ab14,LOAD,20804.65,US,20800.53,2025-10-24T08:00:00,APP
WAL_064d4e23fe,U_366ed2ab14,SPEND,-2010.26,US,18790.27,2025-10-24T08:00:00,QR
WAL_2f79e4efc5,U_366ed2ab14,SPEND,-1317.73,US,17472.54,2025-10-21T04:00:00,QR
WAL_550cbb1e97,U_366ed2ab14,SPEND,-2166.61,US,15305.93,2025-10-23T07:00:00,QR
WAL_ecb058b139,U_366ed2ab14,SPEND,-2838.79,US,12467.14,2025-10-22T06:00:00,QR
WAL_7623a5ed33,U_26c8cbd18a,LOAD,13620.98,GB,13620.98,2024-11-30T21:00:00,APP
WAL_f535253a6c,U_26c8cbd18a,SPEND,-2818.72,GB,10802.26,2024-11-30T21:00:00,QR
WAL_ed849865ce,U_26c8cbd18a,SPEND,-1854.07,GB,8948.19,2024-12-02T23:00:00,QR
WAL_d6cbfb3839,U_26c8cbd18a,SPEND,-910.76,GB,8037.43,2024-11-26T00:00:00,QR
WAL_7898c0bf3c,U_b56f862436,LOAD,18545.17,AU,18545.17,2026-07-05T08:00:00,APP
WAL_005ffd9c01,U_b56f862436,SPEND,-1127.97,AU,17417.2,2026-07-05T08:00:00,QR
WAL_43d166279a,U_b56f862436,SPEND,-713.36,AU,16703.84,2026-07-05T07:00:00,QR
WAL_0e2ba53727,U_b56f862436,SPEND,-2334.53,AU,14369.31,2026-07-05T13:00:00,QR
WAL_fb2f98f876,U_b56f862436,SPEND,-1722.87,AU,12646.44,2026-07-04T01:00:00,QR
WAL_0cc8bde377,U_b56f862436,SPEND,-892.01,AU,11754.43,2026-07-02T22:00:00,QR
WAL_0079a66ad1,U_b56f862436,SPEND,-605.5,AU,11148.93,2026-07-03T05:00:00,QR
WAL_9375a983ce,U_b56f862436,SPEND,-1327.39,AU,9821.54,2026-07-05T06:00:00,QR
WAL_b87fc982ec,U_b56f862436,LOAD,17826.97,AU,17826.97,2025-10-06T16:00:00,APP
WAL_73c5efabed,U_b56f862436,SPEND,-3212.49,AU,14614.48,2025-10-06T16:00:00,QR
WAL_0e9ef61c0a,U_b56f862436,SPEND,-1278.38,AU,13336.1,2025-10-08T01:00:00,QR
WAL_75bc163d21,U_b56f862436,SPEND,-2080.98,AU,11255.12,2025-09-26T13:00:00,QR
WAL_c1fc48571d,U_b56f862436,SPEND,-1397.03,AU,9858.09,2025-10-07T00:00:00,QR
WAL_13e81d37e9,U_335868636d,LOAD,21640.81,NP,21640.81,2025-02-20T16:00:00,APP
WAL_a306ea1e04,U_335868636d,SPEND,-946.27,NP,20694.54,2025-02-20T16:00:00,QR
WAL_117bd46a00,U_335868636d,SPEND,-1380.88,NP,19313.66,2025-02-21T03:00:00,QR
WAL_7fbb6073f4,U_335868636d,SPEND,-2603.27,NP,16710.39,2025-02-18T20:00:00,QR
WAL_4ef465a1e0,U_335868636d,SPEND,-490.46,NP,16219.93,2025-02-16T17:00:00,QR
WAL_6b20fe652d,U_335868636d,SPEND,-2342.62,NP,13877.31,2025-02-18T21:00:00,QR
WAL_5d5d5dc676,U_7b50387af1,LOAD,8951.18,REST,8951.18,2025-07-27T22:00:00,APP
WAL_edb15719d3,U_7b50387af1,SPEND,-1464.89,REST,7486.29,2025-07-27T22:00:00,QR
WAL_5e805b215b,U_7b50387af1,SPEND,-1552.77,REST,5933.52,2025-07-27T21:00:00,QR
WAL_d3e1aef4ad,U_7b50387af1,SPEND,-1756.48,REST,4177.04,2025-07-20T02:00:00,QR
WAL_219c2e87ee,U_7b50387af1,SPEND,-1982.8,REST,2194.24,2025-07-27T00:00:00,QR
WAL_f8f646fab8,U_7b50387af1,SPEND,-2575.11,REST,-380.87,2025-07-25T05:00:00,QR
WAL_e4a7be1d6a,U_7b50387af1,LOAD,13300.0,REST,12919.13,2025-07-26T18:00:00,APP
WAL_25887d05b3,U_7b50387af1,SPEND,-1589.83,REST,11329.3,2025-07-26T18:00:00,QR
WAL_641fbb5fac,U_7b50387af1,SPEND,-1489.1,REST,9840.2,2025-07-23T09:00:00,QR
WAL_7dfc5df540,U_7b50387af1,SPEND,-1259.1,REST,8581.1,2025-07-21T11:00:00,QR
WAL_5fc3d78411,U_7b50387af1,LOAD,11632.03,REST,11632.03,2025-05-22T08:00:00,APP
WAL_675a31e291,U_7b50387af1,SPEND,-1365.25,REST,10266.78,2025-05-20T22:00:00,QR
WAL_5fdb73d53e,U_7b50387af1,SPEND,-3281.76,REST,6985.02,2025-05-21T17:00:00,QR
WAL_55b895d69d,U_7b50387af1,SPEND,-665.9,REST,6319.12,2025-05-25T07:00:00,QR
WAL_815be95a36,U_7b50387af1,SPEND,-1450.86,REST,4868.26,2025-05-22T05:00:00,QR
WAL_70a164ab5b,U_7b50387af1,LOAD,21875.38,REST,21875.38,2025-10-13T15:00:00,APP
WAL_2dd24350a8,U_7b50387af1,SPEND,-1204.32,REST,20671.06,2025-10-16T21:00:00,QR
WAL_d0a9a17669,U_7b50387af1,SPEND,-1440.69,REST,19230.37,2025-10-11T00:00:00,QR
WAL_e655da6767,U_7b50387af1,SPEND,-2341.22,REST,16889.15,2025-10-15T07:00:00,QR
WAL_0400843a50,U_7b50387af1,SPEND,-2025.21,REST,14863.94,2025-10-09T03:00:00,QR
WAL_112ec14a30,U_7b50387af1,SPEND,-1741.45,REST,13122.49,2025-10-09T08:00:00,QR
WAL_7cdfa8867a,U_7b50387af1,SPEND,-2393.56,REST,10728.93,2025-10-12T23:00:00,QR
WAL_22f0d2f90b,U_0f5833e283,LOAD,12020.92,BD,12020.92,2024-09-21T14:00:00,APP
WAL_af623ab862,U_0f5833e283,SPEND,-876.18,BD,11144.74,2024-09-21T14:00:00,QR
WAL_9c80d51526,U_0f5833e283,SPEND,-616.12,BD,10528.62,2024-09-17T15:00:00,QR
WAL_ef7958c32d,U_0f5833e283,SPEND,-1215.41,BD,9313.21,2024-09-22T13:00:00,QR
WAL_22c5774edf,U_0f5833e283,SPEND,-1818.55,BD,7494.66,2024-09-18T03:00:00,QR
WAL_2841bf4266,U_0f5833e283,SPEND,-2228.73,BD,5265.93,2024-09-18T01:00:00,QR
WAL_37b1451b0c,U_0f5833e283,SPEND,-882.39,BD,4383.54,2024-09-19T06:00:00,QR
WAL_3c0f3445f4,U_68d881a21f,LOAD,13133.41,AU,13133.41,2025-06-29T23:00:00,APP
WAL_b386b5f737,U_68d881a21f,SPEND,-1286.18,AU,11847.23,2025-06-29T23:00:00,QR
WAL_c97c0115fa,U_68d881a21f,SPEND,-1330.16,AU,10517.07,2025-07-02T03:00:00,QR
WAL_901a980e50,U_68d881a21f,SPEND,-398.73,AU,10118.34,2025-06-29T23:00:00,QR
WAL_4756c4db10,U_68d881a21f,SPEND,-1677.01,AU,8441.33,2025-07-04T05:00:00,QR
WAL_8cfcba90f9,U_68d881a21f,SPEND,-2584.12,AU,5857.21,2025-06-29T06:00:00,QR
WAL_ffa02ed4bb,U_e650e0f3f3,LOAD,11536.41,AU,11536.41,2025-05-09T07:00:00,APP
WAL_9397e056ef,U_e650e0f3f3,SPEND,-1835.71,AU,9700.7,2025-05-09T07:00:00,QR
WAL_38a2df813f,U_e650e0f3f3,SPEND,-1064.51,AU,8636.19,2025-05-13T11:00:00,QR
WAL_7b715ae4af,U_e650e0f3f3,SPEND,-1567.46,AU,7068.73,2025-05-14T23:00:00,QR
WAL_dfb253e95a,U_e650e0f3f3,SPEND,-2467.44,AU,4601.29,2025-05-21T04:00:00,QR
WAL_0a6d9f0504,U_e650e0f3f3,SPEND,-1641.12,AU,2960.17,2025-05-14T20:00:00,QR
WAL_67fda7a59e,U_e650e0f3f3,SPEND,-775.91,AU,2184.26,2025-05-16T14:00:00,QR
WAL_e6ba62608c,U_e650e0f3f3,SPEND,-2226.77,AU,-42.51,2025-05-10T17:00:00,QR
WAL_0463eb7d85,U_e650e0f3f3,LOAD,17399.38,AU,17356.87,2025-05-16T16:00:00,APP
WAL_e7b2bef81b,U_fc0a7bace8,LOAD,23350.47,GB,23350.47,2026-01-19T00:00:00,APP
WAL_be36b757f3,U_fc0a7bace8,SPEND,-835.3,GB,22515.17,2026-01-19T00:00:00,QR
WAL_9ad4ce7cf5,U_fc0a7bace8,SPEND,-2010.53,GB,20504.64,2026-01-20T15:00:00,QR
WAL_c7c392b8a6,U_fc0a7bace8,SPEND,-1147.56,GB,19357.08,2026-01-18T19:00:00,QR
WAL_529f026b16,U_fc0a7bace8,LOAD,23458.94,GB,23458.94,2025-03-10T21:00:00,APP
WAL_a9f1b284f6,U_fc0a7bace8,SPEND,-1562.46,GB,21896.48,2025-03-10T21:00:00,QR
WAL_a0157de433,U_fc0a7bace8,SPEND,-1895.58,GB,20000.9,2025-03-17T09:00:00,QR
WAL_02c022b835,U_fc0a7bace8,SPEND,-2073.14,GB,17927.76,2025-03-10T23:00:00,QR
WAL_f5e3de9556,U_fc0a7bace8,SPEND,-1557.22,GB,16370.54,2025-03-20T09:00:00,QR
WAL_f0e88e67df,U_0dc845c017,LOAD,13609.96,REST,13609.96,2024-11-27T21:00:00,APP
WAL_e5d4e59df4,U_0dc845c017,SPEND,-476.56,REST,13133.4,2024-11-27T21:00:00,QR
WAL_f69bdf55ea,U_0dc845c017,SPEND,-1875.05,REST,11258.35,2024-11-15T01:00:00,QR
WAL_7611d50850,U_0dc845c017,SPEND,-1571.43,REST,9686.92,2024-11-21T16:00:00,QR
WAL_ca2b6bdd65,U_0dc845c017,SPEND,-985.08,REST,8701.84,2024-11-23T20:00:00,QR
WAL_25104a4b1b,U_0dc845c017,SPEND,-1585.31,REST,7116.53,2024-11-21T15:00:00,QR
WAL_3996a75e35,U_0dc845c017,SPEND,-1837.25,REST,5279.28,2024-11-25T01:00:00,QR
WAL_fe36be3337,U_ebb7b8d354,LOAD,19904.22,DE,19904.22,2025-08-31T07:00:00,APP
WAL_6deaac5308,U_ebb7b8d354,SPEND,-1837.03,DE,18067.19,2025-08-31T07:00:00,QR
WAL_f944ffecc7,U_ebb7b8d354,SPEND,-3559.43,DE,14507.76,2025-09-08T04:00:00,QR
WAL_9bab22c0e3,U_ebb7b8d354,SPEND,-1039.76,DE,13468.0,2025-09-08T01:00:00,QR
WAL_fdb4ab177a,U_ebb7b8d354,SPEND,-4180.62,DE,9287.38,2025-09-09T22:00:00,QR
WAL_84a0bf32f0,U_ebb7b8d354,SPEND,-574.08,DE,8713.3,2025-09-01T07:00:00,QR
WAL_fbb8c1c6cd,U_ebb7b8d354,SPEND,-2633.77,DE,6079.53,2025-09-13T04:00:00,QR
WAL_1ed32d4913,U_ebb7b8d354,LOAD,24784.07,DE,24784.07,2025-08-04T17:00:00,APP
WAL_aa1e2a2977,U_ebb7b8d354,SPEND,-1897.65,DE,22886.42,2025-08-04T17:00:00,QR
WAL_d9b0fa69e2,U_ebb7b8d354,SPEND,-3691.35,DE,19195.07,2025-08-16T21:00:00,QR
WAL_8ab7f803c6,U_ebb7b8d354,SPEND,-2683.58,DE,16511.49,2025-08-08T07:00:00,QR
WAL_34f7e8e6e3,U_67e4947d6d,LOAD,7009.33,US,7009.33,2025-10-21T08:00:00,APP
WAL_2191c7bed7,U_67e4947d6d,SPEND,-1509.59,US,5499.74,2025-10-10T11:00:00,QR
WAL_e478347dab,U_67e4947d6d,SPEND,-1937.23,US,3562.51,2025-10-27T01:00:00,QR
WAL_be5c140f44,U_67e4947d6d,SPEND,-1323.01,US,2239.5,2025-10-25T06:00:00,QR
WAL_782f6e03af,U_67e4947d6d,SPEND,-1829.04,US,410.46,2025-10-10T08:00:00,QR
WAL_09122a9143,U_67e4947d6d,SPEND,-1603.96,US,-1193.5,2025-10-20T20:00:00,QR
WAL_ad99561367,U_67e4947d6d,LOAD,15028.48,US,13834.98,2025-10-18T13:00:00,APP
WAL_19d8fffd6a,U_67e4947d6d,SPEND,-568.36,US,13266.62,2025-10-14T19:00:00,QR
WAL_b82c91b7dd,U_67e4947d6d,SPEND,-5020.02,US,8246.6,2025-10-08T04:00:00,QR
WAL_f517ce1dbb,U_67e4947d6d,SPEND,-1859.34,US,6387.26,2025-10-15T02:00:00,QR
WAL_451f76f27a,U_67e4947d6d,LOAD,17549.4,US,17549.4,2025-05-24T17:00:00,APP
WAL_adaf91731b,U_67e4947d6d,SPEND,-2286.61,US,15262.79,2025-05-23T20:00:00,QR
WAL_6724aa1371,U_67e4947d6d,SPEND,-661.09,US,14601.7,2025-05-23T18:00:00,QR
WAL_0281991aca,U_67e4947d6d,SPEND,-1487.54,US,13114.16,2025-05-12T19:00:00,QR
WAL_6d289bf789,U_67e4947d6d,SPEND,-1033.36,US,12080.8,2025-05-24T02:00:00,QR
WAL_18f100040e,U_67e4947d6d,SPEND,-1515.39,US,10565.41,2025-05-10T15:00:00,QR
WAL_d8f66670c1,U_67e4947d6d,SPEND,-1942.65,US,8622.76,2025-05-26T14:00:00,QR
WAL_10aebfd27d,U_67e4947d6d,SPEND,-3557.69,US,5065.07,2025-05-24T13:00:00,QR
WAL_f4fea83c0f,U_67e4947d6d,SPEND,-1651.09,US,3413.98,2025-05-21T08:00:00,QR
WAL_f48dd2c6d9,U_67e4947d6d,SPEND,-1300.35,US,2113.63,2025-05-13T10:00:00,QR
WAL_c10e54d850,U_67e4947d6d,LOAD,6345.26,US,6345.26,2025-09-06T02:00:00,APP
WAL_09c8877923,U_67e4947d6d,SPEND,-2030.98,US,4314.28,2025-09-06T02:00:00,QR
WAL_61193afb49,U_67e4947d6d,SPEND,-373.35,US,3940.93,2025-09-04T01:00:00,QR
WAL_3a9acba294,U_67e4947d6d,SPEND,-4217.84,US,-276.91,2025-09-08T04:00:00,QR
WAL_e81d0c4f1b,U_67e4947d6d,LOAD,21019.95,US,20743.04,2025-09-02T02:00:00,APP
WAL_16dae27cc2,U_67e4947d6d,SPEND,-832.28,US,19910.76,2025-09-06T20:00:00,QR
WAL_2eb7f065b1,U_67e4947d6d,SPEND,-1326.51,US,18584.25,2025-09-01T09:00:00,QR
WAL_4f33005e97,U_67e4947d6d,SPEND,-1988.04,US,16596.21,2025-09-08T17:00:00,QR
WAL_564873f8bf,U_67e4947d6d,SPEND,-1461.49,US,15134.72,2025-09-09T20:00:00,QR
WAL_4baf38ea19,U_67e4947d6d,SPEND,-682.13,US,14452.59,2025-09-05T23:00:00,QR
WAL_f6f743a8e5,U_67e4947d6d,SPEND,-848.04,US,13604.55,2025-09-02T20:00:00,QR
WAL_14cbb43e04,U_18c43bfeeb,LOAD,14699.48,SG,14699.48,2025-12-14T17:00:00,APP
WAL_cb4aa11dfe,U_18c43bfeeb,SPEND,-5240.04,SG,9459.44,2025-12-14T17:00:00,QR
WAL_43c92c1b4a,U_18c43bfeeb,SPEND,-743.9,SG,8715.54,2025-12-19T00:00:00,QR
WAL_0c876654a0,U_18c43bfeeb,SPEND,-817.85,SG,7897.69,2025-12-14T06:00:00,QR
WAL_587f26e551,U_18c43bfeeb,SPEND,-1172.94,SG,6724.75,2025-12-18T10:00:00,QR
WAL_c6598d13d5,U_18c43bfeeb,SPEND,-1784.58,SG,4940.17,2025-12-07T23:00:00,QR
WAL_c1660f852d,U_a2e4ab8d0e,LOAD,22359.67,MY,22359.67,2026-01-19T18:00:00,APP
WAL_175600d97a,U_a2e4ab8d0e,SPEND,-1894.06,MY,20465.61,2026-01-22T05:00:00,QR
WAL_6d8175181e,U_a2e4ab8d0e,SPEND,-534.4,MY,19931.21,2026-01-21T12:00:00,QR
WAL_6882dea0f7,U_a2e4ab8d0e,LOAD,3793.42,MY,3793.42,2025-06-16T09:00:00,APP
WAL_b96c6f6412,U_a2e4ab8d0e,SPEND,-1551.22,MY,2242.2,2025-06-15T11:00:00,QR
WAL_e8b11d810a,U_a2e4ab8d0e,SPEND,-2091.72,MY,150.48,2025-06-14T08:00:00,QR
WAL_c9553995bc,U_a2e4ab8d0e,LOAD,18573.56,MY,18573.56,2025-03-11T14:00:00,APP
WAL_67034eda67,U_a2e4ab8d0e,SPEND,-959.86,MY,17613.7,2025-03-11T14:00:00,QR
WAL_c1c055e690,U_a2e4ab8d0e,SPEND,-1778.42,MY,15835.28,2025-03-17T07:00:00,QR
WAL_a3aac2a9bf,U_a2e4ab8d0e,SPEND,-2494.94,MY,13340.34,2025-03-17T17:00:00,QR
WAL_4fe7bcaaff,U_a2e4ab8d0e,SPEND,-1247.91,MY,12092.43,2025-03-09T22:00:00,QR
WAL_1a2a6b4bf1,U_a2e4ab8d0e,SPEND,-814.67,MY,11277.76,2025-03-21T01:00:00,QR
WAL_111d38dbf3,U_a2e4ab8d0e,SPEND,-1077.62,MY,10200.14,2025-03-11T18:00:00,QR
WAL_df8614d3f3,U_a2e4ab8d0e,SPEND,-1369.73,MY,8830.41,2025-03-11T17:00:00,QR
WAL_ad3e0492bc,U_a2e4ab8d0e,SPEND,-4348.1,MY,4482.31,2025-03-09T08:00:00,QR
WAL_64be0675d4,U_a2e39060d2,LOAD,19561.26,LK,19561.26,2025-04-30T07:00:00,APP
WAL_902703f428,U_a2e39060d2,SPEND,-2143.29,LK,17417.97,2025-04-22T06:00:00,QR
WAL_386f698f8e,U_a2e39060d2,SPEND,-1584.07,LK,15833.9,2025-04-28T05:00:00,QR
WAL_877e20f12b,U_a2e39060d2,SPEND,-1672.15,LK,14161.75,2025-04-22T18:00:00,QR
WAL_d82f777f5e,U_a2e39060d2,SPEND,-430.57,LK,13731.18,2025-04-22T14:00:00,QR
WAL_2342dc61ca,U_a2e39060d2,SPEND,-666.52,LK,13064.66,2025-04-22T14:00:00,QR
WAL_a870129dcd,U_a2e39060d2,SPEND,-982.75,LK,12081.91,2025-05-07T23:00:00,QR
WAL_baec34045a,U_a2e39060d2,SPEND,-609.62,LK,11472.29,2025-04-22T23:00:00,QR
WAL_f1d6c7a381,U_a2e39060d2,SPEND,-864.8,LK,10607.49,2025-05-02T09:00:00,QR
WAL_cc8521b491,U_a2e39060d2,SPEND,-2685.6,LK,7921.89,2025-05-02T16:00:00,QR
WAL_aff17c230e,U_a2e39060d2,LOAD,20088.41,LK,20088.41,2025-10-12T23:00:00,APP
WAL_f55b6194b0,U_a2e39060d2,SPEND,-3022.93,LK,17065.48,2025-10-12T23:00:00,QR
WAL_b61bbc98f1,U_a2e39060d2,SPEND,-1455.23,LK,15610.25,2025-10-01T12:00:00,QR
WAL_e5998b33ef,U_a2e39060d2,SPEND,-3375.44,LK,12234.81,2025-10-14T00:00:00,QR
WAL_9ee28c6939,U_a2e39060d2,SPEND,-1048.03,LK,11186.78,2025-10-09T10:00:00,QR
WAL_c6258ccd1c,U_a2e39060d2,SPEND,-1385.0,LK,9801.78,2025-10-02T00:00:00,QR
WAL_79e6cca9c8,U_a2e39060d2,SPEND,-579.54,LK,9222.24,2025-10-02T13:00:00,QR
WAL_a46d8241f5,U_a2e39060d2,SPEND,-787.74,LK,8434.5,2025-10-09T15:00:00,QR
WAL_1d10d04408,U_a2e39060d2,SPEND,-2001.2,LK,6433.3,2025-10-04T16:00:00,QR
WAL_5a59129652,U_a2e39060d2,SPEND,-955.15,LK,5478.15,2025-10-14T02:00:00,QR
WAL_9eb753f77e,U_ccf5ab357e,LOAD,24503.77,REST,24503.77,2025-11-06T02:00:00,APP
WAL_554d66b9f6,U_ccf5ab357e,SPEND,-2078.91,REST,22424.86,2025-11-06T02:00:00,QR
WAL_c1fdefad2c,U_ccf5ab357e,SPEND,-3774.88,REST,18649.98,2025-11-15T00:00:00,QR
WAL_58055cbc2d,U_ccf5ab357e,SPEND,-781.25,REST,17868.73,2025-11-03T16:00:00,QR
WAL_f9cb52dc00,U_c10a266d93,LOAD,10301.4,NP,10301.4,2026-04-24T08:00:00,APP
WAL_06897c07b1,U_c10a266d93,SPEND,-2124.1,NP,8177.3,2026-04-27T01:00:00,QR
WAL_4de70097fb,U_c10a266d93,SPEND,-1208.16,NP,6969.14,2026-05-08T06:00:00,QR
WAL_0ad569f246,U_c10a266d93,SPEND,-1893.75,NP,5075.39,2026-05-11T01:00:00,QR
WAL_ec4a7fc33e,U_c10a266d93,SPEND,-1462.15,NP,3613.24,2026-04-25T20:00:00,QR
WAL_483ffa2dae,U_c10a266d93,SPEND,-1158.18,NP,2455.06,2026-04-30T18:00:00,QR
WAL_e755b704ad,U_6337fd7837,LOAD,2241.75,DE,2241.75,2026-01-06T19:00:00,APP
WAL_87c48ea641,U_6337fd7837,SPEND,-1954.22,DE,287.53,2026-01-06T19:00:00,QR
WAL_d5e871ce30,U_6337fd7837,SPEND,-2127.38,DE,-1839.85,2026-01-13T12:00:00,QR
WAL_130a5274ed,U_6337fd7837,LOAD,12926.03,DE,11086.18,2026-01-13T01:00:00,APP
WAL_9bfac86dab,U_6337fd7837,SPEND,-848.99,DE,10237.19,2026-01-13T01:00:00,QR
WAL_1aa40662f6,U_6337fd7837,SPEND,-3439.97,DE,6797.22,2026-01-09T16:00:00,QR
WAL_84cfb5f0d0,U_6337fd7837,LOAD,12848.95,DE,12848.95,2025-04-27T19:00:00,APP
WAL_8532d5f6ad,U_6337fd7837,SPEND,-1555.65,DE,11293.3,2025-04-27T19:00:00,QR
WAL_c7fcf96962,U_6337fd7837,SPEND,-2851.45,DE,8441.85,2025-04-29T18:00:00,QR
WAL_29271ed8b5,U_6337fd7837,SPEND,-3701.77,DE,4740.08,2025-04-27T01:00:00,QR
WAL_797f5fa02b,U_6337fd7837,SPEND,-1290.09,DE,3449.99,2025-04-30T17:00:00,QR
WAL_10cac170a4,U_9dcbff477a,LOAD,22221.25,LK,22221.25,2025-11-23T12:00:00,APP
WAL_2caf557b93,U_9dcbff477a,SPEND,-1075.27,LK,21145.98,2025-11-23T12:00:00,QR
WAL_defb8b4a5b,U_9dcbff477a,SPEND,-1448.26,LK,19697.72,2025-12-04T19:00:00,QR
WAL_e439548fc2,U_9dcbff477a,SPEND,-1195.01,LK,18502.71,2025-11-30T10:00:00,QR
WAL_4aafe7763f,U_9dcbff477a,SPEND,-2513.95,LK,15988.76,2025-11-23T00:00:00,QR
WAL_33fa3e8b79,U_9dcbff477a,SPEND,-5288.68,LK,10700.08,2025-11-18T22:00:00,QR
WAL_1c30947580,U_9dcbff477a,SPEND,-1518.57,LK,9181.51,2025-11-17T21:00:00,QR
WAL_22673bbb9b,U_c72c1ed1c9,LOAD,16155.69,CA,16155.69,2026-03-17T13:00:00,APP
WAL_0abe6fe533,U_c72c1ed1c9,SPEND,-762.95,CA,15392.74,2026-03-17T13:00:00,QR
WAL_3718f8cd38,U_c72c1ed1c9,SPEND,-2090.02,CA,13302.72,2026-03-13T00:00:00,QR
WAL_137c4249bd,U_c72c1ed1c9,SPEND,-4253.83,CA,9048.89,2026-03-10T13:00:00,QR
WAL_3fdef923f3,U_c72c1ed1c9,SPEND,-2163.32,CA,6885.57,2026-03-13T08:00:00,QR
WAL_0fb51104ff,U_c72c1ed1c9,SPEND,-1860.61,CA,5024.96,2026-03-17T08:00:00,QR
WAL_6241e0c90c,U_c72c1ed1c9,SPEND,-1759.28,CA,3265.68,2026-03-12T23:00:00,QR
WAL_9baa81b436,U_c72c1ed1c9,SPEND,-2496.57,CA,769.11,2026-03-09T12:00:00,QR
WAL_8e511aec29,U_c72c1ed1c9,SPEND,-1107.28,CA,-338.17,2026-03-11T03:00:00,QR
WAL_36a5095f10,U_c72c1ed1c9,LOAD,3367.29,CA,3367.29,2025-10-18T09:00:00,APP
WAL_cd3b5d1079,U_c72c1ed1c9,SPEND,-2710.2,CA,657.09,2025-10-18T09:00:00,QR
WAL_6777d97f39,U_c72c1ed1c9,SPEND,-844.94,CA,-187.85,2025-10-20T10:00:00,QR
WAL_2b538ab304,U_c72c1ed1c9,LOAD,23117.41,CA,22929.56,2025-10-03T19:00:00,APP
WAL_f61e5699a5,U_c72c1ed1c9,SPEND,-516.79,CA,22412.77,2025-10-06T00:00:00,QR
WAL_632ef59728,U_c72c1ed1c9,SPEND,-1057.88,CA,21354.89,2025-10-14T07:00:00,QR
WAL_98c278342d,U_c72c1ed1c9,SPEND,-1229.28,CA,20125.61,2025-10-15T18:00:00,QR
WAL_acbb5b5cf8,U_c72c1ed1c9,SPEND,-469.78,CA,19655.83,2025-10-10T05:00:00,QR
WAL_94bd4b2bdb,U_c72c1ed1c9,SPEND,-3389.48,CA,16266.35,2025-10-16T11:00:00,QR
WAL_8721eb7f56,U_dbcbc62f3b,LOAD,12088.73,MY,12088.73,2025-02-25T16:00:00,APP
WAL_8756615b2f,U_dbcbc62f3b,SPEND,-908.8,MY,11179.93,2025-02-25T16:00:00,QR
WAL_476d3cb30d,U_dbcbc62f3b,SPEND,-1008.1,MY,10171.83,2025-02-18T01:00:00,QR
WAL_6883f7cbcf,U_52026ccbc0,LOAD,2709.09,BD,2709.09,2024-11-15T19:00:00,APP
WAL_393f46ff2f,U_52026ccbc0,SPEND,-1159.93,BD,1549.16,2024-11-13T13:00:00,QR
WAL_63f9b93908,U_52026ccbc0,SPEND,-726.34,BD,822.82,2024-11-18T11:00:00,QR
WAL_221670bfe8,U_52026ccbc0,SPEND,-1929.13,BD,-1106.31,2024-11-19T00:00:00,QR
WAL_e8090524c4,U_52026ccbc0,LOAD,2942.93,BD,2942.93,2026-02-26T01:00:00,APP
WAL_2c5450094b,U_52026ccbc0,SPEND,-2086.39,BD,856.54,2026-02-26T01:00:00,QR
WAL_9e8acc2696,U_52026ccbc0,LOAD,9281.92,BD,9281.92,2025-05-25T11:00:00,APP
WAL_558967d3e0,U_52026ccbc0,SPEND,-2762.43,BD,6519.49,2025-05-28T11:00:00,QR
WAL_4d8c1e60fa,U_52026ccbc0,SPEND,-810.23,BD,5709.26,2025-05-28T00:00:00,QR
WAL_46efe238e0,U_52026ccbc0,SPEND,-2781.34,BD,2927.92,2025-05-26T23:00:00,QR
WAL_68f094c524,U_52026ccbc0,SPEND,-768.48,BD,2159.44,2025-05-29T03:00:00,QR
WAL_fa2eaaa77f,U_65370a81a5,LOAD,6627.53,US,6627.53,2025-04-12T04:00:00,APP
WAL_dc65a75f06,U_65370a81a5,SPEND,-2071.12,US,4556.41,2025-04-12T00:00:00,QR
WAL_a85e43799c,U_65370a81a5,SPEND,-1238.57,US,3317.84,2025-04-13T01:00:00,QR
WAL_d199f5ada9,U_65370a81a5,SPEND,-628.03,US,2689.81,2025-04-14T05:00:00,QR
WAL_70b8d0965c,U_65370a81a5,SPEND,-655.22,US,2034.59,2025-04-13T07:00:00,QR
WAL_d9d55aaee9,U_65370a81a5,SPEND,-2004.41,US,30.18,2025-04-12T13:00:00,QR
WAL_3c749c0719,U_65370a81a5,LOAD,10211.67,US,10211.67,2025-10-14T12:00:00,APP
WAL_89c1aa9612,U_65370a81a5,SPEND,-1940.13,US,8271.54,2025-10-15T03:00:00,QR
WAL_500835e1f8,U_65370a81a5,SPEND,-2571.79,US,5699.75,2025-10-14T12:00:00,QR
WAL_a576fa8701,U_65370a81a5,SPEND,-667.01,US,5032.74,2025-10-12T20:00:00,QR
WAL_8ddec8d1be,U_65370a81a5,SPEND,-1104.14,US,3928.6,2025-10-12T23:00:00,QR
WAL_04adc42113,U_65370a81a5,LOAD,21860.13,US,21860.13,2024-11-19T16:00:00,APP
WAL_6adce77b1b,U_65370a81a5,SPEND,-3127.83,US,18732.3,2024-11-19T16:00:00,QR
WAL_f7113fc905,U_1558a46b1c,LOAD,23400.4,BD,23400.4,2025-01-04T10:00:00,APP
WAL_e00375aac5,U_1558a46b1c,SPEND,-1624.67,BD,21775.73,2025-01-03T10:00:00,QR
WAL_6a93f224df,U_1558a46b1c,LOAD,8056.57,BD,8056.57,2025-09-13T16:00:00,APP
WAL_762391c23f,U_1558a46b1c,SPEND,-2022.33,BD,6034.24,2025-09-13T16:00:00,QR
WAL_e25c522429,U_1558a46b1c,SPEND,-3400.19,BD,2634.05,2025-09-20T13:00:00,QR
WAL_a86e0dc211,U_1558a46b1c,SPEND,-1151.77,BD,1482.28,2025-09-15T02:00:00,QR
WAL_bbe508ae0a,U_1558a46b1c,SPEND,-1365.01,BD,117.27,2025-09-16T20:00:00,QR
WAL_0e0b5b7fa7,U_0af69c30f8,LOAD,18873.92,US,18873.92,2025-05-09T03:00:00,APP
WAL_0c20e9156a,U_0af69c30f8,SPEND,-531.95,US,18341.97,2025-05-09T03:00:00,QR
WAL_e7394b3256,U_0af69c30f8,SPEND,-757.72,US,17584.25,2025-05-07T01:00:00,QR
WAL_15dc12e30d,U_362af35e20,LOAD,15260.06,CA,15260.06,2025-11-07T17:00:00,APP
WAL_3cd14bc421,U_362af35e20,SPEND,-979.9,CA,14280.16,2025-11-07T17:00:00,QR
WAL_170d4c7565,U_362af35e20,SPEND,-900.57,CA,13379.59,2025-11-09T20:00:00,QR
WAL_877b33e057,U_362af35e20,SPEND,-3072.16,CA,10307.43,2025-11-10T15:00:00,QR
WAL_72f063d60e,U_362af35e20,SPEND,-3021.76,CA,7285.67,2025-11-08T09:00:00,QR
WAL_b44d0f4951,U_362af35e20,SPEND,-2619.13,CA,4666.54,2025-11-02T02:00:00,QR
WAL_ce6602025d,U_362af35e20,SPEND,-872.02,CA,3794.52,2025-11-12T19:00:00,QR
WAL_2aa0e9fbdd,U_362af35e20,SPEND,-2164.28,CA,1630.24,2025-11-09T13:00:00,QR
WAL_1488f88b53,U_362af35e20,SPEND,-881.69,CA,748.55,2025-11-08T16:00:00,QR
WAL_29f4644d3e,U_362af35e20,SPEND,-2241.59,CA,-1493.04,2025-11-04T22:00:00,QR
WAL_704a16fb9d,U_362af35e20,LOAD,3065.16,CA,1572.12,2025-11-04T13:00:00,APP
WAL_c783102f30,U_362af35e20,SPEND,-2243.52,CA,-671.4,2025-11-04T13:00:00,QR
WAL_fd9c6d767f,U_3371a4ab90,LOAD,21674.53,GB,21674.53,2025-01-07T21:00:00,APP
WAL_ed6d938ee8,U_3371a4ab90,SPEND,-987.79,GB,20686.74,2025-01-07T21:00:00,QR
WAL_28b2ed2d5b,U_3371a4ab90,SPEND,-1281.11,GB,19405.63,2025-01-09T21:00:00,QR
WAL_593cc4de28,U_3371a4ab90,SPEND,-857.35,GB,18548.28,2025-01-04T08:00:00,QR
WAL_13f5aaaee7,U_3371a4ab90,SPEND,-2926.97,GB,15621.31,2025-01-04T03:00:00,QR
WAL_d1fd3fc116,U_3371a4ab90,SPEND,-3349.79,GB,12271.52,2025-01-13T22:00:00,QR
WAL_15251f263c,U_3371a4ab90,SPEND,-3361.75,GB,8909.77,2025-01-12T06:00:00,QR
WAL_65c783b87f,U_3371a4ab90,SPEND,-897.66,GB,8012.11,2025-01-10T17:00:00,QR
WAL_1c479478b3,U_3371a4ab90,SPEND,-1952.01,GB,6060.1,2025-01-03T07:00:00,QR
WAL_a9b10f9f80,U_3371a4ab90,SPEND,-2681.68,GB,3378.42,2025-01-04T13:00:00,QR
WAL_0a252f406f,U_710719a133,LOAD,24886.38,REST,24886.38,2024-08-30T11:00:00,APP
WAL_4699fa6fb0,U_710719a133,SPEND,-2143.49,REST,22742.89,2024-08-30T11:00:00,QR
WAL_a8e88d1e18,U_710719a133,SPEND,-707.62,REST,22035.27,2024-09-05T13:00:00,QR
WAL_a813c684bd,U_710719a133,SPEND,-1397.87,REST,20637.4,2024-08-28T10:00:00,QR
WAL_c71b0fb646,U_710719a133,SPEND,-1079.02,REST,19558.38,2024-09-01T13:00:00,QR
WAL_be5f91b870,U_710719a133,SPEND,-1399.48,REST,18158.9,2024-08-30T23:00:00,QR
WAL_b9e5972309,U_710719a133,SPEND,-2385.05,REST,15773.85,2024-09-04T18:00:00,QR
WAL_4578f1dfc4,U_710719a133,SPEND,-1034.33,REST,14739.52,2024-08-30T03:00:00,QR
WAL_8159c52d79,U_710719a133,SPEND,-5808.0,REST,8931.52,2024-08-31T04:00:00,QR
WAL_e5583475bd,U_710719a133,SPEND,-1192.82,REST,7738.7,2024-08-31T07:00:00,QR
WAL_edcc0f12f6,U_710719a133,SPEND,-2277.95,REST,5460.75,2024-09-07T11:00:00,QR
WAL_67671bf1f8,U_710719a133,SPEND,-932.32,REST,4528.43,2024-09-07T11:00:00,QR
WAL_22a0d163e9,U_710719a133,SPEND,-2080.97,REST,2447.46,2024-08-31T06:00:00,QR
WAL_2445bd1659,U_710719a133,SPEND,-2294.3,REST,153.16,2024-08-30T15:00:00,QR
WAL_2c0d35dd80,U_710719a133,SPEND,-1147.93,REST,-994.77,2024-09-11T16:00:00,QR
WAL_2cfd2771eb,U_710719a133,LOAD,17783.6,REST,16788.83,2024-09-01T19:00:00,APP
WAL_d90b7db341,U_710719a133,SPEND,-1352.29,REST,15436.54,2024-09-01T19:00:00,QR
WAL_0cc97064a8,U_710719a133,SPEND,-2377.73,REST,13058.81,2024-09-13T11:00:00,QR
WAL_d99d0358b5,U_dd4c7e6c22,LOAD,18933.06,REST,18933.06,2026-06-02T06:00:00,APP
WAL_7a219cffd8,U_dd4c7e6c22,SPEND,-2334.72,REST,16598.34,2026-06-02T06:00:00,QR
WAL_cdf8fad00a,U_dd4c7e6c22,SPEND,-1995.77,REST,14602.57,2026-06-02T08:00:00,QR
WAL_0e4f3e6172,U_dd4c7e6c22,LOAD,3741.56,REST,3741.56,2025-07-04T03:00:00,APP
WAL_473d6e87fe,U_dd4c7e6c22,SPEND,-2554.67,REST,1186.89,2025-07-04T03:00:00,QR
WAL_e0d10df90c,U_dd4c7e6c22,SPEND,-802.44,REST,384.45,2025-07-04T09:00:00,QR
WAL_472bc35b60,U_fb0e48035a,LOAD,9584.27,AU,9584.27,2025-02-03T15:00:00,APP
WAL_f5d8db7c64,U_fb0e48035a,SPEND,-1017.79,AU,8566.48,2025-02-03T04:00:00,QR
WAL_076f7cc6d5,U_fb0e48035a,LOAD,6855.9,AU,6855.9,2025-08-13T14:00:00,APP
WAL_7104dff698,U_fb0e48035a,SPEND,-758.5,AU,6097.4,2025-08-13T04:00:00,QR
WAL_db61c94236,U_fb0e48035a,SPEND,-866.57,AU,5230.83,2025-08-20T15:00:00,QR
WAL_c4e7f5b56b,U_fb0e48035a,SPEND,-715.91,AU,4514.92,2025-08-23T11:00:00,QR
WAL_453785b247,U_fb0e48035a,SPEND,-800.58,AU,3714.34,2025-08-16T13:00:00,QR
WAL_e39033e368,U_371450e04d,LOAD,4474.4,REST,4474.4,2024-11-06T20:00:00,APP
WAL_1c15de2975,U_371450e04d,SPEND,-1315.15,REST,3159.25,2024-11-06T20:00:00,QR
WAL_3fde925161,U_371450e04d,SPEND,-3218.99,REST,-59.74,2024-10-30T03:00:00,QR
WAL_225253ed07,U_371450e04d,LOAD,21238.97,REST,21179.23,2024-10-31T09:00:00,APP
WAL_2770c71c6b,U_371450e04d,SPEND,-1036.24,REST,20142.99,2024-10-31T09:00:00,QR
WAL_982876fa7e,U_371450e04d,SPEND,-1024.61,REST,19118.38,2024-11-01T01:00:00,QR
WAL_2bb323a4bd,U_371450e04d,SPEND,-3007.34,REST,16111.04,2024-11-01T06:00:00,QR
WAL_ddb2d2a375,U_371450e04d,SPEND,-893.07,REST,15217.97,2024-11-04T21:00:00,QR
WAL_e71b8050c0,U_df261fd1bb,LOAD,13581.08,SG,13581.08,2025-05-18T04:00:00,APP
WAL_9d94ae7f1c,U_df261fd1bb,SPEND,-1496.29,SG,12084.79,2025-05-27T17:00:00,QR
WAL_3a99745eca,U_df261fd1bb,SPEND,-3449.05,SG,8635.74,2025-05-24T11:00:00,QR
WAL_05d42e5fce,U_df261fd1bb,SPEND,-816.25,SG,7819.49,2025-05-23T18:00:00,QR
WAL_e764f7e591,U_df261fd1bb,SPEND,-1927.57,SG,5891.92,2025-05-28T02:00:00,QR
WAL_0fdb5aa560,U_df261fd1bb,SPEND,-492.34,SG,5399.58,2025-05-18T23:00:00,QR
WAL_9e8c89323c,U_df261fd1bb,SPEND,-1022.55,SG,4377.03,2025-05-28T08:00:00,QR
WAL_c2d509f6e7,U_df261fd1bb,SPEND,-1225.26,SG,3151.77,2025-05-26T20:00:00,QR
WAL_b3e292294a,U_df261fd1bb,SPEND,-2463.87,SG,687.9,2025-05-26T20:00:00,QR
WAL_9783de5ee8,U_df261fd1bb,LOAD,23332.74,SG,23332.74,2025-03-06T07:00:00,APP
WAL_b97abfc275,U_df261fd1bb,SPEND,-1071.61,SG,22261.13,2025-03-08T04:00:00,QR
WAL_6a17671231,U_df261fd1bb,SPEND,-1047.69,SG,21213.44,2025-03-10T10:00:00,QR
WAL_316aa642b5,U_df261fd1bb,SPEND,-917.81,SG,20295.63,2025-03-11T22:00:00,QR
WAL_e91d3f74da,U_df261fd1bb,SPEND,-1168.69,SG,19126.94,2025-03-10T10:00:00,QR
WAL_5f1045cdb5,U_df261fd1bb,SPEND,-1889.54,SG,17237.4,2025-03-11T07:00:00,QR
WAL_33561a937c,U_df261fd1bb,SPEND,-3174.04,SG,14063.36,2025-03-11T01:00:00,QR
WAL_dd035e3fcc,U_df261fd1bb,SPEND,-946.41,SG,13116.95,2025-03-10T19:00:00,QR
WAL_9a172a7574,U_df261fd1bb,SPEND,-842.71,SG,12274.24,2025-03-16T20:00:00,QR
WAL_5116f24aaf,U_df261fd1bb,LOAD,18435.57,SG,18435.57,2025-03-04T09:00:00,APP
WAL_d931b2979e,U_df261fd1bb,SPEND,-1046.83,SG,17388.74,2025-03-04T09:00:00,QR
WAL_9cd40c5608,U_df261fd1bb,SPEND,-2083.99,SG,15304.75,2025-03-06T15:00:00,QR
WAL_de680a8a5e,U_25119e852e,LOAD,10064.36,AU,10064.36,2026-05-12T15:00:00,APP
WAL_e5df061217,U_25119e852e,SPEND,-2118.9,AU,7945.46,2026-05-12T15:00:00,QR
WAL_65c950b734,U_25119e852e,LOAD,11813.7,AU,11813.7,2026-04-29T00:00:00,APP
WAL_de9e74831e,U_25119e852e,SPEND,-773.4,AU,11040.3,2026-04-29T00:00:00,QR
WAL_67da908903,U_25119e852e,SPEND,-1401.58,AU,9638.72,2026-04-30T12:00:00,QR
WAL_58f1152791,U_25119e852e,SPEND,-4596.57,AU,5042.15,2026-04-25T20:00:00,QR
WAL_6322a61fdc,U_25119e852e,SPEND,-1743.53,AU,3298.62,2026-04-29T10:00:00,QR
WAL_016a422a94,U_25119e852e,SPEND,-2662.38,AU,636.24,2026-04-28T09:00:00,QR
WAL_20fe819afb,U_25119e852e,SPEND,-2661.69,AU,-2025.45,2026-04-30T09:00:00,QR
WAL_d9e3c89af1,U_1d5c5377fd,LOAD,8256.65,SG,8256.65,2025-02-20T20:00:00,APP
WAL_c936942aa8,U_1d5c5377fd,SPEND,-3036.32,SG,5220.33,2025-02-20T20:00:00,QR
WAL_86e1064064,U_1d5c5377fd,SPEND,-1104.25,SG,4116.08,2025-02-22T15:00:00,QR
WAL_d32d2e6ff9,U_1d5c5377fd,SPEND,-749.19,SG,3366.89,2025-02-22T14:00:00,QR
WAL_54b35c38d3,U_1d5c5377fd,SPEND,-1090.93,SG,2275.96,2025-02-19T22:00:00,QR
WAL_0ed5c37916,U_1d5c5377fd,SPEND,-1499.55,SG,776.41,2025-02-21T00:00:00,QR
WAL_562b48ce0a,U_1d5c5377fd,SPEND,-1116.7,SG,-340.29,2025-02-21T23:00:00,QR
WAL_647f21bd87,U_1d5c5377fd,LOAD,15988.72,SG,15648.43,2025-02-21T09:00:00,APP
WAL_7ec6d9904c,U_1d5c5377fd,SPEND,-824.7,SG,14823.73,2025-02-21T09:00:00,QR
WAL_46808cc1de,U_1d5c5377fd,SPEND,-1066.39,SG,13757.34,2025-02-22T02:00:00,QR
WAL_050a088d57,U_1d5c5377fd,LOAD,11897.86,SG,11897.86,2025-09-08T00:00:00,APP
WAL_371d70ab58,U_1d5c5377fd,SPEND,-1450.68,SG,10447.18,2025-09-08T00:00:00,QR
WAL_5a25b716b6,U_1d5c5377fd,SPEND,-4649.2,SG,5797.98,2025-09-06T20:00:00,QR
WAL_5bcffa6b5c,U_1d5c5377fd,SPEND,-1506.73,SG,4291.25,2025-09-01T02:00:00,QR
WAL_691d6180f8,U_1d5c5377fd,SPEND,-1178.54,SG,3112.71,2025-09-05T00:00:00,QR
WAL_a3bf8ae547,U_1d5c5377fd,SPEND,-1194.59,SG,1918.12,2025-09-07T07:00:00,QR
WAL_56fcc872f3,U_1d5c5377fd,SPEND,-2413.49,SG,-495.37,2025-09-03T22:00:00,QR
WAL_648a3ada71,U_1d5c5377fd,LOAD,21802.98,SG,21307.61,2025-09-10T03:00:00,APP
WAL_6b5935a642,U_1d5c5377fd,SPEND,-805.44,SG,20502.17,2025-09-05T10:00:00,QR
WAL_b94fed13ad,U_1d5c5377fd,SPEND,-3208.24,SG,17293.93,2025-08-29T08:00:00,QR
WAL_9d0c337fc0,U_541a6959ac,LOAD,6415.11,DE,6415.11,2025-07-01T22:00:00,APP
WAL_45d84fd2c9,U_541a6959ac,SPEND,-1653.5,DE,4761.61,2025-07-01T22:00:00,QR
WAL_de47c6c749,U_541a6959ac,SPEND,-713.19,DE,4048.42,2025-07-14T07:00:00,QR
WAL_2b7078c787,U_541a6959ac,SPEND,-2112.19,DE,1936.23,2025-07-10T03:00:00,QR
WAL_a523ff15ae,U_541a6959ac,SPEND,-639.51,DE,1296.72,2025-07-13T05:00:00,QR
WAL_31c131a9d3,U_541a6959ac,SPEND,-2847.28,DE,-1550.56,2025-07-06T09:00:00,QR
WAL_e4285735b5,U_541a6959ac,LOAD,9810.92,DE,8260.36,2025-06-28T14:00:00,APP
WAL_d86d718f90,U_541a6959ac,SPEND,-1496.72,DE,6763.64,2025-06-28T14:00:00,QR
WAL_9d5aacbba5,U_541a6959ac,SPEND,-1095.22,DE,5668.42,2025-07-09T23:00:00,QR
WAL_bfec2852f2,U_541a6959ac,SPEND,-1277.47,DE,4390.95,2025-07-13T05:00:00,QR
WAL_1b623c22f2,U_541a6959ac,LOAD,12997.12,DE,12997.12,2024-12-31T10:00:00,APP
WAL_a08f7bbbbe,U_541a6959ac,SPEND,-938.65,DE,12058.47,2024-12-31T10:00:00,QR
WAL_d667c7deea,U_541a6959ac,LOAD,3799.28,DE,3799.28,2025-12-08T02:00:00,APP
WAL_2f816f3423,U_541a6959ac,SPEND,-1797.55,DE,2001.73,2025-12-08T02:00:00,QR
WAL_b3f6a702c5,U_541a6959ac,SPEND,-1302.51,DE,699.22,2025-12-06T13:00:00,QR
WAL_b945c26f6f,U_541a6959ac,SPEND,-974.85,DE,-275.63,2025-12-12T03:00:00,QR
WAL_72df3ff95f,U_541a6959ac,LOAD,3834.09,DE,3558.46,2025-12-16T01:00:00,APP
WAL_e8ca43ac2e,U_541a6959ac,SPEND,-1374.69,DE,2183.77,2025-12-16T01:00:00,QR
WAL_5f3011e0a9,U_541a6959ac,SPEND,-1886.12,DE,297.65,2025-12-05T03:00:00,QR
WAL_25ba5683f4,U_541a6959ac,SPEND,-3266.03,DE,-2968.38,2025-12-11T20:00:00,QR
WAL_a3c6a04e16,U_541a6959ac,LOAD,14800.78,DE,11832.4,2025-12-03T13:00:00,APP
WAL_d1b8e4a013,U_541a6959ac,SPEND,-2642.43,DE,9189.97,2025-12-03T13:00:00,QR
WAL_0ee37f3796,U_541a6959ac,SPEND,-1853.01,DE,7336.96,2025-12-05T08:00:00,QR
WAL_5919f4156d,U_541a6959ac,LOAD,17029.45,DE,17029.45,2025-01-07T04:00:00,APP
WAL_d6d76ea236,U_541a6959ac,SPEND,-2725.03,DE,14304.42,2025-01-04T08:00:00,QR
WAL_280ad41e45,U_541a6959ac,SPEND,-2301.45,DE,12002.97,2025-01-06T10:00:00,QR
WAL_fab3dacf7f,U_541a6959ac,SPEND,-1121.45,DE,10881.52,2025-01-03T20:00:00,QR
WAL_9d926dd56e,U_541a6959ac,SPEND,-3543.79,DE,7337.73,2025-01-07T15:00:00,QR
WAL_ffa8eef3ba,U_541a6959ac,SPEND,-1014.03,DE,6323.7,2025-01-04T18:00:00,QR
WAL_46589882aa,U_541a6959ac,SPEND,-2205.09,DE,4118.61,2025-01-04T19:00:00,QR
WAL_f0c98314ad,U_541a6959ac,SPEND,-1532.18,DE,2586.43,2025-01-05T10:00:00,QR
WAL_564ab9fbc5,U_541a6959ac,SPEND,-1472.89,DE,1113.54,2025-01-07T15:00:00,QR
WAL_d10c76c388,U_541a6959ac,SPEND,-2824.13,DE,-1710.59,2025-01-07T22:00:00,QR
WAL_febd830ec7,U_541a6959ac,LOAD,10574.69,DE,8864.1,2025-01-05T20:00:00,APP
WAL_b461cb65b2,U_541a6959ac,SPEND,-1691.23,DE,7172.87,2025-01-05T20:00:00,QR
WAL_875d952028,U_541a6959ac,SPEND,-1088.12,DE,6084.75,2025-01-03T09:00:00,QR
WAL_68014df974,U_541a6959ac,SPEND,-1473.76,DE,4610.99,2025-01-03T14:00:00,QR
WAL_b473b268e7,U_541a6959ac,SPEND,-1027.89,DE,3583.1,2025-01-03T14:00:00,QR
WAL_a458aa7876,U_541a6959ac,SPEND,-3011.47,DE,571.63,2025-01-04T03:00:00,QR
WAL_447027bb68,U_ec3120b222,LOAD,5287.46,GB,5287.46,2026-07-02T02:00:00,APP
WAL_c54514b60b,U_ec3120b222,SPEND,-829.03,GB,4458.43,2026-07-02T23:00:00,QR
WAL_b38d9e456b,U_ec3120b222,SPEND,-1234.31,GB,3224.12,2026-07-03T05:00:00,QR
WAL_dcef238a6d,U_ec3120b222,SPEND,-909.0,GB,2315.12,2026-07-02T01:00:00,QR
WAL_c9384ca3a3,U_19f746c668,LOAD,9576.7,REST,9576.7,2025-08-15T13:00:00,APP
WAL_9eff8582c8,U_19f746c668,SPEND,-1054.11,REST,8522.59,2025-08-15T13:00:00,QR
WAL_54a181d38c,U_19f746c668,SPEND,-1414.42,REST,7108.17,2025-08-01T11:00:00,QR
WAL_df8294a0ae,U_19f746c668,SPEND,-1803.37,REST,5304.8,2025-08-06T00:00:00,QR
WAL_a10cac7820,U_19f746c668,SPEND,-2909.17,REST,2395.63,2025-08-11T15:00:00,QR
WAL_5483acf22c,U_19f746c668,SPEND,-1643.75,REST,751.88,2025-08-15T22:00:00,QR
WAL_e9f6a0a35f,U_e54700525d,LOAD,6467.55,REST,6467.55,2025-04-08T16:00:00,APP
WAL_de24c9a0f0,U_e54700525d,SPEND,-795.45,REST,5672.1,2025-04-08T16:00:00,QR
WAL_e778ac9054,U_e54700525d,SPEND,-849.7,REST,4822.4,2025-04-08T11:00:00,QR
WAL_ca7adf4f7c,U_e54700525d,SPEND,-1131.3,REST,3691.1,2025-04-10T11:00:00,QR
WAL_be4fddcf80,U_e54700525d,SPEND,-1990.81,REST,1700.29,2025-04-05T21:00:00,QR
WAL_c09b6b000b,U_e54700525d,SPEND,-1351.3,REST,348.99,2025-04-06T16:00:00,QR
WAL_431cdb0b33,U_e54700525d,LOAD,21978.22,REST,21978.22,2024-11-23T09:00:00,APP
WAL_fc5fb68d9a,U_e54700525d,SPEND,-1267.58,REST,20710.64,2024-11-23T09:00:00,QR
WAL_6f8be9acfe,U_e54700525d,SPEND,-1623.95,REST,19086.69,2024-11-21T17:00:00,QR
WAL_64e0d9b710,U_e54700525d,SPEND,-1469.54,REST,17617.15,2024-11-24T23:00:00,QR
WAL_ce4ed4769c,U_e54700525d,SPEND,-1542.83,REST,16074.32,2024-11-22T08:00:00,QR
WAL_73b05a3f75,U_e54700525d,SPEND,-1491.45,REST,14582.87,2024-11-24T18:00:00,QR
WAL_2f13e4d5c6,U_e54700525d,SPEND,-2418.41,REST,12164.46,2024-11-21T20:00:00,QR
WAL_4fe756b25b,U_9723f5b50f,LOAD,3013.39,AE,3013.39,2025-10-14T13:00:00,APP
WAL_d7d4c019b8,U_9723f5b50f,SPEND,-1276.51,AE,1736.88,2025-10-14T13:00:00,QR
WAL_a53a8df2d4,U_9723f5b50f,SPEND,-1693.19,AE,43.69,2025-10-13T08:00:00,QR
WAL_135ad271d9,U_9723f5b50f,SPEND,-1672.0,AE,-1628.31,2025-10-12T04:00:00,QR
WAL_d9d3fc6de4,U_9c3b0873f6,LOAD,20045.67,REST,20045.67,2024-10-05T05:00:00,APP
WAL_53bfb2b40a,U_9c3b0873f6,SPEND,-938.23,REST,19107.44,2024-10-05T05:00:00,QR
WAL_d583b976e4,U_9c3b0873f6,SPEND,-2097.32,REST,17010.12,2024-10-05T05:00:00,QR
WAL_c53b0e831a,U_9c3b0873f6,SPEND,-1815.8,REST,15194.32,2024-10-03T14:00:00,QR
WAL_34500142ee,U_9c3b0873f6,SPEND,-1528.12,REST,13666.2,2024-10-05T22:00:00,QR
WAL_7e60ad463d,U_9c3b0873f6,SPEND,-7167.92,REST,6498.28,2024-09-20T20:00:00,QR
WAL_57aeb21d6e,U_9c3b0873f6,SPEND,-1691.01,REST,4807.27,2024-10-02T18:00:00,QR
WAL_27b8ab5996,U_9c3b0873f6,SPEND,-2168.93,REST,2638.34,2024-10-02T08:00:00,QR
WAL_9359459bbb,U_9c3b0873f6,SPEND,-2708.19,REST,-69.85,2024-10-02T16:00:00,QR
WAL_5c873ea29a,U_9c3b0873f6,LOAD,4884.74,REST,4814.89,2024-10-02T14:00:00,APP
WAL_85f2281d39,U_9c3b0873f6,SPEND,-1935.52,REST,2879.37,2024-10-02T14:00:00,QR
WAL_21a7504b9d,U_9c3b0873f6,SPEND,-958.24,REST,1921.13,2024-09-20T19:00:00,QR
WAL_d2f86d75ce,U_9c3b0873f6,SPEND,-842.65,REST,1078.48,2024-10-03T18:00:00,QR
WAL_0e6f768a14,U_9c3b0873f6,SPEND,-1209.84,REST,-131.36,2024-09-21T12:00:00,QR
WAL_3ea2ac95b9,U_9c3b0873f6,LOAD,7490.88,REST,7359.51,2024-09-20T10:00:00,APP
WAL_d4c75131ed,U_9c3b0873f6,SPEND,-2144.1,REST,5215.41,2024-09-29T12:00:00,QR
WAL_81271140b7,U_9c3b0873f6,SPEND,-702.4,REST,4513.01,2024-10-02T22:00:00,QR
WAL_7e61d32236,U_9c3b0873f6,SPEND,-691.24,REST,3821.77,2024-09-22T05:00:00,QR
WAL_7f9e71880d,U_a66e613500,LOAD,7912.62,GB,7912.62,2026-02-23T16:00:00,APP
WAL_abcac49c35,U_a66e613500,SPEND,-2768.46,GB,5144.16,2026-02-23T16:00:00,QR
WAL_94496dcae5,U_a66e613500,SPEND,-2762.99,GB,2381.17,2026-03-01T03:00:00,QR
WAL_71483416be,U_a66e613500,SPEND,-1300.08,GB,1081.09,2026-03-07T17:00:00,QR
WAL_65f67c18eb,U_a66e613500,SPEND,-3927.88,GB,-2846.79,2026-02-22T22:00:00,QR
WAL_c62ec0b20f,U_a66e613500,LOAD,2357.07,GB,-489.72,2026-02-23T21:00:00,APP
WAL_53a452010e,U_a66e613500,SPEND,-2135.29,GB,-2625.01,2026-02-23T21:00:00,QR
WAL_6204e8103a,U_a66e613500,LOAD,7773.24,GB,5148.23,2026-02-19T16:00:00,APP
WAL_1021c94815,U_a66e613500,SPEND,-1562.26,GB,3585.97,2026-02-19T16:00:00,QR
WAL_ddcc64415f,U_a66e613500,SPEND,-1371.02,GB,2214.95,2026-03-04T01:00:00,QR
WAL_54b53a9a13,U_a66e613500,SPEND,-867.2,GB,1347.75,2026-03-03T17:00:00,QR
WAL_f132928d66,U_a66e613500,SPEND,-875.39,GB,472.36,2026-02-26T01:00:00,QR
WAL_7b0b9c3971,U_a66e613500,SPEND,-4229.61,GB,-3757.25,2026-03-02T13:00:00,QR
WAL_fc06ed7b7a,U_a66e613500,LOAD,16603.95,GB,16603.95,2025-06-21T05:00:00,APP
WAL_15ed30b718,U_a66e613500,SPEND,-870.67,GB,15733.28,2025-06-21T05:00:00,QR
WAL_eeb8634601,U_a66e613500,SPEND,-1975.3,GB,13757.98,2025-06-19T23:00:00,QR
WAL_15badc7e43,U_a66e613500,SPEND,-1726.54,GB,12031.44,2025-06-21T11:00:00,QR
WAL_151830e9b5,U_a66e613500,SPEND,-970.67,GB,11060.77,2025-06-21T22:00:00,QR
WAL_4e58e21fc6,U_a66e613500,SPEND,-1630.06,GB,9430.71,2025-06-21T05:00:00,QR
WAL_0e8fc2add9,U_a66e613500,SPEND,-720.44,GB,8710.27,2025-06-19T14:00:00,QR
WAL_4e18f04417,U_a66e613500,LOAD,20497.58,GB,20497.58,2025-02-20T04:00:00,APP
WAL_64f71ce7fd,U_a66e613500,SPEND,-1514.96,GB,18982.62,2025-02-20T04:00:00,QR
WAL_1086f1348c,U_a66e613500,SPEND,-1257.51,GB,17725.11,2025-02-25T12:00:00,QR
WAL_eed7c7775e,U_a66e613500,SPEND,-1688.35,GB,16036.76,2025-02-17T15:00:00,QR
WAL_9e255d75eb,U_a66e613500,SPEND,-1389.4,GB,14647.36,2025-02-17T22:00:00,QR
WAL_782f4df81d,U_a66e613500,SPEND,-2856.74,GB,11790.62,2025-02-20T01:00:00,QR
WAL_da3d2aeea7,U_a66e613500,SPEND,-718.94,GB,11071.68,2025-02-27T20:00:00,QR
WAL_54679adc01,U_a66e613500,SPEND,-1054.82,GB,10016.86,2025-02-16T14:00:00,QR
WAL_4941391083,U_a66e613500,SPEND,-1670.29,GB,8346.57,2025-02-23T04:00:00,QR
WAL_237e8f8466,U_a66e613500,SPEND,-1036.94,GB,7309.63,2025-02-24T11:00:00,QR
WAL_42ef83e93f,U_a66e613500,SPEND,-526.81,GB,6782.82,2025-02-19T13:00:00,QR
WAL_8d1fcd74f5,U_a66e613500,SPEND,-1099.73,GB,5683.09,2025-02-15T03:00:00,QR
WAL_bed835d5ee,U_a66e613500,SPEND,-632.57,GB,5050.52,2025-02-22T20:00:00,QR
WAL_b2014e9298,U_549f466225,LOAD,21403.26,BD,21403.26,2024-08-29T21:00:00,APP
WAL_fb83be1c36,U_549f466225,SPEND,-1791.45,BD,19611.81,2024-08-29T21:00:00,QR
WAL_66843a2533,U_549f466225,SPEND,-928.34,BD,18683.47,2024-08-26T14:00:00,QR
WAL_9f2e42c228,U_549f466225,LOAD,14336.22,BD,14336.22,2025-03-16T04:00:00,APP
WAL_6fb2ed62ab,U_549f466225,SPEND,-2743.1,BD,11593.12,2025-03-16T04:00:00,QR
WAL_517672bf88,U_549f466225,LOAD,13584.99,BD,13584.99,2025-05-16T11:00:00,APP
WAL_3452877884,U_549f466225,SPEND,-1105.33,BD,12479.66,2025-05-16T17:00:00,QR
WAL_f3568a8e8c,U_549f466225,SPEND,-2087.78,BD,10391.88,2025-05-18T08:00:00,QR
WAL_7036e6bb81,U_549f466225,SPEND,-1391.58,BD,9000.3,2025-05-20T01:00:00,QR
WAL_dc2074bc07,U_c430bf0952,LOAD,5630.78,AE,5630.78,2025-06-25T10:00:00,APP
WAL_723f6f4e3d,U_c430bf0952,SPEND,-3732.86,AE,1897.92,2025-06-25T02:00:00,QR
WAL_88dfcc9315,U_c430bf0952,SPEND,-1516.14,AE,381.78,2025-06-19T11:00:00,QR
WAL_576585a042,U_94727ccf00,LOAD,20352.44,AU,20352.44,2026-06-04T16:00:00,APP
WAL_6fc93f5350,U_94727ccf00,SPEND,-313.28,AU,20039.16,2026-06-04T16:00:00,QR
WAL_a564547e33,U_94727ccf00,SPEND,-1721.73,AU,18317.43,2026-06-06T21:00:00,QR
WAL_24d7e0fdb0,U_94727ccf00,SPEND,-2984.97,AU,15332.46,2026-06-06T15:00:00,QR
WAL_a6536b784e,U_94727ccf00,SPEND,-712.14,AU,14620.32,2026-06-04T10:00:00,QR
WAL_a02c42e65e,U_94727ccf00,LOAD,18963.51,AU,18963.51,2025-07-28T18:00:00,APP
WAL_211337e83b,U_94727ccf00,SPEND,-402.15,AU,18561.36,2025-07-28T18:00:00,QR
WAL_01ea890963,U_94727ccf00,SPEND,-1701.37,AU,16859.99,2025-07-28T04:00:00,QR
WAL_2ae0f25d68,U_94727ccf00,SPEND,-871.2,AU,15988.79,2025-07-26T07:00:00,QR
WAL_e311a776c5,U_94727ccf00,SPEND,-2085.07,AU,13903.72,2025-07-26T10:00:00,QR
WAL_0ebc0763f4,U_629c988b15,LOAD,5714.05,US,5714.05,2025-10-16T12:00:00,APP
WAL_09a884c6a9,U_629c988b15,SPEND,-1399.93,US,4314.12,2025-10-16T12:00:00,QR
WAL_52f5fb7d63,U_629c988b15,SPEND,-4632.99,US,-318.87,2025-10-16T01:00:00,QR
WAL_62ee663262,U_ad5b2f86b1,LOAD,5229.87,LK,5229.87,2025-05-17T00:00:00,APP
WAL_f470868dad,U_ad5b2f86b1,SPEND,-2158.76,LK,3071.11,2025-05-17T03:00:00,QR
WAL_893a4e367a,U_ad5b2f86b1,SPEND,-2574.04,LK,497.07,2025-05-17T11:00:00,QR
WAL_ac6a7265fb,U_ad5b2f86b1,SPEND,-1010.38,LK,-513.31,2025-05-17T17:00:00,QR
WAL_57d6de68a2,U_ad5b2f86b1,LOAD,3414.99,LK,2901.68,2025-05-17T09:00:00,APP
WAL_70d0bec336,U_ad5b2f86b1,SPEND,-4715.09,LK,-1813.41,2025-05-17T09:00:00,QR
WAL_e90bbb02bc,U_ad5b2f86b1,LOAD,3124.0,LK,3124.0,2025-08-15T04:00:00,APP
WAL_c28a89eefd,U_ad5b2f86b1,SPEND,-1200.43,LK,1923.57,2025-08-15T04:00:00,QR
WAL_367c059ff2,U_ad5b2f86b1,SPEND,-2863.44,LK,-939.87,2025-08-20T11:00:00,QR
WAL_446264898c,U_ad5b2f86b1,LOAD,3902.98,LK,2963.11,2025-08-15T09:00:00,APP
WAL_c8116f68a2,U_ad5b2f86b1,SPEND,-1362.52,LK,1600.59,2025-08-15T09:00:00,QR
WAL_63f2588dda,U_ad5b2f86b1,SPEND,-2163.82,LK,-563.23,2025-08-21T16:00:00,QR
WAL_3c9eb4de0e,U_ad5b2f86b1,LOAD,17539.12,LK,16975.9,2025-08-21T07:00:00,APP
WAL_6c641201b3,U_ad5b2f86b1,SPEND,-1607.77,LK,15368.13,2025-08-21T07:00:00,QR
WAL_ce1d507c61,U_3c5cbdefc9,LOAD,5340.91,US,5340.91,2025-04-17T20:00:00,APP
WAL_c301cf331d,U_3c5cbdefc9,SPEND,-1649.03,US,3691.88,2025-04-17T20:00:00,QR
WAL_4a4df666dc,U_3c5cbdefc9,SPEND,-2304.44,US,1387.44,2025-04-19T09:00:00,QR
WAL_06ac1e06ad,U_3c5cbdefc9,SPEND,-1186.07,US,201.37,2025-04-19T22:00:00,QR
WAL_ef693d6e36,U_3c5cbdefc9,SPEND,-708.86,US,-507.49,2025-04-21T18:00:00,QR
WAL_4004649927,U_3c5cbdefc9,LOAD,4156.91,US,4156.91,2026-02-13T09:00:00,APP
WAL_90c541152f,U_3c5cbdefc9,SPEND,-2332.16,US,1824.75,2026-02-17T18:00:00,QR
WAL_f116a2f903,U_3c5cbdefc9,SPEND,-1319.36,US,505.39,2026-02-18T15:00:00,QR
WAL_c08a52f790,U_3c5cbdefc9,SPEND,-940.3,US,-434.91,2026-02-18T01:00:00,QR
WAL_8ae1192a37,U_3c5cbdefc9,LOAD,4838.09,US,4403.18,2026-02-16T11:00:00,APP
WAL_c5b7daff5e,U_3c5cbdefc9,LOAD,17626.2,US,17626.2,2026-04-12T10:00:00,APP
WAL_62553b691d,U_3c5cbdefc9,SPEND,-1762.32,US,15863.88,2026-04-06T01:00:00,QR
WAL_115a1ea5e1,U_3c5cbdefc9,SPEND,-2094.75,US,13769.13,2026-04-15T08:00:00,QR
WAL_083c768270,U_3c5cbdefc9,SPEND,-1399.58,US,12369.55,2026-03-30T01:00:00,QR
WAL_4149ca40cb,U_3c5cbdefc9,SPEND,-874.8,US,11494.75,2026-04-10T22:00:00,QR
WAL_e5f8d21345,U_3c5cbdefc9,SPEND,-2189.98,US,9304.77,2026-04-08T19:00:00,QR
WAL_6d345fb24e,U_3c5cbdefc9,SPEND,-1709.47,US,7595.3,2026-04-03T14:00:00,QR
WAL_362de8f714,U_3c5cbdefc9,SPEND,-1222.08,US,6373.22,2026-03-30T00:00:00,QR
WAL_0f3dcc6192,U_3c5cbdefc9,SPEND,-1456.27,US,4916.95,2026-04-07T09:00:00,QR
WAL_7f8d7cf7a4,U_3c5cbdefc9,SPEND,-1131.05,US,3785.9,2026-04-05T12:00:00,QR
WAL_5e350989d9,U_3c5cbdefc9,SPEND,-3284.57,US,501.33,2026-04-01T13:00:00,QR
WAL_6aa0845c60,U_d6a66043b9,LOAD,17285.55,NP,17285.55,2025-01-05T23:00:00,APP
WAL_3e9dafb0d4,U_d6a66043b9,SPEND,-2845.97,NP,14439.58,2025-01-05T23:00:00,QR
WAL_8f5051116e,U_d6a66043b9,SPEND,-1095.38,NP,13344.2,2024-12-31T13:00:00,QR
WAL_4c4c99538f,U_d6a66043b9,SPEND,-4192.86,NP,9151.34,2024-12-28T09:00:00,QR
WAL_4637a4c8e2,U_d6a66043b9,SPEND,-3541.69,NP,5609.65,2025-01-07T07:00:00,QR
WAL_37fcaa4fa3,U_d6a66043b9,SPEND,-4566.3,NP,1043.35,2025-01-06T00:00:00,QR
WAL_3a53720f2b,U_d6a66043b9,LOAD,16812.49,NP,16812.49,2025-10-04T21:00:00,APP
WAL_c8422d49c7,U_d6a66043b9,SPEND,-2009.88,NP,14802.61,2025-10-02T17:00:00,QR
WAL_0183406ef9,U_b34de71685,LOAD,5464.77,BD,5464.77,2026-07-14T09:00:00,APP
WAL_6a8560b034,U_b34de71685,SPEND,-498.5,BD,4966.27,2026-07-14T09:00:00,QR
WAL_2a23332bb5,U_b34de71685,SPEND,-2199.02,BD,2767.25,2026-07-09T23:00:00,QR
WAL_67fbf4ed68,U_b34de71685,SPEND,-2365.45,BD,401.8,2026-07-12T15:00:00,QR
WAL_1cfb0d3bc7,U_b34de71685,SPEND,-1446.9,BD,-1045.1,2026-07-09T19:00:00,QR
WAL_ff5614ebdc,U_b34de71685,LOAD,4194.81,BD,3149.7,2026-07-04T04:00:00,APP
WAL_0fd912ec4f,U_b34de71685,SPEND,-2621.22,BD,528.48,2026-07-04T04:00:00,QR
WAL_900bead35e,U_b34de71685,LOAD,8162.48,BD,8162.48,2025-09-13T15:00:00,APP
WAL_ba5b449e3c,U_b34de71685,SPEND,-946.02,BD,7216.46,2025-09-13T15:00:00,QR
WAL_63317b89f8,U_b34de71685,SPEND,-2400.7,BD,4815.76,2025-09-12T15:00:00,QR
WAL_8d1497921c,U_b34de71685,SPEND,-783.06,BD,4032.7,2025-09-11T09:00:00,QR
WAL_76194c2161,U_b34de71685,SPEND,-2552.89,BD,1479.81,2025-09-14T01:00:00,QR
WAL_206ef751e3,U_b34de71685,SPEND,-2987.65,BD,-1507.84,2025-09-14T23:00:00,QR
WAL_bf5c816a76,U_b34de71685,LOAD,24231.05,BD,24231.05,2025-06-28T06:00:00,APP
WAL_3e33f994fd,U_b34de71685,SPEND,-2765.64,BD,21465.41,2025-06-29T13:00:00,QR
WAL_b59510c264,U_b34de71685,SPEND,-1608.51,BD,19856.9,2025-06-28T02:00:00,QR
WAL_a21c037ee0,U_b34de71685,SPEND,-1068.36,BD,18788.54,2025-06-20T18:00:00,QR
WAL_eb4b2397c7,U_b34de71685,SPEND,-2034.45,BD,16754.09,2025-06-27T19:00:00,QR
WAL_974c6534a3,U_b34de71685,SPEND,-1225.52,BD,15528.57,2025-06-21T19:00:00,QR
WAL_fd9abe8889,U_b34de71685,SPEND,-3513.76,BD,12014.81,2025-06-22T02:00:00,QR
WAL_304eaf8f5f,U_b34de71685,SPEND,-1032.96,BD,10981.85,2025-06-26T08:00:00,QR
WAL_fae1b13442,U_b34de71685,SPEND,-3589.53,BD,7392.32,2025-06-15T19:00:00,QR
WAL_8dd8daf19a,U_b18088c750,LOAD,24998.94,US,24998.94,2025-04-12T10:00:00,APP
WAL_0f03647d12,U_b18088c750,SPEND,-1782.42,US,23216.52,2025-04-12T10:00:00,QR
WAL_4bfa60e41b,U_b18088c750,SPEND,-869.96,US,22346.56,2025-04-11T09:00:00,QR
WAL_65bd5305ff,U_b18088c750,SPEND,-889.89,US,21456.67,2025-04-08T09:00:00,QR
WAL_7e2bf5441b,U_b18088c750,SPEND,-2013.04,US,19443.63,2025-04-08T00:00:00,QR
WAL_98e19af7bb,U_b18088c750,SPEND,-1037.17,US,18406.46,2025-04-15T11:00:00,QR
WAL_c9fb3c0c9d,U_b18088c750,SPEND,-2773.37,US,15633.09,2025-04-13T01:00:00,QR
WAL_797b04b948,U_b18088c750,SPEND,-1115.41,US,14517.68,2025-04-10T22:00:00,QR
WAL_a153784c81,U_b18088c750,SPEND,-2647.68,US,11870.0,2025-04-08T16:00:00,QR
WAL_7012f5e58c,U_b18088c750,SPEND,-1105.11,US,10764.89,2025-04-15T00:00:00,QR
WAL_f2bcb7cfb9,U_b18088c750,SPEND,-2301.61,US,8463.28,2025-04-16T21:00:00,QR
WAL_e3ad45774c,U_b18088c750,SPEND,-1228.57,US,7234.71,2025-04-08T06:00:00,QR
WAL_3277d9d1cb,U_ac44155d12,LOAD,18703.97,US,18703.97,2025-09-29T06:00:00,APP
WAL_f4f77a5f8f,U_ac44155d12,SPEND,-2536.23,US,16167.74,2025-09-29T06:00:00,QR
WAL_50623674ba,U_ac44155d12,SPEND,-1274.81,US,14892.93,2025-09-19T16:00:00,QR
WAL_605295a60d,U_ac44155d12,SPEND,-2770.03,US,12122.9,2025-09-20T17:00:00,QR
WAL_b0bae91bcc,U_ac44155d12,SPEND,-2417.44,US,9705.46,2025-09-24T17:00:00,QR
WAL_c91cf9e257,U_ac44155d12,SPEND,-691.49,US,9013.97,2025-09-23T06:00:00,QR
WAL_3e609f189d,U_ac44155d12,SPEND,-1551.63,US,7462.34,2025-09-24T01:00:00,QR
WAL_31382a1e44,U_ac44155d12,SPEND,-574.98,US,6887.36,2025-09-29T23:00:00,QR
WAL_86edd34850,U_ac44155d12,SPEND,-4315.04,US,2572.32,2025-09-18T17:00:00,QR
WAL_8a8a17044b,U_ac44155d12,SPEND,-1699.69,US,872.63,2025-09-17T02:00:00,QR
WAL_f99161b58c,U_ac44155d12,SPEND,-2456.13,US,-1583.5,2025-09-27T16:00:00,QR
WAL_2759e4714e,U_ac44155d12,LOAD,8499.5,US,6916.0,2025-09-17T02:00:00,APP
WAL_86924f7802,U_549434fb1f,LOAD,20653.04,SG,20653.04,2025-12-19T19:00:00,APP
WAL_3fd9279cb6,U_549434fb1f,SPEND,-2312.17,SG,18340.87,2025-12-19T19:00:00,QR
WAL_137be7d651,U_549434fb1f,SPEND,-2226.92,SG,16113.95,2025-12-19T16:00:00,QR
WAL_99b5b88771,U_549434fb1f,SPEND,-623.45,SG,15490.5,2025-12-18T05:00:00,QR
WAL_b8e449fe03,U_549434fb1f,SPEND,-985.7,SG,14504.8,2025-12-19T00:00:00,QR
WAL_7023ddc177,U_baf505f304,LOAD,5719.5,US,5719.5,2025-06-11T04:00:00,APP
WAL_8aee6b78a8,U_baf505f304,SPEND,-1084.03,US,4635.47,2025-06-10T04:00:00,QR
WAL_39b4e9d798,U_baf505f304,SPEND,-714.23,US,3921.24,2025-06-09T15:00:00,QR
WAL_f02445928f,U_baf505f304,SPEND,-1772.51,US,2148.73,2025-06-11T08:00:00,QR
WAL_f486a7641f,U_baf505f304,SPEND,-1057.73,US,1091.0,2025-06-09T03:00:00,QR
WAL_9ea6452698,U_baf505f304,SPEND,-2932.91,US,-1841.91,2025-06-12T06:00:00,QR
WAL_8b15ac7727,U_baf505f304,LOAD,10812.85,US,8970.94,2025-06-09T05:00:00,APP
WAL_caefc1660d,U_baf505f304,SPEND,-2556.06,US,6414.88,2025-06-10T05:00:00,QR
WAL_73147e1547,U_baf505f304,SPEND,-2163.08,US,4251.8,2025-06-12T18:00:00,QR
WAL_4d00c541e7,U_baf505f304,LOAD,20236.17,US,20236.17,2025-06-14T13:00:00,APP
WAL_c2539946d8,U_baf505f304,SPEND,-2893.48,US,17342.69,2025-06-14T13:00:00,QR
WAL_41eeee0123,U_baf505f304,SPEND,-1265.13,US,16077.56,2025-06-09T16:00:00,QR
WAL_de52600cc8,U_baf505f304,SPEND,-1143.82,US,14933.74,2025-06-25T08:00:00,QR
WAL_38f93eecea,U_baf505f304,SPEND,-2780.05,US,12153.69,2025-06-10T05:00:00,QR
WAL_ea65bb682d,U_baf505f304,SPEND,-1699.66,US,10454.03,2025-06-25T07:00:00,QR
WAL_c0195c4085,U_baf505f304,SPEND,-1236.09,US,9217.94,2025-06-25T20:00:00,QR
WAL_6377c089d7,U_9c16219134,LOAD,23649.18,FR,23649.18,2024-12-23T13:00:00,APP
WAL_0e62a9e26b,U_9c16219134,SPEND,-2248.85,FR,21400.33,2024-12-23T13:00:00,QR
WAL_885ac21b96,U_9c16219134,SPEND,-1540.8,FR,19859.53,2024-12-15T04:00:00,QR
WAL_33769befc3,U_9c16219134,SPEND,-1889.52,FR,17970.01,2024-12-05T17:00:00,QR
WAL_c7105d40f3,U_9c16219134,LOAD,14866.01,FR,14866.01,2026-07-15T09:00:00,APP
WAL_12294251f5,U_9c16219134,SPEND,-2597.35,FR,12268.66,2026-07-15T09:00:00,QR
WAL_a9fb46c224,U_9c16219134,SPEND,-929.57,FR,11339.09,2026-07-07T21:00:00,QR
WAL_c2e77ce1e1,U_9c16219134,SPEND,-2359.15,FR,8979.94,2026-07-13T16:00:00,QR
WAL_334992a290,U_9c16219134,SPEND,-1315.2,FR,7664.74,2026-07-16T07:00:00,QR
WAL_c00a3cdc00,U_9c16219134,SPEND,-3509.47,FR,4155.27,2026-07-20T13:00:00,QR
WAL_67b508235b,U_9c16219134,LOAD,24773.08,FR,24773.08,2026-06-02T15:00:00,APP
WAL_6b96aa29bc,U_9c16219134,SPEND,-2183.71,FR,22589.37,2026-06-02T15:00:00,QR
WAL_0664caac98,U_9c16219134,SPEND,-2580.45,FR,20008.92,2026-05-27T07:00:00,QR
WAL_0d1b9d19ee,U_9c16219134,SPEND,-2474.14,FR,17534.78,2026-06-05T11:00:00,QR
WAL_6f901fff1c,U_9c16219134,SPEND,-1624.68,FR,15910.1,2026-05-28T20:00:00,QR
WAL_8d2df8573f,U_9c16219134,SPEND,-1637.1,FR,14273.0,2026-06-06T02:00:00,QR
WAL_7344bb5d2a,U_9c16219134,SPEND,-2220.8,FR,12052.2,2026-05-22T19:00:00,QR
WAL_f75e9f3ed2,U_9c16219134,SPEND,-3793.98,FR,8258.22,2026-06-05T07:00:00,QR
WAL_41732fccce,U_9c16219134,SPEND,-2273.37,FR,5984.85,2026-06-05T20:00:00,QR
